Date,DGS3MO,VIXCLS,T10Y3M,BAMLH0A0HYM2,DCOILBRENTEU
2008-01-03,3.24,22.49,0.67,,98.45
2008-01-04,3.2,23.94,0.68,,96.87
2008-01-07,3.27,23.79,0.59,,94.19
2008-01-08,3.25,25.43,0.61,,96.37
2008-01-09,3.22,24.12,0.6,,96.76
2008-01-10,3.24,23.45,0.67,,92.8
2008-01-11,3.09,23.68,0.73,,91.86
2008-01-14,3.19,22.9,0.62,,92.58
2008-01-15,3.17,23.34,0.55,,90.87
2008-01-16,3.14,24.38,0.6,,88.1
2008-01-17,3.07,28.46,0.59,,88.96
2008-01-18,2.86,27.18,0.8,,89.66
2008-01-22,2.35,31.01,1.17,,88.11
2008-01-23,2.21,29.02,1.3,,87.06
2008-01-24,2.37,27.78,1.31,,87.69
2008-01-25,2.3,29.08,1.31,,90.96
2008-01-28,2.34,27.78,1.27,,90.91
2008-01-29,2.28,27.32,1.41,,92.49
2008-01-30,2.21,27.62,1.57,,92.46
2008-01-31,1.96,26.2,1.71,,91.58
2008-02-01,2.1,24.02,1.52,,91.41
2008-02-04,2.27,25.99,1.41,,91.09
2008-02-05,2.19,28.24,1.42,,89.6
2008-02-06,2.1,28.97,1.51,,88.73
2008-02-07,2.17,27.66,1.57,,88.55
2008-02-08,2.23,28.01,1.41,,91.45
2008-02-11,2.31,27.6,1.31,,93.93
2008-02-12,2.31,26.33,1.35,,94.28
2008-02-13,2.28,24.88,1.42,,93.82
2008-02-14,2.31,25.54,1.54,,95.92
2008-02-15,2.21,25.02,1.55,,96.96
2008-02-19,2.28,25.59,1.61,,97.03
2008-02-20,2.25,24.4,1.68,,97.88
2008-02-21,2.2,25.12,1.57,,97.52
2008-02-22,2.2,24.06,1.59,,96.07
2008-02-25,2.2,23.03,1.71,,97.43
2008-02-26,2.14,21.9,1.74,,99.05
2008-02-27,1.98,22.69,1.87,,98.28
2008-02-28,1.9,23.53,1.81,,99.83
2008-02-29,1.85,26.54,1.68,,100.9
2008-03-03,1.7,26.28,1.84,,101.83
2008-03-04,1.66,25.52,1.97,,98.6
2008-03-05,1.53,24.6,2.17,,100.95
2008-03-06,1.39,27.55,2.23,,103.47
2008-03-07,1.45,27.49,2.11,,104.66
2008-03-10,1.35,29.38,2.11,,105.33
2008-03-11,1.48,26.36,2.12,,106.78
2008-03-12,1.48,27.22,2.01,,107.99
2008-03-13,1.35,27.29,2.21,,109.18
2008-03-14,1.18,31.16,2.26,,109.16
2008-03-17,1.11,32.24,2.23,,104.41
2008-03-18,0.92,25.79,2.56,,105.35
2008-03-19,0.61,29.84,2.77,,102.65
2008-03-20,0.63,26.62,2.71,,99.78
2008-03-24,1.24,25.73,2.32,,100.93
2008-03-25,1.29,25.72,2.22,,99.91
2008-03-26,1.29,26.08,2.22,,102.83
2008-03-27,1.3,25.88,2.26,,103.89
2008-03-28,1.33,25.71,2.14,,102.68
2008-03-31,1.38,25.61,2.07,,102.33
2008-04-01,1.4,22.68,2.17,,98.69
2008-04-02,1.41,23.43,2.19,,98.85
2008-04-03,1.4,23.21,2.21,,102.31
2008-04-04,1.35,22.45,2.15,,102.21
2008-04-07,1.45,22.42,2.12,,105.98
2008-04-08,1.41,22.36,2.17,,105.05
2008-04-09,1.31,22.81,2.18,,107.46
2008-04-10,1.27,21.98,2.28,,107.37
2008-04-11,1.19,23.46,2.3,,107.15
2008-04-14,1.08,23.82,2.45,,108.32
2008-04-15,1.1,22.78,2.5,,110.84
2008-04-16,1.12,20.53,2.6,,110.95
2008-04-17,1.23,20.37,2.52,,111.34
2008-04-18,1.35,20.13,2.42,,110.67
2008-04-21,1.34,20.5,2.41,,111.35
2008-04-22,1.27,20.87,2.47,,113.54
2008-04-23,1.26,20.26,2.51,,115.34
2008-04-24,1.26,20.06,2.61,,114.85
2008-04-25,1.34,19.59,2.57,,116.62
2008-04-28,1.43,19.64,2.43,,115.7
2008-04-29,1.46,20.24,2.39,,113.86
2008-04-30,1.43,20.79,2.34,,111.12
2008-05-01,1.45,18.88,2.33,,107.3
2008-05-02,1.5,18.18,2.39,,111.92
2008-05-05,1.53,18.9,2.35,,115.68
2008-05-06,1.63,18.21,2.3,,119.88
2008-05-07,1.67,19.73,2.2,,120.27
2008-05-08,1.66,19.4,2.13,,119.85
2008-05-09,1.69,19.41,2.08,,123.54
2008-05-12,1.77,17.79,2.01,,122.89
2008-05-13,1.83,17.98,2.07,,123.11
2008-05-14,1.82,17.66,2.1,,121.18
2008-05-15,1.83,16.3,2.0,,122.76
2008-05-16,1.84,16.47,2.01,,122.98
2008-05-19,1.82,17.01,2.01,,122.19
2008-05-20,1.86,17.58,1.92,,124.12
2008-05-21,1.86,18.59,1.95,,127.28
2008-05-22,1.86,18.05,2.06,,129.04
2008-05-23,1.86,19.55,1.99,,129.72
2008-05-27,1.89,19.64,2.04,,128.92
2008-05-28,1.89,19.07,2.14,,128.93
2008-05-29,1.9,18.14,2.18,,129.33
2008-05-30,1.89,17.83,2.17,,127.85
2008-06-02,1.85,19.83,2.13,,128.5
2008-06-03,1.85,20.24,2.07,,126.28
2008-06-04,1.84,20.8,2.14,,121.72
2008-06-05,1.85,18.63,2.21,,122.36
2008-06-06,1.85,23.56,2.09,,132.81
2008-06-09,1.89,23.12,2.13,,134.43
2008-06-10,2.02,23.18,2.09,,135.24
2008-06-11,1.96,24.12,2.14,,134.52
2008-06-12,2.0,23.33,2.23,,132.11
2008-06-13,1.99,21.22,2.28,,134.29
2008-06-16,2.07,20.95,2.18,,133.9
2008-06-17,1.99,21.13,2.24,,131.27
2008-06-18,1.93,22.24,2.23,,129.12
2008-06-19,1.91,21.58,2.31,,131.84
2008-06-20,1.87,22.87,2.29,,134.28
2008-06-23,1.87,22.64,2.32,,134.54
2008-06-24,1.83,22.42,2.27,,135.37
2008-06-25,1.81,21.14,2.31,,131.59
2008-06-26,1.74,23.93,2.33,,136.82
2008-06-27,1.68,23.44,2.31,,139.38
2008-06-30,1.9,23.95,2.09,,138.4
2008-07-01,1.87,23.65,2.14,,140.67
2008-07-02,1.82,25.92,2.17,,141.24
2008-07-03,1.84,24.79,2.15,,143.95
2008-07-07,1.87,25.78,2.08,,139.62
2008-07-08,1.86,23.15,2.05,,134.15
2008-07-09,1.82,25.23,2.03,,133.91
2008-07-10,1.67,25.59,2.16,,135.81
2008-07-11,1.62,27.49,2.34,,143.68
2008-07-14,1.52,28.48,2.38,,142.43
2008-07-15,1.39,28.54,2.48,,136.02
2008-07-16,1.37,25.1,2.6,,133.31
2008-07-17,1.43,25.01,2.64,,134.16
2008-07-18,1.48,24.05,2.63,,129.34
2008-07-21,1.48,23.05,2.61,,129.34
2008-07-22,1.55,21.18,2.59,,127.18
2008-07-23,1.59,21.31,2.57,,126.86
2008-07-24,1.65,23.44,2.38,,125.43
2008-07-25,1.75,22.91,2.38,,124.7
2008-07-28,1.73,24.23,2.33,,125.67
2008-07-29,1.72,22.03,2.37,,125.77
2008-07-30,1.7,21.21,2.37,,122.46
2008-07-31,1.68,22.94,2.31,,124.1
2008-08-01,1.66,22.57,2.31,,124.16
2008-08-04,1.75,23.49,2.23,,121.87
2008-08-05,1.75,21.14,2.29,,116.5
2008-08-06,1.64,20.23,2.42,,114.47
2008-08-07,1.66,21.15,2.26,,116.94
2008-08-08,1.7,20.66,2.24,,113.03
2008-08-11,1.87,20.12,2.12,,110.54
2008-08-12,1.86,21.17,2.05,,108.98
2008-08-13,1.85,21.55,2.09,,110.68
2008-08-14,1.89,20.34,2.0,,111.82
2008-08-15,1.85,19.58,1.99,,108.8
2008-08-18,1.82,20.98,2.0,,109.33
2008-08-19,1.8,21.28,2.03,,109.02
2008-08-20,1.71,20.42,2.08,,108.72
2008-08-21,1.72,19.82,2.12,,117.24
2008-08-22,1.7,18.81,2.17,,113.99
2008-08-25,1.74,20.97,2.05,,109.74
2008-08-26,1.71,20.49,2.08,,112.2
2008-08-27,1.67,19.76,2.1,,113.05
2008-08-28,1.74,19.43,2.05,,113.54
2008-08-29,1.72,20.65,2.11,,113.49
2008-09-02,1.72,21.99,2.02,,104.94
2008-09-03,1.7,21.43,2.01,,103.88
2008-09-04,1.69,24.03,1.95,,103.41
2008-09-05,1.68,23.06,1.98,,102.51
2008-09-08,1.71,22.64,1.95,,101.08
2008-09-09,1.66,25.47,1.96,,98.94
2008-09-10,1.65,24.52,2.0,,96.0
2008-09-11,1.61,24.39,2.03,,96.01
2008-09-12,1.49,25.66,2.25,,94.37
2008-09-15,1.02,31.7,2.45,,90.45
2008-09-16,0.84,30.3,2.64,,85.85
2008-09-17,0.03,36.22,3.38,,86.09
2008-09-18,0.23,33.1,3.31,,90.89
2008-09-19,0.99,32.07,2.79,,93.46
2008-09-22,1.28,33.85,2.55,,100.43
2008-09-23,0.8,35.72,3.05,,100.72
2008-09-24,0.49,35.19,3.31,,102.09
2008-09-25,0.76,32.82,3.12,,100.45
2008-09-26,0.87,34.74,2.98,,100.88
2008-09-29,0.94,46.72,2.67,,95.96
2008-09-30,0.92,39.39,2.93,,93.52
2008-10-01,0.85,39.81,2.92,,92.19
2008-10-02,0.63,45.26,3.03,,88.88
2008-10-03,0.51,45.14,3.12,,88.95
2008-10-06,0.54,52.05,2.94,,84.71
2008-10-07,0.82,53.68,2.68,,83.17
2008-10-08,0.68,57.53,3.04,,80.77
2008-10-09,0.6,63.92,3.24,,81.65
2008-10-10,0.25,69.95,3.64,,74.58
2008-10-13,0.25,54.99,3.64,,74.37
2008-10-14,0.34,55.13,3.74,,74.98
2008-10-15,0.22,69.25,3.82,,66.86
2008-10-16,0.46,67.61,3.53,,64.14
2008-10-17,0.83,70.33,3.15,,66.05
2008-10-20,1.24,52.97,2.67,,67.45
2008-10-21,1.1,53.11,2.66,,65.99
2008-10-22,1.05,69.65,2.6,,62.95
2008-10-23,0.98,67.8,2.65,,65.06
2008-10-24,0.89,79.13,2.87,,60.57
2008-10-27,0.84,80.06,2.95,,59.34
2008-10-28,0.77,66.96,3.12,,58.87
2008-10-29,0.62,69.96,3.31,,64.0
2008-10-30,0.41,62.9,3.59,,60.86
2008-10-31,0.46,59.89,3.55,,60.0
2008-11-03,0.49,53.68,3.47,,60.32
2008-11-04,0.48,47.73,3.33,,62.78
2008-11-05,0.4,54.56,3.33,,61.09
2008-11-06,0.32,63.68,3.43,,56.14
2008-11-07,0.31,56.1,3.52,,56.84
2008-11-10,0.29,59.98,3.53,,57.08
2008-11-11,0.29,61.44,3.53,,54.76
2008-11-12,0.18,66.46,3.57,,52.47
2008-11-13,0.22,59.83,3.62,,51.32
2008-11-14,0.15,66.31,3.57,,50.7
2008-11-17,0.12,69.15,3.56,,50.82
2008-11-18,0.12,67.64,3.41,,49.1
2008-11-19,0.07,74.26,3.31,,48.35
2008-11-20,0.03,80.86,3.07,,45.79
2008-11-21,0.02,72.67,3.18,,44.91
2008-11-24,0.13,64.7,3.22,,49.51
2008-11-25,0.1,60.9,3.01,,47.51
2008-11-26,0.05,54.92,2.94,,49.39
2008-11-28,0.01,55.84,2.92,,47.72
2008-12-01,0.07,68.51,2.65,,47.58
2008-12-02,0.06,62.98,2.62,,45.64
2008-12-03,0.02,60.72,2.65,,44.39
2008-12-04,0.02,63.64,2.53,,43.83
2008-12-05,0.02,59.93,2.65,,37.04
2008-12-08,0.03,58.49,2.74,,40.02
2008-12-09,0.03,58.91,2.64,,39.77
2008-12-10,0.0,55.73,2.69,,39.34
2008-12-11,0.01,55.78,2.63,,43.54
2008-12-12,0.02,54.28,2.58,,42.38
2008-12-15,0.03,56.76,2.5,,45.02
2008-12-16,0.04,52.37,2.33,,42.0
2008-12-17,0.05,49.84,2.15,,41.84
2008-12-18,0.0,47.34,2.08,,40.19
2008-12-19,0.02,44.93,2.11,,39.52
2008-12-22,0.01,44.56,2.15,,38.08
2008-12-23,0.02,45.02,2.16,,35.27
2008-12-24,0.0,44.21,2.2,,34.45
2008-12-26,0.03,43.38,2.13,,33.73
2008-12-29,0.06,43.9,2.07,,34.16
2008-12-30,0.1,41.63,2.01,,35.22
2008-12-31,0.11,40.0,2.14,,35.82
2009-01-02,0.08,39.19,2.38,,42.94
2009-01-05,0.14,39.08,2.35,,45.84
2009-01-06,0.14,38.56,2.37,,48.89
2009-01-07,0.11,43.39,2.41,,46.23
2009-01-08,0.09,42.56,2.38,,42.94
2009-01-09,0.07,42.82,2.36,,42.34
2009-01-12,0.12,45.84,2.22,,40.86
2009-01-13,0.11,43.27,2.22,,43.05
2009-01-14,0.12,49.14,2.12,,42.27
2009-01-15,0.11,51.0,2.12,,42.32
2009-01-16,0.12,46.11,2.24,,43.42
2009-01-20,0.13,56.65,2.27,,41.22
2009-01-21,0.11,46.42,2.45,,39.9
2009-01-22,0.1,47.29,2.52,,42.42
2009-01-23,0.11,47.27,2.54,,43.13
2009-01-26,0.14,45.69,2.56,,48.0
2009-01-27,0.13,42.25,2.46,,42.86
2009-01-28,0.19,39.66,2.52,,42.86
2009-01-29,0.23,42.63,2.64,,43.13
2009-01-30,0.24,44.84,2.63,,44.17
2009-02-02,0.27,45.52,2.49,,42.96
2009-02-03,0.32,43.06,2.57,,43.15
2009-02-04,0.3,43.85,2.65,,43.68
2009-02-05,0.29,43.73,2.66,,43.92
2009-02-06,0.28,43.37,2.77,,44.49
2009-02-09,0.32,43.64,2.75,,47.23
2009-02-10,0.31,46.67,2.59,,45.88
2009-02-11,0.3,44.53,2.48,,44.24
2009-02-12,0.29,41.25,2.46,,47.23
2009-02-13,0.29,42.93,2.6,,43.36
2009-02-17,0.32,48.66,2.32,,39.69
2009-02-18,0.31,48.46,2.43,,39.41
2009-02-19,0.3,47.08,2.55,,42.36
2009-02-20,0.27,49.3,2.51,,42.19
2009-02-23,0.29,52.62,2.49,,41.27
2009-02-24,0.32,45.49,2.48,,40.18
2009-02-25,0.3,44.67,2.65,,42.37
2009-02-26,0.27,44.66,2.71,,45.15
2009-02-27,0.26,46.35,2.76,,44.41
2009-03-02,0.28,52.65,2.63,,42.6
2009-03-03,0.27,50.93,2.66,,42.72
2009-03-04,0.26,47.56,2.75,,46.07
2009-03-05,0.2,50.17,2.63,,44.45
2009-03-06,0.21,49.33,2.62,,43.48
2009-03-09,0.23,49.68,2.66,,44.55
2009-03-10,0.24,44.37,2.75,,44.99
2009-03-11,0.23,43.61,2.72,,43.2
2009-03-12,0.22,41.18,2.67,,42.19
2009-03-13,0.2,42.36,2.69,,44.97
2009-03-16,0.24,43.74,2.73,,44.12
2009-03-17,0.24,40.8,2.78,,45.53
2009-03-18,0.21,40.06,2.3,,45.22
2009-03-19,0.2,43.68,2.41,,48.03
2009-03-20,0.22,45.89,2.43,,49.27
2009-03-23,0.22,43.23,2.46,,51.84
2009-03-24,0.21,42.93,2.47,,51.32
2009-03-25,0.19,42.25,2.62,,51.46
2009-03-26,0.15,40.36,2.61,,51.89
2009-03-27,0.14,41.04,2.64,,50.81
2009-03-30,0.18,45.54,2.55,,49.05
2009-03-31,0.21,44.14,2.5,,46.13
2009-04-01,0.22,42.28,2.46,,45.92
2009-04-02,0.22,42.04,2.55,,50.89
2009-04-03,0.21,39.7,2.7,,50.48
2009-04-06,0.2,40.93,2.75,,50.91
2009-04-07,0.2,40.39,2.73,,50.62
2009-04-08,0.18,38.85,2.68,,52.06
2009-04-09,0.18,36.53,2.78,,52.33
2009-04-13,0.18,37.81,2.7,,50.73
2009-04-14,0.17,37.67,2.63,,52.06
2009-04-15,0.15,36.17,2.67,,51.31
2009-04-16,0.13,35.79,2.73,,51.83
2009-04-17,0.14,33.94,2.84,,52.02
2009-04-20,0.14,39.18,2.74,,49.06
2009-04-21,0.15,37.14,2.79,,48.69
2009-04-22,0.14,38.1,2.84,,48.5
2009-04-23,0.1,37.15,2.86,,48.29
2009-04-24,0.1,36.82,2.93,,50.29
2009-04-27,0.13,38.32,2.82,,48.67
2009-04-28,0.13,37.95,2.92,,48.64
2009-04-29,0.11,36.08,3.01,,50.22
2009-04-30,0.14,36.5,3.02,,50.3
2009-05-01,0.16,35.3,3.05,,51.75
2009-05-04,0.19,34.53,3.0,,53.26
2009-05-05,0.19,33.36,3.01,,53.16
2009-05-06,0.19,32.45,2.99,,55.07
2009-05-07,0.18,33.44,3.11,,56.63
2009-05-08,0.19,32.05,3.1,,56.02
2009-05-11,0.19,32.87,2.98,,55.99
2009-05-12,0.19,31.8,2.98,,56.52
2009-05-13,0.17,33.65,2.94,,56.84
2009-05-14,0.16,31.37,2.94,,56.25
2009-05-15,0.17,33.12,2.97,,56.33
2009-05-18,0.19,30.24,3.03,,56.51
2009-05-19,0.18,28.8,3.07,,57.12
2009-05-20,0.18,29.03,3.01,,59.1
2009-05-21,0.19,31.35,3.16,,58.02
2009-05-22,0.18,32.63,3.27,,58.7
2009-05-26,0.18,30.62,3.32,,59.05
2009-05-27,0.17,32.36,3.54,,61.28
2009-05-28,0.15,31.67,3.52,,63.47
2009-05-29,0.14,28.92,3.33,,64.98
2009-06-01,0.13,30.04,3.58,,66.6
2009-06-02,0.14,29.63,3.51,,67.67
2009-06-03,0.14,31.02,3.42,,66.15
2009-06-04,0.14,30.18,3.58,,67.68
2009-06-05,0.2,29.62,3.64,,67.77
2009-06-08,0.19,29.77,3.72,,67.61
2009-06-09,0.19,28.27,3.67,,68.94
2009-06-10,0.18,28.46,3.8,,70.52
2009-06-11,0.19,28.11,3.69,,71.71
2009-06-12,0.19,28.15,3.62,,70.62
2009-06-15,0.17,30.81,3.59,,68.49
2009-06-16,0.17,32.68,3.5,,70.52
2009-06-17,0.17,31.54,3.51,,68.95
2009-06-18,0.18,30.03,3.68,,69.96
2009-06-19,0.19,27.99,3.6,,70.48
2009-06-22,0.2,31.17,3.52,,66.13
2009-06-23,0.2,30.58,3.45,,66.36
2009-06-24,0.19,29.05,3.53,,68.47
2009-06-25,0.18,26.36,3.37,,68.82
2009-06-26,0.2,25.93,3.32,,68.1
2009-06-29,0.2,25.35,3.31,,69.75
2009-06-30,0.19,26.35,3.34,,68.11
2009-07-01,0.17,26.22,3.38,,68.52
2009-07-02,0.17,27.95,3.34,,65.74
2009-07-06,0.19,29.0,3.33,,63.12
2009-07-07,0.19,30.85,3.28,,61.54
2009-07-08,0.18,31.3,3.15,,59.71
2009-07-09,0.19,29.78,3.25,,59.17
2009-07-10,0.18,29.02,3.14,,58.43
2009-07-13,0.18,26.31,3.2,,58.25
2009-07-14,0.18,25.02,3.32,,60.48
2009-07-15,0.18,25.89,3.45,,61.25
2009-07-16,0.19,25.42,3.4,,62.02
2009-07-17,0.17,24.34,3.5,,63.54
2009-07-20,0.19,24.4,3.42,,64.64
2009-07-21,0.19,23.87,3.31,,65.93
2009-07-22,0.19,23.47,3.39,,65.36
2009-07-23,0.19,23.43,3.53,,68.06
2009-07-24,0.18,23.09,3.52,,68.82
2009-07-27,0.19,24.28,3.56,,69.78
2009-07-28,0.19,25.01,3.53,,68.53
2009-07-29,0.19,25.61,3.5,,65.79
2009-07-30,0.18,25.4,3.49,,68.82
2009-07-31,0.18,25.92,3.34,,70.08
2009-08-03,0.19,25.56,3.47,,72.9
2009-08-04,0.18,24.89,3.52,,73.82
2009-08-05,0.18,24.9,3.62,,74.39
2009-08-06,0.17,25.67,3.62,,74.61
2009-08-07,0.19,24.76,3.7,,74.21
2009-08-10,0.19,24.99,3.61,,73.79
2009-08-11,0.18,25.99,3.53,,71.58
2009-08-12,0.17,25.45,3.55,,74.03
2009-08-13,0.17,24.71,3.42,,73.76
2009-08-14,0.18,24.27,3.37,,71.33
2009-08-17,0.18,27.89,3.3,,68.65
2009-08-18,0.18,26.18,3.33,,68.66
2009-08-19,0.17,26.26,3.28,,72.81
2009-08-20,0.17,25.09,3.25,,73.75
2009-08-21,0.17,25.01,3.39,,73.71
2009-08-24,0.17,25.14,3.31,,74.34
2009-08-25,0.17,24.92,3.28,,73.1
2009-08-26,0.15,24.95,3.29,,70.74
2009-08-27,0.15,24.68,3.32,,70.68
2009-08-28,0.15,24.76,3.31,,72.8
2009-08-31,0.15,26.01,3.25,,69.02
2009-09-01,0.14,29.15,3.24,,68.78
2009-09-02,0.14,28.9,3.15,,67.6
2009-09-03,0.15,27.1,3.18,,66.78
2009-09-04,0.14,25.26,3.31,,65.84
2009-09-08,0.14,25.62,3.33,,69.2
2009-09-09,0.14,24.32,3.34,,69.76
2009-09-10,0.14,23.55,3.22,,68.96
2009-09-11,0.14,24.15,3.2,,68.76
2009-09-14,0.14,23.86,3.28,,66.91
2009-09-15,0.13,23.42,3.34,,66.53
2009-09-16,0.1,23.69,3.38,,68.51
2009-09-17,0.1,23.65,3.32,,71.56
2009-09-18,0.08,23.92,3.41,,70.72
2009-09-21,0.11,24.06,3.38,,68.11
2009-09-22,0.11,23.08,3.35,,69.65
2009-09-23,0.11,23.49,3.33,,67.43
2009-09-24,0.1,24.95,3.3,,64.99
2009-09-25,0.1,25.61,3.24,,64.6
2009-09-28,0.11,24.88,3.2,,65.43
2009-09-29,0.13,25.19,3.18,,64.63
2009-09-30,0.14,25.61,3.17,,65.82
2009-10-01,0.1,28.27,3.11,,67.12
2009-10-02,0.1,28.68,3.14,,66.5
2009-10-05,0.08,26.84,3.16,,65.26
2009-10-06,0.08,25.7,3.19,,68.51
2009-10-07,0.09,24.68,3.12,,67.65
2009-10-08,0.06,24.18,3.21,,68.47
2009-10-09,0.07,23.12,3.33,,69.45
2009-10-12,0.07,23.01,3.33,,70.75
2009-10-13,0.07,22.99,3.27,,70.81
2009-10-14,0.07,22.86,3.38,,72.16
2009-10-15,0.07,21.72,3.42,,73.14
2009-10-16,0.07,21.43,3.36,,74.58
2009-10-19,0.08,21.49,3.33,,75.86
2009-10-20,0.08,20.9,3.27,,76.51
2009-10-21,0.07,22.22,3.35,,77.74
2009-10-22,0.06,20.69,3.38,,78.36
2009-10-23,0.07,22.27,3.44,,77.72
2009-10-26,0.08,24.31,3.51,,76.45
2009-10-27,0.08,24.83,3.41,,76.69
2009-10-28,0.07,27.91,3.37,,75.11
2009-10-29,0.06,24.76,3.47,,77.18
2009-10-30,0.05,30.69,3.36,,74.91
2009-11-02,0.06,29.78,3.39,,75.56
2009-11-03,0.06,28.81,3.44,,75.68
2009-11-04,0.05,27.72,3.52,,78.21
2009-11-05,0.04,25.43,3.53,,78.02
2009-11-06,0.06,24.19,3.48,,75.51
2009-11-09,0.07,23.15,3.45,,77.18
2009-11-10,0.07,22.84,3.43,,77.07
2009-11-11,0.07,23.04,3.43,,76.99
2009-11-12,0.07,24.24,3.38,,75.18
2009-11-13,0.06,23.36,3.37,,74.81
2009-11-16,0.07,22.89,3.26,,77.14
2009-11-17,0.06,22.41,3.27,,77.36
2009-11-18,0.04,21.63,3.32,,78.64
2009-11-19,0.02,22.63,3.33,,76.45
2009-11-20,0.02,22.19,3.34,,75.61
2009-11-23,0.05,21.16,3.32,,78.14
2009-11-24,0.05,20.47,3.27,,75.35
2009-11-25,0.05,20.48,3.23,,76.57
2009-11-27,0.03,24.85,3.18,,76.0
2009-11-30,0.06,24.51,3.15,,77.77
2009-12-01,0.06,21.92,3.22,,78.68
2009-12-02,0.05,21.12,3.27,,76.96
2009-12-03,0.06,22.46,3.33,,77.76
2009-12-04,0.06,21.25,3.42,,77.74
2009-12-07,0.04,22.1,3.4,,76.18
2009-12-08,0.03,23.69,3.37,,74.93
2009-12-09,0.03,22.66,3.42,,73.63
2009-12-10,0.02,22.32,3.47,,70.91
2009-12-11,0.03,21.59,3.52,,70.07
2009-12-14,0.04,21.15,3.52,,71.19
2009-12-15,0.05,21.49,3.55,,71.33
2009-12-16,0.04,20.54,3.57,,73.34
2009-12-17,0.04,22.51,3.46,,71.28
2009-12-18,0.05,21.68,3.5,,71.87
2009-12-21,0.08,20.49,3.61,,72.74
2009-12-22,0.08,19.54,3.68,,71.64
2009-12-23,0.07,19.71,3.7,,73.87
2009-12-24,0.05,19.47,3.77,,75.15
2009-12-28,0.11,19.93,3.74,,76.59
2009-12-29,0.1,20.01,3.72,,76.65
2009-12-30,0.05,19.96,3.75,,77.62
2009-12-31,0.06,21.68,3.79,,77.91
2010-01-04,0.08,20.04,3.77,,79.05
2010-01-05,0.07,19.35,3.7,,79.27
2010-01-06,0.06,19.16,3.79,,80.14
2010-01-07,0.05,19.06,3.8,,80.57
2010-01-08,0.05,18.13,3.78,,80.06
2010-01-11,0.04,17.55,3.81,,80.14
2010-01-12,0.05,18.25,3.69,,79.38
2010-01-13,0.06,17.85,3.74,,77.57
2010-01-14,0.05,17.63,3.71,,77.61
2010-01-15,0.06,17.91,3.64,,76.85
2010-01-19,0.06,17.58,3.67,,75.18
2010-01-20,0.05,18.68,3.63,,75.09
2010-01-21,0.06,22.27,3.56,,74.13
2010-01-22,0.06,27.31,3.56,,72.73
2010-01-25,0.06,25.41,3.6,,72.18
2010-01-26,0.07,24.55,3.58,,72.63
2010-01-27,0.08,23.14,3.58,,72.75
2010-01-28,0.08,23.73,3.6,,70.65
2010-01-29,0.08,24.62,3.55,,71.2
2010-02-01,0.1,22.59,3.58,,71.58
2010-02-02,0.1,21.48,3.57,,73.94
2010-02-03,0.1,21.6,3.63,,75.77
2010-02-04,0.09,26.08,3.53,,71.3
2010-02-05,0.1,26.11,3.49,,70.11
2010-02-08,0.12,26.51,3.5,,69.62
2010-02-09,0.12,26.0,3.55,,70.4
2010-02-10,0.11,25.4,3.61,,70.4
2010-02-11,0.11,23.96,3.62,,72.35
2010-02-12,0.1,22.73,3.59,,71.49
2010-02-16,0.1,22.25,3.56,,74.82
2010-02-17,0.1,21.72,3.64,,74.89
2010-02-18,0.1,20.63,3.69,,76.61
2010-02-19,0.11,20.02,3.67,,76.88
2010-02-22,0.11,19.94,3.69,,76.95
2010-02-23,0.12,21.37,3.57,,76.44
2010-02-24,0.12,20.27,3.58,,77.0
2010-02-25,0.13,20.1,3.51,,74.38
2010-02-26,0.13,19.5,3.48,,76.36
2010-03-01,0.13,19.26,3.48,,76.07
2010-03-02,0.14,19.06,3.48,,77.5
2010-03-03,0.14,18.83,3.49,,78.66
2010-03-04,0.14,18.72,3.47,,77.88
2010-03-05,0.15,17.42,3.54,,79.2
2010-03-08,0.16,17.79,3.56,,78.94
2010-03-09,0.16,17.92,3.55,,78.77
2010-03-10,0.15,18.57,3.58,,80.29
2010-03-11,0.16,18.06,3.57,,79.44
2010-03-12,0.15,17.58,3.56,,79.38
2010-03-15,0.17,18.0,3.54,,77.08
2010-03-16,0.16,17.69,3.5,,79.45
2010-03-17,0.15,16.91,3.5,,80.28
2010-03-18,0.16,16.62,3.52,,80.09
2010-03-19,0.16,16.97,3.54,,78.37
2010-03-22,0.15,16.87,3.52,,78.09
2010-03-23,0.14,16.35,3.55,,79.17
2010-03-24,0.14,17.55,3.7,,78.03
2010-03-25,0.14,18.4,3.77,,78.64
2010-03-26,0.14,17.77,3.72,,77.98
2010-03-29,0.15,17.59,3.73,,79.89
2010-03-30,0.16,17.13,3.72,,79.46
2010-03-31,0.16,17.59,3.68,,80.37
2010-04-01,0.16,17.47,3.73,,82.63
2010-04-05,0.18,17.02,3.83,,84.48
2010-04-06,0.17,16.23,3.81,,85.05
2010-04-07,0.17,16.62,3.72,,84.49
2010-04-08,0.17,16.48,3.74,,82.63
2010-04-09,0.16,16.14,3.74,,82.77
2010-04-12,0.16,15.58,3.71,,85.21
2010-04-13,0.16,16.2,3.68,,83.44
2010-04-14,0.16,15.59,3.72,,85.81
2010-04-15,0.16,15.89,3.7,,86.9
2010-04-16,0.16,18.36,3.63,,84.81
2010-04-19,0.16,17.34,3.67,,83.09
2010-04-20,0.16,15.73,3.66,,84.73
2010-04-21,0.15,16.32,3.62,,84.55
2010-04-22,0.16,16.47,3.64,,84.58
2010-04-23,0.16,16.62,3.68,,86.09
2010-04-26,0.16,17.47,3.67,,86.72
2010-04-27,0.16,22.81,3.55,,85.59
2010-04-28,0.16,21.08,3.64,,84.59
2010-04-29,0.17,18.44,3.59,,86.82
2010-04-30,0.16,22.05,3.53,,86.19
2010-05-03,0.17,20.19,3.55,,88.09
2010-05-04,0.16,23.84,3.47,,85.39
2010-05-05,0.15,24.91,3.43,,82.31
2010-05-06,0.11,32.8,3.3,,80.21
2010-05-07,0.13,40.95,3.32,,76.48
2010-05-10,0.16,28.84,3.41,,78.08
2010-05-11,0.16,28.32,3.4,,79.0
2010-05-12,0.16,25.52,3.4,,78.7
2010-05-13,0.16,26.68,3.39,,79.41
2010-05-14,0.16,31.24,3.28,,76.43
2010-05-17,0.16,30.84,3.31,,73.87
2010-05-18,0.17,33.55,3.21,,75.12
2010-05-19,0.17,35.32,3.19,,71.86
2010-05-20,0.17,45.79,3.08,,69.56
2010-05-21,0.17,40.1,3.03,,70.45
2010-05-24,0.17,38.32,3.06,,69.62
2010-05-25,0.17,34.61,3.01,,67.18
2010-05-26,0.17,35.02,3.04,,70.59
2010-05-27,0.17,29.68,3.17,,73.56
2010-05-28,0.16,32.07,3.15,,73.0
2010-06-01,0.16,35.54,3.13,,73.08
2010-06-02,0.16,30.17,3.19,,72.78
2010-06-03,0.14,29.46,3.25,,73.12
2010-06-04,0.14,35.48,3.06,,71.84
2010-06-07,0.12,36.57,3.05,,71.09
2010-06-08,0.12,33.7,3.06,,71.43
2010-06-09,0.1,33.73,3.1,,73.68
2010-06-10,0.1,30.57,3.23,,74.33
2010-06-11,0.08,28.79,3.16,,73.28
2010-06-14,0.07,28.58,3.21,,75.11
2010-06-15,0.09,25.87,3.23,,75.29
2010-06-16,0.1,25.92,3.17,,76.12
2010-06-17,0.09,25.05,3.12,,77.52
2010-06-18,0.11,23.95,3.13,,77.05
2010-06-21,0.12,24.88,3.14,,78.53
2010-06-22,0.13,27.05,3.05,,78.08
2010-06-23,0.13,26.91,3.0,,75.22
2010-06-24,0.13,29.74,3.01,,75.17
2010-06-25,0.13,28.53,2.99,,76.21
2010-06-28,0.17,29.0,2.88,,76.66
2010-06-29,0.15,34.13,2.82,,74.21
2010-06-30,0.18,34.54,2.79,,74.94
2010-07-01,0.17,32.86,2.79,,71.73
2010-07-02,0.17,30.12,2.83,,71.75
2010-07-06,0.17,29.65,2.78,,73.08
2010-07-07,0.16,26.84,2.84,,72.97
2010-07-08,0.15,25.71,2.89,,74.56
2010-07-09,0.16,24.98,2.91,,75.2
2010-07-12,0.16,24.43,2.92,,74.35
2010-07-13,0.15,24.56,3.0,,76.45
2010-07-14,0.15,24.89,2.92,,76.63
2010-07-15,0.15,25.14,2.85,,75.52
2010-07-16,0.15,26.25,2.81,,75.55
2010-07-19,0.17,25.97,2.82,,76.29
2010-07-20,0.16,23.93,2.82,,76.31
2010-07-21,0.16,25.64,2.74,,75.75
2010-07-22,0.16,24.63,2.8,,77.59
2010-07-23,0.16,23.47,2.86,,77.27
2010-07-26,0.16,22.73,2.87,,77.9
2010-07-27,0.15,23.19,2.93,,75.52
2010-07-28,0.15,24.25,2.88,,76.66
2010-07-29,0.15,24.13,2.88,,78.6
2010-07-30,0.15,23.5,2.79,,77.5
2010-08-02,0.16,22.01,2.83,,81.93
2010-08-03,0.16,22.63,2.78,,83.6
2010-08-04,0.16,22.21,2.82,,83.76
2010-08-05,0.15,22.1,2.79,,82.9
2010-08-06,0.15,21.74,2.71,,81.28
2010-08-09,0.15,22.14,2.71,,81.54
2010-08-10,0.15,22.37,2.64,,79.89
2010-08-11,0.15,25.39,2.57,,77.83
2010-08-12,0.16,25.73,2.58,,76.63
2010-08-13,0.15,26.24,2.53,,75.14
2010-08-16,0.16,26.1,2.42,,74.56
2010-08-17,0.17,24.33,2.47,,76.74
2010-08-18,0.16,24.59,2.48,,75.1
2010-08-19,0.16,26.44,2.42,,74.84
2010-08-20,0.15,25.49,2.47,,73.48
2010-08-23,0.16,25.66,2.44,,73.08
2010-08-24,0.16,27.46,2.34,,70.61
2010-08-25,0.16,26.7,2.38,,70.74
2010-08-26,0.16,27.37,2.34,,74.5
2010-08-27,0.15,24.45,2.51,,75.16
2010-08-30,0.14,27.21,2.4,,76.05
2010-08-31,0.14,26.05,2.33,,75.51
2010-09-01,0.13,23.89,2.45,,75.53
2010-09-02,0.14,23.19,2.49,,74.93
2010-09-03,0.14,21.31,2.58,,75.03
2010-09-07,0.14,23.8,2.47,,75.78
2010-09-08,0.14,23.25,2.52,,77.48
2010-09-09,0.14,22.81,2.63,,77.87
2010-09-10,0.14,21.99,2.67,,77.54
2010-09-13,0.15,21.21,2.59,,78.52
2010-09-14,0.15,21.56,2.53,,78.89
2010-09-15,0.15,22.1,2.59,,78.46
2010-09-16,0.16,21.72,2.61,,78.89
2010-09-17,0.16,22.01,2.59,,77.43
2010-09-20,0.17,21.5,2.55,,79.42
2010-09-21,0.17,22.35,2.44,,78.76
2010-09-22,0.16,22.51,2.4,,77.29
2010-09-23,0.16,23.87,2.4,,77.69
2010-09-24,0.15,21.71,2.47,,78.73
2010-09-27,0.16,22.54,2.38,,77.71
2010-09-28,0.16,22.6,2.32,,79.14
2010-09-29,0.16,23.25,2.36,,78.79
2010-09-30,0.16,23.7,2.37,,80.77
2010-10-01,0.16,22.5,2.38,,82.69
2010-10-04,0.13,23.53,2.37,,83.42
2010-10-05,0.12,21.76,2.38,,83.35
2010-10-06,0.13,21.49,2.28,,85.01
2010-10-07,0.13,21.56,2.28,,83.67
2010-10-08,0.12,20.71,2.29,,83.88
2010-10-11,0.12,18.96,2.29,,83.08
2010-10-12,0.13,18.93,2.31,,82.99
2010-10-13,0.13,19.07,2.33,,84.01
2010-10-14,0.14,19.88,2.38,,83.55
2010-10-15,0.14,19.03,2.45,,81.94
2010-10-18,0.15,19.09,2.37,,82.3
2010-10-19,0.14,20.63,2.36,,81.12
2010-10-20,0.14,19.79,2.37,,81.68
2010-10-21,0.13,19.27,2.44,,81.28
2010-10-22,0.13,18.78,2.46,,80.75
2010-10-25,0.14,19.85,2.45,,81.91
2010-10-26,0.14,20.22,2.53,,82.62
2010-10-27,0.14,20.71,2.61,,81.27
2010-10-28,0.13,20.88,2.56,,82.97
2010-10-29,0.12,21.2,2.51,,82.47
2010-11-01,0.13,21.83,2.53,,84.06
2010-11-02,0.13,21.57,2.5,,84.71
2010-11-03,0.13,19.56,2.54,,85.33
2010-11-04,0.13,18.52,2.4,,86.83
2010-11-05,0.13,18.26,2.45,,87.05
2010-11-08,0.13,18.29,2.47,,87.15
2010-11-09,0.13,19.08,2.59,,87.93
2010-11-10,0.13,18.47,2.52,,87.92
2010-11-11,0.13,18.64,2.52,,88.08
2010-11-12,0.13,20.61,2.63,,86.07
2010-11-15,0.14,20.2,2.78,,85.49
2010-11-16,0.15,22.58,2.7,,83.98
2010-11-17,0.14,21.76,2.75,,83.36
2010-11-18,0.15,18.75,2.75,,83.7
2010-11-19,0.14,18.04,2.74,,83.17
2010-11-22,0.15,18.37,2.65,,82.34
2010-11-23,0.15,20.63,2.62,,82.37
2010-11-24,0.16,19.56,2.77,,84.53
2010-11-26,0.16,22.22,2.71,,84.78
2010-11-29,0.18,21.53,2.66,,85.9
2010-11-30,0.17,23.54,2.64,,86.02
2010-12-01,0.16,21.36,2.81,,88.56
2010-12-02,0.16,19.39,2.85,,89.37
2010-12-03,0.14,18.01,2.89,,90.65
2010-12-06,0.15,18.02,2.8,,91.25
2010-12-07,0.14,17.99,3.01,,90.78
2010-12-08,0.15,17.74,3.11,,89.74
2010-12-09,0.14,17.25,3.09,,89.93
2010-12-10,0.13,17.61,3.19,,89.54
2010-12-13,0.15,17.55,3.14,,90.4
2010-12-14,0.15,17.61,3.34,,90.63
2010-12-15,0.14,17.94,3.39,,91.33
2010-12-16,0.13,17.39,3.34,,91.09
2010-12-17,0.11,16.11,3.22,,91.11
2010-12-20,0.14,16.41,3.22,,91.31
2010-12-21,0.14,16.49,3.21,,93.11
2010-12-22,0.14,15.45,3.22,,93.55
2010-12-23,0.14,16.47,3.27,,93.63
2010-12-27,0.17,17.67,3.19,,93.08
2010-12-28,0.15,17.52,3.35,,93.52
2010-12-29,0.13,17.28,3.22,,93.52
2010-12-30,0.12,17.52,3.26,,92.5
2010-12-31,0.12,17.75,3.18,,93.23
2011-01-03,0.15,17.61,3.21,,95.82
2011-01-04,0.14,17.38,3.22,,93.52
2011-01-05,0.14,17.02,3.36,,95.07
2011-01-06,0.15,17.4,3.29,,94.95
2011-01-07,0.14,17.14,3.2,,94.25
2011-01-10,0.15,17.54,3.17,,95.05
2011-01-11,0.15,16.89,3.22,,96.8
2011-01-12,0.15,16.24,3.25,,97.86
2011-01-13,0.15,16.39,3.19,,97.86
2011-01-14,0.15,15.46,3.2,,97.86
2011-01-18,0.16,15.87,3.23,,97.83
2011-01-19,0.16,17.31,3.21,,98.42
2011-01-20,0.16,17.99,3.31,,96.27
2011-01-21,0.16,18.47,3.28,,96.84
2011-01-24,0.16,17.65,3.27,,96.76
2011-01-25,0.16,17.59,3.19,,96.76
2011-01-26,0.16,16.64,3.29,,96.04
2011-01-27,0.15,16.15,3.27,,96.48
2011-01-28,0.15,20.04,3.21,,97.06
2011-01-31,0.15,19.53,3.27,,98.97
2011-02-01,0.15,17.63,3.33,,100.4
2011-02-02,0.16,17.3,3.36,,101.3
2011-02-03,0.14,16.69,3.44,,101.69
2011-02-04,0.15,15.93,3.53,,99.43
2011-02-07,0.16,16.28,3.52,,99.44
2011-02-08,0.15,15.81,3.6,,99.25
2011-02-09,0.14,15.87,3.51,,100.16
2011-02-10,0.12,16.09,3.58,,100.74
2011-02-11,0.12,15.69,3.52,,99.93
2011-02-14,0.13,15.95,3.49,,103.12
2011-02-15,0.13,16.37,3.48,,102.48
2011-02-16,0.12,16.72,3.5,,102.78
2011-02-17,0.09,16.59,3.49,,103.45
2011-02-18,0.1,16.43,3.49,,102.2
2011-02-22,0.12,20.8,3.34,,106.82
2011-02-23,0.12,22.13,3.37,,109.77
2011-02-24,0.13,21.32,3.33,,113.91
2011-02-25,0.13,19.22,3.29,,111.47
2011-02-28,0.15,18.35,3.27,,112.27
2011-03-01,0.14,21.01,3.27,,113.34
2011-03-02,0.13,20.7,3.33,,116.89
2011-03-03,0.13,18.6,3.45,,114.42
2011-03-04,0.12,19.06,3.37,,115.71
2011-03-07,0.11,20.66,3.4,,116.58
2011-03-08,0.11,19.82,3.45,,112.32
2011-03-09,0.1,20.22,3.38,,115.19
2011-03-10,0.08,21.88,3.29,,114.07
2011-03-11,0.08,20.08,3.32,,114.07
2011-03-14,0.09,21.13,3.27,,112.95
2011-03-15,0.1,24.32,3.23,,111.11
2011-03-16,0.1,29.4,3.12,,110.96
2011-03-17,0.08,26.37,3.17,,114.18
2011-03-18,0.07,24.44,3.21,,114.13
2011-03-21,0.1,20.61,3.24,,114.92
2011-03-22,0.1,20.21,3.24,,115.63
2011-03-23,0.09,19.17,3.27,,115.65
2011-03-24,0.09,18.0,3.33,,115.41
2011-03-25,0.09,17.91,3.37,,115.45
2011-03-28,0.11,19.44,3.36,,115.95
2011-03-29,0.1,18.16,3.4,,115.58
2011-03-30,0.1,17.71,3.37,,115.35
2011-03-31,0.09,17.74,3.38,,116.94
2011-04-01,0.07,17.4,3.39,,118.63
2011-04-04,0.06,17.5,3.39,,120.07
2011-04-05,0.07,17.25,3.43,,122.87
2011-04-06,0.06,16.9,3.5,,123.01
2011-04-07,0.04,17.11,3.54,,122.9
2011-04-08,0.04,17.87,3.55,,126.3
2011-04-11,0.05,16.59,3.54,,126.46
2011-04-12,0.05,17.09,3.47,,121.33
2011-04-13,0.06,16.92,3.43,,122.7
2011-04-14,0.07,16.27,3.44,,122.74
2011-04-15,0.07,15.32,3.36,,124.63
2011-04-18,0.07,16.96,3.33,,121.69
2011-04-19,0.06,15.83,3.33,,121.35
2011-04-20,0.06,15.07,3.37,,124.26
2011-04-21,0.06,14.69,3.36,,123.64
2011-04-25,0.07,15.77,3.32,,123.64
2011-04-26,0.07,15.62,3.27,,124.55
2011-04-27,0.06,15.35,3.33,,124.94
2011-04-28,0.04,14.62,3.3,,126.59
2011-04-29,0.04,14.75,3.28,,126.59
2011-05-02,0.05,15.99,3.26,,126.64
2011-05-03,0.03,16.7,3.25,,124.01
2011-05-04,0.03,17.08,3.22,,121.55
2011-05-05,0.02,18.2,3.16,,111.93
2011-05-06,0.02,18.4,3.17,,113.69
2011-05-09,0.03,17.16,3.14,,113.21
2011-05-10,0.03,15.91,3.2,,117.82
2011-05-11,0.03,16.95,3.16,,115.66
2011-05-12,0.02,16.03,3.2,,112.87
2011-05-13,0.03,17.07,3.15,,113.08
2011-05-16,0.04,18.24,3.11,,113.72
2011-05-17,0.04,17.55,3.08,,109.39
2011-05-18,0.05,16.23,3.13,,112.54
2011-05-19,0.05,15.52,3.12,,113.2
2011-05-20,0.05,17.43,3.1,,111.25
2011-05-23,0.06,18.27,3.07,,110.13
2011-05-24,0.06,17.82,3.06,,112.52
2011-05-25,0.06,17.07,3.07,,114.47
2011-05-26,0.05,16.09,3.02,,115.06
2011-05-27,0.05,15.98,3.02,,114.85
2011-05-31,0.06,15.45,2.99,,117.18
2011-06-01,0.05,18.3,2.91,,116.15
2011-06-02,0.04,18.09,3.0,,114.3
2011-06-03,0.04,17.95,2.95,,115.09
2011-06-06,0.05,18.49,2.96,,115.4
2011-06-07,0.05,18.07,2.96,,116.14
2011-06-08,0.04,18.79,2.94,,118.43
2011-06-09,0.05,17.77,2.96,,119.95
2011-06-10,0.05,18.86,2.94,,118.71
2011-06-13,0.05,19.61,2.95,,120.49
2011-06-14,0.05,18.26,3.06,,120.35
2011-06-15,0.05,21.32,2.93,,114.67
2011-06-16,0.05,22.73,2.88,,114.69
2011-06-17,0.04,21.85,2.9,,113.74
2011-06-20,0.03,19.99,2.94,,112.21
2011-06-21,0.03,18.86,2.96,,112.02
2011-06-22,0.02,18.52,2.99,,113.59
2011-06-23,0.01,19.29,2.92,,108.27
2011-06-24,0.02,21.1,2.86,,104.79
2011-06-27,0.02,20.56,2.93,,104.57
2011-06-28,0.03,19.17,3.02,,107.57
2011-06-29,0.02,17.27,3.12,,111.49
2011-06-30,0.03,16.52,3.15,,111.71
2011-07-01,0.02,15.87,3.2,,109.82
2011-07-05,0.02,16.06,3.14,,113.21
2011-07-06,0.01,16.34,3.11,,113.55
2011-07-07,0.03,15.95,3.14,,117.4
2011-07-08,0.03,15.95,3.0,,117.4
2011-07-11,0.03,18.39,2.91,,117.35
2011-07-12,0.03,19.87,2.89,,117.36
2011-07-13,0.01,19.91,2.91,,118.46
2011-07-14,0.01,20.8,2.97,,117.38
2011-07-15,0.02,19.53,2.92,,118.06
2011-07-18,0.02,20.95,2.92,,117.05
2011-07-19,0.03,19.21,2.88,,118.18
2011-07-20,0.02,19.09,2.94,,118.52
2011-07-21,0.05,17.56,2.98,,118.25
2011-07-22,0.05,17.52,2.94,,118.99
2011-07-25,0.05,19.35,2.98,,118.27
2011-07-26,0.07,20.23,2.92,,118.14
2011-07-27,0.08,22.98,2.93,,117.99
2011-07-28,0.07,23.74,2.91,,118.16
2011-07-29,0.1,25.25,2.72,,115.93
2011-08-01,0.1,23.66,2.67,,116.37
2011-08-02,0.06,24.79,2.6,,116.02
2011-08-03,0.02,23.38,2.62,,113.74
2011-08-04,0.02,31.66,2.45,,110.22
2011-08-05,0.01,32.0,2.57,,106.92
2011-08-08,0.05,48.0,2.35,,103.06
2011-08-09,0.03,35.06,2.17,,103.63
2011-08-10,0.02,42.99,2.15,,103.84
2011-08-11,0.03,39.0,2.31,,107.82
2011-08-12,0.02,36.36,2.22,,108.17
2011-08-15,0.02,31.87,2.27,,108.89
2011-08-16,0.03,32.85,2.2,,109.69
2011-08-17,0.01,31.58,2.16,,111.37
2011-08-18,0.01,42.67,2.07,,108.36
2011-08-19,0.02,43.05,2.05,,109.37
2011-08-22,0.01,42.44,2.09,,108.83
2011-08-23,0.01,36.27,2.14,,110.35
2011-08-24,0.02,35.9,2.27,,111.91
2011-08-25,0.01,39.76,2.22,,111.91
2011-08-26,0.01,35.59,2.18,,112.29
2011-08-29,0.02,32.28,2.26,,112.29
2011-08-30,0.01,32.89,2.18,,115.59
2011-08-31,0.02,31.62,2.21,,116.48
2011-09-01,0.02,31.82,2.13,,116.43
2011-09-02,0.02,33.92,2.0,,115.92
2011-09-06,0.02,37.0,1.96,,113.29
2011-09-07,0.02,33.38,2.03,,117.5
2011-09-08,0.02,34.32,1.98,,117.99
2011-09-09,0.01,38.52,1.92,,115.1
2011-09-12,0.01,38.59,1.93,,114.75
2011-09-13,0.01,36.91,1.99,,114.08
2011-09-14,0.01,34.6,2.02,,113.1
2011-09-15,0.01,31.97,2.08,,116.71
2011-09-16,0.01,30.98,2.07,,116.26
2011-09-19,0.01,32.73,1.96,,112.89
2011-09-20,0.01,32.86,1.94,,114.39
2011-09-21,0.01,37.32,1.87,,114.26
2011-09-22,0.0,41.35,1.72,,109.21
2011-09-23,0.01,41.25,1.83,,109.17
2011-09-26,0.02,39.02,1.89,,107.9
2011-09-27,0.01,37.71,1.99,,109.54
2011-09-28,0.02,41.08,2.01,,108.52
2011-09-29,0.02,38.84,1.97,,107.08
2011-09-30,0.02,42.96,1.9,,105.42
2011-10-03,0.02,45.45,1.78,,103.61
2011-10-04,0.01,40.82,1.8,,101.84
2011-10-05,0.0,37.81,1.92,,103.77
2011-10-06,0.01,36.27,2.0,,104.38
2011-10-07,0.01,36.2,2.09,,106.56
2011-10-10,0.01,33.02,2.09,,109.49
2011-10-11,0.02,32.86,2.16,,109.22
2011-10-12,0.02,31.26,2.22,,112.44
2011-10-13,0.02,30.7,2.17,,112.45
2011-10-14,0.02,28.24,2.24,,114.33
2011-10-17,0.04,33.39,2.14,,112.92
2011-10-18,0.04,31.56,2.15,,112.08
2011-10-19,0.03,34.44,2.15,,111.76
2011-10-20,0.03,34.78,2.17,,109.0
2011-10-21,0.02,31.32,2.21,,111.6
2011-10-24,0.02,29.26,2.23,,111.67
2011-10-25,0.01,32.22,2.13,,112.11
2011-10-26,0.02,29.86,2.21,,110.43
2011-10-27,0.02,25.46,2.4,,112.45
2011-10-28,0.01,24.53,2.33,,110.01
2011-10-31,0.01,29.96,2.16,,108.43
2011-11-01,0.01,34.77,2.0,,106.97
2011-11-02,0.01,32.74,2.02,,110.82
2011-11-03,0.01,30.5,2.08,,110.76
2011-11-04,0.01,30.16,2.05,,112.22
2011-11-07,0.01,29.85,2.03,,114.75
2011-11-08,0.01,27.48,2.09,,115.61
2011-11-09,0.01,36.16,1.99,,115.29
2011-11-10,0.01,32.81,2.03,,113.32
2011-11-11,0.01,30.04,2.03,,114.43
2011-11-14,0.01,31.13,2.03,,112.57
2011-11-15,0.01,31.22,2.05,,111.9
2011-11-16,0.01,33.51,2.0,,111.91
2011-11-17,0.02,34.51,1.94,,109.25
2011-11-18,0.01,32.0,2.0,,107.82
2011-11-21,0.02,32.91,1.95,,105.98
2011-11-22,0.02,31.97,1.92,,107.77
2011-11-23,0.02,33.98,1.87,,106.83
2011-11-25,0.02,34.47,1.95,,106.08
2011-11-28,0.03,32.13,1.94,,109.38
2011-11-29,0.02,30.64,1.98,,111.25
2011-11-30,0.01,27.8,2.07,,111.22
2011-12-01,0.01,27.41,2.1,,108.83
2011-12-02,0.02,27.52,2.03,,109.59
2011-12-05,0.01,27.84,2.03,,110.18
2011-12-06,0.01,28.13,2.07,,110.16
2011-12-07,0.02,28.67,2.0,,110.07
2011-12-08,0.01,30.59,1.98,,108.23
2011-12-09,0.01,26.38,2.06,,107.91
2011-12-12,0.01,25.67,2.02,,107.82
2011-12-13,0.01,25.41,1.95,,109.25
2011-12-14,0.01,26.04,1.91,,105.72
2011-12-15,0.0,25.11,1.92,,104.52
2011-12-16,0.0,24.29,1.86,,104.0
2011-12-19,0.01,24.92,1.81,,104.55
2011-12-20,0.01,23.22,1.93,,107.8
2011-12-21,0.01,21.43,1.97,,108.0
2011-12-22,0.01,21.16,1.96,,108.98
2011-12-23,0.01,20.73,2.02,,109.28
2011-12-27,0.02,21.91,2.0,,109.28
2011-12-28,0.01,23.52,1.92,,107.54
2011-12-29,0.02,22.65,1.89,,106.89
2011-12-30,0.02,23.4,1.87,,108.09
2012-01-03,0.02,22.97,1.95,,111.12
2012-01-04,0.02,22.22,1.98,,113.37
2012-01-05,0.02,21.48,2.0,,113.59
2012-01-06,0.02,20.63,1.96,,111.96
2012-01-09,0.01,21.07,1.97,,111.07
2012-01-10,0.02,20.69,1.98,,113.3
2012-01-11,0.02,21.05,1.91,,111.66
2012-01-12,0.03,20.47,1.91,,112.97
2012-01-13,0.03,20.91,1.86,,109.88
2012-01-17,0.03,22.2,1.84,,110.55
2012-01-18,0.03,20.89,1.89,,109.81
2012-01-19,0.05,19.87,1.96,,109.54
2012-01-20,0.05,18.28,2.0,,108.5
2012-01-23,0.04,18.67,2.05,,109.46
2012-01-24,0.04,18.91,2.04,,108.38
2012-01-25,0.04,18.31,1.97,,108.48
2012-01-26,0.05,18.57,1.91,,109.08
2012-01-27,0.06,18.53,1.87,,110.5
2012-01-30,0.05,19.4,1.82,,110.24
2012-01-31,0.06,19.44,1.77,,110.26
2012-02-01,0.06,18.55,1.81,,111.96
2012-02-02,0.08,17.98,1.78,,110.96
2012-02-03,0.08,17.1,1.89,,112.56
2012-02-06,0.08,17.76,1.85,,115.47
2012-02-07,0.08,17.65,1.92,,116.86
2012-02-08,0.09,18.16,1.92,,117.18
2012-02-09,0.09,18.63,1.95,,118.4
2012-02-10,0.09,20.79,1.87,,118.13
2012-02-13,0.11,19.04,1.88,,118.73
2012-02-14,0.12,19.54,1.8,,118.3
2012-02-15,0.11,21.14,1.82,,120.25
2012-02-16,0.1,19.22,1.89,,121.0
2012-02-17,0.09,17.78,1.92,,120.69
2012-02-21,0.08,18.19,1.97,,120.85
2012-02-22,0.09,18.19,1.92,,123.07
2012-02-23,0.09,16.8,1.9,,124.53
2012-02-24,0.1,17.31,1.88,,124.89
2012-02-27,0.12,18.19,1.8,,126.46
2012-02-28,0.1,17.96,1.84,,124.02
2012-02-29,0.08,18.43,1.9,,122.23
2012-03-01,0.08,17.26,1.95,,125.76
2012-03-02,0.07,17.29,1.92,,125.93
2012-03-05,0.08,18.05,1.92,,126.68
2012-03-06,0.08,20.87,1.88,,125.03
2012-03-07,0.08,19.07,1.9,,125.37
2012-03-08,0.08,17.95,1.95,,127.96
2012-03-09,0.09,17.11,1.95,,128.08
2012-03-12,0.09,15.64,1.95,,127.27
2012-03-13,0.08,14.8,2.06,,128.14
2012-03-14,0.09,15.31,2.2,,126.98
2012-03-15,0.08,15.42,2.21,,123.63
2012-03-16,0.09,14.47,2.22,,125.09
2012-03-19,0.1,15.04,2.29,,125.76
2012-03-20,0.1,15.58,2.28,,124.38
2012-03-21,0.09,15.13,2.22,,123.89
2012-03-22,0.08,15.57,2.21,,122.49
2012-03-23,0.08,14.82,2.17,,125.21
2012-03-26,0.09,14.26,2.17,,125.85
2012-03-27,0.09,15.59,2.11,,125.25
2012-03-28,0.09,15.47,2.12,,124.41
2012-03-29,0.07,15.48,2.11,,123.23
2012-03-30,0.07,15.5,2.16,,123.41
2012-04-02,0.08,15.64,2.14,,124.44
2012-04-03,0.08,15.66,2.22,,124.44
2012-04-04,0.08,16.44,2.17,,123.04
2012-04-05,0.08,16.7,2.11,,123.58
2012-04-09,0.09,18.81,1.97,,123.58
2012-04-10,0.09,20.39,1.92,,121.89
2012-04-11,0.09,20.02,1.96,,120.41
2012-04-12,0.09,17.2,1.99,,120.57
2012-04-13,0.09,19.55,1.93,,120.62
2012-04-16,0.08,19.55,1.92,,118.23
2012-04-17,0.08,18.46,1.95,,117.41
2012-04-18,0.07,18.64,1.93,,115.18
2012-04-19,0.07,18.36,1.91,,117.0
2012-04-20,0.08,17.44,1.91,,118.08
2012-04-23,0.08,18.97,1.88,,116.66
2012-04-24,0.09,18.1,1.91,,117.74
2012-04-25,0.09,16.82,1.92,,117.45
2012-04-26,0.09,16.24,1.89,,119.33
2012-04-27,0.09,16.32,1.87,,119.3
2012-04-30,0.1,17.15,1.85,,118.66
2012-05-01,0.09,16.6,1.89,,119.57
2012-05-02,0.08,16.88,1.88,,117.57
2012-05-03,0.09,17.56,1.87,,115.91
2012-05-04,0.07,19.16,1.84,,111.66
2012-05-07,0.1,18.94,1.82,,111.66
2012-05-08,0.09,19.05,1.79,,110.48
2012-05-09,0.09,20.08,1.78,,111.89
2012-05-10,0.1,18.83,1.79,,112.24
2012-05-11,0.1,19.89,1.74,,112.5
2012-05-14,0.1,21.87,1.68,,110.79
2012-05-15,0.09,21.97,1.67,,111.4
2012-05-16,0.1,22.27,1.66,,109.8
2012-05-17,0.1,24.49,1.6,,109.31
2012-05-18,0.08,25.1,1.63,,108.03
2012-05-21,0.09,22.01,1.66,,109.02
2012-05-22,0.09,22.48,1.7,,109.76
2012-05-23,0.09,22.33,1.64,,106.88
2012-05-24,0.1,21.54,1.67,,107.2
2012-05-25,0.09,21.76,1.66,,107.86
2012-05-29,0.09,21.03,1.65,,107.55
2012-05-30,0.07,24.14,1.56,,103.85
2012-05-31,0.07,24.06,1.52,,103.86
2012-06-01,0.07,26.66,1.4,,98.63
2012-06-04,0.08,26.12,1.45,,97.74
2012-06-05,0.08,24.68,1.49,,98.65
2012-06-06,0.09,22.16,1.57,,101.14
2012-06-07,0.09,21.72,1.57,,100.05
2012-06-08,0.09,21.23,1.56,,97.57
2012-06-11,0.09,23.56,1.51,,98.6
2012-06-12,0.1,22.09,1.57,,96.59
2012-06-13,0.1,24.27,1.51,,97.29
2012-06-14,0.11,21.68,1.53,,96.46
2012-06-15,0.09,21.11,1.51,,97.13
2012-06-18,0.1,18.32,1.49,,95.21
2012-06-19,0.09,18.38,1.55,,95.14
2012-06-20,0.09,17.24,1.56,,93.5
2012-06-21,0.09,20.08,1.54,,89.22
2012-06-22,0.09,18.11,1.6,,89.22
2012-06-25,0.1,20.38,1.53,,88.69
2012-06-26,0.1,19.72,1.56,,90.19
2012-06-27,0.09,19.45,1.56,,92.06
2012-06-28,0.09,19.71,1.51,,91.02
2012-06-29,0.09,17.08,1.58,,94.17
2012-07-02,0.1,16.8,1.51,,95.28
2012-07-03,0.09,16.66,1.56,,99.89
2012-07-05,0.08,17.5,1.54,,101.54
2012-07-06,0.08,17.1,1.49,,98.5
2012-07-09,0.09,17.98,1.44,,99.94
2012-07-10,0.09,18.72,1.44,,99.15
2012-07-11,0.1,17.95,1.44,,99.23
2012-07-12,0.1,18.33,1.4,,99.18
2012-07-13,0.1,16.74,1.42,,101.91
2012-07-16,0.1,17.11,1.4,,102.1
2012-07-17,0.1,16.48,1.43,,104.21
2012-07-18,0.09,16.16,1.43,,105.92
2012-07-19,0.09,15.45,1.45,,107.79
2012-07-20,0.09,16.27,1.4,,106.98
2012-07-23,0.1,18.62,1.37,,103.91
2012-07-24,0.1,20.47,1.34,,103.57
2012-07-25,0.1,19.34,1.33,,102.35
2012-07-26,0.11,17.53,1.34,,104.77
2012-07-27,0.11,16.7,1.47,,106.3
2012-07-30,0.11,18.03,1.42,,106.54
2012-07-31,0.11,18.93,1.4,,105.93
2012-08-01,0.1,18.96,1.46,,106.78
2012-08-02,0.09,17.57,1.42,,107.55
2012-08-03,0.09,15.64,1.51,,109.57
2012-08-06,0.1,15.95,1.49,,110.01
2012-08-07,0.11,15.99,1.55,,112.39
2012-08-08,0.11,15.32,1.57,,113.42
2012-08-09,0.11,15.28,1.58,,113.52
2012-08-10,0.1,14.74,1.55,,113.13
2012-08-13,0.11,13.7,1.54,,114.48
2012-08-14,0.11,14.85,1.62,,113.9
2012-08-15,0.09,14.63,1.71,,115.51
2012-08-16,0.09,14.29,1.74,,116.12
2012-08-17,0.09,13.45,1.72,,115.2
2012-08-20,0.11,14.02,1.71,,115.5
2012-08-21,0.11,15.02,1.69,,116.03
2012-08-22,0.11,15.11,1.6,,115.77
2012-08-23,0.11,15.96,1.57,,117.45
2012-08-24,0.1,15.18,1.58,,115.76
2012-08-27,0.11,16.35,1.54,,113.74
2012-08-28,0.1,16.49,1.54,,112.62
2012-08-29,0.12,17.06,1.54,,112.53
2012-08-30,0.1,17.83,1.53,,112.28
2012-08-31,0.09,17.47,1.48,,113.93
2012-09-04,0.1,17.98,1.49,,114.98
2012-09-05,0.11,17.74,1.49,,113.32
2012-09-06,0.11,15.6,1.57,,114.5
2012-09-07,0.11,14.38,1.56,,113.64
2012-09-10,0.1,16.28,1.58,,113.84
2012-09-11,0.1,16.41,1.6,,114.86
2012-09-12,0.1,15.8,1.67,,114.86
2012-09-13,0.1,14.05,1.65,,116.0
2012-09-14,0.11,14.51,1.77,,117.48
2012-09-17,0.11,14.59,1.74,,116.7
2012-09-18,0.1,14.18,1.72,,113.29
2012-09-19,0.11,13.88,1.68,,108.49
2012-09-20,0.11,14.07,1.69,,109.41
2012-09-21,0.11,13.98,1.66,,111.27
2012-09-24,0.11,14.15,1.63,,109.2
2012-09-25,0.11,15.43,1.59,,110.77
2012-09-26,0.11,16.81,1.53,,108.99
2012-09-27,0.09,14.84,1.57,,111.45
2012-09-28,0.1,15.73,1.55,,111.36
2012-10-01,0.09,16.32,1.55,,112.58
2012-10-02,0.09,15.71,1.55,,112.49
2012-10-03,0.09,15.43,1.55,,109.32
2012-10-04,0.1,14.55,1.6,,110.48
2012-10-05,0.11,14.33,1.64,,112.17
2012-10-08,0.11,15.11,1.64,,112.6
2012-10-09,0.1,16.37,1.64,,114.32
2012-10-10,0.1,16.29,1.62,,116.11
2012-10-11,0.1,15.59,1.6,,116.18
2012-10-12,0.11,16.14,1.58,,115.17
2012-10-15,0.11,15.27,1.59,,115.0
2012-10-16,0.09,15.22,1.66,,115.0
2012-10-17,0.11,15.07,1.72,,113.49
2012-10-18,0.1,15.03,1.76,,112.58
2012-10-19,0.1,17.06,1.69,,111.89
2012-10-22,0.1,16.62,1.73,,109.62
2012-10-23,0.11,18.83,1.68,,107.53
2012-10-24,0.11,18.33,1.69,,107.66
2012-10-25,0.11,18.12,1.75,,107.64
2012-10-26,0.12,17.81,1.66,,108.9
2012-10-31,0.11,18.6,1.61,,109.89
2012-11-01,0.09,16.69,1.66,,108.84
2012-11-02,0.09,17.59,1.66,,106.79
2012-11-05,0.11,18.42,1.61,,105.59
2012-11-06,0.1,17.58,1.68,,109.27
2012-11-07,0.1,19.08,1.58,,108.21
2012-11-08,0.1,18.49,1.52,,107.23
2012-11-09,0.09,18.61,1.52,,108.61
2012-11-12,0.09,16.68,1.52,,110.23
2012-11-13,0.11,16.65,1.48,,108.82
2012-11-14,0.1,17.92,1.49,,109.66
2012-11-15,0.08,17.99,1.5,,110.07
2012-11-16,0.06,16.41,1.52,,106.81
2012-11-19,0.09,15.24,1.52,,110.06
2012-11-20,0.08,15.08,1.58,,110.01
2012-11-21,0.1,15.31,1.59,,110.81
2012-11-23,0.1,15.14,1.6,,110.14
2012-11-26,0.1,15.5,1.56,,110.18
2012-11-27,0.1,15.92,1.54,,109.33
2012-11-28,0.1,15.51,1.53,,108.26
2012-11-29,0.09,15.06,1.53,,110.47
2012-11-30,0.08,15.87,1.54,,110.84
2012-12-03,0.1,16.64,1.53,,111.27
2012-12-04,0.1,17.12,1.52,,109.99
2012-12-05,0.1,16.46,1.5,,108.96
2012-12-06,0.1,16.58,1.49,,108.01
2012-12-07,0.09,15.9,1.55,,107.16
2012-12-10,0.09,16.05,1.54,,108.25
2012-12-11,0.08,15.57,1.58,,107.6
2012-12-12,0.07,15.95,1.65,,110.17
2012-12-13,0.06,16.56,1.68,,110.18
2012-12-14,0.04,17.0,1.68,,109.28
2012-12-17,0.05,16.34,1.73,,109.35
2012-12-18,0.06,15.57,1.78,,109.96
2012-12-19,0.05,17.36,1.77,,109.95
2012-12-20,0.06,17.67,1.75,,110.57
2012-12-21,0.06,17.84,1.71,,109.13
2012-12-24,0.06,17.84,1.73,,108.44
2012-12-26,0.09,19.48,1.68,,110.72
2012-12-27,0.08,19.47,1.66,,110.04
2012-12-28,0.01,22.72,1.72,,110.05
2012-12-31,0.05,18.02,1.73,,110.8
2013-01-02,0.08,14.68,1.78,,112.98
2013-01-03,0.08,14.56,1.84,,113.03
2013-01-04,0.07,13.83,1.86,,112.58
2013-01-07,0.07,13.79,1.85,,112.49
2013-01-08,0.07,13.62,1.82,,113.03
2013-01-09,0.06,13.81,1.82,,113.07
2013-01-10,0.06,13.49,1.85,,112.97
2013-01-11,0.07,13.36,1.82,,110.3
2013-01-14,0.08,13.52,1.81,,111.32
2013-01-15,0.09,13.55,1.77,,111.72
2013-01-16,0.08,13.42,1.76,,110.97
2013-01-17,0.07,13.57,1.82,,111.01
2013-01-18,0.08,12.46,1.79,,111.71
2013-01-22,0.08,12.43,1.78,,112.72
2013-01-23,0.08,12.46,1.78,,113.68
2013-01-24,0.08,12.69,1.8,,114.59
2013-01-25,0.08,12.89,1.9,,113.88
2013-01-28,0.07,13.57,1.93,,113.92
2013-01-29,0.07,13.31,1.96,,115.22
2013-01-30,0.07,14.32,1.96,,115.42
2013-01-31,0.07,14.28,1.95,,115.55
2013-02-01,0.06,12.9,1.98,,115.55
2013-02-04,0.07,14.67,1.93,,116.06
2013-02-05,0.07,13.72,1.97,,117.03
2013-02-06,0.07,13.41,1.93,,116.61
2013-02-07,0.07,13.5,1.92,,117.17
2013-02-08,0.07,13.02,1.92,,118.9
2013-02-11,0.09,12.94,1.9,,118.29
2013-02-12,0.09,12.64,1.93,,117.89
2013-02-13,0.1,12.98,1.95,,118.43
2013-02-14,0.11,12.66,1.89,,118.48
2013-02-15,0.1,12.46,1.91,,117.4
2013-02-19,0.12,12.31,1.91,,117.04
2013-02-20,0.12,14.68,1.9,,116.23
2013-02-21,0.13,15.22,1.86,,114.19
2013-02-22,0.13,14.17,1.84,,113.74
2013-02-25,0.12,18.99,1.76,,114.55
2013-02-26,0.14,16.87,1.74,,112.96
2013-02-27,0.11,14.73,1.8,,112.24
2013-02-28,0.11,15.51,1.78,,112.2
2013-03-01,0.11,15.36,1.75,,110.14
2013-03-04,0.11,14.01,1.77,,109.9
2013-03-05,0.08,13.48,1.82,,110.42
2013-03-06,0.1,13.53,1.85,,110.27
2013-03-07,0.1,13.06,1.9,,110.42
2013-03-08,0.1,12.59,1.96,,108.91
2013-03-11,0.1,11.56,1.97,,108.64
2013-03-12,0.1,12.27,1.93,,108.48
2013-03-13,0.09,11.83,1.95,,107.51
2013-03-14,0.1,11.3,1.94,,108.1
2013-03-15,0.09,11.3,1.92,,109.32
2013-03-18,0.07,13.36,1.89,,108.54
2013-03-19,0.07,14.39,1.85,,106.91
2013-03-20,0.07,12.67,1.89,,108.27
2013-03-21,0.07,13.99,1.88,,106.41
2013-03-22,0.07,13.57,1.86,,106.51
2013-03-25,0.08,13.74,1.85,,106.66
2013-03-26,0.07,12.77,1.85,,107.1
2013-03-27,0.09,13.15,1.78,,108.51
2013-03-28,0.07,12.7,1.8,,108.46
2013-04-01,0.08,13.58,1.78,,108.76
2013-04-02,0.07,12.78,1.81,,109.66
2013-04-03,0.06,14.21,1.77,,107.82
2013-04-04,0.07,13.89,1.71,,105.09
2013-04-05,0.07,13.92,1.65,,103.98
2013-04-08,0.07,13.19,1.69,,103.16
2013-04-09,0.06,12.84,1.72,,104.08
2013-04-10,0.07,12.36,1.77,,104.8
2013-04-11,0.07,12.24,1.75,,103.62
2013-04-12,0.06,12.06,1.69,,100.58
2013-04-15,0.06,17.27,1.66,,99.32
2013-04-16,0.06,13.96,1.69,,97.88
2013-04-17,0.06,16.51,1.67,,96.84
2013-04-18,0.05,17.56,1.67,,97.48
2013-04-19,0.05,14.97,1.68,,98.94
2013-04-22,0.05,14.39,1.67,,99.07
2013-04-23,0.05,13.48,1.69,,99.25
2013-04-24,0.06,13.61,1.67,,100.71
2013-04-25,0.05,13.62,1.69,,101.62
2013-04-26,0.05,13.61,1.65,,102.39
2013-04-29,0.05,13.71,1.65,,102.88
2013-04-30,0.05,13.52,1.65,,101.53
2013-05-01,0.06,14.49,1.6,,98.34
2013-05-02,0.05,13.59,1.61,,100.32
2013-05-03,0.05,12.85,1.73,,104.6
2013-05-06,0.04,12.66,1.76,,105.0
2013-05-07,0.04,12.83,1.78,,105.18
2013-05-08,0.04,12.66,1.77,,103.79
2013-05-09,0.04,13.13,1.77,,103.59
2013-05-10,0.04,12.59,1.86,,101.31
2013-05-13,0.05,12.55,1.87,,102.17
2013-05-14,0.05,12.77,1.91,,102.7
2013-05-15,0.04,12.81,1.9,,101.57
2013-05-16,0.03,13.07,1.84,,104.27
2013-05-17,0.04,12.45,1.91,,103.83
2013-05-20,0.05,13.02,1.92,,104.55
2013-05-21,0.04,13.37,1.9,,103.1
2013-05-22,0.04,13.82,1.99,,102.14
2013-05-23,0.05,14.07,1.97,,100.46
2013-05-24,0.04,13.99,1.97,,101.24
2013-05-28,0.05,14.48,2.1,,103.77
2013-05-29,0.05,14.83,2.08,,102.14
2013-05-30,0.04,14.53,2.09,,101.79
2013-05-31,0.04,16.3,2.12,,100.43
2013-06-03,0.05,16.28,2.08,,101.63
2013-06-04,0.04,16.27,2.1,,102.04
2013-06-05,0.05,17.5,2.05,,103.51
2013-06-06,0.05,16.63,2.03,,103.37
2013-06-07,0.04,15.14,2.13,,104.07
2013-06-10,0.05,15.44,2.17,,103.87
2013-06-11,0.05,17.07,2.15,,101.5
2013-06-12,0.05,18.59,2.2,,103.11
2013-06-13,0.05,16.41,2.14,,103.38
2013-06-14,0.05,17.15,2.09,,105.1
2013-06-17,0.05,16.8,2.14,,105.8
2013-06-18,0.05,16.61,2.15,,105.21
2013-06-19,0.05,16.64,2.28,,105.56
2013-06-20,0.05,20.49,2.36,,102.72
2013-06-21,0.05,18.9,2.47,,100.36
2013-06-24,0.06,20.11,2.51,,99.8
2013-06-25,0.06,18.47,2.54,,101.51
2013-06-26,0.06,17.21,2.49,,100.62
2013-06-27,0.06,16.86,2.43,,102.74
2013-06-28,0.04,16.86,2.48,,102.49
2013-07-01,0.04,16.37,2.46,,103.19
2013-07-02,0.03,16.44,2.45,,103.96
2013-07-03,0.05,16.2,2.47,,106.12
2013-07-05,0.04,14.89,2.69,,107.46
2013-07-08,0.05,14.78,2.6,,107.75
2013-07-09,0.04,14.35,2.61,,107.9
2013-07-10,0.04,14.21,2.66,,108.43
2013-07-11,0.04,14.01,2.56,,108.18
2013-07-12,0.04,13.84,2.57,,109.03
2013-07-15,0.04,13.79,2.53,,109.05
2013-07-16,0.03,14.42,2.52,,109.29
2013-07-17,0.03,13.78,2.49,,109.67
2013-07-18,0.03,13.77,2.53,,109.71
2013-07-19,0.03,12.54,2.47,,109.34
2013-07-22,0.04,12.29,2.46,,108.82
2013-07-23,0.02,12.66,2.51,,109.27
2013-07-24,0.03,13.18,2.58,,108.23
2013-07-25,0.02,12.97,2.59,,108.1
2013-07-26,0.03,12.72,2.55,,107.57
2013-07-29,0.03,13.39,2.58,,108.1
2013-07-30,0.04,13.39,2.59,,107.47
2013-07-31,0.04,13.45,2.56,,107.89
2013-08-01,0.04,12.94,2.7,,109.94
2013-08-02,0.04,11.98,2.59,,109.63
2013-08-05,0.05,11.84,2.62,,109.81
2013-08-06,0.04,12.72,2.63,,108.77
2013-08-07,0.05,12.98,2.56,,108.39
2013-08-08,0.05,12.73,2.53,,107.32
2013-08-09,0.05,13.41,2.52,,108.49
2013-08-12,0.06,12.81,2.55,,109.28
2013-08-13,0.06,12.31,2.65,,110.69
2013-08-14,0.05,13.04,2.66,,110.26
2013-08-15,0.05,14.73,2.72,,111.58
2013-08-16,0.05,14.37,2.79,,111.82
2013-08-19,0.06,15.1,2.82,,111.41
2013-08-20,0.04,14.91,2.78,,110.74
2013-08-21,0.04,15.94,2.83,,110.82
2013-08-22,0.03,14.76,2.87,,110.51
2013-08-23,0.03,13.98,2.79,,112.12
2013-08-26,0.04,14.99,2.75,,112.23
2013-08-27,0.05,16.77,2.67,,115.21
2013-08-28,0.03,16.49,2.75,,116.27
2013-08-29,0.02,16.81,2.73,,116.91
2013-08-30,0.03,17.01,2.75,,115.97
2013-09-03,0.02,16.61,2.84,,115.49
2013-09-04,0.02,15.88,2.88,,115.65
2013-09-05,0.02,15.77,2.96,,115.81
2013-09-06,0.02,15.85,2.92,,117.15
2013-09-09,0.02,15.63,2.88,,115.2
2013-09-10,0.02,14.53,2.94,,112.1
2013-09-11,0.02,13.82,2.91,,112.37
2013-09-12,0.01,14.29,2.91,,113.11
2013-09-13,0.01,14.16,2.89,,113.31
2013-09-16,0.02,14.38,2.86,,110.86
2013-09-17,0.01,14.53,2.85,,109.05
2013-09-18,0.01,13.59,2.68,,109.09
2013-09-19,0.01,13.16,2.75,,110.66
2013-09-20,0.01,13.12,2.74,,110.22
2013-09-23,0.02,14.31,2.7,,108.56
2013-09-24,0.02,14.08,2.65,,107.68
2013-09-25,0.02,14.01,2.61,,109.46
2013-09-26,0.0,14.06,2.66,,108.86
2013-09-27,0.02,15.46,2.62,,109.45
2013-09-30,0.02,16.6,2.62,,107.85
2013-10-01,0.02,15.54,2.64,,107.32
2013-10-02,0.02,16.6,2.61,,109.09
2013-10-03,0.03,17.67,2.59,,109.49
2013-10-04,0.03,16.74,2.63,,109.42
2013-10-07,0.03,19.41,2.62,,109.66
2013-10-08,0.05,20.34,2.61,,110.56
2013-10-09,0.05,19.6,2.63,,109.02
2013-10-10,0.05,16.48,2.66,,111.63
2013-10-11,0.08,15.72,2.62,,110.65
2013-10-14,0.08,16.07,2.62,,110.13
2013-10-15,0.14,18.66,2.61,,110.67
2013-10-16,0.1,14.71,2.59,,110.79
2013-10-17,0.05,13.48,2.56,,109.55
2013-10-18,0.04,13.04,2.56,,109.4
2013-10-21,0.04,13.16,2.59,,109.47
2013-10-22,0.04,13.33,2.5,,109.57
2013-10-23,0.04,13.42,2.47,,107.74
2013-10-24,0.03,13.2,2.5,,106.63
2013-10-25,0.04,13.09,2.49,,105.7
2013-10-28,0.04,13.31,2.5,,108.29
2013-10-29,0.04,13.41,2.49,,108.04
2013-10-30,0.04,13.65,2.51,,108.41
2013-10-31,0.04,13.75,2.53,,107.53
2013-11-01,0.04,13.28,2.61,,105.78
2013-11-04,0.05,12.93,2.58,,104.85
2013-11-05,0.05,13.27,2.64,,105.01
2013-11-06,0.05,12.67,2.62,,105.46
2013-11-07,0.05,13.91,2.58,,103.08
2013-11-08,0.06,12.9,2.71,,104.29
2013-11-11,0.06,12.53,2.71,,105.76
2013-11-12,0.08,12.82,2.72,,106.29
2013-11-13,0.08,12.52,2.67,,106.9
2013-11-14,0.08,12.37,2.61,,108.29
2013-11-15,0.08,12.19,2.63,,108.25
2013-11-18,0.09,13.1,2.58,,108.8
2013-11-19,0.08,13.39,2.63,,108.29
2013-11-20,0.08,13.4,2.72,,108.27
2013-11-21,0.07,12.66,2.72,,109.9
2013-11-22,0.07,12.26,2.68,,111.36
2013-11-25,0.08,12.79,2.66,,110.83
2013-11-26,0.07,12.81,2.64,,112.04
2013-11-27,0.07,12.98,2.67,,111.32
2013-11-29,0.06,13.7,2.69,,111.07
2013-12-02,0.05,14.23,2.76,,111.49
2013-12-03,0.06,14.55,2.73,,113.06
2013-12-04,0.06,14.7,2.78,,113.27
2013-12-05,0.06,15.08,2.82,,112.07
2013-12-06,0.06,13.79,2.82,,111.5
2013-12-09,0.07,13.49,2.79,,110.07
2013-12-10,0.07,13.91,2.74,,108.91
2013-12-11,0.07,15.42,2.79,,109.47
2013-12-12,0.07,15.54,2.82,,108.99
2013-12-13,0.07,15.76,2.81,,108.08
2013-12-16,0.07,16.03,2.82,,110.3
2013-12-17,0.07,16.21,2.78,,108.91
2013-12-18,0.07,13.8,2.82,,109.56
2013-12-19,0.06,14.15,2.88,,110.78
2013-12-20,0.07,13.79,2.82,,112.15
2013-12-23,0.07,13.04,2.87,,111.58
2013-12-24,0.07,12.48,2.92,,111.57
2013-12-26,0.07,12.33,2.93,,111.65
2013-12-27,0.07,12.46,2.95,,112.06
2013-12-30,0.07,13.56,2.92,,110.47
2013-12-31,0.07,13.72,2.97,,109.95
2014-01-02,0.07,14.23,2.93,,107.94
2014-01-03,0.07,13.76,2.94,,106.57
2014-01-06,0.05,13.55,2.93,,106.71
2014-01-07,0.04,12.92,2.92,,107.01
2014-01-08,0.05,12.87,2.96,,107.42
2014-01-09,0.04,12.89,2.93,,107.49
2014-01-10,0.05,12.14,2.83,,106.44
2014-01-13,0.03,13.28,2.81,,108.02
2014-01-14,0.04,12.28,2.84,,107.12
2014-01-15,0.04,12.28,2.86,,108.09
2014-01-16,0.04,12.53,2.82,,107.46
2014-01-17,0.05,12.44,2.79,,108.45
2014-01-21,0.04,12.87,2.81,,109.17
2014-01-22,0.04,12.84,2.83,,109.69
2014-01-23,0.04,13.77,2.75,,109.69
2014-01-24,0.04,18.14,2.71,,109.14
2014-01-27,0.05,17.42,2.73,,108.72
2014-01-28,0.05,15.8,2.72,,109.1
2014-01-29,0.04,17.35,2.65,,108.83
2014-01-30,0.02,17.29,2.7,,109.36
2014-01-31,0.02,18.41,2.65,,108.16
2014-02-03,0.05,21.44,2.56,,106.55
2014-02-04,0.06,19.11,2.58,,107.04
2014-02-05,0.07,19.95,2.63,,106.81
2014-02-06,0.07,17.23,2.66,,108.15
2014-02-07,0.08,15.29,2.63,,110.12
2014-02-10,0.07,15.26,2.63,,110.18
2014-02-11,0.05,14.51,2.7,,109.21
2014-02-12,0.05,14.3,2.75,,108.62
2014-02-13,0.03,14.14,2.7,,108.98
2014-02-14,0.02,13.57,2.73,,108.63
2014-02-18,0.05,13.87,2.66,,110.14
2014-02-19,0.06,15.5,2.67,,110.37
2014-02-20,0.05,14.79,2.71,,109.42
2014-02-21,0.05,14.68,2.68,,109.03
2014-02-24,0.05,14.23,2.7,,109.76
2014-02-25,0.05,13.67,2.65,,109.19
2014-02-26,0.05,14.35,2.62,,109.39
2014-02-27,0.04,14.04,2.61,,108.54
2014-02-28,0.05,14.0,2.61,,108.98
2014-03-03,0.05,16.0,2.55,,111.26
2014-03-04,0.05,14.1,2.65,,109.17
2014-03-05,0.06,13.89,2.64,,108.15
2014-03-06,0.05,14.21,2.69,,107.99
2014-03-07,0.06,14.11,2.74,,109.14
2014-03-10,0.05,14.2,2.74,,108.27
2014-03-11,0.05,14.8,2.72,,108.35
2014-03-12,0.05,14.47,2.68,,107.88
2014-03-13,0.05,16.22,2.61,,107.48
2014-03-14,0.05,17.82,2.6,,108.08
2014-03-17,0.06,15.64,2.64,,106.99
2014-03-18,0.05,14.52,2.63,,106.79
2014-03-19,0.06,15.12,2.72,,105.95
2014-03-20,0.06,14.52,2.73,,105.73
2014-03-21,0.06,15.0,2.69,,107.2
2014-03-24,0.06,15.09,2.68,,106.59
2014-03-25,0.05,14.02,2.7,,107.01
2014-03-26,0.05,14.93,2.66,,105.9
2014-03-27,0.04,14.62,2.65,,106.58
2014-03-28,0.04,14.41,2.69,,106.64
2014-03-31,0.05,13.88,2.68,,105.95
2014-04-01,0.04,13.1,2.73,,105.7
2014-04-02,0.02,13.09,2.8,,103.37
2014-04-03,0.02,13.37,2.78,,104.88
2014-04-04,0.03,13.96,2.71,,106.41
2014-04-07,0.03,15.57,2.68,,104.89
2014-04-08,0.03,14.89,2.66,,105.83
2014-04-09,0.04,13.82,2.67,,107.39
2014-04-10,0.04,15.89,2.61,,107.1
2014-04-11,0.04,17.03,2.59,,107.34
2014-04-14,0.04,16.11,2.61,,107.68
2014-04-15,0.04,15.61,2.6,,109.1
2014-04-16,0.04,14.18,2.61,,109.71
2014-04-17,0.03,13.36,2.7,,109.79
2014-04-21,0.04,13.25,2.69,,109.69
2014-04-22,0.03,13.19,2.7,,108.54
2014-04-23,0.02,13.27,2.68,,108.48
2014-04-24,0.01,13.32,2.69,,109.79
2014-04-25,0.03,14.06,2.65,,109.53
2014-04-28,0.03,13.97,2.67,,109.12
2014-04-29,0.02,13.71,2.69,,109.89
2014-04-30,0.03,13.41,2.64,,108.63
2014-05-01,0.03,13.25,2.6,,108.63
2014-05-02,0.02,12.91,2.58,,109.48
2014-05-05,0.03,13.29,2.6,,109.48
2014-05-06,0.03,13.8,2.58,,108.3
2014-05-07,0.03,13.4,2.59,,108.17
2014-05-08,0.03,13.43,2.58,,108.19
2014-05-09,0.03,12.92,2.59,,108.26
2014-05-12,0.03,12.23,2.63,,108.37
2014-05-13,0.03,12.13,2.58,,108.78
2014-05-14,0.03,12.17,2.51,,109.87
2014-05-15,0.03,13.17,2.47,,109.74
2014-05-16,0.03,12.44,2.49,,110.9
2014-05-19,0.03,12.42,2.51,,110.84
2014-05-20,0.03,12.96,2.49,,110.35
2014-05-21,0.04,11.91,2.5,,111.32
2014-05-22,0.03,12.03,2.53,,110.89
2014-05-23,0.04,11.36,2.5,,110.19
2014-05-27,0.04,11.51,2.48,,109.81
2014-05-28,0.04,11.68,2.4,,109.09
2014-05-29,0.04,11.57,2.41,,109.98
2014-05-30,0.04,11.4,2.44,,109.21
2014-06-02,0.04,11.58,2.5,,109.34
2014-06-03,0.04,11.87,2.56,,108.87
2014-06-04,0.04,12.08,2.57,,109.07
2014-06-05,0.04,11.68,2.55,,108.43
2014-06-06,0.04,10.73,2.56,,109.21
2014-06-09,0.04,11.15,2.58,,110.55
2014-06-10,0.04,10.99,2.6,,109.18
2014-06-11,0.04,11.6,2.61,,109.83
2014-06-12,0.04,12.56,2.54,,112.18
2014-06-13,0.04,12.18,2.56,,113.15
2014-06-16,0.04,12.65,2.57,,113.42
2014-06-17,0.04,12.06,2.62,,114.02
2014-06-18,0.03,10.61,2.58,,114.25
2014-06-19,0.02,10.62,2.62,,115.19
2014-06-20,0.02,10.85,2.61,,114.55
2014-06-23,0.03,10.98,2.6,,113.62
2014-06-24,0.03,12.13,2.56,,113.74
2014-06-25,0.03,11.59,2.54,,112.84
2014-06-26,0.04,11.63,2.49,,112.61
2014-06-27,0.03,11.26,2.51,,112.62
2014-06-30,0.04,11.57,2.49,,111.03
2014-07-01,0.02,11.15,2.56,,110.84
2014-07-02,0.02,10.82,2.62,,110.18
2014-07-03,0.01,10.32,2.64,,108.98
2014-07-07,0.04,11.33,2.59,,108.7
2014-07-08,0.03,11.98,2.55,,107.65
2014-07-09,0.03,11.65,2.54,,106.84
2014-07-10,0.02,12.59,2.53,,106.2
2014-07-11,0.02,12.08,2.51,,105.77
2014-07-14,0.03,11.82,2.52,,104.73
2014-07-15,0.02,11.96,2.54,,104.73
2014-07-16,0.02,11.0,2.53,,105.41
2014-07-17,0.02,14.54,2.45,,106.04
2014-07-18,0.02,12.06,2.48,,106.03
2014-07-21,0.03,12.81,2.46,,105.71
2014-07-22,0.03,12.24,2.45,,106.48
2014-07-23,0.03,11.52,2.45,,106.85
2014-07-24,0.03,11.84,2.49,,105.78
2014-07-25,0.03,12.69,2.45,,106.89
2014-07-28,0.04,12.56,2.46,,106.7
2014-07-29,0.02,13.28,2.45,,106.98
2014-07-30,0.04,13.33,2.53,,106.47
2014-07-31,0.03,16.95,2.55,,104.94
2014-08-01,0.03,17.03,2.49,,103.45
2014-08-04,0.04,15.12,2.47,,103.63
2014-08-05,0.03,16.87,2.46,,102.82
2014-08-06,0.03,16.37,2.46,,104.17
2014-08-07,0.03,16.66,2.4,,104.02
2014-08-08,0.03,15.77,2.41,,103.36
2014-08-11,0.04,14.23,2.4,,103.47
2014-08-12,0.03,14.13,2.43,,101.68
2014-08-13,0.04,12.9,2.39,,102.27
2014-08-14,0.04,12.42,2.36,,101.15
2014-08-15,0.03,13.15,2.31,,101.13
2014-08-18,0.03,12.32,2.36,,99.37
2014-08-19,0.03,12.21,2.37,,99.74
2014-08-20,0.04,11.78,2.39,,99.92
2014-08-21,0.02,11.76,2.39,,100.28
2014-08-22,0.03,11.47,2.37,,100.09
2014-08-25,0.04,11.7,2.35,,100.49
2014-08-26,0.03,11.63,2.36,,100.5
2014-08-27,0.04,11.78,2.33,,100.4
2014-08-28,0.03,12.05,2.31,,100.71
2014-08-29,0.03,11.98,2.32,,101.12
2014-09-02,0.03,12.25,2.39,,100.21
2014-09-03,0.03,12.36,2.38,,100.88
2014-09-04,0.03,12.64,2.42,,101.21
2014-09-05,0.03,12.09,2.43,,99.51
2014-09-08,0.02,12.66,2.46,,99.53
2014-09-09,0.02,13.5,2.48,,98.08
2014-09-10,0.02,12.88,2.52,,96.26
2014-09-11,0.02,12.8,2.52,,96.42
2014-09-12,0.02,13.31,2.6,,96.31
2014-09-15,0.02,14.12,2.58,,96.43
2014-09-16,0.02,12.73,2.58,,97.39
2014-09-17,0.02,12.65,2.6,,97.7
2014-09-18,0.02,12.03,2.61,,96.82
2014-09-19,0.02,12.11,2.57,,96.75
2014-09-22,0.01,13.69,2.56,,95.37
2014-09-23,0.01,14.93,2.53,,94.87
2014-09-24,0.02,13.27,2.55,,94.53
2014-09-25,0.01,15.64,2.51,,95.2
2014-09-26,0.01,14.85,2.53,,95.08
2014-09-29,0.02,15.98,2.48,,95.7
2014-09-30,0.02,16.31,2.5,,94.67
2014-10-01,0.02,16.71,2.4,,94.57
2014-10-02,0.01,16.16,2.43,,91.29
2014-10-03,0.01,14.55,2.44,,90.8
2014-10-06,0.02,15.46,2.41,,90.65
2014-10-07,0.02,17.2,2.34,,90.9
2014-10-08,0.01,15.11,2.34,,90.25
2014-10-09,0.01,18.76,2.33,,90.47
2014-10-10,0.01,21.24,2.3,,88.66
2014-10-13,0.01,24.64,2.3,,87.82
2014-10-14,0.02,22.79,2.19,,86.36
2014-10-15,0.02,26.25,2.13,,84.02
2014-10-16,0.03,25.2,2.14,,84.02
2014-10-17,0.02,21.99,2.2,,85.27
2014-10-20,0.02,18.57,2.18,,84.42
2014-10-21,0.02,16.08,2.21,,85.17
2014-10-22,0.02,17.87,2.23,,86.38
2014-10-23,0.01,16.53,2.28,,85.94
2014-10-24,0.01,16.11,2.28,,86.0
2014-10-27,0.02,16.04,2.25,,85.64
2014-10-28,0.02,14.39,2.28,,85.57
2014-10-29,0.03,15.15,2.31,,86.91
2014-10-30,0.01,14.52,2.31,,85.5
2014-10-31,0.01,14.03,2.34,,84.17
2014-11-03,0.02,14.73,2.34,,84.9
2014-11-04,0.03,14.89,2.32,,82.12
2014-11-05,0.03,14.17,2.33,,82.88
2014-11-06,0.03,13.67,2.36,,82.08
2014-11-07,0.03,13.12,2.29,,83.2
2014-11-10,0.02,12.67,2.36,,82.9
2014-11-11,0.02,12.92,2.36,,80.94
2014-11-12,0.02,13.02,2.35,,80.42
2014-11-13,0.02,13.79,2.33,,77.74
2014-11-14,0.02,13.31,2.3,,77.51
2014-11-17,0.03,13.99,2.31,,76.86
2014-11-18,0.02,13.86,2.3,,77.23
2014-11-19,0.01,13.96,2.35,,77.21
2014-11-20,0.02,13.58,2.32,,77.61
2014-11-21,0.01,12.9,2.3,,79.2
2014-11-24,0.02,12.62,2.28,,79.62
2014-11-25,0.02,12.25,2.25,,77.62
2014-11-26,0.02,12.07,2.22,,77.39
2014-11-28,0.02,13.33,2.16,,71.89
2014-12-01,0.03,14.29,2.19,,70.87
2014-12-02,0.03,12.85,2.25,,71.13
2014-12-03,0.01,12.47,2.28,,70.13
2014-12-04,0.02,12.38,2.23,,68.48
2014-12-05,0.02,11.82,2.29,,68.0
2014-12-08,0.03,14.21,2.23,,65.64
2014-12-09,0.04,14.89,2.18,,66.11
2014-12-10,0.03,18.53,2.15,,63.32
2014-12-11,0.03,20.08,2.16,,63.65
2014-12-12,0.02,21.08,2.08,,61.67
2014-12-15,0.04,20.42,2.08,,61.09
2014-12-16,0.03,23.57,2.04,,60.26
2014-12-17,0.03,19.44,2.11,,59.84
2014-12-18,0.04,16.81,2.18,,58.81
2014-12-19,0.04,16.49,2.13,,58.87
2014-12-22,0.05,15.25,2.12,,58.31
2014-12-23,0.03,14.8,2.23,,59.07
2014-12-24,0.01,14.37,2.26,,58.67
2014-12-26,0.01,14.5,2.24,,58.72
2014-12-29,0.03,15.06,2.19,,57.86
2014-12-30,0.03,15.92,2.17,,55.6
2014-12-31,0.04,19.2,2.13,,55.27
2015-01-02,0.02,17.79,2.1,,55.38
2015-01-05,0.03,19.92,2.01,,51.08
2015-01-06,0.03,21.12,1.94,,50.12
2015-01-07,0.03,19.31,1.93,,49.06
2015-01-08,0.03,17.01,2.0,,49.43
2015-01-09,0.02,17.55,1.96,,47.64
2015-01-12,0.03,19.6,1.89,,46.9
2015-01-13,0.03,20.56,1.88,,45.13
2015-01-14,0.04,21.48,1.82,,45.82
2015-01-15,0.03,22.39,1.74,,47.66
2015-01-16,0.03,20.95,1.8,,47.38
2015-01-20,0.03,19.89,1.79,,46.49
2015-01-21,0.03,18.85,1.84,,46.5
2015-01-22,0.03,16.4,1.87,,46.09
2015-01-23,0.02,16.66,1.79,,46.69
2015-01-26,0.03,15.52,1.8,,46.07
2015-01-27,0.02,17.22,1.81,,46.55
2015-01-28,0.02,20.44,1.71,,47.07
2015-01-29,0.03,18.76,1.74,,46.61
2015-01-30,0.02,20.97,1.66,,47.52
2015-02-02,0.02,19.43,1.66,,51.74
2015-02-03,0.02,17.33,1.77,,54.41
2015-02-04,0.01,18.33,1.8,,55.07
2015-02-05,0.02,16.85,1.81,,55.98
2015-02-06,0.02,17.29,1.93,,55.88
2015-02-09,0.01,18.55,1.95,,57.0
2015-02-10,0.01,17.23,2.0,,55.79
2015-02-11,0.01,16.96,1.99,,53.48
2015-02-12,0.02,15.34,1.97,,56.23
2015-02-13,0.01,14.69,2.01,,60.33
2015-02-17,0.02,15.8,2.12,,60.78
2015-02-18,0.02,15.45,2.05,,60.72
2015-02-19,0.02,15.29,2.09,,58.78
2015-02-20,0.02,14.3,2.11,,60.99
2015-02-23,0.02,14.56,2.04,,59.78
2015-02-24,0.02,13.69,1.97,,60.33
2015-02-25,0.02,13.84,1.94,,59.77
2015-02-26,0.03,13.91,2.0,,61.39
2015-02-27,0.02,13.34,1.98,,61.89
2015-03-02,0.02,13.04,2.06,,60.75
2015-03-03,0.02,13.86,2.1,,61.18
2015-03-04,0.01,14.23,2.11,,59.18
2015-03-05,0.02,14.04,2.09,,60.33
2015-03-06,0.01,15.2,2.23,,59.15
2015-03-09,0.02,15.06,2.18,,58.67
2015-03-10,0.02,16.69,2.12,,55.95
2015-03-11,0.03,16.87,2.08,,56.46
2015-03-12,0.03,15.42,2.07,,56.66
2015-03-13,0.03,16.0,2.1,,54.8
2015-03-16,0.05,15.61,2.05,,52.0
2015-03-17,0.05,15.66,2.01,,52.17
2015-03-18,0.03,13.97,1.9,,52.59
2015-03-19,0.03,14.07,1.95,,52.96
2015-03-20,0.01,13.02,1.92,,53.88
2015-03-23,0.03,13.41,1.89,,53.82
2015-03-24,0.02,13.62,1.86,,53.61
2015-03-25,0.04,15.44,1.89,,54.18
2015-03-26,0.03,15.8,1.98,,57.02
2015-03-27,0.04,15.07,1.91,,56.44
2015-03-30,0.04,14.51,1.92,,53.99
2015-03-31,0.03,15.29,1.91,,53.69
2015-04-01,0.03,15.11,1.84,,55.73
2015-04-02,0.02,14.67,1.9,,55.73
2015-04-06,0.03,14.74,1.89,,55.73
2015-04-07,0.02,14.78,1.87,,57.55
2015-04-08,0.03,13.98,1.89,,56.42
2015-04-09,0.03,13.09,1.94,,56.04
2015-04-10,0.02,12.58,1.94,,56.82
2015-04-13,0.03,13.94,1.91,,57.14
2015-04-14,0.02,13.67,1.88,,57.69
2015-04-15,0.02,12.84,1.89,,59.32
2015-04-16,0.02,12.6,1.88,,60.13
2015-04-17,0.01,13.89,1.86,,61.31
2015-04-20,0.03,13.3,1.87,,61.2
2015-04-21,0.03,13.25,1.89,,60.12
2015-04-22,0.03,12.71,1.96,,60.12
2015-04-23,0.03,12.48,1.93,,62.66
2015-04-24,0.03,12.29,1.9,,62.96
2015-04-27,0.02,13.12,1.92,,62.86
2015-04-28,0.02,12.41,1.98,,62.61
2015-04-29,0.01,13.39,2.05,,63.97
2015-04-30,0.01,14.55,2.04,,63.9
2015-05-01,0.01,12.7,2.11,,64.13
2015-05-04,0.02,12.85,2.14,,64.62
2015-05-05,0.01,14.31,2.18,,65.44
2015-05-06,0.02,15.15,2.23,,66.22
2015-05-07,0.01,15.13,2.17,,64.93
2015-05-08,0.01,12.86,2.15,,63.82
2015-05-11,0.02,13.85,2.26,,62.82
2015-05-12,0.03,13.86,2.25,,65.09
2015-05-13,0.02,13.76,2.25,,66.33
2015-05-14,0.01,12.74,2.22,,65.58
2015-05-15,0.02,12.38,2.12,,64.69
2015-05-18,0.02,12.73,2.21,,65.15
2015-05-19,0.02,12.85,2.25,,63.48
2015-05-20,0.02,12.88,2.24,,63.52
2015-05-21,0.02,12.11,2.17,,64.7
2015-05-22,0.02,12.13,2.19,,64.7
2015-05-26,0.02,14.06,2.12,,61.65
2015-05-27,0.01,13.27,2.13,,61.35
2015-05-28,0.01,13.31,2.12,,60.12
2015-05-29,0.01,13.84,2.11,,63.16
2015-06-01,0.02,13.97,2.17,,62.87
2015-06-02,0.01,14.24,2.26,,63.14
2015-06-03,0.02,13.66,2.36,,62.78
2015-06-04,0.02,14.71,2.29,,60.34
2015-06-05,0.03,14.21,2.38,,60.36
2015-06-08,0.02,15.29,2.37,,61.33
2015-06-09,0.02,14.47,2.4,,63.23
2015-06-10,0.02,13.22,2.48,,64.68
2015-06-11,0.01,12.85,2.38,,63.76
2015-06-12,0.02,13.78,2.37,,63.19
2015-06-15,0.02,15.39,2.34,,60.99
2015-06-16,0.01,14.81,2.31,,60.75
2015-06-17,0.01,14.5,2.31,,60.75
2015-06-18,0.01,13.19,2.34,,61.37
2015-06-19,0.01,13.96,2.25,,59.41
2015-06-22,0.01,12.74,2.36,,60.54
2015-06-23,0.01,12.11,2.41,,61.67
2015-06-24,0.01,13.26,2.37,,61.63
2015-06-25,0.01,14.01,2.39,,60.24
2015-06-26,0.01,14.02,2.48,,60.14
2015-06-29,0.02,18.85,2.31,,59.03
2015-06-30,0.01,18.23,2.34,,60.31
2015-07-01,0.01,16.09,2.42,,61.65
2015-07-02,0.01,16.79,2.39,,61.73
2015-07-06,0.02,17.01,2.28,,57.19
2015-07-07,0.02,16.09,2.25,,54.72
2015-07-08,0.02,19.66,2.2,,55.7
2015-07-09,0.03,19.97,2.29,,57.83
2015-07-10,0.01,16.83,2.41,,57.72
2015-07-13,0.02,13.9,2.42,,57.63
2015-07-14,0.01,13.37,2.4,,57.2
2015-07-15,0.02,13.23,2.34,,57.34
2015-07-16,0.02,12.11,2.34,,57.31
2015-07-17,0.03,11.95,2.31,,56.38
2015-07-20,0.04,12.25,2.34,,56.42
2015-07-21,0.03,12.22,2.32,,55.94
2015-07-22,0.04,12.12,2.29,,56.36
2015-07-23,0.03,12.64,2.25,,55.76
2015-07-24,0.04,13.74,2.23,,54.29
2015-07-27,0.05,15.6,2.18,,54.07
2015-07-28,0.05,13.44,2.21,,54.3
2015-07-29,0.06,12.5,2.23,,54.73
2015-07-30,0.07,12.13,2.21,,54.29
2015-07-31,0.08,12.12,2.12,,53.29
2015-08-03,0.08,12.56,2.08,,49.49
2015-08-04,0.08,13.0,2.15,,49.08
2015-08-05,0.08,12.51,2.2,,49.04
2015-08-06,0.04,13.77,2.19,,47.8
2015-08-07,0.06,13.39,2.12,,47.54
2015-08-10,0.12,12.23,2.12,,48.3
2015-08-11,0.1,13.71,2.05,,47.33
2015-08-12,0.1,13.61,2.04,,48.29
2015-08-13,0.1,13.49,2.09,,48.01
2015-08-14,0.09,12.83,2.11,,47.79
2015-08-17,0.1,13.02,2.06,,47.77
2015-08-18,0.07,13.79,2.13,,47.0
2015-08-19,0.05,15.25,2.07,,45.75
2015-08-20,0.02,19.14,2.07,,45.63
2015-08-21,0.03,28.03,2.02,,43.84
2015-08-24,0.06,40.74,1.95,,41.59
2015-08-25,0.07,36.02,2.05,,41.86
2015-08-26,0.06,30.32,2.12,,41.76
2015-08-27,0.06,26.1,2.12,,44.46
2015-08-28,0.06,26.05,2.13,,47.97
2015-08-31,0.08,28.43,2.13,,47.97
2015-09-01,0.03,31.4,2.14,,48.8
2015-09-02,0.03,26.09,2.17,,47.67
2015-09-03,0.02,25.61,2.16,,50.41
2015-09-04,0.02,27.8,2.11,,48.59
2015-09-08,0.06,24.9,2.14,,48.88
2015-09-09,0.03,26.23,2.18,,48.04
2015-09-10,0.02,24.37,2.21,,47.77
2015-09-11,0.04,23.2,2.16,,46.87
2015-09-14,0.07,24.25,2.11,,45.87
2015-09-15,0.07,22.54,2.21,,45.91
2015-09-16,0.06,21.35,2.24,,49.35
2015-09-17,0.01,21.14,2.2,,48.27
2015-09-18,0.0,22.28,2.13,,47.28
2015-09-21,0.01,20.14,2.19,,47.64
2015-09-22,0.0,22.44,2.14,,46.69
2015-09-23,0.01,22.13,2.15,,48.0
2015-09-24,0.01,23.47,2.12,,47.06
2015-09-25,0.0,23.62,2.17,,47.28
2015-09-28,0.01,27.63,2.09,,46.04
2015-09-29,0.01,26.83,2.04,,47.58
2015-09-30,0.0,24.5,2.06,,47.29
2015-10-01,0.0,22.55,2.05,,47.48
2015-10-02,0.0,20.94,1.99,,46.55
2015-10-05,0.01,19.54,2.06,,49.45
2015-10-06,0.0,19.4,2.05,,51.34
2015-10-07,0.0,18.4,2.08,,51.66
2015-10-08,0.0,17.42,2.12,,52.13
2015-10-09,0.01,17.08,2.11,,52.08
2015-10-12,0.01,16.17,2.11,,50.95
2015-10-13,0.01,17.67,2.05,,48.94
2015-10-14,0.0,18.03,1.99,,48.25
2015-10-15,0.01,16.05,2.03,,47.87
2015-10-16,0.01,15.05,2.03,,48.96
2015-10-19,0.02,14.98,2.02,,47.51
2015-10-20,0.02,15.75,2.06,,46.93
2015-10-21,0.01,16.7,2.03,,46.72
2015-10-22,0.0,14.45,2.04,,46.59
2015-10-23,0.01,14.46,2.08,,46.3
2015-10-26,0.02,15.29,2.05,,46.57
2015-10-27,0.03,15.43,2.02,,45.54
2015-10-28,0.04,14.33,2.06,,47.6
2015-10-29,0.07,14.61,2.12,,48.04
2015-10-30,0.08,15.07,2.08,,48.0
2015-11-02,0.08,14.15,2.12,,47.91
2015-11-03,0.06,14.54,2.17,,48.0
2015-11-04,0.05,15.51,2.2,,46.96
2015-11-05,0.05,15.05,2.21,,47.19
2015-11-06,0.08,14.33,2.26,,46.09
2015-11-09,0.14,16.52,2.22,,45.38
2015-11-10,0.13,15.29,2.19,,46.44
2015-11-11,0.13,16.06,2.19,,44.98
2015-11-12,0.14,18.37,2.18,,44.98
2015-11-13,0.14,20.08,2.14,,41.98
2015-11-16,0.15,18.16,2.12,,40.28
2015-11-17,0.14,18.84,2.11,,41.28
2015-11-18,0.12,16.85,2.15,,41.45
2015-11-19,0.11,16.99,2.13,,42.22
2015-11-20,0.12,15.47,2.14,,42.49
2015-11-23,0.14,15.62,2.11,,43.7
2015-11-24,0.16,15.93,2.08,,44.38
2015-11-25,0.19,15.19,2.04,,43.56
2015-11-27,0.18,15.12,2.04,,43.07
2015-11-30,0.22,16.13,1.99,,43.73
2015-12-01,0.21,14.67,1.94,,42.97
2015-12-02,0.21,15.91,1.97,,41.92
2015-12-03,0.21,18.11,2.12,,42.0
2015-12-04,0.23,14.81,2.05,,41.44
2015-12-07,0.29,15.84,1.94,,39.69
2015-12-08,0.27,17.6,1.97,,39.44
2015-12-09,0.26,19.61,1.96,,39.04
2015-12-10,0.24,19.34,2.0,,38.65
2015-12-11,0.23,24.39,1.9,,36.99
2015-12-14,0.26,22.73,1.97,,36.51
2015-12-15,0.25,20.95,2.03,,37.66
2015-12-16,0.27,17.86,2.03,,36.96
2015-12-17,0.23,18.94,2.01,,36.29
2015-12-18,0.19,20.7,2.0,,36.76
2015-12-21,0.24,18.7,1.96,,35.34
2015-12-22,0.21,16.6,2.03,,35.26
2015-12-23,0.2,15.57,2.07,,35.79
2015-12-24,0.2,15.74,2.05,,37.22
2015-12-28,0.23,16.91,2.01,,37.08
2015-12-29,0.23,16.08,2.09,,36.85
2015-12-30,0.21,17.29,2.1,,35.65
2015-12-31,0.16,18.21,2.11,,36.61
2016-01-04,0.22,20.7,2.02,,36.28
2016-01-05,0.2,19.34,2.05,,35.56
2016-01-06,0.21,20.59,1.97,,33.89
2016-01-07,0.2,24.99,1.96,,33.57
2016-01-08,0.2,27.01,1.93,,31.67
2016-01-11,0.21,24.3,1.96,,30.14
2016-01-12,0.21,22.47,1.91,,29.14
2016-01-13,0.22,25.22,1.86,,28.58
2016-01-14,0.25,23.95,1.85,,28.84
2016-01-15,0.24,27.02,1.79,,28.8
2016-01-19,0.26,26.05,1.8,,27.36
2016-01-20,0.26,27.59,1.75,,26.01
2016-01-21,0.28,26.69,1.74,,27.59
2016-01-22,0.31,22.34,1.76,,30.46
2016-01-25,0.31,24.15,1.72,,29.82
2016-01-26,0.31,22.5,1.7,,30.94
2016-01-27,0.32,23.11,1.7,,31.83
2016-01-28,0.35,22.42,1.65,,33.01
2016-01-29,0.33,20.2,1.61,,33.14
2016-02-01,0.35,19.98,1.62,,32.45
2016-02-02,0.34,21.98,1.53,,30.98
2016-02-03,0.33,21.65,1.55,,32.38
2016-02-04,0.29,21.84,1.58,,32.76
2016-02-05,0.3,23.38,1.56,,32.35
2016-02-08,0.32,26.0,1.43,,31.64
2016-02-09,0.3,26.54,1.44,,30.15
2016-02-10,0.31,26.29,1.4,,29.64
2016-02-11,0.28,28.14,1.35,,28.82
2016-02-12,0.3,25.4,1.44,,31.8
2016-02-16,0.3,24.11,1.48,,31.09
2016-02-17,0.3,22.31,1.51,,33.21
2016-02-18,0.3,21.64,1.45,,33.2
2016-02-19,0.31,20.53,1.45,,31.66
2016-02-22,0.33,19.38,1.44,,33.59
2016-02-23,0.32,20.98,1.42,,31.9
2016-02-24,0.33,20.72,1.42,,31.5
2016-02-25,0.32,19.11,1.39,,32.83
2016-02-26,0.33,19.81,1.43,,35.76
2016-02-29,0.33,20.55,1.41,,35.92
2016-03-01,0.33,17.7,1.5,,35.73
2016-03-02,0.36,17.09,1.48,,36.38
2016-03-03,0.28,16.7,1.55,,35.75
2016-03-04,0.29,16.86,1.59,,37.61
2016-03-07,0.32,17.35,1.59,,39.02
2016-03-08,0.29,18.67,1.54,,39.16
2016-03-09,0.3,18.34,1.6,,40.26
2016-03-10,0.32,18.05,1.61,,38.63
2016-03-11,0.33,16.5,1.65,,39.41
2016-03-14,0.34,16.92,1.63,,38.06
2016-03-15,0.34,16.84,1.63,,37.49
2016-03-16,0.31,14.99,1.63,,38.38
2016-03-17,0.29,14.44,1.62,,39.29
2016-03-18,0.3,14.02,1.58,,39.26
2016-03-21,0.31,13.79,1.61,,39.91
2016-03-22,0.3,14.17,1.64,,40.54
2016-03-23,0.3,14.94,1.58,,38.84
2016-03-24,0.3,14.74,1.61,,38.33
2016-03-28,0.29,15.24,1.6,,38.33
2016-03-29,0.23,13.82,1.58,,36.75
2016-03-30,0.2,13.56,1.63,,36.75
2016-03-31,0.21,13.95,1.57,,36.75
2016-04-01,0.23,13.1,1.56,,36.42
2016-04-04,0.23,14.12,1.55,,36.05
2016-04-05,0.23,15.42,1.5,,35.88
2016-04-06,0.23,14.09,1.53,,37.77
2016-04-07,0.23,16.16,1.47,,37.15
2016-04-08,0.23,15.36,1.49,,40.71
2016-04-11,0.23,16.26,1.5,,41.58
2016-04-12,0.22,14.85,1.57,,43.02
2016-04-13,0.23,13.84,1.54,,42.81
2016-04-14,0.22,13.72,1.58,,43.02
2016-04-15,0.22,13.62,1.54,,41.32
2016-04-18,0.22,13.35,1.56,,41.64
2016-04-19,0.21,13.24,1.58,,43.02
2016-04-20,0.23,13.28,1.62,,43.09
2016-04-21,0.23,13.95,1.65,,43.48
2016-04-22,0.23,13.22,1.66,,43.97
2016-04-25,0.25,14.08,1.66,,42.97
2016-04-26,0.24,13.96,1.7,,43.94
2016-04-27,0.24,13.77,1.63,,44.17
2016-04-28,0.22,15.22,1.62,,45.6
2016-04-29,0.22,15.7,1.61,,45.64
2016-05-02,0.22,14.68,1.66,,45.82
2016-05-03,0.21,15.6,1.6,,43.09
2016-05-04,0.19,16.05,1.6,,43.08
2016-05-05,0.2,15.91,1.56,,44.39
2016-05-06,0.19,14.72,1.6,,44.6
2016-05-09,0.24,14.57,1.53,,42.43
2016-05-10,0.24,13.63,1.53,,44.01
2016-05-11,0.26,14.69,1.47,,46.08
2016-05-12,0.27,14.41,1.48,,46.43
2016-05-13,0.29,15.04,1.42,,47.05
2016-05-16,0.28,14.68,1.47,,48.49
2016-05-17,0.28,15.57,1.48,,48.71
2016-05-18,0.3,15.95,1.57,,48.93
2016-05-19,0.31,16.33,1.54,,47.01
2016-05-20,0.33,15.2,1.52,,48.54
2016-05-23,0.35,15.82,1.49,,47.77
2016-05-24,0.35,14.42,1.51,,48.42
2016-05-25,0.33,13.9,1.54,,48.87
2016-05-26,0.31,13.43,1.52,,49.52
2016-05-27,0.32,13.12,1.53,,49.09
2016-05-31,0.34,14.19,1.5,,49.26
2016-06-01,0.3,14.2,1.55,,48.81
2016-06-02,0.29,13.63,1.52,,49.05
2016-06-03,0.3,13.47,1.41,,48.5
2016-06-06,0.28,13.65,1.45,,48.94
2016-06-07,0.28,14.05,1.44,,49.76
2016-06-08,0.24,14.08,1.47,,50.73
2016-06-09,0.26,14.64,1.42,,50.59
2016-06-10,0.26,17.03,1.38,,49.7
2016-06-13,0.27,20.97,1.35,,49.36
2016-06-14,0.27,20.5,1.35,,47.88
2016-06-15,0.26,20.14,1.34,,47.47
2016-06-16,0.27,19.37,1.3,,45.66
2016-06-17,0.27,19.41,1.35,,46.57
2016-06-20,0.28,18.37,1.39,,48.68
2016-06-21,0.27,18.48,1.44,,48.18
2016-06-22,0.27,21.17,1.42,,48.43
2016-06-23,0.31,17.25,1.43,,48.63
2016-06-24,0.27,25.76,1.3,,46.69
2016-06-27,0.27,23.85,1.19,,45.07
2016-06-28,0.26,18.75,1.2,,46.29
2016-06-29,0.26,16.64,1.24,,48.4
2016-06-30,0.26,15.63,1.23,,48.05
2016-07-01,0.28,14.77,1.18,,47.65
2016-07-05,0.28,15.58,1.09,,45.64
2016-07-06,0.27,14.96,1.11,,45.7
2016-07-07,0.29,14.76,1.11,,45.93
2016-07-08,0.28,13.2,1.09,,44.53
2016-07-11,0.31,13.54,1.12,,44.04
2016-07-12,0.29,13.55,1.24,,46.72
2016-07-13,0.31,13.04,1.17,,44.67
2016-07-14,0.32,12.82,1.21,,46.01
2016-07-15,0.32,12.67,1.28,,46.25
2016-07-18,0.32,12.44,1.27,,45.35
2016-07-19,0.31,11.97,1.25,,45.7
2016-07-20,0.32,11.77,1.27,,45.82
2016-07-21,0.32,12.74,1.25,,44.99
2016-07-22,0.33,12.02,1.24,,44.24
2016-07-25,0.32,12.87,1.26,,43.76
2016-07-26,0.31,13.05,1.26,,43.56
2016-07-27,0.31,12.83,1.21,,42.78
2016-07-28,0.25,12.72,1.27,,41.87
2016-07-29,0.28,11.87,1.18,,40.76
2016-08-01,0.29,12.44,1.22,,40.17
2016-08-02,0.29,13.37,1.26,,40.0
2016-08-03,0.28,12.86,1.27,,40.45
2016-08-04,0.26,12.42,1.25,,41.33
2016-08-05,0.28,11.39,1.31,,42.47
2016-08-08,0.31,11.5,1.28,,43.24
2016-08-09,0.29,11.66,1.26,,43.37
2016-08-10,0.28,12.05,1.22,,42.19
2016-08-11,0.28,11.68,1.29,,44.23
2016-08-12,0.29,11.55,1.22,,45.12
2016-08-15,0.31,11.81,1.24,,47.31
2016-08-16,0.27,12.64,1.3,,48.27
2016-08-17,0.3,12.19,1.26,,48.58
2016-08-18,0.3,11.43,1.23,,49.46
2016-08-19,0.3,11.34,1.28,,49.39
2016-08-22,0.29,12.27,1.26,,48.1
2016-08-23,0.3,12.38,1.25,,48.7
2016-08-24,0.31,13.45,1.25,,47.56
2016-08-25,0.33,13.63,1.25,,49.25
2016-08-26,0.34,13.65,1.28,,49.66
2016-08-29,0.33,12.94,1.24,,49.66
2016-08-30,0.33,13.12,1.24,,47.94
2016-08-31,0.33,13.42,1.25,,47.94
2016-09-01,0.33,13.48,1.24,,45.05
2016-09-02,0.33,11.98,1.27,,45.96
2016-09-06,0.32,12.02,1.23,,46.21
2016-09-07,0.34,11.94,1.2,,47.0
2016-09-08,0.35,12.51,1.26,,49.23
2016-09-09,0.35,17.5,1.32,,48.37
2016-09-12,0.37,15.16,1.31,,47.82
2016-09-13,0.36,17.85,1.37,,46.48
2016-09-14,0.33,18.14,1.37,,45.65
2016-09-15,0.29,16.3,1.42,,45.83
2016-09-16,0.3,15.37,1.4,,45.26
2016-09-19,0.3,15.53,1.4,,46.04
2016-09-20,0.3,15.92,1.39,,45.24
2016-09-21,0.22,13.3,1.44,,45.99
2016-09-22,0.18,12.02,1.45,,47.21
2016-09-23,0.18,12.29,1.44,,46.71
2016-09-26,0.25,14.5,1.34,,46.61
2016-09-27,0.26,13.1,1.3,,44.95
2016-09-28,0.27,12.39,1.3,,45.49
2016-09-29,0.26,14.02,1.3,,48.43
2016-09-30,0.29,13.29,1.31,,48.24
2016-10-03,0.32,13.57,1.31,,48.61
2016-10-04,0.33,13.63,1.36,,48.81
2016-10-05,0.32,12.99,1.4,,49.57
2016-10-06,0.33,12.84,1.42,,50.14
2016-10-07,0.33,13.48,1.4,,50.49
2016-10-10,0.33,13.38,1.4,,51.54
2016-10-11,0.35,15.36,1.42,,50.48
2016-10-12,0.37,15.91,1.42,,49.53
2016-10-13,0.3,16.69,1.45,,49.29
2016-10-14,0.32,16.12,1.48,,48.87
2016-10-17,0.34,16.21,1.43,,49.31
2016-10-18,0.34,15.28,1.41,,49.81
2016-10-19,0.35,14.41,1.41,,51.85
2016-10-20,0.35,13.75,1.41,,50.42
2016-10-21,0.34,13.34,1.4,,50.28
2016-10-24,0.33,13.02,1.44,,49.8
2016-10-25,0.34,13.46,1.43,,49.08
2016-10-26,0.33,14.24,1.46,,48.98
2016-10-27,0.3,15.36,1.55,,49.13
2016-10-28,0.3,16.19,1.56,,47.78
2016-10-31,0.34,17.06,1.5,,46.2
2016-11-01,0.35,18.56,1.48,,45.77
2016-11-02,0.37,19.32,1.44,,44.26
2016-11-03,0.38,22.08,1.44,,43.84
2016-11-04,0.38,22.51,1.41,,43.06
2016-11-07,0.41,18.71,1.42,,42.83
2016-11-08,0.43,18.74,1.45,,43.47
2016-11-09,0.45,14.38,1.62,,43.88
2016-11-10,0.48,14.74,1.67,,43.67
2016-11-11,0.48,14.17,1.67,,41.61
2016-11-14,0.55,14.48,1.68,,41.83
2016-11-15,0.51,13.37,1.72,,44.15
2016-11-16,0.47,13.72,1.75,,45.07
2016-11-17,0.44,13.35,1.85,,44.57
2016-11-18,0.44,12.85,1.9,,44.41
2016-11-21,0.46,12.42,1.87,,45.96
2016-11-22,0.49,12.41,1.82,,46.1
2016-11-23,0.51,12.43,1.85,,46.54
2016-11-25,0.49,12.34,1.87,,46.32
2016-11-28,0.48,13.15,1.84,,46.64
2016-11-29,0.48,12.9,1.82,,44.68
2016-11-30,0.48,13.33,1.89,,47.95
2016-12-01,0.48,14.07,1.97,,52.28
2016-12-02,0.49,14.12,1.91,,52.35
2016-12-05,0.49,12.14,1.9,,53.3
2016-12-06,0.49,11.79,1.9,,52.31
2016-12-07,0.52,12.22,1.82,,51.9
2016-12-08,0.51,12.64,1.89,,51.6
2016-12-09,0.54,11.75,1.93,,52.19
2016-12-12,0.51,12.64,1.98,,53.99
2016-12-13,0.54,12.72,1.94,,53.28
2016-12-14,0.55,13.19,1.99,,53.15
2016-12-15,0.51,12.79,2.09,,51.72
2016-12-16,0.51,12.2,2.09,,54.15
2016-12-19,0.52,11.71,2.02,,53.53
2016-12-20,0.52,11.45,2.05,,54.56
2016-12-21,0.52,11.27,2.03,,53.01
2016-12-22,0.51,11.43,2.04,,54.04
2016-12-23,0.52,11.44,2.03,,53.93
2016-12-27,0.51,11.99,2.06,,53.93
2016-12-28,0.53,12.95,1.98,,54.95
2016-12-29,0.47,13.37,2.02,,54.97
2016-12-30,0.51,14.04,1.94,,54.96
2017-01-03,0.53,12.85,1.92,,55.05
2017-01-04,0.53,11.85,1.93,,54.57
2017-01-05,0.52,11.67,1.85,,54.99
2017-01-06,0.53,11.32,1.89,,55.9
2017-01-09,0.5,11.56,1.88,,54.39
2017-01-10,0.52,11.49,1.86,,53.2
2017-01-11,0.52,11.26,1.86,,53.61
2017-01-12,0.52,11.54,1.84,,54.51
2017-01-13,0.53,11.23,1.87,,54.37
2017-01-17,0.55,11.87,1.78,,54.68
2017-01-18,0.53,12.48,1.89,,53.77
2017-01-19,0.52,12.78,1.95,,53.18
2017-01-20,0.5,11.54,1.98,,55.04
2017-01-23,0.51,11.77,1.9,,54.8
2017-01-24,0.51,11.07,1.96,,54.7
2017-01-25,0.5,10.81,2.03,,54.34
2017-01-26,0.51,10.63,2.0,,55.89
2017-01-27,0.52,10.58,1.97,,54.8
2017-01-30,0.51,11.88,1.98,,54.77
2017-01-31,0.52,11.99,1.93,,55.25
2017-02-01,0.51,11.81,1.97,,55.79
2017-02-02,0.52,11.93,1.96,,55.94
2017-02-03,0.51,10.97,1.98,,55.92
2017-02-06,0.53,11.37,1.89,,55.02
2017-02-07,0.53,11.29,1.87,,53.79
2017-02-08,0.54,11.45,1.8,,54.42
2017-02-09,0.54,10.88,1.86,,53.98
2017-02-10,0.55,10.85,1.86,,55.2
2017-02-13,0.52,11.07,1.91,,54.15
2017-02-14,0.54,10.74,1.93,,54.96
2017-02-15,0.54,11.97,1.97,,54.57
2017-02-16,0.53,11.76,1.92,,54.16
2017-02-17,0.53,11.49,1.89,,54.48
2017-02-21,0.53,11.57,1.9,,56.34
2017-02-22,0.52,11.74,1.9,,54.9
2017-02-23,0.51,11.71,1.87,,55.82
2017-02-24,0.52,11.47,1.79,,54.69
2017-02-27,0.5,12.09,1.86,,54.65
2017-02-28,0.53,12.92,1.83,,53.36
2017-03-01,0.63,12.54,1.83,,55.72
2017-03-02,0.67,11.81,1.82,,54.16
2017-03-03,0.71,10.96,1.78,,54.12
2017-03-06,0.74,11.24,1.75,,54.73
2017-03-07,0.76,11.45,1.76,,54.61
2017-03-08,0.73,11.86,1.84,,53.3
2017-03-09,0.73,12.3,1.87,,50.65
2017-03-10,0.75,11.66,1.83,,50.63
2017-03-13,0.79,11.35,1.83,,50.1
2017-03-14,0.78,12.3,1.82,,49.6
2017-03-15,0.73,11.63,1.78,,50.63
2017-03-16,0.73,11.21,1.8,,50.56
2017-03-17,0.73,11.28,1.77,,50.58
2017-03-20,0.76,11.34,1.71,,50.67
2017-03-21,0.77,12.47,1.66,,50.14
2017-03-22,0.77,12.81,1.63,,49.56
2017-03-23,0.76,13.12,1.65,,50.17
2017-03-24,0.78,12.96,1.62,,49.97
2017-03-27,0.78,12.5,1.6,,50.12
2017-03-28,0.78,11.53,1.64,,50.72
2017-03-29,0.78,11.42,1.61,,51.36
2017-03-30,0.78,11.54,1.64,,52.25
2017-03-31,0.76,12.37,1.64,,52.2
2017-04-03,0.79,12.38,1.56,,52.04
2017-04-04,0.79,11.79,1.57,,53.08
2017-04-05,0.8,12.89,1.54,,53.41
2017-04-06,0.79,12.39,1.55,,53.62
2017-04-07,0.82,12.87,1.56,,54.24
2017-04-10,0.82,14.05,1.55,,54.79
2017-04-11,0.82,15.07,1.5,,54.73
2017-04-12,0.81,15.77,1.47,,54.75
2017-04-13,0.81,15.96,1.43,,55.05
2017-04-17,0.83,14.66,1.43,,54.79
2017-04-18,0.82,14.42,1.36,,52.6
2017-04-19,0.81,14.93,1.4,,52.43
2017-04-20,0.79,14.15,1.45,,50.66
2017-04-21,0.79,14.63,1.45,,49.93
2017-04-24,0.81,10.84,1.47,,49.45
2017-04-25,0.82,10.76,1.53,,49.37
2017-04-26,0.83,10.85,1.49,,49.99
2017-04-27,0.81,10.36,1.49,,49.46
2017-04-28,0.8,10.82,1.49,,49.46
2017-05-01,0.83,10.11,1.5,,50.41
2017-05-02,0.82,10.59,1.47,,49.31
2017-05-03,0.85,10.68,1.48,,48.82
2017-05-04,0.86,10.46,1.5,,47.53
2017-05-05,0.9,10.57,1.46,,47.45
2017-05-08,0.91,9.77,1.48,,46.61
2017-05-09,0.91,9.96,1.51,,47.06
2017-05-10,0.9,10.21,1.51,,48.09
2017-05-11,0.89,10.6,1.5,,49.18
2017-05-12,0.88,10.4,1.45,,49.08
2017-05-15,0.9,10.42,1.44,,51.29
2017-05-16,0.9,10.65,1.43,,51.21
2017-05-17,0.9,15.59,1.32,,51.76
2017-05-18,0.93,14.66,1.3,,51.71
2017-05-19,0.92,12.04,1.31,,52.78
2017-05-22,0.93,10.93,1.32,,53.35
2017-05-23,0.92,10.72,1.37,,53.19
2017-05-24,0.93,10.02,1.33,,53.29
2017-05-25,0.94,9.99,1.31,,52.25
2017-05-26,0.94,9.81,1.31,,50.84
2017-05-30,0.93,10.38,1.28,,50.65
2017-05-31,0.98,10.41,1.23,,49.4
2017-06-01,0.98,9.89,1.23,,50.41
2017-06-02,0.98,9.75,1.17,,48.46
2017-06-05,0.96,10.07,1.22,,48.25
2017-06-06,0.97,10.45,1.17,,48.11
2017-06-07,1.0,10.39,1.18,,47.08
2017-06-08,1.01,10.16,1.18,,46.3
2017-06-09,1.01,10.7,1.2,,46.64
2017-06-12,0.98,11.46,1.23,,47.18
2017-06-13,1.0,10.42,1.21,,46.95
2017-06-14,1.01,10.64,1.14,,45.47
2017-06-15,1.02,10.9,1.14,,45.61
2017-06-16,1.03,10.38,1.13,,45.7
2017-06-19,1.02,10.37,1.17,,45.93
2017-06-20,1.01,10.86,1.15,,43.98
2017-06-21,0.99,10.75,1.17,,44.62
2017-06-22,0.96,10.48,1.19,,44.46
2017-06-23,0.97,10.02,1.18,,44.14
2017-06-26,0.99,9.9,1.15,,44.09
2017-06-27,1.0,11.06,1.21,,46.17
2017-06-28,1.02,10.03,1.2,,46.45
2017-06-29,1.04,11.44,1.23,,47.02
2017-06-30,1.03,11.18,1.28,,47.08
2017-07-03,1.06,11.22,1.29,,49.13
2017-07-05,1.05,11.07,1.28,,47.58
2017-07-06,1.04,12.54,1.33,,48.53
2017-07-07,1.05,11.19,1.34,,46.47
2017-07-10,1.04,11.11,1.34,,46.57
2017-07-11,1.05,10.89,1.32,,46.68
2017-07-12,1.05,10.3,1.28,,46.73
2017-07-13,1.05,9.9,1.3,,47.65
2017-07-14,1.04,9.51,1.29,,47.89
2017-07-17,1.07,9.82,1.24,,47.66
2017-07-18,1.07,9.89,1.2,,47.92
2017-07-19,1.11,9.79,1.16,,48.34
2017-07-20,1.15,9.58,1.12,,48.54
2017-07-21,1.16,9.36,1.08,,47.47
2017-07-24,1.17,9.43,1.09,,47.81
2017-07-25,1.18,9.43,1.15,,49.19
2017-07-26,1.13,9.6,1.16,,50.08
2017-07-27,1.11,10.11,1.21,,50.67
2017-07-28,1.08,10.29,1.22,,52.0
2017-07-31,1.07,10.26,1.23,,51.99
2017-08-01,1.08,10.09,1.18,,50.77
2017-08-02,1.08,10.28,1.19,,52.09
2017-08-03,1.08,10.44,1.16,,52.88
2017-08-04,1.08,10.03,1.19,,52.48
2017-08-07,1.02,9.93,1.24,,51.42
2017-08-08,1.06,10.96,1.23,,52.18
2017-08-09,1.06,11.11,1.18,,52.16
2017-08-10,1.05,16.04,1.15,,52.59
2017-08-11,1.03,15.51,1.16,,51.47
2017-08-14,1.02,12.33,1.2,,51.29
2017-08-15,1.04,12.04,1.23,,49.9
2017-08-16,1.02,11.74,1.21,,50.39
2017-08-17,1.0,15.55,1.19,,50.37
2017-08-18,1.02,14.26,1.17,,50.96
2017-08-21,1.0,13.19,1.18,,51.94
2017-08-22,1.0,11.35,1.22,,52.29
2017-08-23,1.0,12.25,1.17,,52.31
2017-08-24,1.02,12.23,1.17,,51.73
2017-08-25,1.03,11.28,1.14,,51.87
2017-08-28,0.98,11.32,1.18,,51.87
2017-08-29,1.03,11.7,1.1,,51.64
2017-08-30,1.03,11.22,1.12,,51.91
2017-08-31,1.01,10.59,1.11,,52.69
2017-09-01,1.02,10.13,1.14,,53.15
2017-09-05,1.03,12.23,1.04,,53.63
2017-09-06,1.07,11.63,1.03,,54.48
2017-09-07,1.05,11.55,1.0,,54.16
2017-09-08,1.04,12.12,1.02,,54.55
2017-09-11,1.05,10.73,1.09,,54.2
2017-09-12,1.03,10.58,1.14,,55.06
2017-09-13,1.04,10.5,1.16,,55.52
2017-09-14,1.05,10.44,1.15,,56.76
2017-09-15,1.05,10.17,1.15,,56.18
2017-09-18,1.05,10.15,1.18,,55.5
2017-09-19,1.04,10.18,1.2,,56.58
2017-09-20,1.04,9.78,1.24,,57.2
2017-09-21,1.04,9.67,1.23,,57.73
2017-09-22,1.03,9.59,1.23,,58.16
2017-09-25,1.05,10.21,1.17,,59.42
2017-09-26,1.06,10.17,1.18,,59.77
2017-09-27,1.07,9.87,1.24,,58.74
2017-09-28,1.06,9.55,1.25,,58.8
2017-09-29,1.06,9.51,1.27,,57.02
2017-10-02,1.01,9.45,1.33,,55.67
2017-10-03,1.07,9.51,1.26,,56.12
2017-10-04,1.08,9.63,1.25,,56.0
2017-10-05,1.07,9.19,1.28,,57.09
2017-10-06,1.07,9.65,1.3,,55.5
2017-10-09,1.07,10.33,1.3,,55.29
2017-10-10,1.08,10.08,1.27,,56.62
2017-10-11,1.1,9.85,1.25,,56.13
2017-10-12,1.09,9.91,1.24,,56.13
2017-10-13,1.09,9.61,1.19,,56.86
2017-10-16,1.1,9.91,1.2,,57.49
2017-10-17,1.09,10.31,1.21,,57.63
2017-10-18,1.09,10.07,1.25,,58.05
2017-10-19,1.1,10.05,1.23,,57.82
2017-10-20,1.11,9.97,1.28,,57.89
2017-10-23,1.09,11.07,1.29,,57.69
2017-10-24,1.12,11.16,1.3,,57.84
2017-10-25,1.12,11.23,1.32,,58.45
2017-10-26,1.11,11.3,1.35,,58.75
2017-10-27,1.1,9.8,1.32,,60.15
2017-10-30,1.12,10.5,1.25,,60.65
2017-10-31,1.15,10.18,1.23,,61.35
2017-11-01,1.18,10.2,1.19,,60.98
2017-11-02,1.17,9.93,1.18,,60.79
2017-11-03,1.18,9.14,1.16,,61.42
2017-11-06,1.19,9.4,1.13,,64.27
2017-11-07,1.22,9.89,1.1,,64.36
2017-11-08,1.23,9.78,1.09,,63.96
2017-11-09,1.24,10.5,1.09,,64.49
2017-11-10,1.23,11.29,1.17,,64.35
2017-11-13,1.24,11.5,1.16,,62.94
2017-11-14,1.26,11.59,1.12,,60.91
2017-11-15,1.25,13.13,1.08,,61.25
2017-11-16,1.27,11.76,1.1,,61.18
2017-11-17,1.29,11.43,1.06,,61.34
2017-11-20,1.3,10.65,1.07,,61.34
2017-11-21,1.3,9.73,1.06,,62.28
2017-11-22,1.29,9.88,1.03,,62.92
2017-11-24,1.29,9.67,1.05,,63.58
2017-11-27,1.27,9.87,1.05,,63.25
2017-11-28,1.3,10.03,1.04,,63.56
2017-11-29,1.29,10.7,1.08,,63.74
2017-11-30,1.27,11.28,1.15,,63.53
2017-12-01,1.27,11.43,1.1,,64.57
2017-12-04,1.29,11.68,1.08,,63.45
2017-12-05,1.3,11.33,1.06,,63.45
2017-12-06,1.3,11.02,1.03,,62.25
2017-12-07,1.29,10.16,1.08,,62.37
2017-12-08,1.28,9.58,1.1,,63.86
2017-12-11,1.33,9.34,1.06,,65.62
2017-12-12,1.34,9.92,1.06,,64.96
2017-12-13,1.3,10.18,1.06,,63.66
2017-12-14,1.32,10.49,1.03,,63.72
2017-12-15,1.31,9.42,1.04,,63.81
2017-12-18,1.38,9.53,1.01,,64.45
2017-12-19,1.37,10.03,1.09,,63.69
2017-12-20,1.38,9.72,1.11,,64.43
2017-12-21,1.35,9.62,1.13,,64.64
2017-12-22,1.33,9.9,1.15,,64.61
2017-12-26,1.47,10.25,1.0,,64.61
2017-12-27,1.44,10.47,0.98,,66.03
2017-12-28,1.39,10.18,1.04,,66.8
2017-12-29,1.39,11.04,1.01,,66.73
2018-01-02,1.44,9.77,1.02,,66.65
2018-01-03,1.41,9.15,1.03,,67.85
2018-01-04,1.41,9.22,1.05,,68.73
2018-01-05,1.39,9.22,1.08,,68.01
2018-01-08,1.45,9.52,1.04,,68.48
2018-01-09,1.44,10.08,1.11,,69.08
2018-01-10,1.42,9.82,1.13,,69.79
2018-01-11,1.43,9.88,1.11,,70.36
2018-01-12,1.43,10.16,1.12,,69.64
2018-01-16,1.45,11.66,1.09,,69.4
2018-01-17,1.44,11.91,1.13,,69.19
2018-01-18,1.45,12.22,1.17,,69.48
2018-01-19,1.44,11.27,1.2,,68.56
2018-01-22,1.44,11.03,1.22,,69.32
2018-01-23,1.44,11.1,1.19,,69.81
2018-01-24,1.43,11.47,1.22,,69.91
2018-01-25,1.42,11.58,1.21,,71.08
2018-01-26,1.41,11.08,1.25,,70.08
2018-01-29,1.44,13.84,1.26,,68.41
2018-01-30,1.44,14.79,1.29,,67.78
2018-01-31,1.46,13.54,1.26,,67.78
2018-02-01,1.48,13.47,1.3,,68.6
2018-02-02,1.48,17.31,1.36,,67.45
2018-02-05,1.51,37.32,1.26,,67.69
2018-02-06,1.52,29.98,1.27,,66.75
2018-02-07,1.55,27.73,1.29,,65.74
2018-02-08,1.55,33.46,1.3,,64.26
2018-02-09,1.55,29.06,1.28,,63.04
2018-02-12,1.62,25.61,1.24,,62.2
2018-02-13,1.59,24.97,1.24,,61.94
2018-02-14,1.58,19.26,1.33,,62.29
2018-02-15,1.58,19.13,1.32,,62.86
2018-02-16,1.62,19.46,1.25,,64.3
2018-02-20,1.66,20.6,1.22,,64.68
2018-02-21,1.64,20.02,1.3,,64.81
2018-02-22,1.63,18.72,1.29,,66.12
2018-02-23,1.64,16.49,1.24,,67.04
2018-02-26,1.66,15.8,1.2,,67.96
2018-02-27,1.66,18.59,1.24,,67.59
2018-02-28,1.65,19.85,1.22,,66.08
2018-03-01,1.63,22.47,1.18,,64.23
2018-03-02,1.65,19.59,1.21,,64.26
2018-03-05,1.7,18.73,1.18,,65.78
2018-03-06,1.68,18.36,1.2,,65.67
2018-03-07,1.68,17.76,1.21,,65.09
2018-03-08,1.67,16.54,1.19,,63.87
2018-03-09,1.67,14.64,1.23,,65.19
2018-03-12,1.71,15.78,1.16,,64.53
2018-03-13,1.73,16.35,1.11,,64.2
2018-03-14,1.76,17.23,1.05,,63.61
2018-03-15,1.77,16.59,1.05,,63.67
2018-03-16,1.78,15.8,1.07,,64.68
2018-03-19,1.8,19.02,1.05,,64.82
2018-03-20,1.81,18.2,1.08,,66.0
2018-03-21,1.74,17.86,1.15,,68.15
2018-03-22,1.72,23.34,1.11,,68.98
2018-03-23,1.74,24.87,1.08,,69.03
2018-03-26,1.79,21.03,1.06,,68.81
2018-03-27,1.77,22.5,1.01,,68.63
2018-03-28,1.73,22.87,1.04,,68.13
2018-03-29,1.73,19.97,1.01,,69.02
2018-04-02,1.77,23.62,0.96,,69.02
2018-04-03,1.75,21.1,1.04,,69.02
2018-04-04,1.71,20.06,1.08,,66.04
2018-04-05,1.72,18.94,1.11,,66.54
2018-04-06,1.73,21.49,1.04,,66.51
2018-04-09,1.76,21.77,1.02,,68.19
2018-04-10,1.74,20.47,1.06,,70.67
2018-04-11,1.73,20.24,1.06,,72.74
2018-04-12,1.75,18.49,1.08,,71.44
2018-04-13,1.76,17.41,1.06,,73.18
2018-04-16,1.79,16.56,1.04,,72.05
2018-04-17,1.8,15.25,1.02,,71.71
2018-04-18,1.81,15.6,1.06,,73.73
2018-04-19,1.82,15.96,1.1,,74.85
2018-04-20,1.81,16.88,1.15,,74.62
2018-04-23,1.87,16.34,1.11,,74.54
2018-04-24,1.87,18.02,1.13,,75.86
2018-04-25,1.85,17.84,1.18,,73.79
2018-04-26,1.82,16.24,1.18,,75.39
2018-04-27,1.82,15.41,1.14,,75.33
2018-04-30,1.87,15.93,1.08,,75.92
2018-05-01,1.85,15.49,1.12,,74.85
2018-05-02,1.84,15.97,1.13,,73.14
2018-05-03,1.84,15.9,1.1,,73.45
2018-05-04,1.84,14.77,1.11,,74.75
2018-05-07,1.86,14.75,1.09,,74.75
2018-05-08,1.87,14.71,1.1,,74.16
2018-05-09,1.88,13.42,1.12,,77.6
2018-05-10,1.9,13.23,1.07,,77.59
2018-05-11,1.92,12.65,1.05,,77.37
2018-05-14,1.93,12.93,1.07,,78.17
2018-05-15,1.92,14.63,1.16,,78.94
2018-05-16,1.92,13.42,1.17,,78.19
2018-05-17,1.92,13.43,1.19,,80.09
2018-05-18,1.91,13.42,1.15,,78.38
2018-05-21,1.93,13.08,1.13,,78.34
2018-05-22,1.93,13.22,1.13,,80.42
2018-05-23,1.92,12.58,1.09,,78.69
2018-05-24,1.91,12.53,1.07,,78.9
2018-05-25,1.9,13.22,1.03,,76.6
2018-05-29,1.93,17.02,0.84,,74.51
2018-05-30,1.94,14.94,0.9,,75.89
2018-05-31,1.93,15.43,0.9,,76.45
2018-06-01,1.92,13.46,0.97,,74.54
2018-06-04,1.94,12.74,1.0,,73.41
2018-06-05,1.94,12.4,0.98,,72.91
2018-06-06,1.95,11.64,1.02,,73.23
2018-06-07,1.94,12.13,0.99,,75.23
2018-06-08,1.93,12.18,1.0,,75.11
2018-06-11,1.94,12.35,1.02,,74.58
2018-06-12,1.92,12.34,1.04,,74.86
2018-06-13,1.94,12.94,1.04,,75.07
2018-06-14,1.94,12.12,1.0,,74.77
2018-06-15,1.94,11.98,0.99,,72.02
2018-06-18,1.94,12.31,0.98,,74.87
2018-06-19,1.94,13.35,0.95,,74.92
2018-06-20,1.94,12.79,0.99,,74.25
2018-06-21,1.94,14.64,0.96,,72.87
2018-06-22,1.93,13.77,0.97,,73.67
2018-06-25,1.93,17.33,0.94,,72.82
2018-06-26,1.93,15.92,0.95,,73.58
2018-06-27,1.93,17.91,0.9,,76.09
2018-06-28,1.93,16.85,0.91,,76.26
2018-06-29,1.93,16.09,0.92,,77.44
2018-07-02,1.98,15.6,0.89,,76.71
2018-07-03,1.98,16.14,0.85,,75.87
2018-07-05,1.96,14.97,0.88,,77.09
2018-07-06,1.97,13.37,0.85,,74.98
2018-07-09,1.98,12.69,0.88,,77.08
2018-07-10,1.99,12.64,0.88,,77.8
2018-07-11,1.97,13.63,0.88,,75.35
2018-07-12,1.98,12.58,0.87,,72.11
2018-07-13,1.98,12.18,0.85,,74.11
2018-07-16,2.01,12.83,0.84,,71.03
2018-07-17,2.02,12.06,0.84,,70.87
2018-07-18,2.0,12.1,0.88,,70.52
2018-07-19,2.0,12.87,0.84,,71.94
2018-07-20,1.99,12.86,0.9,,71.99
2018-07-23,1.99,12.62,0.97,,73.45
2018-07-24,2.02,12.41,0.93,,73.53
2018-07-25,2.01,12.29,0.93,,73.67
2018-07-26,1.99,12.14,0.99,,74.51
2018-07-27,2.0,13.03,0.96,,74.84
2018-07-30,2.04,14.26,0.94,,74.99
2018-07-31,2.03,12.83,0.93,,74.16
2018-08-01,2.03,13.15,0.97,,72.28
2018-08-02,2.02,12.19,0.96,,72.95
2018-08-03,2.01,11.64,0.94,,72.48
2018-08-06,2.05,11.27,0.89,,72.51
2018-08-07,2.06,10.93,0.92,,72.31
2018-08-08,2.06,10.85,0.9,,70.71
2018-08-09,2.06,11.27,0.87,,70.55
2018-08-10,2.05,13.16,0.82,,71.0
2018-08-13,2.06,14.78,0.82,,70.62
2018-08-14,2.08,13.31,0.81,,70.77
2018-08-15,2.07,14.64,0.79,,68.38
2018-08-16,2.07,13.45,0.8,,69.21
2018-08-17,2.05,12.64,0.82,,70.14
2018-08-20,2.06,12.49,0.76,,71.11
2018-08-21,2.08,12.86,0.77,,71.65
2018-08-22,2.09,12.25,0.73,,72.96
2018-08-23,2.08,12.41,0.74,,73.73
2018-08-24,2.09,11.99,0.73,,74.41
2018-08-27,2.12,12.16,0.73,,74.41
2018-08-28,2.13,12.5,0.75,,75.91
2018-08-29,2.13,12.25,0.76,,76.07
2018-08-30,2.11,13.53,0.75,,77.05
2018-08-31,2.11,12.86,0.75,,76.94
2018-09-04,2.13,13.16,0.77,,77.51
2018-09-05,2.14,13.91,0.76,,76.68
2018-09-06,2.13,14.65,0.75,,75.67
2018-09-07,2.14,14.88,0.8,,75.55
2018-09-10,2.14,14.16,0.8,,76.77
2018-09-11,2.15,13.22,0.83,,78.22
2018-09-12,2.16,13.14,0.81,,80.02
2018-09-13,2.15,12.37,0.82,,77.66
2018-09-14,2.16,12.07,0.83,,77.87
2018-09-17,2.16,13.68,0.83,,78.22
2018-09-18,2.17,12.79,0.88,,79.25
2018-09-19,2.16,11.75,0.92,,79.43
2018-09-20,2.17,11.8,0.9,,79.03
2018-09-21,2.18,11.68,0.89,,78.9
2018-09-24,2.22,12.2,0.86,,80.89
2018-09-25,2.21,12.42,0.89,,82.21
2018-09-26,2.2,12.89,0.86,,81.87
2018-09-27,2.18,12.41,0.88,,81.54
2018-09-28,2.19,12.12,0.86,,82.72
2018-10-01,2.23,12.0,0.86,,84.94
2018-10-02,2.23,12.05,0.82,,85.63
2018-10-03,2.23,11.61,0.92,,85.45
2018-10-04,2.22,14.22,0.97,,86.07
2018-10-05,2.23,14.82,1.0,,85.12
2018-10-08,2.23,15.69,1.0,,84.22
2018-10-09,2.25,15.95,0.96,,85.16
2018-10-10,2.27,22.96,0.95,,83.82
2018-10-11,2.27,24.98,0.87,,81.35
2018-10-12,2.28,21.31,0.87,,80.71
2018-10-15,2.31,21.3,0.85,,80.91
2018-10-16,2.3,17.62,0.86,,80.53
2018-10-17,2.31,17.4,0.88,,79.91
2018-10-18,2.32,20.06,0.85,,80.3
2018-10-19,2.31,19.89,0.89,,80.38
2018-10-22,2.34,19.64,0.86,,80.45
2018-10-23,2.33,20.71,0.84,,78.67
2018-10-24,2.34,25.23,0.76,,77.34
2018-10-25,2.34,24.22,0.8,,77.3
2018-10-26,2.33,24.16,0.75,,77.4
2018-10-29,2.34,24.7,0.74,,77.56
2018-10-30,2.33,23.35,0.79,,75.68
2018-10-31,2.34,21.23,0.81,,74.84
2018-11-01,2.32,19.34,0.82,,71.25
2018-11-02,2.33,19.51,0.89,,71.11
2018-11-05,2.36,19.96,0.84,,72.68
2018-11-06,2.35,19.91,0.87,,70.64
2018-11-07,2.37,16.36,0.85,,70.1
2018-11-08,2.35,16.72,0.89,,69.29
2018-11-09,2.36,17.36,0.83,,69.01
2018-11-12,2.36,20.45,0.83,,69.81
2018-11-13,2.38,20.02,0.76,,65.45
2018-11-14,2.38,21.25,0.74,,64.88
2018-11-15,2.37,19.98,0.74,,65.61
2018-11-16,2.36,18.14,0.72,,65.29
2018-11-19,2.38,20.1,0.68,,64.14
2018-11-20,2.39,22.48,0.67,,61.5
2018-11-21,2.41,20.8,0.65,,61.65
2018-11-23,2.41,21.52,0.64,,57.69
2018-11-26,2.41,18.9,0.66,,59.7
2018-11-27,2.41,19.02,0.65,,59.58
2018-11-28,2.4,18.49,0.66,,57.97
2018-11-29,2.37,18.79,0.66,,58.29
2018-11-30,2.37,18.07,0.64,,57.71
2018-12-03,2.38,16.44,0.6,,60.17
2018-12-04,2.42,20.74,0.49,,61.22
2018-12-06,2.41,21.19,0.46,,57.83
2018-12-07,2.4,23.23,0.45,,61.71
2018-12-10,2.41,22.64,0.44,,60.29
2018-12-11,2.41,21.76,0.48,,59.73
2018-12-12,2.43,21.46,0.48,,59.94
2018-12-13,2.43,20.65,0.48,,59.03
2018-12-14,2.42,21.63,0.47,,58.56
2018-12-17,2.4,24.52,0.46,,57.59
2018-12-18,2.39,25.58,0.43,,55.26
2018-12-19,2.4,25.58,0.37,,55.6
2018-12-20,2.39,28.38,0.4,,52.84
2018-12-21,2.39,30.11,0.4,,51.93
2018-12-24,2.45,36.07,0.29,,51.93
2018-12-26,2.44,30.41,0.37,,51.93
2018-12-27,2.41,29.96,0.36,,51.49
2018-12-28,2.4,28.34,0.32,,50.57
2018-12-31,2.45,25.42,0.24,,50.57
2019-01-02,2.42,23.22,0.24,,54.06
2019-01-03,2.41,25.45,0.15,,53.23
2019-01-04,2.42,21.38,0.25,,55.64
2019-01-07,2.45,21.4,0.25,,57.1
2019-01-08,2.46,20.47,0.27,,56.91
2019-01-09,2.45,19.98,0.29,,59.46
2019-01-10,2.43,19.5,0.31,,60.47
2019-01-11,2.43,18.19,0.28,,59.24
2019-01-14,2.45,19.07,0.26,,58.8
2019-01-15,2.45,18.6,0.27,,58.65
2019-01-16,2.43,19.04,0.3,,59.81
2019-01-17,2.42,18.06,0.33,,59.85
2019-01-18,2.41,17.8,0.38,,62.04
2019-01-22,2.43,20.8,0.31,,60.9
2019-01-23,2.41,19.52,0.35,,61.05
2019-01-24,2.37,18.89,0.35,,61.09
2019-01-25,2.39,17.42,0.37,,61.49
2019-01-28,2.42,18.87,0.33,,59.71
2019-01-29,2.42,19.13,0.3,,60.98
2019-01-30,2.42,17.66,0.28,,61.89
2019-01-31,2.41,16.57,0.22,,62.46
2019-02-01,2.4,16.14,0.3,,61.86
2019-02-04,2.42,15.73,0.31,,62.26
2019-02-05,2.42,15.57,0.29,,61.67
2019-02-06,2.42,15.38,0.28,,62.22
2019-02-07,2.42,16.37,0.23,,61.01
2019-02-08,2.43,15.72,0.2,,61.37
2019-02-11,2.45,15.97,0.2,,61.3
2019-02-12,2.43,15.43,0.25,,62.58
2019-02-13,2.44,15.65,0.27,,63.27
2019-02-14,2.43,16.22,0.23,,64.0
2019-02-15,2.43,14.91,0.23,,65.65
2019-02-19,2.45,14.88,0.2,,65.86
2019-02-20,2.45,14.02,0.2,,66.82
2019-02-21,2.45,14.46,0.24,,66.91
2019-02-22,2.46,13.51,0.19,,66.91
2019-02-25,2.47,14.85,0.2,,64.02
2019-02-26,2.45,15.17,0.19,,64.51
2019-02-27,2.45,14.7,0.24,,65.55
2019-02-28,2.45,14.78,0.28,,65.03
2019-03-01,2.44,13.57,0.32,,63.71
2019-03-04,2.46,14.63,0.26,,64.44
2019-03-05,2.46,14.74,0.26,,64.24
2019-03-06,2.47,15.74,0.22,,64.51
2019-03-07,2.45,16.59,0.19,,64.82
2019-03-08,2.46,16.05,0.16,,65.66
2019-03-11,2.46,14.33,0.18,,65.06
2019-03-12,2.46,13.77,0.15,,65.33
2019-03-13,2.45,13.41,0.16,,65.89
2019-03-14,2.45,13.5,0.18,,66.18
2019-03-15,2.45,12.88,0.14,,66.11
2019-03-18,2.44,13.1,0.16,,66.65
2019-03-19,2.46,13.56,0.15,,67.13
2019-03-20,2.48,13.91,0.06,,68.35
2019-03-21,2.49,13.63,0.05,,68.3
2019-03-22,2.46,16.48,-0.02,,66.29
2019-03-25,2.46,16.33,-0.03,,67.37
2019-03-26,2.46,14.68,-0.05,,67.51
2019-03-27,2.44,15.15,-0.05,,67.35
2019-03-28,2.43,14.43,-0.04,,66.08
2019-03-29,2.4,13.71,0.01,,67.93
2019-04-01,2.43,13.4,0.06,,69.08
2019-04-02,2.42,13.36,0.06,,69.68
2019-04-03,2.44,13.74,0.08,,69.21
2019-04-04,2.44,13.58,0.07,,69.8
2019-04-05,2.44,12.82,0.06,,69.93
2019-04-08,2.43,13.18,0.09,,71.12
2019-04-09,2.42,14.28,0.09,,71.02
2019-04-10,2.43,13.3,0.05,,71.63
2019-04-11,2.43,13.02,0.08,,71.3
2019-04-12,2.44,12.01,0.12,,71.57
2019-04-15,2.43,12.32,0.12,,70.9
2019-04-16,2.43,12.18,0.17,,70.74
2019-04-17,2.44,12.6,0.15,,71.14
2019-04-18,2.42,12.09,0.15,,70.71
2019-04-22,2.44,12.42,0.15,,70.71
2019-04-23,2.45,12.28,0.12,,74.39
2019-04-24,2.44,13.14,0.09,,73.59
2019-04-25,2.43,13.25,0.11,,74.94
2019-04-26,2.42,12.73,0.09,,71.03
2019-04-29,2.44,13.11,0.1,,71.22
2019-04-30,2.43,13.12,0.08,,72.19
2019-05-01,2.43,14.8,0.09,,72.01
2019-05-02,2.47,14.42,0.08,,70.56
2019-05-03,2.43,12.87,0.11,,71.95
2019-05-06,2.44,15.44,0.07,,71.95
2019-05-07,2.43,19.32,0.02,,70.98
2019-05-08,2.43,19.4,0.06,,71.09
2019-05-09,2.43,19.1,0.02,,70.61
2019-05-10,2.43,16.04,0.04,,71.63
2019-05-13,2.41,20.55,-0.01,,72.35
2019-05-14,2.41,18.06,0.01,,72.53
2019-05-15,2.42,16.44,-0.05,,73.09
2019-05-16,2.4,15.29,0.0,,74.7
2019-05-17,2.39,15.96,0.0,,73.94
2019-05-20,2.39,16.31,0.02,,73.21
2019-05-21,2.39,14.95,0.04,,72.94
2019-05-22,2.38,14.75,0.01,,71.94
2019-05-23,2.37,16.92,-0.06,,68.37
2019-05-24,2.35,15.85,-0.03,,67.98
2019-05-28,2.37,17.5,-0.11,,70.19
2019-05-29,2.37,17.9,-0.12,,70.64
2019-05-30,2.38,17.3,-0.16,,69.55
2019-05-31,2.35,18.71,-0.21,,66.78
2019-06-03,2.35,18.86,-0.28,,63.16
2019-06-04,2.35,16.97,-0.23,,63.56
2019-06-05,2.35,16.09,-0.23,,62.14
2019-06-06,2.33,15.93,-0.21,,62.77
2019-06-07,2.28,16.3,-0.19,,64.1
2019-06-10,2.29,15.94,-0.14,,64.31
2019-06-11,2.27,15.99,-0.12,,63.56
2019-06-12,2.24,15.91,-0.11,,61.66
2019-06-13,2.19,15.82,-0.09,,63.28
2019-06-14,2.2,15.28,-0.11,,63.13
2019-06-17,2.23,15.35,-0.14,,62.56
2019-06-18,2.22,15.15,-0.16,,63.35
2019-06-19,2.18,14.33,-0.15,,62.85
2019-06-20,2.14,14.75,-0.13,,65.44
2019-06-21,2.11,15.4,-0.04,,65.99
2019-06-24,2.13,15.26,-0.11,,65.16
2019-06-25,2.12,16.28,-0.12,,66.24
2019-06-26,2.15,16.21,-0.1,,66.85
2019-06-27,2.14,15.82,-0.13,,66.78
2019-06-28,2.12,15.08,-0.12,,67.52
2019-07-01,2.21,14.06,-0.18,,65.1
2019-07-02,2.2,12.93,-0.22,,62.72
2019-07-03,2.21,12.57,-0.25,,63.53
2019-07-05,2.23,13.28,-0.19,,64.23
2019-07-08,2.26,13.96,-0.21,,64.89
2019-07-09,2.26,14.09,-0.19,,64.3
2019-07-10,2.2,13.03,-0.13,,66.41
2019-07-11,2.17,12.93,-0.04,,67.64
2019-07-12,2.14,12.39,-0.02,,66.65
2019-07-15,2.16,12.68,-0.07,,66.86
2019-07-16,2.15,12.86,-0.02,,65.87
2019-07-17,2.14,13.97,-0.08,,63.67
2019-07-18,2.05,13.53,-0.01,,60.7
2019-07-19,2.06,14.45,-0.01,,61.04
2019-07-22,2.09,13.53,-0.04,,61.96
2019-07-23,2.06,12.61,0.02,,62.28
2019-07-24,2.1,12.07,-0.05,,63.83
2019-07-25,2.1,12.74,-0.02,,63.47
2019-07-26,2.12,12.16,-0.04,,62.46
2019-07-29,2.12,12.83,-0.06,,62.29
2019-07-30,2.08,13.94,-0.02,,62.55
2019-07-31,2.08,16.12,-0.06,,64.07
2019-08-01,2.07,17.87,-0.17,,62.9
2019-08-02,2.06,17.61,-0.2,,61.12
2019-08-05,2.05,24.59,-0.3,,59.32
2019-08-06,2.05,20.17,-0.32,,58.63
2019-08-07,2.02,19.49,-0.31,,55.03
2019-08-08,2.02,16.91,-0.3,,56.29
2019-08-09,2.0,17.97,-0.26,,57.37
2019-08-12,2.0,21.09,-0.35,,57.13
2019-08-13,2.0,17.52,-0.32,,59.9
2019-08-14,1.96,22.1,-0.37,,57.86
2019-08-15,1.91,21.18,-0.39,,57.37
2019-08-16,1.87,18.47,-0.32,,59.0
2019-08-19,1.94,16.88,-0.34,,59.79
2019-08-20,1.94,17.5,-0.39,,59.03
2019-08-21,1.97,15.8,-0.38,,60.6
2019-08-22,2.0,16.68,-0.38,,59.81
2019-08-23,1.97,19.87,-0.45,,58.64
2019-08-26,2.01,19.32,-0.47,,58.64
2019-08-27,1.98,20.31,-0.49,,58.44
2019-08-28,1.99,19.35,-0.52,,60.42
2019-08-29,1.99,17.88,-0.49,,60.59
2019-08-30,1.99,18.98,-0.49,,61.04
2019-09-03,1.98,19.66,-0.51,,57.93
2019-09-04,1.97,17.33,-0.5,,60.68
2019-09-05,1.97,16.27,-0.4,,62.7
2019-09-06,1.96,15.0,-0.41,,61.28
2019-09-09,1.96,15.27,-0.33,,63.99
2019-09-10,1.95,15.2,-0.23,,64.67
2019-09-11,1.96,14.61,-0.21,,63.02
2019-09-12,1.95,14.22,-0.16,,60.76
2019-09-13,1.96,13.74,-0.06,,61.25
2019-09-16,1.99,14.67,-0.15,,68.42
2019-09-17,1.99,14.44,-0.18,,65.59
2019-09-18,1.95,13.95,-0.15,,64.29
2019-09-19,1.93,14.05,-0.14,,64.25
2019-09-20,1.91,15.32,-0.17,,65.23
2019-09-23,1.94,14.91,-0.22,,64.66
2019-09-24,1.92,17.05,-0.28,,64.13
2019-09-25,1.89,15.96,-0.16,,62.41
2019-09-26,1.83,16.07,-0.13,,62.08
2019-09-27,1.8,17.22,-0.11,,62.48
2019-09-30,1.88,16.24,-0.2,,60.99
2019-10-01,1.82,18.56,-0.17,,60.06
2019-10-02,1.79,20.56,-0.19,,57.92
2019-10-03,1.7,19.12,-0.16,,58.01
2019-10-04,1.71,17.04,-0.19,,59.13
2019-10-07,1.75,17.86,-0.19,,59.46
2019-10-08,1.72,20.28,-0.18,,58.14
2019-10-09,1.69,18.64,-0.1,,59.7
2019-10-10,1.68,17.57,-0.01,,59.08
2019-10-11,1.68,15.58,0.08,,60.59
2019-10-14,1.68,14.57,0.08,,58.81
2019-10-15,1.67,13.54,0.1,,59.19
2019-10-16,1.66,13.68,0.09,,59.3
2019-10-17,1.66,13.79,0.1,,59.35
2019-10-18,1.66,14.25,0.1,,59.96
2019-10-21,1.67,14.0,0.13,,58.95
2019-10-22,1.65,14.46,0.13,,60.5
2019-10-23,1.65,14.01,0.12,,60.52
2019-10-24,1.67,13.71,0.1,,61.71
2019-10-25,1.66,12.65,0.14,,62.06
2019-10-28,1.65,13.11,0.2,,60.39
2019-10-29,1.63,13.2,0.21,,61.05
2019-10-30,1.62,12.33,0.16,,60.22
2019-10-31,1.54,13.22,0.15,,59.3
2019-11-01,1.52,12.3,0.21,,60.17
2019-11-04,1.53,12.83,0.26,,62.52
2019-11-05,1.56,13.1,0.3,,62.72
2019-11-06,1.56,12.62,0.25,,62.11
2019-11-07,1.56,12.73,0.36,,62.6
2019-11-08,1.55,12.07,0.39,,62.0
2019-11-11,1.55,12.69,0.39,,62.58
2019-11-12,1.59,12.68,0.33,,62.19
2019-11-13,1.57,13.0,0.31,,62.27
2019-11-14,1.57,13.05,0.25,,62.46
2019-11-15,1.57,12.05,0.27,,63.32
2019-11-18,1.57,12.46,0.24,,62.82
2019-11-19,1.57,12.86,0.22,,62.37
2019-11-20,1.57,12.78,0.16,,63.8
2019-11-21,1.58,13.13,0.19,,64.99
2019-11-22,1.58,12.34,0.19,,64.83
2019-11-25,1.61,11.87,0.15,,64.67
2019-11-26,1.6,11.54,0.14,,64.82
2019-11-27,1.62,11.75,0.15,,65.03
2019-11-29,1.59,12.62,0.19,,64.5
2019-12-02,1.6,14.91,0.23,,63.2
2019-12-03,1.57,15.96,0.15,,62.95
2019-12-04,1.55,14.8,0.22,,65.25
2019-12-05,1.54,14.52,0.26,,65.67
2019-12-06,1.53,13.62,0.31,,66.5
2019-12-09,1.54,15.86,0.29,,66.44
2019-12-10,1.56,15.68,0.29,,66.57
2019-12-11,1.57,14.99,0.22,,65.37
2019-12-12,1.56,13.94,0.34,,66.67
2019-12-13,1.57,12.63,0.25,,67.44
2019-12-16,1.57,12.14,0.32,,68.04
2019-12-17,1.56,12.29,0.33,,68.99
2019-12-18,1.56,12.58,0.36,,69.12
2019-12-19,1.57,12.5,0.35,,69.7
2019-12-20,1.58,12.51,0.34,,68.66
2019-12-23,1.59,12.61,0.34,,67.49
2019-12-24,1.58,12.67,0.32,,69.26
2019-12-26,1.58,12.65,0.32,,69.26
2019-12-27,1.57,13.43,0.31,,68.91
2019-12-30,1.57,14.82,0.33,,68.3
2019-12-31,1.55,13.78,0.37,,67.77
2020-01-02,1.54,12.47,0.34,,67.05
2020-01-03,1.52,14.02,0.28,,69.08
2020-01-06,1.56,13.85,0.25,,70.25
2020-01-07,1.54,13.79,0.29,,68.74
2020-01-08,1.54,13.45,0.33,,67.31
2020-01-09,1.54,12.54,0.31,,66.58
2020-01-10,1.54,12.56,0.29,,66.77
2020-01-13,1.57,12.32,0.28,,64.14
2020-01-14,1.57,12.39,0.25,,64.45
2020-01-15,1.57,12.42,0.22,,63.29
2020-01-16,1.55,12.32,0.26,,64.63
2020-01-17,1.56,12.1,0.28,,64.05
2020-01-21,1.56,12.85,0.22,,63.66
2020-01-22,1.55,12.91,0.22,,62.11
2020-01-23,1.55,12.98,0.19,,61.26
2020-01-24,1.54,14.56,0.16,,59.34
2020-01-27,1.55,18.23,0.06,,58.54
2020-01-28,1.57,16.28,0.08,,59.37
2020-01-29,1.56,16.39,0.04,,59.46
2020-01-30,1.57,15.49,0.0,,57.72
2020-01-31,1.55,18.84,-0.04,,57.77
2020-02-03,1.57,17.97,-0.03,,54.0
2020-02-04,1.57,16.05,0.04,,53.9
2020-02-05,1.57,15.15,0.09,,55.36
2020-02-06,1.57,14.96,0.08,,55.18
2020-02-07,1.56,15.47,0.03,,54.53
2020-02-10,1.58,15.04,-0.02,,53.39
2020-02-11,1.57,15.18,0.02,,54.0
2020-02-12,1.58,13.74,0.04,,55.54
2020-02-13,1.59,14.15,0.02,,56.34
2020-02-14,1.58,13.68,0.01,,57.37
2020-02-18,1.58,14.83,-0.03,,57.35
2020-02-19,1.58,14.38,-0.02,,59.72
2020-02-20,1.58,15.56,-0.06,,59.57
2020-02-21,1.56,17.08,-0.1,,58.6
2020-02-24,1.53,25.03,-0.15,,56.71
2020-02-25,1.53,27.85,-0.2,,55.29
2020-02-26,1.53,27.56,-0.2,,54.96
2020-02-27,1.45,39.16,-0.15,,52.19
2020-02-28,1.27,40.11,-0.14,,51.31
2020-03-02,1.13,33.42,-0.03,,52.52
2020-03-03,0.95,36.82,0.07,,52.24
2020-03-04,0.72,31.99,0.3,,51.86
2020-03-05,0.62,39.62,0.3,,51.29
2020-03-06,0.45,41.94,0.29,,45.6
2020-03-09,0.33,54.46,0.21,,35.33
2020-03-10,0.44,47.3,0.32,,35.57
2020-03-11,0.42,53.9,0.4,,34.45
2020-03-12,0.33,75.47,0.55,,31.02
2020-03-13,0.28,57.83,0.66,,32.25
2020-03-16,0.24,82.69,0.49,,27.98
2020-03-17,0.19,75.91,0.83,,27.97
2020-03-18,0.02,76.45,1.16,,22.79
2020-03-19,0.04,72.0,1.08,,23.98
2020-03-20,0.05,66.04,0.87,,25.55
2020-03-23,0.02,61.59,0.74,,23.75
2020-03-24,0.01,61.67,0.83,,24.5
2020-03-25,0.0,63.95,0.88,,25.62
2020-03-26,0.0,61.0,0.83,,23.55
2020-03-27,0.03,65.54,0.69,,22.39
2020-03-30,0.12,57.08,0.58,,19.19
2020-03-31,0.11,53.54,0.59,,14.85
2020-04-01,0.09,57.06,0.53,,14.97
2020-04-02,0.09,50.91,0.54,,20.24
2020-04-03,0.1,46.8,0.52,,24.33
2020-04-06,0.15,45.24,0.52,,22.58
2020-04-07,0.14,46.7,0.61,,22.1
2020-04-08,0.22,43.35,0.55,,25.22
2020-04-09,0.25,41.67,0.48,,20.23
2020-04-13,0.26,41.17,0.5,,20.23
2020-04-14,0.2,37.76,0.56,,21.74
2020-04-15,0.14,40.84,0.49,,19.8
2020-04-16,0.14,40.11,0.47,,18.69
2020-04-17,0.12,38.15,0.53,,19.75
2020-04-20,0.12,43.83,0.51,,17.36
2020-04-21,0.11,45.41,0.47,,9.12
2020-04-22,0.12,41.98,0.51,,13.77
2020-04-23,0.11,41.38,0.5,,15.06
2020-04-24,0.12,35.93,0.48,,15.87
2020-04-27,0.12,33.29,0.55,,15.17
2020-04-28,0.11,33.57,0.51,,15.6
2020-04-29,0.1,31.23,0.53,,17.86
2020-04-30,0.09,34.15,0.55,,18.11
2020-05-01,0.12,37.19,0.52,,18.49
2020-05-04,0.13,35.97,0.51,,20.4
2020-05-05,0.13,33.61,0.53,,25.46
2020-05-06,0.12,34.12,0.6,,24.2
2020-05-07,0.11,31.44,0.52,,24.23
2020-05-08,0.12,27.98,0.57,,24.23
2020-05-11,0.12,27.57,0.61,,25.53
2020-05-12,0.13,33.04,0.56,,26.67
2020-05-13,0.13,35.28,0.51,,27.89
2020-05-14,0.12,32.61,0.51,,29.87
2020-05-15,0.12,31.89,0.52,,30.95
2020-05-18,0.13,29.3,0.6,,33.3
2020-05-19,0.13,30.53,0.57,,33.06
2020-05-20,0.12,27.99,0.56,,34.76
2020-05-21,0.12,29.53,0.56,,34.78
2020-05-22,0.12,28.16,0.54,,33.8
2020-05-26,0.14,28.01,0.55,,33.95
2020-05-27,0.15,27.62,0.53,,32.73
2020-05-28,0.15,28.59,0.55,,33.98
2020-05-29,0.14,27.51,0.51,,34.15
2020-06-01,0.14,28.23,0.52,,36.74
2020-06-02,0.15,26.84,0.53,,37.72
2020-06-03,0.16,25.66,0.61,,37.98
2020-06-04,0.15,25.81,0.67,,38.41
2020-06-05,0.15,24.52,0.76,,41.0
2020-06-08,0.17,25.81,0.71,,39.66
2020-06-09,0.19,27.57,0.65,,40.45
2020-06-10,0.17,27.57,0.58,,41.18
2020-06-11,0.17,40.79,0.49,,37.76
2020-06-12,0.16,36.09,0.55,,38.54
2020-06-15,0.18,34.4,0.53,,39.44
2020-06-16,0.17,33.67,0.58,,40.75
2020-06-17,0.17,33.47,0.57,,40.47
2020-06-18,0.16,32.94,0.55,,41.75
2020-06-19,0.15,35.12,0.55,,42.33
2020-06-22,0.16,31.77,0.55,,43.2
2020-06-23,0.16,31.37,0.56,,42.72
2020-06-24,0.15,33.84,0.54,,40.4
2020-06-25,0.16,32.22,0.52,,41.18
2020-06-26,0.14,34.73,0.5,,40.97
2020-06-29,0.14,31.78,0.5,,41.58
2020-06-30,0.16,30.43,0.5,,41.64
2020-07-01,0.14,28.62,0.55,,42.18
2020-07-02,0.14,27.68,0.54,,43.19
2020-07-06,0.15,27.94,0.54,,42.73
2020-07-07,0.15,29.43,0.5,,43.28
2020-07-08,0.15,28.08,0.52,,43.67
2020-07-09,0.13,29.26,0.49,,42.35
2020-07-10,0.13,27.29,0.52,,43.27
2020-07-13,0.14,32.19,0.5,,42.85
2020-07-14,0.15,29.52,0.48,,42.97
2020-07-15,0.16,27.76,0.48,,43.96
2020-07-16,0.11,28.0,0.51,,43.71
2020-07-17,0.11,25.68,0.53,,43.53
2020-07-20,0.13,24.46,0.49,,43.3
2020-07-21,0.13,24.84,0.48,,44.31
2020-07-22,0.13,24.32,0.47,,43.98
2020-07-23,0.12,26.08,0.47,,42.96
2020-07-24,0.11,25.84,0.48,,43.29
2020-07-27,0.11,24.74,0.51,,43.39
2020-07-28,0.11,25.44,0.48,,43.11
2020-07-29,0.11,24.1,0.47,,43.51
2020-07-30,0.09,24.76,0.46,,42.98
2020-07-31,0.09,24.46,0.46,,43.13
2020-08-03,0.1,24.28,0.46,,43.76
2020-08-04,0.09,23.76,0.43,,43.99
2020-08-05,0.1,22.99,0.45,,44.92
2020-08-06,0.1,22.65,0.45,,45.04
2020-08-07,0.1,22.21,0.47,,44.07
2020-08-10,0.11,22.13,0.48,,44.19
2020-08-11,0.11,24.03,0.53,,43.68
2020-08-12,0.11,22.28,0.58,,45.09
2020-08-13,0.1,22.13,0.61,,44.87
2020-08-14,0.1,22.05,0.61,,44.86
2020-08-17,0.1,21.35,0.59,,44.91
2020-08-18,0.09,21.51,0.58,,45.34
2020-08-19,0.11,22.54,0.57,,45.21
2020-08-20,0.11,22.72,0.54,,44.56
2020-08-21,0.1,22.54,0.54,,43.94
2020-08-24,0.12,22.37,0.53,,44.43
2020-08-25,0.11,22.03,0.58,,46.01
2020-08-26,0.11,23.27,0.58,,45.79
2020-08-27,0.11,24.47,0.63,,44.84
2020-08-28,0.1,22.96,0.64,,45.22
2020-08-31,0.11,26.41,0.61,,45.22
2020-09-01,0.12,26.12,0.56,,45.72
2020-09-02,0.12,26.57,0.54,,42.7
2020-09-03,0.11,33.6,0.52,,42.72
2020-09-04,0.11,30.75,0.61,,41.1
2020-09-08,0.13,31.46,0.56,,38.53
2020-09-09,0.12,28.81,0.59,,39.98
2020-09-10,0.12,29.71,0.56,,39.27
2020-09-11,0.11,26.87,0.56,,38.8
2020-09-14,0.11,25.85,0.57,,38.57
2020-09-15,0.11,25.59,0.57,,39.54
2020-09-16,0.12,26.04,0.57,,41.23
2020-09-17,0.09,26.46,0.6,,42.35
2020-09-18,0.1,25.83,0.6,,42.16
2020-09-21,0.1,27.78,0.58,,40.37
2020-09-22,0.1,26.86,0.58,,40.84
2020-09-23,0.11,28.58,0.57,,41.09
2020-09-24,0.1,28.51,0.57,,41.24
2020-09-25,0.1,26.38,0.56,,40.91
2020-09-28,0.11,26.19,0.56,,41.59
2020-09-29,0.09,26.27,0.57,,40.33
2020-09-30,0.1,26.37,0.59,,40.3
2020-10-01,0.09,26.7,0.59,,39.75
2020-10-02,0.09,27.63,0.61,,38.0
2020-10-05,0.1,27.96,0.68,,39.78
2020-10-06,0.1,29.48,0.66,,41.27
2020-10-07,0.1,28.06,0.71,,40.62
2020-10-08,0.09,26.36,0.69,,42.0
2020-10-09,0.1,25.0,0.69,,41.63
2020-10-12,0.1,25.07,0.69,,40.5
2020-10-13,0.11,26.07,0.63,,41.34
2020-10-14,0.12,26.4,0.61,,41.81
2020-10-15,0.11,26.97,0.63,,41.61
2020-10-16,0.11,27.41,0.65,,41.34
2020-10-19,0.11,29.18,0.67,,41.29
2020-10-20,0.1,29.35,0.71,,41.62
2020-10-21,0.1,28.65,0.73,,40.09
2020-10-22,0.09,28.11,0.78,,41.28
2020-10-23,0.1,27.55,0.75,,40.71
2020-10-26,0.11,32.46,0.7,,39.06
2020-10-27,0.1,33.35,0.69,,39.72
2020-10-28,0.1,40.28,0.69,,37.86
2020-10-29,0.09,37.59,0.76,,36.56
2020-10-30,0.09,38.02,0.79,,36.33
2020-11-02,0.09,37.13,0.78,,37.78
2020-11-03,0.1,35.55,0.8,,38.17
2020-11-04,0.1,29.57,0.68,,39.68
2020-11-05,0.1,27.58,0.69,,39.47
2020-11-06,0.1,24.86,0.73,,38.08
2020-11-09,0.11,25.75,0.85,,40.93
2020-11-10,0.1,24.8,0.88,,42.25
2020-11-11,0.1,23.45,0.88,,42.5
2020-11-12,0.1,25.35,0.78,,42.16
2020-11-13,0.09,23.1,0.8,,41.51
2020-11-16,0.09,22.45,0.82,,42.71
2020-11-17,0.09,22.71,0.78,,42.54
2020-11-18,0.09,23.84,0.79,,42.91
2020-11-19,0.07,23.11,0.79,,43.09
2020-11-20,0.07,23.7,0.76,,43.79
2020-11-23,0.08,22.66,0.78,,45.0
2020-11-24,0.09,21.64,0.79,,46.63
2020-11-25,0.09,21.25,0.79,,47.3
2020-11-27,0.09,20.84,0.75,,46.88
2020-11-30,0.08,20.57,0.76,,46.84
2020-12-01,0.09,20.77,0.83,,47.03
2020-12-02,0.09,21.17,0.86,,47.8
2020-12-03,0.08,21.28,0.84,,48.37
2020-12-04,0.09,20.79,0.88,,49.1
2020-12-07,0.08,21.3,0.86,,48.63
2020-12-08,0.09,20.68,0.83,,48.84
2020-12-09,0.08,22.27,0.87,,48.81
2020-12-10,0.08,22.52,0.84,,50.33
2020-12-11,0.08,23.31,0.82,,50.01
2020-12-14,0.09,24.72,0.81,,50.27
2020-12-15,0.08,22.89,0.84,,50.77
2020-12-16,0.09,22.5,0.83,,50.83
2020-12-17,0.08,21.93,0.86,,51.2
2020-12-18,0.08,21.57,0.87,,52.17
2020-12-21,0.09,25.16,0.86,,50.61
2020-12-22,0.09,24.23,0.84,,49.88
2020-12-23,0.09,23.31,0.87,,51.05
2020-12-24,0.09,21.53,0.85,,50.88
2020-12-28,0.11,21.7,0.83,,50.88
2020-12-29,0.1,23.08,0.84,,50.44
2020-12-30,0.08,22.77,0.85,,50.74
2020-12-31,0.09,22.75,0.84,,51.22
2021-01-04,0.09,26.97,0.84,,50.37
2021-01-05,0.09,25.34,0.87,,53.16
2021-01-06,0.09,25.07,0.95,,53.8
2021-01-07,0.09,22.37,0.99,,53.7
2021-01-08,0.08,21.56,1.05,,55.51
2021-01-11,0.08,24.08,1.07,,54.84
2021-01-12,0.09,23.33,1.06,,55.98
2021-01-13,0.09,22.21,1.01,,55.52
2021-01-14,0.09,23.25,1.06,,55.76
2021-01-15,0.09,24.34,1.02,,54.8
2021-01-19,0.09,23.24,1.01,,55.38
2021-01-20,0.08,21.58,1.02,,55.66
2021-01-21,0.09,21.32,1.03,,55.68
2021-01-22,0.08,21.91,1.02,,55.22
2021-01-25,0.09,23.19,0.96,,55.44
2021-01-26,0.07,23.02,0.98,,55.26
2021-01-27,0.08,37.21,0.96,,55.07
2021-01-28,0.07,30.21,1.0,,54.87
2021-01-29,0.06,33.09,1.05,,55.25
2021-02-01,0.07,30.24,1.02,,56.42
2021-02-02,0.07,25.56,1.05,,57.62
2021-02-03,0.04,22.91,1.11,,58.61
2021-02-04,0.04,21.77,1.11,,58.98
2021-02-05,0.03,20.87,1.16,,59.48
2021-02-08,0.05,21.24,1.14,,60.17
2021-02-09,0.04,21.63,1.14,,60.74
2021-02-10,0.05,21.99,1.1,,61.17
2021-02-11,0.05,21.25,1.11,,61.09
2021-02-12,0.04,19.97,1.16,,62.47
2021-02-16,0.04,21.46,1.26,,63.96
2021-02-17,0.04,21.5,1.25,,65.02
2021-02-18,0.03,22.49,1.26,,64.09
2021-02-19,0.04,22.05,1.3,,62.84
2021-02-22,0.03,23.45,1.34,,64.73
2021-02-23,0.04,23.11,1.33,,65.16
2021-02-24,0.03,21.34,1.35,,66.85
2021-02-25,0.04,28.89,1.5,,66.69
2021-02-26,0.04,27.95,1.4,,65.86
2021-03-01,0.05,23.35,1.4,,64.56
2021-03-02,0.04,24.1,1.38,,63.17
2021-03-03,0.05,26.67,1.42,,64.7
2021-03-04,0.04,28.57,1.5,,67.32
2021-03-05,0.04,24.66,1.52,,69.95
2021-03-08,0.05,25.47,1.54,,68.0
2021-03-09,0.05,24.03,1.5,,67.03
2021-03-10,0.04,22.56,1.49,,67.53
2021-03-11,0.04,21.91,1.5,,69.34
2021-03-12,0.04,20.69,1.6,,68.87
2021-03-15,0.04,20.03,1.58,,68.78
2021-03-16,0.02,19.79,1.6,,67.95
2021-03-17,0.02,19.23,1.61,,67.73
2021-03-18,0.01,21.58,1.7,,62.11
2021-03-19,0.01,20.95,1.73,,64.0
2021-03-22,0.03,18.88,1.66,,63.89
2021-03-23,0.01,20.3,1.62,,59.96
2021-03-24,0.02,21.2,1.6,,63.7
2021-03-25,0.02,19.81,1.61,,61.21
2021-03-26,0.02,18.86,1.65,,63.77
2021-03-29,0.03,20.74,1.7,,64.06
2021-03-30,0.02,19.61,1.71,,63.28
2021-03-31,0.03,19.4,1.71,,63.52
2021-04-01,0.02,17.33,1.67,,63.85
2021-04-05,0.03,17.91,1.7,,63.85
2021-04-06,0.02,18.12,1.65,,61.47
2021-04-07,0.02,17.16,1.66,,61.86
2021-04-08,0.01,16.95,1.63,,62.09
2021-04-09,0.02,16.69,1.65,,61.89
2021-04-12,0.02,16.91,1.67,,62.38
2021-04-13,0.03,16.65,1.61,,62.83
2021-04-14,0.02,16.99,1.62,,66.11
2021-04-15,0.02,16.57,1.54,,66.13
2021-04-16,0.02,16.25,1.57,,65.98
2021-04-19,0.02,17.29,1.59,,66.54
2021-04-20,0.03,18.68,1.55,,65.34
2021-04-21,0.03,17.5,1.54,,64.02
2021-04-22,0.03,18.71,1.54,,65.07
2021-04-23,0.03,17.33,1.55,,65.75
2021-04-26,0.03,17.64,1.55,,65.5
2021-04-27,0.01,17.56,1.62,,66.25
2021-04-28,0.01,17.28,1.62,,67.08
2021-04-29,0.01,17.61,1.64,,68.26
2021-04-30,0.01,18.61,1.64,,67.73
2021-05-03,0.04,18.31,1.59,,67.73
2021-05-04,0.02,19.48,1.59,,68.91
2021-05-05,0.02,19.15,1.57,,69.71
2021-05-06,0.02,18.39,1.56,,68.62
2021-05-07,0.02,16.69,1.58,,68.73
2021-05-10,0.02,19.66,1.61,,68.61
2021-05-11,0.01,21.84,1.63,,68.83
2021-05-12,0.02,27.59,1.67,,69.62
2021-05-13,0.02,23.13,1.64,,67.36
2021-05-14,0.01,18.81,1.62,,69.24
2021-05-17,0.02,19.72,1.62,,69.62
2021-05-18,0.02,21.34,1.62,,69.01
2021-05-19,0.01,22.18,1.67,,66.88
2021-05-20,0.01,20.67,1.62,,65.18
2021-05-21,0.01,20.15,1.62,,66.72
2021-05-24,0.02,18.4,1.59,,68.59
2021-05-25,0.02,18.84,1.54,,68.8
2021-05-26,0.02,17.36,1.56,,68.93
2021-05-27,0.02,16.74,1.59,,69.43
2021-05-28,0.01,16.76,1.57,,69.36
2021-06-01,0.02,17.9,1.6,,70.03
2021-06-02,0.02,17.48,1.57,,70.6
2021-06-03,0.02,18.04,1.61,,70.71
2021-06-04,0.02,16.42,1.54,,71.3
2021-06-07,0.02,16.42,1.55,,70.89
2021-06-08,0.02,17.07,1.51,,71.39
2021-06-09,0.03,17.89,1.47,,71.31
2021-06-10,0.03,16.1,1.42,,71.65
2021-06-11,0.03,15.65,1.44,,72.05
2021-06-14,0.03,16.39,1.48,,72.27
2021-06-15,0.03,17.02,1.48,,73.38
2021-06-16,0.04,18.15,1.53,,73.88
2021-06-17,0.04,17.75,1.48,,72.92
2021-06-18,0.05,20.7,1.4,,73.1
2021-06-21,0.05,17.89,1.45,,74.49
2021-06-22,0.04,16.66,1.44,,74.92
2021-06-23,0.05,16.32,1.45,,75.22
2021-06-24,0.05,15.97,1.44,,75.95
2021-06-25,0.06,15.62,1.48,,76.45
2021-06-28,0.05,15.76,1.44,,74.78
2021-06-29,0.04,16.02,1.45,,75.38
2021-06-30,0.05,15.83,1.4,,76.94
2021-07-01,0.05,15.48,1.43,,76.69
2021-07-02,0.05,15.07,1.39,,77.51
2021-07-06,0.05,16.44,1.32,,75.81
2021-07-07,0.05,16.2,1.28,,74.31
2021-07-08,0.06,19.0,1.24,,75.07
2021-07-09,0.06,16.18,1.31,,77.14
2021-07-12,0.05,16.17,1.33,,76.77
2021-07-13,0.05,17.12,1.37,,77.5
2021-07-14,0.06,16.33,1.31,,75.74
2021-07-15,0.05,17.01,1.26,,74.53
2021-07-16,0.05,18.45,1.26,,74.46
2021-07-19,0.05,22.5,1.14,,69.33
2021-07-20,0.05,19.73,1.18,,70.03
2021-07-21,0.05,17.91,1.25,,72.54
2021-07-22,0.05,17.69,1.22,,74.25
2021-07-23,0.05,17.2,1.25,,74.86
2021-07-26,0.05,17.58,1.24,,74.79
2021-07-27,0.05,19.36,1.2,,74.87
2021-07-28,0.05,18.31,1.21,,75.09
2021-07-29,0.06,17.7,1.22,,76.3
2021-07-30,0.06,18.24,1.18,,77.72
2021-08-02,0.05,19.46,1.15,,73.91
2021-08-03,0.05,18.04,1.14,,73.24
2021-08-04,0.05,17.97,1.14,,70.99
2021-08-05,0.05,17.28,1.18,,72.14
2021-08-06,0.06,16.15,1.25,,71.02
2021-08-09,0.06,16.72,1.27,,69.65
2021-08-10,0.05,16.79,1.31,,71.14
2021-08-11,0.05,16.06,1.3,,71.99
2021-08-12,0.06,15.59,1.3,,71.79
2021-08-13,0.06,15.45,1.23,,70.9
2021-08-16,0.06,16.12,1.2,,70.07
2021-08-17,0.07,17.91,1.19,,69.4
2021-08-18,0.07,21.57,1.2,,68.61
2021-08-19,0.06,21.67,1.18,,66.8
2021-08-20,0.05,18.56,1.21,,65.51
2021-08-23,0.05,17.15,1.2,,69.07
2021-08-24,0.05,17.22,1.24,,71.21
2021-08-25,0.06,16.79,1.29,,72.12
2021-08-26,0.05,18.84,1.29,,70.42
2021-08-27,0.05,16.39,1.26,,72.26
2021-08-30,0.05,16.19,1.24,,72.26
2021-08-31,0.04,16.48,1.26,,73.45
2021-09-01,0.05,16.11,1.26,,71.99
2021-09-02,0.05,16.41,1.24,,73.56
2021-09-03,0.05,16.41,1.28,,73.07
2021-09-07,0.05,18.14,1.33,,71.52
2021-09-08,0.05,17.96,1.3,,72.36
2021-09-09,0.04,18.8,1.26,,71.32
2021-09-10,0.05,20.95,1.3,,72.44
2021-09-13,0.06,19.37,1.27,,72.97
2021-09-14,0.04,19.46,1.24,,73.05
2021-09-15,0.04,18.18,1.27,,74.84
2021-09-16,0.04,18.69,1.3,,75.14
2021-09-17,0.04,20.81,1.33,,74.64
2021-09-20,0.04,25.71,1.27,,73.59
2021-09-21,0.03,24.36,1.3,,73.65
2021-09-22,0.03,20.87,1.29,,75.5
2021-09-23,0.03,18.63,1.38,,76.44
2021-09-24,0.03,17.75,1.44,,77.42
2021-09-27,0.04,18.76,1.44,,78.85
2021-09-28,0.04,23.25,1.5,,78.3
2021-09-29,0.04,22.56,1.51,,77.86
2021-09-30,0.04,23.14,1.48,,77.81
2021-10-01,0.04,21.15,1.44,,79.4
2021-10-04,0.04,22.96,1.45,,81.44
2021-10-05,0.04,21.3,1.5,,82.72
2021-10-06,0.04,21.0,1.49,,81.39
2021-10-07,0.05,19.54,1.53,,82.34
2021-10-08,0.05,18.77,1.56,,82.17
2021-10-11,0.05,20.0,1.56,,83.75
2021-10-12,0.06,19.85,1.53,,83.53
2021-10-13,0.05,18.64,1.51,,83.53
2021-10-14,0.05,16.86,1.47,,83.86
2021-10-15,0.05,16.3,1.54,,84.67
2021-10-18,0.06,16.31,1.53,,84.13
2021-10-19,0.05,15.7,1.6,,85.02
2021-10-20,0.05,15.49,1.6,,85.76
2021-10-21,0.06,15.01,1.62,,84.58
2021-10-22,0.06,15.43,1.6,,85.43
2021-10-25,0.06,15.24,1.58,,84.85
2021-10-26,0.06,15.98,1.57,,85.11
2021-10-27,0.06,16.98,1.48,,84.12
2021-10-28,0.06,16.53,1.51,,83.4
2021-10-29,0.05,16.26,1.5,,83.1
2021-11-01,0.05,16.41,1.53,,84.51
2021-11-02,0.05,16.03,1.51,,84.42
2021-11-03,0.05,15.1,1.55,,81.1
2021-11-04,0.04,15.44,1.49,,80.15
2021-11-05,0.05,16.48,1.4,,82.43
2021-11-08,0.06,17.22,1.45,,83.22
2021-11-09,0.04,17.78,1.42,,84.52
2021-11-10,0.05,18.73,1.51,,82.91
2021-11-11,0.05,17.66,1.51,,83.4
2021-11-12,0.05,16.29,1.53,,82.9
2021-11-15,0.05,16.49,1.58,,81.94
2021-11-16,0.05,16.37,1.58,,82.85
2021-11-17,0.05,17.11,1.55,,80.67
2021-11-18,0.05,17.59,1.54,,82.45
2021-11-19,0.05,17.91,1.49,,80.24
2021-11-22,0.05,19.17,1.58,,80.97
2021-11-23,0.06,19.38,1.61,,83.43
2021-11-24,0.06,18.58,1.58,,82.37
2021-11-26,0.06,28.62,1.42,,72.37
2021-11-29,0.06,22.96,1.46,,73.34
2021-11-30,0.05,27.19,1.38,,70.86
2021-12-01,0.06,31.12,1.37,,69.53
2021-12-02,0.05,27.95,1.39,,70.56
2021-12-03,0.06,30.67,1.29,,70.71
2021-12-06,0.05,27.18,1.38,,73.38
2021-12-07,0.06,21.89,1.42,,75.54
2021-12-08,0.07,19.9,1.45,,75.94
2021-12-09,0.06,21.58,1.43,,74.1
2021-12-10,0.06,18.69,1.42,,74.98
2021-12-13,0.05,20.31,1.37,,74.12
2021-12-14,0.05,21.89,1.39,,73.37
2021-12-15,0.05,19.29,1.42,,73.71
2021-12-16,0.05,20.57,1.39,,74.64
2021-12-17,0.05,21.57,1.36,,72.97
2021-12-20,0.07,22.87,1.36,,70.51
2021-12-21,0.07,21.01,1.41,,72.85
2021-12-22,0.08,18.63,1.38,,74.69
2021-12-23,0.07,17.96,1.43,,76.26
2021-12-27,0.06,17.68,1.42,,76.26
2021-12-28,0.06,17.54,1.43,,76.26
2021-12-29,0.05,16.95,1.5,,78.63
2021-12-30,0.05,17.33,1.47,,78.61
2021-12-31,0.06,17.22,1.46,,77.24
2022-01-03,0.08,16.6,1.55,,78.25
2022-01-04,0.08,16.91,1.58,,79.39
2022-01-05,0.09,19.73,1.62,,80.6
2022-01-06,0.1,19.61,1.63,,81.99
2022-01-07,0.1,18.76,1.66,,82.28
2022-01-10,0.13,19.4,1.65,,81.56
2022-01-11,0.11,18.41,1.64,,84.98
2022-01-12,0.12,17.62,1.62,,85.83
2022-01-13,0.12,20.31,1.58,,85.8
2022-01-14,0.13,19.19,1.65,,87.17
2022-01-18,0.16,22.79,1.71,,88.83
2022-01-19,0.17,23.85,1.66,,89.64
2022-01-20,0.17,25.59,1.66,,89.75
2022-01-21,0.17,28.85,1.58,,89.75
2022-01-24,0.19,29.9,1.56,,87.74
2022-01-25,0.19,31.16,1.59,,89.49
2022-01-26,0.19,31.96,1.66,,91.22
2022-01-27,0.2,30.49,1.61,,90.7
2022-01-28,0.19,27.66,1.59,,91.47
2022-01-31,0.22,24.83,1.57,,92.35
2022-02-01,0.19,21.96,1.62,,90.24
2022-02-02,0.19,22.09,1.59,,91.43
2022-02-03,0.2,24.35,1.62,,92.99
2022-02-04,0.23,23.22,1.7,,96.86
2022-02-07,0.27,22.86,1.65,,97.28
2022-02-08,0.25,21.44,1.71,,96.07
2022-02-09,0.26,19.96,1.68,,94.95
2022-02-10,0.4,23.91,1.63,,96.37
2022-02-11,0.36,27.36,1.56,,97.5
2022-02-14,0.43,28.33,1.55,,101.66
2022-02-15,0.4,25.7,1.65,,98.43
2022-02-16,0.38,24.29,1.65,,97.44
2022-02-17,0.36,28.11,1.61,,95.28
2022-02-18,0.35,27.75,1.57,,96.18
2022-02-22,0.37,28.81,1.57,,98.73
2022-02-23,0.34,31.02,1.65,,99.29
2022-02-24,0.32,30.32,1.64,,101.29
2022-02-25,0.33,27.59,1.64,,98.56
2022-02-28,0.35,30.15,1.48,,103.08
2022-03-01,0.32,33.32,1.4,,110.93
2022-03-02,0.34,30.74,1.52,,118.94
2022-03-03,0.38,30.48,1.48,,115.36
2022-03-04,0.34,31.98,1.4,,123.86
2022-03-07,0.38,36.45,1.4,,129.02
2022-03-08,0.36,35.13,1.5,,133.18
2022-03-09,0.38,32.45,1.56,,116.58
2022-03-10,0.39,30.23,1.59,,114.54
2022-03-11,0.4,30.75,1.6,,118.11
2022-03-14,0.45,31.77,1.69,,110.39
2022-03-15,0.46,29.83,1.69,,105.14
2022-03-16,0.44,26.67,1.75,,104.61
2022-03-17,0.4,25.67,1.8,,113.5
2022-03-18,0.42,23.87,1.72,,114.32
2022-03-21,0.54,23.53,1.78,,122.29
2022-03-22,0.51,22.94,1.87,,121.53
2022-03-23,0.5,23.57,1.82,,127.52
2022-03-24,0.52,21.67,1.82,,123.98
2022-03-25,0.55,20.81,1.93,,122.67
2022-03-28,0.59,19.63,1.87,,114.5
2022-03-29,0.55,18.9,1.86,,112.79
2022-03-30,0.55,19.33,1.8,,115.59
2022-03-31,0.52,20.56,1.8,,107.29
2022-04-01,0.53,19.63,1.86,,106.13
2022-04-04,0.66,18.57,1.76,,108.15
2022-04-05,0.65,21.03,1.89,,106.6
2022-04-06,0.67,22.1,1.94,,100.81
2022-04-07,0.68,21.55,1.98,,99.83
2022-04-08,0.7,21.16,2.02,,101.26
2022-04-11,0.77,24.37,2.02,,97.92
2022-04-12,0.74,24.26,1.98,,104.42
2022-04-13,0.75,21.82,1.95,,108.49
2022-04-14,0.79,22.7,2.04,,110.83
2022-04-18,0.81,22.17,2.04,,110.83
2022-04-19,0.81,21.37,2.12,,105.49
2022-04-20,0.82,20.32,2.03,,105.05
2022-04-21,0.83,22.68,2.07,,107.2
2022-04-22,0.83,28.21,2.07,,105.15
2022-04-25,0.91,27.02,1.9,,99.27
2022-04-26,0.83,33.52,1.94,,102.89
2022-04-27,0.82,31.6,2.0,,103.3
2022-04-28,0.82,29.99,2.03,,105.78
2022-04-29,0.85,33.4,2.04,,108.36
2022-05-02,0.9,32.34,2.09,,108.36
2022-05-03,0.91,29.25,2.06,,104.94
2022-05-04,0.89,25.42,2.04,,110.53
2022-05-05,0.85,31.2,2.2,,112.11
2022-05-06,0.85,30.19,2.27,,113.86
2022-05-09,0.92,34.75,2.13,,106.67
2022-05-10,0.89,32.99,2.1,,102.61
2022-05-11,0.91,32.56,2.0,,107.7
2022-05-12,0.96,31.77,1.88,,108.06
2022-05-13,1.03,28.87,1.9,,112.12
2022-05-16,1.07,27.47,1.81,,114.86
2022-05-17,1.06,26.1,1.92,,112.89
2022-05-18,1.03,30.96,1.86,,110.04
2022-05-19,1.05,29.35,1.79,,113.22
2022-05-20,1.03,29.43,1.75,,113.63
2022-05-23,1.07,28.48,1.79,,115.13
2022-05-24,1.06,29.45,1.7,,115.77
2022-05-25,1.06,28.37,1.69,,116.41
2022-05-26,1.07,27.5,1.68,,119.81
2022-05-27,1.08,25.72,1.66,,121.19
2022-05-31,1.16,26.19,1.69,,125.53
2022-06-01,1.15,25.69,1.79,,122.2
2022-06-02,1.17,24.72,1.75,,122.2
2022-06-03,1.21,24.79,1.75,,125.68
2022-06-06,1.26,25.07,1.78,,124.99
2022-06-07,1.26,24.02,1.72,,126.89
2022-06-08,1.28,23.96,1.75,,129.2
2022-06-09,1.3,26.09,1.74,,128.47
2022-06-10,1.39,27.75,1.76,,127.44
2022-06-13,1.73,34.02,1.7,,128.44
2022-06-14,1.83,32.69,1.66,,127.02
2022-06-15,1.74,29.62,1.59,,124.96
2022-06-16,1.59,32.95,1.69,,125.78
2022-06-17,1.63,31.13,1.62,,119.22
2022-06-21,1.7,30.19,1.61,,118.51
2022-06-22,1.61,28.95,1.55,,115.54
2022-06-23,1.65,29.05,1.44,,114.5
2022-06-24,1.73,27.23,1.4,,117.36
2022-06-27,1.79,26.95,1.41,,119.69
2022-06-28,1.79,28.36,1.41,,122.21
2022-06-29,1.78,28.16,1.32,,120.8
2022-06-30,1.72,28.71,1.26,,119.78
2022-07-01,1.73,26.7,1.15,,119.21
2022-07-05,1.9,27.54,0.92,,110.49
2022-07-06,1.9,26.73,1.03,,108.54
2022-07-07,1.95,26.08,1.06,,113.4
2022-07-08,1.98,24.64,1.11,,113.95
2022-07-11,2.18,26.17,0.81,,114.85
2022-07-12,2.22,27.29,0.74,,106.98
2022-07-13,2.39,26.82,0.52,,107.17
2022-07-14,2.4,26.4,0.56,,107.74
2022-07-15,2.37,24.23,0.56,,112.26
2022-07-18,2.5,25.3,0.46,,117.27
2022-07-19,2.52,24.5,0.49,,114.96
2022-07-20,2.51,23.88,0.53,,115.86
2022-07-21,2.48,23.11,0.43,,112.81
2022-07-22,2.49,23.03,0.28,,106.77
2022-07-25,2.62,23.36,0.19,,108.23
2022-07-26,2.55,24.69,0.26,,107.32
2022-07-27,2.44,23.24,0.34,,109.64
2022-07-28,2.42,22.33,0.26,,109.68
2022-07-29,2.41,21.33,0.26,,111.51
2022-08-01,2.56,22.84,0.04,,106.09
2022-08-02,2.56,23.93,0.19,,106.51
2022-08-03,2.52,21.95,0.21,,101.82
2022-08-04,2.5,21.44,0.18,,97.99
2022-08-05,2.58,21.15,0.25,,100.31
2022-08-08,2.65,21.29,0.12,,103.46
2022-08-09,2.67,21.77,0.13,,103.81
2022-08-10,2.65,19.74,0.13,,105.06
2022-08-11,2.62,20.2,0.25,,107.19
2022-08-12,2.63,19.53,0.21,,103.7
2022-08-15,2.72,19.95,0.07,,98.25
2022-08-16,2.7,19.69,0.12,,95.36
2022-08-17,2.68,19.9,0.21,,97.22
2022-08-18,2.71,19.56,0.17,,96.35
2022-08-19,2.74,20.6,0.24,,96.45
2022-08-22,2.82,23.8,0.21,,95.06
2022-08-23,2.8,24.11,0.25,,99.49
2022-08-24,2.82,22.82,0.29,,99.87
2022-08-25,2.88,21.78,0.15,,98.81
2022-08-26,2.89,25.56,0.15,,101.13
2022-08-29,2.97,26.21,0.15,,101.13
2022-08-30,2.97,26.21,0.14,,99.34
2022-08-31,2.96,25.87,0.19,,96.55
2022-09-01,2.97,25.56,0.29,,92.24
2022-09-02,2.94,25.47,0.26,,93.09
2022-09-06,3.04,26.91,0.29,,91.43
2022-09-07,3.07,24.64,0.2,,86.83
2022-09-08,3.06,23.61,0.23,,87.99
2022-09-09,3.08,22.79,0.25,,91.68
2022-09-12,3.17,23.87,0.2,,93.45
2022-09-13,3.28,27.27,0.14,,92.04
2022-09-14,3.24,26.16,0.17,,92.83
2022-09-15,3.22,26.27,0.23,,89.28
2022-09-16,3.2,26.3,0.25,,89.43
2022-09-19,3.37,25.76,0.12,,89.43
2022-09-20,3.35,27.16,0.22,,89.62
2022-09-21,3.31,27.99,0.2,,89.86
2022-09-22,3.29,27.35,0.41,,90.4
2022-09-23,3.24,29.92,0.45,,84.29
2022-09-26,3.39,32.26,0.49,,82.55
2022-09-27,3.35,32.6,0.62,,85.97
2022-09-28,3.4,30.18,0.32,,89.55
2022-09-29,3.36,31.84,0.4,,89.41
2022-09-30,3.33,31.62,0.5,,88.9
2022-10-03,3.46,30.1,0.21,,90.68
2022-10-04,3.45,29.07,0.17,,93.74
2022-10-05,3.46,28.55,0.3,,94.35
2022-10-06,3.46,30.52,0.37,,95.65
2022-10-07,3.45,31.36,0.44,,98.88
2022-10-10,3.45,32.45,0.44,,97.13
2022-10-11,3.67,33.63,0.26,,95.17
2022-10-12,3.7,33.57,0.21,,93.44
2022-10-13,3.79,31.94,0.18,,95.16
2022-10-14,3.81,32.02,0.19,,92.22
2022-10-17,3.97,31.37,0.05,,91.04
2022-10-18,4.04,30.5,-0.03,,89.46
2022-10-19,4.07,30.76,0.07,,91.34
2022-10-20,4.09,29.98,0.15,,91.52
2022-10-21,4.09,29.69,0.12,,91.82
2022-10-24,4.16,29.85,0.09,,91.57
2022-10-25,4.14,28.46,-0.04,,91.76
2022-10-26,4.11,27.28,-0.07,,92.93
2022-10-27,4.13,27.39,-0.17,,94.17
2022-10-28,4.18,25.75,-0.16,,94.64
2022-10-31,4.22,25.88,-0.12,,93.3
2022-11-01,4.23,25.81,-0.16,,95.12
2022-11-02,4.22,25.86,-0.12,,96.07
2022-11-03,4.25,25.3,-0.11,,95.29
2022-11-04,4.21,24.55,-0.04,,99.53
2022-11-07,4.29,24.35,-0.07,,99.87
2022-11-08,4.28,25.54,-0.14,,96.85
2022-11-09,4.29,26.09,-0.17,,93.05
2022-11-10,4.28,23.53,-0.46,,94.25
2022-11-11,4.28,22.52,-0.46,,96.37
2022-11-14,4.34,23.73,-0.46,,93.59
2022-11-15,4.31,24.54,-0.51,,94.3
2022-11-16,4.32,24.11,-0.65,,92.61
2022-11-17,4.32,23.93,-0.55,,91.0
2022-11-18,4.34,23.12,-0.52,,88.93
2022-11-21,4.41,22.36,-0.58,,88.44
2022-11-22,4.4,21.29,-0.64,,88.65
2022-11-23,4.4,20.35,-0.69,,85.9
2022-11-25,4.41,20.5,-0.73,,83.4
2022-11-28,4.41,22.21,-0.72,,83.5
2022-11-29,4.38,21.89,-0.63,,83.22
2022-11-30,4.37,20.58,-0.69,,85.61
2022-12-01,4.33,19.84,-0.8,,86.28
2022-12-02,4.34,19.06,-0.83,,86.54
2022-12-05,4.36,20.75,-0.76,,83.36
2022-12-06,4.37,22.17,-0.86,,79.92
2022-12-07,4.29,22.68,-0.87,,77.11
2022-12-08,4.28,22.29,-0.8,,76.02
2022-12-09,4.31,22.83,-0.74,,76.37
2022-12-12,4.38,25.0,-0.77,,78.0
2022-12-13,4.35,22.55,-0.84,,80.14
2022-12-14,4.33,21.14,-0.84,,83.33
2022-12-15,4.34,22.83,-0.9,,82.34
2022-12-16,4.31,22.62,-0.83,,80.2
2022-12-19,4.37,22.42,-0.8,,81.66
2022-12-20,4.35,21.48,-0.66,,79.45
2022-12-21,4.33,20.07,-0.65,,80.25
2022-12-22,4.35,21.97,-0.68,,79.58
2022-12-23,4.34,20.87,-0.59,,82.45
2022-12-27,4.46,21.65,-0.62,,82.45
2022-12-28,4.46,22.14,-0.58,,81.7
2022-12-29,4.45,21.44,-0.62,,80.96
2022-12-30,4.42,21.67,-0.54,,82.82
2023-01-03,4.53,22.9,-0.74,,80.36
2023-01-04,4.55,22.01,-0.86,,75.31
2023-01-05,4.66,22.46,-0.95,,76.73
2023-01-06,4.67,21.13,-1.12,,76.41
2023-01-09,4.7,21.97,-1.17,,77.5
2023-01-10,4.73,20.58,-1.12,,78.4
2023-01-11,4.72,21.09,-1.18,,81.11
2023-01-12,4.66,18.83,-1.23,,82.59
2023-01-13,4.67,18.35,-1.18,,83.43
2023-01-17,4.71,19.36,-1.18,,84.38
2023-01-18,4.69,20.34,-1.32,,83.78
2023-01-19,4.71,20.52,-1.32,,85.08
2023-01-20,4.72,19.85,-1.24,,86.96
2023-01-23,4.73,19.81,-1.21,,87.54
2023-01-24,4.72,19.2,-1.26,,85.25
2023-01-25,4.72,19.08,-1.26,,85.08
2023-01-26,4.71,18.73,-1.22,,86.29
2023-01-27,4.73,18.51,-1.21,,85.36
2023-01-30,4.72,19.94,-1.17,,84.9
2023-01-31,4.7,19.4,-1.18,,83.42
2023-02-01,4.66,17.87,-1.27,,81.61
2023-02-02,4.66,18.73,-1.26,,80.57
2023-02-03,4.7,18.33,-1.17,,78.85
2023-02-06,4.71,19.43,-1.08,,80.48
2023-02-07,4.71,18.66,-1.04,,82.92
2023-02-08,4.72,19.63,-1.09,,84.17
2023-02-09,4.77,20.71,-1.1,,83.46
2023-02-10,4.79,20.53,-1.05,,85.46
2023-02-13,4.81,20.34,-1.09,,85.98
2023-02-14,4.8,18.91,-1.03,,84.96
2023-02-15,4.79,18.23,-0.98,,84.11
2023-02-16,4.84,20.17,-0.98,,83.84
2023-02-17,4.84,20.02,-1.02,,81.97
2023-02-21,4.86,22.87,-0.91,,82.14
2023-02-22,4.84,22.29,-0.91,,79.55
2023-02-23,4.84,21.14,-0.96,,82.08
2023-02-24,4.86,21.67,-0.91,,82.31
2023-02-27,4.89,20.95,-0.97,,81.24
2023-02-28,4.88,20.7,-0.96,,83.21
2023-03-01,4.9,20.58,-0.89,,83.68
2023-03-02,4.91,19.59,-0.83,,84.15
2023-03-03,4.91,18.49,-0.94,,85.74
2023-03-06,4.93,18.61,-0.95,,85.86
2023-03-07,5.04,19.59,-1.07,,83.03
2023-03-08,5.06,19.11,-1.08,,82.1
2023-03-09,5.05,22.61,-1.12,,81.0
2023-03-10,5.01,24.8,-1.31,,82.3
2023-03-13,4.87,26.52,-1.32,,79.67
2023-03-14,4.88,23.73,-1.24,,76.77
2023-03-15,4.75,26.14,-1.24,,74.3
2023-03-16,4.74,22.99,-1.18,,73.12
2023-03-17,4.52,25.51,-1.13,,71.03
2023-03-20,4.81,24.15,-1.34,,72.42
2023-03-21,4.78,21.38,-1.19,,74.78
2023-03-22,4.79,22.26,-1.31,,76.08
2023-03-23,4.73,22.61,-1.35,,74.31
2023-03-24,4.74,21.74,-1.36,,73.63
2023-03-27,4.91,20.6,-1.38,,76.8
2023-03-28,4.8,19.97,-1.25,,78.07
2023-03-29,4.8,19.12,-1.23,,77.51
2023-03-30,4.97,19.02,-1.42,,78.45
2023-03-31,4.85,18.7,-1.37,,79.19
2023-04-03,4.9,18.55,-1.47,,85.81
2023-04-04,4.88,19.0,-1.53,,85.7
2023-04-05,4.86,19.08,-1.56,,85.89
2023-04-06,4.91,18.4,-1.61,,86.56
2023-04-10,5.08,18.97,-1.67,,86.56
2023-04-11,5.04,19.1,-1.61,,87.32
2023-04-12,5.02,19.09,-1.61,,88.31
2023-04-13,5.1,17.8,-1.65,,86.51
2023-04-14,5.14,17.07,-1.62,,87.31
2023-04-17,5.21,16.95,-1.61,,85.63
2023-04-18,5.2,16.83,-1.62,,85.48
2023-04-19,5.16,16.46,-1.56,,85.34
2023-04-20,5.12,17.17,-1.58,,83.29
2023-04-21,5.14,16.77,-1.57,,83.36
2023-04-24,5.2,16.89,-1.68,,84.23
2023-04-25,5.12,18.76,-1.72,,82.13
2023-04-26,5.16,18.84,-1.73,,79.19
2023-04-27,5.18,17.03,-1.65,,80.11
2023-04-28,5.1,15.78,-1.66,,81.32
2023-05-01,5.27,16.08,-1.68,,81.32
2023-05-02,5.24,17.78,-1.8,,76.71
2023-05-03,5.26,18.34,-1.88,,72.91
2023-05-04,5.26,20.09,-1.89,,73.0
2023-05-05,5.26,17.19,-1.82,,75.85
2023-05-08,5.31,16.98,-1.79,,75.85
2023-05-09,5.29,17.71,-1.76,,77.76
2023-05-10,5.24,16.94,-1.81,,76.7
2023-05-11,5.2,16.93,-1.81,,75.32
2023-05-12,5.25,17.03,-1.79,,74.54
2023-05-15,5.21,17.12,-1.71,,75.46
2023-05-16,5.23,17.99,-1.69,,75.15
2023-05-17,5.26,16.87,-1.69,,76.98
2023-05-18,5.31,16.05,-1.66,,75.75
2023-05-19,5.29,16.81,-1.59,,75.42
2023-05-22,5.4,17.21,-1.68,,75.77
2023-05-23,5.34,18.53,-1.64,,76.66
2023-05-24,5.37,20.03,-1.64,,77.99
2023-05-25,5.38,19.14,-1.55,,75.66
2023-05-26,5.34,17.95,-1.54,,76.33
2023-05-30,5.55,17.46,-1.86,,73.38
2023-05-31,5.52,17.94,-1.88,,71.98
2023-06-01,5.5,15.65,-1.89,,74.18
2023-06-02,5.5,14.6,-1.81,,76.0
2023-06-05,5.46,14.73,-1.77,,76.61
2023-06-06,5.44,13.96,-1.74,,76.22
2023-06-07,5.42,13.94,-1.63,,76.85
2023-06-08,5.38,13.65,-1.65,,75.88
2023-06-09,5.37,13.83,-1.62,,74.74
2023-06-12,5.4,15.01,-1.67,,71.8
2023-06-13,5.36,14.61,-1.52,,74.24
2023-06-14,5.36,13.88,-1.53,,73.39
2023-06-15,5.33,14.5,-1.61,,75.75
2023-06-16,5.34,13.54,-1.57,,76.76
2023-06-20,5.39,13.88,-1.65,,75.79
2023-06-21,5.4,13.2,-1.68,,76.92
2023-06-22,5.4,12.91,-1.6,,73.93
2023-06-23,5.41,13.44,-1.67,,73.56
2023-06-26,5.5,14.25,-1.78,,73.86
2023-06-27,5.44,13.74,-1.67,,71.88
2023-06-28,5.44,13.43,-1.73,,73.64
2023-06-29,5.46,13.54,-1.61,,73.86
2023-06-30,5.43,13.59,-1.62,,74.51
2023-07-03,5.44,13.57,-1.58,,74.52
2023-07-05,5.44,14.18,-1.49,,76.74
2023-07-06,5.46,15.44,-1.41,,76.72
2023-07-07,5.46,14.83,-1.4,,78.77
2023-07-10,5.48,15.07,-1.47,,77.83
2023-07-11,5.49,14.84,-1.5,,79.54
2023-07-12,5.47,13.54,-1.61,,80.35
2023-07-13,5.47,13.61,-1.71,,81.31
2023-07-14,5.49,13.34,-1.66,,79.9
2023-07-17,5.49,13.48,-1.68,,77.8
2023-07-18,5.49,13.3,-1.69,,79.54
2023-07-19,5.49,13.76,-1.74,,79.38
2023-07-20,5.49,13.99,-1.64,,79.62
2023-07-21,5.5,13.6,-1.66,,81.06
2023-07-24,5.51,13.91,-1.65,,82.53
2023-07-25,5.51,13.86,-1.6,,83.46
2023-07-26,5.51,13.19,-1.65,,82.98
2023-07-27,5.51,14.41,-1.5,,84.28
2023-07-28,5.52,13.33,-1.56,,84.49
2023-07-31,5.55,13.63,-1.58,,85.22
2023-08-01,5.54,13.93,-1.49,,85.34
2023-08-02,5.53,16.09,-1.45,,84.01
2023-08-03,5.54,15.92,-1.34,,86.19
2023-08-04,5.54,17.1,-1.49,,87.38
2023-08-07,5.56,15.77,-1.47,3.97,86.47
2023-08-08,5.57,15.99,-1.55,4.0,88.0
2023-08-09,5.55,15.96,-1.55,3.94,89.31
2023-08-10,5.54,15.85,-1.45,3.83,87.44
2023-08-11,5.54,14.84,-1.38,3.83,87.93
2023-08-14,5.56,14.82,-1.37,3.79,87.4
2023-08-15,5.56,16.46,-1.35,3.85,86.28
2023-08-16,5.56,16.78,-1.28,3.81,84.49
2023-08-17,5.56,17.89,-1.26,3.95,85.24
2023-08-18,5.55,17.3,-1.29,4.02,85.92
2023-08-21,5.57,17.13,-1.23,3.97,85.44
2023-08-22,5.57,16.97,-1.23,3.93,84.7
2023-08-23,5.57,15.98,-1.38,3.92,83.94
2023-08-24,5.58,17.2,-1.35,3.91,84.07
2023-08-25,5.61,15.68,-1.36,3.9,85.42
2023-08-28,5.58,15.08,-1.38,3.86,85.42
2023-08-29,5.56,14.45,-1.44,3.87,86.37
2023-08-30,5.56,13.88,-1.44,3.8,86.62
2023-08-31,5.56,13.57,-1.47,3.85,87.29
2023-09-01,5.53,13.09,-1.35,3.81,89.98
2023-09-05,5.55,14.01,-1.28,3.83,91.25
2023-09-06,5.55,14.45,-1.25,3.86,91.79
2023-09-07,5.53,14.4,-1.26,3.9,91.16
2023-09-08,5.55,13.84,-1.29,3.85,91.85
2023-09-11,5.55,13.8,-1.26,3.82,91.97
2023-09-12,5.56,14.23,-1.29,3.84,93.58
2023-09-13,5.55,13.48,-1.3,3.85,93.04
2023-09-14,5.55,12.82,-1.26,3.78,95.2
2023-09-15,5.56,13.79,-1.23,3.79,95.55
2023-09-18,5.55,14.0,-1.23,3.82,95.95
2023-09-19,5.54,14.11,-1.17,3.82,96.11
2023-09-20,5.56,15.14,-1.21,3.77,94.56
2023-09-21,5.57,17.54,-1.08,3.89,93.7
2023-09-22,5.56,17.2,-1.12,3.93,93.99
2023-09-25,5.58,16.9,-1.03,3.97,94.01
2023-09-26,5.58,18.94,-1.02,4.04,94.46
2023-09-27,5.58,18.22,-0.97,4.03,97.1
2023-09-28,5.56,17.34,-0.97,4.09,96.64
2023-09-29,5.55,17.52,-0.96,4.03,95.86
2023-10-02,5.62,17.61,-0.93,4.11,91.21
2023-10-03,5.62,19.78,-0.81,4.26,94.46
2023-10-04,5.61,18.58,-0.88,4.37,89.83
2023-10-05,5.61,18.49,-0.89,4.38,88.28
2023-10-06,5.63,17.45,-0.85,4.33,87.86
2023-10-09,5.63,17.7,-0.85,4.34,91.37
2023-10-10,5.61,17.03,-0.95,4.26,90.7
2023-10-11,5.61,16.09,-1.03,4.25,87.58
2023-10-12,5.63,16.69,-0.93,4.25,88.4
2023-10-13,5.62,19.32,-0.99,4.3,94.33
2023-10-16,5.61,17.21,-0.9,4.27,90.99
2023-10-17,5.62,17.88,-0.79,4.25,92.52
2023-10-18,5.61,19.22,-0.7,4.32,91.99
2023-10-19,5.6,21.4,-0.62,4.37,93.12
2023-10-20,5.58,21.71,-0.65,4.52,93.72
2023-10-23,5.58,20.37,-0.72,4.51,91.88
2023-10-24,5.58,18.97,-0.75,4.41,88.0
2023-10-25,5.59,20.19,-0.64,4.37,90.14
2023-10-26,5.59,20.68,-0.73,4.5,88.45
2023-10-27,5.59,21.27,-0.75,4.53,90.73
2023-10-30,5.6,19.75,-0.72,4.5,90.73
2023-10-31,5.59,18.14,-0.71,4.42,86.82
2023-11-01,5.57,16.87,-0.8,4.47,86.92
2023-11-02,5.54,15.66,-0.87,4.15,89.02
2023-11-03,5.53,14.91,-0.96,4.04,87.55
2023-11-06,5.56,14.89,-0.89,4.0,87.31
2023-11-07,5.55,14.81,-0.97,4.08,83.43
2023-11-08,5.54,14.45,-1.05,4.08,81.46
2023-11-09,5.54,15.29,-0.92,4.04,81.74
2023-11-10,5.53,14.17,-0.92,4.03,83.66
2023-11-13,5.55,14.76,-0.92,4.03,84.09
2023-11-14,5.52,14.16,-1.08,3.92,84.2
2023-11-15,5.53,14.18,-1.0,3.89,82.4
2023-11-16,5.51,14.32,-1.06,4.02,77.73
2023-11-17,5.5,13.8,-1.06,3.99,81.22
2023-11-20,5.54,13.41,-1.12,3.92,83.25
2023-11-21,5.53,13.35,-1.12,3.95,82.42
2023-11-22,5.54,12.85,-1.12,3.9,81.76
2023-11-24,5.54,12.46,-1.07,3.85,79.82
2023-11-27,5.49,12.69,-1.1,3.89,79.49
2023-11-28,5.47,12.69,-1.13,3.9,81.66
2023-11-29,5.45,12.98,-1.18,3.8,82.98
2023-11-30,5.45,12.92,-1.08,3.84,81.72
2023-12-01,5.43,12.63,-1.21,3.87,78.72
2023-12-04,5.46,13.08,-1.18,3.8,78.16
2023-12-05,5.45,12.85,-1.27,3.8,77.27
2023-12-06,5.45,12.97,-1.33,3.79,74.33
2023-12-07,5.44,13.06,-1.3,3.77,74.21
2023-12-08,5.44,12.35,-1.21,3.75,75.94
2023-12-11,5.47,12.63,-1.24,3.79,75.75
2023-12-12,5.46,12.07,-1.26,3.76,74.11
2023-12-13,5.44,12.19,-1.4,3.79,74.14
2023-12-14,5.43,12.48,-1.51,3.47,77.05
2023-12-15,5.44,12.28,-1.53,3.51,76.84
2023-12-18,5.46,12.56,-1.51,3.51,78.89
2023-12-19,5.43,12.53,-1.5,3.46,79.82
2023-12-20,5.44,13.67,-1.58,3.43,81.1
2023-12-21,5.42,13.65,-1.53,3.41,80.73
2023-12-22,5.44,13.03,-1.54,3.39,80.23
2023-12-26,5.45,12.99,-1.56,3.37,80.23
2023-12-27,5.44,12.43,-1.65,3.34,80.97
2023-12-28,5.45,12.47,-1.61,3.32,79.04
2023-12-29,5.4,12.45,-1.52,3.34,77.69
2024-01-02,5.46,13.2,-1.51,3.54,76.24
2024-01-03,5.48,14.04,-1.57,3.71,77.18
2024-01-04,5.48,14.13,-1.49,3.69,75.79
2024-01-05,5.47,13.35,-1.42,3.68,78.31
2024-01-08,5.49,13.08,-1.48,3.63,75.47
2024-01-09,5.47,12.76,-1.45,3.59,77.97
2024-01-10,5.46,12.69,-1.42,3.5,78.46
2024-01-11,5.46,12.44,-1.48,3.55,80.21
2024-01-12,5.45,12.7,-1.49,3.56,79.89
2024-01-16,5.45,13.84,-1.38,3.58,80.15
2024-01-17,5.47,14.79,-1.37,3.62,78.88
2024-01-18,5.45,14.13,-1.31,3.58,81.04
2024-01-19,5.45,13.3,-1.3,3.54,80.71
2024-01-22,5.46,13.19,-1.35,3.49,81.7
2024-01-23,5.45,12.55,-1.31,3.51,82.04
2024-01-24,5.44,13.14,-1.26,3.44,82.15
2024-01-25,5.44,13.45,-1.3,3.45,82.33
2024-01-26,5.44,13.26,-1.29,3.39,83.34
2024-01-29,5.42,13.6,-1.34,3.41,83.99
2024-01-30,5.42,13.31,-1.36,3.42,84.14
2024-01-31,5.42,14.35,-1.43,3.59,82.98
2024-02-01,5.42,13.88,-1.55,3.56,82.2
2024-02-02,5.43,13.85,-1.4,3.47,79.54
2024-02-05,5.42,13.67,-1.25,3.5,79.3
2024-02-06,5.44,13.06,-1.35,3.52,80.46
2024-02-07,5.43,12.83,-1.34,3.43,81.18
2024-02-08,5.44,12.79,-1.29,3.38,83.01
2024-02-09,5.44,12.93,-1.27,3.33,83.58
2024-02-12,5.43,13.93,-1.26,3.35,83.88
2024-02-13,5.45,15.85,-1.14,3.36,84.72
2024-02-14,5.43,14.38,-1.16,3.38,84.41
2024-02-15,5.43,14.01,-1.19,3.35,84.33
2024-02-16,5.44,14.24,-1.14,3.34,84.88
2024-02-20,5.44,15.42,-1.17,3.37,84.78
2024-02-21,5.44,15.34,-1.12,3.34,84.77
2024-02-22,5.45,14.54,-1.12,3.22,85.84
2024-02-23,5.46,13.75,-1.2,3.23,84.18
2024-02-26,5.47,13.74,-1.19,3.23,84.01
2024-02-27,5.45,13.43,-1.14,3.26,83.8
2024-02-28,5.45,13.84,-1.18,3.31,84.08
2024-02-29,5.45,13.4,-1.2,3.29,84.57
2024-03-01,5.42,13.11,-1.23,3.32,84.82
2024-03-04,5.48,13.49,-1.26,3.26,86.58
2024-03-05,5.47,14.46,-1.34,3.31,85.82
2024-03-06,5.47,14.5,-1.36,3.27,86.59
2024-03-07,5.47,14.44,-1.38,3.27,84.88
2024-03-08,5.46,14.74,-1.37,3.26,84.29
2024-03-11,5.48,15.22,-1.38,3.26,83.44
2024-03-12,5.48,13.84,-1.32,3.2,83.66
2024-03-13,5.48,13.75,-1.29,3.15,83.95
2024-03-14,5.48,14.4,-1.19,3.15,86.16
2024-03-15,5.48,14.41,-1.17,3.16,85.39
2024-03-18,5.48,14.33,-1.14,3.13,86.47
2024-03-19,5.48,13.82,-1.18,3.1,87.36
2024-03-20,5.47,13.04,-1.2,3.14,85.77
2024-03-21,5.48,12.92,-1.21,3.05,84.92
2024-03-22,5.46,13.06,-1.24,3.08,84.87
2024-03-25,5.46,13.19,-1.21,3.11,86.18
2024-03-26,5.46,13.24,-1.22,3.15,85.91
2024-03-27,5.45,12.78,-1.25,3.15,84.94
2024-03-28,5.46,13.01,-1.26,3.12,86.17
2024-04-01,5.44,13.65,-1.11,3.12,86.17
2024-04-02,5.42,14.61,-1.06,3.23,87.63
2024-04-03,5.42,14.33,-1.06,3.23,90.6
2024-04-04,5.41,16.35,-1.1,3.24,90.32
2024-04-05,5.43,16.03,-1.04,3.18,92.81
2024-04-08,5.43,15.19,-1.01,3.15,91.73
2024-04-09,5.43,14.98,-1.07,3.14,92.13
2024-04-10,5.45,15.8,-0.9,3.1,91.57
2024-04-11,5.45,14.91,-0.89,3.16,91.49
2024-04-12,5.45,17.31,-0.95,3.25,93.12
2024-04-15,5.45,19.23,-0.82,3.28,90.84
2024-04-16,5.45,18.4,-0.78,3.36,91.29
2024-04-17,5.45,18.21,-0.86,3.42,89.54
2024-04-18,5.46,18.0,-0.82,3.39,88.34
2024-04-19,5.45,18.71,-0.83,3.37,87.96
2024-04-22,5.42,16.94,-0.8,3.29,87.3
2024-04-23,5.45,15.69,-0.84,3.2,88.29
2024-04-24,5.46,15.97,-0.81,3.19,89.02
2024-04-25,5.47,15.37,-0.77,3.24,88.1
2024-04-26,5.46,15.03,-0.79,3.16,89.95
2024-04-29,5.45,14.67,-0.82,3.12,88.44
2024-04-30,5.46,15.65,-0.77,3.18,88.23
2024-05-01,5.46,15.39,-0.83,3.21,83.55
2024-05-02,5.46,14.68,-0.88,3.16,84.81
2024-05-03,5.45,13.49,-0.95,3.08,83.6
2024-05-06,5.45,13.49,-0.96,3.03,83.6
2024-05-07,5.45,13.23,-0.98,3.06,82.69
2024-05-08,5.45,13.0,-0.97,3.1,82.44
2024-05-09,5.46,12.69,-1.01,3.14,83.27
2024-05-10,5.47,12.55,-0.97,3.12,83.39
2024-05-13,5.45,13.6,-0.97,3.14,83.18
2024-05-14,5.44,13.42,-0.99,3.14,81.0
2024-05-15,5.45,12.45,-1.09,3.13,79.98
2024-05-16,5.45,12.42,-1.07,3.08,81.65
2024-05-17,5.46,11.99,-1.04,3.09,82.24
2024-05-20,5.45,12.15,-1.01,3.07,81.91
2024-05-21,5.45,11.86,-1.04,3.07,81.22
2024-05-22,5.45,12.29,-1.02,3.11,79.9
2024-05-23,5.46,12.77,-0.99,3.1,79.25
2024-05-24,5.46,11.93,-1.0,3.11,78.92
2024-05-28,5.46,12.92,-0.92,3.09,81.34
2024-05-29,5.46,14.28,-0.85,3.15,81.5
2024-05-30,5.46,14.47,-0.91,3.19,81.42
2024-05-31,5.46,12.92,-0.95,3.2,79.41
2024-06-03,5.52,13.11,-1.11,3.17,76.45
2024-06-04,5.52,13.16,-1.19,3.22,75.33
2024-06-05,5.51,12.63,-1.22,3.2,75.41
2024-06-06,5.51,12.58,-1.23,3.2,77.62
2024-06-07,5.52,12.22,-1.09,3.15,78.12
2024-06-10,5.52,12.74,-1.05,3.15,79.59
2024-06-11,5.52,12.85,-1.13,3.19,80.15
2024-06-12,5.51,12.04,-1.2,3.09,80.52
2024-06-13,5.51,11.94,-1.27,3.2,81.44
2024-06-14,5.51,12.66,-1.31,3.29,81.49
2024-06-17,5.52,12.75,-1.24,3.26,82.45
2024-06-18,5.5,12.3,-1.28,3.24,84.79
2024-06-20,5.5,13.28,-1.25,3.23,85.92
2024-06-21,5.49,13.2,-1.24,3.21,86.42
2024-06-24,5.5,13.33,-1.25,3.19,86.75
2024-06-25,5.49,12.84,-1.26,3.19,86.81
2024-06-26,5.5,12.55,-1.18,3.18,85.76
2024-06-27,5.49,12.24,-1.2,3.21,87.0
2024-06-28,5.48,12.44,-1.12,3.18,87.26
2024-07-01,5.47,12.22,-0.99,3.21,86.57
2024-07-02,5.47,12.03,-1.04,3.23,88.28
2024-07-03,5.47,12.09,-1.11,3.25,88.25
2024-07-05,5.46,12.48,-1.18,3.27,88.66
2024-07-08,5.46,12.37,-1.18,3.2,87.15
2024-07-09,5.46,12.51,-1.16,3.21,86.48
2024-07-10,5.46,12.85,-1.18,3.17,86.55
2024-07-11,5.44,12.92,-1.24,3.18,86.49
2024-07-12,5.43,12.46,-1.25,3.19,87.35
2024-07-15,5.43,13.12,-1.2,3.13,86.42
2024-07-16,5.43,13.19,-1.26,3.08,86.6
2024-07-17,5.43,14.48,-1.27,3.09,85.76
2024-07-18,5.43,15.93,-1.23,3.09,86.26
2024-07-19,5.43,16.52,-1.18,3.09,85.19
2024-07-22,5.43,14.91,-1.17,3.05,83.44
2024-07-23,5.41,14.72,-1.16,3.02,82.2
2024-07-24,5.4,18.04,-1.12,3.1,83.01
2024-07-25,5.39,18.46,-1.12,3.08,82.58
2024-07-26,5.38,16.39,-1.18,3.1,81.35
2024-07-29,5.41,16.6,-1.24,3.13,80.94
2024-07-30,5.4,17.69,-1.25,3.2,79.26
2024-07-31,5.41,16.36,-1.32,3.25,81.39
2024-08-01,5.37,18.59,-1.38,3.35,81.37
2024-08-02,5.29,23.39,-1.49,3.72,78.35
2024-08-05,5.35,38.57,-1.57,3.93,77.51
2024-08-06,5.34,27.71,-1.44,3.67,76.62
2024-08-07,5.34,27.85,-1.38,3.57,78.26
2024-08-08,5.34,23.79,-1.35,3.48,80.76
2024-08-09,5.33,20.37,-1.39,3.49,81.07
2024-08-12,5.33,20.71,-1.43,3.52,83.06
2024-08-13,5.32,18.12,-1.47,3.54,82.51
2024-08-14,5.32,16.19,-1.49,3.46,82.15
2024-08-15,5.34,15.23,-1.42,3.31,83.09
2024-08-16,5.33,14.8,-1.44,3.29,81.56
2024-08-19,5.31,14.65,-1.45,3.21,81.09
2024-08-20,5.29,15.88,-1.47,3.25,78.85
2024-08-21,5.26,16.27,-1.47,3.27,78.77
2024-08-22,5.28,17.55,-1.42,3.21,78.8
2024-08-23,5.25,15.86,-1.44,3.19,80.34
2024-08-26,5.24,16.15,-1.42,3.15,80.34
2024-08-27,5.23,15.43,-1.4,3.17,81.51
2024-08-28,5.21,17.11,-1.37,3.19,80.04
2024-08-29,5.22,15.65,-1.35,3.15,81.55
2024-08-30,5.21,15.0,-1.3,3.13,80.2
2024-09-03,5.19,20.72,-1.35,3.31,76.46
2024-09-04,5.18,21.32,-1.41,3.35,74.67
2024-09-05,5.15,19.9,-1.42,3.29,74.47
2024-09-06,5.13,22.38,-1.41,3.39,72.82
2024-09-09,5.11,19.45,-1.41,3.36,72.37
2024-09-10,5.06,19.08,-1.41,3.46,70.34
2024-09-11,5.1,17.69,-1.45,3.44,70.31
2024-09-12,5.06,17.07,-1.38,3.39,73.81
2024-09-13,4.97,16.56,-1.31,3.37,73.68
2024-09-16,4.96,17.14,-1.33,3.32,73.96
2024-09-17,4.95,17.61,-1.3,3.25,74.55
2024-09-18,4.84,18.23,-1.14,3.21,74.52
2024-09-19,4.8,16.33,-1.07,3.1,75.93
2024-09-20,4.75,16.15,-1.02,3.15,75.96
2024-09-23,4.72,15.89,-0.97,3.15,74.95
2024-09-24,4.69,15.39,-0.95,3.21,75.29
2024-09-25,4.69,15.41,-0.9,3.19,75.4
2024-09-26,4.68,15.37,-0.89,3.14,73.06
2024-09-27,4.68,16.96,-0.93,3.14,71.63
2024-09-30,4.73,16.73,-0.92,3.03,72.35
2024-10-01,4.71,19.26,-0.97,3.07,75.3
2024-10-02,4.69,18.9,-0.9,3.06,74.86
2024-10-03,4.68,20.49,-0.83,3.04,77.57
2024-10-04,4.73,19.21,-0.75,2.89,79.32
2024-10-07,4.77,22.64,-0.74,2.95,81.74
2024-10-08,4.75,21.42,-0.71,2.99,78.19
2024-10-09,4.75,20.86,-0.69,2.94,77.06
2024-10-10,4.75,20.93,-0.66,2.99,79.45
2024-10-11,4.73,20.46,-0.65,2.98,80.27
2024-10-14,4.73,19.7,-0.65,2.97,78.47
2024-10-15,4.73,20.64,-0.7,2.93,73.68
2024-10-16,4.72,19.58,-0.7,2.9,73.65
2024-10-17,4.74,19.11,-0.65,2.89,74.37
2024-10-18,4.73,18.03,-0.65,2.88,72.75
2024-10-21,4.73,18.37,-0.54,2.88,73.29
2024-10-22,4.72,18.2,-0.52,2.92,75.59
2024-10-23,4.73,19.24,-0.49,2.95,74.68
2024-10-24,4.7,19.08,-0.49,2.93,74.27
2024-10-25,4.73,20.33,-0.48,2.89,75.62
2024-10-28,4.7,19.8,-0.42,2.82,71.87
2024-10-29,4.7,19.34,-0.42,2.85,71.09
2024-10-30,4.67,20.35,-0.38,2.8,73.21
2024-10-31,4.64,23.16,-0.36,2.88,73.25
2024-11-01,4.61,21.88,-0.24,2.83,73.63
2024-11-04,4.65,21.98,-0.34,2.87,74.89
2024-11-05,4.64,20.49,-0.38,2.86,76.98
2024-11-06,4.64,16.27,-0.22,2.74,76.52
2024-11-07,4.63,15.2,-0.32,2.73,75.73
2024-11-08,4.63,14.94,-0.33,2.63,74.04
2024-11-11,4.63,14.97,-0.33,2.63,72.19
2024-11-12,4.63,14.71,-0.2,2.61,72.56
2024-11-13,4.6,14.02,-0.16,2.64,72.86
2024-11-14,4.61,14.31,-0.18,2.6,73.39
2024-11-15,4.6,16.14,-0.17,2.72,73.45
2024-11-18,4.63,15.58,-0.21,2.72,74.35
2024-11-19,4.62,16.35,-0.23,2.69,74.32
2024-11-20,4.62,17.16,-0.21,2.67,74.33
2024-11-21,4.63,16.87,-0.2,2.61,75.09
2024-11-22,4.63,15.24,-0.22,2.61,76.1
2024-11-25,4.62,14.6,-0.35,2.64,74.27
2024-11-26,4.61,14.1,-0.31,2.68,74.56
2024-11-27,4.6,14.1,-0.35,2.69,73.91
2024-11-29,4.58,13.51,-0.4,2.72,74.16
2024-12-02,4.51,13.34,-0.32,2.68,72.81
2024-12-03,4.49,13.3,-0.26,2.66,74.8
2024-12-04,4.47,13.45,-0.28,2.66,74.68
2024-12-05,4.46,13.54,-0.29,2.66,73.78
2024-12-06,4.42,12.77,-0.27,2.67,73.78
2024-12-09,4.42,14.19,-0.22,2.67,73.73
2024-12-10,4.41,14.18,-0.19,2.67,73.64
2024-12-11,4.38,13.58,-0.12,2.64,74.38
2024-12-12,4.35,13.92,-0.03,2.66,73.52
2024-12-13,4.34,13.81,0.06,2.68,74.89
2024-12-16,4.37,14.69,0.02,2.69,74.3
2024-12-17,4.38,15.87,0.02,2.75,73.16
2024-12-18,4.36,27.62,0.14,2.73,74.57
2024-12-19,4.35,24.09,0.22,2.91,73.75
2024-12-20,4.34,18.36,0.18,2.86,73.19
2024-12-23,4.36,16.78,0.23,2.85,72.12
2024-12-24,4.4,14.27,0.19,2.86,73.5
2024-12-26,4.35,14.73,0.23,2.86,73.5
2024-12-27,4.31,15.95,0.31,2.84,73.77
2024-12-30,4.37,17.4,0.18,2.94,74.24
2024-12-31,4.37,17.35,0.21,2.92,74.58
2025-01-02,4.36,17.93,0.21,2.88,76.14
2025-01-03,4.34,16.13,0.26,2.81,76.72
2025-01-06,4.35,16.04,0.27,2.76,77.27
2025-01-07,4.35,17.82,0.32,2.79,77.84
2025-01-08,4.35,17.7,0.32,2.84,77.37
2025-01-10,4.36,19.54,0.41,2.81,79.76
2025-01-13,4.37,19.19,0.42,2.85,82.69
2025-01-14,4.36,18.71,0.42,2.8,82.39
2025-01-15,4.35,16.12,0.31,2.72,83.48
2025-01-16,4.34,16.6,0.27,2.73,82.39
2025-01-17,4.34,15.97,0.27,2.64,83.02
2025-01-21,4.36,15.06,0.21,2.61,80.57
2025-01-22,4.36,15.1,0.24,2.59,80.0
2025-01-23,4.36,15.02,0.29,2.61,78.62
2025-01-24,4.35,14.85,0.28,2.6,78.71
2025-01-27,4.32,17.9,0.21,2.66,77.3
2025-01-28,4.31,16.41,0.24,2.66,78.01
2025-01-29,4.31,16.56,0.24,2.68,77.02
2025-01-30,4.3,15.84,0.22,2.67,77.42
2025-01-31,4.31,16.43,0.27,2.68,77.11
2025-02-03,4.34,18.62,0.2,2.73,76.49
2025-02-04,4.33,17.21,0.19,2.71,76.58
2025-02-05,4.33,15.77,0.1,2.69,74.71
2025-02-06,4.34,15.5,0.11,2.66,74.54
2025-02-07,4.35,16.54,0.14,2.67,74.68
2025-02-10,4.35,15.81,0.16,2.66,76.23
2025-02-11,4.35,16.02,0.19,2.66,77.65
2025-02-12,4.35,15.89,0.27,2.65,75.38
2025-02-13,4.34,15.1,0.18,2.65,75.61
2025-02-14,4.34,14.77,0.13,2.62,75.19
2025-02-18,4.34,15.35,0.21,2.62,76.46
2025-02-19,4.34,15.27,0.19,2.68,76.34
2025-02-20,4.33,15.66,0.17,2.66,76.95
2025-02-21,4.32,18.21,0.1,2.78,74.88
2025-02-24,4.31,18.98,0.09,2.78,74.89
2025-02-25,4.3,19.43,0.0,2.84,73.11
2025-02-26,4.31,19.1,-0.06,2.81,73.49
2025-02-27,4.32,21.13,-0.03,2.81,75.01
2025-02-28,4.32,19.63,-0.08,2.87,74.76
2025-03-03,4.35,22.78,-0.19,2.94,72.85
2025-03-04,4.34,23.51,-0.12,2.99,72.31
2025-03-05,4.35,21.93,-0.07,2.88,70.92
2025-03-06,4.34,24.87,-0.05,2.99,71.08
2025-03-07,4.34,23.37,-0.02,2.97,72.49
2025-03-10,4.33,27.86,-0.11,3.16,71.08
2025-03-11,4.34,26.92,-0.06,3.22,71.51
2025-03-12,4.35,24.23,-0.03,3.2,72.36
2025-03-13,4.34,24.66,-0.07,3.4,70.82
2025-03-14,4.33,21.77,-0.02,3.25,71.94
2025-03-17,4.34,20.51,-0.03,3.18,71.93
2025-03-18,4.34,21.7,-0.05,3.23,71.93
2025-03-19,4.33,19.9,-0.08,3.19,71.94
2025-03-20,4.33,19.8,-0.09,3.17,72.61
2025-03-21,4.33,19.28,-0.08,3.21,72.64
2025-03-24,4.33,17.48,0.01,3.05,73.96
2025-03-25,4.33,17.15,-0.02,3.09,73.78
2025-03-26,4.33,18.33,0.02,3.19,74.6
2025-03-27,4.33,18.69,0.05,3.27,74.72
2025-03-28,4.33,21.65,-0.06,3.47,74.69
2025-03-31,4.32,22.28,-0.09,3.55,77.23
2025-04-01,4.32,21.77,-0.15,3.5,77.78
2025-04-02,4.32,21.51,-0.12,3.42,77.27
2025-04-03,4.31,30.02,-0.25,4.01,72.54
2025-04-04,4.28,45.31,-0.27,4.45,68.36
2025-04-07,4.29,46.98,-0.14,4.61,66.13
2025-04-08,4.31,52.33,-0.05,4.57,64.86
2025-04-09,4.35,33.62,-0.01,4.37,67.3
2025-04-10,4.34,40.72,0.06,4.42,65.37
2025-04-11,4.34,37.56,0.14,4.26,66.83
2025-04-14,4.33,30.89,0.05,4.14,67.18
2025-04-15,4.33,30.12,0.02,4.09,66.58
2025-04-16,4.33,32.64,-0.04,4.16,67.94
2025-04-17,4.34,29.65,0.0,4.02,69.33
2025-04-21,4.34,33.82,0.08,4.16,69.33
2025-04-22,4.33,30.57,0.08,3.99,68.93
2025-04-23,4.33,28.45,0.07,3.75,68.26
2025-04-24,4.32,26.47,0.0,3.73,67.5
2025-04-25,4.32,24.84,-0.03,3.67,66.99
2025-04-28,4.32,25.15,-0.09,3.73,66.13
2025-04-29,4.31,24.17,-0.12,3.74,64.04
2025-04-30,4.31,24.7,-0.14,3.94,63.37
2025-05-01,4.31,24.6,-0.06,3.78,62.37
2025-05-02,4.33,22.68,0.0,3.6,61.57
2025-05-05,4.33,23.64,0.03,3.6,61.57
2025-05-06,4.33,24.76,-0.03,3.66,62.37
2025-05-07,4.34,23.55,-0.08,3.67,60.31
2025-05-08,4.34,22.48,0.03,3.51,62.22
2025-05-09,4.34,21.9,0.03,3.53,64.26
2025-05-12,4.42,18.39,0.03,3.15,65.28
2025-05-13,4.41,18.22,0.08,3.09,66.93
2025-05-14,4.41,18.62,0.12,3.1,65.91
2025-05-15,4.38,17.83,0.07,3.2,64.36
2025-05-16,4.37,17.24,0.06,3.16,65.2
2025-05-19,4.39,18.14,0.07,3.21,66.25
2025-05-20,4.38,18.09,0.1,3.2,66.93
2025-05-21,4.36,20.87,0.22,3.25,65.86
2025-05-22,4.37,20.28,0.17,3.32,64.87
2025-05-23,4.36,22.29,0.15,3.4,65.41
2025-05-27,4.35,18.96,0.08,3.24,64.32
2025-05-28,4.35,19.31,0.12,3.23,65.72
2025-05-29,4.36,19.18,0.07,3.22,64.6
2025-05-30,4.36,18.57,0.05,3.31,64.32
2025-06-02,4.44,18.36,0.02,3.27,66.55
2025-06-03,4.43,17.69,0.03,3.19,67.48
2025-06-04,4.44,17.61,-0.07,3.23,66.69
2025-06-05,4.44,18.48,-0.04,3.18,67.14
2025-06-06,4.43,16.77,0.08,3.09,68.02
2025-06-09,4.44,17.16,0.05,3.12,68.73
2025-06-10,4.45,16.95,0.02,3.12,68.41
2025-06-11,4.45,17.26,-0.04,3.12,71.29
2025-06-12,4.46,18.02,-0.1,3.17,70.84
2025-06-13,4.45,20.82,-0.04,3.18,76.0
2025-06-16,4.43,19.11,0.03,3.1,75.05
2025-06-17,4.42,21.6,-0.03,3.17,78.7
2025-06-18,4.42,20.14,-0.04,3.16,78.38
2025-06-20,4.39,20.62,-0.01,3.13,78.73
2025-06-23,4.38,19.83,-0.04,3.12,74.34
2025-06-24,4.38,17.48,-0.08,3.06,69.13
2025-06-25,4.38,16.76,-0.09,3.04,68.4
2025-06-26,4.39,16.59,-0.13,3.04,68.57
2025-06-27,4.39,16.32,-0.1,3.02,69.37
2025-06-30,4.41,16.73,-0.17,2.96,68.15
2025-07-01,4.4,16.83,-0.14,2.91,67.63
2025-07-02,4.41,16.64,-0.11,2.88,70.8
2025-07-03,4.42,16.38,-0.07,2.8,70.42
2025-07-07,4.42,17.79,-0.02,2.86,71.95
2025-07-08,4.42,16.81,0.0,2.92,72.5
2025-07-09,4.42,15.94,-0.08,2.94,71.98
2025-07-10,4.42,15.78,-0.07,2.92,70.38
2025-07-11,4.41,16.4,0.02,2.97,72.06
2025-07-14,4.42,17.2,0.01,2.95,70.96
2025-07-15,4.42,17.38,0.08,2.95,70.27
2025-07-16,4.41,17.16,0.05,3.0,69.67
2025-07-17,4.41,16.52,0.06,2.91,71.32
2025-07-18,4.4,16.41,0.04,2.93,71.06
2025-07-21,4.41,16.65,-0.03,2.89,71.92
2025-07-22,4.41,16.5,-0.06,2.9,69.69
2025-07-23,4.41,15.37,-0.01,2.83,69.17
2025-07-24,4.42,15.39,0.01,2.82,70.42
2025-07-25,4.42,14.93,-0.02,2.84,69.23
2025-07-28,4.4,15.03,0.02,2.82,70.87
2025-07-29,4.4,15.98,-0.06,2.86,73.21
2025-07-30,4.41,15.48,-0.03,2.89,73.98
2025-07-31,4.41,16.72,-0.04,2.86,73.43
2025-08-01,4.35,20.38,-0.12,3.13,70.55
2025-08-04,4.35,17.52,-0.13,3.02,69.56
2025-08-05,4.34,17.85,-0.12,2.98,69.14
2025-08-06,4.32,16.77,-0.1,2.98,67.97
2025-08-07,4.32,16.57,-0.09,2.95,66.99
2025-08-08,4.32,15.15,-0.05,2.94,67.17
2025-08-11,4.34,16.25,-0.07,2.94,67.36
2025-08-12,4.33,14.73,-0.04,2.93,66.8
2025-08-13,4.29,14.49,-0.05,2.9,66.25
2025-08-14,4.3,14.83,-0.01,2.89,68.12
2025-08-15,4.3,15.09,0.03,2.88,67.3
2025-08-18,4.33,14.99,0.01,2.88,68.18
2025-08-19,4.3,15.57,0.0,2.9,66.62
2025-08-20,4.3,15.69,-0.01,2.94,67.61
2025-08-21,4.32,16.6,0.01,2.95,68.41
2025-08-22,4.27,14.22,-0.01,2.88,68.29
2025-08-25,4.29,14.79,-0.01,2.8,68.29
2025-08-26,4.28,14.62,-0.02,2.78,66.89
2025-08-27,4.26,14.85,-0.02,2.78,67.75
2025-08-28,4.26,14.43,-0.04,2.75,68.61
2025-08-29,4.23,15.36,0.0,2.82,67.83
2025-09-02,4.2,17.17,0.08,2.92,68.09
2025-09-03,4.18,16.35,0.04,2.88,67.76
2025-09-04,4.16,15.3,0.01,2.84,66.41
2025-09-05,4.07,15.18,0.03,2.83,64.92
2025-09-08,4.1,15.11,-0.05,2.84,65.44
2025-09-09,4.1,15.04,-0.02,2.87,67.97
2025-09-10,4.09,15.35,-0.05,2.84,67.62
2025-09-11,4.08,14.71,-0.07,2.78,67.25
2025-09-12,4.08,14.76,-0.02,2.79,67.87
2025-09-15,4.06,15.69,-0.01,2.75,67.88
2025-09-16,4.04,16.36,0.0,2.79,69.69
2025-09-17,4.02,15.72,0.04,2.79,69.19
2025-09-18,4.03,15.7,0.08,2.71,67.83
2025-09-19,4.03,15.45,0.11,2.72,67.05
2025-09-22,4.0,16.1,0.15,2.69,66.87
2025-09-23,4.0,16.64,0.12,2.71,67.96
2025-09-24,4.02,16.18,0.14,2.7,69.64
2025-09-25,4.04,16.74,0.14,2.76,70.48
2025-09-26,4.02,15.29,0.18,2.75,71.15
2025-09-29,4.04,16.12,0.11,2.74,69.0
2025-09-30,4.02,16.28,0.14,2.8,68.52
2025-10-01,4.01,16.29,0.11,2.81,66.67
2025-10-02,4.02,16.63,0.08,2.81,65.44
2025-10-03,4.03,16.65,0.1,2.8,66.13
2025-10-06,4.02,16.37,0.16,2.76,67.09
2025-10-07,4.01,17.24,0.13,2.82,67.1
2025-10-08,4.01,16.3,0.12,2.84,67.42
2025-10-09,4.03,16.43,0.11,2.95,67.23
2025-10-10,4.02,21.66,0.03,3.18,64.41
2025-10-13,4.02,19.03,0.03,3.18,64.15
2025-10-14,4.02,20.81,0.01,3.11,63.0
2025-10-15,4.03,20.64,0.02,2.95,62.33
2025-10-16,4.02,25.31,-0.03,3.04,61.08
2025-10-17,4.0,20.78,0.02,3.04,61.23
2025-10-20,3.97,18.23,0.03,2.99,60.71
2025-10-21,3.96,17.87,0.02,2.97,61.0
2025-10-22,3.96,18.6,0.01,3.01,62.28
2025-10-23,3.95,17.3,0.06,2.96,66.32
2025-10-24,3.93,16.37,0.09,2.88,65.8
2025-10-27,3.89,15.79,0.12,2.8,65.52
2025-10-28,3.89,16.42,0.1,2.82,64.03
2025-10-29,3.93,16.92,0.15,2.76,65.01
2025-10-30,3.92,16.91,0.19,2.85,65.11
2025-10-31,3.89,17.44,0.22,2.94,65.44
2025-11-03,3.98,17.17,0.15,3.04,65.79
2025-11-04,3.96,19.0,0.14,3.13,65.04
2025-11-05,3.96,18.01,0.21,3.05,63.54
2025-11-06,3.93,19.5,0.18,3.13,63.41
2025-11-07,3.92,19.08,0.19,3.15,63.72
2025-11-10,3.95,17.6,0.18,3.02,63.01
2025-11-11,3.95,17.28,0.18,3.02,63.86
2025-11-12,3.95,17.51,0.13,3.02,61.88
2025-11-13,3.96,20.0,0.15,3.09,62.14
2025-11-14,3.95,19.83,0.19,3.07,63.45
2025-11-17,3.97,22.38,0.16,3.13,63.16
2025-11-18,3.94,24.69,0.18,3.2,64.86
2025-11-19,3.95,23.66,0.18,3.17,63.78
2025-11-20,3.94,26.42,0.16,3.17,63.64
2025-11-21,3.9,23.43,0.16,3.19,62.78
2025-11-24,3.91,20.52,0.13,3.15,64.83
2025-11-25,3.9,18.56,0.11,3.1,63.99
2025-11-26,3.92,17.19,0.08,3.0,64.81
2025-11-28,3.88,16.35,0.14,2.95,64.07
2025-12-01,3.81,17.24,0.28,2.94,64.22
2025-12-02,3.77,16.59,0.32,2.92,63.37
2025-12-03,3.72,16.08,0.34,2.89,63.75
2025-12-04,3.71,15.78,0.4,2.88,64.15
2025-12-05,3.71,15.41,0.43,2.85,64.42
2025-12-08,3.73,16.66,0.44,2.89,63.3
2025-12-09,3.73,16.93,0.45,2.89,62.62
2025-12-10,3.69,15.77,0.44,2.91,63.12
2025-12-11,3.66,14.85,0.48,2.88,61.87
2025-12-12,3.63,15.74,0.56,2.91,62.11
2025-12-15,3.65,16.5,0.53,2.91,61.55
2025-12-16,3.64,16.48,0.51,2.98,59.93
2025-12-17,3.64,17.62,0.52,2.99,60.61
2025-12-18,3.62,16.87,0.5,2.95,60.69
2025-12-19,3.62,14.91,0.54,2.9,61.35
2025-12-22,3.64,14.08,0.53,2.88,62.22
2025-12-23,3.65,14.0,0.53,2.83,63.7
2025-12-24,3.69,13.47,0.46,2.84,63.7
2025-12-26,3.64,13.6,0.5,2.86,63.7
2025-12-29,3.68,14.2,0.44,2.87,63.1
2025-12-30,3.65,14.33,0.49,2.84,62.3
2025-12-31,3.67,14.95,0.51,2.81,61.35
2026-01-02,3.65,14.51,0.54,2.83,61.98
2026-01-05,3.64,14.9,0.53,2.81,63.0
2026-01-06,3.63,14.75,0.55,2.79,62.1
2026-01-07,3.62,15.38,0.53,2.79,61.08
2026-01-08,3.62,15.45,0.57,2.76,63.34
2026-01-09,3.62,14.49,0.56,2.74,65.11
2026-01-12,3.67,15.12,0.52,2.74,65.4
2026-01-13,3.67,15.98,0.51,2.75,67.58
2026-01-14,3.67,16.75,0.48,2.76,68.87
2026-01-15,3.68,15.84,0.49,2.71,66.16
2026-01-16,3.67,15.86,0.57,2.65,66.97
2026-01-20,3.7,20.09,0.6,2.73,67.68
2026-01-21,3.7,16.9,0.56,2.69,66.72
2026-01-22,3.71,15.64,0.55,2.64,65.46
2026-01-23,3.7,16.09,0.54,2.68,68.16
2026-01-26,3.67,16.15,0.55,2.69,67.7
2026-01-27,3.67,16.35,0.57,2.71,70.28
2026-01-28,3.68,16.35,0.58,2.72,70.9
2026-01-29,3.67,16.88,0.57,2.77,71.0
2026-01-30,3.67,17.44,0.59,2.8,72.25
2026-02-02,3.69,16.34,0.6,2.81,67.72
2026-02-03,3.69,18.0,0.59,2.85,70.01
2026-02-04,3.69,18.64,0.6,2.86,71.15
2026-02-05,3.67,21.77,0.54,2.97,69.87
2026-02-06,3.68,17.76,0.54,2.87,70.45
2026-02-09,3.69,17.36,0.53,2.84,71.19
2026-02-10,3.69,17.79,0.47,2.86,71.01
2026-02-11,3.7,17.65,0.48,2.84,71.52
2026-02-12,3.7,20.82,0.39,2.92,69.8
2026-02-13,3.68,20.6,0.36,2.95,69.96
2026-02-17,3.69,20.29,0.36,2.94,69.77
2026-02-18,3.7,19.62,0.39,2.86,71.78
2026-02-19,3.69,20.23,0.39,2.88,73.17
2026-02-20,3.69,19.09,0.39,2.86,72.75
2026-02-23,3.69,21.01,0.34,2.95,71.9
2026-02-24,3.69,19.55,0.35,2.97,71.21
2026-02-25,3.69,17.93,0.36,2.94,70.69
2026-02-26,3.68,18.63,0.34,2.98,71.66
2026-02-27,3.67,19.86,0.3,3.1,71.32
2026-03-02,3.72,21.44,0.33,3.03,77.24
2026-03-03,3.71,23.57,0.35,3.08,83.28
2026-03-04,3.71,21.15,0.38,2.97,81.56
2026-03-05,3.7,23.75,0.43,3.0,88.59
2026-03-06,3.69,29.49,0.46,3.13,95.74
2026-03-09,3.71,25.5,0.41,3.19,94.35
2026-03-10,3.71,24.93,0.44,3.06,89.84
2026-03-11,3.71,24.23,0.5,3.09,90.98
2026-03-12,3.72,27.29,0.55,3.17,102.38
2026-03-13,3.72,27.19,0.56,3.28,103.23
2026-03-16,3.72,23.51,0.51,3.27,101.04
2026-03-17,3.72,22.37,0.48,3.22,108.39
2026-03-18,3.73,25.09,0.53,3.2,118.09
2026-03-19,3.73,24.06,0.52,3.27,111.05
2026-03-20,3.74,26.78,0.65,3.24,118.42
2026-03-23,3.74,26.15,0.6,3.19,103.79
2026-03-24,3.74,26.95,0.65,3.19,108.42
2026-03-25,3.73,25.33,0.6,3.17,109.14
2026-03-26,3.73,27.44,0.69,3.21,113.39
2026-03-27,3.73,31.05,0.71,3.42,121.47
2026-03-30,3.71,30.61,0.64,3.46,121.88
2026-03-31,3.7,25.25,0.6,3.28,126.69
2026-04-01,3.7,24.54,0.63,3.16,119.56
2026-04-02,3.7,23.87,0.61,3.17,127.61
2026-04-06,3.72,24.17,0.62,3.05,127.61
2026-04-07,3.71,25.78,0.62,3.12,138.21
2026-04-08,3.69,21.04,0.6,2.94,122.11
2026-04-09,3.68,19.49,0.61,2.9,119.03
2026-04-10,3.69,19.23,0.62,2.94,119.07
2026-04-13,3.71,19.12,0.59,2.95,123.28
2026-04-14,3.71,18.36,0.55,2.84,118.69
2026-04-15,3.71,18.17,0.58,2.85,114.93
2026-04-16,3.7,17.94,0.62,2.86,116.63
2026-04-17,3.7,17.48,0.56,2.83,98.63
2026-04-20,3.71,18.87,0.55,2.87,103.4
2026-04-21,3.69,19.5,0.61,2.85,106.14
2026-04-22,3.69,18.92,0.61,2.84,113.44
2026-04-23,3.69,19.31,0.65,2.86,113.25
2026-04-24,3.69,18.71,0.62,2.86,111.86
2026-04-27,3.68,18.02,0.67,2.84,113.89
2026-04-28,3.68,17.83,0.68,2.85,117.62
2026-04-29,3.68,18.81,0.74,2.82,124.16
2026-04-30,3.68,16.89,0.72,2.83,124.24
2026-05-01,3.68,16.99,0.71,2.77,118.26
2026-05-04,3.7,18.29,0.75,2.78,118.26
2026-05-05,3.69,17.38,0.74,2.77,114.51
2026-05-06,3.69,17.39,0.67,2.75,103.7
2026-05-07,3.69,17.08,0.72,2.79,101.82
2026-05-08,3.69,17.19,0.69,2.81,103.48
2026-05-11,3.7,18.38,0.72,2.79,106.11
2026-05-12,3.7,17.99,0.76,2.82,111.37
2026-05-13,3.69,17.87,0.77,2.82,110.28
2026-05-14,3.69,17.26,0.78,2.76,110.91
2026-05-15,3.69,18.43,0.9,2.8,113.96
2026-05-18,3.68,17.82,0.93,2.83,116.73
2026-05-19,3.67,18.06,1.0,2.86,114.64
2026-05-20,3.65,17.44,0.92,2.8,108.93
2026-05-21,3.68,16.76,0.89,2.78,105.84
2026-05-22,3.68,16.7,0.88,2.74,106.9
2026-05-26,3.68,17.01,0.82,2.72,102.75
2026-05-27,3.68,16.29,0.8,2.71,97.11
2026-05-28,3.69,15.74,0.76,2.72,95.47
2026-05-29,3.69,15.32,0.76,2.72,92.88
2026-06-01,3.78,16.05,0.69,2.72,98.29
2026-06-02,3.77,15.77,0.69,2.71,98.49
2026-06-03,3.78,16.06,0.71,2.75,101.69
2026-06-04,3.78,15.4,0.69,2.74,98.98
2026-06-05,3.78,21.51,0.77,2.76,97.29
2026-06-08,3.8,18.92,0.76,2.75,97.46
2026-06-09,3.79,19.87,0.74,2.78,94.15
2026-06-10,3.79,22.22,0.76,2.8,95.73
2026-06-11,3.78,19.44,0.67,2.78,92.84
2026-06-12,3.78,17.68,0.7,2.71,88.64
2026-06-15,3.79,16.2,0.68,2.66,84.36
2026-06-16,3.79,16.41,0.64,2.71,80.5
2026-06-17,3.83,18.44,0.66,2.63,80.33
2026-06-18,3.83,16.4,0.63,2.66,79.35
2026-06-22,3.85,17.28,0.66,2.65,76.49
2026-06-23,3.85,19.49,0.65,2.71,75.69
2026-06-24,3.85,18.63,0.56,2.76,72.09
2026-06-25,3.84,18.89,0.56,2.78,73.74
2026-06-26,3.83,18.41,0.55,2.83,70.16
2026-06-29,3.87,17.65,0.51,2.8,71.59
2026-06-30,3.87,16.45,0.57,2.75,70.46
2026-07-01,3.85,16.59,0.63,2.74,69.24
2026-07-02,3.82,16.15,0.67,2.75,68.53
2026-07-06,3.87,15.57,0.61,2.72,69.56
2026-07-07,3.86,16.13,0.69,2.67,71.78
2026-07-08,3.87,16.9,0.69,2.7,76.5
2026-07-09,3.83,15.84,0.71,2.7,74.46
2026-07-10,3.85,15.03,0.71,2.69,74.34
2026-07-13,3.89,17.16,0.73,2.69,81.62
2026-07-14,3.84,16.5,0.74,2.72,83.69
2026-07-15,3.83,15.67,0.72,2.71,83.08
2026-07-16,3.84,16.73,0.73,2.71,81.23
2026-07-17,3.85,18.77,0.7,2.73,85.01
2026-07-20,3.86,18.65,0.74,2.69,86.99
2026-07-21,3.87,17.05,0.76,2.69,93.85
2026-07-22,3.89,16.64,0.78,2.68,94.12
2026-07-23,3.95,18.7,0.76,2.77,105.32
2026-07-24,3.96,18.58,0.73,2.79,100.31
2026-07-27,3.96,18.67,0.69,2.81,91.82
2026-07-28,3.9,18.21,0.71,2.84,85.51
2026-07-29,3.83,20.66,0.84,2.87,91.95
2026-07-30,3.82,17.09,0.86,2.84,91.91
2026-07-31,3.83,15.99,0.92,2.85,96.95
2026-08-03,3.91,15.86,0.79,2.78,88.9
2026-08-04,3.89,16.5,0.74,2.73,88.9
