Date,SPY,QQQ,IWM,EFA,EEM,IEF,TLT,LQD,HYG,GLD,DBC,VNQ
2008-01-03,125133300,114103700,78036800,13924700,47760300,198600,1256700,151300,64800,9553900,1108400,259300
2008-01-04,232330900,212617600,123498600,11883900,83071200,368700,2420200,135900,48600,8402200,581200,382300
2008-01-07,234991000,235083600,139672900,18197300,54090900,341100,1315500,148300,177200,6944300,664300,668600
2008-01-08,326365700,261669800,157222700,15632600,88767900,293200,1604800,127100,42100,9567900,429000,646700
2008-01-09,301824900,254011800,140191600,14863600,85492200,335600,2203500,146200,51600,10080200,749600,534600
2008-01-10,335701200,249958500,153878400,14018200,84510900,258300,2681800,388300,154800,12916300,452800,717000
2008-01-11,267076600,211685200,120320000,10759900,78241200,310100,1872900,98800,71700,6978800,667600,558300
2008-01-14,170365500,168048500,71078600,10031000,70594500,347000,906100,335000,20600,10085000,835800,399900
2008-01-15,239940100,241094900,95261600,12630400,90633900,353700,1435300,159800,20000,23853900,472800,542700
2008-01-16,378802600,265625900,135714800,16323300,141276600,459400,3505100,173400,20700,26919000,1044300,621800
2008-01-17,397892600,254098800,123268100,22476600,133308000,608600,2940500,152700,31600,13592300,689800,700400
2008-01-18,348561500,273063300,131880200,21939600,119655300,628100,2676800,195800,84500,9094500,458100,880900
2008-01-22,435923700,325732000,150963700,24637000,153342900,863800,5423500,267100,192400,20679600,785400,925800
2008-01-23,511913000,390129000,183099500,33608600,173383800,1417600,7636600,440200,59600,14282000,695900,1329400
2008-01-24,259949300,250249100,113683300,14649000,93140700,398500,5676700,244400,62700,10627200,709700,755600
2008-01-25,269603900,199299100,95436000,15052900,65709300,442600,4371100,159700,43700,9703900,1189100,690400
2008-01-28,217934600,163711200,81259000,17770100,61924200,254900,1633500,272100,44800,8533200,593400,814200
2008-01-29,168968300,138520000,75340700,12914400,42873000,433100,3100200,152000,39200,9091600,492000,532400
2008-01-30,334939200,220824400,126086600,15417100,90782400,694000,3468000,147200,27400,14378100,564500,589500
2008-01-31,343680800,246824100,117643600,18976200,91635900,384900,11441000,162900,76500,7791500,692200,743400
2008-02-01,206843600,161920300,100612100,13916700,66237600,597500,4163700,188500,83100,19635600,642600,848600
2008-02-04,124694300,100209900,54583900,11102300,47431800,442300,1729600,155800,44900,10285000,692400,520000
2008-02-05,286882500,188990400,125988100,15487400,81961200,234400,2594600,212400,66300,11170100,787500,711000
2008-02-06,250792900,178285000,97259100,15260200,94311600,161700,1339800,215000,101100,8787200,867300,558000
2008-02-07,297368100,286254800,125972100,14439600,81689400,246500,5419700,206400,58100,8971300,859400,462600
2008-02-08,221643500,173781300,86493200,12543800,64338300,219300,2832800,210000,80400,9128200,1069800,837500
2008-02-11,188576300,119562300,80655800,11886900,62668500,200000,2960200,146100,74500,6832200,1236600,720200
2008-02-12,256654400,145412400,76564500,14224000,95163900,425500,2897700,270400,85200,10225900,760000,902800
2008-02-13,181967800,148685900,86241400,10028700,80838300,310900,3697500,200500,60700,10038800,406600,814900
2008-02-14,215207200,170868900,78328200,9046200,77572200,477900,7505000,172700,48800,6882500,1015600,1046100
2008-02-15,154110300,100053300,64549100,9362200,40972800,512000,3687800,179400,49700,5586100,995300,1150900
2008-02-19,145190000,110507600,50724600,10562000,60714600,564300,2911600,220800,102900,8371600,919800,1076500
2008-02-20,220085700,137338800,71204100,20118300,67324200,496700,2550100,151000,65800,10632400,706500,1518700
2008-02-21,201051200,127857000,85702100,11478900,47179200,361900,4197200,264600,55800,12952200,565600,1092300
2008-02-22,205491000,157364700,84228000,12524600,58150800,237200,1959700,276800,48200,7576900,555500,1063400
2008-02-25,190107000,121444300,76367400,12643600,62952600,175400,3460900,194200,81000,11954500,923900,984800
2008-02-26,212420700,148375900,92917400,11409300,62865300,259700,2618900,235600,80200,8452200,1029300,889100
2008-02-27,168395800,125682600,85186500,12680700,59912700,201600,2494400,286900,75900,9926500,1344400,447800
2008-02-28,170831100,129196700,68720700,9345600,52139100,289500,3410900,214400,61300,11211200,1536000,627800
2008-02-29,252715200,188724500,98588500,16244300,69116400,420700,3822000,211800,72900,9347800,1079700,556600
2008-03-03,189483500,132963800,84853500,11907200,85376100,480300,2036900,571400,53500,11479000,1311900,629500
2008-03-04,282513100,183851000,90523200,14389700,95442600,305600,3401100,335900,29900,21356500,1611900,517100
2008-03-05,270681400,183208300,92841800,11441200,63579300,358300,3871200,391400,73300,15354300,1009300,558300
2008-03-06,247911700,152752200,104781300,11643200,57511500,292600,1342600,151600,21000,18543500,1676900,535000
2008-03-07,326434600,242552400,119085300,10738500,70810500,414000,3601300,317200,44200,10066900,1497400,636400
2008-03-10,235683600,146801900,82737100,25154900,70676700,200300,3579000,139400,26800,10868400,1719600,752200
2008-03-11,341440600,196755300,117570000,14641800,100189800,350800,3309200,149700,36200,14343300,1474200,577700
2008-03-12,229161100,155566100,92575100,15803200,59353200,289800,4752900,523400,53200,8178200,1756900,363400
2008-03-13,351504200,208967900,123504200,11435300,85102500,626400,5763500,402100,80100,14681500,2624800,503300
2008-03-14,484687800,309589800,176997100,13901300,94845000,301700,6174800,96200,37300,17565100,1140300,615900
2008-03-17,405311100,193130600,126969000,17473700,104934000,569100,3329300,175400,55100,26505900,3062500,1021200
2008-03-18,334416600,216300400,161001200,18299700,82055700,333400,4022300,103700,46700,20966100,1175300,774700
2008-03-19,345971600,216157200,132792600,13885800,98289000,1370400,5206400,187400,75800,37594300,2186000,372600
2008-03-20,245320700,128397000,103328000,14106800,83455200,626300,3905900,118100,55600,28830000,3472500,531200
2008-03-24,208977300,125018000,90751700,13955800,63315000,898300,5596200,107100,104900,14325700,1459100,384200
2008-03-25,192947200,118107500,50600,18299600,49837200,314600,2038200,95300,90200,15839900,1020800,752900
2008-03-26,196934300,124824600,63054100,12468500,46039800,615400,1652000,140500,149700,12389000,1394900,437000
2008-03-27,225153200,143868600,63938500,10316600,45650100,345100,2405700,126900,97800,7560500,2398300,673300
2008-03-28,180896100,111822300,228800,11224600,42123300,131800,1745500,119900,46400,8786600,1129600,491400
2008-03-31,166692100,113644800,64266300,15065500,51357900,431000,2546300,435100,246500,11165000,1302500,409000
2008-04-01,254547300,137494400,65928500,18534500,59322000,786700,3821800,395100,988000,23673200,1282800,3876600
2008-04-02,210910800,132486800,58947900,10982700,48963000,734700,3794200,261400,92200,13537500,814400,483400
2008-04-03,175884800,140033800,57228200,7069400,49385100,560200,2839100,143700,98300,9324800,552400,508900
2008-04-04,204446800,139261000,159400,9901600,48387300,421800,1745200,308700,142200,7228200,825800,1124600
2008-04-07,154245500,102297100,40283000,7494700,48936600,330400,2231800,302900,117300,8196200,1223600,681300
2008-04-08,148937300,97435200,49572900,7534000,37712100,469900,1305200,168100,85300,5773000,826900,452500
2008-04-09,195610600,127182300,71772700,11748900,38654100,761000,2883600,150000,79400,10572400,1277000,515900
2008-04-10,192967800,112773800,56065900,12757700,38757600,199700,1846500,126600,176900,7758500,1338600,576600
2008-04-11,222973300,120135400,79545300,7246900,45471000,716400,1987700,176800,59600,6545700,747400,422300
2008-04-14,160522000,89274600,57846400,7161800,43521300,246000,3195300,115500,54700,4697000,762000,410800
2008-04-15,172389200,124232300,45940300,10849500,34587600,273700,2821600,90200,59400,6635400,615700,218700
2008-04-16,189268900,134027900,72389400,10529100,52355400,1116400,4691100,111400,84700,8469200,784500,358200
2008-04-17,179665700,124953100,48815600,17629000,35445900,815000,2020000,139800,61900,6875300,555800,400600
2008-04-18,218530600,133022500,70736400,19354900,43182300,2284800,2199700,118200,123700,11390700,549200,814400
2008-04-21,118587400,83303200,40019000,6355100,39228000,303600,2805800,164600,70500,11927500,769300,307700
2008-04-22,162166000,104689600,68800,7264100,45971400,427900,1799700,298500,77600,14043600,904600,522800
2008-04-23,193309000,131086200,48056900,10522800,38048400,191300,1221100,455600,103800,18170500,744300,693300
2008-04-24,229381300,166509000,230600,8145200,38298300,306600,3213600,238600,114400,22846600,691800,886400
2008-04-25,190788100,121945400,56252000,17696000,36429900,211400,1742000,120100,87600,11179900,473700,454400
2008-04-28,105610200,71244000,35470700,7686400,28076100,167800,1883900,178400,595700,8071700,480500,699600
2008-04-29,125514100,91270600,40940300,7570100,43114200,144300,1269100,226700,144500,14689000,1231900,806100
2008-04-30,208395900,132152700,62315700,9458000,56735100,168700,2827500,196500,113400,17701500,1620800,629600
2008-05-01,187279500,143596900,55323500,11560300,36340500,336700,3226500,221300,428500,17664500,1700600,780200
2008-05-02,181585500,124990000,58836700,15374600,36100200,341700,2730800,236900,133900,8744400,1348400,1311800
2008-05-05,118504500,75624700,39901300,7669900,22732500,158800,1309300,129900,121900,7381300,825500,295500
2008-05-06,179339800,139582600,60503800,8318300,36007500,557400,4037500,143500,121400,10760400,825700,336800
2008-05-07,199267300,140008300,57431100,9339200,52249200,361300,3876200,401700,65700,7218400,839600,496200
2008-05-08,178321200,128058700,60442700,6971300,34318500,445600,2829500,139700,59700,8628600,933100,419100
2008-05-09,152588200,97062000,51712800,5649300,33387000,236600,2064300,225400,73100,9926600,1035000,342300
2008-05-12,147865900,89606500,48246600,6293200,31889100,112200,1947400,205100,91900,5010000,557100,287700
2008-05-13,159132200,85448100,52328700,8349900,24984000,458800,2123300,276300,59500,7359800,700300,307100
2008-05-14,181910800,143598200,60659500,7236300,27882000,174400,2600900,324000,153100,8650600,631600,297000
2008-05-15,166927000,157248900,46599700,6406700,41979600,269100,2164300,243800,146600,9437900,723800,415000
2008-05-16,204236800,146563200,64245200,8314200,30127200,318100,1902600,155300,79300,12075300,1480100,323800
2008-05-19,165664400,140048700,102762700,7394100,45427200,163600,1348200,206100,58900,5931200,481400,256700
2008-05-20,178552100,137163700,82109000,11190900,44971500,230400,1466000,159600,49300,10683000,654300,1419600
2008-05-21,252724800,192806700,100026600,13505300,47546700,183100,1762100,184600,97300,11346200,863900,3444000
2008-05-22,170820400,153198200,60034900,9171800,26301300,223800,2855900,219600,51700,8864400,1280800,3545600
2008-05-23,181376400,121698400,64498000,7094000,31783500,413200,1802000,129500,401400,6062800,478700,311300
2008-05-27,168322900,106984300,62334000,7625800,35205600,258900,1985800,150300,65800,7601700,1094000,370600
2008-05-28,181288100,121363000,54387400,7705900,31076400,197900,3250700,151200,73700,8104100,976600,199800
2008-05-29,173927200,143993000,69851700,9804200,36030300,387600,3302400,159000,76300,12696700,883300,726700
2008-05-30,117362000,94153600,41633900,8651600,29933400,2838400,2514600,171900,53600,4944200,704800,304700
2008-06-02,181069900,144359900,69923200,9327700,39888600,240300,3076400,151900,374500,5277100,1013700,338500
2008-06-03,271965700,167606900,87672400,9969600,44795100,561500,2447700,149300,80200,8396000,684400,410000
2008-06-04,246637700,174870800,85092200,8132200,46607100,462400,2813000,127600,46100,7157500,797200,323800
2008-06-05,237867100,126653700,106082100,8738200,36879600,1079400,2632200,118700,49200,14130900,1323900,218100
2008-06-06,384276300,189136000,123993000,9983700,48717600,250000,3864800,118900,43100,17431700,871600,595100
2008-06-09,228263900,208897300,98998100,8157900,49329300,288000,1812000,124200,47100,9172100,1567800,412100
2008-06-10,260234900,162798500,98697900,8925100,67029600,221200,1935300,135900,52400,13903800,868300,378600
2008-06-11,283890100,170366900,97453600,13177900,72144300,247100,2265400,230800,66500,10153600,938900,269600
2008-06-12,252791800,189913200,98505200,11209500,59169900,546800,4413100,189800,41200,9826200,1153800,335700
2008-06-13,244726900,167855000,84102300,10236300,42621000,579300,1983600,215900,58900,8429000,378600,301900
2008-06-16,185832500,136343900,67157700,9815600,34441200,180600,1756800,123500,61200,6993700,1116600,256900
2008-06-17,191707700,122932000,52324000,7013000,38012100,266600,1712200,271500,87300,5285800,669100,232400
2008-06-18,265893000,169338100,88091900,14861100,48612300,296200,2590000,300100,67200,7818800,540700,229400
2008-06-19,304204900,221304200,105967200,25370000,52999500,152900,1700500,98000,86600,10520500,1047100,792100
2008-06-20,289275700,197434200,121586400,14909700,94397400,318300,4580900,74000,40500,10057800,719600,271400
2008-06-23,165096400,131488800,73028000,12852800,50194200,472000,1594100,128800,37800,12784300,712600,271800
2008-06-24,267300600,178293800,112302100,18685000,55306800,273400,3118400,153200,176700,7398500,791800,964300
2008-06-25,287853900,179023400,116515200,21446000,64861200,254200,3251600,228400,92900,10897700,1180300,1119900
2008-06-26,297775000,190028300,114823500,18484600,69863700,320500,4052300,342300,96000,18407600,959200,476900
2008-06-27,303423400,181351800,118012300,28977200,54488400,173000,4144800,203700,58300,14490300,826400,1234000
2008-06-30,258842600,132912400,115067900,16126000,52705800,240500,3743000,97700,84900,7289000,1306200,1266500
2008-07-01,388622000,245494300,150735900,19350900,88602600,355300,3805100,308700,957200,15479800,860600,2001800
2008-07-02,288064600,199576400,148254900,16759900,77359500,469800,2413700,212300,81800,11460400,888000,2487500
2008-07-03,239352500,123118300,166200,14420600,51487800,261800,1405100,49900,41700,9609500,1058300,2056800
2008-07-07,372427300,181011300,125544000,13827600,84791100,507900,3528400,367800,102500,12300200,1137200,2200300
2008-07-08,375973700,206151200,131778100,13982800,91546200,206400,2176600,352100,170000,11215600,1586500,4736200
2008-07-09,336729400,168500300,131076400,12121800,89474400,308200,1582000,135300,79000,11362800,2332600,2749200
2008-07-10,436475700,238811500,131228600,14732600,82659300,291100,2723600,275700,99100,16817000,970900,2237100
2008-07-11,481124600,265514700,131381400,15132800,74596200,378000,5466000,159400,310000,25994600,707300,4163200
2008-07-14,322720800,177389800,113936200,9231800,48638400,296400,4135400,207300,41200,21242900,449100,3855400
2008-07-15,502502500,283891100,143442400,21612800,108376500,506300,4541400,145800,149100,30347100,4871400,6946000
2008-07-16,371642900,186047800,112222900,16201500,72721800,309500,3435900,264100,25300,19897400,1380700,4768500
2008-07-17,375490600,197555100,115518700,13884100,88662300,266400,5899900,195900,41900,25185100,1860900,8110000
2008-07-18,267030100,160661000,99585800,14274700,50926800,365500,3475200,175200,48800,8585100,1249000,4488700
2008-07-21,222863000,128107800,70224400,9320000,42357300,264600,3657200,217000,49500,7323800,1052100,3129700
2008-07-22,296904200,152524500,136363600,10336400,47977800,263000,2675200,713000,103000,17553700,1411800,6480900
2008-07-23,311698400,169259100,118339100,10399000,142368000,550000,2871900,232300,193500,25791800,2755700,5532900
2008-07-24,248634500,145561000,112118900,9628200,33791200,276300,2613300,92000,64100,13072100,1381100,2615400
2008-07-25,219131000,111616700,112551100,7867600,26549400,296900,3765300,148000,188000,7599500,752700,4093000
2008-07-28,205201300,124028500,82119100,11142000,22918200,363000,1275900,264700,75200,8809600,830200,1083800
2008-07-29,261505600,142290900,122965400,10323600,28970800,190000,1349100,135000,65900,12992200,1726200,2094600
2008-07-30,354710000,165679900,153225200,14376900,38187600,274900,1667500,293100,103900,17379900,1344100,4018500
2008-07-31,277402100,180473100,95287500,11372800,65916000,275000,3898700,1078000,82000,10976400,937800,2728100
2008-08-01,248690900,180350400,107406700,11859500,36367800,308500,1804800,109800,25200,10893500,773300,3156300
2008-08-04,188239600,116298000,104200100,8556700,55599400,367500,2029900,244200,75800,14979800,1633800,3286600
2008-08-05,251577600,151657400,93469200,14263900,42552600,355600,2191200,113300,70600,20185400,1609300,2620900
2008-08-06,209555400,133463700,79587900,11507700,34367700,272400,3139500,280700,44200,12404200,1373800,2221000
2008-08-07,246312500,152805800,89727900,8099900,38381200,341200,2765600,169800,42700,9961700,949200,2783500
2008-08-08,260811700,143121500,112771400,10579200,51194100,202800,1035400,356000,62300,13513900,1584700,2850800
2008-08-11,249425800,157290100,174577700,10024200,43444700,412500,3939400,170000,49800,23567000,823000,5189800
2008-08-12,213200800,140549300,128837600,9630900,39537600,302200,1315000,188800,95000,20131800,705300,4389300
2008-08-13,256393200,169652100,151007500,12559300,52150600,210100,1940300,141400,47200,17007500,662100,4023000
2008-08-14,239555300,158069200,118194800,10306700,34218600,303000,2605300,219100,58400,15542600,569800,4712900
2008-08-15,181000800,123115900,98174800,8640600,37679300,292500,1964900,116600,39900,29754000,908200,2975400
2008-08-18,172275100,151399100,97838400,11535300,34649700,381000,1262200,107900,91100,14071900,629200,3402800
2008-08-19,194673700,155410600,105131600,11853200,58501700,373400,1944700,160300,101400,16757100,1380900,4193500
2008-08-20,225498200,155466700,101308300,15433500,39617100,487300,2500000,509200,30700,14714000,885200,4381400
2008-08-21,180609800,118916200,83526000,8964200,26882500,279900,2267000,234600,103100,17031100,975300,3852600
2008-08-22,167715300,96515500,77915300,6582300,19299700,157200,1990000,187300,58300,7854700,449000,2729600
2008-08-25,171936900,128076500,88256100,10955100,30942400,232700,2028300,101700,60600,6512800,455700,1789900
2008-08-26,159117200,107225500,53866300,7745000,25493200,166900,1270900,727400,259900,8578700,788600,2080500
2008-08-27,171032800,108489900,62031400,9295000,31425700,255700,1555300,164600,68400,7097500,520200,1627200
2008-08-28,167537100,112808600,75512600,11277400,29213700,201600,1886500,143900,74100,9351600,540500,1363600
2008-08-29,189195800,133184300,83919800,11080000,26262300,496900,1739100,535000,59500,5124800,419400,1347300
2008-09-02,252364900,162277500,112584000,14645400,43801700,349200,2916000,134200,57200,12680900,1213700,2444100
2008-09-03,251947000,161682900,96282200,10635700,58412400,410300,2105000,225200,50200,10707700,1391500,2689600
2008-09-04,340042500,219004700,126675300,16723100,70453100,460500,3049800,333900,46700,10869900,915500,2620000
2008-09-05,289503400,247977500,122285000,17543700,58892600,363400,4167800,119600,62400,10738700,664200,3785300
2008-09-08,364075300,311065100,148091600,19143200,64826300,418500,5426200,356400,59300,10016900,563200,3510900
2008-09-09,377326800,214180600,132381100,12860600,71020700,323800,3890200,263600,168700,20197500,1065500,3092300
2008-09-10,298916600,160658100,126869000,15264600,74811000,248900,2407900,834400,61200,29365500,827700,3161300
2008-09-11,375369400,203398200,144283600,16722400,103649900,393500,3592000,438100,101600,23774700,787000,4225200
2008-09-12,297851200,172094300,117705200,16526900,83241400,358300,4138200,226600,121100,17595400,611800,2567500
2008-09-15,483607000,616772300,168634300,31607800,108168400,526200,5889900,227400,377800,17004100,600900,6087100
2008-09-16,581744300,349506500,252238200,26092500,115788300,810900,6684400,2894600,283800,17192100,1160900,5486600
2008-09-17,624095600,340088000,266078500,31227800,153448700,829800,4371300,993700,283100,65774700,988600,4194600
2008-09-18,776114700,423934000,355117000,30062000,155272500,687700,4188300,800200,226400,60589200,966900,6149500
2008-09-19,501087800,263394000,138448700,38923300,157949600,1339500,7169200,818900,77800,25484700,890000,2369000
2008-09-22,249966500,164698200,98340700,27789800,112364700,785800,4726300,862000,34600,35324400,1457300,1726000
2008-09-23,327470400,184011200,92894300,14862000,75596800,455500,2236000,311900,64200,22342900,609000,2495000
2008-09-24,311818400,159270800,91760200,12657200,64728700,415400,1014900,207800,57700,17238600,1131600,3085200
2008-09-25,328253000,148586800,115328200,16568100,98210700,427200,1881200,365500,73600,20692000,879200,2240200
2008-09-26,285917400,182678600,94646800,22570500,56618700,310600,1992800,513400,50900,21980100,418800,1991700
2008-09-29,459562300,307954400,150003200,35675800,126723300,528000,4799800,787300,174700,40569700,682400,3275700
2008-09-30,328154400,195436700,107271100,29246900,77582900,477900,1358100,905100,113200,20437900,1113600,2369100
2008-10-01,332783000,174033300,69571300,27952600,69638300,349200,1767800,639700,991400,16785400,590400,2887000
2008-10-02,365337800,192124000,116143300,23232500,81034600,298000,931900,340400,230900,22651000,992000,2279600
2008-10-03,461798000,272116100,118870500,34402700,83974700,505400,1903100,273400,51400,24055400,1613100,4099000
2008-10-06,610637500,394046600,172301800,53409500,155814800,1065200,2906200,380800,134200,21675700,2123200,4331400
2008-10-07,540012100,329365700,152283000,37326000,115117100,825400,1972000,581200,240800,20282100,1593300,3188200
2008-10-08,725414800,452066500,173741000,42426500,133618100,869200,3386300,524800,157800,31204900,1123100,2313700
2008-10-09,534485200,352433900,154548100,35533300,129263500,577200,1785400,353900,113800,19981800,849400,5654200
2008-10-10,871026300,472339100,205089400,59719300,181837700,1154600,2200000,905400,274300,45067300,1859300,3060000
2008-10-13,455584000,276998700,128725200,57779900,177204100,478400,1532100,481100,230000,17028700,666600,1518600
2008-10-14,546268300,341595900,131474600,41811500,154341500,736700,2100000,610300,372300,12383200,1053100,3512800
2008-10-15,484627500,312088500,109147700,35975400,153732000,247200,1449500,238900,374900,16906100,750500,2787600
2008-10-16,708811200,494783500,207587400,44651300,182101100,330400,1063200,221500,167400,30645600,949900,2282300
2008-10-17,476649000,326571300,131845100,31032400,121812700,445800,1691800,494800,120700,15336700,1005600,3186700
2008-10-20,321294200,232783400,82673400,29347500,84463900,315900,1146800,945600,1460200,9331900,512200,1889500
2008-10-21,356502000,239932400,83005200,34623800,86398800,225500,1243700,1048700,398300,10859600,442300,1410200
2008-10-22,516168000,289993600,91861700,31546700,157052000,347700,1069800,691500,113300,23283700,643600,2564900
2008-10-23,634666400,377966900,133202600,33626600,153277100,330000,1802000,1166100,157700,16651600,819100,5536300
2008-10-24,545812600,322129500,105748800,32920600,170199600,1924600,1495400,1777300,155600,22471800,724800,2853100
2008-10-27,397288600,239302300,99416400,31682200,142877900,213700,1534100,975300,1313600,12150600,712100,2338400
2008-10-28,639939500,327239500,114981800,41688400,219283400,278100,1505500,732000,158600,8468100,605600,4867500
2008-10-29,531270100,341316000,94984800,34384700,159872300,255400,1745800,1970600,318700,16121400,931900,3787300
2008-10-30,414582100,255292100,77436600,33312100,186225900,406300,1326000,1219400,169900,10891900,711400,3782900
2008-10-31,411394000,224261000,113060500,40976800,162086800,264100,2282500,636300,126500,9517800,1047200,11149000
2008-11-03,205419400,128455500,54872700,20436100,90109900,1942300,1111600,374200,168900,6799400,979000,6681200
2008-11-04,346793400,182487600,79680500,29640600,138685300,269700,1608800,1376400,430300,11434600,1220100,6208700
2008-11-05,387844100,183893900,73881200,29660700,153152800,286500,1931700,654400,392100,10316500,757200,9770700
2008-11-06,477721900,220677200,85233800,35121300,158025800,173000,919700,2814300,198100,10687500,800900,12780800
2008-11-07,380391000,176946200,62313000,28171200,152078400,212300,1277100,2126600,221000,6052700,1248800,8636600
2008-11-10,301773000,142584500,50459600,25590000,96111900,205400,1352100,452100,148600,6092700,438200,3812600
2008-11-11,418498200,162869800,73187400,34095000,128587900,130100,696000,621000,107100,8354800,873900,3649900
2008-11-12,454330600,184946400,75376800,35248700,182266000,266900,1199400,1815700,129400,10033400,978100,5528600
2008-11-13,753141900,317943900,142362300,51118000,241229100,300500,1631900,858300,211900,16826600,1126400,9470900
2008-11-14,540352300,259407000,98697500,48148100,180106800,324100,1059300,409400,115200,12808600,486800,2605900
2008-11-17,415254900,202835200,84029400,30054400,118832400,473100,490300,360300,157200,7708600,554600,2647600
2008-11-18,523811800,252661800,98246400,44628000,111377600,543600,924800,450300,174700,8134900,1750400,3246200
2008-11-19,558327600,244180600,96005900,45216100,155995700,432400,2090400,487200,174100,13963100,912800,3068800
2008-11-20,814180400,342472400,140070900,54184200,244592200,727900,5459800,756600,606400,13584200,926200,4156200
2008-11-21,718536500,282746800,160636700,49797000,248682100,791300,3249300,756500,238500,30467400,591300,6877600
2008-11-24,523305300,225058200,97052300,41988500,188103000,611600,1587300,1088800,232500,19885200,1225100,5300100
2008-11-25,454112400,202968700,80072400,46002000,133691700,411600,2632700,1002200,313500,17522100,731400,2949200
2008-11-26,370134200,164912000,88144900,34099900,120738500,483400,2577600,2219400,256400,9141600,1003900,2348000
2008-11-28,118308100,41238200,24156600,17627900,36642700,134000,986400,825200,420700,3658700,406000,838000
2008-12-01,369927100,149161500,89163400,50272000,138664600,663900,4031600,1636600,409700,13134700,548600,2431700
2008-12-02,469508400,181743000,81228000,44399000,112480900,278300,3289300,949600,501700,6944000,849100,3379600
2008-12-03,519863500,230944900,102868600,41980400,93150400,352200,2951000,739000,247800,10685000,1077200,4203100
2008-12-04,444173800,188868700,101436300,41836300,117519200,443800,2825400,1064600,214200,11827500,1102100,2461400
2008-12-05,471905300,212283700,113947900,41059200,96640400,557500,4557600,1339700,485500,13392300,1966600,2176800
2008-12-08,412859300,185782500,99336100,45982000,122277400,523400,2119500,1697800,703700,7267700,1253100,1851300
2008-12-09,370790000,178148300,81950900,38538000,103924100,1421700,2055500,1440300,631800,9618300,1201400,2632100
2008-12-10,396187400,162335100,74636500,39997900,100967300,737000,2414900,807200,379100,16050600,1485800,1656000
2008-12-11,365061000,167161400,73178000,36787800,112643600,327500,2416900,950400,914500,13980200,2210700,1955400
2008-12-12,415060400,158600100,97291600,42675200,98443000,281300,2547100,945300,320000,12538500,1068200,1917500
2008-12-15,256694200,107887000,78607200,44527700,67469800,328900,1707700,906000,611300,15008800,1382400,1425300
2008-12-16,377699500,169300100,109318300,47026500,146597700,406000,4015100,1581500,523700,18666400,952900,2348400
2008-12-17,281819800,159813500,79576900,45054900,97104500,667900,6407500,2113300,1671500,21988500,1794800,4069200
2008-12-18,374673300,142656400,87888400,42315200,92867800,477700,4442000,2787900,2134800,17234500,2647600,1897500
2008-12-19,301451300,118308900,88221200,38356000,56422900,598000,2668500,1669000,1174700,9139500,2509700,2274400
2008-12-22,243759500,95379600,75338900,36928300,73538500,804200,2221400,2562500,1764700,6690500,3788100,3688700
2008-12-23,221625200,68764800,64575300,32553600,70285300,324500,1746400,1677900,1220400,6322200,1340100,1580400
2008-12-24,62061600,27194700,19412400,16114600,29365000,129200,717200,886300,787700,2069600,520600,615700
2008-12-26,74767700,20937000,25104700,13297600,24728700,181100,454400,515500,1291200,5080800,515700,608500
2008-12-29,127795900,52688300,41442100,29150100,36240900,211900,1416000,1503900,1020000,9073100,1247400,1549800
2008-12-30,168256300,77089500,38835200,28477600,50083900,201300,2590500,1129400,530100,7123000,1078800,1765300
2008-12-31,193987200,89189700,75369500,26881200,44815800,404600,2738000,1232800,707400,7837100,1143700,1954200
2009-01-02,227566300,107891500,51588500,21928500,69494900,455200,3464200,1095800,673600,6411600,808800,2181800
2009-01-05,240349700,91751900,59247000,27947600,64779500,1383500,5395200,2938400,1907500,9534700,1221900,7318600
2009-01-06,328260900,136791700,77980800,23282100,67960000,900800,4109300,2036600,2267000,12864600,1047200,1913900
2009-01-07,280899200,133879800,77662100,23930600,83175000,296700,2565600,1675100,1748100,13360000,991700,1439600
2009-01-08,263834400,131926600,59214100,19883800,56783900,262600,2603600,1445200,972100,10715700,1207000,2063200
2009-01-09,330953600,117137900,82725900,31728900,103377500,278700,2727900,2232600,826600,8861900,672000,1491800
2009-01-12,277858500,102726200,53721400,28816400,65283500,747700,2462800,1053300,867700,14755500,701500,1760800
2009-01-13,356432300,186266700,62644600,29424100,55003100,157700,1767400,1165400,613500,10019100,553700,1792700
2009-01-14,435491600,136294000,74519500,37212600,103322800,321100,2494800,2006000,1006000,15600000,700000,2330100
2009-01-15,532647300,192567200,100622800,42030800,109003500,414500,2827200,2086000,1122500,16714700,880500,3927500
2009-01-16,399237200,175478100,80512600,39032500,79520400,288800,2994800,1484300,574800,16470300,1184900,5540300
2009-01-20,419855200,135105800,85180200,58657300,126067100,357200,3268300,1458600,544100,16743000,699600,3918700
2009-01-21,364360700,149179600,66088100,48048200,103794300,484100,2838100,1845200,534200,12272100,956600,3471500
2009-01-22,427940300,200602700,69790800,40891400,83312100,262600,4016600,1310800,454800,18569600,1469000,3904300
2009-01-23,386800600,170164100,76444000,37917500,77371100,361900,2676200,1353600,1556100,34010700,1804300,3563500
2009-01-26,317978800,140398700,62967900,38347800,67314400,324900,2240900,1641000,573600,19129500,1223600,3755700
2009-01-27,273789700,110591300,54932300,35276200,72898600,269300,3420800,1628700,637500,11787400,1017000,2490400
2009-01-28,330007000,139722800,71034500,37581800,93809800,266200,4348100,1436500,1549400,18449600,2342100,2712800
2009-01-29,294392500,130731800,66434400,26066100,59937600,325900,3724400,1098000,685200,21175600,927500,2714700
2009-01-30,383383600,140334200,58185500,33244900,99451200,296900,2630000,1373200,469800,21279300,964900,2386500
2009-02-02,288233300,126796100,62907300,29679400,47753900,347600,2700200,1616700,1037900,16983300,811600,2732600
2009-02-03,278385800,120541100,57452200,28446900,53163700,436000,2846400,1799100,642100,17521400,737300,2159200
2009-02-04,322989300,175780900,65080500,29274800,65511300,325000,2305400,4207300,891500,14271100,1735200,7818500
2009-02-05,417679400,217578900,71623700,31645600,95946700,641800,2279500,1820400,836600,17196300,998900,4770500
2009-02-06,366101700,164513200,53776100,28635900,79125400,667000,1667500,1855200,830900,12554300,1411400,4500200
2009-02-09,240075200,98856900,55265000,27143500,53789200,468300,2257300,872900,831400,21263800,946400,2627000
2009-02-10,536212800,232795200,83914300,35169400,92940400,437400,3782800,1109400,831000,25445100,1183500,4686400
2009-02-11,324442500,169117200,58417600,24101600,66598400,316800,2774200,1118500,592100,55582400,731200,3494300
2009-02-12,469302200,201151400,79209300,40755800,69735000,379900,1818400,1050400,509200,38786800,731500,3502600
2009-02-13,293998400,145066700,58901500,21184200,58072700,304100,2466800,1249600,299100,14715500,1302100,3436000
2009-02-17,478910100,157783300,81542900,32955300,115591100,416200,2813900,1136200,1521100,27085200,1216800,2560700
2009-02-18,362964800,161271900,78276200,35001300,83947600,422300,2768600,1288600,1414600,29346300,864300,5537100
2009-02-19,316867500,155322400,64544300,25953000,59593900,229300,3219400,1349200,385300,21305400,777200,2946800
2009-02-20,477176600,210752400,83388200,52151800,102871400,338800,4272000,2035700,647700,43854800,1107800,6286800
2009-02-23,379641400,169473500,78804200,38218200,103469300,440600,2688700,1171500,884500,24542700,709400,5058000
2009-02-24,426260900,181337300,81463900,36854600,99563300,557000,4197100,1777200,647300,37460500,858000,5187300
2009-02-25,461985800,220224700,104493600,39168800,81182000,428700,3908100,2134700,567600,26142800,860100,4889400
2009-02-26,363353900,211218500,68400200,27205700,56997700,224800,2611100,1365800,603200,28789800,657300,3821000
2009-02-27,470510900,204492600,87450900,38490900,74829200,288300,3267700,1583900,824700,30588700,595700,3676800
2009-03-02,426452600,188180400,83622800,42422600,97424500,500400,3302000,1936200,993600,24269300,1263200,4773700
2009-03-03,443761000,158758800,67796200,38727800,85418100,528400,3084900,1375700,752700,28082900,1398300,5413900
2009-03-04,462753100,164911000,80120300,52339900,102892700,331600,3178400,1186600,572900,19875100,1010100,3058600
2009-03-05,485549400,199626900,97980100,36082700,101629700,475000,4562400,1645100,1117900,23995500,938900,3390700
2009-03-06,490470000,218421600,76036000,42251800,76598000,414800,3125900,1349600,1216800,22395300,1247200,4933800
2009-03-09,379905300,181098800,75737000,36485300,67052500,224900,2070500,2680200,645100,18311100,1624800,3882000
2009-03-10,406227900,175068200,76181500,50262200,92651000,244500,2602600,2112800,1111400,25924900,1020200,3060900
2009-03-11,356648300,173094900,82274800,34253300,73894400,320700,3101500,2179000,769500,16680500,724600,2695800
2009-03-12,409702700,184395100,86839000,32384600,77706800,271100,3558900,1108400,762800,20128600,1256400,2791300
2009-03-13,337474700,156783500,72449700,31335400,67993700,553200,2504000,1547000,632300,11693100,1692900,2757900
2009-03-16,360644900,190269800,78042300,29486900,58545900,512100,3265600,959300,514600,11782500,1015100,2283000
2009-03-17,356814300,169773800,64727100,33219600,61603300,222200,3076200,1909700,460100,10052400,1798200,2398400
2009-03-18,473273200,208033900,111491000,40962300,80664200,751400,8578800,1934400,611000,59424700,1501200,3892800
2009-03-19,428520400,146753400,64512500,36731100,95853100,711100,3650900,4319900,711800,35006600,3796400,2177800
2009-03-20,371078200,149410800,68436500,35560500,68480300,231400,3479700,1293200,394900,18072300,2944200,2783100
2009-03-23,419933300,179499000,94771600,42113200,135850200,285100,2097000,1631700,461200,17652600,3068100,2763900
2009-03-24,330271000,118757600,70562700,30868900,101954700,810500,5477100,1220100,425000,16979800,2188200,4493200
2009-03-25,441775100,190555200,95016000,30873600,111157000,443500,2549600,1392700,800700,24788700,1585700,2340700
2009-03-26,422025200,182459500,111103100,30230400,76714100,507900,2385300,1486100,660200,12365300,1601100,3010400
2009-03-27,322332300,156108100,78132900,34326000,98452500,394200,1853900,1703900,1157900,11596000,1362300,2526500
2009-03-30,324108500,162919700,59094200,25835700,78970500,321200,2300100,944200,1299900,16425900,1630400,1412900
2009-03-31,364238300,150243800,66094400,32838300,83243900,1150800,1094600,1093000,632700,14400500,4798800,2461700
2009-04-01,377018300,137950000,66464100,25661700,62557700,230200,2383400,1401200,654300,12298700,3109500,1859200
2009-04-02,476230700,212272400,92895500,57242400,106959400,552400,1766300,1233700,1469600,24829000,4605800,2353800
2009-04-03,284646300,134577300,50763600,41385200,75869500,1177200,3316800,1359400,1355600,16343600,2335000,2793400
2009-04-06,264866600,160413700,63427300,27320400,71265800,363600,1418100,911600,648200,22909600,1918700,3235200
2009-04-07,258947800,147531200,48410400,19333900,45654200,289700,1312600,1245200,459900,11004600,1230500,2370000
2009-04-08,230402800,126126000,60265100,22120900,48555500,250800,1007800,1135900,721600,12226200,1741200,2579700
2009-04-09,269653500,131871500,66699400,23172500,90146100,249600,1088800,1395000,1123800,9607100,1843100,2493800
2009-04-13,224847500,119310500,58557300,21135700,52643700,207300,946600,1581700,801800,7283700,1368000,4314300
2009-04-14,276598800,124069000,56579200,41502500,59824500,254000,1336000,1687200,617000,7167400,1233600,3382100
2009-04-15,250726100,124808200,48436100,25623000,54941500,238500,1152500,1922400,501700,6857000,1158200,4144900
2009-04-16,335202900,171168000,66307000,25014400,81078700,240100,1055600,1764500,1109500,21033600,1574900,5803700
2009-04-17,262649000,129835400,51981400,61325800,53672500,239400,2582800,1720500,683000,22332700,1508400,5805200
2009-04-20,293690100,123080500,53370100,26049700,81304500,277700,1714400,1915300,1003100,12674400,3025000,4124800
2009-04-21,114090900,145490200,60408100,25499800,78959000,218500,909100,574500,264800,10655900,1247400,2776100
2009-04-22,340395200,165040500,72784100,25022000,49027000,160900,2278100,1781700,715200,10085900,1270300,9377100
2009-04-23,324903700,181666600,70030200,30545300,60314600,238200,1688300,1302700,701300,16621000,1312800,6132600
2009-04-24,287703000,141170000,60773000,25969200,55511400,253500,2830000,1541400,522500,11425800,1333600,7819400
2009-04-27,289581600,120749100,49385100,26745300,63328900,207500,2294600,1201600,813400,7147600,1093100,6108400
2009-04-28,247926300,108968000,51197500,18634000,47904400,283800,2332500,1468200,460200,8570100,1567100,6029900
2009-04-29,311505700,141413600,79875900,20784800,74377700,454400,3752600,1089900,1167900,8098300,1617400,5113600
2009-04-30,301419800,144120400,67809000,26982200,98171200,410500,2778100,1129800,919500,9713800,1304800,5575000
2009-05-01,236110300,100112000,64532300,17786700,57110400,562700,2772200,1183900,609400,6122400,2069700,3926800
2009-05-04,287120000,119317400,47528900,23451200,98247800,516400,2246700,984400,1043400,10813100,3069000,5437900
2009-05-05,243036300,113569500,58364200,22298600,68791600,245000,1369000,1009000,799800,9953800,1581500,6108700
2009-05-06,291941000,178840500,87550000,21040600,73761000,442600,2045900,1815600,738600,11334900,2645900,8067300
2009-05-07,317728000,216484700,67577300,23946300,75753800,489800,5755200,1783000,1546800,14808900,3601000,7561500
2009-05-08,299081700,183507300,63463900,22988400,75762100,399900,2193400,1313200,1375800,10939800,2875200,6114200
2009-05-11,247923600,142775900,40051600,17460900,58826800,698000,2167400,1045200,531000,12211600,1816400,3484000
2009-05-12,282431300,147842200,49453100,26285000,49679000,206800,2304800,1073900,682300,15764900,2137800,3181700
2009-05-13,269619100,175548300,68822200,23257600,67084800,287500,1917500,1615400,1118700,17445900,2477600,2867300
2009-05-14,260098700,140021700,72813500,27380600,44896300,186500,1704600,1112700,966300,8023400,1957200,2592500
2009-05-15,271502700,121326400,53885500,20457900,53304900,254100,2306600,1025900,1007100,11705800,2119100,2103600
2009-05-18,241447400,114333400,55512900,18600700,74264200,456100,2234700,1259800,831000,17353900,2184700,2776800
2009-05-19,206102200,129086400,55704100,19522000,73775000,268900,1624300,1366600,902800,9630300,2517000,2909000
2009-05-20,285722200,131873700,48021100,18872900,77054600,408600,2825700,1324200,1158400,18272500,4038300,3417700
2009-05-21,258988400,139253200,49312200,20081100,63183300,374900,4771700,1540900,1274700,21830200,2330700,2684600
2009-05-22,166811900,83510600,38440200,14279100,44241600,382200,4483400,1070100,762300,15407200,1947100,1669600
2009-05-26,236318500,144857200,73480700,16247300,67058200,519900,3633100,1056100,855100,12356100,3170300,2517200
2009-05-27,246015800,121348800,48207700,16274500,98036100,733500,7490200,1422100,757300,13688100,2329500,2539800
2009-05-28,289095000,118931300,58832400,15523500,69977300,660100,9824300,1084600,583900,14973200,2732700,2397500
2009-05-29,258641500,111535700,51665800,24526200,70410400,1119300,4746700,1280400,621200,18137800,3127300,1692900
2009-06-01,276246800,119126200,70173300,22592800,75198300,970300,6987000,1234400,1293700,17921200,4044000,3811800
2009-06-02,230874500,126858600,56794100,22182800,100627600,1903800,5063600,1882900,782200,14532700,3385400,2796300
2009-06-03,235310500,93329800,44068400,20937800,108756900,568800,6727200,1156300,776100,18204700,3295800,2019100
2009-06-04,210102300,89280600,42972900,17158800,71566500,591100,5438600,1109500,638100,13629500,2816000,2006000
2009-06-05,284257900,121958800,50619300,19216500,71692700,1273900,8439600,1133900,704400,18600800,3026200,2798300
2009-06-08,238565100,89194100,46325400,13937000,64025700,1135800,4084000,885000,593000,11551100,2457400,3558400
2009-06-09,225125500,109187800,35033700,15957400,62174500,1127200,6046300,809500,559600,9477700,2168000,2516800
2009-06-10,296100400,133404700,65032200,18468000,60045900,1406500,12142000,1526400,636700,14441800,2546900,2373100
2009-06-11,275414200,147909800,62963200,20225500,68831300,781400,10692800,948000,524400,14777600,2864500,2714700
2009-06-12,184361800,109452500,44094300,21098000,55824300,608300,6606800,854600,566000,13809400,1954100,1765400
2009-06-15,224190500,112152900,45942200,31484000,75789300,531500,4518700,809000,574500,13116700,2273500,2129600
2009-06-16,227319000,110550300,53065700,23389000,71535900,403000,5376000,1000100,1180400,9834200,1694100,2248100
2009-06-17,223445200,153421800,71985300,23802600,94091200,594800,7197200,1070900,1240800,12130100,1887700,2144600
2009-06-18,211725100,126266700,34317000,22429300,62572000,1015500,6794000,1363500,766200,16239200,1843200,1742400
2009-06-19,215655600,122044700,38711500,19576300,60687200,850900,4750700,1395400,667900,11812300,2409400,1292300
2009-06-22,251913600,137714900,54877300,21491900,80985000,1218000,3952300,878800,1096700,12956300,3758400,2041900
2009-06-23,188309800,114903100,40810600,26980500,87108200,492200,5356900,816400,582200,11958500,4012600,1855000
2009-06-24,211577700,103314600,39962500,25708600,80955800,687600,6550400,995600,576400,12113800,4231700,4424500
2009-06-25,279411000,112538200,42339200,23606800,83273600,790700,7140000,618900,647900,11444800,3136700,1872300
2009-06-26,167579000,87677300,60379100,20799800,64981100,263700,4050400,924000,495900,10418500,2186200,2356600
2009-06-29,168481300,93817600,49196600,21139400,52781900,903200,4334900,828500,647700,6528700,2322300,2342100
2009-06-30,228888200,97843000,44575900,31292000,92032200,608800,3743700,967700,538900,24189500,2892900,1894200
2009-07-01,173041100,85976000,46382900,20169200,83474500,394100,3379900,2274400,922100,10743200,2208000,1682600
2009-07-02,212309900,113309800,51688200,20744600,59912900,431700,2645100,660700,651200,7365200,2277800,2344000
2009-07-06,174499600,107632500,47241700,17299200,52119200,472200,1886700,1346200,794500,6286200,2763400,2654100
2009-07-07,197088900,149773000,40473600,20032700,68778800,741600,2592400,1242800,886300,7690200,2690400,2036100
2009-07-08,248050500,152776400,65594900,24263500,92051000,658900,7912900,918700,1382300,21958200,3580300,2370500
2009-07-09,163777600,97851500,41678300,22637100,64758500,668900,5241400,706300,544900,13688100,1778200,1289300
2009-07-10,173520300,108482000,39883000,16245600,74323300,400300,3981900,827100,393700,5040100,1486900,1123900
2009-07-13,217413500,127140300,44825200,19678700,70112100,327400,2604300,720200,521500,8809500,1537000,3929500
2009-07-14,181487400,115631700,32721400,15241000,41729700,942100,3629100,951900,506600,5720900,1340200,2822300
2009-07-15,220877900,160869700,57645800,21318700,91648100,714400,4664200,1671600,1040200,9863800,3202700,1768200
2009-07-16,231174500,120142500,38353400,15476600,63985200,194900,4225200,989700,515600,4604600,1460600,1606200
2009-07-17,138561700,104906500,35682600,16180900,56901900,616000,3845700,1502600,597100,8748400,2220200,1454700
2009-07-20,164179400,97168800,42596800,15950700,68482100,335400,4436500,884400,784700,13172100,3233700,1687800
2009-07-21,217718300,130587600,40423000,19663900,68861800,837700,3895300,1271000,938600,9343800,3826700,2990100
2009-07-22,196068100,113808600,47552200,16927500,69406200,298300,1986700,869000,483000,10241300,2362900,1949300
2009-07-23,258795500,160239300,64531400,19940000,79876800,518100,3818800,802300,750700,9763900,2376400,2922400
2009-07-24,154003100,109312300,31293500,15432700,49263200,292400,1765300,1183200,639300,4734000,2448800,1272500
2009-07-27,159259400,94718600,32672800,14807400,42808800,326800,2755900,631300,512700,5167300,1906600,2146100
2009-07-28,186685200,111564300,56192800,18335000,53859400,299300,3324800,943100,591800,10881200,1973600,1451100
2009-07-29,194399300,126538200,47421300,20032100,53099700,265200,2910200,956100,627900,9676100,2307500,1187200
2009-07-30,225575400,108969900,67822300,19165900,90259400,367400,4040700,1118800,976900,6246700,2079200,1918200
2009-07-31,207358000,78208300,40477300,20636100,119531600,631800,5697000,1604600,740700,14385900,2317200,2208800
2009-08-03,175776900,111722800,32392400,22184800,78103100,453700,4029300,1396500,880400,10007600,2570800,2541900
2009-08-04,176714600,100690800,41223700,18395300,53355600,552000,3832200,1103500,615100,11548600,2255000,3454100
2009-08-05,184726400,118093000,54105900,18679100,47802100,393900,4458300,1383600,756000,8987000,2445900,3965400
2009-08-06,193203800,116937500,52403600,16284900,53346600,311200,3228500,996200,619500,13661000,2238200,5953400
2009-08-07,220640900,107442100,49363300,19822400,57768600,507200,3543200,945900,711300,8042000,2473800,5471300
2009-08-10,130898700,87163200,44780600,14593800,61356900,1487700,3150100,909900,527800,6420500,1588300,4432000
2009-08-11,157301000,91922700,36077000,13047300,70127000,327400,3677800,595100,623000,5029900,1647800,4275200
2009-08-12,219052400,147240000,53618600,18246400,64542700,624700,4729200,1328300,491400,7906400,2315800,4619200
2009-08-13,176449500,110107000,43539700,17806800,67566500,614700,3922300,1213800,825300,6756000,2327900,5339500
2009-08-14,199616100,124480200,60224900,17855000,52588400,695000,4410400,746500,585500,6189400,1761100,3538500
2009-08-17,237667500,131797200,48853300,23357700,105003100,572900,3569700,722800,1160800,6830800,2724400,3385800
2009-08-18,173461500,84496200,39358200,17125200,67450600,514700,2557900,870300,639200,4354600,1339100,2379900
2009-08-19,192812800,88036300,37740100,18921900,67893600,495400,3518200,905800,501700,7119800,1167300,2693600
2009-08-20,174131300,81473500,40013900,14815500,71352300,542900,3282700,789200,601200,3973000,1506000,5235500
2009-08-21,224605000,114660200,38321700,20819300,81207200,435100,6258300,724100,570400,7285300,1638600,5953400
2009-08-24,191279000,109904900,33986500,19589500,58467000,369100,4460200,1031100,874600,8548000,1590200,5958400
2009-08-25,215310600,92900400,30197300,20682000,61418900,315800,3359700,1209400,565000,8280500,1869100,3483900
2009-08-26,194620700,96407500,34163900,16828400,57206000,219600,3225800,702000,476100,5224300,1853900,2680900
2009-08-27,196230100,121957800,45253800,18976000,59720400,378700,2514000,1136200,968500,6870300,1616300,2465000
2009-08-28,147024400,114300900,39328800,17008900,51683600,303500,2072500,981900,595800,6757700,1693300,3074500
2009-08-31,176051600,96415300,35360500,18793900,72348200,483700,2899800,2122200,498500,4952900,1298600,2961300
2009-09-01,321276800,162958900,77077500,33136100,95728700,464500,3304200,1077500,742300,8002400,2174500,4356400
2009-09-02,171805000,92757200,43436100,20632100,68401900,381900,4345000,1225400,698800,27673700,1679300,3443600
2009-09-03,143572300,76783100,43089000,14848800,53720900,246400,2703800,865400,486000,26443600,1684700,1933100
2009-09-04,142687900,74866600,37229900,13312100,58976200,521400,3643000,757200,667000,14911000,1803200,1587900
2009-09-08,132909100,71024400,41062500,17093100,59862900,408700,2468900,817900,974200,22938800,2799000,2051900
2009-09-09,154612500,99280800,37219700,21243900,67098400,568400,3182400,873800,1454000,20439900,2264600,2825800
2009-09-10,162902400,99289100,39171200,17004400,58466700,626900,4417300,873700,695600,12249000,1568600,2117300
2009-09-11,152360100,93868400,31718400,16105400,45286800,1319500,4826200,704700,607200,19499400,1647700,2384000
2009-09-14,149593800,90435600,37896000,18704400,36747500,477100,2119500,850700,579300,9631500,1505200,2229900
2009-09-15,196795900,91594600,48814300,24528200,61595600,710100,2187900,1052800,1289500,16247000,2333600,3555000
2009-09-16,206406300,96888500,39404000,22163300,80170500,743200,3732300,1097900,1143900,16588200,2035200,3659700
2009-09-17,229170900,102169600,50596200,20940900,76626800,846500,2832000,985000,733400,12493600,1327400,5152800
2009-09-18,153799100,87444200,36822800,15180700,66818800,910200,2813300,759700,565700,13937800,1553000,2874100
2009-09-21,151892000,71351400,37511600,17452700,78144500,617200,3050200,586600,510600,11113200,1805400,2423600
2009-09-22,143126700,75638400,36266400,13731800,46286700,438800,2068000,815300,413400,10879500,1926600,4488000
2009-09-23,225947400,143924100,54838900,22848100,72549000,794500,5712000,980900,464900,14688000,1487600,3291700
2009-09-24,228636800,111016400,60639600,27611900,93478600,501200,4658400,634000,774000,23350200,1982500,4804900
2009-09-25,204059000,109216000,51804400,22919400,61306900,454100,3854500,722400,454800,10724500,1543100,4635600
2009-09-28,118285800,84478500,47925100,15643900,52268400,514000,4263300,731500,455200,7791200,1144800,2644700
2009-09-29,133733900,106686400,37453200,16359800,42189900,276400,3123200,1299100,693000,9262100,1323200,3198100
2009-09-30,254383000,173102700,79344900,25290400,147148900,670900,2744800,1447400,688000,18664200,2136300,3905300
2009-10-01,281840600,140119100,62840600,22406000,107061100,1762800,5754400,3051300,3014800,11049400,2257800,9101300
2009-10-02,224748800,145286400,66448000,27674800,73683200,936600,4827700,3318300,1694100,10475800,1334200,4742800
2009-10-05,149875000,97054200,48919600,15838800,73828900,509100,2910100,1066700,556200,11709400,1520300,2928300
2009-10-06,202491100,124628000,52211000,18768200,80646200,382300,3936200,1470300,813300,33537500,2322300,3546900
2009-10-07,159200300,93787600,35534000,20064200,51404500,269500,3591000,900800,637400,16194200,1932000,3338500
2009-10-08,183305800,107850400,48971800,14926100,62070300,422200,5871600,1012500,824700,24250200,1875300,3031900
2009-10-09,135008300,62828000,34597000,9190200,54136800,543800,8135900,1497300,680100,15177500,1188000,2673300
2009-10-12,118031000,53221900,26895500,9631800,38014600,464800,1939700,687200,354200,9179000,1798600,1933400
2009-10-13,157692700,70939300,35459500,11697400,58368400,489200,2886500,803100,295500,17358800,1819500,2546600
2009-10-14,191421600,91004900,38634600,16624600,96043000,523400,5421000,1181600,749900,17871100,1841000,3152400
2009-10-15,173873600,85772800,28632600,16062400,72494700,826100,3736900,1096300,382100,15781300,2579200,3492400
2009-10-16,192069400,111859300,49031800,19457400,72392900,765300,3716800,876200,443100,14320600,1767100,3071500
2009-10-19,159530400,83512000,38229600,16127900,60428800,487000,3163800,825100,534700,13936600,2012600,2579400
2009-10-20,180921100,89847900,43952800,14700400,84292300,640800,2912400,873400,419300,18250000,2164200,2128100
2009-10-21,225379300,110397400,64591600,19720200,74510100,406400,3355200,984600,869100,16004800,2042400,2481700
2009-10-22,238444000,85871800,58421000,15890400,71024900,421300,2572200,707200,646200,11575600,1799600,3386000
2009-10-23,240033200,117020400,68826500,19383000,73930400,424800,2996200,640500,420200,11423000,1617200,3243100
2009-10-26,242028200,107068600,69899500,21031300,79280900,762500,4127400,953700,779800,21519400,1885800,3607400
2009-10-27,253266300,121438200,71958600,23313000,95899600,669800,4476300,732600,1527900,18398400,3855800,3593700
2009-10-28,248821400,143553600,84951000,25441000,169924100,684100,4585400,1114300,1266000,19344900,3014200,4654200
2009-10-29,198110600,85207600,73615700,21274300,99431400,351200,4645300,932500,1350500,15322600,2377800,3309800
2009-10-30,325608100,162796500,116215600,31478700,222474200,600100,5118000,1419700,1466000,15244500,2278200,4424100
2009-11-02,254222900,142456600,97996600,25878000,137964200,671100,3463800,983600,1437000,15440900,2008500,4906100
2009-11-03,228362600,95107000,83105700,19567300,71908600,353000,4470700,810500,1135400,33610400,2419900,4509500
2009-11-04,247996700,107970600,92803000,24340600,95721700,497700,5349500,760100,687800,27197500,3456400,4320800
2009-11-05,180015300,135204800,67422600,13490700,75480000,147600,2852000,705000,506800,10189000,1924500,2379300
2009-11-06,170954100,96312300,56216700,12750300,58868500,327300,3381100,693100,547700,14789000,2483500,2442300
2009-11-09,159495700,101620800,49200200,17554500,106762900,531500,1697800,594100,571400,18444800,1809600,2272300
2009-11-10,171899800,72846500,55864400,19583800,62713800,523000,2549900,606400,667800,15973300,2451700,2548400
2009-11-11,169466200,84676200,50320800,14746200,69184200,275600,1771100,688100,509500,17670800,1383500,3107300
2009-11-12,157144500,92426100,68550500,18177000,75713600,374500,3431300,1043100,619900,17859900,2308200,2920500
2009-11-13,150963000,87959500,69258000,20592200,70021000,229300,1594200,655800,491100,17246000,1058400,2444100
2009-11-16,210922200,87776100,66099700,18105000,101093400,514800,5175700,1141700,714900,25002300,1080900,3053700
2009-11-17,147134100,81884000,43026500,15367600,49649500,506000,3174400,587100,438400,19831100,2245400,2486000
2009-11-18,156486800,100240800,54309000,12114400,46360800,285300,2413600,718900,630200,22336900,3365300,2928900
2009-11-19,208734600,114558000,72350600,21816500,119413400,378200,2969800,855100,679700,21249900,1484900,1960500
2009-11-20,134196000,70912100,39780100,15379300,66353700,304200,4136300,628600,544200,17302500,4630100,1782300
2009-11-23,148010200,91621500,57935400,17112800,62386100,505100,3219300,1143000,428600,24457700,2014600,2182700
2009-11-24,138420100,60670000,45238000,23601500,71683700,753800,2895200,768100,526800,22618000,2632700,2051800
2009-11-25,109564800,37630100,47641700,15283000,56185100,431200,2789300,670900,548900,24569900,1799700,1530100
2009-11-27,126001800,61230000,51862100,14507600,105903600,412200,2249100,344600,570000,21234400,1416200,1315200
2009-11-30,160874800,84819400,77936900,20857000,102168700,404100,3115800,1399900,674100,16421000,3340900,2306800
2009-12-01,159613700,81817800,63141300,17952200,88987900,529600,3979100,867400,749100,27721300,2594000,2229800
2009-12-02,132315100,81653600,71220600,13034600,64268600,463800,2193900,1171600,537400,31109300,3084400,2292500
2009-12-03,167324900,72460400,53866100,15714100,65363400,463500,3947300,543300,489600,28864000,1631900,3429700
2009-12-04,274907800,125062600,100434300,17862600,108670600,756700,6108100,1285900,532000,79182600,3607400,3493900
2009-12-07,127973800,67471900,55543100,13057600,78376400,399100,2774200,1128000,397200,42538700,2023600,2004000
2009-12-08,169863700,86621400,59576600,16547700,76088400,502200,2378600,951700,359000,37655000,1906900,2069600
2009-12-09,155063400,78820500,55537000,16435300,62353800,721800,3494300,1547200,357000,37125900,2277800,1942500
2009-12-10,138014600,76722400,54319700,12430600,43126100,423200,4446300,1253200,401000,20531800,2051600,1546900
2009-12-11,124854000,66643700,50543400,22797300,41518600,454000,3053400,1340800,444100,28983100,2280700,1555300
2009-12-14,107141500,47965500,48248700,23188500,54210800,195200,2380400,1017300,1132700,16339100,2782900,3169900
2009-12-15,120408800,61171100,55378800,16211400,47034600,326000,2993900,884200,417600,20059500,2935200,2450600
2009-12-16,155358200,61629700,56550000,17313400,45982000,761500,3301600,962300,621100,22850300,1447200,2626100
2009-12-17,183390100,90440900,60917400,20345600,77310300,468800,4428900,1426400,350200,35016800,1646600,2526300
2009-12-18,174591200,96442600,63876100,18769700,61829500,517600,3789500,792400,281600,25591700,2143000,2061600
2009-12-21,118039600,82357400,47658100,15019700,54922800,609900,3524000,683800,646800,23314200,1138300,2957000
2009-12-22,91707500,51569100,38750700,15589200,61633400,366700,3078800,1590500,432500,28702900,2165800,1703500
2009-12-23,111783100,73932200,49503600,10683500,48971700,351400,2336000,678000,440100,16941900,1465200,1531400
2009-12-24,39677500,31770400,16521900,4979300,19694800,160200,1698900,529300,188800,7991600,882900,560300
2009-12-28,87508500,49381400,35784500,11762300,27343900,1181400,3170900,1017600,532400,9637500,1932500,2909600
2009-12-29,80572500,32410200,24085300,10648300,31570300,428800,2617000,610100,494600,11043700,2252400,1939400
2009-12-30,73138400,57612700,45268900,12566200,30589200,473100,1919100,1405500,421600,9399600,1420400,1424300
2009-12-31,90637900,50079200,34407900,13893400,36499500,304300,3242400,499100,346000,9124700,1649600,1259000
2010-01-04,118944600,62822800,42863900,18556900,70761600,619100,2829100,2017600,1316800,16224100,2046900,2408400
2010-01-05,111579900,62935600,55523100,14352800,50196300,1547500,2841600,1143800,733000,14213100,2335400,2054200
2010-01-06,116074400,96033000,59708600,11888100,50670000,365500,4099600,1005500,715700,24981900,2262600,2471200
2010-01-07,131091100,77094100,56123500,10906600,41803700,390900,2793200,1264100,956000,13609800,1604100,2091700
2010-01-08,126402800,88886600,48811500,12826500,41118100,382500,2910700,704600,711400,15894600,1565300,2682000
2010-01-11,106375700,104673400,51638900,12387500,42546400,653600,2181300,817500,895800,17253000,1493800,1924800
2010-01-12,163333500,90673900,45854900,19029700,65902300,403000,4321200,1343100,1133900,29182600,3256300,3124500
2010-01-13,161822000,100661000,39501900,15446600,48040100,281900,4755000,1090700,868900,20014000,3565200,2133000
2010-01-14,115718800,75209000,41859800,13362600,52893800,511700,4188800,873200,394600,18305300,1622200,1594700
2010-01-15,212283100,126849300,68725100,19281700,76681800,429200,4142800,834300,835300,18002700,1427200,5577000
2010-01-19,139172700,84388200,46839000,17507700,57597300,411900,2496000,822100,796900,10468200,2316500,2454200
2010-01-20,216490200,145680000,62485000,24510100,78934700,228800,2800500,1112000,588500,17535000,1848500,3339900
2010-01-21,344859600,204939600,98323100,22979100,116104300,349200,4363100,1333400,1416800,25748400,2452400,4233400
2010-01-22,345942400,171098700,83757000,27432500,108173800,272900,3666900,1003800,1394400,24210100,3609600,5039500
2010-01-25,186937500,154218700,62298700,20242700,86170400,1699000,2419500,765100,711300,13200500,1718100,3749000
2010-01-26,211168800,140816500,58213200,22135300,89832400,490600,3138100,887200,576000,12297100,1403100,3352900
2010-01-27,271863600,161632700,72565800,27156000,91623300,342100,3325700,1496100,876500,19005100,2082100,3714400
2010-01-28,316104000,221439800,93814200,26142600,98086600,318100,3058200,1158800,833700,16793900,1344900,3750000
2010-01-29,310677600,212099600,79325600,28917200,151695100,396700,4930600,1218600,1357000,20278800,2810100,4096200
2010-02-01,187865000,136827100,60731800,23123800,81928100,634300,3598500,1202800,924700,14901900,2807600,2839200
2010-02-02,216327900,110727700,71047700,19720200,86791200,426000,3047500,1950500,1238500,14292200,13788100,3270000
2010-02-03,172730700,93581600,50241000,20225900,64323800,435300,5343700,1478800,641200,13393200,4795500,3079200
2010-02-04,356715700,151652500,99167300,32202200,131791500,503400,6095000,1116700,1762600,39991900,4453900,3942800
2010-02-05,493585800,213618600,106752200,43046100,165899900,694700,6875800,2204600,3261500,32656700,11514400,5100500
2010-02-08,224166900,94354400,61579200,19238000,78752400,257600,3386000,1736500,1202400,17176600,1608100,2969600
2010-02-09,337820500,118956000,91986700,30811800,133342000,481200,4790000,969800,853800,25959200,2047300,4785200
2010-02-10,240511500,94102900,55715500,23502500,84646000,496200,5068000,1178000,1463200,16215200,1842300,2893900
2010-02-11,223591600,93050800,51969700,19397300,90206600,496900,5087500,1045500,1157700,19350100,1727000,2706400
2010-02-12,304622100,93938500,65909800,18994900,63053000,219800,2833800,707100,743100,14464200,1374300,3385000
2010-02-16,159317500,83861400,50057600,19592800,73196700,175400,2440900,1029500,1061300,20895700,1398600,2730300
2010-02-17,168845100,82691700,50459400,19682000,63631100,358000,4368200,717200,1400200,19593400,1526800,3139000
2010-02-18,193708600,65752600,43072800,13747600,61597600,474300,5121800,1717100,1153400,19177400,1311900,2737200
2010-02-19,222684900,80416500,56840800,16069000,77264800,527900,3502500,1827800,1485600,21928700,1729200,3250100
2010-02-22,132346900,72055000,45344900,14422100,56446600,349700,3382600,585900,1596200,10742800,1796300,1757800
2010-02-23,207497000,95814400,58965400,18038800,103220800,557200,5474500,1095300,1014900,13629600,1833000,2715900
2010-02-24,176350700,86591000,50476000,15789800,73043700,394300,4423200,924400,1047000,17207400,1581200,2965400
2010-02-25,259634700,97961300,51949700,18544400,73641500,256600,3707700,572300,503400,23400400,1383700,2067000
2010-02-26,173589300,66222400,60093900,19714200,65727300,609900,4349100,804600,697900,13033900,1536900,1784300
2010-03-01,147709700,77290100,70967800,14774400,73146100,468600,2415200,598700,1468800,12830900,2366400,1849600
2010-03-02,160992400,76368500,55605300,14135700,66353000,417900,2260600,625600,1291800,20102200,1425800,1575400
2010-03-03,150785000,65735500,56207500,15292400,68779900,476700,2156100,746300,986800,16222100,1972000,1884000
2010-03-04,135770400,54470900,47174200,12645600,61065500,431100,2374700,492300,641100,12944800,1841300,1557300
2010-03-05,176118800,68136300,52293900,18656300,78177700,549900,3823200,786000,975800,11091400,1384000,2161800
2010-03-08,114631200,58712400,46046400,11336100,56724000,399800,2850400,966800,937900,12753800,1450800,1729200
2010-03-09,154556700,98002800,70685800,15356500,66759800,350500,2573700,722100,630800,12650800,2064000,2126000
2010-03-10,186088800,102578900,73655200,13641100,73994500,329800,3216200,688200,640200,21982100,1705400,2311500
2010-03-11,160791100,67510300,59964100,13015300,42415700,283100,2621000,480000,488500,9513300,1438400,1766200
2010-03-12,162074800,64068300,61862000,11743300,48949200,276400,3099100,819100,636700,11849000,1669300,2344400
2010-03-15,146816800,60150500,49862700,10182300,43560300,190100,1936800,497200,471400,7698600,1817600,2164400
2010-03-16,168673000,74950600,52874400,15718300,58417000,388200,3932600,635600,923300,17749300,1549700,3905000
2010-03-17,177468100,75643500,53589100,17400500,72017100,288300,3481200,983900,918300,13784300,2185600,3467900
2010-03-18,196509100,77829400,71527500,15899600,73867900,202600,2750300,497200,637200,13848400,1524900,2448700
2010-03-19,226641100,86337100,80546500,17819700,65993900,171300,2976300,621500,674600,24329100,1576900,2703900
2010-03-22,184477800,71902800,56679400,17473800,57583400,338100,2452300,406000,759000,11579400,3003900,2922600
2010-03-23,182941600,59182600,61187700,15533000,50528500,244100,2910000,463300,699200,11274400,1647200,3974700
2010-03-24,196072600,62995700,59664500,18234000,65081100,531300,8049300,801600,430800,14236700,1622700,3241200
2010-03-25,223396300,76294800,66977000,18633000,72397600,601900,8268400,985400,1005200,16866700,3071500,4033400
2010-03-26,205808500,78067900,58114700,23466200,69798700,734100,4110700,614000,1312500,17433600,1626500,4339000
2010-03-29,134513500,57993300,38646400,13605700,57961300,521400,3245100,597600,546200,11527000,2449500,1914200
2010-03-30,145772500,49437300,35773100,16768000,50327500,246500,3254600,616100,605600,9817700,1091300,1968300
2010-03-31,161078700,59947400,59821600,22702600,52858500,398900,4263900,997800,1255400,14006800,1193900,2365900
2010-04-01,161215200,83728600,58838700,20493900,96281100,397600,2912400,1565600,773100,11370500,1665900,2198300
2010-04-05,105847600,56220300,52020600,14434000,63633700,656100,5652000,1417800,930200,8207900,1723500,1961200
2010-04-06,110384200,54097100,50203600,15025700,42926300,566100,3584600,1175000,679100,10322300,1609500,3307100
2010-04-07,184576300,77211500,71418200,19574500,55642000,562000,6389900,1041200,859000,19139500,1542500,3521700
2010-04-08,158704000,68314300,54603600,13853000,52083200,465400,3797600,938600,736100,12445400,1069800,2047800
2010-04-09,133006500,54227300,53070100,17131200,46651000,314600,2311300,657800,679800,16427800,987900,1710500
2010-04-12,110279000,44280600,49301000,11992200,43558300,402000,2939600,502800,443300,11118900,1300100,1872300
2010-04-13,125043600,59376000,42151000,9094000,47072900,309100,3090900,728100,1162900,11261100,860200,1712600
2010-04-14,161609000,69004800,62041600,20763800,42957800,315800,3570100,697200,857700,10572100,1454500,2026800
2010-04-15,144615300,72254200,55141800,13534200,43463300,299900,3698000,766300,1251000,10952100,2087200,2594700
2010-04-16,366786700,127388000,93241600,30341100,142486200,409900,8303900,1091800,1334100,24572600,1506500,4450000
2010-04-19,217947800,98251700,85284600,19657000,89434600,215300,3211500,643900,757200,7993700,2749500,2825700
2010-04-20,157708000,69543700,50736600,14039800,63883700,171300,2285000,923200,1299400,7019800,1977900,2193300
2010-04-21,192910100,74748700,60382500,15597400,64141600,446500,4162200,646600,553100,6842900,1687400,2980100
2010-04-22,115360300,110477200,79289500,22128200,72788900,169300,2841400,248000,250700,9598900,1618300,1552700
2010-04-23,177335500,77205200,66271100,18250100,64724100,174200,4776000,327400,676000,12505800,1137100,3302900
2010-04-26,143457300,67361000,62710000,19670500,46317300,161900,4753900,839900,440100,8335400,925700,2486700
2010-04-27,355853300,112608000,101050200,39699100,132888400,442800,13199200,590500,1220700,25057100,1517700,4589700
2010-04-28,300674100,130082100,79762700,32895300,68981700,409700,8379500,1670600,988000,26891900,1620000,3500600
2010-04-29,193775000,84180200,68869600,21405900,69912900,350500,4067200,1102600,812200,10374300,1316600,3268600
2010-04-30,270000900,110897000,88759100,24817100,77528000,423200,6924800,1031700,809800,13403100,2476400,4056200
2010-05-03,182747900,74169700,53775400,22046300,47649800,300500,4211800,495800,639000,13570800,2355800,4016000
2010-05-04,360353400,141136500,105727600,42932500,159998800,355000,11054800,844700,786100,21512100,2435900,3672500
2010-05-05,328973200,128560200,110340400,40791300,131994700,672000,12219100,1288500,2567500,21616700,7516400,3597300
2010-05-06,647356600,274356800,195388200,64526400,225063100,902400,19578200,1687800,6587300,50546300,3574100,6191800
2010-05-07,637558800,288200400,189573100,66179200,191265100,3856500,18740600,1758600,2584000,34272700,3752200,5896600
2010-05-10,396159600,136041600,107703400,63301700,187916400,836200,10240100,1275900,1670100,28433800,2334400,4817300
2010-05-11,317849800,113016100,100027800,42343600,119869600,891400,7729100,997500,1524400,36731800,1730400,3229100
2010-05-12,235607100,85462400,84618400,27785600,73936600,424000,5530800,1034900,1031200,32703600,1831900,2577400
2010-05-13,234452500,102844300,78553600,29675400,71622500,420300,6849700,585100,1151600,22340400,1337600,2522000
2010-05-14,345601400,147386100,86134200,40366200,113085000,488700,9796500,575700,1050700,34643200,1702200,4558000
2010-05-17,325739800,120969600,78565900,33131000,101708500,535100,6302200,877200,1120800,27898000,2636100,2913300
2010-05-18,360556800,153072100,87146900,39152500,113529000,1711400,9904100,582100,1067400,26595300,1979100,3725300
2010-05-19,394742700,159000300,107292800,41441600,129633400,839700,14121200,503300,1565100,34412400,4000900,5955800
2010-05-20,530418300,189289800,166841100,50013100,174383500,1221600,17666900,1009400,3092800,28908200,3071500,5847200
2010-05-21,500909400,190631100,139644500,52184600,169452900,1196200,18670600,1775500,1815000,20098300,3529200,5652000
2010-05-24,269823000,113038000,75991800,26489400,90936400,2949400,7721100,717800,1266200,14300500,2873300,3826100
2010-05-25,396505200,155643000,110830700,53441800,144257100,1064000,12952700,901500,1507500,21232700,2565700,4736400
2010-05-26,349719300,140203200,104172900,42125600,128281900,551600,12644800,562000,1738300,13153500,1614200,4937300
2010-05-27,300870500,110671600,86856200,33506900,147181800,522800,7653200,767600,828500,10418500,2069500,2876100
2010-05-28,297933500,128535300,92369800,39482100,113223700,511700,5805500,1042200,1253900,11579400,2489300,2769200
2010-06-01,277909400,104242700,88420300,34753600,91068700,978900,5536200,782400,770300,12207800,3618300,2715000
2010-06-02,240243700,97249300,61553800,25336300,103740800,519100,5656400,521000,1414500,10339300,1395800,2015700
2010-06-03,226618300,98928400,74864100,27019600,70470800,274300,8499500,1017000,877200,13855200,1162900,2171700
2010-06-04,398475600,112849900,105547200,36685200,108937200,728300,7479600,745200,1439000,16532500,2423300,9751200
2010-06-07,264609100,88436600,88434200,24384100,82131900,413800,5288200,551500,992900,20238600,1406100,3646600
2010-06-08,357774300,133030100,129072000,33911600,108438000,604300,5510800,953500,1085200,23404800,3121500,4966300
2010-06-09,268023300,101949200,108638000,30395500,87947600,264000,5598000,526900,1081900,12884600,1570000,4130400
2010-06-10,317890600,76892300,75497300,30506000,92855100,655200,6075100,1037200,588200,13687900,1341100,3918800
2010-06-11,214128200,74346800,65295200,22459100,66496500,404800,6266700,483100,468300,7829400,2334000,2626800
2010-06-14,207196100,68085000,70543000,29477200,83991300,627700,5310400,712900,843100,11002800,1647200,2967100
2010-06-15,238268700,76332600,72336400,28365100,96494500,1114400,4920100,663100,1387200,15073000,1778600,2692500
2010-06-16,216374000,78399700,62369400,21785900,63906600,621900,4011100,568000,1877200,10500500,1320600,2496600
2010-06-17,263185800,77111900,67327600,23402900,68660100,792500,5650900,1487500,1097000,19792200,1183100,3137100
2010-06-18,174006600,75921400,52760900,20182700,64639800,463400,4171700,726300,734300,19429900,1929900,1981200
2010-06-21,213140700,95488100,58648400,26081200,96721100,569100,5740900,686300,1094400,20041700,1081100,2910100
2010-06-22,239355400,94493400,70827400,29123900,100336600,549200,5658900,657000,1011000,12940900,1540300,4468100
2010-06-23,254639900,92397600,70315300,31159100,93969400,632500,9137800,1105800,882300,14120400,1179500,2987900
2010-06-24,268523600,114145900,72504900,24218700,82636000,1075100,6184600,743000,613600,13137700,1196000,3163500
2010-06-25,238726500,88740300,87177700,31883900,60657800,455400,5148300,485000,536500,9986700,1452700,4883700
2010-06-28,169218600,71350000,64643900,23915000,36242500,924300,5436000,772700,682200,19650700,3621500,2439400
2010-06-29,373649500,136384200,110269700,39759300,120391400,920400,7334200,1007200,1354400,17334700,1756400,4804700
2010-06-30,284101700,101313200,93806400,40112000,84176700,891500,7205700,850800,1111300,12016300,5303500,3616100
2010-07-01,382924800,158695000,114225800,43453600,113344200,1293700,12893400,1478700,2044000,33248900,1622700,7804700
2010-07-02,233385200,78565300,72084200,24580500,63854500,1072400,6297600,600400,880400,14732800,1682600,2682600
2010-07-06,256935300,88591900,89452600,26225800,76509800,914100,6620400,993400,1176600,16846900,1373000,4989800
2010-07-07,253769400,72448400,79640200,31096500,68037800,473900,5727800,634100,1173900,10930100,1319600,3702500
2010-07-08,210842100,78264600,58770100,30704400,60958700,508400,6260600,738200,1525200,11315100,1514200,2288500
2010-07-09,144999900,47851200,38202700,19807000,43777100,439800,4286000,530000,778800,9596800,1278200,1597100
2010-07-12,131283600,60927500,43038300,19512900,53211600,685200,4062100,585100,786500,7506700,702300,2419900
2010-07-13,213025900,93310500,83581200,21027200,52194800,679700,5842500,709000,1464900,8423700,1164400,2622800
2010-07-14,184426800,87687100,52526100,17036100,46615600,566500,5417300,1880300,640400,9574800,1135500,2297300
2010-07-15,232337900,95992500,71044000,21741000,66745400,703600,6996100,1038800,565900,8586900,1078500,2560700
2010-07-16,282693400,98831900,98127500,29092500,99497500,864200,7512400,814100,1215300,17494400,866000,2758100
2010-07-19,186709000,81800800,63879600,15344100,46717800,489800,4305800,580700,556000,15723900,1203200,2740600
2010-07-20,258162400,89061200,71430700,17648600,92255200,895900,5076600,1052100,2442800,9263100,2829900,3494800
2010-07-21,264527000,83577000,68456600,18248500,66007400,470700,7894200,779400,1376100,9396200,1532200,3526700
2010-07-22,274781300,82890300,81000700,25412400,74052900,656800,5759700,827300,809300,8161000,953100,3295200
2010-07-23,222020800,81056100,73916800,26349100,65675400,799500,6259100,675800,985400,8337000,922500,2956400
2010-07-26,184445700,64850900,66248300,29416900,64865500,626300,4856400,538000,887200,11219000,936200,3857800
2010-07-27,204855600,67655600,84127100,31043800,63763700,528200,5328000,1108600,887100,29524800,1219200,3483300
2010-07-28,163056200,51988200,59705100,18472800,43131400,933000,5507200,777600,603100,16071500,1408200,2919200
2010-07-29,220149100,85669500,63214400,20313700,49588200,737300,6305500,513000,628800,9476300,839700,2276900
2010-07-30,220070600,98958100,67453000,25265700,54277200,563600,7683200,796300,1038700,10093200,1062700,2746300
2010-08-02,188263200,68706800,49896600,20257000,69623700,1160900,5769200,764100,1021600,8473400,1583400,3018300
2010-08-03,146657300,60856600,51145700,18383000,60207900,911900,4363500,1060700,1705900,5579400,1362700,1955500
2010-08-04,158171700,43820600,40817400,15891400,55875600,777600,3820400,859900,1844200,10323200,2179600,2041300
2010-08-05,140473800,39150200,37991000,13158500,43650600,817400,3704200,1093400,708100,7023000,1210300,1847300
2010-08-06,239728300,71339200,62483200,18078700,65731600,438400,6042400,685700,830300,10001700,1406400,1836100
2010-08-09,120800400,26927600,35100700,13579600,27051000,464800,2578500,844400,1266200,6751400,670600,2914500
2010-08-10,242916300,86694500,59841700,20251800,68735400,641200,11251000,1260100,1271500,10444900,2217900,2180200
2010-08-11,273406900,92219700,87392600,40518300,92778600,911200,6778300,934600,1558600,12436900,1301400,2688600
2010-08-12,239542600,66000200,63300200,22039000,43919400,1701100,7590100,1427100,1261600,12327000,11204100,2632600
2010-08-13,158698500,46387300,68238000,18869200,28672700,705800,7843600,894800,776300,10213200,1819900,2208700
2010-08-16,147895300,55472900,51371000,16634800,34651900,1453200,7976200,786200,1087600,8948300,957900,1827400
2010-08-17,172270300,56927100,54593200,13630600,39414300,774300,6756800,799600,860800,9145400,1493600,2290800
2010-08-18,182922100,61835400,61766600,14140600,38009500,1148600,7721600,1889200,717000,12102500,952300,1651800
2010-08-19,265847600,82969500,89236900,20836400,56729300,684100,13128500,1439500,882800,10014500,1005900,2883700
2010-08-20,209714200,65806700,64085700,16366900,54134900,306000,7040300,1402000,557700,10682100,1032400,1585400
2010-08-23,163490300,69612200,55423700,13331200,44767900,575600,6360100,549100,633300,4857800,873400,1535700
2010-08-24,280677800,79095800,78875300,21659600,80709600,973400,9812100,826000,1000800,14811400,2209900,2611500
2010-08-25,272234800,87247900,64025300,18816000,89890000,690100,13299800,1820000,788400,13987100,1158700,1817700
2010-08-26,224439500,91199000,74569900,16038800,59948200,845000,7039900,703600,1012400,8886600,1224900,2792800
2010-08-27,272649000,109568800,72003600,16814200,77005500,1014100,13514000,1642300,1302000,11155400,1142000,2298700
2010-08-30,167238600,49373200,42401800,17372300,48054700,463500,5535300,1574500,620800,4390900,890600,1641900
2010-08-31,273933100,72066900,60625100,24164600,72404500,1276700,8397000,1450700,1154800,12249700,1091500,2804700
2010-09-01,256828100,83523100,62585200,25500500,83435900,1268700,12480700,2395600,1697900,11873500,1217400,2037800
2010-09-02,156112200,41816800,45824200,14665200,47351900,1273500,8167600,1243900,603900,7002100,1633900,1990000
2010-09-03,212197300,64041100,51986300,16061700,48712700,1308300,9210700,1184800,999600,9074500,963700,2093000
2010-09-07,141973700,51195200,48881600,17975300,45210000,778200,6018400,1128300,883500,8777500,989000,1728300
2010-09-08,149924400,66879800,58863300,13422600,40612600,1124900,6698400,556200,835500,9788900,951800,2043200
2010-09-09,147017900,61476400,52494300,14184700,34925400,929300,8588900,967700,789300,13745000,1149800,1428600
2010-09-10,127819000,66995700,46973500,10187700,33236500,725300,6910300,1105900,957600,12510000,1201700,1024300
2010-09-13,178503500,64523400,60551500,23197400,63308900,1450100,7054800,987900,1103500,9693300,1315200,1611000
2010-09-14,209823600,91405800,55811200,20933000,65151200,590900,5978100,1846500,658700,26588900,1438500,1842800
2010-09-15,168608400,67108200,63008500,19914900,41107300,900600,7919100,983200,570800,11689100,1278000,3981000
2010-09-16,199962900,66885800,52659700,18005000,36078100,2902900,17116200,1382000,751400,12672800,844300,1490300
2010-09-17,195836900,76372600,61775400,18965300,40115200,1738600,9203600,2647200,922800,13819200,1236300,1287600
2010-09-20,214555200,84475000,70669500,17245100,53864500,619900,5277800,775000,631900,8475800,1107500,1801800
2010-09-21,268389100,82272000,64974200,24148000,54263300,1279500,12664000,1416600,810900,20408400,1400300,3266300
2010-09-22,191322400,88315900,65225800,21603200,45586800,978800,8229400,851200,832700,11046900,1052000,2927100
2010-09-23,202354300,85040000,62724700,20424200,62060200,514000,7412200,594200,758800,9325200,1070800,2352800
2010-09-24,209671800,79495900,71675000,21041700,57929100,1317500,8942500,1064700,917200,14945000,1266300,3617600
2010-09-27,128761800,43859800,48357100,13161000,40319500,782100,7061600,770900,615900,6679700,959900,1765200
2010-09-28,209207500,104922900,66176700,30726600,50012300,776000,8262900,595900,1038800,19857200,1621100,1755000
2010-09-29,179665800,81679200,53580600,18717500,58310500,820400,5507100,751900,826600,12328900,1137600,2032200
2010-09-30,287106700,122458600,81818000,30372500,60498400,813200,10618400,1089800,2290800,19213400,2265900,2745600
2010-10-01,174638700,77675400,61763500,15814900,69689800,846600,9368400,3916600,837800,17211900,3049300,6097900
2010-10-04,166153200,71359900,56292700,14760400,49852800,1260800,4422700,847300,2490600,8368000,1412800,5232900
2010-10-05,229634100,99301300,77655500,25199800,76615300,1092900,8491800,1236000,993500,17489600,2483200,2061300
2010-10-06,148626600,81831200,43163400,24251900,50339900,614400,6476100,1457100,1990200,16142200,7915000,2100000
2010-10-07,164860000,75693300,39955400,22281600,49224000,534700,5780700,713800,1371700,38676800,2212800,1283000
2010-10-08,177760100,83223900,59953200,16558500,54002700,868200,6128700,1160400,1524800,18693300,4032800,1118100
2010-10-11,103098300,46880000,37345900,9960700,32413800,400300,1474200,460300,644900,10621300,1333400,954600
2010-10-12,182210000,88571700,51099800,13383900,63619500,991900,6122400,748800,855200,13289200,2043200,1686500
2010-10-13,194347200,71122900,58582200,15517400,69189600,473800,8168400,996600,880300,18398500,1886600,1634600
2010-10-14,217764300,68464000,70382100,16135400,50754200,955100,10945000,1236100,994400,26890500,1565300,1587600
2010-10-15,243705000,104654000,74953500,20830900,83974500,807100,12694700,1287700,524200,26168600,1094100,1794000
2010-10-18,141204800,72399400,39841500,12315200,51898000,1149600,5592200,662600,516300,12289500,1174800,1638000
2010-10-19,280604700,105739800,64627600,20471000,90101300,763700,8017500,685300,601800,25327200,1722300,1987000
2010-10-20,200051800,80861400,54118800,15578900,62292200,615100,5515800,632700,965600,12556600,2076100,1958700
2010-10-21,221585500,85885400,62505300,14836300,85422400,594300,6836100,841200,521000,21804200,1836600,1848300
2010-10-22,108212400,47406900,26267800,12456000,42843800,643600,4770700,640000,418000,11885300,1074800,1147900
2010-10-25,151145700,51413900,36095900,13979000,53950800,1436800,5632300,716400,1051500,12154900,1365100,1663900
2010-10-26,158982900,60498300,37884100,14724600,36715600,831800,8432000,598800,568100,10710900,1769300,1669500
2010-10-27,190024000,57483400,53515400,15964500,70436800,1223500,9245200,1751000,910700,16132100,1376900,2485700
2010-10-28,168576000,61220000,48482400,15896800,45927000,738700,8052600,1264500,1078600,15889600,1776300,1185400
2010-10-29,144305500,46668700,40455100,13268100,38056300,768600,6753800,583800,898000,14334900,1606100,1017800
2010-11-01,174074800,60555600,47357500,14155000,47366500,1042700,5921000,865500,921400,12403600,1939800,1263100
2010-11-02,158345900,48137500,55102800,13020600,48355900,356700,6537400,555600,859800,9396900,1920000,1166400
2010-11-03,226702800,126225800,58044500,24589500,94125200,912000,25541800,932000,1301600,31702100,2448200,1589400
2010-11-04,215039400,84201000,60908000,19768900,83567900,1092500,13246500,990300,1495800,23464700,2715100,1186500
2010-11-05,180654100,77937100,45659100,14176200,53781000,1108100,12435000,455800,1281500,20342500,2701200,1534200
2010-11-08,156107100,39623500,31656700,11752500,37106100,469400,6795200,432500,1178800,17367400,1792800,1784400
2010-11-09,186621600,66828700,48438600,17333500,55351100,744600,15061700,1438900,705400,39445200,3435400,3078600
2010-11-10,221387400,83553700,53667600,19340700,66304400,1298900,18540400,1169900,1250800,28484700,1735500,1480000
2010-11-11,158017600,85163600,42989400,21357400,48410200,403500,3368100,778500,1051000,15447500,1847400,1305100
2010-11-12,239068800,99164300,48799200,19040600,88808000,2041400,11739500,1351700,1088500,35885900,1832900,1683700
2010-11-15,163940800,56723400,38922600,15067500,48585300,1174200,14978700,1294100,1071300,15096800,2162600,2017000
2010-11-16,299566200,101097000,69965600,40455500,136332900,954600,19901300,2219600,1674100,32478100,3073400,3883400
2010-11-17,172308900,77836200,39512500,22315000,80352800,580200,9915600,1237000,1827000,16432100,2566500,1503300
2010-11-18,197723700,71488300,52638700,19343000,77989900,2968200,12424800,1001200,1197000,16009400,2002500,2498900
2010-11-19,156852900,54506100,32830300,14201100,48175100,530600,8359500,676400,592000,14146400,3559400,2001900
2010-11-22,181361000,69918900,42163100,28197600,46793100,495400,10413500,759800,424600,13093400,2719100,1443200
2010-11-23,222309000,76818300,52202300,22439100,86768900,659400,9566900,749200,1975700,18215200,1450200,2671600
2010-11-24,140046100,53444200,42138400,18834800,63287600,1112700,11467600,644500,690700,8858100,1643000,1555400
2010-11-26,76007800,23640300,19004000,8691400,60387100,210100,4848900,233400,365000,7822400,659900,661100
2010-11-29,223642300,89269100,47897000,25857100,80428200,527800,8950000,494600,598300,13983800,1594000,1620500
2010-11-30,233930700,118862100,68631800,26227300,78842700,874200,11947600,1324500,1459300,17473100,1606100,1652000
2010-12-01,221037200,81758800,59974000,21834400,81889600,1967700,15441200,1473400,1710800,16831100,2078400,2195300
2010-12-02,191213600,56844600,42529200,22405800,72593100,983500,9318700,1011600,775600,17583800,2401400,1353800
2010-12-03,151288900,38014200,36549400,17799200,44688700,374500,10194800,1391800,1621000,16517200,2571400,1589000
2010-12-06,103050500,39312000,36177500,15412000,44988700,902000,7001800,670700,776300,15640800,1868900,1602500
2010-12-07,206581000,59067300,66769100,24787900,64406800,1335700,18533100,1302200,946300,26490400,1710800,1773500
2010-12-08,138019200,48066900,40388800,13426500,48924100,2155300,19275900,3831100,1216200,23483300,1690800,2263600
2010-12-09,123705100,51679800,49384000,14969800,63131000,1664700,17477100,1967300,457200,14157600,2535000,1487900
2010-12-10,117571700,44696200,43303000,13417000,44844200,1002400,7078500,1335200,613100,11937900,1439800,2754600
2010-12-13,133812700,53110200,43025600,15149500,49177500,1323400,12399900,1670200,1176600,13352400,1330900,1023800
2010-12-14,147249600,69884800,60000700,16046600,53611300,1878500,23516400,1976500,1366900,17430800,1226500,1645800
2010-12-15,160823100,76951900,52002400,19335800,69038700,1871900,26084000,2601900,566500,15089500,1304500,1447800
2010-12-16,185035200,65519400,57936100,15424700,55441400,1351000,17939000,1892500,498600,23463000,1587100,1270200
2010-12-17,141075300,36844200,40362300,16830000,43610700,1361700,16849700,1678700,989700,17213000,1321200,2871200
2010-12-20,119085500,48159600,42692700,12685600,48887300,804000,13703500,1438200,587700,13142300,2017100,2388500
2010-12-21,94965500,35775400,30166800,18172500,59666300,848500,8985100,985200,785400,10235600,2422200,2927500
2010-12-22,78878100,35766500,29812300,9188800,24942400,308900,6440900,749800,803000,7300600,1361900,1398000
2010-12-23,70053700,21664800,25239600,10404000,27545100,540600,7091800,861300,560500,8700800,1367200,1241600
2010-12-27,58126000,29263700,15770300,6348600,29293100,407100,5285900,781400,590800,3436400,1534400,1275200
2010-12-28,55309100,24160500,25827900,9601200,30330000,955200,13972100,584800,575100,10111800,1148000,2919200
2010-12-29,58033100,24132700,18138800,9244900,30891500,1362200,13115400,1031600,535700,8442300,1789100,1511400
2010-12-30,76616900,27553300,37997400,10546300,28376000,529800,7029900,562900,335400,5749400,1612300,1229500
2010-12-31,91218900,38540100,33323500,28390800,34328200,674300,8516000,914800,715700,9219800,991100,1168500
2011-01-03,138725200,90994300,48878000,16245400,40116200,1396100,13799400,2447900,1448800,11510200,2385800,1957400
2011-01-04,137409700,43851500,77509000,14583100,45176300,1234100,10466900,962500,1077800,26154300,3117800,2315700
2011-01-05,133975300,43787400,47145300,13008800,47527100,1111900,17568000,1209200,2537800,16700900,2801700,1512700
2011-01-06,122519000,46139600,39392300,23622100,43977400,1452400,9317500,1089700,2046600,15965300,2709700,1819300
2011-01-07,156034600,72261700,59486800,16347400,57124900,736500,12694600,1118600,917900,16761400,3047200,2001200
2011-01-10,122401700,55551800,55020300,12666500,62556500,1096400,8295200,909200,517400,8429900,1532500,1668400
2011-01-11,110287000,56663800,42124300,15014100,53337100,760400,9495400,845000,493300,10268400,1822800,1237500
2011-01-12,107929200,51979300,38442600,20472100,67254100,753000,9522900,1291600,609600,10785100,6347100,1639600
2011-01-13,129048400,47364500,29687600,16441100,53294600,1051500,14502400,971000,1563900,14294600,3014400,1200400
2011-01-14,117677900,43867400,38036700,21884200,38685900,734500,8960700,1629900,912500,21224900,3428100,1334300
2011-01-18,114401300,65805600,37824100,11977100,30565800,1063800,10663600,1422700,1186800,11592900,1934600,1348900
2011-01-19,151958400,67767200,70707400,19678600,64940400,732200,8886900,1685300,1073200,11788100,2346400,2340800
2011-01-20,175745700,92357800,79653000,17207900,75797500,697000,14203400,1699200,766000,24362900,3122100,1934400
2011-01-21,151462900,59673300,56676500,13671500,87318900,523900,9085600,1056600,681100,19488400,2637900,1196800
2011-01-24,113715500,64103300,48142600,13494000,61839300,497800,7700200,727200,697300,15127200,1923100,1143000
2011-01-25,167552200,55305100,47013400,13323300,63557800,1126500,13438100,1302200,686400,22219700,2410500,1249600
2011-01-26,141281500,60547700,65896200,20444700,66604500,869900,13322900,1647100,985500,20543000,3200800,2310600
2011-01-27,123302700,53656100,48174800,11889000,80518400,531500,10868700,1094300,679400,33047000,2182200,1926600
2011-01-28,295637300,123359900,91023700,18244200,185092200,1056600,11993200,1388100,2015100,28091500,2039900,1404200
2011-01-31,149249200,70571300,53265200,20763600,97695000,555100,8647600,1849900,1183200,14664100,3320600,1916800
2011-02-01,167194300,76952900,57786700,25762500,105876000,1009200,11508400,989200,944600,15363700,3191500,2400100
2011-02-02,118323600,48661000,39937400,17063200,68880600,1120000,13624600,1975700,550400,10082000,2706800,1698300
2011-02-03,145886700,45341900,41156200,11593300,56934900,1310900,12785800,1645800,1240800,17374700,1994100,1294300
2011-02-04,134634800,47647800,39532700,12648400,76698100,1523900,17172200,1367700,1667600,15214300,1113600,1842700
2011-02-07,112439100,45627100,40835200,13215000,60078400,850700,8554800,1709500,2260600,7176300,1358600,1361500
2011-02-08,99072800,38099900,37563900,14437700,74244600,997200,10454200,1263200,2632400,16220900,1557500,1356800
2011-02-09,146436700,62540800,43298900,17360700,105680200,786000,13078600,2124900,936900,10178400,2109100,1702500
2011-02-10,162708500,70194700,48001000,13190600,114356000,617000,10486800,690600,801800,8105200,1175500,1364800
2011-02-11,137710300,47853500,38579100,12115100,126541100,1492700,11333400,817300,586700,9888600,1730500,1355200
2011-02-14,101690700,48506100,36730500,9851200,79051200,1311100,8033500,785400,660000,8694200,1804600,1062000
2011-02-15,119575400,39723800,42908600,14695100,57068800,603700,7298000,621800,1109100,10111200,3146500,1198500
2011-02-16,130183500,53061700,38284700,14665300,64667700,620100,8446300,1892600,1378100,12822800,1806500,1084400
2011-02-17,109810500,38361900,34891200,15745900,55294900,776500,6732500,585600,658800,11322200,1762700,1011000
2011-02-18,130002400,44334300,39514200,10151400,50410700,418400,6080700,505900,870300,15890100,2589800,1288000
2011-02-22,233116400,92598100,68370300,24077500,107176000,1383500,11905700,1225300,1305600,16676100,2474900,2159100
2011-02-23,227584000,97842900,91258600,18757300,91843500,651700,14522600,1293600,1062700,15685700,3441700,1966800
2011-02-24,260431400,98716100,85126500,17689600,71568500,508800,12110900,718900,857300,18781700,3552700,1586800
2011-02-25,141686900,54094600,58566800,15585300,62718900,571900,6841700,722900,1907800,10351400,1799300,1135900
2011-02-28,141585500,51402800,49869300,19750700,54078600,372400,9682500,718600,4044100,8847000,2586200,1725800
2011-03-01,258565500,91993900,70865100,20476500,69711700,530800,8048700,1332300,1692100,17438100,3760900,3119700
2011-03-02,200277400,61552900,61072300,17851200,60123300,425400,8526400,837100,1271400,15719800,3743900,2400000
2011-03-03,176480100,64146600,78937600,16087800,61309300,616800,10607600,1024200,1615300,16485000,2067200,1590100
2011-03-04,277202300,62328400,60907100,18174100,66742500,637300,9316200,1385200,1057200,17454600,2162800,1681900
2011-03-07,216790400,98470000,90777900,16467500,47781500,489600,7522300,451800,1086800,14068900,2120000,1661400
2011-03-08,174615000,62399100,67755300,13435000,63985100,538100,8498700,745900,971400,10730500,2212600,2228600
2011-03-09,153806000,84764200,51216900,13058500,47005200,626000,8904800,1745300,1241700,8736400,1597200,1358600
2011-03-10,301291800,102894400,107642100,24970100,91093100,1576500,13385800,965400,1098400,15559100,2338900,1704800
2011-03-11,225621800,81679400,83202700,17713200,75103800,690300,8407600,1541500,1023500,10416900,1958200,1349400
2011-03-14,234974100,73565800,60138300,31231300,59912300,806200,6765200,1095700,1643400,10239300,1498100,1673700
2011-03-15,359585400,101276500,84941700,43537200,103041800,1661100,14893800,1659400,1598300,23465100,3252800,2439500
2011-03-16,468670300,176507700,126014500,40797800,106325500,1588800,24294200,2000100,2882900,13392500,3499900,3176100
2011-03-17,254303700,94434500,63992800,30662400,68572300,639900,10528500,1117800,1634200,9117400,3160000,1837500
2011-03-18,230435400,94887200,70017700,44500400,81209800,1513200,7260900,693500,1300400,18602000,2238000,1887600
2011-03-21,153992600,57423000,50638200,24131500,49424900,1029000,10542900,870400,943800,13742500,2375200,1340600
2011-03-22,129538600,36162100,52372800,16722000,38871500,573500,6904700,463300,2285400,9553700,2356400,2793800
2011-03-23,148603100,60365100,58044700,17400800,53485200,696900,8358000,537800,749400,11541000,2180300,1699400
2011-03-24,159129800,69502400,52850900,14473700,53767500,1098100,9477600,516800,923100,17016600,1627100,1466700
2011-03-25,155642800,74131100,78164900,12687500,44773600,782400,6447200,420200,478500,13191100,1887400,2441500
2011-03-28,109762400,37824000,42798300,11879900,36577100,634900,3996800,573000,844000,7656000,1498400,1843000
2011-03-29,129798800,47994800,40967200,14375800,56950300,1047300,6487200,625000,1010700,6345200,1674500,2293200
2011-03-30,135835000,44935900,42147100,13689000,70036900,773500,5048300,754700,1868800,10749400,1457200,1832700
2011-03-31,132537100,50004300,41625800,21688400,73140800,1093100,9654300,832900,924100,15227300,1834200,3204000
2011-04-01,153850100,68031800,49160200,15132800,82168900,1062700,7860400,2873600,1322400,15738300,3428900,4149100
2011-04-04,100768900,48659100,42236600,19410800,45858900,886100,4469100,767300,3254100,9685100,2009700,1072600
2011-04-05,120791500,55349400,45454400,14536800,69539700,777000,9951600,1901800,1338100,18295300,1533000,1248100
2011-04-06,120411600,49532100,59035700,14204000,69303000,857500,9090900,1253300,835300,10710300,1309800,1286500
2011-04-07,170731500,60697000,69434400,16050000,48786300,743800,9265100,641400,1156700,9486800,1809500,1773000
2011-04-08,147945400,42782200,63650400,12447100,54649200,595100,7605700,572200,1168900,13128200,3221600,2259700
2011-04-11,121385400,42451700,41784100,10165800,52980300,364200,5734000,667500,1045900,10105600,2159000,1335300
2011-04-12,161187400,50422800,58103300,14527800,72883500,1055400,7686500,625100,940100,14948100,2988400,1996500
2011-04-13,162059000,49979800,80424900,14659800,53492200,678700,7959300,673700,1128100,13884200,1497000,1212600
2011-04-14,161220400,53544100,58532300,15109800,57128000,1036300,7609600,1076400,1538700,14174100,2181000,1423500
2011-04-15,170006700,68530000,53690700,14660500,54453100,881400,10222900,662600,658300,19121600,1748600,1408600
2011-04-18,210759300,69065000,58593400,20667200,93596400,902400,12036700,822800,1736400,17340100,1981800,1709900
2011-04-19,124258800,38608400,31991000,11675700,50803200,532000,5295100,467300,1020800,10950100,1376100,1096500
2011-04-20,156133800,67397500,47061100,16665900,49837100,708200,6754100,515400,716400,13716800,1919800,1432600
2011-04-21,135935400,43666800,30293300,12811800,30217500,670600,3365600,624800,632000,10109400,1985200,1746900
2011-04-25,65757100,25376800,23441400,11593100,33470800,826200,3626900,687000,978700,15596400,2158100,1421400
2011-04-26,146600000,49400000,53200000,11400000,39700000,519700,7506300,953600,575400,16200000,2900200,2700000
2011-04-27,143031000,56465500,44680600,16032300,60926500,1379500,8869300,716100,738800,21945900,1804300,1860300
2011-04-28,124791100,48100000,43464600,19808900,45836600,975600,8110200,508700,697600,20754000,2919900,2348200
2011-04-29,115094100,44831200,41030900,17700000,38277100,436000,5900000,756000,799000,27600000,2054800,1777800
2011-05-02,126278700,48149400,48962400,18704300,50952000,632300,5285100,1771000,848700,24094100,2687400,2434500
2011-05-03,138375000,38100000,56070000,14222300,83696700,1660700,6486600,661300,977700,24215600,2573900,2052900
2011-05-04,182678500,53097200,64754600,18561500,82919100,1169500,7406300,720600,959400,35107000,2818700,1650200
2011-05-05,226900000,72200000,91858900,25543500,79810600,898400,9600000,771600,1300000,51284000,8139700,1900000
2011-05-06,222787200,72507000,76446200,24517800,92669900,1034800,9451500,857100,968900,24182200,5644900,2277700
2011-05-09,114104500,40022000,45806800,17228200,48367900,559600,3731200,485200,620500,13854800,4174300,983300
2011-05-10,114806900,38053600,44373700,15708200,54996900,661600,5458300,974700,723600,11285200,3447800,1699400
2011-05-11,193564200,61900000,81313700,33177300,82957400,611100,6078700,538900,595200,21378300,4203700,1736000
2011-05-12,171550700,66100000,80109400,22162200,71004700,652000,8015800,595000,1129800,18730400,6813000,1429800
2011-05-13,157444900,63506600,74669000,20874000,83193600,494100,8380000,1062900,1053400,17268700,3035100,1482300
2011-05-16,141675400,73115300,68771600,19340700,72402600,590800,6053600,614900,540400,10066800,5901400,2157000
2011-05-17,192686200,63136000,76475100,18296900,60103700,986400,9826900,1227800,1674000,17192100,3874300,2183400
2011-05-18,135217900,42351100,54512200,12848200,49432300,790700,7707600,477800,813000,10502900,3241900,1323700
2011-05-19,119489500,35015800,52914400,10888100,37836800,718000,8052400,430800,715900,8098100,2504200,1324000
2011-05-20,182594900,44703300,56016800,18552000,60130900,669600,5602300,585600,538900,23187900,3463900,1385200
2011-05-23,168700000,43700000,50696600,20519400,59786200,928000,6300000,1200000,1204800,15937600,2123000,1809700
2011-05-24,147199600,39314800,60223400,17309500,46599000,639300,5549100,590500,808100,14948000,1651500,1299400
2011-05-25,151050100,41369000,60009900,15848600,43400000,1345600,5664500,675300,1407900,10973800,1955800,1411900
2011-05-26,164850000,40564100,51821300,18511100,47128400,806200,8307900,1042600,787900,9785500,1947200,1095800
2011-05-27,120921900,30127200,46619400,17160100,38849400,943800,5390600,510300,1225700,10186200,1603600,970600
2011-05-31,164731200,47590100,77456200,33441600,58762300,2917900,7003900,1022400,1848000,10499300,3431600,1691500
2011-06-01,233094300,51795000,80933800,25264400,55372400,2997200,12746400,1467600,2091600,18365400,3316800,2859300
2011-06-02,200466800,50198100,64666600,19489600,38988300,1744400,15738700,1448900,1177000,13552700,2448600,2122900
2011-06-03,234690200,57773700,76493800,21376300,42955600,1531200,10644100,684700,1141100,12606400,1972200,1897800
2011-06-06,179951200,50175600,63782200,16339800,51477600,1106900,8776900,445500,1660100,11472600,2928100,1172700
2011-06-07,161660500,46311100,58242200,23850300,58042500,1710300,7399200,405200,995500,10140500,3416800,1252000
2011-06-08,198696400,46426400,67740400,18499300,63855900,1471600,7401800,450600,1642600,9612500,2443700,1509400
2011-06-09,160964400,45307500,58469700,14991000,40819000,1016900,9963000,1355700,1480700,7643200,1746900,1381600
2011-06-10,238629400,53740600,71823100,23965600,61946000,1020500,7710800,1379300,3870000,12344900,2663300,2011600
2011-06-13,207599800,37736800,60285400,26144800,37673300,1009900,5540000,908900,2015400,12989300,1793900,1780800
2011-06-14,160570400,40565300,66662700,16389900,46392600,2088800,8672400,690200,1253000,10938500,1501100,1163900
2011-06-15,300958000,59022400,89262000,26678400,66901900,1352300,12979100,1024100,1319400,14550700,2780200,1761700
2011-06-16,308032800,66316200,81849500,21331500,66078600,1958400,10961200,1002000,7149900,11035000,2566900,2077100
2011-06-17,233284900,70337000,77862900,22489900,61268200,998000,9622900,556100,3486900,19205100,3296900,1912800
2011-06-20,159479000,37402900,53343900,16304000,40025300,774100,6613800,619400,1555600,10463400,2269700,1968200
2011-06-21,193157300,55892800,75970200,17407400,48523000,1064900,7894900,692800,2212000,12439200,2384900,1375400
2011-06-22,176703000,36833300,55839700,20975200,40580400,1119300,5503700,703200,1667400,14109700,2407900,3467800
2011-06-23,334286500,80743300,92521100,22617400,63556800,1264700,8586800,796100,2999800,24869600,3469400,2618700
2011-06-24,226129300,56298300,73865400,18681900,44225900,997200,7960900,716900,1416400,19301400,2449600,2083800
2011-06-27,168904700,49968900,51195400,16916400,53450600,1185700,9331300,995100,1137600,11602500,2262900,2519000
2011-06-28,165556300,47028800,54021800,20936100,45598200,1315300,12634300,863400,1477500,8813800,2108000,1278700
2011-06-29,244295500,65407300,68230200,28707600,55289100,1376300,11084900,1041200,1752700,12624600,3084900,2049000
2011-06-30,223322700,50347200,59915500,30800700,46188400,1948200,11555600,1004100,2514300,12657100,2714300,1960900
2011-07-01,202385700,53203900,63908100,17093200,44635400,1921800,6637200,1495800,1749800,16366500,3498000,1796700
2011-07-05,165936000,43128800,48268900,17598300,51374800,2896800,4615600,1116100,2253200,11278200,1529100,1693200
2011-07-06,143331600,49282700,57094100,12980200,56118500,1234900,5652700,1343800,1969400,14502500,1631700,1655200
2011-07-07,170464200,54799800,68556600,15687200,49542300,1289100,6823700,1463800,2662100,9520900,4944700,1530900
2011-07-08,194100500,69519500,61977400,17211100,50271000,1278100,12129300,1044300,1771000,13662300,1808300,1956000
2011-07-11,195918600,52080800,59769800,25138000,58197700,1158800,9760800,1397100,1967100,20447200,1790400,1878600
2011-07-12,214675700,84000700,65322100,17446900,46966300,1205400,9083900,694400,1407200,24033700,1452500,2078400
2011-07-13,204062600,82378100,79327200,22333600,59429900,1247900,13112200,1014400,1056800,26351000,2178900,1853600
2011-07-14,226111800,98774200,91726600,24454000,53279700,959000,11471500,761200,823300,17613600,1572800,1715800
2011-07-15,220012800,68281500,75496200,20163000,35171100,874200,7086200,531400,688800,18448400,4929900,1526200
2011-07-18,196872100,59512200,56859700,23639200,46489100,883600,8206500,1163600,2103500,17133400,1398400,1272400
2011-07-19,166554900,73904600,56060800,20782400,37413900,1211400,15249400,1230200,894100,22871500,1518900,1363100
2011-07-20,137145400,57085500,40277400,15577400,29604100,752900,9673300,1019800,878500,14559300,1288900,1508500
2011-07-21,245246300,70148800,63405500,26791900,45701000,1211000,11099200,931400,936300,18422800,1247100,1373600
2011-07-22,126019400,43620400,34540200,11854600,31952700,813700,4974500,1121000,670000,11378700,1437500,1184400
2011-07-25,136653800,48916100,49764900,15580200,32505900,1541700,10869400,1166900,1050600,13036200,2431300,2624300
2011-07-26,131278200,40918900,52205500,14454200,29118300,655600,7682800,900200,570200,11735500,1289400,1815200
2011-07-27,249020100,83969500,97533300,29604200,54477400,1066600,11224200,762400,1158100,18296600,2352100,1794700
2011-07-28,207939900,61031900,67439400,17540500,44734300,671500,7081600,890200,689700,11369100,1545700,2360300
2011-07-29,307038400,82860500,93519600,28563800,48432100,1602200,19582400,1680200,1199100,17122800,2994300,1982300
2011-08-01,325790900,85421100,93483200,26159000,48466100,2389600,14348200,2151200,907000,14825700,3674200,2668900
2011-08-02,346653800,90853300,95669600,25546200,73705600,2287600,20850600,1427300,1286700,24284500,2369000,3298000
2011-08-03,370830800,103612300,114910400,36176300,73967200,1922600,21179700,2093400,2361600,27823700,3764300,4775700
2011-08-04,520721800,132830000,130904800,39911200,139352000,2813700,34076600,2160900,3396500,40380300,3271600,4629400
2011-08-05,655619200,214111800,188585600,61793400,154381700,3041500,41677700,2470900,4671900,24554700,6356400,7017600
2011-08-08,702263900,204804500,170159700,53894700,175336300,5178100,38259500,2548400,6491600,43002400,6396500,9058400
2011-08-09,717828700,193707100,207867000,55660900,191406700,3768400,39881400,2109000,5124100,55765800,7987800,8039400
2011-08-10,662607400,205917900,182376400,43347500,122586600,2768900,46221000,1264900,3395000,44797200,3560900,7527500
2011-08-11,487979700,143825300,121880100,35724500,121153900,2344700,37790100,1858300,2916900,49888300,4045100,4463100
2011-08-12,313731600,90483300,86475800,26243500,64752000,1176300,15590800,1962400,2273600,29220000,4533200,4019100
2011-08-15,258810600,73554300,57616800,20913700,65966400,986300,10051700,1884300,3280700,17798000,1285900,2630500
2011-08-16,294095200,89219200,79484300,23238300,61578100,2025400,15993200,1692300,2712000,19658000,2271600,2688800
2011-08-17,238201100,84416600,66789100,20680200,45131600,826200,15906600,1050200,1668900,16482000,2382800,2230600
2011-08-18,512956300,130019400,110692200,32657800,106805200,2211800,27274600,1358100,2342700,25512800,2723400,3488600
2011-08-19,428281300,96674600,99196100,29395100,72408800,683200,15708400,1749300,1879400,34398100,3525500,3271400
2011-08-22,275090600,77107700,72211900,23408300,51908100,913600,13157700,1464200,1681100,27482600,1576600,2213600
2011-08-23,331136600,75688400,93274300,24830200,73244900,1414200,16017800,2340100,2588800,55265400,1825500,2687800
2011-08-24,246869700,80197700,67698000,18042600,48121000,1089800,14621600,1513600,2550900,70700300,1226600,3095000
2011-08-25,312365400,93623700,80732900,18597700,57125600,1391200,10565900,1480200,1678800,43273700,1326300,2370800
2011-08-26,314495900,91573300,84468500,26600900,74396200,1080300,11504800,1134400,1629000,38673000,1568400,2829900
2011-08-29,190977200,45985800,53069800,18267000,46759900,1106000,6764300,1186200,2082100,25265500,1316800,1976900
2011-08-30,241315700,61617900,67801600,16811400,51881500,693800,9508700,1420000,1774500,23441000,2290300,2705900
2011-08-31,301828400,60900400,70313900,29114100,74774800,1069300,12186000,1332700,3213700,16054400,2556300,3047600
2011-09-01,254585900,57158400,86788800,21110800,76392600,1566800,10686600,2821200,1624000,13895500,2680100,4270000
2011-09-02,255517200,58185700,78920100,23310400,69255200,1137900,16557100,1386300,1814600,19911200,1547800,3459400
2011-09-06,285130500,52992200,71493900,27238100,66073000,1200500,14016200,4665100,3004100,30254500,2387500,3163900
2011-09-07,209803200,48952200,68952400,18331400,49845600,945800,11524300,826700,916900,30760000,4563800,1902000
2011-09-08,250568200,61422800,71124100,17412400,59110100,935700,11480900,1397100,1533100,20741300,1059300,2395000
2011-09-09,380195100,63663500,99453600,23270800,76809100,1014200,11492700,1029500,1978400,25429600,2150200,2436900
2011-09-12,305793500,65973000,100109900,31133200,69385300,2177800,7602200,1749500,2110000,21812800,3914000,4245800
2011-09-13,272514700,59020000,84144100,27622400,68090600,932600,9282400,1536800,2331900,17246400,1229000,2166300
2011-09-14,319389500,90757300,77019200,26017000,82237200,1214000,11948500,954900,1648300,18122800,1337300,2115200
2011-09-15,326777200,83536100,74213100,36415500,62836900,1037900,8884000,1326900,1534000,20897000,1135800,2848800
2011-09-16,284528300,91902100,75773300,19035400,46199300,699000,10053500,1528700,1217200,20693700,1680600,2019000
2011-09-19,241517000,73042900,69216200,22184900,67923900,896500,13033500,903300,1251000,18301100,3830200,1958600
2011-09-20,218932200,66570100,63453200,27969100,53481200,1005000,6360600,889200,1509100,12667600,1722100,1546600
2011-09-21,316251300,79938000,81413800,74730700,105520500,929500,18687100,1006500,2524900,16431300,1769400,2825000
2011-09-22,513911300,151885500,159808200,49431400,159906700,3436500,25041400,1304000,2295700,32476300,9573000,4405500
2011-09-23,307242500,85940600,84086000,39581500,102748900,1764700,15173800,686500,2251300,52981400,6197800,2688200
2011-09-26,260673700,96261400,75555800,24237700,94311200,1214800,15110100,811500,2451400,42373800,4538800,2246100
2011-09-27,311753900,81148600,93999600,35316000,112508800,1159700,13589600,1298700,3481300,25124200,3735600,1777600
2011-09-28,286696800,76757100,85412600,32537000,80061600,1270500,12642600,1238500,2696800,21776000,7995900,2241900
2011-09-29,298108900,116900200,73927200,29540100,74702700,1096000,12341800,864500,1643100,17340800,2909400,2151600
2011-09-30,288392300,104870100,72124900,29785700,102866200,1604500,13546400,1483800,2510700,16770300,4846000,1970600
2011-10-03,365136800,99149500,119485000,31113700,107059200,2105600,15882000,3575400,2560600,14200400,10602800,5785500
2011-10-04,459177500,137013700,165100000,37700000,111600000,2056100,17301400,1753300,4870500,24000000,3500000,5508100
2011-10-05,284108000,108825700,100371000,33843200,81013800,1174300,14275000,4530500,2563800,15132300,3202300,8885500
2011-10-06,257800800,71939200,85789700,30835600,140578300,1336400,9681600,1410900,2317200,12389500,1003900,2513100
2011-10-07,312657900,72525200,93662300,32306700,76503200,2276300,11564600,2117800,2686900,12977400,2768100,2993000
2011-10-10,230666300,48230200,76366700,22300800,69649800,803900,3567600,953700,2014300,8984500,1416100,2280500
2011-10-11,209088000,66449100,63173300,22967800,72086900,978400,7520200,2097300,2278800,8256900,1250700,2206200
2011-10-12,281544900,85627600,88580000,40438500,101798900,2324400,14033400,1613100,4223000,10867900,1367000,2634100
2011-10-13,212538800,63443700,54163300,16967200,57089300,1474100,11263300,1494400,3361300,8327900,1679500,1850000
2011-10-14,211397600,65643600,69768200,16226500,72966500,703100,8411000,1051900,2760400,9737900,1136000,1685600
2011-10-17,202311600,65161300,57529900,15645500,63743000,1274600,9664000,979000,1904100,8765700,1249200,1835000
2011-10-18,318857900,91434600,98948000,27807500,85366100,912600,12495600,835100,2890000,15390800,1782200,3158600
2011-10-19,226601300,67639400,71071600,18229900,52363200,733400,6629300,1839700,3574500,8528700,1673100,2348600
2011-10-20,262075600,80378300,90998600,23120200,83654600,700200,7832100,937600,1759800,17367500,1171100,1965200
2011-10-21,278999400,60455800,60408600,21149500,69672700,1276000,9906300,850600,2405600,13334500,1327500,1636200
2011-10-24,203215600,61449500,81399100,16040000,87934300,1381500,6344500,1341200,5630300,10199800,1745600,2858800
2011-10-25,268596800,65299200,66767900,25668900,76772100,1020200,11791200,1546300,4506500,22130800,2603100,2190500
2011-10-26,289053800,98193800,76643400,19159800,62940200,989900,12747000,1035800,2839500,17116300,1075300,1919000
2011-10-27,393220200,104455500,130508100,27559600,156301800,1636600,19471400,2364200,5132100,15876900,3792100,2167600
2011-10-28,225906500,42950000,82397500,41372400,59840500,936300,10127900,2102500,2820700,9362900,3722700,1971100
2011-10-31,228146700,60520200,66969200,29378700,69667800,1182700,15242100,1548300,2972600,8437200,3209400,2033500
2011-11-01,416565800,99933000,110064900,34733100,91614700,2251700,24400600,1530900,3132800,15335400,4349800,3614000
2011-11-02,244717600,65003800,63821300,24423500,64629600,1088000,13181100,1871200,1812500,14530500,1600400,2302500
2011-11-03,291174800,78994200,74622200,23891000,58912200,739700,8386700,1868200,1409900,17610400,981800,2155400
2011-11-04,249401600,61527800,65262500,23089500,50083800,735400,7583700,1489300,3759500,11060400,1267600,1500600
2011-11-07,196617200,65559000,67136100,21383700,44450000,844100,9279700,757000,1756000,20131900,1066500,1661500
2011-11-08,224426300,62906900,72278500,22483600,70276800,418300,7539400,4358700,1823800,16054200,1335700,1250100
2011-11-09,337982000,69539000,78806400,28669400,111322800,760300,13004500,1252300,2151500,12313900,1283400,1950700
2011-11-10,231866500,66052400,72175100,25065000,48436000,664200,11644600,1487800,2487700,11848700,1880200,2765200
2011-11-11,189924400,54471000,62452000,19095800,48885300,323600,2483900,1114200,1270200,8727100,826500,1796700
2011-11-14,159258300,44617600,61114200,16886200,47272600,586500,9252600,821400,1603100,5886400,700400,2019900
2011-11-15,184709400,52203900,65795300,23477400,45852500,480100,7587500,1425200,1450000,9167900,759800,1725800
2011-11-16,235782500,68342800,56938700,26147100,64823000,335200,7470000,2641800,1788500,15093300,1248300,1466300
2011-11-17,331219600,101706900,78923500,28385300,102951000,805500,9907900,4230700,2131700,28468900,2092500,2401000
2011-11-18,215580400,60417000,53462900,16813600,51240500,1883100,6792600,1280400,2226100,14172900,6225400,1924800
2011-11-21,229611600,52283700,58233500,25465000,59896200,692300,7345600,1355300,3219000,22030700,1181500,2054100
2011-11-22,216494900,51940100,55404700,29937500,46355600,2619500,7866300,1391700,4123400,12094400,2228300,2021300
2011-11-23,224329100,48437300,69700300,27206700,65700800,2189500,10129300,1796600,4483000,11483300,1752300,1728000
2011-11-25,99557000,25448100,28167900,10871200,30076300,466700,4311900,660100,1476200,6098000,514700,680200
2011-11-28,210686000,46710700,59167100,21753000,79397700,1286600,7661900,2416000,2455000,12004000,1063800,1721900
2011-11-29,199241500,52056700,58157100,23035900,52655900,602100,8952800,1460500,2010300,9198900,1410300,1794100
2011-11-30,324439500,66918600,93802900,43525100,92375400,962800,11806800,1759300,2944100,11821600,1913600,2171600
2011-12-01,176954800,45362200,57394700,19770900,46229200,1027100,9647200,1661300,2442000,11610300,1844100,2356400
2011-12-02,221109700,36938900,47671500,17848000,47176100,892400,7764900,1882200,2664700,8433200,1308600,1374500
2011-12-05,225263900,40492200,58429900,18107200,59551400,979100,7862800,1826300,2719200,10246700,1503800,1362900
2011-12-06,178842100,38670000,43597000,21382100,43432800,543000,8506300,1166900,2355600,10381900,1075600,2075500
2011-12-07,237802500,44576200,55904400,29174100,73276600,739300,6588300,1560000,1740600,10361300,1494200,1675500
2011-12-08,240862800,51692600,71486700,26351100,86315100,658200,8800500,1110300,1994200,11734500,2211500,1642200
2011-12-09,209111400,55757900,72184900,20706100,51866700,961100,9855100,1018000,1355900,8354000,1114300,1221700
2011-12-12,215826100,55411700,47638600,23868300,82239000,1068900,5734600,574500,1772000,15339400,1277800,1710100
2011-12-13,245159800,68557700,79040300,33861500,59290300,512500,8901800,1206100,1742400,25040400,1615100,1555200
2011-12-14,238618800,63682800,77704900,28164100,66643900,760100,11247700,1085400,1317700,42334400,1851500,2213400
2011-12-15,199109200,58732900,50096100,25474900,82103600,968900,5438700,912600,1562200,21521900,1639500,1268500
2011-12-16,220481400,60978900,66225600,28537100,64381200,748700,9321900,1464900,1383900,18124300,2818400,1749800
2011-12-19,183903000,46733900,52897500,21443400,56108700,1126600,7845100,1061800,2268000,12547200,1679800,1366200
2011-12-20,225418100,81758800,74174400,34746000,71387400,1365000,13945400,1127900,1957100,9136300,1846600,1248400
2011-12-21,194230900,78552300,59194600,27654000,47572400,479000,11600100,1159500,1792300,11996100,1802100,2621500
2011-12-22,119465400,40334100,41502800,25753700,58644600,731900,5247400,1762800,1885800,9888400,4658300,1388200
2011-12-23,92187200,26594600,24333600,14901700,21521600,435500,5409700,830600,1255200,3565100,2872700,2307400
2011-12-27,86075700,21443500,26922400,14440000,26198500,616500,4270300,872900,2282000,4918600,2493600,1173200
2011-12-28,119107100,38180100,37827500,20384600,39326100,919900,8302300,501500,1899200,16436100,1930200,1359300
2011-12-29,123507200,28077900,27090500,25565500,32240500,556000,4305000,971600,1558600,19812200,1941300,948500
2011-12-30,95599000,21832400,31979800,32979100,33432400,1230000,5948800,807100,1553400,10852700,2047500,1969300
2012-01-03,193697900,39514100,60504700,33352000,72557500,1297700,9076900,2509400,3118800,13385800,5940500,6177500
2012-01-04,127186500,29403400,34648500,14692800,46225600,1789000,8417100,1641400,3010000,11549700,2439000,2393900
2012-01-05,173895000,41260600,57274600,16354900,54383000,1311300,6465800,1454800,2579700,11621600,1212500,1805000
2012-01-06,148050000,46325200,45499800,28504800,50333100,998200,7348500,781000,1916400,9790500,17707200,1337800
2012-01-09,99530200,39195500,52042400,12756100,45814800,379900,5582400,1184400,2157800,8771900,2432600,1537200
2012-01-10,115282000,35949900,42977600,13409900,59620000,1636100,8932500,1946400,2318000,8371400,2120000,1558300
2012-01-11,111540700,37144100,33445800,13372300,47747100,931600,8634500,2382700,1191100,7968500,2079500,1407000
2012-01-12,118983700,26188300,36131400,13774400,43328400,685000,7205400,1820800,1558100,8602500,1740600,1734500
2012-01-13,179836200,35980400,42600400,17154100,57195200,554000,9819000,3220100,1929400,8910300,3156800,1534700
2012-01-17,132209200,41790800,34518400,19915900,70477600,1158100,5449900,1689000,4144200,8313300,1910500,1450300
2012-01-18,163395200,48692700,49330800,15999300,72674100,455200,5804000,1643200,2725800,9341200,1544100,1522000
2012-01-19,126328900,47774500,35830500,17256900,68477400,1587200,8625700,1268300,2953000,8114200,2834400,1277300
2012-01-20,138230200,41041700,42221200,23922600,43400800,650600,6548200,1140300,2037500,11616700,1907200,1352900
2012-01-23,129295800,40958300,37481400,18529000,62223900,734000,7274800,1129000,1680100,8832100,1767900,1238800
2012-01-24,103083300,38440200,49856900,18320600,39864800,1388100,5776500,1321300,2863800,7502100,2428100,1820800
2012-01-25,198613200,61591800,68272900,24497400,64939200,1149200,12867600,1697600,3882800,28957700,1913200,1499400
2012-01-26,184880500,37852700,52755700,20276800,68097200,1055000,7638500,1342800,6487500,19143800,2136400,1620800
2012-01-27,135259100,45532300,52203500,22868700,51983800,767600,5165300,1148400,2431100,13030100,1828700,1498300
2012-01-30,147311800,42797800,46332400,21139400,43104400,1152400,8388400,1325500,2553000,8438000,3085600,2355500
2012-01-31,157212000,51449600,52024000,26358300,69525300,1001800,7998300,1504000,2864400,11192500,1912600,2069500
2012-02-01,166234500,46146700,67292200,28274600,82799300,1698800,7925200,3195600,4284200,7734200,1570400,3222200
2012-02-02,113090400,46373600,46400100,19337400,71522900,839900,5596900,2860600,2079600,11509600,2079200,2712600
2012-02-03,160598500,36453800,72738000,15187000,72000800,1112600,12467400,2148400,2312900,23355300,1774800,2698900
2012-02-06,107694500,28541300,34516000,15349200,40208500,2968500,6180600,1141700,2270500,8807400,1680100,1778100
2012-02-07,135528100,37935700,41623400,26462700,47240100,1164900,8794800,1061100,2467000,11614300,2370400,1985800
2012-02-08,139361400,41171100,46697400,13873200,53168200,404800,7613400,1651200,3336000,10655500,1152800,1735200
2012-02-09,148602900,46856400,48712500,16265900,44004500,1802500,11477700,2439000,3258700,16085200,1484900,1438000
2012-02-10,167907500,58090500,42503000,19405700,62254000,1322600,7193100,1776500,2909600,10326800,1870100,1675200
2012-02-13,115841900,36810200,38574100,16406900,47447900,299300,6422900,1061300,2193100,7088900,2124700,1842100
2012-02-14,165329500,51648200,49375200,17037300,42652500,615500,8271200,1972900,3000100,7862500,1376300,1866500
2012-02-15,195195100,105709100,59836600,25177100,51791500,344100,6846100,1025100,1986600,11638500,1929400,1969800
2012-02-16,186567800,83642300,61456800,17583900,52445100,1540500,9036200,1821400,2514100,10734000,1657600,2318000
2012-02-17,129869400,76112300,33292000,14472400,50694200,653600,6338000,1858600,2402700,7286900,1572500,1695100
2012-02-21,134042300,38141300,39889400,17594800,46318500,635300,8338300,1887500,2265100,13611200,2446900,2815800
2012-02-22,124455300,43174700,42626900,15857800,40179600,538200,7736800,2834500,3570600,16676500,3163600,2261300
2012-02-23,137704300,54250000,53177500,12721100,36443800,805900,5163900,1590800,3212300,11654200,1544000,2453200
2012-02-24,105539100,41364900,37607700,25346500,37876800,360100,5676900,2175100,1795500,9293700,4989900,1810800
2012-02-27,145728900,42678500,51807700,20054200,42999300,588600,8180700,1160200,1608100,7340900,4821900,2002800
2012-02-28,129355900,43717500,47680600,16619300,40977700,817900,6615700,2136700,2813200,12413000,2902200,2381700
2012-02-29,185934700,59784400,64213200,33950800,72109200,787500,14235000,1769800,3085800,44149000,4067900,3013500
2012-03-01,145023500,67558900,69526300,20340800,51045600,1185200,12265600,2300600,3802800,19200700,5275000,3386900
2012-03-02,120638300,33358200,70789500,14435600,32352400,360100,6669600,1880600,1709000,9298100,2213700,1860100
2012-03-05,140765000,45788800,44334800,10047900,50657400,1406100,6921900,1646400,2333700,12071400,1368900,1830300
2012-03-06,202129900,54638600,80769300,21589300,103961400,605800,6299700,1682900,5792700,15533200,2082500,2236400
2012-03-07,143692200,42741800,57456300,18013000,45233800,436100,5567500,1410400,5840700,9553300,1476900,1367200
2012-03-08,116968900,43711100,43803100,21590500,40673600,329900,7982100,1202400,2249700,8858200,2202300,1454200
2012-03-09,122836800,43117200,61462900,23096900,36487700,286800,6975600,1659400,2531300,13698200,1409900,1621800
2012-03-12,104003500,32687300,34084200,13724200,31488700,503100,5280000,2027900,2153000,6523800,717100,2644800
2012-03-13,184090500,61559100,60998100,24475900,61336000,618600,14413600,2230100,2890700,20047000,1347900,2407300
2012-03-14,145163600,59926900,46707700,18872700,59777900,1733100,24515300,3067800,2928800,28822100,1200800,2280800
2012-03-15,165118500,65531200,58740500,13721000,35060300,2302300,14154000,2035800,1726800,12689300,1339600,1595600
2012-03-16,152893500,53023100,42045800,15837000,36520100,681200,13427200,3390500,3570300,12549200,1433400,1799600
2012-03-19,125291100,60966200,66822800,17182000,30002500,1133200,14011400,1961200,2283900,9920800,1386400,2106100
2012-03-20,121729700,47290600,43829100,14092600,53828200,769100,9443800,1825900,2756600,11643700,1577200,1795700
2012-03-21,122388400,39648100,40504700,16614400,49696000,458100,10242000,2112500,3280100,6672700,951700,1515200
2012-03-22,135216700,56953900,60102900,17106600,73056000,326200,8009800,3073000,3500900,11107700,1641500,3203400
2012-03-23,120521000,45541700,46464800,14777400,31693200,396100,8465300,2235200,3465200,10689000,1664200,2495000
2012-03-26,120164000,40855300,56454000,19961800,67482700,471700,8118600,1600200,2081200,13226700,1555600,1630000
2012-03-27,119868500,37278200,41730700,14826100,35627500,579200,6972300,2904800,4196700,10908700,1251400,3449500
2012-03-28,148562100,44421900,48836000,20448500,55592200,314700,7886000,1666400,2803700,11008200,6060500,1573800
2012-03-29,164963700,53975300,45615600,25848400,53897700,727700,7692900,1632100,2158600,11026900,4891200,1530300
2012-03-30,135486800,39480900,45904700,22341500,48514500,502600,9467500,4285000,4020300,7534000,2630400,2059900
2012-04-02,151741100,40031600,52756800,25434800,62056300,1433800,8944000,6107600,5883800,7541700,1752700,6716800
2012-04-03,155806700,45539900,52012300,20840000,58379300,833100,14774300,2724100,4099700,16822300,1325100,2338900
2012-04-04,146896000,54088100,65172400,20326700,49766700,461300,10095600,1620100,2297600,15975600,2054900,2045700
2012-04-05,137439400,42979900,31978700,13507000,45579600,456400,6364100,1646300,3658900,8967700,897000,2925300
2012-04-09,127555900,36908200,50062200,12950500,42343200,573700,14374600,1026600,2692500,8245800,1578100,1126900
2012-04-10,235360300,69254200,101228600,25615800,81350300,900500,14421300,2263600,4471100,14288500,1543900,2670600
2012-04-11,154133000,62950000,54346800,22972100,45581000,435000,8713000,1311400,2003700,10005400,2472600,1917300
2012-04-12,154321500,57407400,60728700,21024400,64008500,451500,9008500,1400700,2753500,9229900,908600,1373400
2012-04-13,169246700,55227500,53965200,27100500,64221100,461400,8607700,1012800,2767400,10041000,2228100,2097600
2012-04-16,147825300,57588000,44725900,20447400,62839600,1179600,7735000,2396800,3804300,6670500,1860900,1973400
2012-04-17,147877600,47362400,46737700,12959800,51806300,923400,5398600,2229300,2787400,7587100,1754300,1524000
2012-04-18,123884200,42536100,49008100,19804600,40456400,502900,4074400,2663500,3322600,7463000,1801500,1278100
2012-04-19,198666700,81110900,74260400,27862900,42080500,408800,5374300,1141800,2597800,9914400,1837800,2543700
2012-04-20,143199600,59906900,46632000,15499300,43456900,377500,5043300,663400,2241500,9148800,1648000,1649700
2012-04-23,171844900,70514400,62477000,23904000,63093800,746600,5170100,976400,2850700,8876800,1026900,1764500
2012-04-24,137484200,49661500,44810200,14529100,50567200,506100,4336600,1988800,2049300,5200600,736800,2618500
2012-04-25,150252200,57526900,50263300,21423800,45739900,681200,8859500,1709800,3351000,15093700,886200,2191000
2012-04-26,136291600,41799500,43147600,13428200,35715200,314300,5133000,1116300,2641100,10918700,851600,1885400
2012-04-27,130725000,46003800,46796400,16016300,40038100,368100,3112900,1601000,2413000,8906600,814400,2058500
2012-04-30,115092200,37787700,38093600,16865300,39795800,1820300,4198400,1733000,3989000,8007300,1377500,2165000
2012-05-01,138832200,37643800,60493600,15437300,37657900,864100,7214300,2430700,3624600,7414800,1495500,3024200
2012-05-02,121081000,38299300,52095800,15890700,35379800,1030200,3565700,2046500,2040700,5632300,1311300,1801900
2012-05-03,143759700,51297600,61487800,14260300,45671000,360000,3522900,1356300,1871900,13172000,1624000,2099900
2012-05-04,193927300,107554000,75093300,20026500,58478500,814100,6367300,686400,2381400,11389600,1968400,1480000
2012-05-07,127765900,50267800,47361400,21882700,44100000,490800,3228200,787200,1906100,4927800,5352400,1574000
2012-05-08,213377700,72659700,62939600,21062600,66820200,522300,6051600,1570700,1688900,17852300,3472300,1610900
2012-05-09,220752500,85715300,64431000,31090500,86829800,961400,5828900,2175700,3146800,13864000,3238300,2729800
2012-05-10,150600000,49448900,45697800,15309000,48337700,347000,6300000,1600000,3354000,7460100,1631300,2346300
2012-05-11,153032400,47099900,44862900,14493200,56290000,403500,5234300,2977200,2765200,8285600,1518900,2780400
2012-05-14,163910000,46360000,51220200,22125400,63048400,650200,8789400,1925800,4544000,13388200,5751700,2759300
2012-05-15,207629300,66908600,54317800,18011800,61529000,922100,6766400,2455300,5242100,13354500,8431800,2525400
2012-05-16,207265500,52825900,52659400,23983300,82693600,761600,6462300,2700500,6224400,16750700,1589200,2051300
2012-05-17,247992900,62253900,71665100,26475900,74320200,764000,14863400,2367900,8867800,18080700,1222100,3341500
2012-05-18,319615900,79496500,77636200,21407900,75155600,831900,10137700,1969000,6525600,12994200,2698600,2888400
2012-05-21,177861100,61473000,61384400,22460000,62509500,791600,9583500,1387000,4276900,7542400,851900,2124900
2012-05-22,197531200,62954800,59678300,17114800,52847900,538300,12475500,1728300,3675300,11302700,1387300,1767400
2012-05-23,204958400,56951100,66981800,42276400,72030300,658000,11744900,1870700,4320900,18854500,2929100,2668900
2012-05-24,167357600,83131200,54576500,27309500,57707700,417700,10256200,1212900,2183000,9697100,6060000,1369500
2012-05-25,135465600,32078900,33847700,13397100,47685000,370400,4723600,594000,1651500,6212900,1125700,1383000
2012-05-29,152883500,44216700,51160000,22042200,71172100,865400,5874100,2514200,4380300,11243100,1472900,1423600
2012-05-30,162370400,56431800,47891500,19349900,80092500,645600,17170800,1919500,2543300,16764800,1629900,1484000
2012-05-31,196186000,55260100,59563900,41638100,66528900,2994300,31174500,4629800,10706100,10114300,2427200,2127000
2012-06-01,253240900,71430800,76127100,34294700,79955400,2186400,23526000,3800200,5945600,27399400,3989700,3453800
2012-06-04,202545800,74119500,50123200,19574500,57106800,849500,11681200,2643900,3125700,11462100,4474300,3573700
2012-06-05,164149400,47916900,48270600,20139100,58858400,836700,12482800,2430900,2970100,8095300,2129000,2871000
2012-06-06,184202800,58781800,48638400,19868200,55300800,1492800,20806700,2499400,2334800,15771600,4778400,6758200
2012-06-07,184772700,38414800,57907100,18578800,49633200,631800,18898200,2929700,5454300,18921600,2158300,2191500
2012-06-08,143915400,39730800,50420100,14439600,39729500,468000,11239600,1713000,3738100,11074800,1569600,1696000
2012-06-11,169756100,51008900,52803000,19296200,51800800,1050900,10693800,1354200,5266700,9166600,4247700,2074000
2012-06-12,181931800,48802600,56599400,16053900,54033500,569700,10921700,926300,3648400,13241100,2263800,1951500
2012-06-13,172223900,50840100,62715800,16202800,43926900,1332100,11100000,1333000,3527200,10109800,1510800,1600500
2012-06-14,230615500,65170600,53619000,14670400,46464200,802600,7688200,1574900,3874100,11502400,2601200,1532600
2012-06-15,169444500,41536100,57935000,20066100,63027500,769400,6421400,1347100,2683200,13099300,1627200,1319900
2012-06-18,131360900,32191200,45656600,19122200,37552500,718800,6698400,996800,3628200,6733000,1065800,1754000
2012-06-19,137382600,36476500,66897000,23104500,50142100,1536800,8227900,2159200,2809100,6945900,1738200,2485300
2012-06-20,206451800,51389700,54642300,27983500,58814400,913100,13720300,2579000,3719000,16970200,6226300,2001800
2012-06-21,205272200,42492700,62486400,25741600,58815500,1655900,9776600,2229400,4843700,14447500,1815100,3072600
2012-06-22,130029200,29504200,41001200,16488100,33162400,1770300,7830400,1245600,3211700,6755200,2906300,2204200
2012-06-25,146375700,33136400,48620100,32410900,44292700,594900,6113800,1702300,3385600,6183600,1377600,3700200
2012-06-26,141634000,30611100,42495600,26606100,35913100,2395600,5359700,1642300,2357900,6123400,1480400,2121600
2012-06-27,108088000,35705800,38510400,19727600,28255200,3445300,5860700,2352100,1918000,4840700,1140500,1694800
2012-06-28,169242100,49793400,58183700,22778500,34183500,413400,5257800,2286500,3068700,8755600,997600,1726500
2012-06-29,212250900,44761300,71660200,31235200,78076300,646900,8881900,2348600,3394900,10378200,12446600,2215800
2012-07-02,129524500,33425600,53370400,30092900,38509900,1580800,7818500,2310500,3810700,3654200,3837000,3891600
2012-07-03,80450000,15895100,32322500,12175100,36099700,588000,5773100,808800,1987500,5037700,1382200,1586100
2012-07-05,126177500,37016200,42819900,14389900,33512700,1602600,5974700,1982300,2221300,5359900,3286300,1407800
2012-07-06,151192100,40684100,38530600,15075800,49424200,1146900,5818300,1533100,2612400,7045700,1221900,1617000
2012-07-09,103780500,35628300,34636100,16313700,34530600,495300,5647000,1119500,1916600,4468500,1016300,1785700
2012-07-10,167884800,47365700,49990800,20026100,48650000,631900,4288000,1385600,1832600,9747900,1004700,1534000
2012-07-11,141733400,43432000,40171300,19418100,37130100,825800,5960900,1210000,3188700,6838500,1200700,1630900
2012-07-12,143583200,57680400,55502600,21406500,45106800,840400,6421000,1716700,1989100,11394800,868400,2271800
2012-07-13,129642600,32357200,42114800,12613300,37182200,307900,4175300,1634700,2316400,5080300,970500,1484600
2012-07-16,97525200,27621400,31922600,12207500,26278800,349400,5283500,750100,2178900,5710900,1104100,1789000
2012-07-17,138860300,42467800,43662500,17158600,40019400,637900,5590900,2479000,4036500,13021800,3381500,2007300
2012-07-18,113349700,44489700,46045000,13588000,47417000,606000,4011000,2351900,3958600,6807600,1446800,1690200
2012-07-19,129847300,53017800,49405400,14039600,44699700,949100,5246300,3499900,4718200,6070000,2532100,2365200
2012-07-20,142904500,40573100,42314300,24165100,43769200,250900,6365900,1144600,2733500,8583800,2023500,1475600
2012-07-23,145210900,48657800,47367200,16082900,55593300,1675600,6141100,1328000,4561700,5256700,1534200,1342000
2012-07-24,173301200,57269700,55609200,18959800,46775500,905500,6748800,1333100,3447700,6538900,3086000,1941200
2012-07-25,129122300,46264400,37217500,10156700,34494400,1246800,5328000,2551400,2891000,9355900,1176600,1350800
2012-07-26,156526500,41928200,44745100,18177000,50710800,742000,6606200,1094600,4330900,7343500,2906700,1365900
2012-07-27,236768900,42621000,67297100,24134200,50860600,1072300,14685100,2952200,5556800,9772600,925700,1469300
2012-07-30,106782000,37821300,34785200,24850000,41406700,666000,6025300,2581500,3889700,7212100,5830200,1370800
2012-07-31,120575900,34588300,48933500,38450700,58788800,2209700,7448600,1563500,3530800,10919700,2325400,1782500
2012-08-01,138293800,30920200,63601100,17751600,49853100,977300,7972000,2583100,3598100,12714500,1254100,2666100
2012-08-02,199556600,40534900,43374800,23218900,50858700,620000,7972000,1500000,4516600,11538800,1708200,1637600
2012-08-03,157825000,42117400,52414100,26429600,60512600,765500,9084800,2259800,4602000,10670700,2597400,1730800
2012-08-06,86326200,23523600,34662800,15028700,37181300,850800,3673600,1596300,2864400,4610800,2365900,1768200
2012-08-07,109545100,28223300,50064000,17651200,43260000,1228200,6613600,4136600,3680600,5923300,1255400,2471600
2012-08-08,89754700,20723500,28011700,13491300,36569300,862800,7250700,2310300,3162100,3620500,2025200,1899300
2012-08-09,90291700,20726200,24045900,12183000,34528300,833700,7553500,2496100,2975600,3177800,1634500,1324000
2012-08-10,99792700,20312000,26068400,15265100,32246700,466900,4670500,1482700,1533600,4608000,2352200,987000
2012-08-13,79426900,19890300,31544800,15320400,40396800,729500,3543700,1127000,2007800,4573300,1402400,1448400
2012-08-14,102379400,24218700,26052900,10610200,26731300,642100,7994000,1593600,2381000,5075200,1152200,1586100
2012-08-15,71085900,29100400,27061400,14045700,18836100,934600,11191000,3995300,2580400,4993900,1643100,1079200
2012-08-16,112014200,35699900,46037700,13498000,37695800,861400,13240000,1895700,2914300,8838300,1953700,1362700
2012-08-17,90813700,22584800,33453500,17243500,46358100,784300,6341100,1734500,2222000,7812100,1078300,1773500
2012-08-20,78255700,26924000,32657000,10066600,28711200,1000100,4427100,1813900,2333200,7846200,1535600,2710100
2012-08-21,105581100,41391000,43743800,19489800,27937400,684500,9532700,2010000,2531200,11833100,1497500,1429600
2012-08-22,133243500,44555700,37611400,12494200,36551000,730600,11384400,2281400,1889100,13605900,1709700,1893100
2012-08-23,111466400,28800400,32208500,16203200,39512000,440200,7139100,883300,1141700,17237600,1348000,2421000
2012-08-24,99481200,38384800,25676100,15841400,34421500,311500,5001400,1335300,2082100,8497200,3640400,1946500
2012-08-27,68785900,20671400,23628400,12419900,23179600,467400,3906100,1879300,1883600,5380200,1914000,1191000
2012-08-28,75689600,27337900,28505600,14528900,24377800,615000,3412600,908300,1795700,5074200,1247600,1189900
2012-08-29,65421300,26672400,30858800,11418300,31372600,764700,3762700,1777000,1617600,9287700,967400,1198700
2012-08-30,96589900,24425400,24562900,24315600,36609900,642200,3886400,1888000,2022400,5813700,1634300,1375000
2012-08-31,151970400,42128000,34088500,26992000,41552000,912700,9192600,1766500,1801800,18024200,8719400,2484900
2012-09-04,120226200,32017200,69560700,23863200,32627400,1200200,6009300,3788800,3921500,12034800,7801700,1714000
2012-09-05,100660300,26129300,35103700,17360500,33041200,782300,3466700,817600,1541000,8401900,3261000,1612500
2012-09-06,158272500,43100000,46332500,23697600,47868700,1376700,6505100,2078500,3306000,12961100,3166500,2373700
2012-09-07,107272100,32958600,32012900,17210600,59898600,2748500,7335300,2192700,3403300,19138600,2027200,1648300
2012-09-10,86458500,25490000,30671300,12831800,37361500,1614100,4912100,1075900,2138600,7760600,2223700,3773600
2012-09-11,88760000,29810100,33164100,15417500,32692200,375200,3523300,2641500,4400300,7522900,1769800,3574500
2012-09-12,87640900,42203400,29751700,14731600,44014400,660700,7040900,1334800,1957400,9945400,1264800,3416200
2012-09-13,225470200,45417800,69437600,21654700,95670600,1458700,12280200,3618500,5946800,28336900,2082500,4467500
2012-09-14,169777000,38880300,46040200,36185500,85091000,1050800,16871600,3164800,3467200,16847500,3026800,4855800
2012-09-17,119427800,31798400,30183000,14851900,47652400,745300,5573300,898100,3075500,11281600,3610500,2430200
2012-09-18,98326600,27169800,32991100,16695300,37259800,578700,5366200,1563000,4099400,12486600,3701500,2344400
2012-09-19,128318300,36484600,29342000,17193300,39322800,437200,5903300,1237400,3306500,9125800,4359800,1972600
2012-09-20,154009800,42520200,34939800,21727600,46217400,422300,4604200,1165200,2122200,8703000,1676500,4285400
2012-09-21,108737500,23678500,38826000,21583300,49929300,682000,4144300,1305900,3121700,13361300,2142400,6134600
2012-09-24,95682000,32341600,54635300,16172500,29068900,943800,3627400,1191700,1867200,9177900,1786700,4512700
2012-09-25,133165200,41299600,74752200,22290200,49642600,471900,5893500,3287800,5726800,10365300,1354400,5153600
2012-09-26,146502200,32770400,42167400,22161700,44745200,444600,7193400,1162900,6554200,12064800,1892400,2693300
2012-09-27,111830300,25339500,33252800,20720800,40566600,295400,5147700,1720200,3882600,10539500,1759300,1542000
2012-09-28,150696100,30112600,43944300,43265100,55360900,612500,7173400,2519100,3668200,9681200,5470600,2903500
2012-10-01,135911200,37715300,43705600,18016800,40299700,1213500,4842600,3318000,5386700,10676400,6122000,5154300
2012-10-02,113422200,33254300,25792500,14274000,36829800,846500,3540100,2188900,3151900,7053900,1393200,2511100
2012-10-03,121283100,38236000,38568500,17416800,41571300,938000,3800900,6193600,3201000,5647600,2234000,2928600
2012-10-04,124311600,26128600,43327200,15963600,44450900,376700,6214800,1710500,1847200,10376800,1251600,2258000
2012-10-05,124842100,25207900,40981400,13420500,53557500,805200,8340700,1711500,2513500,8871000,1006500,1636300
2012-10-08,78415400,30911500,21062200,6656000,33006200,403700,1568400,715300,1143300,3749300,1075800,1825600
2012-10-09,148872900,67974000,45221200,15400300,44369700,387200,4752700,3132200,5777300,7750700,1360400,2292200
2012-10-10,124247500,45134300,32465600,13899400,51701800,318100,5429800,2418400,5431800,7361300,2341000,1984800
2012-10-11,123601500,30469400,38978500,13497700,41911800,1217500,5194100,2165200,2811000,5714900,975700,1537800
2012-10-12,124181900,24891200,31847100,9295500,35969600,427900,4934900,1712000,3696800,8266000,1238300,1741200
2012-10-15,107689100,22220100,34413700,21186600,35889600,635000,3036100,2144800,2378500,10704900,1350200,2209900
2012-10-16,108815500,33960600,29234800,19155600,54306500,585500,5398700,2177900,3536300,6204000,1157700,2355800
2012-10-17,128834100,33439400,35466500,15644700,58925200,597300,6932500,6454900,2971500,5203400,1258200,2665300
2012-10-18,148108500,61707600,31431700,18096200,48731300,1157500,8558600,1541400,1676300,6607100,1930500,2155900
2012-10-19,185645200,75362600,53565500,19565700,49582400,808100,7616700,1716000,2041200,13860400,1623500,2046100
2012-10-22,125578600,38621500,30682000,14263400,42518400,760000,6910600,2030300,3021700,6366200,1301000,1642900
2012-10-23,192056300,52591200,40737600,18033600,58436700,414600,5760600,1188600,3916900,11892500,1933400,1976200
2012-10-24,120179400,39872400,24472200,11683400,35063000,682400,6824500,2842400,4332900,10794600,1404000,1701100
2012-10-25,134457400,52688700,27794000,15728800,41000200,437300,5292500,1511200,2005600,7013800,1268700,2028200
2012-10-26,146023500,54213100,41402800,11745100,36208200,414800,5889400,1206500,4591800,6441300,1361500,2320000
2012-10-31,103438500,38524500,24879800,21750700,58457500,728100,5025600,1286500,2914100,4681500,6853900,2616900
2012-11-01,100995600,26945000,77113300,18856700,63484700,918300,3659700,1953700,2092300,6018000,3706800,2311200
2012-11-02,137702200,44083000,39322100,16524400,53942400,527200,3527800,1940300,2829300,14763100,1252200,2587100
2012-11-05,98378500,28094700,26861600,9714000,33477200,805400,2935700,2073200,3361700,6156200,2096800,1633100
2012-11-06,107068100,29608400,27342500,11045300,48097800,486000,4484600,1459400,1409000,16051800,1425000,1415100
2012-11-07,264304500,70737800,65095500,20992600,65258900,979800,10071000,1585400,3698200,13195200,1464500,2476300
2012-11-08,181517300,58585800,42653100,19833000,73473600,514700,8579500,3176500,5829400,8829000,1124700,1793200
2012-11-09,201055300,51542100,33030000,20872100,60594400,368200,5036900,2850300,3953900,7361000,2791200,2400500
2012-11-12,97677500,32663700,20155100,11864800,43640500,267900,2072200,991500,2066000,5647600,1251000,1182200
2012-11-13,123018300,43288300,34408200,14507400,56929600,1608900,2863800,1849500,4347400,6463300,1524500,1648100
2012-11-14,191505000,82655300,54653100,20602900,65058700,1477300,4694600,2445600,5017500,8510500,1166600,2489400
2012-11-15,178128400,55124200,55966400,15479300,56282800,1448500,5549600,2218400,6989700,10023200,1668400,3151600
2012-11-16,239483900,70873100,62748300,18052300,55419900,578100,4591100,2181100,4730200,6944000,1450900,2446300
2012-11-19,151495800,55306400,45621100,15934900,60801400,712300,3621600,2385000,9498500,6764500,2080400,2112300
2012-11-20,119807400,52012700,36928500,13642300,49350300,970700,4659300,3229500,4010400,5496100,1148000,2490200
2012-11-21,81710800,19611700,19254500,10368200,49863200,291500,2422800,2263700,2984700,3810700,1259400,1954000
2012-11-23,65409200,16462900,20093300,8397700,38725400,466000,987200,929000,1041100,6110100,828700,921500
2012-11-26,100124400,26430900,31180700,13682100,38361700,1522400,2799000,2412300,2160700,5377700,2169400,3668600
2012-11-27,128646200,25828600,39942000,13987200,39719300,579100,2544400,2243300,4194100,7314400,1531700,5494200
2012-11-28,177086500,37295800,51316900,23549600,45433200,1057500,3569700,1479700,6528000,12880100,1733600,5931100
2012-11-29,151085900,41136100,53043500,19765500,60142000,814200,2761000,1052700,3870500,7446800,1092300,3011100
2012-11-30,136568300,33497400,35722500,23565800,60627600,557800,3702300,2129200,3276200,8412300,2626000,3312300
2012-12-03,124656300,28240000,24959800,22076600,47979700,750400,5427800,3859100,5444400,6363400,2527400,3735500
2012-12-04,127512200,49584500,37225000,18736900,48560100,479300,2586300,2387600,3121100,10208900,1844900,2379700
2012-12-05,147300500,54076200,40376100,22117800,60792500,505500,1978200,1943900,4580900,10646800,1091700,2487100
2012-12-06,103220600,47512300,31829500,12963300,45175200,443700,2301200,2737400,2261500,7301600,1621900,2335500
2012-12-07,108726400,30089400,24123400,11949100,33920200,515700,4020900,1947300,2294400,7289500,2812600,2812900
2012-12-10,98840700,33219600,29173000,17617400,52020900,707500,2134300,2290200,2140700,4646600,1194300,1934200
2012-12-11,152570400,40750800,40262100,15684400,55722500,734300,3777900,2365400,3206300,4724000,1943600,2086900
2012-12-12,145880100,45917700,40570000,18266500,57451400,1165600,7119700,2390900,3305600,14164700,2672400,2335300
2012-12-13,135715000,45467700,33439300,13693600,55617900,862900,6381500,3635100,4898700,9332800,1420800,2614500
2012-12-14,137701700,39630300,28508000,18514600,39422900,380700,3832800,2844200,2741400,5351700,1641900,2544500
2012-12-17,143238200,42302900,35849400,22550700,55647600,660100,6870000,1983300,2195600,8173300,1235700,2315800
2012-12-18,177762800,55596000,53500700,24270800,61649000,846400,12024200,2278500,3409800,23995000,1583400,2532300
2012-12-19,150895400,34832500,49010900,19356300,50249100,675300,4880500,3112200,2566400,12991600,1644600,3408800
2012-12-20,168487000,40754300,50304600,18545600,57106100,377100,4567900,2545200,3191200,25148400,1829300,2695600
2012-12-21,245883800,51152900,54923200,22418300,66038300,499200,6087700,2649700,3187900,13445400,1932700,2252500
2012-12-24,53874600,11418300,10103000,7699100,18908100,903400,1071100,1902500,1221400,3699400,1091900,1802600
2012-12-26,106947700,21751300,24671600,11718000,25381900,780000,2247800,1642000,2257200,4961800,1077900,1724100
2012-12-27,167920600,52933200,35567700,14207500,41600600,446700,4262700,1556900,2332600,8937700,1973500,2305800
2012-12-28,148806700,33082100,34262200,18734500,42093300,552200,3928200,1894500,2426100,6852900,1542300,1990300
2012-12-31,243935200,57544000,67461100,22820800,49353800,1742800,6423000,1867700,2918500,11786200,4334900,3718700
2013-01-02,192059000,70695900,116410600,26056300,101185100,2561300,7472700,4058400,3975200,10431800,3008900,5286400
2013-01-03,144761800,47366500,45872900,23239700,66217800,2131900,10004300,3207900,3950700,16117500,2478800,3571000
2013-01-04,116817700,33972500,29852500,15522200,51087000,975400,9574600,4663300,2968000,19179800,3217000,2338700
2013-01-07,110002500,26766200,23693400,14102600,50598800,1387400,4193100,3832600,4137300,9361800,1727800,2243600
2013-01-08,121265100,28734900,23760000,15592300,48456800,364200,4380900,2534900,2179100,7694800,1681900,1533700
2013-01-09,90745600,25600300,27425500,12779400,38511200,517700,3870300,1867600,2183900,8334200,1681200,2134400
2013-01-10,130735400,37528000,39753000,17718600,44170700,689100,5602800,1439900,1684300,11432600,1740600,2824100
2013-01-11,113917300,21158600,27322400,12624700,54701600,553900,4770700,758200,1982600,13675600,1492200,2022000
2013-01-14,89567200,36768500,24351900,9980400,63801400,971700,3064600,1569400,2182400,7289000,1996600,1787200
2013-01-15,93172600,31675300,34704100,12534000,55408900,428800,5357800,3042900,2136000,10077800,3970300,2101400
2013-01-16,104849500,33822300,20881400,12907000,32090000,534000,4286100,4199900,3272700,9214700,3361300,2384800
2013-01-17,133833500,32024200,34219400,14936200,39873100,436100,7019200,2225700,6058900,14911400,1419100,2421900
2013-01-18,169906000,31992000,23256900,18844000,51709600,560100,4660000,2704400,2836800,10038100,1631600,2277500
2013-01-22,111797300,32123100,31589000,12090100,46493900,595400,3874100,1730300,2295200,8587900,2017900,2187400
2013-01-23,104596100,31975700,32818900,10139900,32607900,603600,2848800,2446600,2227900,6697000,1704100,2383100
2013-01-24,146426400,42596300,39814600,13640100,38920500,376300,4178900,1873600,3175400,13188300,1555000,2346200
2013-01-25,147211600,39240100,34620300,16643500,52779500,570600,8750700,2434600,2525100,9037400,1470300,2095600
2013-01-28,113357700,32926100,42633600,14802900,56862100,1328000,6059900,2434200,2331000,8491600,1456900,3364700
2013-01-29,105694400,35554700,37055100,13403300,46274900,480600,5553900,1424100,1514300,7364900,1536500,2343700
2013-01-30,137447700,34445000,39299300,18943400,47812800,453200,9586800,3009300,6595600,12010000,2555200,1872600
2013-01-31,108975800,34870500,36924200,22252200,51081600,902500,6789200,2804100,5963700,9334000,2636100,2186400
2013-02-01,131173000,53120800,33925100,19989200,50348500,2587800,10928600,4589000,5713000,12904300,2975900,3376600
2013-02-04,159073600,48483700,27006300,18125200,48193600,693400,9291900,2581400,3878000,7354900,1753700,2827500
2013-02-05,113912400,35120300,26551000,15418900,41440100,797700,6676500,2814700,2590900,8979400,1421600,2401200
2013-02-06,138762800,43593200,24297800,26336000,52411700,816800,5892000,1970200,2850500,6138700,2511400,8277600
2013-02-07,162490000,46017900,30206500,21947700,47884300,970000,5951700,1680000,4071400,12827200,2184600,1793400
2013-02-08,103133700,39837200,25189600,18326200,36378000,952800,5603400,1496700,3220400,6085900,1562500,2799900
2013-02-11,73775000,17650400,15722100,12677200,25661600,558800,3679900,749100,3146100,12083500,1981400,2177700
2013-02-12,65392700,22057900,19792700,11534200,40661300,531500,4513700,1520200,3490600,7632300,2520800,2357700
2013-02-13,82322600,23494700,22591300,8955200,32068400,610700,6586400,2317800,3672200,8961300,1532000,2525900
2013-02-14,80834300,24478800,22359300,10409900,28975200,988000,7096000,3180500,2731800,12410200,1387900,2169200
2013-02-15,215226500,25333600,29339100,12095000,42285100,681700,5861800,1363600,2483000,23374100,2421000,1504200
2013-02-19,95105400,23436500,21162300,20173800,55626600,498800,7383600,1842300,3074300,11803900,2252600,1673700
2013-02-20,160574800,38200300,41753800,17523500,47496700,869900,9603900,1369800,3830300,30924000,3037500,1764500
2013-02-21,183257000,45855600,45067400,34195200,78468500,681000,8297400,3578100,7185300,17964800,2358300,2185700
2013-02-22,106356600,21968000,24762300,23364000,73001800,412800,5316900,1914300,3367000,10093200,1897900,1941400
2013-02-25,245824800,40927600,53492800,40205000,81527900,2909000,15948700,2643500,5259300,9488200,3079200,2550400
2013-02-26,186596200,42088800,47522800,25416500,69633700,860900,9822100,1574100,4075600,18182300,2745100,2382800
2013-02-27,150781900,36339500,41192300,16819600,45986600,398800,7459600,941400,3681600,9596100,2564300,1551400
2013-02-28,126866000,28557300,31208800,17815100,43961100,534400,6023400,2231100,3822000,14864400,5327700,4566400
2013-03-01,170634800,31617200,49278200,18241800,52273200,876500,7786800,1363700,4833200,11178800,2641200,3862400
2013-03-04,99010200,19380500,27577000,14580300,43730400,572600,4511400,1733400,2222500,6643800,2031000,3141000
2013-03-05,121431900,35581900,35612300,16168000,49300100,224700,6539300,1395400,3733400,10804200,3225400,2835800
2013-03-06,94469900,29071100,28483000,17189600,42439500,1091700,6514900,1014700,2118000,10856000,1621800,3021800
2013-03-07,86101400,21775900,27907700,11797900,44079200,804500,8526700,1964000,2124900,6586700,1534600,1923300
2013-03-08,123477800,26159900,38066100,23305900,61841100,1651900,15423600,2526900,2464100,11859500,2571900,2473300
2013-03-11,83746800,23187900,26716100,10873200,44046200,1465800,5815800,2632500,2782800,4810700,6676400,1712600
2013-03-12,105755800,27575400,21489000,16015600,50934700,525300,9264200,3172900,1526200,7265700,3456200,2190100
2013-03-13,92550900,34297300,28662200,20517900,80500000,1116500,7371500,1958600,1431200,7436400,3080000,1785000
2013-03-14,126329900,31530800,24747300,12158300,40119600,557400,9352100,1669600,2954100,11410400,1860500,2647700
2013-03-15,138601100,30752600,35361700,18191100,61240400,1184700,9673400,1188500,2024300,5701300,1869300,2243800
2013-03-18,126704300,36163000,36700800,25132800,69344000,1442000,9152200,1665700,3000600,9302400,1485500,2398300
2013-03-19,167567300,33125100,51516400,25745200,81729400,545300,11986200,1354600,3742800,11023400,1687100,3055200
2013-03-20,113759300,28035400,27958600,16134800,53647100,742800,8543900,1905100,2553200,8221500,2177200,3110100
2013-03-21,128605000,30050800,37122600,18106800,50647800,669700,6119400,1854000,3532400,4992000,1375800,1723800
2013-03-22,111163600,28837200,33429900,18090400,41763400,297000,6323800,997900,2201500,4746300,1133900,3143500
2013-03-25,151322300,24909800,36680500,31933000,46751300,319500,5839800,1089700,2131700,6819100,2103000,2676500
2013-03-26,86856600,19725200,26348000,15040700,55547100,546300,5093200,918000,1169400,7388700,1416700,1722600
2013-03-27,99950600,22539500,28461800,14990300,42991800,623700,7742900,1847200,2195100,6717000,2456700,2463100
2013-03-28,102932800,23662800,24160700,28690100,43219200,378400,5826400,1874300,1959100,6851200,1560200,2632300
2013-04-01,99194100,28112800,59660300,24852900,48386600,2471100,6113800,5877400,3823000,4288100,1980700,2501200
2013-04-02,101504300,29431900,47917200,19636600,39392900,984900,5438000,1319200,2528700,9398300,3237700,2546100
2013-04-03,154167400,35131200,65441400,16961000,66774600,1234000,9527400,1421000,2773100,15740800,2111900,2215900
2013-04-04,131885000,32287400,37706300,14924900,72963600,584800,9365700,2660900,3040600,12429000,1327100,1905200
2013-04-05,159666000,55610800,46418300,18160400,93360600,663800,18626200,3268500,2243800,14491800,1205300,2288300
2013-04-08,86571200,17891600,28886500,17117700,46406900,858200,8020300,2276800,2346800,6246000,1179300,1773500
2013-04-09,101922200,30931400,36828400,17406300,77324700,507800,7176100,3157000,2985400,7042200,1302800,2537900
2013-04-10,135711100,55271300,50119600,18195500,49605200,340900,10765200,2181600,2932600,18507400,1260800,2088000
2013-04-11,110142500,37233600,32619000,19865300,46004700,1132200,7501800,1496900,2676200,8063200,1748800,2425000
2013-04-12,116359900,32783700,41931800,16777400,109321200,827700,9253000,1358900,2040900,55601800,2923900,1618800
2013-04-15,217259000,48795800,100204000,22699900,69582100,587300,12948400,1024800,3910600,93804200,3652600,3345500
2013-04-16,147507800,27682600,58061700,14675700,51188300,1226700,6553500,1629800,4138300,45650800,4928900,3296300
2013-04-17,226834800,60204800,77710600,30730800,87858500,988300,9020900,1373200,5778600,25444100,1478900,3039700
2013-04-18,167583200,56798200,58516600,19211400,47811900,705600,7009500,1656700,2476900,20040500,2616600,2616900
2013-04-19,149687600,43062800,44931600,24725900,50232400,750500,5474300,877900,2474800,15659300,1957900,1621200
2013-04-22,106553500,34412100,49190300,16899700,33583200,379900,4519400,1271500,3641900,16568500,1996500,2638500
2013-04-23,166141300,53078300,55313200,21257700,64692700,449800,8042900,1659700,2217400,14644900,2551900,3312300
2013-04-24,96781200,44500700,41020800,18269400,51542700,279400,3673600,1366900,3872600,10369300,1714400,1750700
2013-04-25,131060600,26437100,36543300,20079200,41501800,293300,4297800,1067100,2453100,18886900,2094300,2981700
2013-04-26,95918800,24079800,32405600,13910200,51739700,433300,4898800,1294500,2679000,19307800,2222900,2601000
2013-04-29,88572800,31664000,20791400,14721000,43874800,810000,4916000,875700,1785300,11004500,1131000,1889800
2013-04-30,116010700,30135800,30488500,22261300,80948900,752700,4477400,2347500,2953100,11284400,1900600,2439700
2013-05-01,138874200,28537200,120177800,19104600,64532800,803600,10724600,4063500,4812400,13931100,1693900,6260100
2013-05-02,96407600,31744200,38830300,18247200,46989800,921300,4171800,1799000,3368200,11502200,1538800,2590600
2013-05-03,144202300,34061700,51981000,19161200,57682900,879500,11283600,2882200,2407400,11667100,1188300,2878800
2013-05-06,66882100,19244300,26893800,7583700,31402200,434000,5121900,1839300,1458700,7730300,7015100,2427700
2013-05-07,90359200,25838100,29920800,15724500,38932900,544000,5049200,3886100,2590900,13627400,1380300,2442800
2013-05-08,97419200,24252100,37669300,17768200,47973100,1114400,5732900,2379000,3801200,11161100,1423400,2703100
2013-05-09,106738600,29337200,32331100,16372400,40290500,587300,7527000,825800,1644900,8263000,1137900,2255800
2013-05-10,103203000,20663700,39288900,15403400,44867100,529700,11689000,2808200,4654400,14650600,1402400,1706300
2013-05-13,81843200,29730100,22522300,11911400,51315300,417600,8050800,2498400,2710000,6714100,1380000,2114100
2013-05-14,119000900,36009800,33539600,26158800,39457200,876900,9236100,2325000,4473900,9895700,2765800,2081600
2013-05-15,120718500,27214400,34000200,15961600,54677500,768200,14608600,2081600,3179800,19062400,3652200,2836800
2013-05-16,109913600,27253400,42053300,16669100,34833500,697900,8458400,2916500,6036800,12759200,1532000,2485200
2013-05-17,129801000,31114500,35675100,12925700,37786100,365800,7435500,909500,4313300,20346500,1141500,1717700
2013-05-20,85071200,25132400,25027400,16117200,33022100,1440000,5839800,2097100,2086200,21594000,1530400,2534100
2013-05-21,95804200,25900000,23596700,15283700,39757800,530600,7781800,2007700,4666500,14542500,1199900,2321300
2013-05-22,244031800,59843200,68650700,21713500,95248900,1797400,18361500,2886300,5243800,25975200,1302700,5514100
2013-05-23,211064400,48222100,44524500,27055200,84326400,950100,9207100,2568500,3294400,10267600,2251800,5071800
2013-05-24,151573900,26430300,33332500,19956800,70236100,349800,5357600,1090900,3420400,5522600,1968100,3020000
2013-05-28,143679800,27057100,46121100,20275800,51418200,1157000,13567500,1683700,3486700,12466400,2486900,3666200
2013-05-29,160363400,32090300,40491500,18099400,71460900,1588400,11298600,3574100,10958100,8762200,1150400,5983200
2013-05-30,107793800,32390500,30620300,27382900,57619400,578000,10011800,1759000,5462100,8611700,1874300,3753500
2013-05-31,176850100,38347600,38953700,36549400,109498200,1639400,18158800,4297500,6809400,9726600,5156100,6474200
2013-06-03,168390700,47613100,87088500,30340700,103868200,3269200,15564500,10863900,14320900,9173000,2813800,6934600
2013-06-04,157631500,35251900,68206900,17024400,61790500,1235100,7504300,3726500,7927000,5505200,1526100,4116400
2013-06-05,211737800,48654200,58967500,28821600,88096500,1298900,8056100,4575200,10309200,7444900,2641500,4197000
2013-06-06,200225500,62524100,46335300,24386900,79388500,2471900,8925200,2500000,11849800,9847700,3320900,5111000
2013-06-07,188337800,31969800,44757500,19245200,83416900,652300,10459300,3159800,8879800,11054400,1316900,3588900
2013-06-10,105667100,25390000,32136500,14559800,94653100,694600,7892600,2911100,7678000,6142800,1086400,3347500
2013-06-11,159505400,40278900,43461300,16619000,91969100,756100,12841200,3983700,9065200,7199300,1148700,4747000
2013-06-12,177361500,42081900,58446900,14378100,110462700,528700,10193200,3469000,9193300,6550600,3855200,3558600
2013-06-13,163587800,28221500,47768600,20158400,109955800,1180100,12506300,2474400,7526400,7161800,2189600,4603500
2013-06-14,141197500,27690700,37838400,17334200,101834900,599700,6679100,1283900,3909200,4278700,1542800,3547000
2013-06-17,136295600,32441900,33308600,17560400,59802800,478400,5982100,1868600,3830700,4072300,2642800,4148100
2013-06-18,114695600,24853100,40520200,13168500,57237000,429000,5192700,1748400,3609700,7379300,2653200,4303700
2013-06-19,206149500,43145100,43193500,33232800,106460000,1281500,17138200,2823000,7971700,13017800,1080200,4929600
2013-06-20,321255900,60908400,76262300,40517100,151378100,1982500,27898500,6649600,11094000,28872100,3419500,8148100
2013-06-21,271956800,51558900,66115300,30474300,122377400,1777200,19781000,4107600,9245400,16600000,3324300,7812200
2013-06-24,222329000,41492300,58774600,24351500,105810400,2731500,24588900,6063600,12116100,12749300,2212800,8414700
2013-06-25,162262200,28897400,32418400,24494900,81147700,772000,11078000,3653200,6233300,9369200,3226100,11383300
2013-06-26,134848000,23742300,33752300,27142000,79737000,1015300,13582200,2010000,5527200,24748800,3087100,6721700
2013-06-27,129483700,23545000,40852300,17753800,95787800,949000,12026000,1544800,5578600,30001900,1182000,5114900
2013-06-28,160402900,28301100,46135800,31174100,92251600,1017700,12017000,2960300,6112000,32981900,2842400,6234200
2013-07-01,131954800,24942800,37805800,15315900,64188900,1127100,5500400,2849900,5213400,15945200,1321500,3141000
2013-07-02,154863700,23067900,36848900,13492800,91594600,385400,5333900,2214800,3799800,10550300,1615800,3707600
2013-07-03,75216400,18847500,19153600,11748500,51565400,1233200,3839000,2132000,1679600,6750300,1382900,2446400
2013-07-05,122416900,28795900,29427500,10197800,94284700,924100,14511900,2500100,3312600,11592500,2627000,2506100
2013-07-08,108092500,20558500,30905300,11993200,63868900,1137200,8044200,3096700,5638400,8652200,3575400,2918000
2013-07-09,119298000,26108600,36010700,11624200,68925700,558400,4700400,4037000,6127700,8201400,1077600,1955900
2013-07-10,121410100,25598900,36061100,16162300,72780900,1005500,10792200,2908800,6529900,14697100,3148900,3267800
2013-07-11,135592200,47768900,34434200,20284600,99047500,818700,10035500,2179100,5865400,11279400,1427200,3844300
2013-07-12,104212700,31412600,28584000,15189800,48446100,1919500,4730800,2008800,5788300,6583800,4106300,3398200
2013-07-15,69450600,19783600,30786600,17063200,78940600,563700,4574800,3308200,6791500,4133200,1477600,2942200
2013-07-16,88702100,31747100,38630800,10894600,59925000,713300,3650200,1625900,3292100,5577300,1308400,2946400
2013-07-17,92873900,24631500,28476600,13744500,64775200,696300,5932000,1248400,8660500,10882400,944200,2209600
2013-07-18,103620100,36278800,32034100,11036600,63396800,717800,9066400,1119900,6825000,6150900,1176300,1931600
2013-07-19,103831700,37732400,22806600,23299300,56381200,459500,8523800,2734900,2603100,5767800,1327400,1864400
2013-07-22,79428600,21135900,25854900,16518900,60947300,450300,3972600,2235900,3888200,10851900,1807600,1934800
2013-07-23,80829700,24739500,26309700,11132000,69873900,13316500,5015500,827300,2483700,8820100,1237700,1402800
2013-07-24,112914000,24426900,31809700,12887500,73854100,837400,8853100,1960700,5249800,9979100,1429000,3115300
2013-07-25,111088600,23162200,46093900,14467100,45387700,712300,6443400,2109200,5995400,4702400,1215100,1760800
2013-07-26,107814600,20885600,23036800,15499000,37847700,544900,6795500,1022700,4213600,6148500,833600,1586800
2013-07-29,79695000,20958400,30360800,11063600,50232900,420300,6397800,2211900,3850100,3554100,882200,3562300
2013-07-30,85209600,24104600,26311000,10712500,38655400,306800,3635400,1331900,4239400,4487700,1729200,2362600
2013-07-31,142388700,25007600,38330400,22989900,81129000,930500,10483100,2282100,4076500,16015300,1257700,3443900
2013-08-01,110438400,16880000,34487100,24484500,81917200,1177300,13568600,1845700,4616600,10564300,1856300,3445000
2013-08-02,91116700,18105300,22983000,15475000,46528200,4360000,9568400,1772000,4309400,6466300,1216700,2578300
2013-08-05,54072700,15462800,14985000,11483000,41164800,390400,6611800,3111500,2231000,4003900,1031800,2831300
2013-08-06,87495000,23675400,24689300,18325300,51415100,257000,4589000,1047200,3398800,6016200,1781400,3889300
2013-08-07,84854700,20281200,23362200,11989700,54242300,493200,7183400,946000,2253300,5304700,1298100,2021200
2013-08-08,102181300,19994000,27640300,12612700,75526500,804900,5510900,960900,2857100,8653600,1150200,2476400
2013-08-09,91757700,18558500,27686900,14951500,56199400,557600,3623400,539600,1765600,6192000,1063700,2893000
2013-08-12,68593300,20515900,18960800,13785000,61381800,400400,7562800,1042800,3840800,7414300,887800,2709000
2013-08-13,80806000,23917000,22812900,13189100,61264100,566500,11485600,1221600,2290500,7336100,917800,3778200
2013-08-14,79829200,29921000,23629000,14258600,48288100,1672300,6431600,1723700,4605800,8713200,1693200,2538300
2013-08-15,152931800,39406600,50044500,23650000,59751700,15452300,11846300,1793800,6446100,17226300,1724200,3630500
2013-08-16,130868200,23825000,36059500,15219600,72806300,1066900,10175900,2469000,6922400,14447100,1708400,4256700
2013-08-19,96437600,29586900,25184600,13596700,53829000,892200,9022000,4884400,6536300,8118400,2371900,4763500
2013-08-20,89294400,18842800,32450400,12885800,53697600,1221100,10050100,2100500,4208300,7809100,1334800,4124500
2013-08-21,159530500,30705100,41452900,12755200,108745800,945100,13248800,2310800,3098100,10720200,1423700,4437200
2013-08-22,101471400,17269500,24006100,8041700,57470900,755100,8751200,2507700,4049900,5741800,1673100,2499500
2013-08-23,90888900,20697300,20801100,10141600,57345100,991100,17441200,2327600,3370400,11623400,1384500,2917800
2013-08-26,89702100,27525500,23376100,8471000,42254600,512600,5879100,1385700,2365400,7692100,1190000,2925200
2013-08-27,158619400,40068900,47269300,18839100,89367100,532500,11573300,2398500,3578500,11283300,1878200,3355100
2013-08-28,108113000,20490400,28927500,10521700,69409900,761700,7497900,2488300,3860600,13650400,2376700,2142600
2013-08-29,119200500,27287900,27628600,10555800,63988700,470900,6672400,2273100,4012900,7939400,1251800,2334600
2013-08-30,134928900,26228500,43334600,21045300,104219900,1038200,8987600,1668800,2486900,7680000,5229600,3852400
2013-09-03,142375100,27241500,37995800,18912700,62694800,796000,12084300,5473600,9986800,8100700,5447200,6455100
2013-09-04,97389400,27142900,22580800,11868800,60083400,824400,4579600,2335000,3507400,7785400,12295700,4261500
2013-09-05,63090500,17809700,22770200,10523400,59046600,1722700,12290600,2703800,3622300,11118600,1297400,3024700
2013-09-06,159756500,27715100,36792000,16398000,75420400,1033900,9478400,1960600,4713800,8448700,2600500,4582200
2013-09-09,87559300,25161900,27358500,17398000,116120500,764300,6874900,1615600,4227400,5090500,2148900,3579700
2013-09-10,105847200,27619400,25126300,15972400,80651200,1895300,8069000,2115900,5287100,8433100,1288800,2905300
2013-09-11,94545900,28132900,26412500,11864200,73495900,885300,8962400,2301300,3514200,5046600,1521400,2568000
2013-09-12,83209000,18332700,32707600,16745000,58460500,796800,6254400,1860200,3594500,12944000,2274300,2628600
2013-09-13,72727800,16932500,29478700,13590900,44927100,1166500,6106200,1255400,2789300,12060400,1148600,2582600
2013-09-16,106299200,25704300,28755900,18909500,68924400,1855200,8231600,2311100,4331300,9829100,1427400,4413800
2013-09-17,82523300,27174300,28901400,10370400,46999400,943300,8795300,1020100,5978600,8135500,3673300,3328300
2013-09-18,203460600,31714700,46237100,21359000,113370100,1341800,19749200,5100000,7476300,24780000,1473700,4452500
2013-09-19,146616900,26435700,34775900,19195600,100087700,1592800,11627800,5030300,5821100,14353900,3198000,5138400
2013-09-20,132867100,26328900,49522500,18878600,77275200,300600,8421000,1089700,4033900,19558200,1424600,4082500
2013-09-23,104616500,30319400,47759700,17860700,61143000,2003200,10242100,3719000,6564600,7421800,3697100,3523100
2013-09-24,106333100,21871300,45267000,14979200,43438700,1149800,11446600,2576200,7947700,7349700,3354800,4447700
2013-09-25,117306500,22746400,37106600,14478100,56353100,569900,8130900,1931100,3535700,7519100,2383300,2626300
2013-09-26,77146900,22421700,29490600,15653800,54419200,568100,5117100,921300,4751200,9491300,1226000,1465400
2013-09-27,99141800,25151600,30296400,17705800,69028500,2349400,6460000,1194100,6779700,7430200,1619700,3412300
2013-09-30,143937000,28031900,45771700,22274400,93884500,3785200,8438800,1800800,6248900,8979000,17407400,3804700
2013-10-01,127160000,33129700,39344400,15392400,62524700,1937000,7592500,3172400,5743900,16721100,6424400,4416100
2013-10-02,113350000,25503800,30622900,12620200,46985900,799900,5967200,910300,2765700,11994200,2193100,2604000
2013-10-03,176698000,42998200,57799200,16212700,51161500,651800,6648900,1411600,3169700,11632900,1212500,6150600
2013-10-04,96878000,22852700,25902800,11699000,36780900,1160900,5545300,569300,2048300,6923700,1224500,2389200
2013-10-07,96295000,20227100,32924200,17360800,51699900,454400,5761100,1374600,2391700,6732800,1691800,2267400
2013-10-08,178015000,43660700,61365000,19635600,66218200,818100,5904000,1667900,2944700,6999700,1774400,2622000
2013-10-09,168973000,64526700,52604900,19659500,67258400,506500,8439000,1017300,2973700,10705100,2811500,2896600
2013-10-10,195955000,48062700,53157800,16423300,99094900,649100,9944100,1978400,2899500,10523600,1180600,2370200
2013-10-11,105040000,25214100,43197100,13279100,42764200,850100,6500800,3275900,3293900,15972600,1076900,2111100
2013-10-14,112106000,31471900,38774800,7213800,43319800,183200,4205600,525100,1003900,6118200,1560900,2278000
2013-10-15,155485000,38684000,42263500,15599400,54388300,368100,8291000,1430400,2310100,8384200,1346100,3231700
2013-10-16,161676000,46735900,34333600,17389900,64749400,2339600,14460200,1395200,6949700,8523400,2097700,3066400
2013-10-17,129389000,32193500,38967200,21850200,58641300,2950500,11303400,2697900,7277900,11785100,2061600,3258600
2013-10-18,138316000,39628200,39496400,16283000,55660500,582600,9487800,1071200,2873800,5350500,1289600,2685200
2013-10-21,104104000,31176900,29198900,11068000,44243400,321700,6161600,1031400,2471400,3395200,1468100,2276500
2013-10-22,126663000,43944800,38112600,13015200,74992500,484700,9708500,1372100,5488400,8849000,1276000,3611600
2013-10-23,105484000,38021300,32275300,13384700,69411000,280800,9163100,1514800,2434200,5092200,1036800,4650000
2013-10-24,70350000,23155100,24711800,11820900,57466500,591200,7631400,1500200,2284400,10221400,1128100,1600400
2013-10-25,93625000,35824500,21321900,16688300,45414700,552800,4429500,708700,2026000,8767900,1197600,2213000
2013-10-28,84979000,28618400,22512200,9936700,44569400,600800,6466400,2958700,1697900,6807800,1137200,3347400
2013-10-29,87401000,36878100,30026900,12121400,32543300,274700,5270500,1584300,1864600,5328500,2494000,3174900
2013-10-30,140002000,33535500,46076600,18774000,55442300,1753100,10199300,1436200,3691100,8896000,1106100,2466500
2013-10-31,133795000,31309900,47370000,22366900,68089000,893000,11452100,1072800,5846500,7753300,2376000,4039600
2013-11-01,142805000,30867800,117030400,18921000,83621600,680100,11349500,1965300,7882000,9566200,2624000,3448800
2013-11-04,85677000,16834000,31960000,27539500,35360700,437000,4733200,772400,2025500,3819300,1648500,2640800
2013-11-05,85825000,27975600,26643500,13129600,73296100,656900,8753400,1264700,2770300,4941200,1522900,2533800
2013-11-06,87348000,25576800,31773400,16260600,61350100,692700,5643000,1060000,4936700,3544900,1702900,2256900
2013-11-07,157000000,52173200,60459700,22820200,94546100,415000,7893700,1337000,4802700,7700100,2842900,3236900
2013-11-08,136713000,31470500,48147500,15873000,79167700,2497700,16889900,1634000,4191100,8427300,1453000,3577500
2013-11-11,62614000,24822900,19897700,14206100,58492300,144000,4927200,1241500,1607600,3277700,1045400,2243000
2013-11-12,83990000,20108500,28075100,13391000,81455800,1052100,4839500,2301900,2148900,7705600,1606600,2269900
2013-11-13,103844000,31345900,36465900,12669400,69898800,1122700,5782900,4339700,2795100,5967000,1313700,2547100
2013-11-14,103435000,31101200,33226800,14537100,87793800,694100,8895500,1355100,4216800,7669700,1524500,2483500
2013-11-15,102818000,20511300,27518500,25278400,94070900,359200,6344800,1451200,2990600,4660700,1369400,2140300
2013-11-18,104796000,31679600,35509600,12776200,80437300,2853000,5451300,3003900,3694600,6241300,2611100,1739500
2013-11-19,93891000,25545300,36081300,10664300,59573100,559100,7251100,914200,1415800,3666500,1426900,2202800
2013-11-20,124909000,32177400,43376700,18220600,62635400,1562700,14190900,1881300,2470600,14281000,1313500,2922700
2013-11-21,92841000,28125000,45585000,15963400,51401400,804800,8903000,3320600,1895800,7557500,2304500,2998000
2013-11-22,81296000,25361300,28786400,18657100,49745300,807900,7950700,1190900,1649200,6774400,1999100,1919400
2013-11-25,79486000,21695100,22968600,11835000,59685800,487400,3755500,1189200,2813900,7266300,1378200,2934200
2013-11-26,86994000,26621000,30760700,14620200,37990900,425400,6659200,1044500,2835300,9053300,1754900,2673400
2013-11-27,58800000,21638100,29099600,9667100,45419400,476900,6063000,2387900,1845300,6144600,1040100,2990600
2013-11-29,55870900,16708900,15675500,13964200,41826600,652100,5084400,741200,958700,2364700,1029700,2259600
2013-12-02,99726000,26354600,43155200,17686300,67975400,2912200,7527800,5714000,5748100,10297100,5001000,3659000
2013-12-03,116563000,37147000,36930700,14776300,108126900,477200,5076900,1164500,2710300,7004800,1399600,2246800
2013-12-04,123033000,37193200,40609500,18603800,62378500,943600,8502700,1705000,3076100,9110700,2137800,3189600
2013-12-05,106934000,39829300,37926700,13115500,56729300,374100,7445700,1234400,5354700,10254700,1672300,2622100
2013-12-06,127728000,36842900,36471900,12965100,75512400,415600,7352000,737400,2487900,7909500,1050000,2022500
2013-12-09,70124000,22590000,31236500,11275800,56365100,540900,5678800,590100,4313000,5510400,2037300,2326100
2013-12-10,80976000,26965900,34938800,13978200,44343900,334700,7040400,1171600,1473200,9155600,1973700,2439600
2013-12-11,130591000,36830600,47181600,14151000,74628400,371700,8190900,1087800,3586600,9934900,1964800,2789100
2013-12-12,115565000,33662600,37706200,14118200,62076500,1156200,6208600,877300,4268800,8810800,1840200,2746100
2013-12-13,107808000,34072000,32980300,12214200,62277400,434000,6471300,904000,3523200,6482100,1585100,3165400
2013-12-16,96195000,24902500,33991200,13338900,59551600,572400,6376400,1593500,3108500,8189500,3035200,2571400
2013-12-17,89886000,24454900,32399800,15966500,53390900,694800,6014400,1500800,2799900,8589100,9614600,2640100
2013-12-18,234906000,68387200,52979000,28970800,107981900,1997700,12973200,1946900,4893500,16265000,6495600,4120500
2013-12-19,136531200,44964100,32871100,20647100,70838100,978700,6708400,2493300,5775500,15955400,2614300,3297500
2013-12-20,197087000,40475400,48770500,18427500,86690800,510500,12425700,1269700,12743900,14693700,2716700,3832900
2013-12-23,85598000,28181800,37049100,15767500,56621800,5238400,6378600,1204900,5525100,6237300,2961900,4183400
2013-12-24,45368800,13852500,17371200,6708500,18409100,770600,4897000,1003500,1281600,3353900,1252600,1801200
2013-12-26,63365000,15241100,19670000,8510500,24739900,787500,4645300,2268000,1577400,3868400,1759700,4333500
2013-12-27,61814000,15827400,20069700,18585400,35691100,640400,4755000,2463600,1357300,4206200,1865900,3277100
2013-12-30,56857000,18983700,28917400,14432400,39861800,1328000,4491700,2790000,1888600,6703200,3367600,3603900
2013-12-31,86119900,24890500,38357200,21704700,38839400,1553600,7218600,1658600,2413400,12835900,2268200,5576900
2014-01-02,119636900,29177500,44247700,26240600,138488400,1161800,8580800,1887700,7412500,7551000,2064400,5829600
2014-01-03,81390600,35723700,26468000,19270100,83579700,637500,4083800,1695800,1903300,5874400,1797200,2771700
2014-01-06,108028200,32073100,36198000,14737600,55735100,666200,7796200,1171700,2622700,10106500,1790400,2917500
2014-01-07,86144200,25860600,28545300,12075700,57341500,1055700,4428100,1086500,3953000,6433700,1257200,2582600
2014-01-08,96582300,27197400,30763600,17555600,63182600,1216700,8513000,1067000,4540500,7428500,1346800,3368400
2014-01-09,90683400,23674700,29872800,13128600,74405200,806100,6991100,1216000,3036600,3972800,1185300,2543000
2014-01-10,102026400,38008900,29174600,19676400,110244200,713300,13197400,1736900,2423900,7993200,3678000,2683900
2014-01-13,149892000,48842300,45370800,19464700,62209500,581600,9667400,2109900,4716600,5872700,2131100,3650800
2014-01-14,105016100,37178900,39125300,12268900,75830700,366700,10343100,1529100,2636100,7505400,1089900,2383400
2014-01-15,98525800,39835600,31644100,12388800,47361900,997300,7507500,1495000,1797400,5474300,1487000,3069700
2014-01-16,72290600,31630100,23091900,21172000,56673900,333300,7137700,1372300,1269800,3949500,2372100,2704800
2014-01-17,107848700,36895800,28722300,22526900,61288200,754400,7588600,1766000,2192300,7923400,1446600,2957800
2014-01-21,88621200,26412700,29828700,18600200,46683100,1927100,6436000,1114100,2056000,6763500,1848500,3255800
2014-01-22,61270900,29376900,24011500,12664100,56188400,1150900,4646700,1687800,3235400,4891800,1557600,3432800
2014-01-23,132496900,35011900,36057500,17691700,109930400,1080200,12960600,1597600,4989500,11028200,1164500,3262600
2014-01-24,208677100,63974600,53591900,25036300,127153900,564300,11122200,1681100,7575400,8515700,3067300,2745800
2014-01-27,180843100,63519300,60368200,21487100,118532300,758600,9218200,1979600,5482900,7528600,1882700,3818500
2014-01-28,110463200,44378800,43722200,15857600,86568700,452700,5661500,2420900,5393600,5149500,1338000,2406700
2014-01-29,216597300,51939300,61904600,21210400,142219100,1420200,11709400,2105500,5781700,12257500,1534400,3308200
2014-01-30,118938100,65833600,40851600,14681000,84660600,685400,5956900,1821900,3940200,8746500,1712200,2990100
2014-01-31,194677900,45187000,49293400,39572600,102329500,670500,14690900,1427400,7756900,7983100,1689600,5454400
2014-02-03,254837100,65596900,91686000,45762000,123117200,4629800,20780300,6064600,16150600,9267300,2314000,7310400
2014-02-04,165012400,37675500,53138100,26309300,138955500,2617300,9573500,2015000,5246900,7027400,2000000,4472100
2014-02-05,164230500,41721800,60644600,17503900,86064900,817600,10312200,3226900,3893000,6800000,1184500,2656000
2014-02-06,132877600,32308600,57611700,16589100,99403100,885900,5708700,853500,3426100,4745800,1083700,2755500
2014-02-07,170787200,38359400,44068600,14500900,80356700,1065800,7039200,1076900,5193300,6674700,1356000,5918800
2014-02-10,92218800,30205400,38211600,13885400,68839500,589300,4370500,1048800,5199700,7931200,1901600,6276300
2014-02-11,117814100,38635500,44394100,18061900,93164800,625800,5904900,2288900,3950800,11546000,1429600,7136400
2014-02-12,94717700,32507200,42307500,14801400,68705700,743500,6723300,971500,2432100,6651900,3575300,3335400
2014-02-13,100542200,40454500,42082400,17329500,50414900,941400,6874600,1125500,3078400,9167900,3652900,2754600
2014-02-14,96498400,33212400,32428200,18540700,69806400,463400,4989100,1063900,2158700,11147900,2148800,2509200
2014-02-18,80460900,29546600,33630400,16668600,69542600,1003600,4855800,1034400,3734700,7685800,1895400,3819900
2014-02-19,126524300,41749900,44024300,13139900,101924800,907200,5522500,1556900,7273600,9384100,2154800,4334000
2014-02-20,104998100,41814800,35919600,14098500,71686300,842900,5103200,1148800,3756900,10572900,4146500,3503400
2014-02-21,118116400,31192200,34814100,12629800,66907700,405000,5250700,711000,2574600,7298200,1027500,2406000
2014-02-24,114063900,31500400,43102800,22573000,58971200,1531100,3816700,703600,3531600,12114200,2531500,3690100
2014-02-25,117085000,26771700,28474200,16833800,77028600,402600,6225400,787300,2979500,5786000,1302100,3329500
2014-02-26,98677200,42953700,40794800,14872400,59122600,486000,7203900,898200,2722100,7052900,1208900,4623500
2014-02-27,93880800,28742400,29906200,11392500,67962200,559400,5394700,964900,4377300,5066500,955600,3334400
2014-02-28,150842000,48609800,47362700,41960000,88240700,609900,8462600,1791900,3919300,10584100,1861100,8733500
2014-03-03,167748500,38885700,50892800,27783400,98832200,2540500,11089400,1292700,9488700,11741100,5428200,5816200
2014-03-04,167545900,33189000,112793900,29272000,63103000,1080200,8068100,1075900,9313600,6341700,1283100,4444400
2014-03-05,88376900,27203300,34691300,16872800,42856900,614700,4798500,2869300,4531600,4878500,3417200,3489400
2014-03-06,82516500,24063900,35087600,15087000,86027600,534700,7418200,1271000,4075500,5408900,956900,3705600
2014-03-07,114513500,31167800,36931800,21133800,66565600,645100,8270300,1473800,4552000,7575000,2120600,3665900
2014-03-10,74939200,18131700,32089000,23329100,57747100,1013900,3744300,1851400,1908200,4169900,1710100,6387500
2014-03-11,99009100,27484300,50359500,17811900,72692600,1571000,3815700,943800,1618500,7289800,1821300,5101900
2014-03-12,104824400,27977200,37159100,14151000,56882800,819000,6430500,1303800,2595000,11094200,1026800,2711900
2014-03-13,155014300,48542000,53542800,35340200,79967400,1638900,11815500,1696400,4829700,8007700,1182000,3688000
2014-03-14,153919600,38732300,46888100,24796000,64589800,1314400,9232800,797800,4088200,11939600,827500,2713900
2014-03-17,98359500,28467200,41561600,24052700,57492000,1085400,7381900,635800,2943100,14626800,1563700,3115600
2014-03-18,101804600,31250200,41606600,19417000,68135000,861200,4819500,963500,2903500,6424400,1091800,2483700
2014-03-19,176267300,40869400,47423000,22330200,95953000,1355500,11557600,1286700,9983600,12932900,1194200,4561500
2014-03-20,117241000,31634500,33212900,18788100,60572300,1748100,5224400,2003400,4872300,7690800,1393200,3811500
2014-03-21,163128000,62754000,47110800,17668300,86969000,466500,8986200,636100,6106500,7237300,1410800,2970400
2014-03-24,121411000,77735300,66747000,17552900,54328100,1222600,7536400,1061300,5986100,13076500,1574000,5826500
2014-03-25,103852000,41723300,47699700,20785500,93531000,739400,5032000,1352800,3468800,6566900,1186300,3125500
2014-03-26,119843000,40930400,69052500,27028900,91289900,830000,7147200,955000,3887200,8575400,1156500,4286800
2014-03-27,142383000,64784500,65234900,22352000,73438700,303600,9772200,665500,2255400,7312300,742400,3097600
2014-03-28,101642000,39895100,50558000,13875500,67464400,661600,6027000,816300,2732600,7253700,1789900,2278400
2014-03-31,99745000,33924300,44599200,24498300,75256100,1982900,7488400,1695700,2641400,12379200,1455500,3597700
2014-04-01,89193000,38683800,47906600,13738100,65717300,2562600,9067300,3416600,4514900,5992000,1986400,5804400
2014-04-02,78774000,34631600,33856500,15497500,44076300,806800,6887200,1236800,2285900,4907800,664300,3266700
2014-04-03,77435000,30319100,38473500,14943500,84659200,298000,4937400,1012200,2812400,3658800,1289200,2372300
2014-04-04,169381000,131213200,86345900,20967400,127800700,731900,8977500,989900,4555000,7278400,824700,3600300
2014-04-07,140803000,83995800,68537700,16647900,60586200,1751700,7562500,1024500,1520900,3967200,738900,3845100
2014-04-08,112660000,51495700,60087900,12246200,107043300,666100,4213800,992600,2804400,6939100,790200,2935500
2014-04-09,100254000,45685200,42744900,18492100,71617000,1350500,5771500,1675600,4383400,5305600,1411100,4339600
2014-04-10,172959000,73659600,74860200,23677900,74792500,1056600,12706400,1401500,3226900,5003200,984900,4136300
2014-04-11,167251000,93657400,70998200,18550700,76310100,918500,10267000,1258200,7228500,4697200,1679100,3785000
2014-04-14,132382000,46500700,62657700,13239000,44883400,1468600,4142600,908600,3355800,6677400,1438500,2963500
2014-04-15,157093000,84631500,76968000,21055100,155302100,614300,7752000,1152500,3104900,9967600,1059700,3800100
2014-04-16,105197000,46970900,49353800,19643900,64113100,1405500,5523000,956300,3450100,4071300,1378300,2141600
2014-04-17,105255000,53719500,50275100,19204100,69955200,584600,8622500,1510500,2443800,5901900,1295800,3736800
2014-04-21,68329000,25947900,31970700,10723800,29288500,1021100,4316300,652500,1682200,6579200,892300,2447200
2014-04-22,85790000,38593400,40541900,12342500,43060000,482800,5748700,1385000,2442800,6898100,2401800,2889700
2014-04-23,73869000,34376700,33859500,11595300,58299300,306400,5748600,1778900,1591300,3736600,1073200,3180700
2014-04-24,88170000,48926300,44318900,17646700,39310800,345700,6337800,1161000,1021700,8754200,901400,2332400
2014-04-25,100380000,44334000,58386300,19435900,72613500,388900,5976500,1051500,1195400,7023700,660600,2608900
2014-04-28,135121000,58623800,66050100,19986000,64020600,574900,7606000,1015500,1903900,4897900,609300,2994200
2014-04-29,84098000,36742700,34487600,16162500,71181600,760100,5235200,1359500,1775300,5241600,1083500,2944200
2014-04-30,101508000,38689400,43929700,29172800,49063100,544700,7721400,2123200,4393100,10352900,4399300,2660700
2014-05-01,93019000,37127200,78690900,17645400,31161300,21829500,11556500,2193800,7322200,6687300,1641100,3817400
2014-05-02,98122000,40074200,43450300,14332800,63037500,1343700,12702100,862700,2146000,9912900,1171300,3495200
2014-05-05,75883000,27924400,28108400,18715300,26894600,929400,8043000,1879800,3541300,5196500,4158400,2628500
2014-05-06,85454000,33698500,45354700,10209100,41163100,566300,6522600,2251100,2567800,3488000,1001700,2879800
2014-05-07,106500000,67489100,64243800,12801700,43226500,1107600,8199200,1869200,1578600,8469900,933600,4417300
2014-05-08,93618000,46556900,58520300,13187500,49820300,1444300,10878800,3351200,4522400,3695500,3119000,3389200
2014-05-09,83679000,35081500,48409900,8089900,43953000,354500,6000600,1148100,1736600,3120000,603000,3706300
2014-05-12,86940000,38951100,76291700,13953600,63396500,759600,4563800,1634400,1123000,4025500,1328900,2983200
2014-05-13,66454000,30311900,58122800,18673500,53342400,603700,5501000,961600,1933600,2643500,689900,2476600
2014-05-14,72367000,26483600,65720700,15816700,57544700,635400,8851400,1359000,1721400,4015900,1297100,3956800
2014-05-15,154956000,59680300,75870500,20007500,56308800,1347300,12627900,755100,4240700,5861100,1049800,2941200
2014-05-16,97458000,66804100,44666200,12874500,70419600,452600,5019200,821100,3185000,4052100,847500,2478900
2014-05-19,63839000,32017000,35336900,9415200,32471500,325400,7403300,726700,7351000,3902600,1157700,2420400
2014-05-20,111644000,33716000,89567900,13695200,63707800,34764400,6549800,1200100,4217800,3770800,536300,2210200
2014-05-21,89093000,36837700,55278500,10953400,50661300,881700,8224600,1397200,2925900,6846500,802600,2164800
2014-05-22,61549000,30617100,41295000,8121800,51415000,678800,6495700,605800,1950900,3458800,1131700,1820600
2014-05-23,61092800,22687300,42643800,7649000,55456100,486800,3835000,582500,2289100,2205900,554000,1418000
2014-05-27,72010000,29725200,46373900,9819700,40155800,997000,6658300,1062700,4384700,10895800,1093300,2713200
2014-05-28,66723000,30468100,37055400,8894300,45095400,968200,10361000,1430800,3904400,6736800,1164800,2363100
2014-05-29,64377000,33036100,25556800,16668400,28979600,753100,10692000,1325700,4734800,5551900,707000,2379800
2014-05-30,76316000,29906400,38856000,15728200,72201700,902400,6518900,1045400,4445800,8749600,5480800,3281400
2014-06-02,64656000,30409900,40369700,8915100,33550800,2032800,11728200,2652700,5722500,5916100,2445900,3096500
2014-06-03,65047000,21774500,31143700,9629100,38021700,1563600,12694100,1431100,2978300,5008300,1054700,1828800
2014-06-04,55529000,20118300,28835500,10850800,25656100,1566600,7882000,1263600,2527200,3859500,1605300,1910500
2014-06-05,92103000,35583100,67182000,11099400,41040500,1585800,6915600,801000,2034100,4180400,504300,4992400
2014-06-06,78696000,22680600,45854000,11780100,45429100,940600,7832800,1112700,3059100,4807700,625700,9927200
2014-06-09,65119000,23399500,44025700,12685200,38995600,816500,5162800,1215400,2906800,2788000,1569300,2468000
2014-06-10,57129000,20626000,39799900,11347600,31573300,1207100,5986000,758800,2091000,3556600,764400,2614700
2014-06-11,68772000,22878200,30144700,8827200,44721500,814800,5569700,507500,1699500,3572300,2716500,2365800
2014-06-12,106350000,35275900,39481200,10679500,40265500,1319500,9775900,964800,1354000,7388500,3854500,2249600
2014-06-13,82017000,39447100,33779400,22214700,27554000,752900,5412500,474700,1276500,4026600,1044500,1853100
2014-06-16,87424000,25212300,30051100,9584600,32040700,1401000,5184600,732400,1869500,5832800,972000,2643400
2014-06-17,84834000,19977900,62573000,9222700,35013500,33268500,6668800,605200,7251700,4032800,586200,1942400
2014-06-18,105267000,34514000,37448900,14870300,62131500,1472200,11256500,791400,4284800,4601700,960300,2734500
2014-06-19,85929000,38422200,30915900,12490400,48497900,1055000,14215500,610700,2882500,24374800,888600,2555800
2014-06-20,100587000,25897500,30104400,16113100,36744000,577000,7319100,1151900,2372300,9954700,2099500,2133100
2014-06-23,70611000,20837900,21388700,9836000,27608300,764200,5821700,833300,1551000,5142800,1300000,4780100
2014-06-24,96237000,31945800,41788300,17809900,49441000,443800,9698300,777600,1839300,6350200,934700,3286300
2014-06-25,82782000,32818600,34620800,17373100,35940200,977500,5699300,827100,2385000,6692300,936300,3838900
2014-06-26,84312000,22563900,28018300,14342000,21873800,822300,6628900,698700,1806400,5529800,1082200,2612600
2014-06-27,71445100,22877800,38525100,9721300,21988900,933200,7216500,729300,1702700,4200300,723400,2013100
2014-06-30,70201200,19751900,34195600,16580700,34343200,1268900,5593100,857200,2647600,18123400,15876300,4124700
2014-07-01,90470000,31862500,65733200,12975000,42222400,17393000,8019200,5448400,3472700,8145900,2226300,3025500
2014-07-02,52475000,18777300,30796700,11254400,35955800,1779100,9382500,3278000,2819400,5738900,5938500,2935000
2014-07-03,52938800,15291700,15933900,7757300,26627100,1079900,6173900,648400,2776100,4922500,824800,2878500
2014-07-07,61696000,23266400,32279000,8533400,26962800,1031000,5928900,1219200,1941300,4630200,7393700,2436200
2014-07-08,108143000,40612400,52537600,11505200,29106700,491500,6352100,1296400,2035300,6216600,844200,3175000
2014-07-09,72992000,29919000,27891700,15042700,29892600,1113900,6395200,836700,3945400,8362700,8581400,2534800
2014-07-10,99040000,44245300,50834300,12905700,43704000,728600,7196900,524000,6011600,6313300,1113300,3409400
2014-07-11,64243000,19566300,33923700,11225800,32082600,688600,4676500,1259300,2071400,4322100,984000,2629400
2014-07-14,58658000,19579000,28823400,9020800,23136700,974800,4743300,690900,2632700,11465500,1005700,1907000
2014-07-15,111307000,39467500,49534700,12444500,38034000,933500,7720000,791400,2888400,10541700,1269800,2907800
2014-07-16,79986400,22052600,63433000,9427600,26424000,15784300,4615800,963800,4264900,4099800,1303200,2204200
2014-07-17,145398000,43111500,62221500,15085100,66994900,1367400,10901000,847900,5767800,11423900,650300,2930400
2014-07-18,124330000,36682200,46164100,11615300,51870700,386900,6677900,539300,1994800,6460900,1745700,2042200
2014-07-21,67592000,29750700,32720500,12114800,56034400,339600,5724100,852600,3111700,3296300,1493600,2612300
2014-07-22,67678000,25770400,31326500,12232800,43480300,484200,5753200,1017500,3707100,3882000,1653000,2536100
2014-07-23,65612000,28947500,26417600,8668200,29647900,523600,3489600,1597800,1995900,3041400,581200,1972200
2014-07-24,56888000,24707200,31905100,6826200,31503700,600900,6609000,813400,3089100,8111600,1146700,2035000
2014-07-25,76837000,29898900,46514500,8885700,34409200,781400,7041800,655400,3072300,5638800,857200,4739600
2014-07-28,69259000,25603400,37373400,8065900,38243200,1448000,5138300,1290600,5355100,3212900,875400,2155500
2014-07-29,80466000,27022200,30574500,9154800,35722000,465700,6579300,787500,3877100,5267700,1403500,1898000
2014-07-30,104222000,35348500,30219000,11169300,54177600,1067500,12251200,1305800,5415100,5614800,1519900,3117400
2014-07-31,183479000,50047900,61507700,26161000,88181200,1506500,18254000,2121700,7460000,9896500,1678900,3195700
2014-08-01,189261000,60708000,67805300,25398300,108800800,3466800,14951200,2763600,10942000,7397000,1995400,3394800
2014-08-04,91340000,33230500,34646200,15220800,43918900,1672600,5183800,1779300,7020400,6499400,2100700,2458400
2014-08-05,152690000,50331100,44375000,20914100,67276000,1013000,8032000,2416200,3612500,8342500,1915000,2968400
2014-08-06,94818000,34431900,33658300,16592700,63560700,1139100,7289200,1799500,4167700,9327800,1700200,1930600
2014-08-07,135733000,33274700,40852200,17344900,77763500,1386100,9745500,1839200,3833900,7298900,508300,2299300
2014-08-08,117014000,40236900,32667200,15434200,53612400,913900,9536700,1048300,3426300,5728200,631500,2574200
2014-08-11,74544000,28277500,31000700,10497600,49923100,419800,6668800,770900,6908300,3163500,535500,2307300
2014-08-12,73632000,28152300,31188400,12398400,36823500,416300,8122400,1927400,4231700,4609700,1048800,1510400
2014-08-13,69047000,27996500,23122900,12378700,49491900,732400,8210500,2260600,4960200,3967500,850500,1847200
2014-08-14,57371000,25006600,20882100,11941600,33152100,638800,9028200,1694200,4246600,3348500,949900,2020500
2014-08-15,139951000,55205500,53713800,23432900,66006100,1570700,17606700,1729500,6051300,13070500,1351100,2972400
2014-08-18,75424000,38938300,33287300,11630700,38360500,13822300,7595300,1624200,5112800,4952500,2842200,2328200
2014-08-19,59135000,21363400,22692600,8514300,33591600,769900,5936900,1559000,2747200,4878400,792800,1893300
2014-08-20,72763000,23435600,26266900,11419400,30889600,1052200,7275600,746700,2470000,4395600,677200,2361100
2014-08-21,67791000,19339500,33018200,8522800,35476300,630300,6790700,1817900,1869100,8008800,727000,2436900
2014-08-22,76107000,24692000,30100100,9000900,45995800,1393400,10149900,1014500,3065500,4739200,2265000,2568700
2014-08-25,63855000,24124700,27808600,13867600,31989900,837500,5760700,793300,1958000,5012400,755400,1913700
2014-08-26,47298000,20100400,34831700,22103600,45918400,590200,5487600,730100,1562400,3882300,1029100,1762400
2014-08-27,47874000,15589100,19070100,10792900,34239100,881300,7265800,1412400,3685200,2576800,757000,1527300
2014-08-28,58330000,23563900,22817800,10674300,38157700,938400,9463600,1100200,1815400,3296700,544200,2491900
2014-08-29,65907000,17906300,26231100,19832700,39791500,1407100,8512900,1257900,2046000,3683500,1131800,1857400
2014-09-02,72426000,18326800,38816400,14537000,48129000,2058600,10506000,3493400,4484800,10128600,3917900,2356800
2014-09-03,57462000,25950700,33266600,15490700,51700200,1456900,6553900,838300,3200200,3414600,882700,2254000
2014-09-04,85236000,24663500,26523500,11043000,41676700,1994400,12528900,4901900,4754500,7310600,774000,2032500
2014-09-05,102177000,30798200,26935300,9374300,53035700,1098400,6886000,1557300,4752700,3490100,712900,2285600
2014-09-08,64146000,25571300,20347300,13282600,50222700,1340900,9326400,1133000,2549200,7506500,578900,3472300
2014-09-09,88591000,36449200,36390100,15015000,85940600,1205900,5353100,1853400,4647900,6157300,1534300,2389600
2014-09-10,67251000,31080100,23060600,14634800,57439600,1311800,8729400,1894800,3290600,7021500,1476600,3369300
2014-09-11,66774400,28691900,27075600,12136700,70622500,1224800,9274800,1300200,2822400,7612000,1504200,3158100
2014-09-12,117409300,30444400,32892900,12022900,85785600,2178400,11114900,1296900,5372500,8126500,1537700,5664200
2014-09-15,76401000,32972200,41644400,8709500,68507800,1505400,5510700,3575600,3592400,4775400,1223700,4031200
2014-09-16,116201000,38166900,51365900,14405100,97318600,24978400,9304700,1567600,5132200,6544500,1033800,3866000
2014-09-17,151266000,37196500,45543000,19753900,76121700,2704700,12917000,1763300,4399300,8328700,1000300,3340200
2014-09-18,94990000,30196700,24714600,14467500,50513900,556800,7031200,1521200,3640300,5368700,739000,3321000
2014-09-19,121649000,46918000,52459600,11800500,88033100,920600,13236900,739000,6000600,10930200,672100,3465500
2014-09-22,125553000,48658000,45800600,29390800,83094000,1932600,6617200,1729400,4355300,7601600,1027700,2511100
2014-09-23,111393000,33989600,51616800,18721700,82990700,963700,6362400,904400,3573100,4664800,886900,5408600
2014-09-24,107276000,35959000,34323100,12589900,55218900,485300,5223300,786700,6342700,5515000,1301100,4459300
2014-09-25,150300000,68642500,49733600,15639300,68810700,399000,8947800,1375200,7348000,7631700,1280300,5149900
2014-09-26,103547000,56106200,26473300,14040200,54551800,716100,7799600,3295000,11842500,4185200,761500,3992400
2014-09-29,95112000,33342700,30619000,17351800,74208400,2344500,6791800,3628200,6289400,4049500,1501000,3798600
2014-09-30,131302000,41834300,55596900,17807600,87704500,1544600,7277500,1716100,6905400,10170100,1576500,4720400
2014-10-01,177798000,58164900,88621100,21791100,109933300,3346000,17194900,1973500,9996600,7018800,1442600,6004400
2014-10-02,157285000,54501300,71825900,21687600,92880600,2084100,8251800,1891200,6197300,6349900,2061900,4035000
2014-10-03,121569000,41627800,44034600,11116900,61010900,1159100,8561500,2535800,6371600,11301300,1647300,3338400
2014-10-06,104778000,36038700,35571200,16614000,84259600,1201700,4485500,1858400,4213800,7644100,1849000,2874400
2014-10-07,147913000,45154000,40271900,15615700,41767500,1429800,8837700,1887900,4994200,5274700,1556000,2711000
2014-10-08,186461000,64931600,51589200,18310300,90901600,2701900,9391300,2297900,7589400,10670900,2886300,4952700
2014-10-09,210705000,62497100,60783400,23813400,82942800,5848000,10291700,1786200,7177500,6610500,17027500,4812800
2014-10-10,221909000,77579400,66579500,26414400,104177200,4675300,8774400,1371400,14239800,4651400,2911600,4856500
2014-10-13,230939000,80835900,72054300,16363600,89761000,2074300,6450700,1748200,7908500,5396300,1014900,4322300
2014-10-14,215847000,71814500,70034800,22292200,71636700,2196700,11285400,2826400,11695300,5174800,1910000,4833400
2014-10-15,380715000,108847800,117497300,37303900,122284500,2196800,37407500,3497900,11711300,9453800,2848500,6098400
2014-10-16,270391000,93165800,100532300,49006500,101076200,1786700,18096600,2229900,12623100,6545400,2205400,4380100
2014-10-17,214625000,69546700,72675000,22794100,73616400,1143300,8524300,1537800,13575900,8059000,2413000,3592900
2014-10-20,130011000,41479300,34914400,22996200,50853900,1562200,7742500,1735300,7331400,3033700,1068900,3538000
2014-10-21,154949000,53609800,44748100,16849600,49877200,1973200,9754700,1150000,7453700,4566100,1461600,3590600
2014-10-22,151822000,39178000,48798300,13982300,50711600,951800,9260200,957000,8363900,3740200,1798900,3685100
2014-10-23,154944000,48123800,60795100,17097000,43661600,1281700,10936300,1408400,9482300,6417500,3368700,4636200
2014-10-24,117927000,43157600,41927400,12251100,43721100,678800,5704900,1727800,5764300,3610600,1545100,3367300
2014-10-27,82954000,29545700,31133700,17838400,44793200,872500,3391900,1946500,4911400,2443600,2168100,3241900
2014-10-28,106736000,34495100,84912900,14653100,73890500,771500,5141300,2212700,6024200,3260100,1374700,2537300
2014-10-29,142557000,40552800,67133500,21781800,75308700,1453100,9105100,3574000,5320700,7900800,1274700,3652200
2014-10-30,113330000,35935800,59046200,14596000,54208200,1363500,7024400,2542000,3341700,7852200,1232200,2619400
2014-10-31,146903000,54254100,53133300,22786800,108786100,886900,6664200,1893700,5065400,18208200,1901000,5992000
2014-11-03,93600000,33481000,39729600,14384800,59606600,2348900,9726600,6621700,4936200,6589800,1322700,5130100
2014-11-04,93343000,22773300,37347600,12741800,41428100,3854700,3664800,2155400,5886200,6430100,1779900,2749400
2014-11-05,91709000,25818600,31073500,13033500,48726600,1079700,4799600,1725300,4399300,13560100,1581200,2257200
2014-11-06,107089000,24671900,31720900,13624500,52054400,1026100,5901900,1458700,3747700,7019900,1295600,3025000
2014-11-07,89540000,20931700,28657700,10950900,42327500,994200,8550500,1730000,3456300,10916500,1201300,3680900
2014-11-10,66319000,20360000,29371800,10235200,45891600,1427900,4787300,1710500,2680400,8548500,1854900,2141300
2014-11-11,54499400,15454000,23536800,12372800,28395000,1220800,2416500,805600,2730700,8603200,1082800,2158300
2014-11-12,90120300,22050300,34594700,9970700,25122300,658300,4040800,1931400,3218900,5133300,1988600,3648500
2014-11-13,85357900,28027800,25135200,18654700,30709800,743400,4475900,2128500,5081300,4874600,1345200,4038700
2014-11-14,80417500,19251300,23321400,13368600,47386400,629800,5191200,1784800,7868000,14173600,2859700,3117900
2014-11-17,80441000,23361600,29847300,11203700,38237800,496500,4726200,1770100,5213700,5441000,1517700,2501400
2014-11-18,76068100,26336800,33717200,19695400,23114500,510100,4471200,2002900,5227200,5586700,1473000,2609900
2014-11-19,82373000,23760200,38258700,13908800,49215300,560000,5792500,1890200,7733300,11997700,1161900,2985900
2014-11-20,72840300,22874000,26555000,16494400,28926200,811500,5683600,2040100,3274300,5607800,1539300,3400800
2014-11-21,142327300,34049100,43240400,22414400,111455200,855800,3640100,1820200,7983000,6564300,8061500,2827500
2014-11-24,65880800,17928300,24573200,16662600,38061300,13802400,4033900,1592600,4569100,4695000,2956800,3367400
2014-11-25,79108300,17526000,26745900,18289600,43794300,1244600,6770000,2052800,4878500,9051800,2468300,4664900
2014-11-26,62167800,18973800,14640700,9788000,30953300,523300,4339100,978200,3055800,3184000,2360400,2303900
2014-11-28,57890100,17360400,21110700,8429300,49144700,367300,4562200,1037800,5290500,9616300,903100,2225200
2014-12-01,103968400,35969500,36244100,14827800,75105900,2063400,7728600,6029800,12432400,15644000,3661600,5767100
2014-12-02,74507200,26031300,31812100,19349300,47273300,990600,5757200,1496200,6821200,6378100,3058400,3641400
2014-12-03,68952000,32974300,29148000,10722400,37508300,851900,4868600,5153700,7627000,5758800,3379800,3620900
2014-12-04,91316600,31008800,28631900,18286400,31459900,968300,4250500,2413000,4581600,3623600,2101900,3367000
2014-12-05,91025500,25622200,30261400,13947000,32496300,1035900,8030700,1118600,5237400,6331000,2047400,4100400
2014-12-08,108588200,32685800,32295000,14590200,43437900,858300,6021800,1842000,6770800,5224500,3357200,2651600
2014-12-09,125180100,46035100,52645900,18136300,54564100,945900,6639700,1369900,9702100,10467200,2689000,3905800
2014-12-10,159856400,39330100,45413600,27669700,55591700,996800,6439200,2974000,15409400,4277400,5415900,3634400
2014-12-11,159012800,47576000,36021800,19542600,65853700,15223600,7863500,1915600,12053000,5214500,3634700,2845100
2014-12-12,202330200,46889400,44816000,31169600,79274600,7233700,9317400,3457700,11563300,4736500,3346100,3903500
2014-12-15,189965800,52968400,66361200,38599900,93921700,1248100,9387400,4318600,14114000,8796000,6393000,5900900
2014-12-16,259543800,65348600,62849700,38250500,117074100,10633800,7426400,2041000,14875500,9174000,4297600,7097800
2014-12-17,253910100,79715300,70379400,28795300,119530800,2086100,11558800,1875200,16864000,9097300,7656500,7227900
2014-12-18,257633900,49840900,54315600,33053700,70091400,4833300,12758200,2056600,16638700,5258100,4960200,6041800
2014-12-19,245084600,51419900,49041800,29690700,61239600,847800,7894500,1088400,9952800,4652300,3617500,5490300
2014-12-22,148318900,33869200,27043400,24782500,47398500,2366700,4118800,2011400,6622400,7483200,5826700,3600200
2014-12-23,122167900,30156900,34533000,21929200,52339300,1360300,7406100,1285700,5314400,7763300,5627200,4804100
2014-12-24,42963400,14291300,19175400,12379400,21433900,1098200,4871400,466200,2285700,1501600,2069600,1306900
2014-12-26,57326700,13924300,18261900,17681100,28723000,373600,2921300,499100,1815500,3765600,2913100,2907700
2014-12-29,79643900,17073800,27692500,22005600,38964300,2447300,4070700,826200,4717100,12963700,4566300,2789100
2014-12-30,73540800,18604000,23996000,20271600,32332700,1194700,4372600,1052000,3624300,7987300,4735800,3292600
2014-12-31,130333800,24367100,35688700,22495000,34940700,1010400,4993300,1231400,4185400,7624200,21526500,4494500
2015-01-02,121465900,31314600,46133100,24674800,65010000,2028600,9432000,2523600,3271900,7109600,1967300,5570500
2015-01-05,169632600,36521300,51141900,28468200,83166600,1521700,9789500,3218800,7523100,8177400,1827500,6073700
2015-01-06,209151400,66205500,67446000,21711600,52066100,1890200,18331300,5313400,9489700,11238300,1843100,7577100
2015-01-07,125346700,37577400,32252100,19048900,64948700,1558000,9762900,1636600,8353100,6434200,1868400,6920700
2015-01-08,147217800,40212600,28361700,16680000,55081600,1671000,8055300,2156900,8388600,7033700,1409400,5255000
2015-01-09,158567300,41410100,26975200,17938200,38550100,1107800,9398800,1530400,6766700,7962900,3463600,4643900
2015-01-12,144396100,34129800,27316800,18561200,55381800,2700900,6658100,1948000,8698500,8318200,4567400,5131800
2015-01-13,214553300,56162300,49991400,15396200,55565600,1038800,8260800,1468300,7738700,7693200,2898600,5859600
2015-01-14,192991100,51354200,34224200,16051900,83761000,1545800,12324500,2457000,7415500,7727400,2774300,6249100
2015-01-15,176613900,51005400,46199400,21885100,57441600,1374100,11454200,2171300,7061300,17692500,1827800,5004100
2015-01-16,211879600,35362200,41895700,29675500,72675200,1689100,9390500,1322500,7685500,14428200,1726200,4717000
2015-01-20,130991100,30964100,36444400,19318000,57716900,1346200,7758700,1648900,5915300,14968600,2409000,5012700
2015-01-21,122942700,40128800,27333500,26882500,74714900,2298200,9803900,1878000,6110700,11082700,2282200,4354500
2015-01-22,174356000,40887200,37877000,15610400,95318400,1330800,10200000,1938400,6940100,10518400,3736700,4450600
2015-01-23,117516800,34783000,28173400,19495700,52368100,1248200,7334600,1436300,5134500,6270900,1889100,3491800
2015-01-26,92009700,19960900,23006800,18463300,47266100,1546200,5966500,2347900,8252300,6768600,1718300,2885100
2015-01-27,134044600,45253200,26919100,20064300,42525200,863300,8079600,1268000,8771100,9584800,3261700,3209400
2015-01-28,168514300,43591700,38086100,20033100,56698000,3346300,12230300,1367900,5622400,8470600,3647800,3948900
2015-01-29,173585400,46539700,39299900,31207900,53124400,1393400,8881400,1674500,4923200,11998000,2221700,3337500
2015-01-30,197729700,42927600,49739800,39271000,103745400,2219800,14871200,3499000,6383000,14555900,3535300,4969800
2015-02-02,163107000,43624700,44819100,24878700,50443600,11544700,13689900,5684700,4120600,8885200,2878400,7523600
2015-02-03,124212900,30750400,43920000,27679400,48552700,1465200,14008700,2828500,11682400,8255900,5713100,4617400
2015-02-04,134306700,34073200,28597100,17454200,34900700,1655500,11360400,3209500,8333900,5386700,4597900,3332800
2015-02-05,97953200,23605500,32337100,23933500,32092400,1392700,8334600,1789300,10172500,6879900,2395500,2921600
2015-02-06,125672000,34169300,31694900,18530100,64292000,2016700,13685600,2578400,6076700,13206900,2735100,6323300
2015-02-09,87219000,22604700,32367900,15940500,35632500,1599900,8025500,2426900,4672800,5237200,2060700,4235700
2015-02-10,96164200,23686500,28960800,14302500,46949400,1244500,8290700,2580300,6846600,4086300,1172500,6144500
2015-02-11,91087800,20303600,23794200,16405400,44240300,1286100,6506400,2239600,5688000,6784400,3233400,4027100
2015-02-12,97545900,22520300,27854600,16664700,55855400,1845200,12548300,4045600,3185400,4344400,11000200,4523100
2015-02-13,93670400,29030200,20446900,17919100,44640000,1302400,8325200,2068700,4676600,4108900,2173800,3444500
2015-02-17,76968200,17675300,16868500,13660300,30152800,2170100,14968800,2970300,6624200,7225200,1631700,6414800
2015-02-18,80652900,15149600,20450200,16777800,36036700,8204600,14009200,3221900,4744400,8336000,2454500,5487900
2015-02-19,91462500,19828100,16620500,17091000,38785800,1459500,8584800,2765500,2964800,6528700,1131800,5415600
2015-02-20,140896400,28336700,30331600,34658700,32542700,1893000,12502500,1621100,5470600,6681700,1674600,4982700
2015-02-23,74411100,17868000,25778200,13630900,34091700,818200,7500500,2191400,4165700,4812400,1583800,3883800
2015-02-24,72472300,19745000,20023600,16373400,64630500,1180900,11958300,1891700,3689300,7612900,1183100,6027700
2015-02-25,73061700,19472300,17059600,10224800,28592500,595300,8019800,2024500,9048500,5032500,1861500,6699700
2015-02-26,72697900,22255500,24379000,12791000,25889800,865900,11020500,1192200,7928200,4025400,952400,4738700
2015-02-27,108076000,27757600,23821700,22960900,43207600,2901700,9225100,2892800,4521800,8255600,964100,4328200
2015-03-02,87491400,22988600,29683500,21297800,36669900,10270800,11324000,4540700,6933000,7993300,1449400,5353500
2015-03-03,110325800,20788900,23068400,12564400,40406100,1224400,8599000,4737600,10032000,4738300,1588300,4311400
2015-03-04,114497200,21007400,22822500,15625100,51564400,1871100,6478900,2703200,7832800,4762400,1476900,3054200
2015-03-05,76873000,15381000,19725600,15540900,33714000,2253200,6045000,1307600,6412500,5872200,1244000,3503900
2015-03-06,188128000,30990400,37319900,24040500,72516900,1734000,20022900,3372800,9271900,11190800,7454700,7166500
2015-03-09,89818900,26237100,17556300,11909000,34915600,1218100,8889100,6241000,9607500,5534000,1280700,6548000
2015-03-10,157121300,34234500,32440300,20980000,84229600,1309200,9277900,3356900,12447300,7019800,1580800,5985700
2015-03-11,110145700,25459700,20914500,20000400,47978700,945700,6663100,1712200,9214800,6550400,1390600,2833100
2015-03-12,93993500,21473200,41063300,16362200,46829700,916800,10295900,2970700,4469900,6631500,1146200,4013200
2015-03-13,162410900,42021100,26371000,16277200,69885200,846900,7247200,1845300,6184500,4557600,1924600,2863500
2015-03-16,136099200,25674100,19906300,15828700,50569900,639400,6374600,1588300,4772600,3265300,1888400,2761500
2015-03-17,94510400,19603800,23142600,16273300,53697700,768500,6314000,2528800,13059600,8923300,1370500,3764800
2015-03-18,228808500,40622200,40292600,28290700,101688200,1963600,13981900,3382500,11633900,12448000,2163200,5781800
2015-03-19,117917300,31314000,34008200,20155100,64499900,985600,9543800,2503000,9226000,6537700,1165500,5663200
2015-03-20,177715100,31761400,34165600,28789300,67345300,1194800,5953800,3669300,9127300,8033400,1457400,6004800
2015-03-23,71784500,17268500,17132400,13958700,35502700,795100,5555500,2946600,5459200,4240300,1469000,3644100
2015-03-24,77805300,22445300,30115600,18037300,45280300,584500,6713000,2782100,6767200,2979300,1512700,5828800
2015-03-25,159521700,41581400,42514000,17853700,49779900,1240200,5635800,3205900,5364600,3021400,1540100,5391800
2015-03-26,153067200,47846300,26899200,24344500,76980100,928300,9536300,2681800,4876400,5495200,1678700,5638200
2015-03-27,118939000,33878400,23066800,16596700,42212000,2492500,7907900,1009700,3822000,4921700,675400,2330600
2015-03-30,96180400,30570200,20487000,27480200,51535700,2017700,7010600,981100,4197700,4383900,993200,4149800
2015-03-31,126768700,30488100,24507800,27717200,47508800,2137200,6844300,1688400,4498400,4383300,2302400,2982800
2015-04-01,137303600,32970500,31955200,30907000,56392700,2570100,9273900,7393500,9298200,7324000,1893200,6666100
2015-04-02,86900900,19164200,23586400,15597200,62389200,1126400,6663400,3013700,4774400,3884100,1256800,3905900
2015-04-06,114368200,24451100,22045600,16304600,54678400,1268500,5923800,3496000,5020700,5914200,1377800,4398100
2015-04-07,81236300,19379400,20214700,13742900,33279500,750700,4764900,2613500,8659800,2468500,1274100,3039000
2015-04-08,89351900,25866900,19314400,16148300,65023100,886400,5378900,3933500,7151900,5568500,904000,2630300
2015-04-09,85548900,23114700,22325300,17741100,52128800,890600,6484200,1780600,3415700,4707000,1321400,5098700
2015-04-10,72722900,17164300,14966300,12665800,49899000,789700,4843000,1325000,3012700,3932400,804200,3651600
2015-04-13,74436600,17783500,22819200,15048700,55031100,624800,4010600,1710100,2866600,3190100,1210300,2348700
2015-04-14,75099900,23755700,22600800,13929800,42601100,825400,6075500,2245000,2830000,3651500,1302500,3662600
2015-04-15,99529300,21128600,37282300,13210600,40254700,566400,4425200,1560900,4438300,3656000,5697900,3514000
2015-04-16,68934900,16195300,24439900,17461200,55057700,903300,7085500,1820500,5285400,3132300,1718200,3395400
2015-04-17,191113200,46514000,48283500,18805200,76688000,1945700,7268800,1625800,3901300,3496300,1226500,5055300
2015-04-20,92189500,28945900,24602300,12557400,28811300,878100,4949400,1527200,3641000,3932800,1002800,3191200
2015-04-21,72559800,22759800,13844600,10696800,33309100,811000,4563800,2441600,3730700,3317700,1305400,3830400
2015-04-22,78264600,21429200,21991300,8776100,29271900,725100,9707600,2106000,4031100,5696000,762800,3852800
2015-04-23,102585900,29473200,18025800,12240700,32056500,918700,6843400,1962900,4755200,3459500,1057800,2266200
2015-04-24,61327400,32508100,14992500,11090300,44030100,739100,4773000,1690200,4221400,7152900,700600,2291700
2015-04-27,79358100,31121300,32924600,18320600,41819300,854400,4334900,1564700,5049600,7487600,833500,2973300
2015-04-28,86863500,36849200,35654900,13769200,32442100,1101100,7464300,1972700,4697400,8054400,815500,3423400
2015-04-29,125684900,34043900,26437900,19465500,45752900,1118000,11554800,3087100,8152700,7170500,1774000,3149400
2015-04-30,161304900,44080500,72393800,27726500,98330200,2650600,12876000,5716000,11463800,9440300,1166500,8753800
2015-05-01,103399700,32874300,47996200,28710200,44928900,1854300,12378500,3462200,8053700,7597000,2015400,5902600
2015-05-04,70927200,23507300,37675100,18863100,31314300,2784900,9144700,2689600,6683700,3648100,2095200,4563700
2015-05-05,113326200,47843300,56891600,21317400,38738700,2050800,13935500,3307400,12736900,3856500,1615300,6407200
2015-05-06,135060200,42687200,34348300,16573500,52439700,1802100,14355000,2105900,13677500,3280700,2812400,6480100
2015-05-07,88244900,29335800,29826100,17710600,44347000,2201300,11933700,3641200,8676400,5455100,1007500,6360600
2015-05-08,155877300,33023300,26357100,30634400,56822800,1004300,11716400,5393700,10319600,9964100,1711600,5136500
2015-05-11,75708100,19679300,28406700,14535400,34705400,1324400,13738600,3882800,5499200,2916700,1494300,3080600
2015-05-12,119727600,33665000,34961600,12054200,38432500,1431000,15861700,3737200,6569200,3256700,1241200,4739300
2015-05-13,94667900,20738400,27214700,14542800,41156700,1221200,15760000,3263600,4349000,11768200,1246900,6222300
2015-05-14,95934000,23904200,23293200,18271700,37071400,617500,9128400,3094300,5147100,6923000,2321900,4905400
2015-05-15,76510100,23937400,22055600,14671800,40940700,854900,12630600,1856500,8939400,4447300,2034900,4390600
2015-05-18,74549700,17631100,30846000,11873600,35675300,1000400,10208300,2820500,2843700,5079900,1773500,3450200
2015-05-19,72114600,14212900,23256800,11406600,32065300,1240400,8435300,3562500,4743200,5052100,1463300,2784700
2015-05-20,76857500,21131900,20838500,13862700,37659200,1682600,7789700,2626800,2841700,4432600,2551100,3427400
2015-05-21,64764600,16771800,16229300,11439500,27575700,836700,11760700,1606900,3709300,2514700,974800,2667800
2015-05-22,57433500,13543800,22601400,12172900,37907000,852300,5417900,2858500,3716900,1780200,1452200,4067500
2015-05-26,124308600,25488400,44037800,20327400,51008600,1925600,10469700,2232300,3951500,5769600,1366900,3041700
2015-05-27,93214000,30572700,32086300,17786100,35464700,1015000,6490300,2282700,3737800,2681100,1392400,2978600
2015-05-28,74974600,17302400,18631900,12744700,42689100,1068200,6237600,2901000,5440700,5266000,3380400,2772000
2015-05-29,124919600,30383000,33468900,23778800,59462200,1148500,7912000,2845800,4764000,3407500,1347700,4786500
2015-06-01,93338800,24570200,35649400,19068900,52509700,2161700,13108100,5315800,9372600,8254000,2013000,4464400
2015-06-02,91531000,19449600,29477600,14239100,42331700,1484500,10076200,7084900,5203700,3988600,1085500,3313200
2015-06-03,87820900,20507200,30774800,21307800,39291400,1703400,14810900,3307900,9532700,4885200,1091000,3886000
2015-06-04,151882800,31374600,25820600,17187400,46637300,1594800,10859300,2849100,11381700,5566600,1296700,3710100
2015-06-05,121704700,22641700,36626500,14624100,51982800,1384900,11200200,5548400,7747600,5561300,1161400,6141000
2015-06-08,89063300,24549200,18798700,14677000,34008200,877800,5334000,2131100,6487800,3122100,1449000,3347100
2015-06-09,105034700,27554600,23928300,13114600,33384100,822400,12393900,6152300,11416200,3529900,1221800,4604500
2015-06-10,134551300,30297900,42563500,17291600,64828100,967000,12183600,1959600,5187500,5452900,1223400,4332000
2015-06-11,73876400,17593500,17489400,20555100,33808000,3069700,13849300,2562600,5202100,4434700,719100,9411000
2015-06-12,135382400,27201800,23578600,15305800,40975900,1578100,7863100,2437900,5713500,2998500,3527800,3125500
2015-06-15,124384200,31238800,30618300,15121100,34097000,1478800,8194200,1827600,12726200,5055100,1343800,3565200
2015-06-16,85308200,16456900,32800900,11991200,33605900,779000,7046400,2274100,5249800,4033300,577100,5474800
2015-06-17,126708600,23296700,32467000,17100700,70505900,1994000,13626100,3824200,5660400,6456000,693900,3922300
2015-06-18,165867900,43032400,39642100,24587300,60019000,1481600,10123300,1853100,6869900,8041300,1668500,5616900
2015-06-19,130478700,27877600,23310900,15281900,55891700,1849600,10439200,5114500,12585700,4611600,1648600,5986300
2015-06-22,70696000,19120900,25230000,28716900,45009800,860300,9769000,2547700,5035400,5763700,1015200,3898700
2015-06-23,68476800,18127900,23378500,13661300,40579100,925000,8945100,1238700,3474800,4522800,630500,2933200
2015-06-24,92307300,15815900,26436800,21326500,56107100,1176500,8600400,2540000,2636900,2975500,2268100,3900200
2015-06-25,97107400,18326700,24100900,16402800,33663800,919800,8287800,2567500,5176700,2904700,887300,4820600
2015-06-26,104174800,32311700,38219900,19240800,34721500,1441500,11673000,2285000,6683200,4392600,550700,3789500
2015-06-29,202621300,50874900,49224900,33747100,59610800,1500900,17132900,5945700,10156900,5820200,2299100,5112000
2015-06-30,182925100,34809900,39631300,32195400,61266600,1599400,13469000,2668600,4912700,7897000,1582600,5855900
2015-07-01,135979900,21293000,28627700,31824800,38622300,3738800,12451500,4088700,13614700,4409000,3885400,6318900
2015-07-02,104373700,20499400,31486400,20988500,34085800,1924600,6682100,1971000,5586300,3838600,1855000,4303700
2015-07-06,117975400,24311000,27852200,21103800,66892500,1723300,10605800,4845100,4719100,4259800,2304900,5116700
2015-07-07,173820200,44230800,39347100,36633400,100698500,2083900,16160100,3627500,8406300,9073400,4409500,5921000
2015-07-08,164020100,39691500,40724500,32728200,93899000,1991200,9951800,3490600,5744800,5694900,4364000,4941800
2015-07-09,144113100,28381000,29770400,19963400,72889000,1206900,11108900,1427800,6291000,3802900,2278400,3312900
2015-07-10,129456900,26415800,28735800,28190400,64726600,3719900,13636600,2740000,7097900,3594900,1117900,4774100
2015-07-13,106069400,25780700,21349900,14287600,43846200,1322300,8006700,3146100,6119200,4279300,2425500,2887800
2015-07-14,81709600,21977200,21009500,19816200,30252200,1321600,4227800,4364200,6354100,2601000,867200,2422900
2015-07-15,97914100,28631500,22238300,14709600,44039400,1239500,8720400,1923800,5983300,9286200,914500,2238100
2015-07-16,106683300,29838900,33568400,20763400,36217600,811400,7306500,2036600,7523600,4629700,822400,2494800
2015-07-17,89030000,35926800,24739900,14773600,35714800,881300,7404900,2268200,7788400,14858300,938200,1803100
2015-07-20,70446800,26539000,23271100,8767800,31707000,842500,5941000,2805800,6740400,15751700,2006200,2164800
2015-07-21,77965000,35468900,28118700,14081800,27625400,676600,5627500,2490900,4904800,10519800,1044600,3540700
2015-07-22,88667900,35575000,20654200,10181700,39326800,523800,6228900,1292900,10578500,8349200,2034100,2883500
2015-07-23,90509100,25698300,39712100,10900900,42787700,1064800,9087700,2007600,4918400,5779300,6627700,3188900
2015-07-24,117755000,30844700,39533000,13709400,55194200,1098400,7307900,2704700,4702900,11572700,1264800,2800300
2015-07-27,132361100,35994800,35627200,19026100,73051800,1392600,8172000,4836700,11061700,10690100,2407200,3003000
2015-07-28,123544800,33553500,53474800,14788100,49701300,6205200,9128200,2755100,10471000,5549200,2157400,2674000
2015-07-29,105791300,26714100,32411300,15938900,61119900,2107300,6706400,1569200,8839500,5616900,1239700,7988100
2015-07-30,91304400,25438100,29383900,17496700,44051400,683200,6146600,2157600,6127600,6652000,997500,2932500
2015-07-31,103266900,22081700,31812700,20646900,85020500,1113000,9178400,3626900,5936500,6689200,1807500,5490400
2015-08-03,113965700,25001800,34033200,25131600,45674700,2627700,11753700,2942800,5416900,3528600,2939000,3766400
2015-08-04,81820800,22132300,21728900,13359000,38618400,1036000,6448800,3823200,3691400,3241000,2741300,4087300
2015-08-05,85786800,28989900,25673500,13602700,30785300,1283300,7574400,2991600,7778300,5041000,1415200,3783100
2015-08-06,116030800,42125400,42225300,12451300,42182300,731700,6118100,1750800,10794800,3908100,1767100,3473300
2015-08-07,117858000,30006800,42261400,14351200,37027200,1533700,8317000,2907200,5483500,4400900,1940400,3942600
2015-08-10,80270700,21500800,28798900,13702900,43071900,1123900,7461700,1317600,3234500,5892600,2061600,2605100
2015-08-11,126081400,36123300,33383800,15705800,58642500,2263800,11145700,5011600,4598600,4060900,1092400,4539900
2015-08-12,172123700,41889000,46500100,27756600,64540000,1765700,8455200,5062200,6371900,10022500,1831900,3229200
2015-08-13,89383300,22510500,35698300,12709600,58165600,1626500,7691400,1647500,7422100,4761700,1304400,2381900
2015-08-14,72786500,17924900,21091500,16930100,35715200,612500,4324700,1693600,3437900,3509200,876100,2558200
2015-08-17,79072600,21224900,22328200,8885600,42609500,905300,7880300,3313900,4153600,5769100,1824400,2912600
2015-08-18,71692700,13984400,26360400,10943800,42639500,690400,5024300,2200900,5471300,4121800,1641300,2904800
2015-08-19,172946000,42511400,45178900,16573300,112308600,1444500,10736000,2600100,7208500,7035100,1718400,2401000
2015-08-20,194327900,57747300,51879800,32339100,116628600,1933300,9078300,1760100,11099100,12549000,4386200,3999800
2015-08-21,346588500,97763400,79168300,47017700,129140200,2123600,10718300,2971100,13158600,13917600,2750700,4126300
2015-08-24,507244300,150829900,83809200,62952900,218802300,3074800,16663400,3966000,19116200,18388700,3776900,10864500
2015-08-25,369833100,75088300,59240200,50627000,135001800,2925500,15354800,2625300,18194700,9974200,3132700,9163900
2015-08-26,339257000,104103800,51605300,49202900,134618500,3512900,16429900,3299400,10654800,10856600,2180700,5067500
2015-08-27,274143900,69377700,49533700,39984000,144856300,1414100,9127000,2957800,12772100,8102100,2094800,5627400
2015-08-28,160414400,49919600,41601400,24230800,68659200,1998000,9946200,1901200,9100000,7558900,6212800,3881100
2015-08-31,163298800,39549400,29250900,35806800,98538600,5431600,8617600,1250200,5408800,4532100,2227600,6197200
2015-09-01,256000400,73155500,45129200,42250400,83635900,3749700,15298200,3856800,4739100,7077800,2494200,7218400
2015-09-02,160269300,43963600,26865800,23372700,55551000,2441700,9515200,1824500,5259700,4115700,3646300,5018500
2015-09-03,152087800,45131800,33334500,23500600,67468200,1791300,7042500,11303000,8779000,3913100,1687800,3712600
2015-09-04,207081000,49379600,31154600,25772900,81962800,1421300,7951300,1648600,4671000,4025000,837700,4262900
2015-09-08,116025700,37343500,29916300,21504500,53584300,1583500,7049500,1892300,5450300,5982100,1278600,3004500
2015-09-09,149347700,47146700,40963000,29179700,56389200,1397200,7441900,2079100,4914800,8855100,1918600,3338100
2015-09-10,158611100,47686700,29877900,20800900,49745400,1601600,6789700,2566500,4744100,6204000,2398200,4609500
2015-09-11,119691200,29106100,27949400,12954100,42195900,1069000,5890900,2333300,4834900,4023900,1160200,3892500
2015-09-14,79452000,19718800,22365800,12187400,39313800,897500,4221700,1732500,4383100,2350800,804000,3040500
2015-09-15,113806200,30020200,26745300,18168800,51913600,1903000,11895000,3090400,4247800,2905000,649200,2737200
2015-09-16,99581600,31329100,27127800,28218500,85209600,1305300,6949800,2918300,5026700,5315600,1767000,3318500
2015-09-17,276046600,56139800,50405400,24074700,105902400,2394300,19843600,4106700,6576800,8403800,1326700,6337800
2015-09-18,223657500,48384000,42736100,36952900,90964900,2074200,14963300,4692400,10827600,6794300,1213700,5798800
2015-09-21,105726200,35772600,33021700,17896300,45318300,1591700,10085600,3209900,7579000,4104800,883600,3176300
2015-09-22,153890900,47359700,35786900,29234800,58874100,1395500,9968200,4001000,7366900,5483300,1021400,2963500
2015-09-23,92790600,21775100,25506800,17145200,44721000,1364300,6769900,2435200,7686000,2744200,1423700,3708700
2015-09-24,159378800,38284300,39810300,22895100,79880800,1393000,9605800,2378100,9167500,11024300,1711300,3707600
2015-09-25,155054800,44700000,43750300,21771400,59861600,1564000,8383700,2858800,8384200,5209500,1286700,3330000
2015-09-28,178515900,44077500,56765300,18785000,58659500,1926000,9833400,3099400,12416300,3809600,1424200,4094600
2015-09-29,159045600,49315500,49980700,20216400,52829500,2460900,9006100,2267100,11417600,4043600,1407500,3784900
2015-09-30,163452000,41411400,50834500,37769800,80422200,2676000,9832600,4404200,14539800,7405600,1466300,6237100
2015-10-01,131079000,39339100,44985900,20445200,48402600,10101300,9069400,6459600,12179800,4278600,2237900,4105200
2015-10-02,211003300,59370900,58019200,20793800,83904700,3320200,13000400,3480100,14060200,7730600,4613600,4602000
2015-10-05,126320800,32853500,45220500,27746500,77869000,3034900,11362700,7567200,13531400,5490200,1696100,5176500
2015-10-06,110274500,33051500,34140000,18133100,47313400,2104000,5687800,3241200,13985800,7513900,1805700,3570700
2015-10-07,124307300,37389300,36371000,20499100,97905900,2338000,6712800,5884900,18000700,5355500,1087700,4211900
2015-10-08,153055200,50188900,43072200,16875500,64163600,2176800,12882300,2175000,9466900,5038200,1294100,3953200
2015-10-09,107069200,23916200,26497200,16867900,61563400,1069400,9038100,3798800,9900600,7907300,2042900,3102700
2015-10-12,56395600,16162000,22984000,9238000,44030200,1336300,4241000,860400,3867000,6257900,1072800,3216500
2015-10-13,88038700,26999600,37445300,19519200,72241600,1849700,6147200,2147200,7772600,5149600,1571300,2362700
2015-10-14,99106200,30902600,39987400,20762200,57724900,1359600,9738100,1976500,7748100,10207800,1495300,3349200
2015-10-15,134142200,38393800,42503400,21855600,60410800,1075500,6924300,4233500,8049200,14083900,1624400,2533600
2015-10-16,114580100,27091100,33685600,23372400,65003800,1773000,8048300,3055300,5978200,7328000,1383400,2875000
2015-10-19,76523900,23776300,24949500,11784700,52354600,1744500,6238400,2510700,10347000,3959400,1160400,3146100
2015-10-20,78448500,23404700,20531400,12930000,44212500,1134500,6431300,4190100,10294800,4903200,1591200,2781500
2015-10-21,102038000,30195200,34060300,12731700,55037000,6576500,6603800,2497700,14332200,3908800,2500900,3460600
2015-10-22,174911700,42778700,36882600,28347500,56963300,2411400,6934100,2396900,11805100,3436400,1326900,3504200
2015-10-23,144442300,53170900,40172500,16648500,53727000,2029600,7058200,3682800,13201700,4868400,1363400,3421300
2015-10-26,69033000,25918000,19783300,14032900,41789200,3131500,5859800,3771900,9354100,2573500,1226500,3280000
2015-10-27,77905800,31390500,38189200,14566400,56392800,1373100,7156800,2809600,5585800,2646100,1547100,7135300
2015-10-28,135906700,42221900,65529900,17326300,125416000,2058200,8468700,4693300,8637000,8201200,1690700,4576600
2015-10-29,90525500,24913300,27252000,12843000,63886000,1772400,12108000,2942100,6064500,5150800,1501300,3283100
2015-10-30,131076900,27199200,28018700,19115300,72076000,3424800,11861400,2664100,8803100,5543200,1446500,7057100
2015-11-02,86270800,22176900,33836900,14749700,51896500,5313500,8751000,6241700,5476000,5843300,2485500,6869600
2015-11-03,95246100,20418400,28626300,14282900,68335400,1941700,8921600,2672700,5873700,7145300,1988700,5285300
2015-11-04,96224500,28633000,25696000,21019300,69243600,1933200,5980800,4176400,6082100,7617800,1556900,3165100
2015-11-05,78408700,25004100,27141300,21648100,43303000,1554600,7268400,3743100,8529600,5931100,2661700,2804100
2015-11-06,110471500,29924900,35141300,17523200,65547200,2968600,10604700,4306200,8207700,8831900,786300,7070200
2015-11-09,131008700,33479800,32983100,23887600,76448600,3223900,9159500,3253200,10127900,4129200,2315500,5919100
2015-11-10,75874600,35452100,21892200,14471900,53876200,1467900,6712500,2228800,9673000,4450800,1056000,4688800
2015-11-11,67846000,22748800,22037600,14220000,34433100,1638100,2857900,910900,3943900,3527600,1133900,2228400
2015-11-12,121315200,31196900,39916100,31911300,53097900,2399100,6805700,3102000,11570600,6300500,1817300,3212200
2015-11-13,153577100,52836000,43883000,26248400,72046800,2665300,7906600,2618900,7487900,3224200,1517400,4250100
2015-11-16,117645200,33980600,28979100,16939200,61895300,1412800,5485300,2558400,8228200,2951200,1107800,3117900
2015-11-17,121123700,30579500,34441000,22458600,58447500,1180000,5122900,3857700,9106400,8593100,1094800,3845600
2015-11-18,121342500,32966500,35554300,15481000,48166100,941500,5233900,1713300,7479000,5043800,1851000,3429200
2015-11-19,88220500,26188100,25512500,19981100,68973900,1967200,6643000,2890500,9428300,5087600,2045800,3628100
2015-11-20,94011500,22727600,31697700,18499800,73122400,1287900,5971000,2344900,9763700,5971600,2169500,3964600
2015-11-23,64931200,20696200,22716400,19432800,55352100,1377100,5436300,1948100,5138900,4042500,3993600,2370000
2015-11-24,98874400,26374400,24994500,21727000,62017500,1094500,3371500,1659500,9529200,3479600,1309000,3498900
2015-11-25,51980100,14159900,20772600,13351700,37938300,752400,3280900,609600,7132500,2931300,1427300,1959700
2015-11-27,37317800,8828000,14129300,6400400,54817200,759600,2570600,409200,2259900,4993600,1606800,1348700
2015-11-30,112822700,25041600,30165400,23366700,91134900,2266900,5179800,4925000,5356300,6773000,2975400,7609800
2015-12-01,97858400,28639400,27899900,34990700,56692100,2805800,12766600,5961700,9849200,4645900,2226200,3847300
2015-12-02,108441300,22395500,22238300,21426000,59091000,1579000,7345800,6138300,11871300,10223500,2108800,5713500
2015-12-03,166224200,42754300,39485400,26897100,52692500,2750500,16612200,4515400,15290200,6499900,2703400,4737300
2015-12-04,192913900,40037300,32669900,23382100,79516400,2231500,11843800,3120500,14027900,10670200,2145000,3434100
2015-12-07,102027100,25892100,29621400,29861700,47613100,1954000,9016700,3094600,11989900,4393500,2197000,4195100
2015-12-08,103372400,30792600,30946000,26323000,71352200,1519900,7257500,3754100,25199100,3412300,3011100,3638600
2015-12-09,162401500,48509200,41980400,26646700,66422800,3711100,8993900,3394600,16703900,6026300,2688000,4218800
2015-12-10,116128900,30154600,31278800,20267800,59281000,1545000,5606900,4722600,14206800,3853500,2076600,3465000
2015-12-11,211173300,56022200,52609300,29945000,89806000,3352900,12300000,7949600,54233300,6798400,4237900,3420800
2015-12-14,182385200,53098500,53400400,32246600,83798000,2204400,10661100,6442800,38540500,5563800,2631700,4775000
2015-12-15,154069600,48428000,48273900,37876700,78124300,1591000,8795500,3822600,36337800,6831100,2862800,3449100
2015-12-16,197017000,44944100,44560600,45167400,105082200,1911800,10988600,2540900,30575300,8292200,3436900,4699300
2015-12-17,173092500,45668800,41318000,40456800,93646700,1202600,9923000,2327500,17345300,10156200,8948500,3726800
2015-12-18,251393500,53746100,49876600,41659100,96868900,4396700,10171700,2566200,23548900,8345900,2764200,5724400
2015-12-21,99094300,26432800,26479300,28869600,64002400,1603200,7494900,3026000,14468700,6378900,4462300,4455300
2015-12-22,111026200,26540300,28108700,29319500,49664600,1411800,5445800,2204900,12569500,4123500,3484300,6484300
2015-12-23,110987200,25656900,29609700,29782200,47464000,1380800,7287100,1923200,12824900,2821400,5518100,4029000
2015-12-24,48539600,11468600,13370500,10950500,21532700,654200,3364600,920100,5284300,1710200,1391700,1426000
2015-12-28,65899900,19183600,22125500,28946900,38299200,2198300,7586600,2422500,7151600,3356200,2958900,6628800
2015-12-29,92640700,27725700,22841500,30796100,43931500,1752500,7787500,2965700,7485500,2832200,5314700,3499800
2015-12-30,63317700,19520100,21273200,18855500,51320000,1358100,5508900,1890600,13145300,3745000,3190200,3114300
2015-12-31,114877900,29886800,39517700,31818900,44184700,1906000,7897700,1228200,7935200,3823600,2373200,3292400
2016-01-04,222353500,50807600,66665900,34260200,83489100,6183700,10591900,8333700,14787700,6440000,2307600,8843700
2016-01-05,110845800,38795200,28253300,23891500,57773900,2122800,6242600,4474300,11491300,3500300,1210000,7114700
2016-01-06,152112600,41891100,35569200,22412600,65835100,1906100,8916900,4522400,11320100,9316600,2668600,5481200
2016-01-07,213436100,61386300,52482000,37579400,88974700,3106000,10202200,4820000,11004700,11730400,10692400,6297500
2016-01-08,209817200,69344000,60299300,31301100,73528000,1783200,9577200,4363500,17902100,7678200,2809600,4628600
2016-01-11,187941300,50024100,47144800,33017900,56225500,4816100,10040300,4161500,16917700,6272400,2629100,4956800
2016-01-12,172330500,46734200,53702900,29930200,61357500,8962500,12897700,2616600,15217700,5540200,2398200,5951900
2016-01-13,221168900,69870700,70591600,33481800,71788700,2664100,15577600,5649800,20352700,7324200,2554200,7679400
2016-01-14,240795600,78445700,69373400,35140200,65521200,2597300,12873800,4735300,18572700,9989100,1813100,5167500
2016-01-15,324846400,91443900,85759200,60554300,117573900,4334300,13976300,5977900,27309900,10052700,1963500,5571400
2016-01-19,195244400,56563800,51391100,35709800,79535100,4896500,8926600,3374300,15975700,4588400,3776800,4978100
2016-01-20,286547800,86675000,94385800,47944200,103223500,4949100,17283300,6175300,25973500,10120900,2239200,9091600
2016-01-21,195772900,61660100,65798200,48974700,81845900,2385700,11001600,3928300,20065800,5425000,2564100,6849300
2016-01-22,168319600,42229800,46056700,44855900,75886600,1735600,10164300,2932000,17653100,4185300,1994500,4542700
2016-01-25,130371700,38881500,35019600,36799400,59623300,1190900,5738200,2485200,16448400,6819400,1983100,4670100
2016-01-26,141036800,36143900,33349600,26789300,60020100,1288000,5692600,4002200,12010900,8443400,2018600,5214000
2016-01-27,185681700,54524700,47973900,32829200,74020200,1802300,7957800,2535900,14563000,8273400,1485200,4883200
2016-01-28,143798800,47641500,41951100,31267000,84739900,2222900,10575400,4187100,14622600,5914200,1943200,5584400
2016-01-29,210529300,54245100,42245300,37109700,81973800,3805500,13170700,2022700,14218700,8098700,2920600,11112200
2016-02-01,136061600,32750300,33615700,31082700,43254600,6813000,9948400,8696800,8865500,10471800,1724600,6925300
2016-02-02,182564900,44928100,39692700,29809100,75516000,4141600,10400000,5881200,15442100,6656000,5602500,6406000
2016-02-03,205054900,61572900,55262500,36337300,117143200,12145000,13309000,3732100,15465200,15785200,3106600,5729100
2016-02-04,139531800,49321600,51188400,28236200,99923300,2431100,9953500,3367500,8989700,13213700,2606400,4286700
2016-02-05,180788300,70749900,53366600,31548100,70370700,1440200,9200800,4334400,14632300,14777300,1709200,4033800
2016-02-08,191526700,91673100,61107700,37822400,72716800,2824800,14452200,3265200,15649900,28341200,1685700,5440900
2016-02-09,184513100,73778400,55857200,34142700,67275700,2679600,15232100,3346900,18685000,18156700,2762900,8405600
2016-02-10,148214100,59421700,42756100,32088400,67192400,2027200,12797100,3738300,13086000,13311100,3157100,3877700
2016-02-11,219058900,76839200,57923200,41750200,86795500,3743000,21620200,5333600,22158200,49139000,1966700,4930700
2016-02-12,127632400,49186500,40097300,38730500,68436000,3258700,13888400,4180600,17751500,16981200,3251400,5067000
2016-02-16,120250700,40565900,38882100,31605800,54396200,2816800,11766000,4972200,14106000,14601700,3558900,3888900
2016-02-17,136009500,41766500,40940400,25594700,69297600,4856500,13157300,5008100,16353000,10582400,1704300,3060900
2016-02-18,102343000,38991500,35043600,32694100,59141200,3125700,10196700,3810700,13247300,13586500,2005500,3539700
2016-02-19,114793000,28257900,32424800,26685400,59069000,1340000,8188700,3587300,12879900,15192000,835500,2885500
2016-02-22,103640300,23979100,28867400,19217000,42673400,1012200,5054300,4556800,13826600,10677800,719000,2966500
2016-02-23,111455300,29869700,29857100,19709000,54666100,2257800,8320700,2832100,16809700,9033400,1496800,2608300
2016-02-24,150812200,40739100,36909600,26718800,59334200,2947700,9091200,3402200,13622100,17938800,2438900,2997500
2016-02-25,110728300,29389300,22612600,25167000,45895100,1983600,6097200,4531800,10699100,12500300,3589400,3399900
2016-02-26,129833700,30925000,27474700,19604500,54635600,2957900,9245000,5422500,12060200,12505100,1686500,3180500
2016-02-29,125918100,27553900,32014400,30315200,65543100,3861600,8016100,5231900,23746800,11517500,1814000,5057700
2016-03-01,141799700,37699800,36422700,24585800,69324500,5901200,13729100,8301800,24023200,14139300,2144600,5309500
2016-03-02,102415000,29209800,24937100,22549400,66977500,3011200,7047700,3519600,14987400,8903000,4519700,3621700
2016-03-03,95172200,25474600,28216300,21109600,69856900,2093000,6394800,3614600,12018400,18724100,1597000,2907800
2016-03-04,129293600,31655400,38180900,22752200,102487700,1781200,8687000,2040600,18029900,16261100,2063900,2740000
2016-03-07,100219000,25861200,38739900,24047500,67816600,2349400,5493300,3616900,12656200,9358600,2785500,3504600
2016-03-08,123974900,28898500,46193900,16893200,50510100,1747600,7175400,3279800,17813700,11531000,2116400,2829000
2016-03-09,94801200,31047400,25627200,15467400,54890300,1537800,7194700,3205800,7699600,8672900,2552700,3566700
2016-03-10,156838700,44236100,47051200,28133500,69716400,2798700,10091600,4459000,18167000,18104900,2836700,2472500
2016-03-11,137964500,31454000,33625000,24374600,74998500,1785000,8927000,4603500,18662700,10812300,1010900,2520900
2016-03-14,73612000,25374900,24422700,15953300,43838500,2661800,5177000,2997400,12512400,14236200,1062700,2593900
2016-03-15,93169100,26524600,34258400,19646300,66967800,2960800,6413200,6599400,16442600,9941800,1619200,1898100
2016-03-16,129303200,31693100,37952200,25413000,98218500,2052300,9728900,3975400,21567100,17334000,2431000,3439600
2016-03-17,134278500,29623700,41724500,17906600,114746800,2745500,7805500,3341900,18423000,9914300,1000400,5526400
2016-03-18,138372400,37682300,36512600,30733400,102194600,2434600,8198600,3315200,12922000,16965900,1791100,3281800
2016-03-21,72926700,17288600,29903700,17625800,59921400,1725000,5514800,2948600,12653600,7240600,9810500,4343000
2016-03-22,97471900,18840300,23602100,15926700,41960900,1437700,4997900,3762900,8941200,6786800,1498800,4791300
2016-03-23,81052500,20912900,39243300,18291400,58628500,1405400,10628200,5338700,11354200,15993700,3167100,2837500
2016-03-24,84360900,19017300,30924300,18326500,61479100,1548200,6343300,2601500,13497800,6280900,1838700,2839400
2016-03-28,62408200,13892300,21096400,18491100,40595500,1291400,5058700,3274500,11298900,3879100,1000300,3885100
2016-03-29,92922900,29963900,46761100,22376800,81638800,2981000,9396700,3758500,11348400,14472400,2303600,5022700
2016-03-30,86365300,23807200,35683500,18999500,53128600,2808800,8478700,3877600,11796400,10769100,1336100,3503100
2016-03-31,94584100,21447200,28555900,37335100,109595100,3759100,7832300,7853500,9436700,9348200,3581700,7533800
2016-04-01,114423500,26389000,29981400,30396100,76178800,5489100,9341400,6809800,10822400,10405400,1170800,5267300
2016-04-04,63497000,17163000,21529400,16977200,46429000,3035600,5145100,4138700,9269700,7643700,4662300,6908900
2016-04-05,99662200,20107900,32515800,20199600,61660900,1951500,6482800,6944700,13254500,8865900,1833000,3251300
2016-04-06,91839800,25056000,28157800,20465500,56608700,1646000,6393700,4793600,13935000,7549400,4849500,2940500
2016-04-07,113859000,28567200,33298400,19855600,75406000,2069600,5963300,3591900,11306100,11900500,1046200,2339400
2016-04-08,95040600,22898000,26151700,18462800,44785200,1309500,5584800,2060900,7953000,9078900,1298800,3370300
2016-04-11,83757500,25772100,25842100,15640400,63972000,879600,4805500,1998600,8126900,9846000,1763800,2848100
2016-04-12,115350600,28564100,25058700,25164700,70261600,1363200,4276000,3553400,11772800,9689500,2560000,2504600
2016-04-13,96336400,25356700,40534700,25583900,95376400,1466400,5207900,2502200,13596100,8841500,1907900,2827000
2016-04-14,65212900,17199700,25538600,26844400,49781400,1403900,6967000,1864000,10758400,13165800,1084600,2044200
2016-04-15,75761600,21353300,21176100,17558000,61733700,1657800,5831100,3789500,7857300,7838100,879400,2429100
2016-04-18,82531000,17126100,19428300,20200400,51810600,1297800,4486600,2827400,9211400,5809800,1204700,2347400
2016-04-19,88316100,42481400,23228100,24251400,70368800,1219600,5212200,2577100,11623600,21031500,2227000,3137200
2016-04-20,81100300,18078300,21422500,14402600,51670100,1939800,10920700,3040900,10128800,10233200,2408200,4085800
2016-04-21,85695000,20216000,20535700,19135100,59286600,1636600,11154200,3579500,13349500,14612800,2702000,5046100
2016-04-22,99251700,39074000,29094500,17262700,43727100,952100,5826400,1651800,10982300,10047000,2134900,3124400
2016-04-25,66166500,14351900,16369600,13518400,40116100,1416300,5539500,2923600,8972400,4369400,1574200,2385600
2016-04-26,75864200,19118300,30564100,15657800,46394300,1127100,7840000,3286600,8291000,9906800,1528300,3190800
2016-04-27,77329400,33059800,24360300,13054700,56192100,1734000,8380100,3091100,10505400,7976400,1682600,3244500
2016-04-28,97216200,29818200,26126500,25204500,51718900,2807300,7974600,3503200,9229000,15133600,1944200,2870600
2016-04-29,142424100,67502800,33284500,27642900,86482700,2858500,7416300,2924600,20284700,19043900,8719300,4117300
2016-05-02,62188000,24813800,21881000,25207300,36887000,2226800,11035200,6771200,11420700,12137500,6749000,4008000
2016-05-03,106422100,38569400,37929600,25287100,94755400,2330900,10736700,3732700,18449200,9063600,2723600,3305700
2016-05-04,92243800,27474500,30767200,20213100,105838400,1176900,7211200,4228200,17645200,9398200,2021000,4138600
2016-05-05,67619200,20788100,26249200,21552600,83029500,1257500,7870400,4466000,18782100,8846900,1184200,3324300
2016-05-06,89315000,30758500,25497400,21498200,81640000,1675600,7232500,3045000,16204400,11366800,6854200,3499300
2016-05-09,74374900,19289600,23427000,17842700,84074300,1459900,4950800,6202800,11622800,9236200,2163300,4568700
2016-05-10,77472200,21178900,18635300,21333600,69384400,1506900,4331900,5469900,11420700,9845000,1420900,4034800
2016-05-11,81727000,20966300,23604600,20180500,58600300,1606800,9256000,3416600,20692000,7590100,1851100,4063900
2016-05-12,89586300,29196300,34803000,17642000,63469800,1261500,6087400,2681900,11312400,7447100,1270700,3471000
2016-05-13,96474600,21059300,24510300,19052400,62246800,5007300,8707300,4328100,11332400,7672800,1550800,3991500
2016-05-16,77486800,18311900,27337000,24500500,51206600,1708100,5137000,2968400,12981700,7103000,3273500,3374900
2016-05-17,114924900,29932700,46676300,25116900,63616400,1158700,4449100,3386000,7489900,8619800,1425200,4308300
2016-05-18,120062100,27524400,35734400,34940400,91541300,2946500,12681000,7022100,16612500,13381700,1987300,4708500
2016-05-19,115430500,27334600,36995600,26976000,74455000,1345000,6209400,5759900,20290200,14339700,5004300,4316000
2016-05-20,104990400,29549600,37404500,23377800,54928300,1059400,5348900,2977700,10556700,10379400,3424800,3296100
2016-05-23,58682600,15729800,23721700,18828700,52648200,892300,6979700,2842000,10457400,8628200,1290200,2744000
2016-05-24,93537800,29931300,41124300,28901600,58219200,965200,5968200,3498100,10838400,12772000,964200,2998500
2016-05-25,76621400,37951700,26202900,35575000,53340200,890300,6367400,4793800,15119600,10487300,1638500,3250000
2016-05-26,55280700,21885900,15157200,21115400,48215100,998200,5419300,4858600,12269000,5893500,1422400,3053400
2016-05-27,64211200,19870000,21265100,16066600,43342900,1995300,5267600,2762800,6225600,8686700,1472500,3006900
2016-05-31,109879400,24366100,32764400,25438500,94760100,1734700,8344300,3170400,11994100,8187600,10015000,4810900
2016-06-01,69936200,19571500,26806100,19567300,52115100,2786400,9874900,5528700,16488600,8399600,3179200,4417500
2016-06-02,63044700,15696600,23303300,32992100,48252500,5038500,5835400,2709400,12118900,4591600,6854400,8043500
2016-06-03,101757100,20269900,28733200,27770200,89424800,1971300,11077200,2998800,13093000,14605100,2211300,4295200
2016-06-06,64887000,12502400,26946000,22191900,110069500,1715700,7573700,6401500,16126200,9887900,2936900,3231900
2016-06-07,60974800,12184300,21038500,15311700,59934000,2672900,4680200,3663400,18423500,4602900,1394200,2424600
2016-06-08,66170900,14568700,27999900,14673400,75850100,1284200,5313200,2478800,14652800,11661700,2748200,3099000
2016-06-09,73786900,17571600,23440700,18489100,54934300,1328400,6820300,2885400,11188300,12174000,3062200,4132700
2016-06-10,113829200,32965000,32686800,29812900,77417500,1878900,6984600,4209200,15259900,13940000,2965700,2538400
2016-06-13,117751200,25154700,36169500,25323100,56865500,1026200,7283300,3979900,17257900,12594200,1594600,3250300
2016-06-14,125059300,24588500,34267600,69490000,71023800,1390600,9012500,6301100,20578800,11651700,1276500,3437300
2016-06-15,109124500,24605700,24197700,34010400,64707000,2377600,7953200,5589500,14202800,15053000,1829800,2829400
2016-06-16,149533100,32079900,36306600,27677700,73981900,3088700,10372700,4550700,19195500,26635000,1836500,2827100
2016-06-17,117055700,29208800,30096400,51689600,56740400,3140900,8489900,2673200,16113800,15573800,2476300,4408400
2016-06-20,82789600,20562800,28219800,38890400,78204200,1956500,7365900,4549700,13368400,11866200,1654100,3987000
2016-06-21,72461700,22804100,34706800,37705500,75173100,1494500,6005800,4396400,12141800,14585600,1550500,3614700
2016-06-22,95560500,22724200,27226100,45176500,67273500,1378700,5773700,4090400,10759500,7861000,2251100,3994500
2016-06-23,102731400,18714200,30240300,33064500,70159900,1715000,9029100,3942700,9920200,10704900,1561500,1672700
2016-06-24,333444400,68012700,74945400,85314600,158566000,4390000,17155000,5294900,31416700,35782900,1583000,5661700
2016-06-27,230775800,48222600,58358800,58864400,101826000,4493700,16577100,7323900,27244200,21228800,2276900,4769800
2016-06-28,159382400,28260600,42040600,45213500,68332900,1799700,14006400,5555700,13910300,16001500,1645800,5128700
2016-06-29,137328600,31356700,34031600,33914900,82587300,2670900,12999800,5325800,23604300,12218400,1671000,4395600
2016-06-30,165021900,36300800,42973800,48143600,92761700,5690800,14698500,5398300,26304600,15981600,2216100,6555800
2016-07-01,106055300,19902800,24401900,22693400,66514800,5292300,15430200,4396300,16343000,14940700,3913400,4731800
2016-07-05,109803700,21167900,29347200,33647400,63420200,2926300,8840800,4415000,12078200,19026200,4526800,3808400
2016-07-06,96021500,24579300,24678300,28451400,61084500,1921600,14352800,6770300,9607000,17376700,2535300,4577200
2016-07-07,85593800,19161700,20780600,24824900,49586800,1323000,9676400,2597100,13058100,16508500,3347900,5342000
2016-07-08,133971000,29457900,37964800,26189500,74907900,2097900,10355300,3835300,21395600,17634200,1516800,2663400
2016-07-11,73633900,20218500,26987300,25474900,70202000,2728800,8099000,3000200,18313500,10855600,1756600,3381400
2016-07-12,101275600,21906100,44153000,29839000,89275200,4116200,15810600,4363000,16074300,26459600,1414900,3727600
2016-07-13,87324100,21107800,28050200,27351600,62034300,3077200,8181700,3738500,13040300,7377700,2742600,4902800
2016-07-14,91230900,20871000,19345400,28145500,99969200,2761900,10817000,7254900,7764400,12132400,1645000,3060500
2016-07-15,107155400,17999300,23857300,29705400,82124300,2811600,9958600,4442600,9163800,13892100,1406800,3345600
2016-07-18,58725900,20713900,17422400,17614300,75861700,4173500,5955900,4737300,7447200,8489700,1465100,2699700
2016-07-19,54345700,18936700,19734100,19896900,54832700,4171900,8073900,7196300,7349700,5170700,854300,1916500
2016-07-20,58159500,24997900,22390500,20885200,48091500,2213700,6942500,3676800,7247500,11777700,1813100,2100600
2016-07-21,67777300,18885400,19018700,19635000,56354300,1944700,10398400,3570100,11265000,9399200,1309000,2179600
2016-07-22,62787500,20003400,17796100,16069300,45498600,1140000,5811400,3748200,10523500,7716000,1728300,2482900
2016-07-25,55873100,12968100,13694600,13277400,44174100,889100,4243800,3295600,14768400,13139400,1248400,2374700
2016-07-26,70080500,21223800,19551100,15025700,63593800,1694100,5243400,4929300,14292600,7613200,1451600,2460200
2016-07-27,84083900,27646100,21064700,17126900,67888600,1962700,8508100,5976800,11730800,17066400,2628900,3935200
2016-07-28,65035700,16939700,16540100,14445300,45590000,1220200,7336100,5276100,17968100,9261800,1235000,2853100
2016-07-29,79519400,22385300,30267900,21590400,85265700,2386800,8766700,4226100,15202400,13708200,3017000,3502600
2016-08-01,73311400,13990100,34771700,21623700,57794000,2479100,9809300,4827700,18335300,7109900,4540600,3335100
2016-08-02,92295500,21278400,28691000,20476100,81854600,2920500,10051200,4526700,21959800,7652800,3700300,3877100
2016-08-03,53993600,15011300,17830300,19684400,42844900,1148600,4930600,6037600,13733700,5010700,2559600,3829400
2016-08-04,46585500,12835300,17526700,16761800,70532500,1065000,5646000,3413100,11832000,4908100,1414600,2649700
2016-08-05,71892200,23196600,28643400,15143500,55760000,2368100,7778600,3888300,12314900,16205100,2201400,2941600
2016-08-08,39906500,12358200,14625700,10326800,43636800,1304000,5185200,4161300,10800900,6773800,2999900,2240200
2016-08-09,51251700,13276500,12487700,27514400,65823600,1817000,5503200,4259100,13772300,7500400,1660300,3474300
2016-08-10,57941100,14688400,19138100,17539500,59111700,1262500,5843500,6338800,7250400,6196200,2213200,5302900
2016-08-11,72504300,12969800,21144600,19675800,82544300,1823600,7624600,4227600,6732600,9763800,1959300,4788300
2016-08-12,61313500,19379000,12251200,11331600,54790400,1377100,7989600,6585200,3996500,15395800,1653700,2972100
2016-08-15,49813500,11777800,22048000,9048700,55160100,1031800,5108600,2980700,9396400,4530800,1281800,2961400
2016-08-16,53213600,14161400,20244300,14286200,62084000,1433500,6182700,4526300,8104400,8678100,3543400,4166800
2016-08-17,75134300,15980300,20632600,12103600,106432500,1733900,5002000,4566900,14139600,12034800,2806700,5192000
2016-08-18,52989300,10036300,16244600,17723900,63045700,1245600,3805200,4237900,8582700,9500600,1961600,4074800
2016-08-19,75443000,18743000,17379500,12142800,63995700,1396700,5516300,5272100,7474000,10660100,1215400,3284900
2016-08-22,61368800,14500600,16929700,10095600,62902100,1084600,5549700,5221000,5364700,8627200,931700,3671000
2016-08-23,53399200,11997900,21539400,12534100,72475000,939900,6841400,5398800,7476400,9038500,934000,6526100
2016-08-24,71728900,17728700,21533400,12206600,75080700,1345600,6027800,3871200,6655300,13539700,1471700,6064800
2016-08-25,69224800,24266300,17023200,10953500,56434300,1037700,5855500,3679300,7482800,5926300,694600,3219700
2016-08-26,122506300,23896000,26734400,19518100,178796200,1988300,12962500,3388100,10544900,17967700,808500,5844000
2016-08-29,70502200,11184900,14013900,10482100,49578800,1497400,7310400,2668000,10038500,5562400,841700,3318600
2016-08-30,58114500,19843300,14031300,10046300,48196900,2498400,5161800,10626500,16157400,9877000,1382300,3431900
2016-08-31,85269500,16169800,29236300,20437200,98943200,2008100,7349700,5300000,16985000,13324100,13259500,5003000
2016-09-01,97844200,20944700,22964700,18389800,67120400,1775900,9149100,10146300,14952700,12877700,2227000,4098000
2016-09-02,79293900,18088200,23083300,19151600,88393000,1550100,8397000,4155700,13540100,11318600,3184400,4439500
2016-09-06,56702100,18525200,13711000,14730600,108573800,1284000,8542600,6387400,12662000,15115300,1680200,3874300
2016-09-07,76554900,17546900,17830500,17917500,58618800,836800,5421800,2983400,8245100,8859800,1148500,2874200
2016-09-08,74102900,20125300,16265500,15572700,73367300,1287300,14301500,4632300,8430700,10561800,2248200,3123900
2016-09-09,221589100,50813300,54239000,23547000,124082600,1700700,13347700,8136000,25087600,12485600,2072800,7589300
2016-09-12,168110900,39646000,33408100,26966800,119811600,1446600,9096600,5164100,17718300,11140300,2022200,7088200
2016-09-13,182828800,45863900,47536200,24865900,160782500,1993700,15645400,13637100,21907200,8866400,1215500,7223000
2016-09-14,134185500,28221800,30545500,16841500,90163100,1062100,7037700,4444000,14257700,5820700,1505100,4781900
2016-09-15,134427900,38521400,29499800,20280700,87331100,994100,9874500,3441100,9964800,12790400,1056200,4320500
2016-09-16,155236400,27596500,31940500,47897900,92612000,833600,7507900,6832400,8396600,18995100,977800,6251400
2016-09-19,80250500,16222900,22807000,24184400,55874700,490400,7105900,5997100,9855500,4959600,2235400,3407700
2016-09-20,69665300,18078600,16877900,23968200,48531200,1177800,6054800,5026100,8705600,5672000,1666700,3905800
2016-09-21,110284400,31546800,30784700,28804000,123874800,1108300,10698100,4651400,17484300,13646400,1457700,6905000
2016-09-22,76678700,22614400,36287700,27047600,73865400,1012300,12426200,8544300,11813600,15188000,950600,3575700
2016-09-23,73630900,22213400,26118000,19380000,56201900,952500,5928800,6284600,13122600,7702300,1551600,4722300
2016-09-26,89827300,16403900,20028000,23824900,47253900,764000,8661300,5027000,6590500,5842700,1043900,3440200
2016-09-27,78494800,20238400,16939500,19862100,60877300,1583700,9450400,4571800,8516500,6220700,1134000,6479800
2016-09-28,87411000,14794300,19426400,21673400,82411300,594800,7958700,8094600,11149300,6757700,2413800,2676300
2016-09-29,128070600,27207500,26657700,16703800,74659100,1123900,8319800,5409100,13425800,7448400,1276900,4662800
2016-09-30,117202900,25543200,31764500,29074600,85539100,1774600,11747100,5224600,12158000,11204300,1924000,6718600
2016-10-03,83512100,19216400,18674300,17903600,77690300,3112000,7588800,5555900,10708800,9044100,4734500,10473900
2016-10-04,119948100,21239700,26057300,28707500,95339800,3949600,12048700,6890100,11057500,24372700,1430600,7415500
2016-10-05,72816000,14481300,24317300,14774300,61950100,1490600,8917700,4168600,9424500,14718100,4075500,8125200
2016-10-06,62927400,11987100,18937100,11592200,45429700,1577400,7839900,5909300,9455200,17917700,1460000,6760300
2016-10-07,89788300,19984200,28732700,16684900,77792800,1601100,9953200,2545900,10824200,17907300,1358400,6036800
2016-10-10,51855000,19687300,21481700,7860700,56113700,1067000,6089100,2246100,4182300,4514400,1547900,2818300
2016-10-11,130367400,27774400,31931300,18434600,79646900,1942600,9670400,3416600,8855400,6065300,2989800,4306600
2016-10-12,73866100,14267800,20210400,13537300,48482900,1037800,7582400,2327800,7915300,4848600,3655800,3492600
2016-10-13,101357000,22821000,26302500,13090900,67497300,1188400,7080600,4204300,10614800,7184600,1197700,3633600
2016-10-14,93346200,21313300,24554600,19288400,54235800,2105300,11415100,2208900,6766300,6577300,1170100,3187500
2016-10-17,58275700,14182700,17119500,12641000,37742300,1490800,10595900,2698800,7790000,4777900,2010500,3154000
2016-10-18,76869700,19276700,19158900,13028000,50174900,1484400,7151000,2944100,8404600,4919700,786500,2533200
2016-10-19,66519200,13702900,18477400,12500100,49171200,1264200,6941300,5010500,9874300,6019800,2279500,2871000
2016-10-20,73639800,18132200,20485600,9959000,55283900,979900,6082300,2646800,12558000,6496700,1212700,3261100
2016-10-21,89089100,15707800,21093700,12584900,33058500,571100,9222700,3502500,8332900,6707800,1034100,3193800
2016-10-24,60146600,19143000,15421600,12723000,28142200,900800,6507500,3816500,7200800,5481100,1957200,3948800
2016-10-25,66542300,20341800,16459800,12430400,32233900,735100,5134700,6611600,6906500,6141100,1372400,3161400
2016-10-26,75705500,20463700,24975300,12169500,50715500,1136600,5842500,10256000,13813300,3905900,1892200,4093100
2016-10-27,77220200,19099800,29525700,9309300,47287000,3668500,10044700,11643100,19333100,4336000,1052400,5969300
2016-10-28,140623200,35369300,35473700,15377800,69558100,1313200,7541000,5629800,19745600,11639900,1447700,4819100
2016-10-31,61272500,18749400,20311800,19266200,60365100,4413900,7047500,5377300,21174600,7722100,3300300,5009700
2016-11-01,122781800,23498700,34147200,19495200,90113200,2004000,12622400,9303000,26184000,13384300,4391000,7465200
2016-11-02,103330800,26960100,29859900,17538900,82319300,1455900,8666200,4798100,19593600,15692400,3264600,7847600
2016-11-03,88939300,36205200,22717500,12959100,67403000,686600,6085400,6320500,12699700,10093100,1884900,7221900
2016-11-04,109122100,26997500,35237200,17423800,78558900,1699800,7622600,4242900,10970400,8594600,1725100,4432600
2016-11-07,109794900,26591200,32370900,21383600,85341300,2617900,5386700,4352400,14416200,10015000,8293200,5860500
2016-11-08,106772100,20777900,26196800,17403900,83963300,1182200,7576500,3632400,20370600,9480600,1254200,4023300
2016-11-09,258429000,70234400,77416800,27175100,193443900,6381300,31233500,9216200,24858900,18236500,3111200,10045800
2016-11-10,172113300,72825400,83440700,37382800,206490900,5445300,22961200,9063900,33213300,22268000,1535100,13504700
2016-11-11,100552700,41115200,95612800,18430100,182114700,2482900,10040200,6011900,16442900,20381800,1701800,5066000
2016-11-14,94580000,35906000,83119400,20650900,107881600,3753800,21174400,7148700,21036000,20729400,3068400,6755200
2016-11-15,91652600,31796600,38704500,15311700,89937000,1391700,11963700,4840300,17888600,9348600,4373300,7719900
2016-11-16,65617700,16538100,42325500,22261200,65387900,2765700,9149500,5417800,11965700,5486100,2185900,10337100
2016-11-17,69797200,20598600,42576900,18459300,80829200,2499200,11221600,6106200,12017600,10342300,1104100,3645200
2016-11-18,86265800,16428700,41380600,17047300,51490500,4093700,13577700,9801400,17781800,10444300,1603800,3655600
2016-11-21,72402600,20268500,32293100,18504500,45251800,1364300,6488100,5077200,11581600,6654200,10376300,3488200
2016-11-22,67429000,18850600,39681500,17866500,61503100,1744700,9989900,3693100,16648100,6391900,2566400,4226700
2016-11-23,56620200,22926000,37939200,13840300,43495600,4607100,13563500,6098300,10662900,20982100,1863600,6542100
2016-11-25,37872300,7162800,13373400,7842800,28572700,948200,3126300,876100,2009600,5345900,2590900,1904500
2016-11-28,76572500,13479000,32505700,13608000,50953000,2474800,8555000,3125200,16897400,5655400,2835400,4065700
2016-11-29,69886700,18553000,27993700,14719800,36457700,1745000,8363000,3926200,9164000,7438600,6781500,3754200
2016-11-30,113291800,30405300,32491200,23874700,86930300,3362500,21163500,11333400,15211300,10925500,5383700,6826400
2016-12-01,79040500,39796600,39815900,22693500,80947500,3467600,21715700,11597800,18249400,10237000,3661700,6361900
2016-12-02,74840300,32876800,24054100,16077700,58727500,1660400,12487500,7533500,9360400,7416500,2360500,3695900
2016-12-05,67837800,21419700,27547100,19686200,53275100,2281600,12100100,4107500,9782100,10187900,3254700,3457200
2016-12-06,59877400,27293300,27820000,19217500,48356900,989400,11526600,9040100,16090600,5533700,1398100,4024800
2016-12-07,110738100,26622400,31825800,25749300,61773300,1237600,10392200,8069200,20886400,4901800,1842300,5754300
2016-12-08,99714400,18578400,49048900,23427000,60291800,1357500,12041100,5941700,10782100,5977800,1693000,4404200
2016-12-09,88005800,21863100,34313500,20886500,60173400,3261000,14646400,8875100,6463400,10507700,2500600,4506200
2016-12-12,102016100,23259300,34592900,16612700,40766300,1538200,9496300,7302800,8457100,6156700,2873400,3610700
2016-12-13,110477500,54477900,32624600,22116800,48943200,1993500,12189200,6232700,10739200,7961600,1381300,4015100
2016-12-14,142501800,28746000,45923700,26473700,95190000,3941000,16618400,6133700,15672400,12933600,3129200,4857300
2016-12-15,124972600,22762300,41352500,25317900,68897000,1999200,12400500,9352800,11221700,14427500,1580500,3915200
2016-12-16,156420200,26283900,39348200,24359100,75471100,1811800,14924600,7852000,15722200,10602800,1148900,6581100
2016-12-19,90341100,21138700,33393900,17705200,45241700,1691800,10868300,5777400,5897900,5339100,1565600,3663600
2016-12-20,89838800,11461800,31753600,17813500,39157800,969400,7030600,3750000,11072400,7321100,2103500,5193600
2016-12-21,67909000,7079300,23215900,17793900,52040600,1870500,4624700,4199600,17461400,5188700,4886500,4998400
2016-12-22,56219100,16645000,34737900,16310200,48802800,1872100,5177800,3773400,8507600,4942800,3033800,3891700
2016-12-23,36697800,9007500,17081400,14821600,32062900,830400,4461600,1291700,4230500,5012200,1265400,4504400
2016-12-27,42672500,16110600,13571700,13327700,25959900,1148800,5276600,2542800,5840600,3685500,1303600,3833000
2016-12-28,64095000,17975200,22712400,19569400,33745600,1369800,7578600,1731700,6961200,5091200,1603200,3979500
2016-12-29,48696100,13267500,21312900,16406100,48465500,1328600,8581400,3309500,3794300,7563900,1198000,4259400
2016-12-30,108998300,41749000,28399300,25266000,60515600,2439500,10613900,2388400,7513400,8873700,1623400,6673400
2017-01-03,91366500,22307600,29792400,27938300,64483700,3230500,13217300,5822600,14050100,7527400,5935100,9380300
2017-01-04,78744400,19749100,34499400,25670000,83072600,1523000,6699600,4999200,11912400,4904100,3281500,6598700
2017-01-05,78379000,20644300,30286900,22063100,60303200,3344400,13265800,7071100,10458600,9606800,28475900,8555700
2017-01-06,71559900,24074300,23436000,22073700,33132200,1601400,8369300,4496000,6836400,7686100,2781800,3901200
2017-01-09,46939700,18909200,24077900,13962400,33950800,1275000,8839100,3561400,6648800,5674600,3365900,3546100
2017-01-10,63771900,16176600,21684900,16296600,46621700,1352700,8417900,4259600,11777000,6093400,1915100,3959600
2017-01-11,74650000,20686000,27428800,31352400,92509300,1833700,9402500,7133600,11914200,9918700,2711900,4498000
2017-01-12,72113200,19622500,41844200,25127300,38318100,1544700,9977600,3922600,12512300,8457300,1752700,4670700
2017-01-13,62717900,16930800,27784500,20901900,35242000,1833200,9820000,4045300,8861000,7261500,1241000,3658100
2017-01-17,61240800,14538500,28197800,22524800,38367000,1656800,7853300,8443000,8633000,9142400,2168100,4139200
2017-01-18,54793300,12499700,21289700,14581400,37054200,3640400,9064700,6026200,12715500,6498100,1570600,3317400
2017-01-19,66608800,12710700,34105900,17619300,52877000,1840000,11795600,3371300,10703200,6437000,2495900,3169200
2017-01-20,129168600,22091000,29286100,24974100,59295600,1306400,16953200,4570600,9262000,12261500,1780900,3285400
2017-01-23,75061600,17434200,20537000,43093600,51401800,1720200,13118400,8747800,13561300,6373100,1390700,3165600
2017-01-24,95555300,17640900,34313800,18176000,45519900,1344000,8395000,5129700,7490500,5798800,2219200,4204200
2017-01-25,84437700,15036200,29127300,27237600,42660800,1816000,11115100,5886400,8953900,6697500,1724200,3461500
2017-01-26,59970700,16052200,22255600,20838800,43300100,2212900,7827900,4033200,7443900,5390500,2201400,4093700
2017-01-27,59711100,15053000,19467800,13061000,30457500,2285200,7197800,3816700,7888100,6706600,1835600,2996000
2017-01-30,79737300,25006700,40464400,19146200,34712000,1909300,6569500,3651000,7637600,7687800,4275000,3182600
2017-01-31,75880800,19091100,32945000,29996800,67258600,1411700,13298500,4982500,12249400,10421900,14620200,11091400
2017-02-01,79117700,22861900,30010500,26726400,54321500,2055100,10975500,3626900,12489400,6932900,4732000,4555800
2017-02-02,69657600,15101400,19935700,14796700,26814000,1423500,6978600,7145600,10886200,7189500,3617100,4754800
2017-02-03,80563200,16957200,24534100,13963800,34305200,1711100,10275600,5243200,12674000,9455500,2433500,4165000
2017-02-06,57790100,11630100,23691500,16220200,30250100,1500500,8433800,4494500,7004900,8547800,2332800,2985800
2017-02-07,57931200,17541100,30342200,12123000,31693700,1540600,8418400,3228900,11170100,8621000,2026500,3250700
2017-02-08,51566200,12569100,32956900,16749200,37862900,3182200,15734200,6287200,11107300,9633400,2314600,3316700
2017-02-09,65955200,17542700,28267600,14299600,38286700,1530200,16890600,4692700,7292600,8177200,1669500,2806600
2017-02-10,66015900,13915700,27287600,13212100,38798700,1646400,7978500,4881600,5471800,9072100,2768200,2983800
2017-02-13,55182100,19120200,23245100,12694400,34007000,1045200,11536800,3723500,7477200,7354900,1122500,3968200
2017-02-14,71109000,16333500,27145000,14256600,55327300,2318100,13210500,4404100,8785000,6927800,1679700,2687900
2017-02-15,86785800,17891400,20253500,15460100,49527300,2750900,8481000,3632700,10582800,7088400,1350400,3687300
2017-02-16,84722400,15098300,24613600,14416500,42986800,2459800,10005800,4037700,8917800,6378700,1300300,3097800
2017-02-17,77204100,15563700,26703200,14938000,54880700,2237700,7886400,3104800,6247300,7338100,2265500,2624100
2017-02-21,88946100,18479600,21353500,11550300,42603700,2832700,8703800,3656200,10437800,6166900,1838700,5646700
2017-02-22,62115200,12110900,14890800,17129400,39083500,2812800,8101500,4259100,10963600,6057200,2480700,3464400
2017-02-23,74615900,17489000,24596200,12410600,46763100,1842700,5330800,4247900,8150200,7523300,2209700,3430900
2017-02-24,82381600,18624500,24512300,16198700,44575100,2677000,11336000,5388800,8390200,9809000,1371600,3667400
2017-02-27,56515400,12008700,28269000,14039000,53625500,3292600,11039800,5083400,5693300,9263500,1914300,3326700
2017-02-28,96961900,16598600,40184100,20439100,71508900,2482500,8410500,4290600,5868400,8727800,2321000,5778100
2017-03-01,149158200,25813800,35719800,20198000,93966300,2249000,10717100,6524600,10612100,8679600,2324000,6282800
2017-03-02,70246000,19951400,25937000,16452800,63518000,2023300,8201200,4687900,9193000,10986300,1381200,3060400
2017-03-03,81974300,13722700,30989800,19149100,54969900,2509000,9515200,4926300,15059300,10665800,1805600,4177700
2017-03-06,55391500,12026200,23892100,10965800,30455800,1401700,4489200,3464400,17066300,4883500,1297800,3237400
2017-03-07,65103700,15500900,29711300,16308800,43470400,1596300,7080100,5999600,17023100,6846300,1468000,4658000
2017-03-08,78168800,15776000,34115100,11568200,60587000,2392800,11336300,7933300,22433500,7620900,4012200,4814100
2017-03-09,90683900,20855300,35223800,13369300,64159100,2322900,10575400,5497200,21260700,6410900,4657800,5604300
2017-03-10,81991700,21922600,39516600,18987900,45184900,1333000,9218500,4789100,20643900,7929500,4163400,6278800
2017-03-13,57256800,10731600,21295000,19718700,42405900,1342600,6993100,3171600,13512300,5807400,2701200,4691000
2017-03-14,59880800,14019700,30037800,15953500,56600300,864600,9869200,3598500,12808500,5301800,2946400,4582400
2017-03-15,96081800,22709100,31230400,22841100,124080900,3701900,14600500,7841600,19654600,13524100,3442700,7177800
2017-03-16,78344000,18457300,25306600,24380100,137911800,2749900,8018200,3116900,15807500,9322000,2088200,4456700
2017-03-17,89002100,21234500,33324600,20697400,68267900,1186700,7266800,4440500,9984500,4683000,1161700,4380600
2017-03-20,52537000,10105200,19091200,13484400,70310000,1362700,5497800,2939600,12220600,4000200,2166400,2748500
2017-03-21,131809300,35841900,61869000,23331500,71712900,1407000,12540700,5032300,16918200,9567900,1882000,6969700
2017-03-22,97569200,29177900,46332600,14492800,70134100,2231300,11661400,3905800,14054600,7287400,1921500,4618000
2017-03-23,100410300,20311700,37764600,25394800,53877500,2584700,6746500,4504900,10618900,6201100,1511400,7610200
2017-03-24,112504900,22967600,33514400,25264500,68871400,2540000,5819600,3158300,8920800,6879600,1372400,4399200
2017-03-27,87454500,18472400,35596700,30294500,52896700,2614000,6878500,3492100,7788700,8519600,2124000,4556000
2017-03-28,93483900,23721900,26891900,23196000,51799000,1356800,6811200,4834900,16871700,7112800,1713300,4232100
2017-03-29,61950400,13710000,22119500,19090800,36857000,1860400,6291000,3457100,12266300,4911000,2553000,3123200
2017-03-30,56737900,16092400,25792900,16049800,33282500,1487800,7042400,2667700,16367900,6894600,1325100,4593300
2017-03-31,73733100,19841400,29434300,30871700,94971500,1698500,5144800,5772300,11778400,8520800,3000100,7167900
2017-04-03,85546500,23700300,38834900,32855200,60048300,4175500,12996500,3713700,20664400,6105700,4604200,7469000
2017-04-04,56466200,13400000,25642600,16793800,44136500,1319600,6976700,3016200,8473900,4687300,4604200,5359300
2017-04-05,108800600,32011200,44968800,22710400,44099200,2551100,8555200,6753900,11102300,8106000,4604600,4738600
2017-04-06,69135800,18832200,41012100,17795900,35544800,1496300,6497000,2012600,7234500,4633500,2856200,4711500
2017-04-07,74412300,16743100,24300200,15848900,40355800,1185400,10270000,2121700,5457800,12351100,6227100,4483800
2017-04-10,67615300,15619300,22779900,11321500,33853800,1752500,5314500,2766200,7996900,4623700,945800,2547800
2017-04-11,88045300,33778400,32589200,18663100,46002800,2219200,11297400,3534200,8005800,12455300,1391600,3864200
2017-04-12,81864400,15955200,25700800,25045600,55149100,2273600,11532500,2886300,8723800,9502500,1429300,3526900
2017-04-13,92880400,23683000,30207000,16760100,48182500,1868200,8396700,3286700,10446700,9892600,2123000,2759500
2017-04-17,68405400,13325500,18278800,15573500,29862300,1110500,8015000,2933700,7158700,8469600,1866000,3875000
2017-04-18,83225800,12841100,24553300,21171100,50889200,1678400,11529700,3616800,9062800,10903700,1462800,2807300
2017-04-19,68699900,17764800,34627600,13263100,58751100,1750000,7344000,1839400,8643200,8472700,2094500,3622900
2017-04-20,92572200,21977900,31934400,20485300,46722900,1694700,7932900,3264000,7766000,11787300,1847400,3109100
2017-04-21,110389800,22454900,29386000,18989800,32949500,2792500,9798500,3892400,11328200,15608000,1585100,3261900
2017-04-24,119209900,22469900,33836900,32694900,63549800,3558000,8066400,3193400,8904700,11053600,1767600,6595300
2017-04-25,76698300,19384400,32751700,24975200,50957400,1985700,8122300,3541100,12493400,10344800,1586400,3412300
2017-04-26,84702500,25398500,41669200,20489600,56452000,1314400,5766200,3320400,7269000,9758800,5213800,4185400
2017-04-27,57410300,16136500,23004300,13855700,42298100,1988200,4978300,4391000,6897900,8267000,919000,4822200
2017-04-28,63532800,22771900,31113900,25361200,56635400,5489800,8166300,4478000,7542800,9134200,2065900,5983700
2017-05-01,66882500,24815500,20925200,22211300,41171000,2044400,8795900,3479800,10336000,9331800,3598700,6003600
2017-05-02,57375700,18345100,17993900,23500000,55325500,1585300,6727800,2858200,10792800,4900800,3162000,4930000
2017-05-03,73137700,23827600,27050300,12811000,58336100,1861300,8932900,2854900,7413400,10811100,2146400,6207500
2017-05-04,61462700,14630100,25799100,16359700,81078300,1237100,9707200,1540100,20562500,12406900,3352800,8025100
2017-05-05,62001300,19330700,23806500,18990900,52581000,980000,5605400,2887300,14935200,7127200,2436200,5458100
2017-05-08,48385700,13279900,16680000,19823800,35951500,4887400,8057800,3886500,8199200,5438400,1583100,3940600
2017-05-09,51363200,28426100,23988400,28186600,70127300,1457900,5536700,3012400,10810000,6801300,1473000,5790900
2017-05-10,54293800,20499400,19791500,18524300,47629100,995500,6517000,4282600,10824900,4290500,2232100,3801400
2017-05-11,62358300,27232100,28617300,18381600,37366100,1088800,7479800,2263500,8461400,6274400,1312200,3542600
2017-05-12,53912700,19738600,24111200,27683000,65418200,2005600,7463900,3165000,8929900,5434500,788700,3115400
2017-05-15,61918900,20481300,31132200,20493900,52561000,672200,5173200,3752700,10690200,5019600,893700,3263900
2017-05-16,51241800,21786000,18520900,21931200,41936300,1314500,6722700,3996400,12638900,4942800,755700,4338600
2017-05-17,172174100,55642200,50791200,30198700,63287300,5644700,11236400,7304300,14055700,13936900,3215000,7243700
2017-05-18,107047700,41319900,44805100,19242600,121234700,1715200,8350500,4825400,10731800,10341100,841700,4128200
2017-05-19,115011400,36730100,44450500,34855500,63742000,3503100,11277400,2907800,15998800,6787300,736600,6390100
2017-05-22,61010600,19509700,20062700,14692600,46357500,1425800,4062900,2852900,7181800,5132500,1975400,3433700
2017-05-23,48341700,19687500,16681400,12489200,39495600,2984700,7901300,5154200,6998400,8305400,1361200,2960100
2017-05-24,46927700,15891900,21256000,15075500,48549600,1776300,7355200,5274800,8533600,7025000,1150900,2578500
2017-05-25,64071700,23928600,22804200,13265300,39606900,1361000,6464800,2806200,7985500,4105100,1306400,3146900
2017-05-26,46629900,13851600,20047300,25971500,31372700,1016600,2963800,2054800,2909500,6791600,1106200,3046100
2017-05-30,35201900,20306400,25544100,14415300,35122800,2335200,4819400,3898300,5371100,4507500,2593000,1865200
2017-05-31,91796000,33229400,34345400,31167900,80159500,1752300,8000200,4428500,13758400,10360700,2029200,5515000
2017-06-01,68962000,20120700,44618600,25610000,46802100,1769300,9037300,9430000,19189300,8702500,2487200,6557200
2017-06-02,88666100,37222900,46680200,22765300,43699200,1803200,13245000,5130100,9491600,7268100,1460600,3999500
2017-06-05,44698800,15727500,20808900,14304500,39245500,1414900,6775500,3198500,10384400,3979200,1512700,4919900
2017-06-06,50375400,22393000,25460900,11387200,34184900,2078900,12841500,1806700,14386500,10798500,1064100,4358300
2017-06-07,54144300,18842400,20542200,15346400,34745400,1795800,12852400,5702400,13329000,9039200,1661800,3191200
2017-06-08,65950700,25417400,33956400,15425200,48941400,3863000,8758600,3895200,14208300,8169800,1348100,2963600
2017-06-09,132256400,109783700,56979400,20807900,73660800,1203400,5130500,6884700,10414900,7054700,1206000,4950400
2017-06-12,86108100,104454000,34665500,17937200,52374200,766700,4335800,4075100,9900000,4927400,2584100,4049500
2017-06-13,60067000,51193000,22046800,19123700,38327800,682300,4742600,4822000,8640400,3786600,890000,2787500
2017-06-14,78602300,60093800,33021900,18739500,70500400,3712100,20212300,6852800,8850700,21124800,1195800,5317300
2017-06-15,66464900,55145200,27376800,22870900,87660700,2000400,5863700,6624700,10860500,6796700,1042900,3757200
2017-06-16,84553100,48087400,35608400,24571500,53875900,3460300,6672500,4314800,11996100,6435700,1476500,4497900
2017-06-19,65123800,39626500,25163300,26706100,68181200,1105900,5641300,7827700,6398400,6787000,957700,4892200
2017-06-20,56906400,40935100,20111900,23798500,71372000,1252000,8405700,6906500,18318500,4617400,1559400,3194300
2017-06-21,55977600,35743400,23351400,10989000,54840400,1159800,5914800,5462700,26728100,4723700,2879400,2559700
2017-06-22,44148100,24099100,17917200,13521700,50400700,1160100,6608100,3520800,18699400,5811900,1305700,6220800
2017-06-23,66986800,21654300,20772500,15138700,46141200,1581000,4329900,5495700,11337700,9258600,1874600,3759000
2017-06-26,56700500,34411100,22988300,21872800,44381000,3625000,5541600,3808600,9504500,6593400,1566600,6417400
2017-06-27,82247700,65957800,24610100,17466000,54898400,1755200,8354200,4736500,15293300,5759300,1174900,3925300
2017-06-28,70042600,57427200,25085400,26317300,33600800,1530900,7357900,3933900,9755500,4220100,2204700,2956300
2017-06-29,106949700,88769400,38794900,35923300,66218700,1997200,9115800,6954200,14548400,7705200,893600,3985800
2017-06-30,86820700,68898300,22798500,28866100,76054300,1909600,10189800,4567700,8202000,7272600,2047400,4206900
2017-07-03,39153800,32797000,12968200,9564300,38427000,1255300,11021100,5759500,13882000,12145000,3013000,3169500
2017-07-05,54427600,42116600,21865500,26253300,49491000,10477800,11394500,5406900,16269100,7223300,3157600,5370200
2017-07-06,65400800,48430500,30563400,22874100,48464800,1794300,10853100,11548000,15424700,4443400,3055900,4091400
2017-07-07,57972300,36970400,20511000,18885700,69254100,1799900,9401800,9803900,15731200,11153600,1950900,3249800
2017-07-10,36663300,24853500,17206000,10674800,38230800,1247700,3859200,2234500,12286600,4970900,979500,4164100
2017-07-11,50354600,31517700,16192900,13584000,41916900,1112600,4425600,4340900,9261400,6637900,759800,3346600
2017-07-12,59610400,36045800,19358600,15995600,80106600,2451700,7839900,6779600,17979900,4654400,1252300,3189200
2017-07-13,39471600,31073600,16559300,22520700,38698800,2095900,7449300,3977400,11744600,4148900,630000,2556100
2017-07-14,60262700,34544800,15465300,14145100,51171300,1260400,6566800,5302000,12626700,5788200,759000,2577600
2017-07-17,33531900,25343200,15374600,10326100,44288000,1289200,4737300,5899000,10158100,5170800,1141300,2730700
2017-07-18,42742500,25748500,16653300,11718200,49195500,1776100,9163000,4775300,9221100,7158600,858900,3012500
2017-07-19,51034300,33752300,16985500,12542300,37949700,2466000,5140900,4144200,8250900,3205100,825500,2949700
2017-07-20,47135200,36139400,17047800,13792700,35990000,2317200,12239100,1925200,11827800,5571600,1132100,3140400
2017-07-21,82340800,39697100,21662700,18391200,34217900,1664200,6201500,3634000,8771700,10135900,894800,2967100
2017-07-24,46622300,26712700,16694000,17486100,37613800,2342700,5378500,2647900,4707500,3654300,606700,2659300
2017-07-25,54915600,28120900,21066400,12297600,37103900,2513600,9743300,7043100,7292900,6203000,722700,2785000
2017-07-26,47575400,18610600,13574900,19186700,49001700,3010400,8459500,9355500,7279800,8527900,2389200,2976800
2017-07-27,70766600,80665900,24355800,13754400,61916500,1853000,6390800,2769100,11624500,6385200,1062200,2828800
2017-07-28,50088400,38013200,19933300,15080800,46072600,1001600,5491800,2312200,4945300,7393600,834800,3024500
2017-07-31,65838700,33848600,16417700,20998800,60833500,921800,5464600,3689900,9779900,3944600,1109900,2967600
2017-08-01,55050400,20149400,19835900,16206800,37138400,1958300,9676800,7390500,14946800,7365100,1041300,3142900
2017-08-02,47211200,41769700,19934300,8948300,29234800,516100,5745600,6728600,7422700,5945300,2126600,2192000
2017-08-03,40856000,27112800,19624900,11245900,45351400,1576200,10324500,6520500,9548300,4275600,2187100,2032500
2017-08-04,60191800,29472900,16473500,14178000,48442700,1266100,8485500,5095700,6451600,8644800,1113200,2068700
2017-08-07,31995000,17933900,9176200,11865600,23791100,554100,4684600,10816400,5204700,3010100,989400,1642700
2017-08-08,61719400,30810400,27248700,13510100,33793700,1277800,6197400,9992700,18534700,7227200,1113800,2324400
2017-08-09,62632600,36169500,26534300,15080100,29007400,1268000,9221800,7465800,15001700,9186200,1013700,4508400
2017-08-10,120479500,63331700,40983500,28825100,104326500,1412000,10378200,8053400,24749700,9817900,2661400,4190800
2017-08-11,74869900,45862500,32779600,27456400,52964600,911000,5717800,10910500,17434300,8019500,1543200,2692800
2017-08-14,73291900,34161000,21710900,13311500,37340400,1386100,5111000,3051500,12566000,6035300,1346600,2160200
2017-08-15,55242700,25509200,16646000,13212200,29467800,1146300,7473200,4710000,6830500,6731300,839800,2260000
2017-08-16,56715500,31913000,21858600,14030700,43356300,2160100,5283800,5190200,11716100,8267300,2787700,2945300
2017-08-17,128490400,70191000,32722900,18647700,65838600,1637300,9364700,8973800,14112300,8183800,1782100,2053900
2017-08-18,136748000,60751900,42401900,16347200,67014400,1235700,8382500,4350900,14324400,13654200,1266300,2011600
2017-08-21,65469700,37111500,21504100,11760800,27756400,718800,7669800,3666200,7763400,5549700,953900,2487600
2017-08-22,63140100,36294200,25170600,11528800,30935800,984500,6140700,2390100,12982200,6493900,1118900,1835300
2017-08-23,50203800,25702300,18381900,13007000,48383900,1246100,7446400,4590000,6449500,5038400,1042000,1889800
2017-08-24,50741700,38160800,15726600,13150600,52141700,2520900,5569400,2929800,8480100,4193400,766200,2012200
2017-08-25,64445900,26380400,17163000,14942000,55530900,1007500,7303300,5488000,6622800,12398200,565000,2147300
2017-08-28,40565600,15362100,16333300,13422100,37424900,921700,4448500,5200500,5161700,11578300,925900,2072000
2017-08-29,51135700,24498300,20277600,11536900,45507800,1590200,7659400,3499700,8991600,9861500,712000,1401700
2017-08-30,62030800,33642700,15915500,10510300,46687600,1299900,4735200,2573700,13431100,6328400,831900,2054100
2017-08-31,103803900,38480700,29260600,20277900,62118300,1023600,7978400,4549400,12705200,11775500,2587700,3212700
2017-09-01,62007000,22293600,17412500,15541800,55195500,3460000,14128600,7946000,10535700,11567400,2722900,3385900
2017-09-05,91398800,44794300,21908400,18682300,49130500,3054800,15215700,7357000,9560500,11813100,1211700,3705200
2017-09-06,57916900,30722700,18399700,21335800,44733800,1601500,9066400,8863700,9023300,10059300,2212200,3330500
2017-09-07,58034700,22721100,18159800,14599300,39114300,4292500,13618900,7698800,8784000,10219700,1205400,2313000
2017-09-08,63832800,27890100,21870500,16168800,41973600,1249100,9808500,6776600,7688700,9020000,1041000,2334500
2017-09-11,71364800,27126300,22617700,19127300,45287800,2206200,17856700,4220300,8047600,9126600,1104300,2352600
2017-09-12,56896000,30256700,22679600,11803000,49495000,3167800,7557400,4615800,4752800,8349000,1451600,3991300
2017-09-13,59228000,28450900,25052500,14672800,54758700,1590900,6740000,5671300,11725900,8491000,909200,1840100
2017-09-14,95446300,35296400,18353800,14862300,36057900,1377700,6674500,4333500,9554600,5330700,944000,2839400
2017-09-15,95432400,46422400,23184000,16315500,47816300,1477000,9769200,4631300,8248000,8375100,1176500,3172800
2017-09-18,46235200,24858200,24427400,13594900,37633400,3032500,6863000,4971700,7442200,8859800,1693700,3442200
2017-09-19,47108100,20871200,16346300,8877200,63741000,673300,5554900,5296800,7208300,5826500,537400,2916500
2017-09-20,59574100,34236200,20244700,15309700,78810000,2397500,8037000,6603300,10087200,11415400,1577600,2741300
2017-09-21,48211400,28841800,17395900,10250100,32668200,2390000,6147800,3410000,6932300,7757900,1146000,6278500
2017-09-22,51214000,21702400,25203000,8442800,39264300,826600,5660700,2099200,7570500,6011900,667000,4549600
2017-09-25,57064400,54947700,30012800,13473900,85660600,1927000,9679000,3489900,4326200,10257200,1120300,5536300
2017-09-26,54082000,29628800,28238100,20026600,62892900,1061000,7251900,10290700,8816500,8673600,1114000,3099300
2017-09-27,81001400,33249400,66351700,17751800,80084700,4039100,12145700,6695500,7490100,6903900,2008000,3812800
2017-09-28,44778800,24149400,29291400,11704000,54957600,1873300,8883700,6350800,5934000,5968200,909000,4114300
2017-09-29,85578000,43102400,21738700,24981400,70546800,2037800,11285500,7627300,8906900,10208000,3072300,4245200
2017-10-02,59023000,27351300,29772400,16475600,68124300,3221600,7860700,7218100,13097600,11755400,3580000,4533800
2017-10-03,66810200,19715200,28372800,12073300,54087400,2521700,6219800,7569400,5928800,3728700,1384500,6710800
2017-10-04,55953600,26381100,22024700,12518600,45574100,2198300,7447000,5376300,5832400,6475200,1411000,4137400
2017-10-05,63522800,31562400,22538500,11871200,38759200,1779900,8180300,3932800,5967900,6205400,1391000,3398700
2017-10-06,80646000,23561100,19350800,16923300,44870200,2350600,10375000,5901300,5847400,10013300,1384400,2594800
2017-10-09,35803100,13704800,13981300,5155600,25022400,893100,3590900,1312200,3278400,5264100,632700,2248200
2017-10-10,43057400,19223100,21951900,16626700,45691800,1123100,6666800,3873400,8786500,9315500,650600,6012600
2017-10-11,47674300,12439100,15137100,16732400,48802900,2841200,4385900,7170900,7948700,5649400,709300,2944800
2017-10-12,47065100,14513500,17185600,10774000,35546600,1349300,7141600,10302500,6181100,3037600,789900,2787500
2017-10-13,54800400,18409900,15464400,12928900,61902200,1521700,7746900,5755800,3941200,6820300,627000,2662600
2017-10-16,38221700,21809400,20653100,8800600,34089400,1666100,5737300,4886100,6060300,8202000,905300,1972300
2017-10-17,31561000,13138200,18046800,8286800,38828200,673800,4969600,4476900,7468100,7041300,615100,2191300
2017-10-18,40888300,17218200,20541700,11793200,36187200,1788500,5943800,3272500,7974400,3666400,503200,1935900
2017-10-19,61903800,27680300,17164900,10368300,51487000,1518700,8966500,4143300,7270600,5567300,1757100,1838700
2017-10-20,89176400,30173300,25224500,12636300,46370200,2651400,12326900,7280400,7107000,8481100,503700,2929900
2017-10-23,63915300,29297100,14676400,8422200,47564000,709800,6871100,2675800,7227200,5069700,1102300,2618800
2017-10-24,66935900,20289500,17527700,10586500,40213400,1605600,6842800,4686200,7103700,5114100,687100,2521400
2017-10-25,103715300,36179100,27235300,11495500,57309600,1838800,9961400,8866600,16817000,4282400,865300,3490900
2017-10-26,69798000,28230200,15205900,12355500,55320500,2062400,8179400,9420100,10649800,6438800,500200,3916400
2017-10-27,85562500,60165100,32744100,18853800,55225600,1315000,10480900,6915900,13720000,6664200,892900,2979900
2017-10-30,54285700,31733400,30524800,14308400,35732500,1692700,9051600,5236600,5954500,5119200,1241900,3061000
2017-10-31,60304800,26319300,22449400,24418400,63902300,1178000,4424300,5932800,7198400,3910500,2245500,4422700
2017-11-01,54202700,29481600,31585500,23674500,51926300,1321500,8940400,5967400,9505500,4647800,5287100,3507700
2017-11-02,56449500,31017400,28176600,20430900,38024500,1997900,7222700,13253900,6096800,5369500,5054600,5159300
2017-11-03,59589700,26199200,22312700,14078700,42909900,2532400,10984100,5307500,7003200,6330600,4649100,2458400
2017-11-06,49652600,28693900,15576800,11959000,30828500,858400,6246700,9576900,12262400,6953800,7479300,3156300
2017-11-07,57502200,21333100,29549300,13024200,46904400,734800,6422700,7643200,11805400,4165900,5736700,3992500
2017-11-08,50469600,17373500,30682500,15924200,35006300,947800,3356200,7185500,18120000,5565200,1670700,2058200
2017-11-09,95085500,40594500,40144400,22577000,39894900,925900,6280400,7232300,38343500,6072400,1459500,3856400
2017-11-10,59984700,20150800,17823700,11070800,32484400,1862000,11981000,5816600,24521600,7116200,1740600,3657400
2017-11-13,50228600,12522400,14680000,13605200,52239700,868300,5880800,3646400,16280500,6249300,1918500,3487200
2017-11-14,61315200,25173800,19682200,13850100,56682300,1629200,6195900,6112500,13870600,6189000,2498800,4039200
2017-11-15,80811500,24808000,23925200,18547300,49000900,1933100,9568200,7141900,25382000,4984800,1621100,5171100
2017-11-16,67777000,34790600,25889000,17372500,46316400,1749200,5894900,5051200,30075200,2796500,1457700,5137200
2017-11-17,75756800,28725800,25816700,24773400,46258900,941200,6938800,5521500,15942100,10614000,6369300,2782600
2017-11-20,48075500,21143900,22793000,20689600,45493800,1153400,4232300,3190600,8930300,8356700,1627800,3613800
2017-11-21,69176800,20147800,29392300,17104800,63587700,835600,5818400,4372100,10102400,4956500,1094100,3056900
2017-11-22,45033400,17299000,14136600,17943200,60764000,1657900,4140700,4111500,9473800,5211800,1651300,2347400
2017-11-24,27856500,8280600,6816300,11732300,25838000,614400,3141400,1359700,3126500,1779700,576200,1255000
2017-11-27,52274900,22653400,18416900,17066500,47853200,1927500,6079900,6049200,10645400,4961200,1248900,2218000
2017-11-28,98971700,25227300,35898300,19389400,54357600,1388000,5983000,5176400,10403700,5603100,3163600,2946800
2017-11-29,77512100,71986300,38234200,19328300,66269800,3193600,14547100,7606300,11806200,6138900,1814100,4633900
2017-11-30,127894400,56595500,32230700,24443400,118059300,3306400,9630000,6119600,17981500,7936300,1926400,4849800
2017-12-01,164390900,59015800,62734800,33370400,88358900,4341500,24583100,13958300,15485800,13080100,6363500,4664700
2017-12-04,94040600,51319100,36366800,19355500,67381600,2356200,9609200,5766700,14801700,6943700,1210300,4484100
2017-12-05,77994500,40604200,29667200,15853700,32126400,1586000,10958900,4541900,9347600,10041200,858700,4372600
2017-12-06,75898600,28647800,21273800,12481600,81862800,1459000,11834200,4801500,10081700,6643000,1976500,3967900
2017-12-07,77218600,32666200,29675200,16966100,70820800,1953400,13056800,8295200,8955900,12900200,2405000,4049100
2017-12-08,76563900,28081700,20832400,19106800,42794900,2519500,4786100,5135100,9100400,5231300,1667400,3448600
2017-12-11,83077500,20821500,26654100,20038600,46795900,702200,3863800,4521500,11847900,4522200,1083500,5326200
2017-12-12,85195800,20310300,25854800,16514700,47157800,2557500,7502400,10153000,8846700,8020100,918500,4732000
2017-12-13,102905400,24418500,30082600,25920500,75946200,1477800,8532900,7205800,7495000,10086700,2441600,3887100
2017-12-14,100666700,24594700,32882600,27424600,50968200,982100,6885000,8022200,19337000,6993600,2278800,4901000
2017-12-15,144610300,49816200,42851600,32906900,67881200,1845200,7239400,5846000,14223900,7532000,1953200,4909500
2017-12-18,83653600,26844500,22714300,38998500,61186100,1610300,7239700,6371100,11735200,5452200,1587300,5169400
2017-12-19,82382900,31415000,24313600,37373700,51306800,4535100,11045800,6029200,10985000,4018900,1575000,5259200
2017-12-20,76751500,38972600,19042800,18729500,42832800,3027000,10005800,9805700,11857400,5734600,1741300,7831900
2017-12-21,67032300,18638700,16772600,22930000,40602200,2098800,7026900,6210400,11195700,4823700,3497500,4701300
2017-12-22,78720900,23330400,13599400,18767000,40032700,696900,3974300,2934900,11136900,5791300,3404600,6484400
2017-12-26,45244400,21918700,11949600,15995000,29614100,2584800,3168400,1873000,5798900,8224400,1793800,2874500
2017-12-27,57751000,22388200,15949900,19835400,35373200,2291500,9059700,3179300,5625500,6232700,6071600,4341500
2017-12-28,45116100,25393800,10167300,20811200,34284300,1540500,5297100,2493200,6116500,5732700,1933800,3172900
2017-12-29,96007400,33186000,21006500,16214700,46485100,1849600,7580500,3003300,5116800,7852100,1984300,2957300
2018-01-02,86655700,32573300,20489600,26530000,68969400,3902000,16238200,8480600,7223500,11762500,3995700,4639500
2018-01-03,90070400,29383600,21836600,33384900,56228700,2135900,8605100,5087600,20557100,7904300,6139800,5516900
2018-01-04,80636400,24776100,14207100,23974400,52154900,2430000,9217900,7710100,13610900,7329700,2532700,4734100
2018-01-05,83524000,26992300,19883900,17483800,50026900,2163600,10915400,5796500,9851600,5739900,1746400,5742900
2018-01-08,57319200,23159100,18457300,21733700,36998200,2450600,8850600,3897200,9804000,3566700,2208000,4763200
2018-01-09,57254000,24782400,16571300,19138900,42131600,5924200,16226400,7621600,13550400,9153600,5148000,4631000
2018-01-10,69574300,34004000,18516800,18118900,72183900,2142500,14302600,6050500,33182000,14809300,2467700,6244400
2018-01-11,62361500,20473500,26522400,17314400,38720900,1798700,12511000,5192600,12911500,5994700,3052900,5067100
2018-01-12,90816100,37762700,24089800,22694300,69358300,1430700,9987100,4463000,12088500,9258600,7625800,5154600
2018-01-16,106555100,41231800,27704700,24617800,80418000,5927500,9125900,7410200,18474100,8083900,2398900,5760800
2018-01-17,113258800,33849900,18571600,21424400,65863500,2186100,8327000,11240700,16340400,10130500,2351900,5560300
2018-01-18,100728000,26432200,17903600,19094600,33947000,3326100,10843900,6399400,16134900,6289300,1805400,4548200
2018-01-19,140920100,38937600,31040900,19622600,60503700,2921600,11374300,6797800,14401800,8773800,1306200,4546800
2018-01-22,91322400,26081400,12702400,14992500,49191200,8047400,8984700,5096700,16674700,4893500,3227700,4767400
2018-01-23,97084700,37989700,16904600,15575400,61277300,1780100,12325700,6144000,11600300,6190400,2381700,4599700
2018-01-24,134816100,54287400,20340900,24383800,63963100,1952200,9038900,5679000,10746300,11827600,2814600,6242500
2018-01-25,84587300,28925000,20290900,23272500,61533700,3342000,12173300,7042100,11039300,15219700,2613300,4765000
2018-01-26,107743100,32038200,16120300,19192600,80566200,3324500,6462900,6391300,7164100,7828700,3436100,4966400
2018-01-29,90118300,37277800,18293300,26906700,58884200,2328200,12223000,5732400,19590800,6956400,1304500,5280200
2018-01-30,131796400,44987700,24533800,113986300,87601400,2346900,12064400,6662600,18469300,9736100,4444600,6937600
2018-01-31,108364800,42449200,27468900,38465500,96654200,2966400,18045100,6751200,12692800,13418900,35764200,8845500
2018-02-01,90102500,38037900,21413000,30876200,72143800,8958300,18632800,12272400,17920000,10854600,4764400,7313200
2018-02-02,173174800,68478100,33314100,36590600,116832800,5753500,23944400,8681500,24787000,16789200,2011500,11151800
2018-02-05,294681800,105372200,52622200,78968000,151202100,6902000,28606200,14486000,28071300,13596300,3294800,8861900
2018-02-06,355026800,118537900,69232400,84302300,183650300,5382900,10935400,10467500,33924300,17672500,7712100,12554100
2018-02-07,167376100,91028300,37101000,44411300,156301200,4773700,16271100,8862300,24298100,8558500,2161100,7480000
2018-02-08,246449500,94184800,44704500,59223600,163250200,5685300,15155100,10957000,25419300,7343600,5035800,11116900
2018-02-09,283565300,113836600,53315300,67466800,153419800,4376900,15661600,8719000,47230300,14140700,8507700,12718500
2018-02-12,143736000,63050600,36213900,37528600,104447700,2836300,10944600,7814800,23448100,6984900,3396000,15209300
2018-02-13,81223600,31785600,25021200,20574300,55739700,2698100,8157600,8730500,14679900,5321300,1387300,8766100
2018-02-14,120735700,52107400,36286900,31475400,96491500,4141900,12043300,11013300,19332400,16416400,4016700,8225700
2018-02-15,111200300,51633900,23773600,31600600,95168100,3057300,8222400,4953400,21931600,7276500,3893600,7359200
2018-02-16,160420100,62256300,27973900,23606400,70876400,2277800,8454100,6319800,29195600,7956900,2223600,7002400
2018-02-20,86369700,36785600,24046200,25286900,78660300,2138300,8268800,8786200,22740600,11148700,2657100,5766000
2018-02-21,98883700,41161800,26735500,30247700,66591900,2253900,12054300,6387200,15656700,7908800,2374900,7852900
2018-02-22,110511300,37074400,16340000,20537000,62436300,4411800,9317900,7227100,14626900,5346300,2693000,7412700
2018-02-23,92766400,50096900,18065200,30298500,43623300,4484700,9072900,8005600,15919500,4239700,2696100,6884100
2018-02-26,86491400,39266700,15267700,21007200,51742600,2725600,8771600,5072000,10996300,3194300,3158200,6336100
2018-02-27,99099200,42209900,18125500,22449300,94671000,3308900,12525700,7279500,13840900,7082300,4760600,7635400
2018-02-28,121907800,42936300,29951800,31642500,102169900,2521400,9311600,7963400,8751000,4534900,3710600,9175500
2018-03-01,176855100,76809900,38943200,51282100,112694400,5352600,12287700,11679100,24974200,12910100,5442800,8794700
2018-03-02,139083200,57445100,31842300,35512000,72756200,2140800,10064300,5335000,18767600,9994300,5425400,8408100
2018-03-05,97307400,38540200,19603700,18968500,55905400,2059300,5658200,10168400,9000200,5778300,2534600,5558100
2018-03-06,79213200,29480900,17304000,20996900,57199200,2331300,5452000,8363400,14462900,8676800,1780600,6039100
2018-03-07,87063500,34609400,22684600,14492500,46554800,1258100,4461800,4070400,8195200,5158700,3375200,9868300
2018-03-08,66901200,25828400,23391300,14883300,46733900,1636700,7086700,6410000,10201800,3474900,2651700,6381300
2018-03-09,113625300,38310500,24927200,17319800,58818700,1604500,6570400,7773800,8942600,5066800,3346700,6293400
2018-03-12,71924800,37635000,15310100,12801300,52944500,1885700,5801300,8555600,10126500,2884300,1367100,6661400
2018-03-13,91968900,55638900,17757200,19138100,60376000,1742100,7455300,8625900,19020400,4798300,1913900,4877100
2018-03-14,105895100,40536400,18097500,13670800,51067200,2598900,10175000,5765700,10802500,3777000,1961200,5945100
2018-03-15,83433000,28810400,14172100,21712300,65778900,2758000,6757900,5268200,8647900,6130100,1128100,5680500
2018-03-16,100343700,31176700,36000300,16119900,66155800,3595300,6084300,10754700,11006000,7402200,1023900,4951000
2018-03-19,109208400,71395100,25663000,24159700,65394200,2825000,8491200,8095300,14298800,4335400,1684700,3999400
2018-03-20,59757300,34075700,11418500,20578800,60101700,2600600,5446000,6445000,14317800,3399400,1326300,5677000
2018-03-21,78709600,43863500,22213500,17479200,78575100,3365600,9742400,7312600,8643700,12532000,1728000,5905400
2018-03-22,148785900,66607300,29774800,42084300,87622700,5026500,12136600,10966600,15972300,5298700,1750400,5605700
2018-03-23,183534800,80110400,35744100,44983200,82908800,2519000,7250400,6120800,21847400,12025900,2532600,9530900
2018-03-26,141956100,57481500,28442400,31279000,73320800,4184900,8237900,5834800,12454200,6169800,3299900,6979200
2018-03-27,129941400,78889100,32820600,36493900,84232100,3495900,9168500,5000200,12661500,6180700,1288100,9132000
2018-03-28,146452300,89369700,26510900,35737600,78140800,2762500,7412500,4771600,14642900,10254900,1471000,8917300
2018-03-29,111601600,68692600,22617700,34745000,82685500,2572100,9694300,5930800,10299600,7102000,4371400,5993400
2018-04-02,186286300,85549400,35040700,52362500,72405700,2748800,12036500,4393500,18902700,11421100,4823100,6487700
2018-04-03,119956900,64090000,29857800,30413600,52874500,4229600,9855000,3773500,12994100,6083700,2854300,9987300
2018-04-04,123715300,65768700,29619700,26041500,68352400,2216900,6654300,5259600,9677200,7488300,2547400,5502800
2018-04-05,82652600,43054900,17301600,22625800,48247700,1789300,7603700,5171000,10152000,5333000,2639300,4195900
2018-04-06,179521200,59870900,25762700,24999600,76156700,2651200,8831200,4772500,12680800,6121200,1521400,4817500
2018-04-09,105442900,41810400,18997000,18498700,55352700,2071100,6307500,3611300,9043200,4189900,1801800,4466300
2018-04-10,103529000,48296800,23420000,19233800,87142000,1622400,6046000,5201300,11434100,5268800,3665900,7318500
2018-04-11,91140200,41622100,14884600,21099100,51569200,2520600,5901300,2483800,7675500,12348600,2567200,3892500
2018-04-12,68890500,30467900,14413200,18012500,52968500,2188600,6622800,2588100,23692600,8141300,2685700,4049600
2018-04-13,85079200,44604900,19813600,14515400,56518000,2937700,4964000,4427800,16213400,6821300,2084300,3817100
2018-04-16,63405300,28180800,18846900,15678300,43005800,1637400,4491300,2323600,10781600,4600000,2116200,4279000
2018-04-17,64682000,35536100,18624200,17545600,58168100,1301800,5590400,6702900,15577600,4184100,1824000,4503600
2018-04-18,57303900,29573900,16974200,17035100,80289500,2127600,8138400,6888000,13745600,6755600,2904200,4122900
2018-04-19,77655900,34705700,16174500,20004000,67581100,3181500,9875800,4058600,19345500,8736100,1997600,6917900
2018-04-20,99953100,49197100,21480600,27586500,80997700,2309400,7579400,4679700,17693500,10403100,1981000,5171200
2018-04-23,65558000,33040600,13268200,17696000,74337500,5022800,7073200,4380000,15971100,6921500,2094000,4325700
2018-04-24,112885500,70256800,24859700,22013400,72196800,3178800,8190800,5984700,17872600,4733100,1724100,5852200
2018-04-25,103840900,52089300,21981400,18280700,69106800,3295800,6603800,3756100,15078400,5985700,1745900,4055400
2018-04-26,67731900,43005500,14862900,23697700,45047800,1989500,6528600,6027200,17479700,7517100,2550400,5551000
2018-04-27,57053600,51043400,17734300,15395400,33545000,2409300,5401800,3369800,7014700,5654000,1519700,6278700
2018-04-30,82182300,35615300,15624600,21883700,49179000,3504400,8321100,6388500,12473000,9830600,2875400,6625500
2018-05-01,74203400,36513500,24977500,17308000,75839300,1894000,7979200,6051500,18707700,7551600,2598700,5251600
2018-05-02,86368900,38646800,16786800,16409400,66837900,3852600,4644000,3608100,12057000,7614000,2170000,5361800
2018-05-03,136311500,60337100,20985900,19854600,83449200,6026900,6345300,4122600,21626200,4857400,2117500,5839500
2018-05-04,91222100,41543200,17927900,17022600,60099100,2370500,4283500,3733800,14862100,5883600,1602700,3746600
2018-05-07,55304900,32500200,16303500,8172600,58886100,1854900,3647800,3870900,23063900,3397500,1544800,4670300
2018-05-08,67499200,26040200,17281200,12400300,58783600,1654600,6091200,5069300,13693500,5551100,4060900,4311600
2018-05-09,59666100,29122700,15758500,15414000,46129500,2838400,7832500,3906600,10476200,4405600,5029300,4685300
2018-05-10,72063900,27067600,15828700,18107500,115804000,4183700,7101500,5103000,13375800,5218400,2579600,3664000
2018-05-11,59871500,24688800,14413600,19083700,68838600,2816300,4273400,4254000,8505100,4299200,1407800,2694500
2018-05-14,54790600,21821700,15028500,17790300,34353300,4762000,4996200,4808300,14695800,3753200,2200600,3536200
2018-05-15,87036100,49361600,17544900,18330100,78379300,6812500,12901000,5970000,20008800,10911900,2064900,5134300
2018-05-16,53942600,22941200,21004400,13758300,60004200,4784200,6518000,4210800,13028100,4943300,2955100,4400400
2018-05-17,56536400,27480200,18639700,16191300,73014000,1702300,7330300,3272300,13198300,7781300,1644800,3998100
2018-05-18,64368000,26217900,17579800,21815600,59258700,2642300,9606500,4154700,14241600,6837100,1696500,3343800
2018-05-21,58025900,22954600,15667300,13441700,59330200,2845100,4448500,2593300,7000400,4126700,2535700,3671500
2018-05-22,52966400,19477700,13212000,12897900,32584700,1977000,4700700,3230000,6220700,4579600,2626500,3470800
2018-05-23,64694200,26557800,14235700,23332600,70687800,5102500,9634000,5771100,13053100,7007300,1879300,3983200
2018-05-24,76043800,27696500,12785000,21542400,79762900,2994100,8204100,4436900,12468600,8850100,1139800,3173500
2018-05-25,56374800,27460500,11150200,17225600,39374500,2838400,8482800,3997600,12895700,7920700,2612300,3597300
2018-05-29,115908600,41220500,20986900,57008900,112089900,11256200,21668100,6831700,13519800,9013200,3213300,4611800
2018-05-30,69678400,22665800,25169000,25531900,72813800,4512200,11616300,5083900,15145000,4573700,2398300,4901800
2018-05-31,93519900,35670900,28573700,47992800,92066200,5321700,10769900,6303300,17391000,7862500,2542900,5430500
2018-06-01,71258400,45543300,21108200,39232600,66762200,7891000,8718800,4479700,12891000,8059100,5462200,7233800
2018-06-04,45385200,20459600,14836000,18561900,36302900,3131800,7156500,3714900,13830900,4345400,2920900,5391500
2018-06-05,51135000,24779300,13283600,16641000,40092200,4305500,5635900,3901500,10614100,6864200,3323100,5543000
2018-06-06,62732200,25036600,16661300,25445400,46801500,3910500,7813300,4754900,6920900,4083700,2858700,4006100
2018-06-07,72969400,39600300,17571900,25977000,89752500,4400400,13238300,7185200,13764400,3700700,1890600,3353300
2018-06-08,72139700,31780300,17569800,23206300,73944700,7342800,6790600,2935600,9784000,3865700,3146600,2773200
2018-06-11,58892500,22319700,15923000,26145100,38323500,1875800,6844200,2905100,10429300,3201200,2415000,4168300
2018-06-12,72329000,22511800,16166700,22706300,57189800,1664800,6048200,3396500,12432400,7279600,1092500,3287900
2018-06-13,79070600,37858600,19853700,20486700,100698800,3294700,8834700,4906500,9958900,5867700,1460900,7230900
2018-06-14,77097600,35916000,19248100,24099000,76094800,3626400,10078800,4915800,13954300,8015400,1744500,4458200
2018-06-15,120041600,49615700,24922600,31433500,86066000,5826500,7992800,5887100,16303700,14537000,2750500,11131800
2018-06-18,52917600,31633200,18616500,30778500,83532600,4600500,4893700,4723200,11512000,3846000,3837500,6391600
2018-06-19,97531500,38236000,24605900,30397600,122657600,4172800,6133300,4278700,12543200,4925800,3010700,11275400
2018-06-20,53785500,33038000,19216900,38687300,69822800,3059000,6879100,7731500,10422800,4548500,2808300,7327500
2018-06-21,71061400,43469400,26946200,23793400,86214100,2680500,7235800,15921600,8132500,5681900,3421300,3719700
2018-06-22,54898500,30073200,33638200,26146100,48711000,2309500,4082500,6728500,7385200,4489400,3181100,4391700
2018-06-25,137854200,77799700,37005100,39388300,110854500,8110800,8363700,3243900,13975400,9300200,2988400,5904500
2018-06-26,68547400,39008100,20464000,23117500,69228700,3873200,5450000,10345300,7503900,8674500,4292200,3751000
2018-06-27,105110700,52843500,27511800,29616800,95340400,3044200,8173400,9776300,13119200,6480100,1867600,4559900
2018-06-28,76650500,46407700,26759100,21384800,105345300,3705600,7109500,6241300,13829300,7760500,1651600,3896700
2018-06-29,97592500,36408500,24146500,32031400,108877000,2721200,11164700,7855600,17450500,8002800,3603100,5235400
2018-07-02,63554800,31770000,24283600,39167900,78848700,3911500,9662000,4806200,22438600,12021900,3413300,7926500
2018-07-03,42187100,25512700,13561300,14919900,28637200,1463800,3808800,2518100,10098600,8901000,2527500,7325300
2018-07-05,56925900,31626200,18640500,18593200,67394400,1682300,3860400,4730600,12729400,4951900,4223300,7214700
2018-07-06,66493700,37005600,19597500,16641600,69933900,3206500,4679900,2465600,9640300,2946900,1761500,7887400
2018-07-09,50550400,27362100,16565200,20682100,80552700,2258800,5952700,5161600,11517200,4074900,2007100,6621300
2018-07-10,51966800,23902500,18790700,18981400,63808300,4461100,5759700,6624000,7531700,3754800,1342300,4561900
2018-07-11,77054700,30280600,23912600,30172400,58679200,2198700,6869100,4071400,14111200,6974500,3798000,5127900
2018-07-12,60124700,27930100,19617600,18810600,53833300,1385900,4824700,3324800,10327300,4585300,3145600,4042100
2018-07-13,48216000,28049800,15409100,17206900,40515300,2891800,4079000,4273800,9860300,5444300,2450400,5013800
2018-07-16,48201000,21405300,15946900,15422200,31717300,1782600,5517100,2653700,7963100,3670700,4408800,3023900
2018-07-17,52315500,31034100,15134700,16965000,46911500,1034700,3764300,6157000,10721000,7939600,3025100,4031200
2018-07-18,44593500,23220800,13780000,13712400,41182100,1355300,6330000,3527600,12838600,5391800,3488500,5185600
2018-07-19,61412100,31094100,18398300,26316500,72549300,4201700,6166700,5098600,6907300,14227600,2929800,4358700
2018-07-20,82337700,35897300,17570700,28610200,75114300,3362700,10469500,5139900,9329000,7892000,2361600,3265500
2018-07-23,47047600,22184700,12335000,10192900,57679100,5285700,11571800,4716300,7459200,6247100,2301000,4379600
2018-07-24,68026900,36900300,25831300,17645500,66639400,3293800,9053500,4446700,11803700,4801000,1504500,4174900
2018-07-25,78882900,35026600,18401200,29698900,77820500,2403800,7357900,7376300,11342300,5479600,2303800,4521400
2018-07-26,57919500,40873500,20944200,23009400,68705800,2598200,6821100,5860900,9233600,6382700,1723600,4385400
2018-07-27,76768700,59456100,28777100,28911800,63743400,1435100,4542000,5497600,10811200,5242000,3142400,4788000
2018-07-30,63742500,60193000,20093700,17630300,41541400,3832700,7111200,6467600,8400500,4157400,2407200,4002000
2018-07-31,68570500,47285100,23567300,25087500,88217500,3053600,6797400,6081600,10709500,5508500,2495500,5737300
2018-08-01,53853300,37101900,17942600,25402700,61755000,5366800,13312600,7255900,23297900,7941700,4856700,7798900
2018-08-02,63426400,47178200,18292200,24343200,68678600,3370800,4451100,6751500,10989200,6204200,2979500,4748200
2018-08-03,53935400,28934400,21734900,14176200,41043800,2174800,6162400,2711200,6940500,5953200,2587000,4342700
2018-08-06,39400900,24808800,16288800,12077900,33153800,3867200,4200200,3059800,7521900,5811600,2542900,4655000
2018-08-07,43196600,29895700,15045700,17495500,38719500,2181400,5346900,5397700,8408200,5188000,2983200,3047100
2018-08-08,42114600,22680700,14789500,13812800,30610200,2777900,5640900,7433200,10103600,3808000,4506800,2415400
2018-08-09,35717000,18852900,10437800,11964700,35013900,4318000,7144100,7273500,6354700,4253000,1749000,3720900
2018-08-10,77076000,33818500,20521900,28624600,86629900,4327800,8457900,4765900,9473300,6757900,2035000,4524100
2018-08-13,65732900,26089200,20517200,24817700,75183500,1764700,7923200,3145700,10479000,9150900,2015700,2755400
2018-08-14,43842000,20913000,17683100,22596700,56724600,2487600,4251200,7052500,9767700,7085900,1687600,3249400
2018-08-15,102925400,58528000,27479900,41602700,138633600,4810700,7649800,5208100,14684800,12398400,3239300,5202600
2018-08-16,69967900,27711800,15484700,23297100,78123900,2594400,5400400,5997900,14931800,7484600,2859600,3329800
2018-08-17,65618500,36092600,15106700,25722900,76030400,3043400,3537600,3871900,15280900,8471000,1118000,4698400
2018-08-20,39807500,24939000,12547300,16229300,50762900,2901100,5603700,2686800,8174900,5313400,1456600,4629200
2018-08-21,67272000,26258700,20661200,15670100,70462300,2516700,4695000,5480400,9281400,5042400,1043500,3149000
2018-08-22,44993300,18042400,14329200,13217500,45602900,2396500,5309600,6877700,8297400,6215600,1541200,2954900
2018-08-23,49204900,25776200,12945800,22030700,68878400,871000,5328700,5693800,7751800,5500100,925900,2528800
2018-08-24,57487400,23136100,11894300,21816600,69304200,1296600,6092200,5152500,7458500,9214700,986600,3897100
2018-08-27,57072400,29343600,15880400,24820300,96574800,1851900,6407400,3762200,5581700,4364000,1163400,4479000
2018-08-28,46943500,20277000,13170300,19866800,50093400,1506300,4929300,4026900,8175300,6101400,1116800,4653100
2018-08-29,61485500,29175600,13157900,18107700,58165600,1420400,5613300,10473500,7403700,5616300,1418500,3564900
2018-08-30,61229500,29315500,14199600,20743000,120206400,2780900,5302900,5682300,8481700,5431600,839900,2968300
2018-08-31,66140800,28653200,12240500,30945900,88660500,2132200,9677500,4425800,9569300,5048700,1920100,3305800
2018-09-04,57594400,29063500,17923500,25303400,76724700,3419500,18343600,6468700,16029000,6617500,1603700,4718600
2018-09-05,72452400,42623300,15166100,26850800,77835800,1332300,9422600,6103200,13369200,4459200,1674800,5407700
2018-09-06,65909900,46091400,16647700,25557900,73104400,1656700,9566000,6918100,13137500,4784700,1190300,3760300
2018-09-07,73524800,46629500,17248000,22989400,61590700,4405000,11212600,4529100,12374700,3714000,1316100,4234400
2018-09-10,50210900,26132000,11067100,15646700,61116600,3110800,6386400,5512700,6997900,2316500,1532200,3089200
2018-09-11,50530500,30116500,14078400,17652700,74608700,3360500,5440000,5976900,17897800,3791300,1286600,3980300
2018-09-12,59810800,36204000,21572300,19372500,116612700,1398800,3347200,5543100,14041900,6315900,1327200,2827800
2018-09-13,51034200,31133200,14570500,26009600,96306500,1281600,4833000,5584100,10375800,5635900,2000600,3813600
2018-09-14,55079900,31224100,15734900,21047500,65202700,3749900,5579500,7003500,12945000,5375600,2043100,5215800
2018-09-17,68244000,33071200,20023200,13679100,74603900,3808400,5433000,2667100,13279900,4727300,1285100,4414700
2018-09-18,61930400,31877300,13018000,20734400,52000700,4972900,10182300,5160900,19882300,4737800,864100,8039400
2018-09-19,49080600,31843400,17593500,15330300,55892400,5515900,13379600,5220700,14471100,4223200,1109000,4410600
2018-09-20,100360600,33295800,16918700,24625300,93427400,2973500,8657300,6152400,15360100,4384200,1231300,4308300
2018-09-21,105479700,38605400,32539000,19003300,102750700,1024100,6173800,9404300,10966700,6831400,1500100,7292200
2018-09-24,53409600,34945600,15786700,20382700,54411700,2389800,5505500,10749400,10229400,4435300,1442300,4111200
2018-09-25,44370000,25277500,13758500,19623000,49467000,2878300,6650900,4087100,13240400,3004800,2868600,4781800
2018-09-26,79739700,36210600,17787200,26899900,84080400,2502900,9512700,7433600,19504800,8297300,945900,8971900
2018-09-27,59249500,33113300,14471900,21555300,45547200,6342800,5758500,6323400,7996600,7683400,1006200,4942200
2018-09-28,70091400,28076800,22740300,37330500,64732800,3931000,12807700,12578500,17085200,6020600,2286600,6092300
2018-10-01,62078900,27371300,27893100,27922300,31030500,6408000,22442400,7550600,22566000,3892600,4332100,7215600
2018-10-02,47258200,25618600,28440300,18689200,57719700,2915000,8266900,11207800,13577600,10776700,2317400,5746700
2018-10-03,64694600,29128700,26027200,19372300,76571200,6612700,20829200,8400500,17930600,6674500,1976100,7104300
2018-10-04,111545900,80557300,29463000,38671500,132360900,6427500,16207400,9843800,24935100,6616200,2786700,6759300
2018-10-05,105951700,83325600,31240100,28116900,80578500,5676600,18096500,8785800,25063300,7994400,1341900,4971600
2018-10-08,87742200,66864500,21330700,24471300,59744400,1947800,5855900,1355200,12869500,12111600,1499700,5246900
2018-10-09,74339000,49097900,20620400,23011200,60976800,3066300,11530800,8416200,19488500,8352300,2173900,5852000
2018-10-10,214731000,114471100,46921800,64586200,99036700,3001900,15290100,12316400,25204700,10571300,1954200,8837400
2018-10-11,274840500,143084500,68877400,119275100,168923800,5821500,16086800,18587600,37665300,26810900,1826100,12471700
2018-10-12,183186500,102078400,53492600,66647600,116892100,2647900,6794100,8956700,31877600,12939300,2627500,10167900
2018-10-15,102263700,64885300,32747600,32702300,52651000,1860000,7146300,6636500,16658500,11828400,2001200,8526800
2018-10-16,118255800,71979700,35569100,35959100,65949500,2703900,4762300,9017800,18955700,9531800,2118700,5315400
2018-10-17,110626000,66987600,24140100,26566600,69718700,3336200,5880700,6880600,18739400,7078600,1069200,5088900
2018-10-18,134557500,82486200,31042700,48286500,107005100,2587700,5728800,10418000,28653800,7964100,1570000,6818700
2018-10-19,139901600,82923700,34214200,31924100,81176200,5531900,10892400,6355700,20606400,7453900,1591400,5357300
2018-10-22,82415800,52909300,28218300,28641300,67724900,1690100,3244200,7282900,15049900,5200500,2157700,7499300
2018-10-23,146352700,77567000,37228100,54694300,89864600,4420100,10330700,10277900,20873200,12704200,1995800,6988400
2018-10-24,177806700,102997400,40412400,62942300,87632500,4881200,16008000,7262000,23827800,8563300,1916900,6016200
2018-10-25,138061500,83481100,32311300,47758100,80961600,3559900,12613200,5653100,29513700,8303500,2336500,6215700
2018-10-26,201574600,130970900,36986100,72008800,139198800,4220800,18582500,4955300,27424100,15733100,1710100,11721400
2018-10-29,160749100,111871900,33031300,60675300,102322800,3766900,7679900,6573300,23379400,8732500,2465000,7159600
2018-10-30,157116000,92584000,29017200,50851500,99881500,5746600,9939500,7669600,24105300,7233300,1801800,9053000
2018-10-31,128296300,73828600,36785400,49348900,92768300,3956700,8706400,13156300,23047900,11409300,3968100,8322000
2018-11-01,99495000,52706800,28496400,42760200,120482200,4834300,6100200,14262000,33115700,13662900,5848300,6062700
2018-11-02,122634100,75966800,26671600,39087900,111324700,5250900,11314800,7738400,19675800,8796900,3516200,7609100
2018-11-05,65622500,39573500,16940900,23002700,58319600,2446700,4760200,5064000,12299600,6291500,2586100,6753000
2018-11-06,60085900,34410400,15572900,18973700,40847800,2456700,3159900,5787100,14675500,7270800,1736200,4127900
2018-11-07,102752100,51169600,22127800,34148400,81011500,3297600,9313100,13257500,26155500,8392100,1654200,7559200
2018-11-08,65584900,40296500,14987700,31336600,90610900,2188900,6905100,10934400,20677500,7638800,1991300,3559700
2018-11-09,98812600,50602700,20654400,27581700,82943700,2772700,6465300,8836800,20869300,14159200,2247800,3388500
2018-11-12,99673600,62578400,21886800,31068900,68569700,3704900,6840000,2876500,22319600,7498600,3247500,4969800
2018-11-13,98176600,64128100,18468500,37193900,106305600,3265000,6525800,7778400,22907600,9309000,3285700,4882600
2018-11-14,125335900,75270700,24549100,51506100,96621100,4626400,8690800,11595100,44747700,13950200,3499400,4545800
2018-11-15,135101400,73254300,24482000,54666300,146475800,2621300,7879600,15158300,32332600,8910600,1760000,6413700
2018-11-16,126668000,65390700,29323500,30723600,135075800,7226700,9236700,13503700,64912800,8577000,1802700,4347600
2018-11-19,103061700,67280500,21540900,30409700,77777300,3447800,7027200,9773700,36567300,8508300,1678200,7117500
2018-11-20,136021300,102652800,25907000,41209700,98272800,3658600,6332600,16168200,21901900,9075100,2164600,5295700
2018-11-21,75563700,42965800,17902300,32720600,68104600,1897000,4951100,10704600,16560400,8834200,3988300,4139600
2018-11-23,42807900,23503700,11134800,13336500,32048200,531200,3027900,2924700,9708100,3726600,1521600,2815500
2018-11-26,79981400,42012600,15346400,31007400,76320100,2345600,6599000,5938900,19807100,4018600,2780200,4422200
2018-11-27,75502400,36608100,14461800,38111400,81069100,2334400,5967200,8581300,14370700,9671100,2497000,5183600
2018-11-28,127629600,70141000,26125900,40600800,121010900,3582500,7814000,13861300,23513100,13788800,1709200,8681300
2018-11-29,82346400,44885700,15134500,31259700,104239600,4313000,7295600,10939100,17927900,6479300,1863300,5681000
2018-11-30,98204200,36722800,20304700,32068600,92961200,3069700,9127800,14854800,15081000,8169600,2578700,6641000
2018-12-03,103176300,50771700,23379800,43673900,125024100,6008500,9763800,12740500,27052900,8469500,4590000,7407000
2018-12-04,177986000,70594700,41077900,50079600,134758200,7748800,18100500,13521500,32066500,7186100,2919800,9346700
2018-12-06,204185400,71715500,37581200,78905500,165155100,9429900,15319400,12752200,27661900,9267600,2707900,15059500
2018-12-07,161018900,80432200,28525100,54090300,134304600,7319100,8608400,11791900,28901200,10402900,2498500,9987800
2018-12-10,151445900,73960800,30776600,61630500,104465300,9045700,8777700,6886500,23434700,8117900,1736400,5804300
2018-12-11,121504400,59058300,29229300,71163600,104014700,5290100,8071900,10241100,19243900,6395400,1623000,5108800
2018-12-12,97976700,53780000,27894800,45925600,89712200,3727200,6182200,10001600,17571500,4136800,1910700,6943900
2018-12-13,96662700,46378500,23205400,44498200,72445400,4116000,5564200,6911200,15859200,4131800,1654500,6131600
2018-12-14,116961100,56547400,24037200,50416200,94915600,3530000,8169200,6037900,16397600,7501700,1109700,10390400
2018-12-17,165492300,74834100,36468500,58508500,109276200,7627000,9726800,6480500,24124900,8454900,1269400,20329300
2018-12-18,134515100,63642100,42277200,48896500,102509800,4461400,10018800,5923200,25284300,7542900,2744300,9575700
2018-12-19,214992800,81856500,47676600,68491500,204046200,7710900,23046300,10049200,32062700,13827500,3280800,10760000
2018-12-20,252053400,99002100,57908100,97602600,183908800,9245200,18543700,20942200,68796100,18615100,3308000,13284100
2018-12-21,255345600,141129400,59404800,93622500,143673400,4918800,9945100,11850700,56295000,13629800,7323500,16609300
2018-12-24,147311600,56163300,28575700,47120300,50709500,6373000,8377500,4384800,18853600,9736400,1525700,9335800
2018-12-26,218485400,98982100,40182700,69827600,96347200,5477700,11700400,7659300,25010300,14293500,2943700,16977000
2018-12-27,186267300,85824300,39527900,76591200,81792700,4602100,12146500,7797300,31806100,11874400,4315400,12102300
2018-12-28,153100200,77856600,35994400,68541800,72869100,4543100,9879100,4334500,30106400,6864700,1603200,12729300
2018-12-31,144299400,53015300,29173400,62878800,72972200,7227500,17409000,7008400,14153600,8449400,2988500,15750600
2019-01-02,126925200,58576700,27295100,38723200,57198800,18668600,19841500,9506500,26977400,12776200,2071100,12880400
2019-01-03,144140700,74820200,29294600,35012600,62767600,10616700,21187000,11199100,32776600,15440800,1389700,12264300
2019-01-04,142628800,74709300,35355300,47001700,103055100,6616700,12970200,12080700,38754000,13334000,1332200,9389000
2019-01-07,103139100,52059300,30477900,30335900,76597000,5459200,8498100,16150100,38127600,7473600,1581700,9227900
2019-01-08,102512600,49388700,27320900,26444600,70518200,6879500,7737100,7961400,30795000,7643100,1741600,10761000
2019-01-09,95006600,46491700,25764600,34615300,125118800,3248700,9349200,10534900,40909400,10555900,1156500,6434200
2019-01-10,96823900,38943400,22896800,33699300,85207600,14413000,8222900,10337000,50520000,6672000,772500,8671800
2019-01-11,73858100,30176600,22428400,40655600,63136200,3825700,5786900,6890800,19793300,8622400,856100,5141900
2019-01-14,70908200,30710200,29185000,28319800,76217000,3090100,6730500,4511400,20137700,6477100,891300,4934500
2019-01-15,85208300,40874200,25678900,35202700,78913000,4148000,8997400,10536500,24799000,7512500,1121500,5377200
2019-01-16,77636700,33812200,20827300,38473900,82543600,4820800,6048400,17911800,26508100,6878100,947400,6164000
2019-01-17,96118400,39329000,19273400,28896000,85522800,5328100,8153400,8756200,24574400,8558500,670200,4327000
2019-01-18,127900300,57183200,28306700,39380800,98168900,6617500,14106400,12589700,36236400,10896000,776000,6397100
2019-01-22,115531200,56711700,27741100,36637900,101294900,5814400,8881100,9101600,25504200,7896500,804500,6062600
2019-01-23,86030300,38106100,20621300,21725600,66625200,3507300,5776800,11707200,18529400,5224900,867000,3972000
2019-01-24,59204100,32417800,16976300,21843800,76076900,6030700,7121900,8874700,17875500,5662500,3660800,4142500
2019-01-25,96883400,36515900,22266900,31128800,105779500,2763300,6460800,8529200,16775200,11103300,1388900,5713400
2019-01-28,85613700,33491200,22784700,28738200,85543100,3116100,6435800,7830600,14694100,8522200,1823300,5471200
2019-01-29,66136300,30784200,12084800,23933700,56518900,2836700,5750100,9111300,18717000,11610200,920400,4832200
2019-01-30,92473700,41346500,25516900,30465700,127796800,5788300,10571300,17275500,25993500,12104000,1732900,6635900
2019-01-31,104012100,37258400,27252900,33012500,119929200,10206500,11843400,12004200,27070400,10209500,32974700,13041700
2019-02-01,85782500,32143700,17057900,22056000,65766100,9191900,12024600,15158400,24749900,12485500,3166900,16142500
2019-02-04,60744800,26718800,21301700,20260600,45770200,7283500,8966200,7375500,15968400,6878900,1188800,13612800
2019-02-05,79552800,28156400,18295900,29367100,81720100,3331100,6983300,9298100,33188300,6291100,2187800,10279100
2019-02-06,58347800,27970000,13720600,19675600,58194900,3489800,5184000,7083600,25936800,6595100,1735100,8419900
2019-02-07,95482000,42036200,22850800,33930700,101061400,6937400,8781000,12973200,27119400,5935500,1839500,8823200
2019-02-08,75788900,29020700,13463000,21440400,64212200,2602700,5885400,5502500,16728100,4235200,3938100,6853900
2019-02-11,68021400,21434100,16374800,22453000,42213400,2637200,4352800,5353800,10051800,4821800,1288700,4999200
2019-02-12,72270200,29722100,20779900,28176300,66073100,3305300,7939600,10689100,20174000,4271900,1062100,8588900
2019-02-13,65277200,26094100,15534500,22923500,82318100,3772100,4757700,9595200,25088400,7640500,1191900,5697000
2019-02-14,83234400,30326800,18251000,23166900,91302500,10568700,5868900,14906100,19406700,6276500,1258800,6928100
2019-02-15,97088700,32521700,27240200,29544700,72362200,6879000,5527200,8298000,24052000,12190100,1474500,4998600
2019-02-19,59120800,19487700,15856900,19126800,64391100,8557400,5872800,6920300,11317700,15614000,853800,5981200
2019-02-20,76610800,32593000,18317400,27833100,73694800,4751100,4455800,8577400,9925700,8889700,1029600,7918900
2019-02-21,64214700,25207400,17497000,19709600,48092400,4140200,7382500,6311000,15479800,8634600,805200,4756900
2019-02-22,78114600,27735400,20411800,19653800,58022200,3351000,6374600,4110600,12330300,5439400,785000,4490300
2019-02-25,69030700,32608800,17957100,21208900,66533800,2849600,6293500,6026200,13698200,4882600,1154700,4956800
2019-02-26,56844100,21939700,21497300,23246200,58330600,2647700,6028900,6360600,16049300,5153200,2666100,4777100
2019-02-27,56921600,25162000,18194900,19933400,69471200,2530600,7737300,7008500,14818900,7935600,1051100,8116400
2019-02-28,69268300,25085500,18155300,27730700,87434700,4949900,9533400,12468400,21340600,7811700,667100,6547100
2019-03-01,78880500,31431200,19247100,26191800,94263900,9003000,13541100,12714100,26455300,16411700,950400,10635700
2019-03-04,106494600,38063500,23301800,22255100,94168300,3506600,9808500,9453600,16034400,10272600,1271600,7103600
2019-03-05,59114600,22319900,16798200,22315100,54576700,2112200,5595200,9090400,14510100,7120100,1212200,9077500
2019-03-06,75039800,27194600,29604600,14060100,61237800,2401600,7766700,6278700,16806400,4820400,718000,5370800
2019-03-07,94885100,39407400,26822500,29445800,83415300,4822900,8187200,7355500,28101100,6088800,382600,8328500
2019-03-08,85795800,39303200,20466800,21427600,97742100,5212000,7517600,7386600,21043400,10427700,837800,9264800
2019-03-11,65098900,30518400,20854500,16204800,63002300,4654100,5157800,7813600,17922400,6708700,1000600,4679300
2019-03-12,79667500,33953500,18966800,31559400,42726900,4942800,6422300,7994600,20180500,6289900,648000,6072500
2019-03-13,80639200,42426100,24109100,17856300,61450000,1715000,4386300,5834000,24524800,7377300,1040900,4282900
2019-03-14,67518400,23751500,14217500,20861400,58460400,2514700,8188400,5395300,12342500,6778200,665300,4303200
2019-03-15,81309000,38192000,22025900,44272000,139870800,7846600,4302000,8537000,21775300,9412000,894500,4742200
2019-03-18,62199800,32935100,24510200,27734300,42149100,4166200,3893300,4308300,10498900,7783200,696400,4125300
2019-03-19,90268100,36893300,18633100,32094800,53192700,2138000,5220200,8074700,14067200,6558700,1094400,6169200
2019-03-20,84609200,50105000,29463200,33136000,90678800,8061700,10123700,16202600,31184400,11304900,959100,6499300
2019-03-21,79550400,42428500,31845000,34686500,71400600,4633500,7182600,14163200,16400700,7739800,1087400,6948200
2019-03-22,122659300,70794500,40663000,36194200,118616600,4721900,13077000,10576900,27030400,5874000,884700,8769700
2019-03-25,85575200,46336500,26454700,26707900,53285300,7828800,9736300,7096100,23592100,7288300,1141400,6324300
2019-03-26,68125900,33248100,21308600,36734400,57145800,7483700,7502000,7766500,18762700,5056100,738100,8576400
2019-03-27,72224700,37096700,23477100,21772300,72804300,3555900,14207200,7484100,16706700,6595000,1284600,7252600
2019-03-28,56238500,30368200,19473300,16531200,41052500,3769600,9143200,4621200,19706700,11878300,617400,5600000
2019-03-29,82186800,35205500,28298900,23423900,70439100,2748900,10841400,8415100,22358900,7093900,1000300,13743500
2019-04-01,77617900,30969500,20075200,33228100,70455500,9430400,16501500,9567400,21353900,13560000,1159700,8528500
2019-04-02,40070400,22645200,18253500,18209100,48692200,7318600,9725000,7733300,15129300,4475000,524900,10358100
2019-04-03,68243200,31633500,19554700,25471600,73639400,5207300,10407000,6048400,13746500,6152200,2335100,5004200
2019-04-04,48997500,28530800,15909500,23580500,47028400,2293700,7503400,7510600,14435700,7508400,921600,4249100
2019-04-05,58621700,25674700,21379000,27828800,50360800,1749900,6321800,9326200,14227000,5114500,1256300,4827100
2019-04-08,53566300,22697500,14202400,21464100,30209000,3591500,4446400,8564800,11472100,4270800,914400,4575500
2019-04-09,66142300,25631900,18534200,17074900,49530300,3210600,7020300,7749000,19118700,4648400,772800,3507600
2019-04-10,52601500,24563000,18938800,25289300,51143400,2059800,7519900,5765300,16767000,6344800,1062600,4264500
2019-04-11,55093100,20654100,12218700,16309400,55153600,1547500,8679300,7769500,20976100,11694500,723600,2925600
2019-04-12,69727800,24989100,14120300,31507700,54695700,6032100,7005500,11083800,17442800,5272800,872900,4148900
2019-04-15,49596700,21073000,10964000,11608000,37957800,2410700,3070000,12427300,13940000,4252400,597200,3468900
2019-04-16,52153200,27195700,16782900,19958100,43860100,5003600,8927300,10302700,11543800,10097800,852200,7256100
2019-04-17,58268300,29651600,17108500,23540000,56935400,2348800,6118500,6062300,11818600,4693900,883700,6121300
2019-04-18,68708500,28580900,23276300,21794000,56639800,4893200,27589400,8060000,15295500,4090400,439800,4827400
2019-04-22,40160100,17936000,15596800,21336700,35929100,3630000,6241200,6581900,24591400,2250900,614000,5012000
2019-04-23,52246600,33665600,23396100,17741400,32829900,2462100,6239700,7389700,15094100,5574800,424200,4692300
2019-04-24,50392900,24977100,18053100,26417500,68961600,3266700,7302000,6463200,11938800,4173000,485700,4853800
2019-04-25,57770900,29517500,19365100,16020300,61168500,1457600,5380900,4404000,14369000,4836900,548300,3732500
2019-04-26,50916400,26359500,16999100,17705700,55441700,2156100,5950700,3406100,11937200,6022700,560700,3109400
2019-04-29,57197700,21716200,13698900,16992700,34398300,2715000,10246000,5847500,7601200,4469300,401200,4280600
2019-04-30,81111700,31495300,24127500,36645900,69577000,3621900,7957400,9753300,11168100,4758600,699400,5541400
2019-05-01,71671900,34797100,17734300,25870800,98629100,6870700,14371900,12804300,24574300,12331800,824200,7675800
2019-05-02,65030200,44110100,22715700,21120700,53101500,3126200,6612800,11748200,24936600,6759600,608000,5675900
2019-05-03,56543700,30386200,20178800,22117400,56642000,2625200,6191700,7481000,18522700,8414400,604600,4678400
2019-05-06,107198100,38371800,21262100,24641100,80977000,3370100,4482500,8077400,18893700,3479600,640800,4836000
2019-05-07,144729900,58818100,25434500,30661400,94189000,3965800,8984900,11575500,30266300,4010700,628700,7037100
2019-05-08,91568300,37165300,16113700,31028300,73548600,4226600,6907600,11843100,27527500,4178800,643000,5976800
2019-05-09,103471100,55351700,25259900,28991500,130849000,4224100,9411900,11586200,30890400,5015500,644800,4005000
2019-05-10,112429300,58526400,26544700,34968000,90343300,2855400,6037800,8155600,33782400,4586000,1217100,4269000
2019-05-13,127290500,67185800,26936500,42253200,154670900,5653400,10501600,16744900,34801600,11130900,457800,5794100
2019-05-14,77003200,43360600,15519200,32214000,89406800,2573200,5690400,7993500,18128500,5556000,486500,4740500
2019-05-15,73956400,40944500,18410600,39054900,79039500,5512300,9566300,10804400,19543700,10299000,471000,3410600
2019-05-16,76749600,39281200,13772100,27414300,60101000,3898400,7666400,11716300,29384100,6349400,613700,4008500
2019-05-17,100353000,44702300,21534000,35566300,83972200,2128400,4747100,7746100,27089400,6589300,464900,5346600
2019-05-20,62877600,38608300,18689800,27914500,53810000,2439600,6043100,2890900,15780000,4345800,532100,4221100
2019-05-21,46847100,31613800,11659100,20838900,59832600,2675300,4021800,3610100,15004300,3845600,362200,2930100
2019-05-22,49482500,24332600,13922600,22818000,44117200,3561900,5675300,9526200,14976200,3741800,799000,2825100
2019-05-23,98733800,45351300,26379400,29106800,86731100,6184500,9743700,9983400,18333400,6054600,1013400,3304500
2019-05-24,55268100,25903300,16093100,23320000,66379700,2422800,4981900,5981700,17611600,2324700,1414600,3121800
2019-05-28,70029400,24763800,14042200,32637000,98395200,7039000,8098600,9039100,20544600,4303500,640600,4614500
2019-05-29,104972900,42178800,22622300,32910400,82060400,5251800,13260600,8778000,25441900,4133200,885300,8170000
2019-05-30,62523800,30354800,17739100,28874300,69626300,3461100,13024800,11946400,20311900,7757000,846500,3984100
2019-05-31,86862800,45446200,25411300,34278600,85220400,6020600,18933600,11611700,34947400,15367000,2773600,5369200
2019-06-03,96428000,75842300,26554500,36735900,75619900,23830900,17822400,12525200,58940600,14173600,1657900,6347800
2019-06-04,77231900,47797800,21217600,34241600,64141900,5503200,14250000,20566100,34113300,7997100,1112300,6993200
2019-06-05,71169700,34412700,18184100,19015300,64072200,7712300,8815200,10423100,28368700,7637900,1028500,6775400
2019-06-06,69430400,29913200,20772500,28586900,47722500,2392400,9621100,14133600,23538600,5551800,1324800,4077200
2019-06-07,74272200,45888300,17107500,31020100,63584200,2805900,11378500,11912900,29934000,8145900,1710500,3525700
2019-06-10,60799100,41385300,18912300,21435800,57245800,6071200,8288700,13072400,17482200,5410000,884900,2945500
2019-06-11,58641300,41260300,15373000,22255000,69040600,2735800,5115100,17076700,34293700,4757800,880500,3834000
2019-06-12,47096300,27758100,11957600,17110500,55120600,2062800,5278700,11814400,18195500,5756200,1619900,2768500
2019-06-13,48945200,23715800,14839400,24194500,59717500,1684700,5560400,6665700,19438500,5374800,1740700,2799400
2019-06-14,52324700,22844100,16154800,37202100,71468300,3880700,5838800,4652300,8842000,9226100,977100,2981700
2019-06-17,39205700,20379500,12509300,22615800,48715600,3038800,6046400,6213200,10554000,4763300,997200,3574900
2019-06-18,85434800,48177300,22100800,34024300,112482400,4564900,10320700,19575000,22540400,10309600,906100,4449200
2019-06-19,78674400,31672900,15625000,25092700,105746200,4541500,11962500,17597800,28212600,11660600,908200,3694600
2019-06-20,116570000,40922000,17595700,32817400,89200400,4575000,10721500,24937900,48362000,18636300,1277900,4862000
2019-06-21,83309500,39980400,19854400,25032400,55544000,4305200,14495000,18566400,22467800,15068000,1107100,7941700
2019-06-24,47582700,19375200,24002600,23238800,37025600,3046300,6378800,15241600,13764100,17851800,656800,3773600
2019-06-25,82028700,33921100,17462200,24373000,62167500,5251000,9604600,17843700,26173600,24772200,803600,5381300
2019-06-26,51584900,22595700,15726900,13170700,45126700,6675000,12766800,24436700,19554600,12016400,958200,12897000
2019-06-27,40355200,19709200,22278400,14439800,42358200,2538400,9724200,10314500,12995100,8412800,335000,6924500
2019-06-28,59350900,21179200,35089900,27667900,66235700,4341500,8149200,9512100,14690800,8077000,1702100,9638200
2019-07-01,78705600,31025600,22850500,25538600,73169000,8183600,14131200,19129900,26036100,13317700,869600,9746000
2019-07-02,61504500,18035800,19024600,26045900,67518700,3117100,10494300,15843800,20683200,13282100,1168600,7633700
2019-07-03,40898900,15792100,9115100,14359300,31218500,2607000,5380300,6947300,16237900,6351500,439600,5418000
2019-07-05,51677300,21415600,14156700,21696200,51678000,3664100,12180100,7889900,17591400,11536600,570100,5375100
2019-07-08,45841800,17598800,9735700,15839500,37679000,3254100,6490000,9239200,16679400,8028900,495300,4509700
2019-07-09,41101300,19193500,12381600,11661800,28227600,2061800,6215700,15877100,19189100,6633400,444700,4906800
2019-07-10,58448500,28374500,17325400,15051500,53673100,4343700,9470000,9551800,24497000,13920600,535600,6833700
2019-07-11,50826100,23736100,14260800,14023800,44486100,4769800,14126800,7101300,19191200,7535100,561700,4020600
2019-07-12,40326000,20211900,16678000,14459500,30512200,4141900,6992000,6363600,21291200,6309500,471200,2948600
2019-07-15,33900000,15606100,12194300,12363200,28026300,1753200,6055500,7705000,10735200,4026600,1103100,3185700
2019-07-16,36650100,20190900,15152700,23641400,37093700,2766100,6172700,9867500,20147200,7966000,645400,3611600
2019-07-17,36036300,16765100,14155100,13318800,32865600,2624400,9662200,6620400,9361300,11288300,2313600,6422000
2019-07-18,51392600,28877000,15705500,18639700,63374400,2386700,5724900,10357300,17236600,18448200,832800,7048200
2019-07-19,58678600,29387900,17182600,16908600,81774700,1728100,5804800,8789300,14771000,18079200,628800,5064600
2019-07-22,43638100,18954900,14474600,15203900,29826200,1629800,5204100,4464800,12852800,7570400,3117700,3265200
2019-07-23,44564500,23786700,15493200,22078400,37246400,2329800,8108900,7013600,14051800,9981400,807100,4239800
2019-07-24,47213200,20422900,23823100,11192500,40358800,2268500,6389700,11851200,12713700,6715200,1001800,2946100
2019-07-25,55394100,23434700,17902500,24288100,55327700,3172000,8893100,9943100,14272500,11708200,442600,5629200
2019-07-26,45084100,20431200,14260300,16616500,33068600,3004100,6188400,7285100,8512700,6249900,472700,3111900
2019-07-29,38126500,20451700,13192200,11655500,31912400,2505600,6231800,7379600,14731800,9162400,1126000,4898200
2019-07-30,45849000,18705000,1200,24945300,57335800,2514800,5678500,12112000,13794100,9458700,705100,3818100
2019-07-31,104245200,41627500,40445900,32619000,98764700,6669300,15798700,17422700,23449700,18797200,882500,5979800
2019-08-01,142646600,63251600,38070200,38568600,139325900,16938700,26664800,16216800,28839000,27719800,1597100,8371300
2019-08-02,116749700,55214000,30148300,37778000,92796300,8503000,15143100,14629500,23559600,13753200,1219600,4794000
2019-08-05,178745400,75040000,39221500,54766700,131194100,7626200,18543000,12715500,47727900,17519800,1871300,6840000
2019-08-06,120711700,41897200,24283300,33907400,88071500,6462400,12747400,14920200,28695000,9471200,622300,7789000
2019-08-07,140572300,49990600,23952100,41814700,106772500,9665300,32582000,24644100,38028500,26671100,2411600,8674600
2019-08-08,87713900,38418100,19415600,29156400,81187700,5178800,14746000,8353800,27074700,13108600,773500,5766700
2019-08-09,93730000,33608900,19313200,23227400,64704000,2869000,10626000,6375900,19090800,9485900,787200,3304800
2019-08-12,65527600,24642900,15963000,21906000,78559800,4739900,14094300,8075100,17466700,15264000,928400,2944000
2019-08-13,94299800,40241900,21912600,30781900,110271800,5888000,15974900,10955000,30078600,29842800,838400,4540200
2019-08-14,135622100,51000500,28235800,39692900,102911500,8124300,15068900,9070900,29745300,20672900,1046500,4645100
2019-08-15,99556600,36685000,24202400,40936100,78018300,5240200,23588700,11378300,27296500,13467800,827400,4582900
2019-08-16,83018300,32781400,22783400,22856400,52047900,4957800,17150500,10842200,15780200,11728800,1365600,3951100
2019-08-19,53571800,22494100,17023400,22998600,43330900,3691400,13614700,7226200,13603000,10552700,767100,3255600
2019-08-20,51596400,19902900,13324100,21710200,44920900,3161800,7451500,11402300,16126800,7478500,435500,2556300
2019-08-21,49524700,20418500,13446100,25971800,39677100,4921700,9372000,9344000,18334300,8114700,645700,2739400
2019-08-22,51666400,24243700,12979100,20505100,41603000,5860400,13878800,7054000,20677200,6846500,721900,2587300
2019-08-23,149161500,55372400,36974600,34410500,80560300,8192600,16191800,7998600,30340300,20282200,1450900,5776500
2019-08-26,72423800,27598900,19167100,27774800,58145000,7581600,12174500,6305900,14187800,12195800,640700,2736200
2019-08-27,66668900,28012800,24546200,24511400,62899100,3266900,11332300,12644100,14722700,12844100,661400,3252300
2019-08-28,59696700,21792400,20115500,25028400,49483900,2505400,10095900,8935800,13576000,11452400,798100,3498600
2019-08-29,57899400,25358900,18786300,19046700,43359900,4232400,8884900,17900500,16271400,14762500,649400,2688000
2019-08-30,62901200,26319800,18727100,33527300,57071300,3651100,13550800,8653700,14413600,9642200,1565300,5678300
2019-09-03,69101400,27964200,20688000,33998200,50339600,11754000,15660800,22683500,20561500,15615200,1240200,5927900
2019-09-04,46887300,21592100,13107500,25619300,65958900,3447000,7962200,8502600,13526700,11285900,406800,4757100
2019-09-05,83258100,33932600,25666700,22265900,72704000,4597800,19382900,19042800,23399100,20293200,813000,6036600
2019-09-06,49584300,19487800,14645900,21338300,48716200,3111000,9466400,8914800,25162700,14175200,849400,2986400
2019-09-09,51260300,24407600,25780100,15965600,38554200,4818700,15862700,7219000,17484200,11323800,761500,3772100
2019-09-10,57947100,23744700,29576200,19028800,48449600,4797200,13851400,9863400,14055800,12629200,1201400,5379400
2019-09-11,68821100,25063600,42970500,18413200,62563900,4737000,10941700,8165800,13999200,7453000,1947800,3972200
2019-09-12,72908700,28689900,38648300,30292200,74590100,8612500,19163300,11506000,23246400,12673700,920000,3486100
2019-09-13,62104800,27669800,31042800,22132200,58403500,24187700,18922200,8984600,34407300,13451700,727600,6109300
2019-09-16,58191200,20319000,23242600,31083600,62905800,5388300,10971600,11464700,23020800,8094600,1777100,4688300
2019-09-17,41475500,20953400,22986700,23554300,98835700,8211700,9081200,12480700,14626400,7010200,2667000,3674800
2019-09-18,73375800,29781300,19735700,17807600,70984700,5170400,10984600,9162300,15913800,15026300,1534100,5655000
2019-09-19,76560500,26039400,21531600,18972500,52527900,7131900,13176200,9042800,13327000,8057400,520700,2892800
2019-09-20,89565000,29086100,22707200,35368700,84880500,9915000,11519800,10406200,23298400,12110000,532000,6900400
2019-09-23,43476800,22485900,14944600,15457000,41828800,13163900,15246700,9526600,15456800,9006500,511000,3515200
2019-09-24,94869400,40820700,27576700,32233100,57006500,10459100,12421600,12638700,21934200,10576300,739000,3705600
2019-09-25,71854000,34704900,21917500,21342600,43393200,8430900,14147100,13852300,15142100,11648400,669300,7088700
2019-09-26,56179700,26826000,20641600,25098000,37645800,4233000,9636500,8377600,13873100,7984600,534900,2984700
2019-09-27,84746600,40773500,20181900,20607400,79236200,4545500,10386900,8627800,13419200,9804200,631300,4090300
2019-09-30,51662400,26307700,16905400,25423400,43961000,2797900,8006900,10769500,21827700,15459100,861500,3189800
2019-10-01,88242400,32367600,34093500,42550500,48520000,8555100,16613700,13233900,27665700,12476200,967400,5226300
2019-10-02,122539500,48544300,24894600,43464100,41806300,3908600,12891500,11377000,33789500,11914300,944400,3384300
2019-10-03,85278800,39392500,25362800,39571700,62287700,6128300,13470500,13985000,30387800,12396100,794600,6634500
2019-10-04,65091200,31887600,18640400,18837500,54314800,4707600,11516200,9168500,17588600,9651000,2165000,2189400
2019-10-07,59610500,21216000,15762800,19228000,57065700,3193100,11013900,6989300,14542500,6127200,946100,3667600
2019-10-08,95708100,32379300,18110600,27797800,57784200,4304900,14529700,8635500,15471500,10428900,2715400,3108100
2019-10-09,62359400,20147400,10929500,22989500,41122500,3336800,8608800,9929500,11351300,6927700,913400,4166000
2019-10-10,55296300,25177700,16349000,25532400,49289100,3924400,15054200,7962200,11092800,9301700,655900,3719700
2019-10-11,98720400,40976700,29236300,37665600,95248800,8685300,26294000,11061500,18661400,11333400,1416900,3376300
2019-10-14,40394800,14975000,10692600,12662000,29228200,1932200,5936900,2276500,9842600,4006700,506400,1877600
2019-10-15,46754500,23234200,16801200,24932600,50663000,6638500,11832300,13199100,26321500,9128300,1054800,3218500
2019-10-16,48928200,20457100,13119100,28518700,40768400,2755500,7729500,7793500,11813000,10330300,599200,3413900
2019-10-17,45736600,19045200,13175800,26853900,56380200,3188700,6219300,5795300,14814300,6131000,1415700,3223100
2019-10-18,64304000,27700800,14490200,21446100,78858900,2406400,6456100,5978200,21363700,6416100,1001200,2492100
2019-10-21,39048600,15801200,17450300,29016200,38432200,1735300,8038000,6457700,10090400,8306200,726300,2591900
2019-10-22,48594700,22392300,12471800,21293000,53409500,3334400,6683300,5820000,15464300,3879700,2162300,2644200
2019-10-23,34352200,14828400,8728000,14206200,43342700,3305600,5995400,4986100,9097500,4155300,843700,3020200
2019-10-24,35453100,18998500,9091400,23429100,61391900,2645400,6161700,9154900,14832800,6174800,626800,3148800
2019-10-25,45205400,21507100,10531500,17184200,49443700,2381000,5669800,6263000,11593600,6011500,525200,4184600
2019-10-28,42147000,18818700,15392400,16490600,56279100,5837600,11402100,9081600,10646500,5442000,538100,4897400
2019-10-29,44284900,18569700,11978300,15251900,33949800,2199500,5296600,9236700,10655700,3835400,549900,5512200
2019-10-30,49643900,21764300,14451500,22592900,60881000,5276700,10914100,12250700,24566400,6992900,971200,3861400
2019-10-31,69053800,26801800,17344200,22047900,56057700,5540700,15834100,18082800,24576400,7050900,761900,4723500
2019-11-01,71141500,22131900,18421600,32338600,72772400,8149400,11425500,11238400,23894100,8090000,1221500,6520400
2019-11-04,60606900,19015900,16182000,20429900,62191600,4145200,11124300,10122100,14135800,4740300,687600,3878100
2019-11-05,42933200,15048900,13760200,15727300,62354500,6853500,13493000,10409200,21946800,11782300,455800,9141700
2019-11-06,46487100,19725500,16025500,16600200,61670500,4129800,9351900,8496500,8976900,6416500,669300,4500400
2019-11-07,54272300,17832400,13448900,21271500,97598200,5890100,19209800,14799000,15077600,15214200,809400,4945300
2019-11-08,49032100,15258800,11967400,10298800,68666900,3037300,10222900,6256300,11692800,10377400,953900,7330200
2019-11-11,35797300,10147600,10508700,8544000,47092800,1563000,4577000,3231600,4933600,7037300,612600,3525200
2019-11-12,46484600,14778300,14316900,18570100,57453500,4446200,5772900,9936600,14690200,6448600,450300,5701600
2019-11-13,53917700,15774600,14514400,21006500,63134600,2475200,6672400,10280100,15333600,8776000,5073800,4316000
2019-11-14,51219900,16945400,13054000,17870900,48737400,3189600,10213300,10163800,14965100,5220500,869100,5136200
2019-11-15,62023600,18427900,13119200,23494600,67670700,2104500,4657600,5411900,12996200,10106700,2619500,2785200
2019-11-18,49228000,18365900,10759500,20587500,52545500,1893600,5943900,9148900,13135800,5717900,637100,3251900
2019-11-19,67804700,16923300,15203700,18664800,40853600,8306500,7893100,3818800,20175500,4824400,547000,4065100
2019-11-20,79406200,36629000,21314300,20655200,51991800,3838000,7905500,5395800,22566100,6892100,1007400,5698800
2019-11-21,54664700,17883600,15388300,14293400,43842600,3034700,5980900,8425700,17853800,4197200,598100,5002900
2019-11-22,44850200,17189600,13482400,14969300,23519900,1879700,4664800,5276600,20394800,3620300,846800,5112000
2019-11-25,48647200,17752800,24753000,19329100,57048200,3573100,4157300,6808600,16885300,6415800,474200,5183500
2019-11-26,37569000,14780600,15496700,24276000,49571200,3579300,4281100,8688800,11469400,4724400,480700,4858500
2019-11-27,44444600,16963100,13202500,16942100,30402300,2351800,4095700,7264000,11814700,4111000,583600,4121600
2019-11-29,36592700,9854600,9988200,11587200,35476600,2882300,6251100,5260900,11519500,4516400,546200,3531100
2019-12-02,75767800,28007000,17190900,38855400,59762300,6826400,17702200,14911500,20966400,8274700,1310000,9430800
2019-12-03,73941700,31104100,14884400,28161500,50471700,6561900,13062400,9376800,29757200,8481700,1800300,4762900
2019-12-04,49080000,15300100,10833200,21762200,47026100,2072200,8586300,11177600,12406800,6322300,991200,4129800
2019-12-05,40709000,14962300,11470700,21039700,43346400,3062000,7273800,5700600,18158900,5671500,1011800,4846800
2019-12-06,48927000,16555300,16486200,23179600,56766600,2717400,7931100,6149500,16094700,8714500,1487900,4486000
2019-12-09,34838500,13984100,13476700,21946200,37622000,1928500,4016900,4545300,18034300,2711600,659800,3961000
2019-12-10,52649800,21799800,13704400,23419000,34791300,1707000,4947600,6425500,15117100,3240800,565300,5227100
2019-12-11,53429100,18780800,19612200,16546800,60083200,2462600,6256700,4417100,14127500,6097500,861700,5112100
2019-12-12,96389600,32612000,24857000,30690900,132196700,5490400,14857000,10375000,18958100,8815100,1424200,7923900
2019-12-13,81503900,32519400,23279600,46988400,160526800,4162000,11335100,12474100,18088100,6964300,1167600,6814200
2019-12-16,82749700,21296600,20115300,34004700,81828000,3028500,9156600,8062600,17517400,4646100,1753300,5185200
2019-12-17,61097700,15996100,12980000,28111100,79046200,3471400,6179700,10886800,18650700,4287500,834900,9649900
2019-12-18,48133000,15443300,15379300,18590900,67065000,2249500,6244700,10205500,31575700,3607600,1239400,6340700
2019-12-19,85310500,17865900,11919800,25939200,59364600,1962500,6591100,9307000,29429300,4975000,961300,6117400
2019-12-20,147142100,27672600,25449500,38587700,69295600,4660500,5455700,8336900,31918800,4463900,1043100,9514600
2019-12-23,52990000,23774700,13372100,21313800,29479500,1809400,5175000,3827500,9720200,5180900,837500,5369100
2019-12-24,20270000,7089000,4334500,5947000,18951500,857600,4667400,2638000,4854900,5303700,466200,1962000
2019-12-26,30911200,17067500,9371200,8372000,24947900,1285100,5290200,3879900,11382700,8342500,679200,2243900
2019-12-27,42528800,18134100,12261800,16281600,48407900,1771100,7300500,8752100,11627100,5119900,1250000,4195900
2019-12-30,49729100,21815500,14912700,24069000,44522800,2035400,7979700,9993800,12524300,4810600,976300,3466500
2019-12-31,57077300,18170900,17362400,20142100,47292800,2801600,10707400,5499400,8310800,5313500,806100,4649500
2020-01-02,59151200,30969400,18297500,24749300,78570100,4022300,11034100,15348700,15756600,7733800,3026900,5106600
2020-01-03,77709700,27518900,19295600,29921500,78998200,3839600,12366000,10110900,17342200,12272800,3210100,5015500
2020-01-06,55653900,21655300,17150900,22636400,40085300,2714300,11369800,13894300,17936900,14403300,3232100,4889000
2020-01-07,40496400,22139300,11817900,15107500,65705300,2038800,8381200,8211700,9640300,7978500,1924600,6529100
2020-01-08,68296000,26397300,13832400,14249500,86913300,5081100,10621700,12268500,16088100,22248500,2340200,6766100
2020-01-09,48473300,23547000,11895400,13749100,53199900,3680600,7411500,14415100,16649500,10292300,1077900,4213800
2020-01-10,53029300,21898500,15353000,33832300,67573300,2600000,8776000,8263500,16182900,6183300,1877800,5838800
2020-01-13,47086800,22756900,17271100,16443000,79593800,2672600,5966900,4477400,17762400,7593800,1264500,5552600
2020-01-14,62832800,24418100,18323000,28826600,75746900,2376300,13920300,11066300,29157100,6589700,1201200,4120700
2020-01-15,72056600,25742100,15437200,12217900,60620600,2734800,6290500,8712400,24637900,6510000,669800,4471500
2020-01-16,54050300,18805000,19976200,12883400,50712700,2200500,6798600,13926100,22349200,6069100,1652300,4426700
2020-01-17,95846000,24325200,18306400,18473700,72382100,2627000,9693100,13727800,29626700,11121100,855400,3581300
2020-01-21,77742400,21146300,17935100,20026600,106662600,2355600,6794900,16807300,19724900,6086100,991500,4217400
2020-01-22,48914900,20736400,14916300,14047000,57584900,1787600,6317000,9928600,17731800,4778200,672600,5024300
2020-01-23,51963000,26496100,15954300,18720200,88714300,1891300,9747400,13623200,28566200,8419800,1331600,4825000
2020-01-24,87578400,37436500,20491400,24107500,88654500,7932600,8585000,11604500,40838300,9919900,1368800,3518100
2020-01-27,84062500,42264400,18539000,32766700,129321800,3824600,10935200,10461200,41372700,9988100,2608400,3047000
2020-01-28,63834000,26731900,16690400,18001700,82396700,1923600,10612900,12055900,32628300,7543100,1163300,3006100
2020-01-29,53888900,28924500,14944400,14916600,51814700,2429500,9566800,11174700,17308200,5013100,816700,3785500
2020-01-30,75491800,39568100,21889700,26285300,105864200,4405500,14711800,14619200,20103300,9119500,1849000,4142400
2020-01-31,113845600,52015800,30439000,40101600,99532200,9764500,14538100,20194800,35659700,14788300,1786400,6370900
2020-02-03,69083000,25408600,17373200,35288000,71309200,5722100,15309000,11216300,25754700,9105300,3464900,7508200
2020-02-04,62573200,30691200,15994200,32540000,73939300,2569600,11388300,16799300,25063800,10525600,1563100,4422900
2020-02-05,65951100,38534800,17807000,28162100,74350800,9027500,10782600,9587500,36687700,6160700,2575100,4413700
2020-02-06,50359700,22467100,14768900,23422500,80118800,1697100,6683100,11028900,18329900,4819800,2496500,3327500
2020-02-07,64139400,25884900,18029600,22188200,58449900,6177900,11374800,11517200,12865100,6379300,943000,3176200
2020-02-10,42070000,21478900,11428800,13957600,45350800,1909100,6699300,10405800,14220000,5793600,592900,4457000
2020-02-11,54864500,30198000,15005600,16040600,58708400,1657100,7784100,10052700,16821500,5179400,1181900,5362200
2020-02-12,43992700,24471300,12123000,13218100,41641100,1473800,5595500,7069100,26688200,5040600,1150300,6298700
2020-02-13,54501900,22773200,12649300,20113100,64757500,1868000,7883400,5437400,13297900,7082100,759100,3683500
2020-02-14,64582200,23438500,16006200,15005100,45095300,2043600,7137400,8254500,11398800,5345400,1613600,3004800
2020-02-18,57226200,24394500,13412100,29201900,40176200,8356600,6909200,9650900,26635300,11524900,946600,4186800
2020-02-19,48814700,22230500,11084600,16232700,45651500,1681800,5707700,10731500,18547500,9269800,555600,4415200
2020-02-20,74163400,42604000,20383800,24607700,109316300,3452900,9332900,13706000,31277000,8457300,961300,5556500
2020-02-21,113788200,66017200,18729900,24361900,70553100,5381000,13860300,12192700,23027000,16344500,667800,3670800
2020-02-24,161088400,84522600,28239500,51653500,101505600,6803600,15929300,17894700,57828300,27171000,769600,5214600
2020-02-25,218913200,97743000,45047000,55520000,118601100,10014300,20802900,19930500,68418000,28091500,1375500,7378900
2020-02-26,194773800,79537700,39465000,64966000,109411100,19649400,22589500,23073400,69233800,17912500,1027000,9407200
2020-02-27,284353500,121822600,50530300,80201400,151063200,8629700,30687900,29687900,72596300,27878500,1869500,11869100
2020-02-28,384975800,148173700,72036400,122342000,201191200,13437000,44935200,25073300,97472600,42699600,1348600,22471800
2020-03-02,238703600,112933900,33569300,78735900,135152300,19402100,28152400,15922600,72357700,16295400,3027700,14250500
2020-03-03,300139100,131953500,42941300,77691700,141798700,11462300,38608000,39141000,58721000,28687700,1575800,14654200
2020-03-04,176613400,73086200,36195800,41681700,80064800,7627100,23463700,23702000,52664700,12315500,1332700,10638200
2020-03-05,186366800,78705500,32729400,46294000,107474200,5284200,17786200,22089500,62455700,17973500,1889400,9803600
2020-03-06,228667200,89828400,39688300,64277200,104006900,11614800,76288300,30099900,69860600,26973400,3233600,10302700
2020-03-09,309417300,116424000,56320000,68431000,143376900,24791700,41552800,27166000,73609600,24868700,2698900,14017500
2020-03-10,276444100,100599200,54432700,110061600,142773700,15072900,37728300,30024700,57598000,18811500,4293300,11782100
2020-03-11,255316300,89168800,51354800,77459000,137795400,13316100,29519300,37310300,60006600,18159900,2488200,16447000
2020-03-12,392220700,137820700,70114300,91385100,171341200,10671600,24361800,41021400,82926400,32893400,4191700,16761500
2020-03-13,329566100,134882000,57915100,73588700,128272900,8697200,19812900,33470600,69164600,35177200,4491600,10968600
2020-03-16,297240000,92054400,59095700,54122400,101553900,6971700,30496700,19928900,43080100,24496000,3153200,11396500
2020-03-17,262070500,121257100,59344800,55045400,92310900,5680300,18570900,19074000,68569400,24490300,5784200,9100900
2020-03-18,327597100,114156300,62296700,74919600,101136100,13256300,47061000,23808700,54289800,21953400,3814000,15714500
2020-03-19,289322000,120896500,62654700,65863000,68919700,6702900,21175300,29077100,45706300,20828900,2311100,13090000
2020-03-20,347158800,118983900,76203700,62803000,100290200,9641600,20863100,29390100,55796500,20056000,1956700,18838000
2020-03-23,326025200,124639800,63534700,61708000,97832900,12234700,19971800,36918800,48862100,28275200,2089600,15558600
2020-03-24,235494500,94881800,73386700,51118500,84450500,5235500,11948600,43049700,51304000,20743500,1040400,14401600
2020-03-25,299430300,88754900,56043700,60405600,79588900,5527600,10750600,45181000,45692600,16457200,1486900,15209300
2020-03-26,257632800,79887600,51657600,60511800,89991500,3384400,10576200,21893500,41965200,12778200,1839200,14486100
2020-03-27,224341200,58845000,39931500,53372400,74103800,5282300,12550000,27730300,66536800,9824600,1420300,11521700
2020-03-30,171369500,49356900,41552100,45987700,47544900,4649400,13473200,19272700,35016900,12080900,1668100,12754300
2020-03-31,194881100,62659300,52948000,64906600,64131300,6356500,11464800,23901400,31103400,13319500,1218400,16815900
2020-04-01,189554600,53715400,54224200,40960200,65580600,9256400,11334700,21859400,36859100,11827400,1466400,12174800
2020-04-02,177660400,56465300,43774200,38008700,55784000,4789400,5771200,22929500,31824800,9188300,1624100,10916700
2020-04-03,135561200,47487600,42189200,33029800,68672500,3441100,6570800,10754100,39986200,8469100,961900,8986700
2020-04-06,188061200,64763500,48708100,42257500,82394800,4697500,9434800,15631800,32347800,14739300,1157200,8382200
2020-04-07,201427200,69904500,57546100,36678000,74322600,9340600,13811400,17457700,35120800,9195400,1923500,7675100
2020-04-08,153774500,45940400,52822300,35282900,47112900,3341000,10147100,15484100,46291400,7600800,1357100,9628300
2020-04-09,189999200,68252600,69528600,42218200,67239300,4543600,14259100,53580000,88846900,18123000,1923500,13840900
2020-04-13,114839100,42853900,40198200,33424700,38193400,2103100,8750300,20599800,40390500,20549200,1351800,10139000
2020-04-14,134143400,63959600,35089700,36915600,52817400,2180100,9019100,14791600,37632800,17095100,1098000,9400800
2020-04-15,121775000,47036000,34809900,30158700,60775200,3137400,10027800,13687800,34367500,12141900,1272200,8568200
2020-04-16,131798300,64657400,49501300,37284200,37215100,1901600,8265400,12582100,25821900,9233200,1522400,6252800
2020-04-17,146684800,62863200,46250200,36205100,40870300,2375000,8612100,11187900,38251800,14652700,1055400,8593100
2020-04-20,100109300,38249100,36700500,25077400,44402700,4230700,6462600,12057500,24676200,10688700,2004200,6631000
2020-04-21,126385700,72932800,31608900,35535300,46166600,3287700,7850700,16146000,42335600,12478100,3327800,8620400
2020-04-22,92951600,40089100,24333800,28732700,37455800,3168700,6230200,19956600,15720900,12902100,1321600,6484200
2020-04-23,104709700,43278500,38571200,34733400,40733100,2345900,5968600,5833400,23896700,14928500,1132000,7648200
2020-04-24,85063200,34231900,27147500,30445100,30553700,2373500,6211800,14985500,37915200,11199300,941300,6419000
2020-04-27,77896600,36451700,39021300,30786900,30617400,2508100,9039500,11794700,20550700,9033500,971200,7669500
2020-04-28,105270000,46862800,47292700,35115400,34463600,2847600,9905400,9232900,23927600,10383000,956800,8177900
2020-04-29,118745600,48716400,50390500,34921800,45483100,2600100,8619600,7399100,34838300,12232300,802900,7307000
2020-04-30,122901700,43359500,43727500,52183100,59181700,5371500,11606100,14583200,34636000,13633500,1439600,8606000
2020-05-01,125180000,48795000,43352000,32088300,56829000,8357700,10209400,15442300,31859400,10914300,1999800,6013600
2020-05-04,80873200,32841000,28498200,23432000,37036200,3580500,8300900,9466700,20400900,7986200,840900,7288000
2020-05-05,79569900,37783100,31209400,23459100,41772700,3487600,7831800,7268800,26484200,10563100,931900,7520300
2020-05-06,73632600,36455200,29836800,22596000,36584500,3279500,14721500,10662900,18823300,13352000,880900,6266800
2020-05-07,75250400,38624800,27493000,30628700,36883300,3252800,9164800,11194300,19581700,13691700,530500,6727300
2020-05-08,76452400,31852300,32122900,20445800,60613000,3486800,8129800,12286700,21770400,12240900,981600,6625600
2020-05-11,79514200,35714100,33983200,30772300,31053700,4569400,8713500,12334800,14285100,11209800,1083100,6874900
2020-05-12,95870800,41054100,44275300,59246700,49641400,4267700,10057300,18760500,25332700,10406000,1232000,11764700
2020-05-13,144721100,65521200,58719300,31920300,55002900,2615800,13305600,13404100,29962000,10950400,571700,8358600
2020-05-14,121977900,51549300,55904300,41217500,58633700,2257600,10080000,16978300,30429100,17084400,490600,8609800
2020-05-15,111146300,55747200,40236600,34086000,40402000,1828900,7225600,17987400,34133400,13918800,830200,11916700
2020-05-18,119703800,42398100,46981100,39999500,47487700,3091200,10073100,15299000,31900200,14133800,1097800,8617200
2020-05-19,95189300,36237300,30270000,31462400,36152600,1941700,8639100,13529000,18536500,8535800,411200,5804700
2020-05-20,85861700,37417000,35901300,32827600,43140300,2366700,10927300,15068200,36053700,10666100,863500,5133700
2020-05-21,78293900,43642900,32716500,27554400,42845500,2063800,8920000,11059200,23307300,11791000,570000,5385100
2020-05-22,63958200,28762400,24035200,27513100,47355000,1352400,4956700,12546900,11311900,8540900,768900,4737900
2020-05-26,88951400,33055300,36971000,46679700,54511200,3484800,8098900,12864900,27673800,13972000,842300,6001000
2020-05-27,104817400,55665600,42682000,33723400,47182400,2542900,8047400,10204500,24905000,13063500,467100,5880500
2020-05-28,90405200,42784300,42105000,40630200,53388700,3873900,10272600,12360900,23282500,9758500,678300,5642800
2020-05-29,119090800,50691800,41536400,47437100,63616700,2993800,14632700,14092500,32189000,12581800,1109300,8989500
2020-06-01,55758300,25776000,25567500,30195300,49360200,8531700,13341400,15415500,46987000,8140200,970900,11218300
2020-06-02,74267200,33383400,24666200,31663000,54010500,4711800,11517100,11585400,35930900,10388900,706400,7162100
2020-06-03,92567600,37228700,36111700,29773100,60769300,4226600,12255700,15198200,35991000,17000500,862800,7485600
2020-06-04,75794400,38716100,28904700,26190300,50969300,4744100,14038600,9777400,36405800,10094000,1091400,5503500
2020-06-05,150524700,47365600,53513400,31208000,52467500,10611700,17778500,22147400,35306500,16021200,1500400,6158800
2020-06-08,73641200,32937300,33834300,29644000,39777100,3314700,10346700,15872100,20493100,9244400,1581200,7130500
2020-06-09,77479200,35046300,39646000,30176500,44389800,3238600,9095300,17982200,28412400,9045600,646100,7168900
2020-06-10,95000800,58084400,51774500,27492200,81172700,4944600,13135500,16866200,36663100,13009300,1292000,6433900
2020-06-11,209243600,72919400,72041500,54699700,91271100,6365800,17086400,28279600,48794500,11673900,1122900,8611900
2020-06-12,194678900,72034800,63864900,57668900,73779500,3051000,9716100,16202800,36156800,6895400,693900,8871700
2020-06-15,135782700,45307400,57354800,30698700,76868600,2658000,7759800,24006200,39432300,8532500,652100,6138600
2020-06-16,137627500,48890100,48957000,37029400,79638000,5252000,13698900,16299500,40976300,7964000,891900,5811700
2020-06-17,83398900,34749300,34811400,26238300,61471100,2308300,7113900,20132900,17066700,4758200,540400,5041500
2020-06-18,80828700,30578600,26974100,20035700,48131400,1694600,7691400,9306600,22223600,5397600,951700,5005900
2020-06-19,135549600,49422100,50293800,32270800,72411300,2033200,8565500,13741400,32037600,12187400,1605400,10402000
2020-06-22,74649400,24068700,28983200,20743000,39024200,2284900,9319700,10134000,21536000,12385600,939800,3995500
2020-06-23,68471200,32767400,20344200,20897800,32995800,2010600,9088600,9381300,17438000,12137300,745900,3958100
2020-06-24,132813500,46032400,42998700,34030900,51150200,2310700,11436500,12357300,43720600,10901400,1372500,7034900
2020-06-25,89468000,36940800,37191200,26357100,48199000,1650900,10968000,19115300,31159700,7093800,618900,6626000
2020-06-26,127961000,52824600,39100100,32279300,53901200,3413900,12119300,7304900,33705800,9753500,738000,7277100
2020-06-29,79773300,34377800,33935200,23749700,34712700,28632400,7274400,10954600,76540200,6735700,790600,4687100
2020-06-30,113394800,38909200,32865900,32612900,67644600,4126700,14841700,11599000,40554300,12762300,1118200,5212200
2020-07-01,72396500,34689200,26457500,25243100,51766200,8416500,13181000,11872500,28799100,13214800,1117600,5023700
2020-07-02,69344200,31956500,24022400,20854100,42240200,3054100,7599800,9733200,30623300,8753500,1422000,4588100
2020-07-06,61713800,34589000,19858200,21537100,69159900,2821900,7972700,12706800,22888200,7265700,1475500,6174300
2020-07-07,82910000,36578200,22661000,17394200,34004100,2920400,12791900,11645100,22408000,11633100,1142000,3389200
2020-07-08,54638600,30426300,27358900,17363400,42278100,2096700,7253900,10033100,21155700,11662700,819900,3848100
2020-07-09,83354200,40312900,34647800,26098200,64950400,2769400,13373100,9809000,21655600,13327400,747400,3455900
2020-07-10,57550400,32885300,24008200,22008800,45293500,1939000,8478000,9043100,17903400,8218000,661700,3809900
2020-07-13,102997500,64108100,34235500,20515500,47039600,2051100,8054000,22457200,20039400,11095900,805100,6071800
2020-07-14,93657000,72230500,28114000,35121300,56528000,1721500,11344600,12505600,31929700,9812700,653700,3473900
2020-07-15,87196500,54523900,40770100,28888600,48309100,2085400,7840300,8815600,21291300,7533800,1464200,3547200
2020-07-16,54622500,47594100,30530800,24677200,36512000,1907100,9107400,7761800,17570400,10242400,1093600,3605400
2020-07-17,62774900,35137900,20644100,19641800,40913000,2405200,8549900,6078400,22863700,10296000,1712300,3720500
2020-07-20,56308800,40610100,19663300,17996600,23319300,2695900,6907200,7244300,16701600,10095500,783200,4364100
2020-07-21,57292200,43243800,24503800,21179700,44420500,3228400,8454400,7712300,22331600,12826100,2112400,3007200
2020-07-22,57792900,29865500,24424800,18023400,31232200,2431500,6592100,6229900,15251400,18712500,1469200,2682400
2020-07-23,75738000,51363500,21704900,16080700,39243400,2006500,10471800,9544200,28434900,23006800,1032100,4630900
2020-07-24,73766600,54054500,20015500,16017900,30184800,3395600,7520700,9106500,14977500,15601300,702700,2702200
2020-07-27,48293000,36445700,13370700,16368200,39112200,1976500,6146400,6347600,12931500,21115600,1721900,4111800
2020-07-28,57495000,31302400,13268000,20470300,31219100,1870300,8520700,12922600,14862900,21164600,907100,6613300
2020-07-29,48454200,27556900,19864400,20055900,37830900,1874200,6733700,7625100,18012800,25640100,815200,5429600
2020-07-30,61861700,41774500,23618900,24664100,47900300,28331800,9376100,8939900,54812400,18061200,1394600,6602700
2020-07-31,84986800,53686300,29881500,36002300,62457700,4039200,8886000,11788700,28623100,15876700,1297300,9312300
2020-08-03,53077900,32081600,20777100,23609700,30603000,6595900,9066200,10915900,17480600,12897000,1288100,5629700
2020-08-04,41917900,24911300,20285000,16236800,40597400,3842000,9878900,10101900,17120700,20773200,860800,4078000
2020-08-05,42697700,21612100,18190200,17901300,36768200,2423700,6954100,11602000,14566000,27078100,1278600,3374500
2020-08-06,43679400,28048200,18237700,17210500,33523700,2286500,9481800,8067800,13258600,20640100,1158700,3646500
2020-08-07,57308300,44969400,20475200,14988900,35759300,2363400,8176900,7405300,14289900,24570200,1172900,4447800
2020-08-10,44282100,35088400,24000500,10049000,26964700,1994900,6408500,6137100,13708700,19047200,774900,3410000
2020-08-11,69601100,43104300,30359400,31465500,34166400,7166500,19234200,12870500,20535400,45355000,1284600,5193800
2020-08-12,53774400,38773400,23378300,28638500,30740100,5538100,11744800,11902600,18003400,28660500,574400,2245300
2020-08-13,41816100,31895700,15799900,17783100,26509200,5748400,12744700,20754500,28444900,18596800,862100,3585400
2020-08-14,47260400,30799500,13360900,10874100,24593800,2722800,6398100,12409100,14072300,11792000,790300,3399300
2020-08-17,35481000,24803000,9744200,11429900,26422200,3357700,6901500,9522800,13756500,15709800,649700,2749900
2020-08-18,38733900,23529500,14670400,23832500,34464800,1853600,8140600,12198000,24900300,16291600,3484400,3635300
2020-08-19,68054200,31999400,14337300,15591900,28391100,4493800,12497700,12168600,18738300,24646900,824600,4376200
2020-08-20,42207800,27723400,15413000,19825800,38399500,2880300,10319900,12065300,19912800,16692200,1992400,2949900
2020-08-21,55106600,34748900,20685100,15926400,34657800,2103700,6836000,6353900,17570600,12713700,828300,3380700
2020-08-24,48588700,36418500,13707100,14627700,26576500,1974900,6490600,13093400,16058100,11605800,1174200,2553700
2020-08-25,38463400,34866600,16269700,18507500,27608400,3562800,10518300,12191100,24018600,10056100,798000,3123500
2020-08-26,50790200,42216700,13772700,19549800,31465300,3337400,8276600,6259000,16243100,12715800,816100,3139800
2020-08-27,58034100,49482700,17508400,24413900,31947400,4672900,19860100,12251100,19861800,16299200,687600,4006700
2020-08-28,48588900,28021000,12371400,15197300,24151700,2277200,8415400,7907500,14418500,13200800,893100,4548700
2020-08-31,66099200,36321000,17051500,24929800,52790000,3273300,11388100,11874000,21473800,10251200,1722200,4835100
2020-09-01,54908700,36216200,15638800,23945500,34212200,4622900,10587000,13289900,22774200,10662100,1436500,3498500
2020-09-02,69540000,50836800,16763400,20748400,50638400,3013400,15167700,14236600,15878600,11536900,1417600,3136500
2020-09-03,148011100,110083300,32117600,43834300,82433300,5750500,16416600,16452600,34169800,12148100,970400,5716500
2020-09-04,139156300,123959000,30618800,33992800,62284500,7512800,13780300,13177800,36087300,11567900,2013400,4956900
2020-09-08,114465300,99568600,26447800,26869600,50051100,3442700,13790400,13932300,34967600,13229200,2071400,3774000
2020-09-09,91462300,64837900,20160800,23374000,49010500,3964300,9558900,11640000,32976800,8424100,1337600,3158300
2020-09-10,90569500,69667500,23005500,30361000,54276200,3164200,8847700,12624700,32866300,9143600,1267700,4308700
2020-09-11,84680200,71809000,20851000,29958900,49400700,4905000,5458200,9773000,20807100,7662300,863000,4255400
2020-09-14,65605700,38525200,21991300,14663300,38892300,1797100,4274900,13896200,28958000,9709500,948500,3732000
2020-09-15,52920900,41849900,16175500,17678700,30541000,2897600,6928500,9388500,22176900,7993700,1055700,3017500
2020-09-16,82096000,42321000,22178400,18052600,38179100,4015700,8815200,8868200,26951200,12702400,745900,3722400
2020-09-17,91523300,81570800,20002900,18149700,38231100,3426800,7813900,12190400,25752400,8836200,669800,5981400
2020-09-18,105877900,86251100,38352800,27897500,34270500,5606900,7246300,9968000,29891800,9959700,538700,5024200
2020-09-21,99450800,57168600,40652500,39928700,42901100,5838100,11086900,12081100,42968900,17436100,1056400,5297300
2020-09-22,63612100,41128900,19385800,15810800,44884000,3387900,10524100,8295900,41396800,7977900,518600,4486400
2020-09-23,93112200,48837300,33403400,18325800,40837000,3172000,6224800,17759900,39577800,18134000,1531100,7876400
2020-09-24,76681300,70631700,31723700,25234900,46493800,2866900,8278100,20595000,38755800,11759200,1222800,6813300
2020-09-25,71069400,55242400,20689300,24180700,44165700,2187400,5140300,9793100,36032200,6779200,622400,3503300
2020-09-28,64584600,58438300,17600900,18102700,45528300,4167200,4470100,8579500,20277000,7109700,799600,3470900
2020-09-29,51304000,27050000,18683800,16168300,25333200,2577100,10297600,8428600,20243400,8718500,583300,3662900
2020-09-30,104081100,49380800,29073700,37083000,48674300,4276400,12971000,11634700,28797600,8371800,1374000,4507100
2020-10-01,88698700,50020200,25872000,33266700,51521100,8733800,11523900,12642600,31098000,10402800,2113900,6406300
2020-10-02,89431100,75497400,29452000,25285500,32647100,7509700,8828800,10829600,26284300,7488500,1360500,3346700
2020-10-05,45713100,28184600,18553600,14564100,36059100,6132200,14726000,10078700,27394000,6969600,1451400,2654800
2020-10-06,90128900,49704200,36348000,22901400,43464800,8516400,22419400,22370600,37848500,8632800,777200,5830300
2020-10-07,56999600,27539700,27049700,17055500,45691100,7116700,9429200,14745500,20968200,6410900,715500,2362400
2020-10-08,45242500,25443300,37278600,13385000,29669900,3499000,8431500,12101600,18738800,6530800,1335200,2269000
2020-10-09,59528600,30201100,25038100,22181600,31901900,4358500,8441500,9979700,21287800,15979800,1132400,6556200
2020-10-12,80388500,79370700,20336200,9676100,40037700,3287900,3962000,5465400,10503400,4843000,984300,5655800
2020-10-13,73255500,64240000,20106500,16260500,35585000,6583300,7914300,9228200,25183100,8384300,1044500,4406300
2020-10-14,57727900,36949100,19024900,13144000,42300500,5200600,6954800,12994600,31620600,9076600,564600,4651400
2020-10-15,60357700,42514200,22865100,20631800,41119300,3839200,9458800,13255900,32232100,6815400,574200,2915400
2020-10-16,89501900,40570700,17637900,15792600,31611400,2726200,8416300,8742400,27456900,7260700,621800,2925400
2020-10-19,68425600,36756800,18360600,14736400,30869500,3635800,9286600,8634500,20998100,6084400,478900,9873000
2020-10-20,60051900,32195400,18927700,23268000,51631300,6129700,11189000,13413100,27650700,7121400,1144800,4038600
2020-10-21,63575000,29306100,17504100,21699100,42909300,6425300,10453700,8890100,26901600,7548100,558000,2685900
2020-10-22,55399300,32196200,20673900,20533700,41884100,6749000,12664900,9661800,28977800,8377000,575500,3828900
2020-10-23,49143900,24658500,20889800,19334200,36931400,5049900,8783800,12010800,20734700,5919300,1042500,2588700
2020-10-26,91473000,38421100,26509900,17745700,53574300,4817800,7227300,9776600,50102400,5105100,583000,2691200
2020-10-27,65994100,30559100,20523000,19616900,41828600,3620100,6062300,7023800,30880900,5826900,651300,2264100
2020-10-28,127094300,53413500,32338700,36132600,67047200,5586600,11765800,13578300,45794300,11734100,1743800,4422000
2020-10-29,90597700,43246300,27203200,30898400,44763400,7504800,11932400,14744600,37112600,8474500,1007700,4645500
2020-10-30,120287300,65838300,31764500,35889900,66155200,7246800,13095400,19875600,36801700,7303000,2362800,3978900
2020-11-02,86068300,39987400,25252100,24388600,51001600,7674300,10810500,18496400,25665400,6498400,5856300,4254500
2020-11-03,93294200,43604100,30257400,26474500,49744300,9203500,16228700,11661900,39777600,7577200,877000,4214600
2020-11-04,126959700,75728200,45226300,26490200,81110200,14922300,21570800,20019500,57673400,11117300,796000,2867500
2020-11-05,82039700,52054200,31911000,28528300,78029300,6250700,18537500,14349900,55079000,16102800,970700,3984900
2020-11-06,74973000,40959800,24930400,21980100,57353300,10402200,12408400,12029700,25953400,10378300,855300,3696600
2020-11-09,172304200,86537100,55052700,43606500,74889400,11195800,23245000,21273800,59347100,29800700,1278500,8999300
2020-11-10,85552000,69024900,35492200,37172600,68735600,4810500,12561000,18849800,39295700,11728500,2037200,6146100
2020-11-11,58649000,36102900,23972600,16643200,46272000,1699900,5888200,3763300,14416200,9008500,1591900,3416100
2020-11-12,67546200,34414600,33986800,24076600,41292600,6324000,15999700,16891500,43300100,7167900,1013500,3939500
2020-11-13,62892200,24806900,25440400,21594600,48143400,6766000,7344600,8256800,20277100,6469800,785100,3443000
2020-11-16,74541100,30168400,31812300,20294600,63565900,3911400,6310400,12742500,28350400,8358500,1073600,2978300
2020-11-17,66111000,21843500,26154500,18574500,34661600,4707900,7444600,11832300,23747100,8229100,840300,3856900
2020-11-18,70591300,28069600,24377800,15018000,32343400,7931200,10333300,11878400,22098900,7384700,1260000,9655500
2020-11-19,59940900,22718400,20187600,24048000,27524000,9323000,10637200,16107800,21704200,6965100,632400,4225400
2020-11-20,70417300,25907300,24898800,18571900,35259100,16772200,7246800,18308400,48530200,6379400,879600,3136400
2020-11-23,63230600,26875600,24816000,14340300,38979600,2511900,11300000,8648500,23790600,15510600,1069100,4520000
2020-11-24,62415900,24516800,34945400,23399300,39275200,4349300,10891700,11204400,26080100,19504000,1376500,4805500
2020-11-25,45330900,23326800,21082700,19214900,47358000,2125500,9145800,6709800,26510900,10286600,2317000,5792800
2020-11-27,28514100,17163100,10384400,11839100,27040300,2988100,4708200,3404800,7338500,10569100,803400,2063900
2020-11-30,83872700,27836200,25481600,46146500,60622800,2390900,13071600,11856200,24256900,13210000,2898600,6413600
2020-12-01,74231400,27521300,30265000,29860500,50376400,13902200,13662800,18933600,26256700,13533300,7662200,6489100
2020-12-02,45927000,23620000,20142800,20864700,42826100,5578500,12114300,15637700,23705000,9199700,1188100,3738500
2020-12-03,62882000,22828700,19603600,16572700,61408300,4484900,9626500,18888700,20748400,10457300,1626700,3386300
2020-12-04,50749900,19332100,24415700,18956100,42230900,4709100,12734500,12521200,19362000,10098600,2366700,3053200
2020-12-07,48944300,20851000,14671500,19537700,43115100,4441600,9316100,16697300,17811300,10555100,3676900,2620500
2020-12-08,42458900,18341500,20165600,12428100,28632600,4735700,7397200,12797700,21408300,6348400,1360100,2648100
2020-12-09,74098300,48839300,29507600,18355000,40762600,3444100,7750100,20824700,36608500,10743200,1498800,5024000
2020-12-10,57735400,27519500,21245300,20871300,36032000,3557600,10025100,13527600,24251500,6564000,1009000,3737900
2020-12-11,57698600,26760400,30865000,21812000,38034400,4336600,8135900,9023000,17699600,6084800,1309500,4044400
2020-12-14,69216200,28804800,32237700,26176400,34407200,2870600,7535900,8004000,20705200,7644400,1335300,3735200
2020-12-15,63865300,25709000,26807000,24075700,39345000,2889200,6847500,12254500,25052800,6840500,1110200,2867700
2020-12-16,58420500,25461900,25494600,15642300,38243300,5058400,9954200,12326000,42386700,8174700,964300,3419900
2020-12-17,64119500,23730500,23834200,18633100,36323800,3233200,9422700,12338800,23911400,9475800,1279500,3341400
2020-12-18,136542300,41173400,37033400,27367900,47662800,3189500,6505000,8781900,26741200,6789900,1134900,3988500
2020-12-21,96386700,37095500,30873000,31488000,48558100,2850500,8988200,11925000,30308300,8168900,1503000,4993600
2020-12-22,47949000,26176300,21919700,20355000,35229900,3688500,7370800,10226800,21975100,9442400,1534200,2828900
2020-12-23,46201400,21201300,18392000,13577300,36469400,3047100,9266600,7553100,15913900,6542800,1786400,3659000
2020-12-24,26457900,16785000,8904900,7252900,20689000,1529300,3117100,3397000,7327300,3695400,1268000,1563600
2020-12-28,39000400,22497700,27168400,11142200,26906100,3677500,7791100,6279200,22575500,7778700,2050300,5655100
2020-12-29,53680500,25871900,33901300,17541500,41965900,2157300,9030900,6581800,22893000,5983700,1315000,3880100
2020-12-30,49455300,18138100,20595700,15147100,35759500,2549100,9097300,5343100,21080100,5914000,2086800,3995900
2020-12-31,78520700,21611400,24747700,34218500,35680200,2626200,7742100,6932300,12059900,7540800,3678300,4827300
2021-01-04,110210800,45305900,33664200,26703400,48201300,5499000,13152900,14891400,34528300,14331400,5740000,5311500
2021-01-05,66426200,29323400,27442900,19748500,53358000,5004400,10458100,16294400,33725500,12718800,2395800,4932600
2021-01-06,107997700,52809600,52952200,25426900,56418700,10039300,22827300,19136500,37148100,18453500,3370800,6520100
2021-01-07,68766800,30394800,24031400,18783700,41031300,7751700,14651900,11886100,25868200,7110200,2627200,4068400
2021-01-08,71677200,33955800,29017000,25272200,76024300,8378700,13622500,13341400,27403600,24399900,2920300,4931600
2021-01-11,51034700,32746400,20945100,23190200,40816400,6061000,8370700,7557700,26608000,8571400,2247800,6565100
2021-01-12,52547700,29266800,24892200,20914000,47570500,6516600,12186300,16766200,41746100,9798500,1635300,7857300
2021-01-13,45303600,22898400,22782200,15580700,33561200,7562900,12533300,16490700,47710300,14110300,1579700,9024900
2021-01-14,49989100,23500100,33913700,22607500,38837200,8113000,14835500,22050500,25484800,13522700,1371400,5866400
2021-01-15,107160000,35118700,41043500,27355900,58519000,5978400,11624700,13680700,48134800,16172500,1409600,3939700
2021-01-19,51233300,24537000,19744300,20162300,50429300,4035700,9575600,12807500,24270500,7485700,1516700,5521200
2021-01-20,61836100,30728100,25474200,14419000,38832500,4277700,5368900,12218400,24534700,9456000,1511900,5198300
2021-01-21,47840100,25130600,21180500,20536300,31457000,4254500,8162700,25084300,20451400,7246800,2822900,4213200
2021-01-22,52860500,21609400,24800200,18854700,48223800,4706200,9507200,15998800,26615900,7269600,2413700,5272700
2021-01-25,70402000,39080600,33985000,21748100,50793700,5689200,8712600,14603700,28718200,5936800,1596000,7819700
2021-01-26,42665300,25498100,23969800,14175200,32283000,4257100,7690300,11926900,39103500,4685600,704100,4706300
2021-01-27,123351100,55264000,45830300,31245200,45279700,5764700,7895200,13822700,46378600,9036500,1166200,5907600
2021-01-28,94198100,42836300,32202500,26658600,38055000,5394200,10667800,16896900,38836200,9392400,2234400,6237000
2021-01-29,126765100,55259000,40591900,42149500,57657800,7952100,14965900,18131600,46095900,11252800,3890600,7349800
2021-02-01,75817600,35646000,26375100,23243900,51427000,3640700,8165500,10682300,35620700,9105500,6799100,6149000
2021-02-02,64450700,33930800,22773100,20388500,33172200,3609800,9177500,12710600,29522300,7221700,2792800,3849800
2021-02-03,52427100,24824500,23923200,11345800,32363100,3844200,9633100,13189600,31911000,4658100,3059400,5148700
2021-02-04,47142600,22350900,25400800,10500300,40161800,2146000,8262600,10689500,21181100,13736600,3079800,4118200
2021-02-05,48669800,22732000,23338800,10955600,24242300,5498000,10258900,12016300,21653100,6538500,2757400,2583900
2021-02-08,38365200,20462800,20831500,16405600,21606000,2861300,11574800,13460300,16590100,6887500,2896800,3212700
2021-02-09,35551100,17597500,19510900,16337600,27200000,4458500,5218300,11755100,14404300,5131800,2420300,2518800
2021-02-10,59154400,28068700,27955400,15402800,30531200,6726800,8079800,9414500,20469400,6112800,2043300,3421400
2021-02-11,42913300,22046100,25847600,12314100,48875000,5949900,11962700,9241100,17047200,5994500,1515800,3717000
2021-02-12,50593300,20346800,17440200,11946800,28400400,8802400,14088400,13717100,17800100,6018900,2500100,2297400
2021-02-16,50972400,27080800,22999500,20225600,34954000,8909000,17789100,21429200,22264400,14761100,4066300,2774500
2021-02-17,52290600,31360300,25042300,19198800,37789100,4789700,11199100,16195400,20276700,11400700,2987500,2939000
2021-02-18,59712800,32236200,24501500,19191700,46118400,4469900,10755300,15414100,26366700,7498200,1672900,3254600
2021-02-19,83241000,39157700,31238200,14962300,39809800,5851800,12741700,13678500,28124800,8273500,1918000,4170700
2021-02-22,67414200,47256900,23272100,19515800,46924200,3828000,13203900,17978100,25455400,10072000,3947900,3493000
2021-02-23,107284100,97241900,38646800,25014500,40316200,7344900,12658500,23482500,29015900,8616800,3308200,4378300
2021-02-24,72433900,58206300,27584900,21877600,36631300,7133700,17363100,18120000,21791800,8890600,4457800,3551200
2021-02-25,146670500,110182600,49961400,36921800,50895200,35760600,52621700,35471200,59413400,16359400,3457100,7548800
2021-02-26,152701600,104739800,47734200,48798100,68933600,28188400,45423300,23284400,46615300,23730400,5138100,6519800
2021-03-01,105348800,49164500,26161000,24268100,53421400,9616500,22048000,23890800,48014200,13828300,6419900,4834000
2021-03-02,79595300,48370000,26895400,22204900,38533600,6271000,12482200,13633400,23988500,11424600,4257900,4715600
2021-03-03,119940200,86301100,33407600,20856100,43013300,8377300,19763700,24043300,30197000,13059900,4502700,6231400
2021-03-04,183433000,139131600,59126500,34648600,70653800,12327900,22366600,21771800,49020300,13870100,4591800,6869500
2021-03-05,152039600,121523700,53204300,29694200,64018500,8634600,20598000,23789400,46950100,12821600,5416000,7166100
2021-03-08,123149200,88409800,40619700,25080900,54120600,7416400,15236600,15029200,39868700,12134900,4591600,4823000
2021-03-09,113633600,80391100,32247300,19060200,42450100,7035000,14463400,21900300,31441100,10382600,2144700,3873600
2021-03-10,109899400,76798100,36812000,19467400,42853900,5683100,12387600,19440400,23776600,7962000,1408000,3429700
2021-03-11,86245000,53484800,25256700,15485300,57247200,7576500,14150700,20622100,27728500,6749200,3588700,3830000
2021-03-12,64653600,69315600,23732200,16342500,41559600,7332600,20402700,14352000,21842000,8608500,1264900,3262800
2021-03-15,73427200,42955700,21497400,17320100,32447400,4465500,11366500,10111200,14719400,8104500,2926800,6026400
2021-03-16,73722500,54925900,24675000,16662600,41261600,5479400,15567900,11356900,22931400,7547400,1620800,3122500
2021-03-17,97959300,78258700,29422600,16305000,57032400,8975900,27107500,19086100,28345800,12626700,2061200,3663100
2021-03-18,115349100,82718100,35637200,23176300,49205900,8281400,21615100,21368700,37150300,8711100,5431200,3496000
2021-03-19,113624500,78446200,40855600,31465200,60265700,8748100,18685000,19776100,47467800,6868900,2894400,4429400
2021-03-22,73778600,56194800,26128400,27978200,24860300,4679800,17047500,16677200,32979500,5240000,2651300,2677000
2021-03-23,90686600,53455400,43660700,22514200,40356400,7544000,16768400,32228000,24705800,6048300,4158000,2966400
2021-03-24,97588600,64803700,47270200,20717000,45315400,14634800,13863000,13435400,31374500,6183700,1831500,4144500
2021-03-25,116128600,78729000,59244600,25183000,73684400,10573800,20782000,12945900,24070300,8398600,2188400,4218800
2021-03-26,114409100,63519600,34452600,27419100,142402800,6409700,8433300,14315000,25948000,6153900,2163600,3864600
2021-03-29,108107600,54608000,38078800,18381600,51309500,6298000,13968100,11279900,17447500,8409300,1683700,5116600
2021-03-30,76262200,44635700,36205400,15377400,44414300,5784900,15020800,20219000,19622100,8353200,2385700,5822100
2021-03-31,112734200,55032500,34800100,32191600,38807500,8620000,19271300,23764600,41604700,10623800,3731200,4430400
2021-04-01,99682900,55685600,29799200,26312600,44592700,8535300,14885900,16390900,30806600,7105200,4793200,5461200
2021-04-05,91684800,42172500,27826600,20340500,30891600,9944500,8243000,17015500,20758300,6163800,1756700,4239900
2021-04-06,62021000,33537200,24907800,18995900,31509200,8765200,9282400,15762000,15367900,6761200,1831300,5111600
2021-04-07,55836300,32046400,26233700,14349400,47888100,6316800,11052700,10976500,15645400,5436000,2050700,3038500
2021-04-08,57863100,29940800,23989400,15502500,50373000,6334700,7847900,7452800,11052100,6574500,1903100,5034300
2021-04-09,61104600,36664900,23267400,16330500,35808300,5887400,8717800,7568300,17413100,6657900,1550300,5371000
2021-04-12,56704900,25833000,20533900,13729500,30045900,5466000,7659000,10579800,15464500,4896700,1461500,2828200
2021-04-13,56551000,30374000,24608400,12712500,33697900,7663800,13232800,9582100,20643500,6995900,1825100,3975300
2021-04-14,61659900,42564300,27362000,13079200,27449500,4876900,7293200,10219300,17992800,6312300,3684800,4569100
2021-04-15,60229800,36342800,20587300,20480100,42622000,9958500,23896700,17234400,20944400,8250600,1568800,6497000
2021-04-16,82037300,40860100,23943000,17058700,32031300,7334900,15238400,21100200,32509300,10057600,1226900,3754200
2021-04-19,78498500,34533100,25285900,15206800,34318500,5738600,13886800,10868200,23904900,5721700,1981600,2882900
2021-04-20,81851800,38081800,35570800,29570100,27732600,6468300,11476500,11996200,22901000,6532000,2692100,4968700
2021-04-21,66793000,36598100,31147800,15615600,33407600,7976500,11902200,10473600,19527000,8380200,1869800,4407000
2021-04-22,97582800,45936100,31943700,22677800,39452000,7681300,14156400,16487100,18506500,7680100,1663700,3207200
2021-04-23,73209200,36381900,27999500,18607900,27062900,5509900,12302200,15170600,14388700,7106400,5932200,5225600
2021-04-26,52182400,30812000,19069200,14052100,26805200,7145300,9103500,10915200,12746100,4786600,2750200,5404600
2021-04-27,51303100,33187200,19648100,13612200,25563100,7720500,14137300,10418200,17660600,5363500,2426600,3091100
2021-04-28,51238900,33615700,16222700,14288600,37381000,8692900,15263700,15731100,14795000,6932200,5241800,3509200
2021-04-29,78544300,37708900,25500300,16411000,36617000,5547800,17178200,11697300,17152900,9067600,3353900,3319100
2021-04-30,85527000,38263400,27006000,28951400,46299900,5160000,15692000,11860200,23367500,6248700,4693900,4371300
2021-05-03,68128300,29729700,18693400,21382200,20628000,8593300,16447700,9029900,15782400,9014700,6074800,6844100
2021-05-04,101591200,65147000,26892700,29144900,38634800,11171000,18639700,14006800,23089700,10267400,3464200,6449000
2021-05-05,60162200,46219300,25139500,17680000,26062900,6810000,11127900,5722300,13676300,5950000,6495800,4580300
2021-05-06,74321400,46814300,27647300,21533100,29454200,6546200,21907600,9383600,23110100,13574100,4525900,5649700
2021-05-07,67733800,53324500,26172700,23316000,41590600,10657600,18346900,11267200,17872700,14748600,6180400,5884900
2021-05-10,81852400,60700500,28109100,16927500,40686800,5906800,15146200,9705000,16580800,8276600,3358800,3436700
2021-05-11,116888000,71963600,39519500,34624600,37374100,6591300,15158600,12179400,28683600,8348200,7764600,4036900
2021-05-12,134811000,91164900,42113400,32608200,53632900,14509800,20859400,12569900,31630100,12666300,8831300,4601200
2021-05-13,106394000,69877800,37739900,36208800,42935200,8242700,13073900,9508200,28689600,8078300,5844100,5118900
2021-05-14,82201600,44370000,25070400,18601700,40363000,7943100,17566700,8987200,22550800,9686800,4489200,3936600
2021-05-17,65129200,39395000,20048500,16699500,23169500,6711100,6113800,6001600,13545000,11956800,5056200,3320200
2021-05-18,59810200,36528500,24564500,16526900,32405300,4319600,11423100,8835300,16447500,7294000,3729300,3359800
2021-05-19,106467100,66319100,31202800,30391700,46284100,13156500,14296000,20069600,34701000,20741100,5161000,3602500
2021-05-20,78022200,46466100,24932800,21650300,33273000,8412700,13310500,10498100,28013700,9802800,2828400,2466500
2021-05-21,76578700,50330400,24213700,26751600,39110900,6648700,10171600,7826100,36466200,7677200,3046300,3020000
2021-05-24,51376700,32475800,18324200,12267900,22436200,4826000,6868700,5756400,24277800,5557300,2823500,3491500
2021-05-25,57451400,31280300,20514900,14338900,40993700,5748200,12346900,11428000,15466600,8986900,1694600,4243300
2021-05-26,43088600,25444900,20388200,12732000,26984700,4501600,9793700,28568500,14354900,8495400,1948600,4518100
2021-05-27,56707700,27931700,21225700,16211200,35598900,5998100,10695200,15033000,12682100,7993000,1361800,4362900
2021-05-28,58520200,29927400,20668400,21449500,43730300,5575700,10258000,10432400,15464100,9967000,2356100,3409400
2021-06-01,54216600,31145400,23081500,27524200,41656100,9498100,11778500,6390600,22655300,9143300,5825900,4385000
2021-06-02,49097100,22047900,18927500,13561200,24532400,4269900,7347900,8140400,13698300,6613100,4525400,4446100
2021-06-03,58138800,37057800,24811500,16987600,40790400,3591200,10994000,10028100,16701800,10153900,3802100,4187600
2021-06-04,55938800,38736500,19395800,13335200,29038100,6326000,15773700,11427200,26829200,8375300,2921400,3121200
2021-06-07,51555000,32611900,24049900,16738700,24830500,3068500,7799800,5000100,9189800,7709100,2377800,4773100
2021-06-08,47134300,27282800,27770300,13218700,38113700,4760500,11230900,10626800,10983900,5905800,2150600,3935800
2021-06-09,48436300,21485300,18700600,20203600,30916900,5679300,12768300,12152200,13232200,6346100,2003400,3243000
2021-06-10,51020100,33702100,29069000,16555200,28571100,6494800,19698300,16424100,15290000,9896600,2445900,4010100
2021-06-11,45570800,21222800,16707200,12864700,28375700,3914200,8646700,12707000,12559600,7836900,1722800,3274100
2021-06-14,42358500,27827700,19182800,17044400,26421400,3730900,9401300,8327200,19408600,7733600,3407400,3531700
2021-06-15,51508500,35963800,17039900,17729200,34121300,4212700,18207300,17848200,16037000,7550200,2385600,4099600
2021-06-16,80386100,55399500,24527000,21706700,44138300,13529000,19676300,22698500,21267200,16919700,4255900,4498600
2021-06-17,90949700,59722700,48292500,27756300,27846900,8838100,35225800,22735800,21099000,27232200,7251100,5055100
2021-06-18,118676300,55414900,54023700,36755100,42443600,13435000,26616900,21169700,35134500,15744300,4187000,5358000
2021-06-21,72822000,32992600,26736400,20228000,26977400,6460000,16485000,22492000,21265000,8371000,3340200,3672900
2021-06-22,57700300,28941600,21188500,14010200,35862600,5459700,14530200,12098400,14604400,7223900,3515400,3088200
2021-06-23,49445400,27188500,22387500,17074600,26049200,5429800,12040900,12519100,16583100,8474300,2234300,3682900
2021-06-24,45110300,32581600,21732500,19833300,20096200,3631700,8788400,8241300,12722300,6903400,2091300,3229000
2021-06-25,58129500,28682800,27619000,12418800,24992400,6716800,15562200,10981600,16175000,7473700,4566600,2739100
2021-06-28,53159600,39130300,25006000,26952900,22644900,4968900,11460700,12359900,16019300,6508900,3188400,3940700
2021-06-29,35970500,29426000,18844300,9357500,18308800,3373200,11217900,11194400,12728000,7451400,1575100,3777300
2021-06-30,64827900,32724000,26039000,33578500,33223400,6572800,15708900,17381500,26093500,7955800,2906700,6640100
2021-07-01,53441000,29290000,18089100,28075400,27478400,11966200,10810000,11062700,31932400,7430500,4725900,6491100
2021-07-02,57697700,32727200,21029700,13712600,24289100,5071900,9650200,6896200,11464800,7873600,1730200,4451800
2021-07-06,68710400,38842400,27771300,21289800,38126800,9095300,20037200,11499900,17784300,7932100,3977200,4478800
2021-07-07,63549500,35265200,28521500,21686400,25651700,7456400,20964400,16902400,11463700,7108900,3163300,5085500
2021-07-08,97595200,50890000,42297900,24175500,45146300,7368000,17487800,17494900,21936400,7244300,4342400,6426800
2021-07-09,76238600,35184500,23976400,35200100,28860500,5531200,14483600,13192600,17698100,4997400,2181600,5780200
2021-07-12,52889600,25717700,16831000,11995800,22116100,3867700,10610400,12577200,17546700,7315400,2063700,5627600
2021-07-13,52911300,39723000,25357500,15689500,29025300,6926500,23340200,19922400,26938600,7040300,2406200,5474100
2021-07-14,64130400,35336400,30594100,14023600,19739600,6029200,16038600,14420100,16100200,8830300,1751100,3397400
2021-07-15,55126400,53391600,45477000,21637900,33310600,5704500,18462400,15859100,16384800,6520100,2706400,2990100
2021-07-16,75874700,47262000,36620200,23034100,23386300,3577900,12787900,9624600,17820400,9460300,2345400,6435400
2021-07-19,147987000,64404600,58571000,44844800,33737900,20557500,40203900,21808500,54224700,6707400,4636800,5097800
2021-07-20,99608200,42183700,40794600,30309900,37946000,8729000,25674800,24764800,26941300,6540100,6219100,4999700
2021-07-21,64724400,30259900,28278700,22928600,24101400,7438300,19988900,22385000,18522600,4622600,2844600,4329100
2021-07-22,47878500,30252200,32879000,15874000,27160800,6363500,18136900,6074900,17110500,4793600,2426000,3932400
2021-07-23,63766600,31960800,23660300,16550600,31210100,6804600,12639300,11455300,19441000,5831500,2245300,4128200
2021-07-26,43719200,28438100,22194200,14870900,43701400,6179600,10737700,8684600,15282700,5229800,1425900,2857700
2021-07-27,67397100,57933100,35063600,20952500,73640700,8621200,13036500,10506100,19919000,6300200,2214200,3096100
2021-07-28,52472400,42066200,33043700,19700600,56446200,11533500,14346700,12225700,15129200,7905800,1190700,3577300
2021-07-29,47435300,25672500,22634800,23670000,43339400,6203800,11532000,15828800,18675000,8119600,1740300,3357700
2021-07-30,68951200,36484600,28473000,23997100,59797000,5656400,14342100,11148100,21062100,7391700,4256400,4325800
2021-08-02,58783300,27334100,24192600,25364000,40234700,19495800,21232700,12042700,27274400,10783200,4450600,4089800
2021-08-03,58053900,35558500,27798600,19028100,30589900,6627300,13361900,13121700,16058700,5402300,2634300,5178600
2021-08-04,46732200,29602200,25588500,12852000,32586600,7545000,18267900,14426200,17113300,9796300,2168900,4038300
2021-08-05,38969700,21443900,23915200,11868900,15941700,5164600,15345400,13960900,15465700,8015000,2162400,3294800
2021-08-06,46930000,33332100,24429200,10892500,36049500,7807600,21144300,8641500,12923200,13547600,1488200,2753600
2021-08-09,41222600,25960200,17225600,7897000,24062300,10842500,12942400,14166600,10788700,11547000,2152000,2727800
2021-08-10,43339300,35130800,22681600,10438200,15222600,7192400,13716900,12103500,31522900,6870800,2366600,3771000
2021-08-11,44034300,34249800,25691300,14996100,22374700,7254300,17227600,15902200,15834400,7382400,1448800,3256700
2021-08-12,38909400,25969200,23269500,12443200,25726000,6932200,14709400,14593200,14127800,5211700,2008900,2891900
2021-08-13,39470300,19336200,20813700,14590400,28396200,6896500,18653800,17846600,10016800,7466900,1434400,2601600
2021-08-16,73740000,34856900,24074400,19192300,46222700,6928100,19170900,15203000,12598100,7776500,1929200,3166800
2021-08-17,92673900,44793900,35161500,23555000,78463000,7785500,14126900,15055900,18468400,7107000,2169600,3004300
2021-08-18,89351900,38541900,29102300,16384700,42994800,7025800,13144000,9134600,12147600,7697900,3905400,3439200
2021-08-19,92812200,48499400,38119900,30515300,63275200,6242600,15474300,15681600,20026700,6934300,5361400,4069500
2021-08-20,72008700,39486000,31759500,15774200,44682100,6510200,12388400,10782100,16784100,7154000,3023100,3238900
2021-08-23,54973000,34034700,25778800,22524800,45453900,3958500,10615000,12064300,21933100,8190500,4885800,3230600
2021-08-24,38744700,21732900,18677900,13722900,51292000,3649700,13835900,13782900,20828100,4519200,4642200,2867100
2021-08-25,40529700,20441900,21548000,12891400,25272500,5874700,16743800,15533600,19085400,5588800,2171600,3329400
2021-08-26,57829600,29133300,22380300,16927900,29030600,6850600,16657400,14673700,17676100,4371900,1958000,2889400
2021-08-27,77235100,27104700,33998500,24935800,32971400,6360700,15384700,11670000,18519700,10036400,2471300,3059300
2021-08-30,48357400,27295700,20733300,8142000,18518900,6546200,10596300,9119900,11640000,3768600,2648900,3600600
2021-08-31,59300200,29628200,20839800,18738400,43226700,7418400,15262400,15644700,19163900,6336000,2700500,4210100
2021-09-01,48721400,28138300,20451500,30472100,35980500,11908600,10807100,16028100,22973500,4764900,7318700,5683100
2021-09-02,42501000,25453400,22810100,13827400,24988400,2976200,9765900,11822200,16521300,4599800,1881600,5207100
2021-09-03,47170500,24605400,18213100,16303200,21311000,4988900,12928000,7681300,6491000,8353300,3186600,4460700
2021-09-07,51671500,23970200,19153400,13967800,33509700,7098600,15547800,14271400,11728800,10004600,3736200,4929300
2021-09-08,56181900,32949200,25241500,22764200,53397900,6046200,14533700,16045000,13020900,6576000,3000900,4265700
2021-09-09,57970400,29399000,27180500,18963300,34707100,7009500,20324600,18014200,23024700,6641400,1693000,6221300
2021-09-10,89948200,40249400,24366100,26709900,40329300,8147100,14894600,10776600,16112600,7426300,2815100,5894700
2021-09-13,83738600,48741800,34693100,22335000,35318400,4269300,15036100,13159800,17136900,5474300,1456200,5725300
2021-09-14,78197100,41826600,30312600,19177500,35994400,6991000,19918400,16550300,20108000,7922900,1092200,3848200
2021-09-15,78792200,34097900,27572000,26233800,38735100,5108900,11940300,14194400,17069500,5624900,2364100,4027400
2021-09-16,77786700,35193100,22369000,25765500,43721300,5682700,13328900,16282400,13859700,11780400,1259400,3405200
2021-09-17,118425000,60912300,39957600,37070600,45481400,7611700,13782900,15769600,38948500,8369700,1424600,6964300
2021-09-20,166445500,76203200,44958500,45028000,52798200,8781600,14660400,17519900,49641000,7566600,3369700,6207000
2021-09-21,92526100,41927500,26711200,37472300,39347200,4867900,10035800,15834600,27304200,7181500,1375600,4371800
2021-09-22,102350100,46972900,32100300,28718400,46189200,10966400,22277800,15898200,24344800,9777800,1149600,4650400
2021-09-23,76396000,44652000,31057800,31257800,27138400,10650100,23853300,14735500,27590300,8451900,1654100,4042800
2021-09-24,62094800,36056800,28866000,20066300,29743500,10528000,20203900,10797300,21713200,6937500,2758100,4881000
2021-09-27,61371100,43338100,29743200,15526500,31181700,6742100,13464300,13104100,17652900,4943000,3089100,4311000
2021-09-28,130436300,97701600,39938200,48064900,44156300,10295500,26613500,19987200,35515900,9282800,2147400,7096500
2021-09-29,82329200,58076600,23628900,31733200,43140500,8364000,23569400,14956300,19783400,8360700,2426900,6227000
2021-09-30,140506000,61384600,33153600,39506300,66460100,7307900,22567600,21397100,41680700,10572900,4267200,7019300
2021-10-01,129240100,56375500,32647000,44524800,45259100,19830100,26151800,21381400,30062800,6654700,8733700,6106100
2021-10-04,128570000,76766000,32580200,32751400,43597100,7691800,28027600,12931100,24726400,7651700,3955800,5638600
2021-10-05,90682500,47232900,20407600,25903300,28761900,6861900,22659200,14635200,22347700,5617300,2653400,4313800
2021-10-06,113032200,56806500,32893300,36917200,57466000,7473500,18696500,13855500,28905900,6067200,3903400,5587900
2021-10-07,72437500,39411200,24289300,19908700,60345100,8160200,14856000,15805500,29054000,4791500,4295600,4055300
2021-10-08,74557400,41822300,17989600,23628700,24990600,9455100,17257800,9079400,28064300,8536100,2336300,5295400
2021-10-11,65233300,34847200,15929800,23542500,26808200,2261300,7213400,4337000,16068400,3820100,4404100,2634200
2021-10-12,71181200,43905100,18800600,18697400,29309400,7938400,17968700,19870400,32922200,5453000,4446800,3666500
2021-10-13,72974000,40120800,19676200,23073600,35305500,11662400,23584600,18260300,29370400,11113800,4128200,3371000
2021-10-14,70236800,43433900,18160000,19304400,23980900,9518200,12946400,15870000,26937000,5081400,3869900,2721900
2021-10-15,66260200,40419900,27555300,24447200,41223700,8689700,11811500,13131700,29782900,8699200,2904700,3065400
2021-10-18,62213200,34513500,19082600,19044700,26239000,8703300,12115900,11530300,20338400,4029600,6736000,3424100
2021-10-19,46996800,29091000,15498400,14649000,40639700,7445200,12156300,12213200,26103300,6588500,4928600,3104500
2021-10-20,49571600,31390300,18130500,11235500,27540300,6230000,12782500,13810200,19720100,5022000,3467000,6018900
2021-10-21,41305400,25469300,17851600,16278800,35404000,7103900,13660000,13131000,19273600,4412400,3270900,4849600
2021-10-22,58845100,36275800,16887000,22173500,51231000,10204600,13740000,13735100,20734400,10703900,2690800,4873000
2021-10-25,45214500,32597800,16387100,13658000,32479900,4835000,8137900,8206800,20230000,4881300,1764100,2625200
2021-10-26,56075100,47191300,25290200,10552900,32195200,5603100,13671000,10100600,19617200,6658900,1605300,2940600
2021-10-27,72438000,45760500,27088500,18449000,32422100,16140300,22092300,15928300,18521300,5823100,4256900,3573000
2021-10-28,51437900,38007000,22890600,15260200,27363500,9940400,17497600,18514400,16374700,7000700,4941600,3681000
2021-10-29,70162400,37310100,20777700,25406900,51488900,11254300,19087300,17367800,26521600,7531900,2848900,5990500
2021-11-01,48433600,30765300,35500800,20337400,31197400,14479000,18035500,11894200,29987000,4975600,3896300,5846500
2021-11-02,48908400,25135300,24949700,10184500,34098000,12191100,9836700,18047600,26441600,3760700,3542900,3405900
2021-11-03,52509800,33748900,47648500,14911000,49350800,17031100,20639400,11847700,22984200,9055200,3420100,2723200
2021-11-04,52847100,40265300,26514000,14083300,23722200,12665400,15922400,20135500,28989800,6656100,4825300,3378800
2021-11-05,66390600,43383800,42041700,15593600,23969900,12955100,21513000,15840400,27595000,9368900,6198600,3209300
2021-11-08,50405200,29256300,31324500,9065900,23735200,7404300,12083800,8494200,11957900,4966100,1272300,2989800
2021-11-09,51149100,50490700,29895900,16011200,28482200,12345400,23430200,18075300,13732600,5781200,2392600,2671500
2021-11-10,69429700,54937400,32471600,21546800,36032600,19425100,28170600,23397300,30438400,11461800,3514600,4021900
2021-11-11,34848500,32243000,17987500,9264600,55636800,3746100,5552500,6168900,10086100,5959600,1683700,2395200
2021-11-12,53466700,34730600,20526700,14817900,31956200,10613400,12712000,11897100,26392400,7894800,4009100,3194300
2021-11-15,46980500,33716900,27390000,14064500,31610700,8021400,15232700,12353400,17057100,5630800,2165300,2713500
2021-11-16,48857500,27872900,21925200,12167900,32898900,6573700,12998700,18709500,14302000,8667300,1567400,3043900
2021-11-17,47858300,28703300,26527800,10415400,22601900,10006200,14239900,14541100,17919200,6523100,2240100,4667900
2021-11-18,50625600,45721500,30637300,13236800,36719300,10183400,11054600,14086100,23421300,6252000,1305500,2812800
2021-11-19,57315600,45191700,33994000,20761900,36975700,10731600,14022100,17682900,45282700,8785600,2124100,2928800
2021-11-22,72762000,61715400,31042100,17802300,37116100,10876200,15266000,13745400,26266000,13091900,3914700,3352600
2021-11-23,73206500,70098700,33843800,26736800,38638200,11543700,15318500,10986900,33967100,8047800,1886500,3867100
2021-11-24,61858800,46954400,24099300,20238700,32810400,8322900,13769700,14019900,31158800,5359500,3841000,3227600
2021-11-26,112669600,51533300,62595400,37776000,58023300,13878500,20064800,14399300,36123400,9605200,7161900,3514700
2021-11-29,86268800,54447100,45982400,31913600,44405000,13908200,23234200,21231700,31728900,7394900,4303700,4825900
2021-11-30,148559600,81332700,64908400,52770800,81647500,19416800,31481100,28873400,35465700,12925300,12056800,6335800
2021-12-01,131939200,77766500,69120100,43883900,52613200,24991000,30826500,18070800,41845200,7808600,10483200,8641300
2021-12-02,127637800,84416600,64315700,42264500,73971400,11448900,17754200,17305900,42383500,9604100,6338000,7134400
2021-12-03,137331600,105349100,64425200,46147500,79115000,19790900,34427100,25739900,47368800,9507900,3766900,7798400
2021-12-06,98977500,67588800,43878300,30884300,54871300,9863200,30924200,25332000,28211300,4813600,3801500,7212400
2021-12-07,95484700,56005300,44679200,28244900,51825000,7678400,22115900,17338200,42893500,4900700,2440200,5363400
2021-12-08,72238800,39204000,36546400,21619400,38176500,11126500,33633900,17408000,26598200,4288900,2916900,5542400
2021-12-09,61272600,49973700,34830300,32026500,36476000,9198400,17544900,12348300,24939100,4913800,3384400,3724500
2021-12-10,77159800,52545800,32924600,23412200,42011300,5051500,14298700,12792300,20247200,6450600,2684600,3828200
2021-12-13,87724700,50166400,33478400,27594700,50773400,5706900,17860500,10264200,17125800,6610700,4733600,6555000
2021-12-14,97264100,75199200,36543500,30040400,42023900,4749500,14015500,17725400,20310500,8637900,3595500,5924500
2021-12-15,116899300,73858000,51261000,31109400,57129100,8428000,25383900,20585100,31699000,14231200,2233000,6675800
2021-12-16,116568600,82591400,52743800,44621100,60401000,9085400,18677900,9750200,27374000,11186200,3215400,6178900
2021-12-17,135511600,80492500,62620900,44476200,55420900,7933100,18093500,8753100,27248200,9856900,3608500,7201700
2021-12-20,107134800,65336800,49993000,26303400,40091700,13772100,17147300,12931400,27560400,6973000,3943100,6071100
2021-12-21,69806300,48899500,38545300,22744100,31786900,7672800,16598200,12933300,24390500,4548500,2507200,4251000
2021-12-22,58890200,37042200,32442000,21609700,27630800,5538200,12253900,7850800,17433300,4672900,2203800,4517500
2021-12-23,56439700,29595500,22125400,28320000,22174400,7209700,11642500,8401200,15612100,4551100,2437900,6977700
2021-12-27,56808600,32820700,24196700,15219700,27011600,3471800,7821800,8744200,13396700,4760300,2160500,9185100
2021-12-28,47274600,33113700,23120300,15631300,24529800,8314500,9174600,6864300,17150700,4541900,2404800,3630400
2021-12-29,54503000,32248500,19444400,15046900,27939200,11879900,11771200,7263000,16760300,5889700,3236600,3842900
2021-12-30,55329000,23850100,23607700,20617500,34900300,10296000,10355000,5566900,12326100,5426300,1705900,3990400
2021-12-31,65237400,34752900,23997400,23252200,30439000,7584500,13402300,8514500,11505300,7039300,3864400,5440300
2022-01-03,72668200,40575900,30618800,24096900,27572700,27744600,33860400,18199400,35368400,9014400,5301200,9845000
2022-01-04,71178700,58027200,22013100,24314300,24579500,15911800,21996400,18748000,33609900,6965600,2987400,5330700
2022-01-05,104538900,75739800,40582100,24704100,46425100,13715700,20911700,16107500,44808500,8715600,7094300,6928300
2022-01-06,86858900,70814300,39105900,32472900,34288700,10957400,18996400,19336300,42823200,10902700,4148100,5974500
2022-01-07,85111600,72652300,31583900,22833900,32640900,13318200,18756800,17750800,34630100,8191900,2781600,6999300
2022-01-10,119362000,91770500,45778100,45587600,43581800,8430700,13775800,14253400,52621800,7026500,3425400,6571900
2022-01-11,74303100,68295700,35209900,30847000,57536400,8086500,24388700,17231000,32513100,8369000,3553900,5568500
2022-01-12,67605400,54576400,35284500,30780700,56499100,7996500,14440600,12733100,24621400,6280700,3003600,4331700
2022-01-13,91173100,77994000,34489600,24991200,33229000,8431100,15166000,13468500,31699700,7034200,2371900,3921700
2022-01-14,95890900,80121200,42020900,26136500,40642300,10595700,22997500,14308300,31046200,7865900,1703400,6465300
2022-01-18,109709100,75450900,49434400,37504600,45012000,11594100,21171700,15266600,46331500,9322800,4818300,5828700
2022-01-19,109357600,81791500,46209100,34437700,43998100,10349700,17930500,16057900,31390200,15784500,3655200,5111000
2022-01-20,122379700,88610700,50466000,38225400,58279500,8297300,13959000,22915800,38217700,9570500,4042200,6982000
2022-01-21,202271200,143388900,85821000,60761300,59673800,13250000,28916600,21504700,57098000,10982500,4165300,8031500
2022-01-24,251783900,198685800,85782000,85455900,87752800,22377400,25001600,22567100,79230800,15727700,5620600,15646100
2022-01-25,167997300,124398400,61088500,54516800,54804100,13534000,15599000,17247300,43642700,17382100,5789900,9942900
2022-01-26,186391100,146559500,71471700,55217000,55516700,12694700,23655500,23220800,63574900,17799400,8802300,9589300
2022-01-27,149878300,95255700,59829000,46252100,61062300,11609400,21501800,22292800,47351000,15867300,3957400,7459300
2022-01-28,164457400,108167900,65870000,44588300,48799200,6713500,12826500,21294200,51496700,9782500,4511200,6924500
2022-01-31,152251400,94326400,53393800,38299200,65614900,8258600,13998400,20325100,78932100,8539300,3132000,7457700
2022-02-01,123155400,74433000,43429400,53240700,50158000,16338700,20806100,17587300,42377300,9763900,6246100,9610000
2022-02-02,117361000,78777100,42777800,35225900,35128100,5997100,18404600,22644800,29261500,9085300,6241600,4619300
2022-02-03,118024400,95384800,39629400,46207200,38246800,8032600,17234100,23396800,44760800,10650800,3387700,5453100
2022-02-04,118454400,86318300,34291100,32188300,36644200,8616400,23609800,26115800,65508300,9619600,5460400,6865600
2022-02-07,84472900,58198100,33242600,17045500,31917100,10294700,12962400,12756600,37620700,7796900,3394100,5860900
2022-02-08,81012000,64720900,28341900,27066900,25562200,8111500,16269200,22126100,39549000,5802000,3238600,6106100
2022-02-09,92589900,55766400,27329300,26858900,40082900,10113400,14349100,19616400,37641800,8002800,4822700,5746600
2022-02-10,140103700,112468500,44788100,27349500,55440700,16633900,30896200,39583900,57751400,10693500,4868300,6948000
2022-02-11,153214600,101569100,41516600,51519400,53838300,18315600,43210300,21553500,58997100,25741500,6965000,5679000
2022-02-14,123006300,80254400,32262700,45356000,59439800,11090000,23157400,22793600,36550200,13650700,5164900,5350200
2022-02-15,88482700,55128800,25847500,30223600,32938500,8490500,18198500,15673700,32724800,12603600,4104400,3612600
2022-02-16,84863600,58947100,30104800,22557600,47236800,9007700,16473700,27148800,38996000,12772100,3950600,4333000
2022-02-17,102259100,61801400,27140200,34691300,41245300,8749500,24508200,24384600,30755200,18612500,3057600,4847000
2022-02-18,132642900,80001500,36255400,34752000,41312300,8486800,17522600,19233800,43848800,12760700,3306300,4809500
2022-02-22,124391800,85967100,31847100,32967600,60704500,8392500,19534000,18011000,37004300,14960500,4654800,6656900
2022-02-23,132578000,86215400,31491500,39771800,38873700,7941800,17757800,16579900,36545400,11772200,4004400,6201000
2022-02-24,213942900,130614100,52221100,72044600,95679500,19162100,28150400,29245000,56132500,32726000,13349400,9479200
2022-02-25,121804500,78842100,33656200,47641800,58887800,8101900,15025400,19073700,44118800,11530900,8694300,5870300
2022-02-28,145615000,77515500,34975900,50821600,79366600,12291800,25817700,23474500,54006400,16055800,10291900,7296900
2022-03-01,137785900,67407000,40638900,49003900,72297300,28285600,35664400,28504600,43268500,21942100,11819800,8896200
2022-03-02,117726500,70609000,29978600,43906000,61858700,12303800,30397400,24849900,41489200,19727200,11672700,6946100
2022-03-03,105501700,71089400,30142700,44389700,57514100,12247400,20649100,14144600,23594200,15164400,15822800,6517000
2022-03-04,113978200,76936300,31610400,54455500,68351300,20102300,25853100,17402800,32141100,22390100,17301000,6438500
2022-03-07,137896600,89933800,39279800,55499400,77557700,13633200,23710900,16164900,43675900,27951800,18127300,6506200
2022-03-08,164772700,116153900,45715800,56682500,90831500,10819400,28331300,20045200,57474500,47347700,19913800,7090600
2022-03-09,116990800,64723400,29048000,55565000,59840900,7932300,18819200,27652200,31143000,26839700,16680700,5785900
2022-03-10,93972700,69362700,25661000,33804200,59158300,11100100,26868900,34185900,46408900,18455200,8655500,4034900
2022-03-11,95636300,66228400,24990000,32380700,72846700,5567600,15583800,20701300,40097000,14824700,7746400,5381600
2022-03-14,95729200,79802600,34969500,32048200,85651000,8622500,24385000,18624900,61536700,13186400,8335900,4539900
2022-03-15,106219100,76471000,25464300,36961200,85987500,9294400,17518800,24022000,57385300,16962300,12507400,5245000
2022-03-16,144954800,105243000,31869700,44821400,134225700,12847300,25857700,32561800,66254800,17548100,8001000,6561300
2022-03-17,102676900,67810000,25783100,35025600,80743600,7215900,19330600,23878300,48573700,10954100,6045000,3844300
2022-03-18,106345500,85446300,37092200,36684100,77755100,7509200,55891700,21675100,59780500,13996500,3562600,5815300
2022-03-21,88349800,73799100,26747500,29985700,58558700,11003600,26122000,17919300,62364300,10582200,4170600,4571900
2022-03-22,74650400,63345900,24699900,21840800,61380900,7710300,21830900,16780900,40148600,9621800,4452500,4749800
2022-03-23,79426100,70615500,19775000,22375800,76986600,11222700,21266100,16949300,36294900,12557300,3406900,4595400
2022-03-24,64736900,53555300,19781200,22098200,52016600,11112300,17141600,20466500,18435800,10970100,4595200,3893400
2022-03-25,77101300,57584200,19430400,18372100,39294500,9055600,25684500,23247400,36497500,7911100,4694700,4495100
2022-03-28,68529800,56833900,18999100,24829900,49757000,12858500,17657800,18691100,26886100,9489700,5249700,4130800
2022-03-29,86581500,68073000,29550600,25591200,54088200,7539900,19319700,23812400,49781100,10458900,5106800,5350500
2022-03-30,79666900,68757700,26251500,22487000,57717400,6430100,16310200,17696700,43905200,8361300,3669100,5216200
2022-03-31,121699900,67011400,26771600,31677200,74448400,9147200,19901000,19905200,40717600,9844400,4881900,7466900
2022-04-01,89048800,54527800,25948500,23182800,54193400,10237000,23489700,16506800,31316100,13034400,5282100,6568700
2022-04-04,59601000,45950200,20333900,20875700,48057700,7372100,13609900,19647900,32710900,7063100,4628700,6311800
2022-04-05,74214500,62738700,26509800,27759400,45058100,9675600,25196900,22750400,51886400,10828500,6250400,4993700
2022-04-06,106898000,90077100,34903900,30692700,56877100,9054400,22952000,25447400,67118000,8942100,3825000,5050800
2022-04-07,78097200,63777400,29291200,27838500,38954900,5518900,23458800,21292700,42831400,10140600,3891900,5338200
2022-04-08,79272700,61956100,25249600,21937200,41263400,8091800,26859200,16072800,42177200,10655700,6044100,5941000
2022-04-11,89770500,66107400,33702300,22149900,47878200,7356400,30020700,20685500,42293400,10071300,3558800,4315700
2022-04-12,84363600,72790200,33699800,28916200,41815200,12211000,23124200,25029100,38031000,12024600,4192300,5094800
2022-04-13,74070400,61367800,22303600,20164900,33529400,6346100,17189500,21276200,31635500,8651600,6133800,4673100
2022-04-14,97869500,73519400,27107000,19861900,38915000,6158700,34274500,19717700,45130400,11567200,5547100,4464700
2022-04-18,66002500,58560600,22246400,18508900,29106500,4591500,18784300,16576000,20864100,8886700,7531200,4256900
2022-04-19,77821000,56515700,22786700,24863500,40066400,7004900,26012300,19775400,29920800,12585600,5921200,7536100
2022-04-20,65224400,65500000,20516200,30249800,36373300,7479300,31423200,21119400,25769700,7038600,4145300,5395900
2022-04-21,85417300,75801000,31547700,32960800,44857400,9137500,23323200,25288700,38695100,9639800,4061200,4820700
2022-04-22,132471800,82562100,35686900,34878400,68371900,5451600,19773400,19927300,28243000,9147000,4307600,4917800
2022-04-25,119647700,101755900,35556500,37193600,67643800,8617400,25418900,22261500,35914500,13073700,6128600,6032300
2022-04-26,103996300,105819600,40513600,41284200,70774400,9575400,26931300,22695300,31171600,9042400,5365400,6217500
2022-04-27,122030000,111204200,37808000,43593100,61594000,7908900,14560500,19426200,37598600,8854700,3375100,6007100
2022-04-28,105449100,99450000,37405200,32154000,43763100,6943500,16892500,19645500,30808800,6381100,4675300,7235300
2022-04-29,145491100,91977900,41193400,54305300,61703900,10012500,26153400,20257300,35697100,7719700,4323400,9573900
2022-05-02,158312500,115511800,38002100,45813900,55015700,11327000,29233900,17184100,38674400,14318600,5788200,11885700
2022-05-03,100028200,78185500,30246300,39643500,45593000,8129100,21256700,20914600,42665700,7214300,2453000,7245400
2022-05-04,144247900,116083400,38834700,47419100,57175300,11934700,25575700,34240700,55154900,10491700,5276000,8686700
2022-05-05,172929100,154607400,41468700,38827000,63268900,11675700,48384500,34356900,53807900,12794200,4150300,8884000
2022-05-06,151770800,139572800,45457900,48268900,67425600,12538400,32790500,15550400,39256900,7643300,6719000,9398500
2022-05-09,155586100,113387300,53682200,50145000,83251500,7301200,26773000,17185900,38442700,10742400,9241900,8491700
2022-05-10,132497200,124124600,53650800,57682400,69865000,8054600,33640800,25650800,48419700,11010400,4717900,12528300
2022-05-11,142361000,140326100,64377800,49751100,75198500,7167900,34173600,25053500,42473500,9179600,4105400,9095800
2022-05-12,125090800,120910900,52967400,39410900,73481300,8132400,26405700,22156400,49069700,11626800,4377500,8312300
2022-05-13,104174400,83684900,36517000,34682200,49196100,6016900,20782700,16107900,49084400,13031100,3611100,7536700
2022-05-16,78622400,59190400,28225500,21254300,32425000,3315600,11050600,11980500,33300100,7319300,7230300,4614200
2022-05-17,83029700,62715300,31833700,31487000,49516400,4286800,15040800,16562600,41666500,6441100,4522600,4492000
2022-05-18,117674500,79477100,36093800,23553000,53296300,4465500,21337300,16146400,47647800,7472900,3436700,5130300
2022-05-19,98510700,79920700,33627700,35999600,55163500,5137600,21937500,21212500,53929100,10580300,3482800,6365100
2022-05-20,131432200,91764200,42243700,36357000,59025400,5908800,22780900,13906700,56691000,6578100,2389600,4471300
2022-05-23,76414900,63648400,24644100,23838500,36619400,5720600,15925200,14892400,29917100,5518500,2386600,4662400
2022-05-24,91448800,73491100,26861800,19504600,46400400,6786600,23388200,17210400,42246500,6794000,2591300,5895300
2022-05-25,91472900,67144500,27950100,18826400,37863200,4274500,14410800,25637000,56661500,4595900,2312600,4589300
2022-05-26,82168300,59462200,25702700,20930500,51355800,3478900,14912900,34022300,64773400,6467000,3468200,4355200
2022-05-27,84768700,66985600,24952100,13697600,31262900,2508200,11190400,9246100,52813100,3847900,2431600,4990000
2022-05-31,95937000,60968300,29794500,25025200,72069000,6773200,28393700,20336900,68424700,6244000,3508300,6276900
2022-06-01,86585800,65341700,28352100,28336400,40495600,5555900,15544800,22403900,87646100,6946500,3099400,4607100
2022-06-02,79609600,59291300,24876000,21642000,44322300,3014300,9832000,14823300,34752500,5623100,3133500,5450800
2022-06-03,71874300,60914700,18972100,21327200,39337000,2687800,15330400,11440900,36008000,5519400,2228600,4989900
2022-06-06,57508900,51785000,24678700,15192300,43126000,4800600,20815400,12213900,35756100,3766000,3154800,5445300
2022-06-07,59272400,44900300,21661600,19039600,57455300,3230000,14278700,11291400,31499900,3860000,3388300,6489200
2022-06-08,64350000,38342100,21521700,21219400,43591800,2917900,11476100,13730800,25361600,5140800,5112500,4566100
2022-06-09,86289800,55900500,21697200,25675700,53116000,4178600,15527300,24846700,49468700,4701100,3821700,4358600
2022-06-10,132893900,85963500,37153600,34102000,44176700,4443400,21917100,36297900,59907000,16856100,3215800,7260100
2022-06-13,170004900,94442000,39712700,54218000,67647000,9200800,36968300,34771900,122714600,13265200,6268600,8559700
2022-06-14,104011800,64697500,30282400,38601700,58868400,7829800,21865900,27320800,62818600,7347900,5818200,8707300
2022-06-15,125666800,86051400,32150500,37790700,67577900,10256200,25202800,31581500,70628200,9000300,5532800,8851100
2022-06-16,134473300,81910300,43810600,38025300,68035800,9168800,26067300,30588300,61583400,8823600,4229000,8083300
2022-06-17,111113900,82703400,40327300,43097500,63646300,7029700,21614300,17319600,49281000,7407200,6746300,7791800
2022-06-21,76811900,51633700,34665400,31891400,35943900,10342000,17663800,17031500,45924600,5608500,4766800,5933100
2022-06-22,90059400,67472900,29303500,30368200,41337900,9501900,23703800,18943300,38204800,6558700,8211800,6250200
2022-06-23,79292100,57457800,27089800,26482500,44261600,9247200,20669200,30742100,30961800,6535300,8788400,6139300
2022-06-24,98050300,58422300,37138500,31235000,41176300,5127000,18161300,18668900,38198600,6143100,3507100,4656500
2022-06-27,66009600,54151500,24745400,20987600,27076400,5439400,12053000,20847000,25658200,5719700,6080400,3784200
2022-06-28,86548900,61609800,25909200,19187400,31095700,3763300,13706600,18998400,39303800,2982700,2065800,4735900
2022-06-29,65676000,57302700,21292500,18226800,33969200,3559600,12925400,10747100,36806800,4785600,1902000,4606700
2022-06-30,112508300,79313600,31466300,37316200,52233200,5409500,25802100,16570800,45139900,9144400,5156300,6402600
2022-07-01,74839700,56675100,24598600,26046600,44010400,63222900,21858800,20179400,38849300,11380300,7726200,4512500
2022-07-05,81438000,61829300,25151100,30911300,49452600,6651400,16689700,16728000,38316200,14035400,10118900,5154400
2022-07-06,70426200,63194700,25697600,18030000,36060300,4754700,20205400,17291300,44706000,11861100,8203400,3428900
2022-07-07,64525900,56620100,24822500,17215100,56831500,4058100,13088000,15165800,44430400,4588400,4708300,3032400
2022-07-08,72397800,59895500,20547000,13135200,20993400,3664900,15320000,14384500,31230300,4584100,3934600,3509800
2022-07-11,58366900,55273900,22031500,15757900,52682500,2765700,13639900,9456900,28213700,4321700,3606800,3453200
2022-07-12,62219200,55797100,23864200,16350500,24669600,3669200,18547300,18053600,24036500,5375100,6427300,4396100
2022-07-13,84224600,73939400,25535600,17907500,39435300,6809400,20594800,25657200,46874900,8456600,2853400,5572400
2022-07-14,89704800,63741800,25102200,25329100,43245400,5370400,15665000,22978600,53953100,12213600,4524900,4494500
2022-07-15,79060400,63818100,34935900,28570100,44468400,3834000,16022600,15192500,48360800,6783800,3972800,5124800
2022-07-18,63203600,59519600,23031500,23785600,38982900,3150700,15838300,15665500,33302800,5791800,1735000,3397900
2022-07-19,78506000,55172600,24234600,25474500,33006200,2996100,9276800,15414500,31028200,3796200,3203200,3659100
2022-07-20,71843800,67769400,26049300,18738200,38969800,53057500,9117300,9888100,82881900,4795800,1915200,4212400
2022-07-21,64903900,55049400,21709900,19165500,36814900,5344300,14754900,25141900,52282000,5863300,6044500,5062800
2022-07-22,72197300,57127700,25116100,18771500,25611800,7747100,17715300,16062400,51055800,5733800,1279800,3615200
2022-07-25,53631500,40582400,19267200,17451300,21653200,2994500,24868100,25656700,26032000,3713400,5301100,3252800
2022-07-26,52946400,50074100,19391200,11610000,22891400,4736300,13536000,18514600,24151200,2672800,6002000,3337300
2022-07-27,82342100,69304400,21670700,20945500,37678900,7475300,15725600,16995200,35075700,5766100,2638200,4160900
2022-07-28,73966600,55139900,22838500,19385400,37796700,5768100,16637900,17266700,42335900,5606400,2202400,4100300
2022-07-29,87003700,57501000,21760600,23958000,54050700,5961100,16655900,14914000,33606800,7537300,2209000,3301300
2022-08-01,69997500,46358800,23905600,19450500,34808000,9672400,17974600,18348900,31595600,4666900,4076300,3572700
2022-08-02,63435400,48676500,17492600,17857700,41014300,9269700,17896300,22706500,40604400,5725400,2800000,4731300
2022-08-03,67820600,53735700,19157700,16011100,34939500,7829500,16731200,19416500,35660900,4417800,3368500,3107000
2022-08-04,45656600,38973700,14838900,15153600,31865200,9873200,11003000,22451000,24386400,5502000,5345100,2884200
2022-08-05,56814900,53894000,18540300,15130400,28488300,10047200,19492300,15893400,31006700,6023300,3481600,2719300
2022-08-08,53886100,43878500,22188700,12069100,39087300,6681300,17476300,11889800,19465600,3456300,2992600,4694200
2022-08-09,44931800,39764200,18247300,10867800,22828600,3814700,8223200,17809000,24675700,3205500,2038500,3403700
2022-08-10,68665700,51459600,20796400,16870800,27028200,7260300,14665300,25548100,38121800,4077300,2280800,3165200
2022-08-11,59489700,45897700,23727600,11539400,39235300,8309300,20663800,24970100,37778700,4446000,5550100,2151600
2022-08-12,61694500,40928400,21726600,13680300,24877900,4128600,12178400,16542900,16912300,5151700,2575200,3423700
2022-08-15,54048300,38266600,17414800,15733100,29734500,3441100,9031800,10750200,18441100,5236100,3170400,2135300
2022-08-16,59289000,41186900,18833100,13497100,20907000,3241800,11066000,15328900,22963200,4291500,2842600,3680800
2022-08-17,63563400,47842200,22428000,14822100,34206700,6366700,14131300,20836800,28774600,5569100,2840700,3683400
2022-08-18,49023200,41937200,18368100,14303900,30611900,3709200,10738200,13914300,19089300,3646100,4864500,2263400
2022-08-19,68016900,51770600,27416400,20257600,36042800,6678000,16330900,17996700,45428900,8173000,3590800,2788800
2022-08-22,77695600,51098900,22937000,20062200,26934100,4125800,10457200,10208500,42014200,4458100,3868200,3517500
2022-08-23,49105200,39497100,20069800,19101400,33028200,7755000,17813200,14517700,33240000,4425100,4384600,5605300
2022-08-24,49177800,38057100,16038300,12086600,23561600,3504600,13971600,14441000,16917400,3202400,3093500,2292200
2022-08-25,50942300,38098300,14795000,13980500,44653100,6645300,21429700,33579200,20080000,2857500,2066000,2129200
2022-08-26,103087000,69047700,24177200,19338300,41080900,5535900,18764400,13942300,34460600,6689300,3105500,3187200
2022-08-29,65370800,48321900,19753300,16199700,22689800,4416900,14278300,18371900,28020200,4702300,6205300,2833800
2022-08-30,85652400,51184500,22548900,24907400,34508600,4474200,14346600,19251300,66233900,4856600,4292100,3643600
2022-08-31,76029700,50044000,22412500,32178200,37142200,5797600,13623500,19484300,39161800,5438600,4977600,4100800
2022-09-01,78740100,57990700,30706600,33526300,38353400,10324200,22490400,26706500,38499700,7390800,8110700,4746100
2022-09-02,99632100,64666800,27468200,28234000,35916900,5741900,13024400,14458700,22364500,5196900,4586500,3561800
2022-09-06,76637400,57005400,23837100,21862300,50091500,6769400,24648500,16455700,28820900,4863800,3453700,4591800
2022-09-07,70964200,49260400,24781200,21289000,39074600,7169700,17050100,21874300,26853200,3981400,7838800,3681100
2022-09-08,80821700,55649800,25273200,17589900,55415100,5773600,14671400,16871100,26928000,4607100,5282300,3408300
2022-09-09,76706900,56125200,23208800,22655100,26119600,5780600,12529800,11911700,29526800,3927800,1327900,4129900
2022-09-12,69256300,45905700,23134600,22338600,41791000,4034200,14806900,11084600,30276100,4537500,1868500,2737500
2022-09-13,122947100,79562200,34144700,26513900,44191300,5100500,22158900,19563400,47111300,6526400,3863300,4824900
2022-09-14,85023700,54907200,25278300,19052800,37146200,3866600,13077800,19360500,29672400,6091100,1561600,5301500
2022-09-15,87633800,65299400,25378700,23181900,47618900,4622600,10260200,12947800,46282300,13181200,2106300,6727800
2022-09-16,103084800,79920400,41155900,31914300,67125000,4718200,18903800,13980900,56479900,7141200,2035500,6807800
2022-09-19,73278500,52613800,25412200,19597500,33531700,3879000,11084400,13679600,26891900,5582800,2213800,4467100
2022-09-20,77274900,51271100,22247500,23429600,36967300,4869100,20133800,30310500,32769500,5943700,1815900,5850800
2022-09-21,106746600,82931000,29357100,22678800,62370500,5414900,23132900,23883200,37851300,7816100,1647700,7128900
2022-09-22,89472600,62757100,33468600,25400900,41989200,6662400,29030600,20982600,48278100,5975200,1770300,6743600
2022-09-23,122346900,74815200,40336900,33958900,49807100,7630600,23042200,18671200,53312000,9598000,3885200,8982100
2022-09-26,92581200,71176700,30597800,41892400,53011900,8015500,25104600,27606500,42287400,8240500,5110900,8119600
2022-09-27,108294100,69780100,42406600,38742700,47114100,8668400,34609500,34683500,45295500,7151300,2834800,10015000
2022-09-28,110802200,79652100,35186500,35116000,49946800,8471700,39283100,39921300,48935800,8977200,2314300,9000200
2022-09-29,112952300,81216000,31464000,30971600,43114100,6056500,19127100,30873000,38068800,6317000,2066100,8576300
2022-09-30,153711200,78482400,40643800,38527600,50082400,8847200,26485700,24058300,42928700,6832400,3947600,9023600
2022-10-03,89756500,61267400,33611600,37451600,41489700,10579900,27192200,27200900,48967900,10362200,6326900,8718400
2022-10-04,103602800,66696900,37537300,32480200,51598600,7361400,13788700,21918800,45901300,8024500,2239800,6439300
2022-10-05,88065700,55766300,25281400,28550700,30037200,8603700,20522100,24999500,47833500,5296300,2753700,6518400
2022-10-06,82333500,53489400,22635900,28668800,29747200,11298400,13965700,22017200,37196000,5712600,2810600,7820800
2022-10-07,107789500,71354700,26536100,22200000,35957400,5085300,14814800,20895500,33983000,5030000,2382200,6913700
2022-10-10,76042800,60393000,23386400,26510200,31109900,3829100,15652600,6179400,37759700,6110800,2467600,6549500
2022-10-11,92482800,66522500,28009100,26577200,46679000,5498500,33246700,30332900,46344600,5306700,2530300,7189700
2022-10-12,76991800,50580200,26796700,24455800,42471500,5847400,21447600,18941200,32784800,3998500,2338200,6634400
2022-10-13,147254500,112894100,45376500,48010100,51431200,6220100,30292500,20727700,48832500,7083800,2166400,8561200
2022-10-14,123737000,77244300,29608600,28145900,33384600,5886200,18728200,20681900,37152100,5471900,1559100,7320700
2022-10-17,93168200,64576500,28199200,32731000,51122100,3215200,18969900,16585700,33820000,4348000,2200900,5823800
2022-10-18,97162900,69781000,34523100,26876700,33911100,4006600,16931500,23532600,37648400,4528400,1673600,5609200
2022-10-19,79746900,53115400,27146900,22958200,31393700,5762600,25431600,16461800,33194000,8257100,2062600,6452100
2022-10-20,88283100,60605500,26710700,25989700,44240000,5738400,25434900,21437300,47281100,5019800,1564100,4959700
2022-10-21,131038400,77897700,45402700,37761800,43879500,7528500,46280300,18871700,60211200,6898400,1142900,6060100
2022-10-24,85436900,63963600,27284500,20327600,55046000,6210800,31332600,16517100,29551200,4673300,1166800,4918000
2022-10-25,78846300,59014500,33105700,21583300,31871500,6301500,31213100,23143100,37459200,3434100,892300,5815800
2022-10-26,104087300,63492400,37084700,27095500,37973800,6692700,24843900,22201400,50552100,4448200,4190100,5746800
2022-10-27,81971800,57760300,28651800,20349600,34227600,7238100,20270000,21002900,49481500,3654900,1699500,5239600
2022-10-28,100302000,62651300,33221600,19235500,46296700,5659800,22244100,19532300,123446800,4645400,2783500,4651400
2022-10-31,96631300,47742000,25699400,27032700,44107400,4586900,23956700,21884100,60269700,6097800,3264300,5112200
2022-11-01,85407600,45895900,27446700,42687000,50932800,6066400,17585100,26415300,39586700,4603600,4248500,4751100
2022-11-02,126990400,79803100,38139600,30497700,47639100,7581400,25010500,23174200,50659500,7210900,2158500,7240200
2022-11-03,87100100,70038900,29093200,23604200,38319300,8403900,29097500,52723900,37507100,5378800,2088500,5231600
2022-11-04,103505200,78313200,25842400,33756400,70533600,5287000,23561400,16698200,39849100,7692000,2063000,5664800
2022-11-07,68286900,47333800,20689900,19904600,38404800,4289300,14522800,13428300,24913000,4425700,2093800,5545800
2022-11-08,84641100,63213800,20265200,19882900,36282400,4679200,20360600,19206000,39489200,11299600,1958000,5578400
2022-11-09,78495500,64862100,27277000,22418600,34148700,3658100,15637500,12204000,45728900,6040600,1693200,5510300
2022-11-10,141455800,99256700,38572800,29640900,53986900,9608300,45380900,28447600,67165700,9939900,2431800,8312600
2022-11-11,93839900,66961800,28765400,24071300,52270400,2840200,15943100,8578600,20934800,4622400,2817700,5928000
2022-11-14,71903500,55290700,26499600,21599900,42158100,4130800,13741100,22576600,37932800,6187600,1623100,6181900
2022-11-15,93194500,73985400,26128800,34956600,77069300,6841600,26608200,25504400,50673700,9903500,3209900,5283900
2022-11-16,68508500,48859800,24802000,22730400,49376500,6140100,28507700,24648800,31124900,3645800,2226900,4258200
2022-11-17,74496300,55462100,20835700,21271100,56473600,5986800,24528900,24106600,34338000,4574400,2043300,4463400
2022-11-18,92922500,53588600,27269100,18431100,45040200,3102100,14941300,14214100,31663800,4321100,3200500,3854100
2022-11-21,51243200,40083500,19038900,21877400,29250900,4477700,15534000,9664100,19070500,4766500,4164200,3505900
2022-11-22,60429000,41873400,16869700,14698700,33677500,5532800,18103100,15050400,24572500,3203800,3397700,3514700
2022-11-23,68261600,46390000,19758800,13400800,43490300,5236500,23234600,12511500,30316300,4167000,2169000,4423800
2022-11-25,30545400,15498800,13393400,10934400,19986900,1345400,9486100,4413900,9465900,1436500,1243200,1524100
2022-11-28,67881600,38714200,17465600,18618500,45015900,4218400,14563200,18815800,31668900,4052900,3559600,4032700
2022-11-29,52310000,35618900,14020600,17666900,50909500,3356600,16576400,23040000,27162300,2620600,5141700,6035700
2022-11-30,144566700,74718100,28030100,41966500,103403400,7127100,21581700,20930100,41702100,4874700,2939800,7077800
2022-12-01,76398200,51547300,21996400,24209700,50195900,17629100,53156800,30830200,42134200,8625800,3382400,5038900
2022-12-02,85342700,53583200,22574800,36230700,47593700,5783700,24479500,16908900,27535800,5185900,3957200,3953700
2022-12-05,77289800,41482100,25449300,26304900,62268800,6295800,20159700,19612000,29736500,5436200,4078100,5983200
2022-12-06,77972200,53937600,18502100,25663000,31558200,5745500,21754500,18220800,24976800,3597800,3352600,5276900
2022-12-07,65927900,45614300,17177800,23274300,46263200,5386200,30546700,22116700,24614200,4610700,5676500,6206700
2022-12-08,60737900,42594900,20971400,20080400,41138200,5325800,13377300,18285600,23839500,3217900,3554700,3994400
2022-12-09,81447700,47860500,22046500,25772900,48742700,4343100,25872200,15568800,20687300,5431300,2957900,4572500
2022-12-12,75405800,35732500,22765400,18725400,41524600,5192200,16897100,13988400,22415700,3504400,2660100,5115900
2022-12-13,123782500,80667700,38445300,29377300,60886900,7856600,23854700,19976000,45923300,6750200,2779000,6864400
2022-12-14,108111300,64984400,32406900,23707700,62300900,6533200,19517500,19894900,57177300,5643000,2342400,6553300
2022-12-15,117705900,60554100,33546700,25617500,48081300,4344200,20246200,16931200,41666500,8363000,2802500,5325500
2022-12-16,119858000,68300400,38502400,23998700,48065200,4432800,20838300,16643900,38197100,5372000,3403500,8166400
2022-12-19,79878100,44167900,25614000,21180700,22995200,3951100,26126800,14746200,24135100,3940500,3123500,3776100
2022-12-20,74427200,51064200,18050800,21440600,25688000,4199800,28869000,18678000,32917800,7803100,2614500,6614800
2022-12-21,78167400,46394700,22997200,17112200,23607700,4406600,15894100,15087800,23211500,3990100,1882500,7101700
2022-12-22,100120900,60278400,21297600,21251200,27011800,2143100,11322500,13957300,26893700,5672700,2017200,6619400
2022-12-23,59857300,39373600,11647700,12536600,19543300,3164900,15408900,5992400,13196500,2912300,2913300,3539500
2022-12-27,51638200,38009000,13553800,16247400,42338900,4780800,26475700,10456200,22108000,6885700,6148300,3961900
2022-12-28,70911500,47139000,19648000,14526900,31813900,3161200,17302900,10050900,41064800,3662500,2873300,5168000
2022-12-29,66970900,45893600,22311300,17455400,27088700,4021800,16593000,14253300,33378900,3345900,1759900,5398400
2022-12-30,84022200,37858300,21275600,25629000,38297800,5043800,20810200,8528200,15170300,2864500,1848300,4897700
2023-01-03,74850700,42335300,22503800,25179300,35557900,6808300,25313200,15589800,28787700,7992900,3228300,5906600
2023-01-04,85934100,47754900,22973500,26751400,57044200,7800100,21678200,13951700,37120100,7574600,1983700,6860200
2023-01-05,76970500,45396700,17032600,17376900,25175600,3177900,14771100,9848100,35142000,4692600,1700700,6839500
2023-01-06,104189600,54659700,21986900,17951400,49058000,6807700,27473700,20695600,60041200,7889000,1674600,5962000
2023-01-09,73978100,45568700,18366500,23392800,59967500,4988000,21472200,20449600,35806900,5134500,1189300,5699200
2023-01-10,65358100,35247800,18751100,18811500,34936500,4026900,20545200,19225200,35695500,4398400,1469400,8040700
2023-01-11,68881100,44077000,18222700,17732700,41854800,7118700,18794000,19541700,31826700,3374200,1923200,5663300
2023-01-12,90157700,60600000,29650800,19767100,42088800,5768000,32029600,18372500,29404900,6936900,2452100,5890600
2023-01-13,63903900,44802900,22120000,18092100,32838900,5573500,17750800,21077700,26301500,7468800,1514800,4153800
2023-01-17,62677300,36269700,22422600,25184100,41016000,3709000,13911700,20745100,30961200,6610800,1160700,3943900
2023-01-18,99632300,47754500,23507800,35935300,54860300,7926400,35497200,27794600,52989700,5384700,1469600,5984200
2023-01-19,86958900,44150400,24624500,23519000,33834900,4234100,17194700,18085800,50070900,6678700,1241200,4696800
2023-01-20,91806400,60613600,36070300,28289500,42854900,8822700,22754100,15440000,36625400,5754800,1144000,4251100
2023-01-23,84178800,52799900,20329900,24252900,38252700,4334900,12961500,18814700,26764800,5265500,2664600,5154100
2023-01-24,59524900,44875100,19263500,12996500,34713300,3540300,16417200,12419700,27774500,4604600,915600,3810600
2023-01-25,84800300,50872000,18174600,14250500,30325100,2924700,11906500,15450000,25857700,6925300,1151200,4953300
2023-01-26,72287400,51596300,18369100,13272300,28722100,2875400,15549400,13250300,25512400,5860100,1637600,3939000
2023-01-27,68346200,56441900,20019900,13986800,36989100,5524100,11845500,8924900,35813400,6052700,2379200,4972100
2023-01-30,74202000,49405800,18395100,14111500,38598300,2584600,11459700,20019800,32002000,4210700,2528300,4737700
2023-01-31,86811800,46705100,21567900,23544400,43197800,4856400,13705300,27212200,41006600,5976900,1571800,5449600
2023-02-01,101459200,67562200,27007300,27861400,51809100,20159100,25305800,29127300,46900900,7996000,3090900,9787400
2023-02-02,101654500,83070600,31020400,15588000,45943800,5823000,19548400,18958900,56399900,8842400,3591100,5218600
2023-02-03,94736800,76170800,24981500,18589800,42341000,5267000,20619500,16053900,39682300,13674400,2625600,5353000
2023-02-06,60295300,40802300,18160100,18409500,41471500,5500400,15182400,18455400,40944200,8957000,1375700,3787500
2023-02-07,90990700,67584000,27074100,19440100,31941600,5678900,18290300,25191300,37101300,6794200,1057300,5912700
2023-02-08,76227500,56720900,17933500,18281400,38255400,6137600,13530700,16484400,34066600,4075600,822500,4886900
2023-02-09,78694900,49137800,20516600,10875300,27083800,7358300,20469900,21637500,42581900,5361300,2054000,2905100
2023-02-10,70769700,50050100,15248700,16681200,34463800,5290000,16598300,16092100,65905000,2971100,783100,3270300
2023-02-13,64913500,39636700,15754400,11806300,20906700,17262300,13134300,32223500,38741300,3970800,853800,2921900
2023-02-14,88389300,64079100,21889600,14082900,21664300,7133600,15440300,31922200,54193600,5403100,926500,4217600
2023-02-15,61555700,43100600,18721200,14031200,31114000,4964700,15246900,24279600,44897600,5423800,924700,3669900
2023-02-16,76431500,59498600,21366300,13151000,30045300,27126400,19267300,27909900,89945400,4540400,831900,4493100
2023-02-17,89257800,58230700,23892200,13768200,35131700,4540500,19560900,18528900,75910300,4809800,1207900,4299600
2023-02-21,82655900,46526700,26004000,14419700,33984300,11382100,22728000,21136000,98782400,4035900,1014100,4926400
2023-02-22,83742300,51389200,24651700,12991700,37035500,30136400,15165400,20971700,70093300,4105700,1219400,4456500
2023-02-23,96242400,69294400,21311700,25783700,28551700,7059800,15829100,21144600,47908100,5073500,2070200,6074900
2023-02-24,108194400,74332000,24280700,25120200,48596300,10757200,21403600,26721100,47576500,6496500,1637800,5065400
2023-02-27,80444700,48995000,17562900,19736300,24344400,3693200,14209200,19660700,40292000,4509200,1076800,5170800
2023-02-28,96438600,48243100,19542600,28408000,39670600,4690000,14955700,18239100,32999000,6761600,1222300,7261100
2023-03-01,99706800,58287000,22532800,20961000,39597500,8328600,19000000,27249600,45341400,6590500,1238200,7041800
2023-03-02,85127800,53565900,18104400,20540100,28952900,12952800,23763600,23715100,37886100,3950700,828700,5208800
2023-03-03,90120000,60511500,22774300,23663300,20682400,5696900,30877300,27316900,50123300,6894500,1507900,4542100
2023-03-06,72795900,56736300,23266700,22289600,26014300,3766400,16631900,14688600,33430800,4264100,1046000,3893700
2023-03-07,108310600,65955800,25865700,26319800,36382400,5053300,23096500,22431700,40222100,8713300,1498500,6540600
2023-03-08,74746600,50876300,22505900,21016200,18795900,5163500,20252400,29396500,54303900,5718600,1518300,5750400
2023-03-09,111945300,71456700,33546900,25914100,40118900,12498800,21550400,24552400,52669500,5583000,1290800,5974200
2023-03-10,189253000,98593600,69274200,31703800,49329400,11041300,43921500,36906000,81516000,13803400,2418300,10351000
2023-03-13,157790000,97123600,74171500,27005100,43071400,23930600,51502500,47445400,78478100,20554400,1865900,16288000
2023-03-14,149752400,73602500,48946200,18054000,36333400,47886700,38417800,49782100,66395600,10019000,1300600,8706400
2023-03-15,172996900,83631500,54405800,37928500,53217000,25157400,45164100,50591500,81454700,14546100,2929200,10284900
2023-03-16,143254200,98198100,52392300,33179100,39880200,13961000,43089300,37961900,63386700,10762200,1536600,10324300
2023-03-17,140553400,89923700,70239900,23846200,40165600,12293700,38129000,32011600,55132200,24156300,1916800,9103200
2023-03-20,93055800,56359500,46103200,24003200,28310700,7982400,24242800,24035100,38540800,11845700,1108900,6300300
2023-03-21,91524200,49757000,34465900,16669400,27670600,9851600,18934900,29109400,38203400,10734500,1300500,5024500
2023-03-22,111746600,75791900,56098200,16277900,40375300,10705200,26388500,31434700,55263500,11969600,1414200,8283600
2023-03-23,119351300,74576000,47720900,23067200,39622100,7118800,25475100,28703800,54660900,11347100,1482800,6274400
2023-03-24,107682400,57195200,47519700,27879000,28044500,9135800,23652700,26204100,44225600,9245900,2175900,8380000
2023-03-27,74010400,50287400,33880600,23269300,36646700,8284400,22224500,16527900,30905100,6925000,2176200,4956700
2023-03-28,62871700,48585900,28555100,20324500,43707600,13324800,17794300,14138000,38277200,6202600,1037900,4213800
2023-03-29,77497900,53274300,25564800,29119300,32173100,13404700,16804400,17506000,44457300,4996500,514700,6364000
2023-03-30,69840000,58354800,26728600,21615800,32982200,4157500,14315800,18267200,37130200,6360300,793900,4838000
2023-03-31,112062600,62138100,39602900,28532600,36174700,6330100,25396700,19187400,54218900,8003300,1026200,6148200
2023-04-03,67391100,47126800,27609000,20737100,19637700,7226600,18234800,20093500,43302900,9206600,1164800,7582700
2023-04-04,66601500,45875400,33487200,15364600,31518500,6763200,18052400,20317700,46144300,13765400,1313100,6243400
2023-04-05,65200200,62795700,28247300,16313900,35785500,6257100,23047700,14674800,37633900,11440800,1099700,7024100
2023-04-06,63743300,46916500,26366300,13659900,22277700,4264700,16447300,14191300,35719600,6648400,2418800,7008200
2023-04-10,63681000,45134700,22237800,12854000,20271700,6025100,19134400,10825500,29083900,6408100,989900,3972100
2023-04-11,59297900,40113600,21876200,11264100,23177000,5459000,13971200,14510100,28875100,6031500,1526000,4839400
2023-04-12,86420400,62813300,27018100,13241500,30341900,5857200,20563000,20049200,41457600,10000900,1151500,5920500
2023-04-13,85814800,54613800,23259900,12233000,28752600,39858200,22079400,18589100,95864000,14060100,888700,3884400
2023-04-14,78161500,56278300,29600400,14209900,26673200,4968500,19801900,16218900,43767600,13272500,1244600,5078300
2023-04-17,66436400,43007000,22177300,17323800,26173500,5681000,19528800,11891400,26391100,7468100,937300,5148900
2023-04-18,63560000,46746900,22873100,13753400,23990600,5061300,15922600,10522400,28030700,8056900,844800,4189600
2023-04-19,55227300,38960100,19306800,8840800,25851700,4648100,16093900,14023700,26979400,7373500,397300,3624200
2023-04-20,75840400,62462100,20336300,12478600,29763400,4608000,16450100,16076100,30203900,5789900,1066100,4604400
2023-04-21,73457400,59002300,25972800,14053000,26632600,5948100,15244700,18480700,33061800,10698700,735700,5136600
2023-04-24,64332100,44043100,17781000,12864900,19963200,5143700,17034300,7974300,24661600,8303400,1753800,3673500
2023-04-25,97766700,57121600,28857900,12582200,31095100,13076800,21899900,17038800,34575300,8451900,1221000,5127500
2023-04-26,80447000,55400500,30309800,16928600,45521300,5903000,19610400,19635200,33762700,8203600,2206400,5128500
2023-04-27,92968400,65430400,33424100,14505700,23496200,5065800,20247600,14629500,39687600,9107400,990400,6439300
2023-04-28,89433100,59712600,31911900,16936800,22481000,8525900,26954100,18882100,33821100,6700400,854500,5352800
2023-05-01,62122300,41013400,27420100,24499500,16797000,17442000,32487300,20789900,37748300,7997700,1138800,4817200
2023-05-02,103998500,56519400,40851100,12907200,24041500,8540700,30057800,21547100,39045300,14680600,1658800,5442500
2023-05-03,91531800,59882100,43261400,13977300,18827800,9534800,23656200,15750800,33178300,11133800,869700,7538900
2023-05-04,94901900,50224500,42382100,17411200,29417100,12014100,25110500,17811700,45207600,14146800,782900,7231800
2023-05-05,87891800,51806100,35456800,11096900,18248200,11254400,15096500,12130800,31591500,12508100,702400,4560600
2023-05-08,50046800,36465800,22109900,7533200,19721300,7022400,20587000,16424800,18367400,6075400,742600,4896000
2023-05-09,49220100,31768800,21465500,14835400,17294900,7317200,19182500,15860300,21732900,7098800,787200,4522000
2023-05-10,96142900,60446600,27281900,14009800,22410300,9930800,22886800,15815700,35392700,9392100,489800,6331600
2023-05-11,70157100,44278500,25884600,14971700,34620300,5979600,19147200,12261800,25265500,8245500,742700,5175400
2023-05-12,70481500,48432800,20406400,15823200,32789300,5107300,14198500,10797200,27553200,7087500,769800,3293800
2023-05-15,54289400,33375600,24310000,10580600,28911000,4459100,20085300,20334800,19764500,5518100,703200,3477400
2023-05-16,57705500,40019200,24212900,13335700,24887200,7194000,29251700,25934500,40998700,9519500,1020700,5401000
2023-05-17,87287000,47486100,38231600,21491300,24358200,5542600,21340900,25387100,38534100,7474300,816400,4849000
2023-05-18,97177200,64213500,30446600,10657000,30378900,9448900,25536600,21383500,29129200,8812600,1005200,4009000
2023-05-19,103793300,61554900,34316300,15971200,26847500,12923500,29038000,22194600,36044900,8435000,777800,4803400
2023-05-22,60745400,43015900,28207200,12122700,30254000,7034700,20131100,15526700,34897700,4834300,606600,4839100
2023-05-23,86383500,48216700,32708900,19215100,43844500,8264200,21749500,15529300,32415500,6345000,753500,5460000
2023-05-24,89213700,62891200,28744200,21758100,31559600,7415400,18473400,16688900,38083200,6732900,692600,4910700
2023-05-25,90961600,66862800,36202600,17393700,28492700,11647700,22492800,18743200,21457900,6919200,1809500,4810700
2023-05-26,93830000,63007000,29841300,11189800,24941700,7408900,17030300,15848500,23547600,5823700,837300,3230700
2023-05-30,72216000,72652200,25572600,13979800,25536900,7883000,23125200,21581400,27482600,4906100,774500,4449400
2023-05-31,110811800,65105400,34598800,32754700,35917900,10817900,23787000,24052300,43393600,8497900,762500,4673800
2023-06-01,88865000,50488600,27800900,29681600,32875300,18161600,21040400,26084500,42425700,7300500,561000,4016600
2023-06-02,91426200,53372100,50212400,18693500,53717000,7585400,19136500,17086600,49950900,8726100,1195900,5114900
2023-06-05,65460200,47266200,34465800,18029700,16947400,6243100,14433200,14211100,24080200,5748800,1099300,3936600
2023-06-06,64022200,41390400,58584500,17811900,35447700,3986200,14332100,25228400,23006600,4967200,764300,4728200
2023-06-07,85373300,69225900,60685600,29259200,44313300,8226600,25251100,26526700,32340900,9066500,2155500,3825200
2023-06-08,61952800,47153900,34185000,15781000,26886800,5841900,23845100,16579800,33987800,6394100,893800,3097900
2023-06-09,85742800,53196900,30242200,15419000,22199200,6421900,22147400,12060000,27016700,4379200,641300,3199400
2023-06-12,76104300,44606500,26580500,15814700,25267100,5261700,19010300,14229300,30629500,4873600,686700,4072500
2023-06-13,95899700,57097800,35758200,17620600,35053100,9173500,25910800,19385200,39425900,5126700,701600,3693700
2023-06-14,100612100,69525600,37114100,17305800,37898300,7704400,29094200,30280100,32864600,6807000,763800,5042700
2023-06-15,110303100,71138800,36488400,14597200,36328400,5959100,25732000,23426200,42412300,6739000,1215100,4661000
2023-06-16,114165800,80932000,50684500,20036200,40001900,6538100,16759100,13184500,47560800,8779100,1252300,4576900
2023-06-20,76160400,49204700,33269300,16873000,50477100,5477300,17162900,22272700,31930500,7584200,1911200,3826600
2023-06-21,76982300,53378300,30730200,11322700,20771300,5119600,19720100,17521700,39751900,6702300,930200,4691300
2023-06-22,70637200,47603000,27063700,11313300,22804200,4102100,23630700,16007900,31504700,7945000,1056000,5114800
2023-06-23,92074500,48922900,50610100,15929700,26321700,4112100,22901900,13102800,33811100,5419800,1002200,3956400
2023-06-26,72823600,52685500,31507900,12950900,18302400,2976600,12894900,14642200,36111900,3222100,729000,3246800
2023-06-27,72813700,49428100,28818800,11034100,21799500,4752500,18105700,15749300,31707600,5036900,560800,3845900
2023-06-28,75636000,46498000,23187600,9256500,21628400,5257300,23826800,17806000,35679600,5866700,1101500,4691000
2023-06-29,67882300,46151000,32084100,6736000,23278300,8268700,41091600,25554500,41712000,6862500,635300,5033400
2023-06-30,104964000,58712500,30287300,28381100,23366700,7450600,32024900,20938600,35842000,6420900,972200,5758500
2023-07-03,32793400,19432900,14011900,13375500,15417000,4687100,16011800,11810800,13046500,4085700,902200,3632400
2023-07-05,58418400,34460900,24092100,15971500,15853800,10181200,28170300,21463300,37947100,5650600,2849100,5766400
2023-07-06,80658300,49374700,39080800,17415300,36352500,9285100,41375700,35240800,52251100,5133000,629100,5609000
2023-07-07,86134200,47133700,31706700,16721300,21518600,6577600,28996500,17148000,42269100,5201100,807800,5865300
2023-07-10,62443500,48498800,29725100,9486000,22273400,6622700,24665200,16360600,45752200,3320500,632400,3855600
2023-07-11,64463800,38214100,26738800,12811300,19616000,6327100,20485500,21693900,32000700,2818800,457800,4038400
2023-07-12,91924500,61975400,40127300,16111100,61015900,8255100,31928000,23217300,42820700,7062000,599600,5361600
2023-07-13,72425200,46960000,23523000,12707500,44062400,9742600,32441500,21637500,33954200,4527900,582900,5067100
2023-07-14,69815800,55148500,32198600,12549100,26724500,7491100,18569000,23784000,36081800,5390000,669800,5618100
2023-07-17,52680200,40868900,23283700,15876600,25782900,3182400,18822000,12260100,28836600,4152400,696100,5610700
2023-07-18,80668200,55262000,28489800,11519400,29377700,3626500,15407400,17403600,25990800,8238000,554700,4605100
2023-07-19,65891700,54093000,23679000,11138700,26941200,5059300,27192500,20871600,26794800,3911600,1371500,5363700
2023-07-20,70591600,71941700,27278100,14843900,31226700,9486600,56951200,37868000,27028500,4972900,1138600,5667100
2023-07-21,71275600,60499600,28982400,10318400,21620500,4560100,20657500,16517800,37447800,3845400,710500,4767700
2023-07-24,54023400,40380100,16929800,9421100,47123600,7451100,17546700,17999400,20925500,4370000,781300,4990600
2023-07-25,55191200,38894400,18961100,9151000,32437300,4079300,17160600,15029800,30067600,4090100,510700,4968100
2023-07-26,71052900,47075700,20377900,12325300,34963100,4880100,19310700,17816800,33068400,6158400,893700,7377400
2023-07-27,92194400,63940200,31159300,12775700,37548500,8522800,44794400,29142600,48675800,7592800,1273100,8010000
2023-07-28,80011800,56902900,21612200,15891100,34529000,5794100,27434000,18719300,27588400,3828800,2657200,5025800
2023-07-31,62040400,44019900,24203900,13797600,28029100,6347000,28663800,24906600,30744800,5494800,2012200,6121600
2023-08-01,55291500,41060600,27444300,16707800,34635600,7714000,34943400,22977700,34529700,6239700,1688900,4641600
2023-08-02,93933400,72687100,28079700,16805400,35588700,8009200,38121300,28516700,37500500,6339700,1143800,4147000
2023-08-03,64276100,47666400,24279300,12745700,20893600,11057900,59394800,27632700,30348000,4636300,1111700,6454100
2023-08-04,100128900,61702800,24950400,14079600,29249200,10189900,42071800,19998900,37411900,5326200,529400,5148300
2023-08-07,58357500,37230400,20185000,12940600,19419100,4007400,35862900,10726300,19412600,4510400,1137700,3906500
2023-08-08,71361300,44726500,25578200,14144400,22600700,5401400,24010500,17616200,32545600,6162900,993600,3854800
2023-08-09,78789600,51150900,22293200,12188700,27936800,5317200,20151100,11514100,27569200,4644000,671900,2960200
2023-08-10,93005500,72035300,29378800,16788900,26321200,8462100,37253200,22056400,43697200,5934600,576600,4451100
2023-08-11,68690900,48707200,21789000,14863700,32303600,5915000,26753500,12803100,23329000,5289700,566200,3654700
2023-08-14,47867400,42130800,20354900,9959400,25510000,6218400,19072000,9829300,28545100,9554500,697600,3376700
2023-08-15,75707500,45539900,25491300,13863600,31837500,9602600,24125000,17279900,32968600,7582700,3808700,3398400
2023-08-16,80107200,53190500,27018400,10940100,37596400,7199600,23076700,20773700,31759400,6559400,2205400,3703700
2023-08-17,95711300,62604300,26715100,14730500,35544200,9858300,32244900,29797400,38546600,7937700,857500,4069800
2023-08-18,98852000,61191400,33375200,13617500,33913100,7510500,24181700,17884100,44130500,6253000,601800,3307400
2023-08-21,68719000,50696500,22678100,15838400,24331900,10864000,29254100,19065100,30768700,4206400,507800,3789800
2023-08-22,64994200,44530200,21299200,10563000,26689500,6330500,21308700,18361500,18135400,5892200,623500,3380200
2023-08-23,68441000,51770600,21231100,12670000,27643300,8550500,38294700,22620400,33378000,7949100,910700,3257800
2023-08-24,88517300,66842500,26582300,14879000,25776700,5735800,22300800,20129900,34336100,5526400,599500,4523800
2023-08-25,102325100,69960500,29340400,11617700,20154800,7895700,23865200,18521400,31149300,6132800,793800,4252000
2023-08-28,61595400,40910000,23002000,12320400,21426800,3301700,16037300,15271000,21461600,4740700,590200,3448800
2023-08-29,83081900,58492400,22986000,12224400,30243400,7064200,28478100,21843300,42178200,7576600,417500,3515300
2023-08-30,69053900,41731500,19869900,12235800,16164200,6346700,17550100,21533500,29458200,6593700,527300,3042100
2023-08-31,66084600,35730700,17953400,13375200,35424700,6167300,26959700,20534800,30824500,4795600,1197700,3410200
2023-09-01,58944100,39801200,25094600,17069800,26152300,7746600,32469700,16514200,33213100,4970700,1716100,3403900
2023-09-05,55166200,32344200,27160100,12085000,23571600,4993400,29435900,16272800,29500600,7056800,1039100,3578000
2023-09-06,70758500,42998700,26406200,11294600,29118500,7344100,23636300,17733800,30797500,6427200,843800,3681300
2023-09-07,70355400,52060700,23894800,13543000,23907500,7137500,18091500,17295600,28757400,3257200,388800,5056100
2023-09-08,61659700,35800100,19399100,11813900,15126500,4648500,17052100,18608800,26389100,3292700,611500,3317400
2023-09-11,60180100,39936600,17424700,11650900,20748000,4321700,17061500,13686300,29159400,3689100,553900,2813600
2023-09-12,67565400,41391000,16826300,7947100,26259600,4998400,20034300,15839800,21668500,4445400,1075100,2959200
2023-09-13,60199300,46300700,24415700,10047900,20707900,6675400,23332300,19975200,27498900,3874800,813800,3989000
2023-09-14,83430800,48039400,27952500,13519800,22611200,6421000,27800600,16821000,29575900,6184400,679600,3926600
2023-09-15,111848900,69811200,39695500,13678500,32981700,9367700,25642900,21796400,41636900,5620900,573300,3784500
2023-09-18,55752200,36903500,19287800,9121300,22967000,4622200,17963400,12182200,19549700,5049300,868100,3117700
2023-09-19,66514600,37621700,24085900,10339900,17394800,7536800,24941800,14577800,33937200,4224700,844700,2742500
2023-09-20,82562600,45514200,27642900,14523400,24521800,10751800,29451200,23735800,26715100,9328000,663600,3827800
2023-09-21,104095800,69734800,31625600,17619900,33915600,8702500,59958700,30183800,43327300,7571900,1172600,6202200
2023-09-22,100829700,51589700,23164700,14714800,40006500,8637800,29524500,21849000,36657300,3634800,727700,5061200
2023-09-25,70874500,39168000,22416200,16853100,29050100,11712000,45587900,25968600,30197500,5582100,639900,3928200
2023-09-26,96168400,53657700,30476000,17756900,39426100,8281800,38104100,39047500,39193000,7181100,986300,5220800
2023-09-27,104705800,56066000,37293000,16390400,27723500,10586100,47111200,35741200,45532200,10919600,944200,6657600
2023-09-28,92258300,56453300,31372400,19507400,31425500,11654600,60238000,34650100,45776600,10061900,865500,6659600
2023-09-29,115111300,64829600,36689000,20292800,41783600,13488300,49010100,28143000,51698300,10427400,2044200,6630600
2023-10-02,83798600,51625100,42139300,23671400,30529200,21010000,44704300,18787800,69255900,12706000,3616100,7564300
2023-10-03,103760600,60478500,42733600,19913200,52953900,21364700,71362600,30830200,77754200,11459800,2573900,7121000
2023-10-04,87453000,54786700,42491900,19586200,36174300,14054000,56281600,25863600,138971500,10034600,1225500,8748100
2023-10-05,70142700,45897400,33365100,18327200,27725900,11315900,35758800,21155700,56138500,6970200,2068100,5306900
2023-10-06,113273300,75049100,42160900,17758900,33737600,12257100,62787900,21667900,52741500,9948400,2218500,5919900
2023-10-09,80374400,45304800,26658400,11015700,21799900,5816700,29424900,6398600,27277200,10201500,2702800,3848200
2023-10-10,78607300,46968800,31585000,23682800,35189100,11508300,54743900,23168100,50761600,5844000,1359500,4585700
2023-10-11,62451700,38215100,27427200,15393600,24577700,14815800,58517700,22655800,53330500,7128000,2163300,6128600
2023-10-12,81154200,49587900,38693800,16764600,36022000,12855900,66986700,27899900,60368000,5912700,979300,4429000
2023-10-13,95143100,52469900,33955600,19900300,26187900,9872500,44183800,20716300,54191200,18796500,954000,5860800
2023-10-16,75433200,44201100,31140300,20119600,21117700,7248000,38309800,25991800,39352900,8385400,820400,4381800
2023-10-17,75324700,50999100,39823200,12155100,24251700,11191600,52949100,24273500,50948700,8231900,921900,5419300
2023-10-18,93559800,54280500,38501400,16945900,29849100,13794200,63724600,32144400,58306500,13920800,1110100,4853700
2023-10-19,121323000,72274200,51397300,27204100,28401800,27116700,87696900,41211800,70971900,13406600,937400,8238400
2023-10-20,123919900,72559700,54421900,28251800,39070000,12587100,52188800,27130800,64845500,12785700,1243400,5874400
2023-10-23,92035100,60665200,45590900,18574700,34568600,12365000,70890400,21103000,47508700,9479800,1179500,6906600
2023-10-24,78564200,47082100,32666300,22138700,33962200,10906000,46267700,24517600,46427900,6594000,1119700,5755200
2023-10-25,94223200,71190500,36832900,17400900,25267400,15170200,60737200,20957000,42518300,10087000,2212000,6254500
2023-10-26,115156800,78621400,50525600,22914700,28415700,15901300,49704100,28046100,45233400,7671400,1862600,8144400
2023-10-27,107367700,63476700,46017100,24116300,34216900,11628200,32362300,21362800,35621800,14102800,1051400,12043000
2023-10-30,86562700,55298500,35156300,23954500,30506700,11022500,45026900,20961500,29094000,8756400,975900,7041000
2023-10-31,79665200,47671900,31533200,18291300,37734300,11574700,37269200,28805700,42185900,10104600,2199500,5964700
2023-11-01,98068100,58992700,44367100,21115000,27879300,22448900,72308500,32111800,59313100,9048600,2495700,7021600
2023-11-02,94938900,58162400,50458100,19669400,33661400,14046200,69739400,31295500,68930600,7343700,1936100,6450300
2023-11-03,100167800,53280500,57060700,20752900,41736500,23133700,77692300,38496200,88763600,8530400,1407100,6394100
2023-11-06,67831700,38848700,35294400,15938000,32347100,11246700,41341900,17827700,93899100,8274700,1210900,4432100
2023-11-07,64256100,50777400,31168900,15747100,18218400,13189400,37834200,25518200,50458200,6795800,1861600,5235300
2023-11-08,61746000,35663400,44938600,10916500,18963500,11117600,53893400,26997000,41143500,6738300,1269100,4398300
2023-11-09,83174400,53859400,38577400,14557600,25631100,17067900,88975100,23864100,62856100,6486300,1254300,4922800
2023-11-10,89462200,58309800,36121300,12518800,18540300,10674700,36516400,18498900,35563300,7606600,874200,3943800
2023-11-13,52236100,40733500,27610300,11354700,23437400,8930200,25661500,21439200,37530100,5385900,913200,3791200
2023-11-14,97176900,67792600,77611000,21166800,66042500,14313600,65666800,28387800,68210800,6831600,1573100,7493800
2023-11-15,77327600,54141400,59641400,12980000,43281700,12969400,56205300,23895000,44022800,4909400,1314500,6033400
2023-11-16,66665800,45343500,46616700,13769700,22868300,10375600,49473900,21223000,52928200,8253300,3465600,4879800
2023-11-17,83133200,46571900,43418700,14314300,28460900,8462000,44091400,25810200,44272100,4871100,1241100,4379000
2023-11-20,69936200,44429600,26665100,10334700,35801100,7481200,40477800,18529400,30846200,5389300,777600,4225000
2023-11-21,49244600,43337000,30457000,12300200,20929700,9153300,27721000,20273200,29493900,7322400,642500,3703600
2023-11-22,59394900,44121000,28940900,12162900,20006500,7255100,31197500,18588000,40866800,4337700,850600,5280200
2023-11-24,29737400,15718800,13846900,8083500,11365000,4125800,20199600,6391400,8536200,2445100,391300,1893600
2023-11-27,50506000,34139700,30665800,10365000,22925200,9539800,39804400,17919500,31007400,6320400,1032500,5790800
2023-11-28,62115000,35491100,28350200,11129900,35006700,13563300,44989300,21320800,44031100,10901900,1112800,5811300
2023-11-29,63146000,38811700,31590200,10462200,26049200,19075400,61647800,20661800,48815500,8407300,972200,4605400
2023-11-30,79752700,52834400,32216800,19444200,30482700,18446700,60520900,41950900,55047100,7558100,1769700,4118600
2023-12-01,89183400,40490100,64221300,21091900,27140200,21393200,64172200,27733500,60321100,16727600,1399700,7182800
2023-12-04,72430900,51186900,44862600,14778700,28074900,16402000,33766300,28914300,33105700,18460500,5278400,6740500
2023-12-05,69793500,42933000,36873500,17529500,25462300,25452100,73588600,33315200,32466500,7027700,1557500,6149900
2023-12-06,69124700,41994100,43637900,16547400,23069000,14023400,61606100,22544300,21297200,5778600,1913900,4405000
2023-12-07,66995400,49593500,32662300,14513200,19735000,13730100,47970200,20253300,27779300,5802000,1502200,6631500
2023-12-08,83194400,46687500,36087100,13323600,25195400,13825300,44809200,21624200,30123200,7883200,1366100,3416900
2023-12-11,65002200,41198000,29302100,12372000,20426400,10484600,33909700,17714600,30141700,8519500,3260700,3143200
2023-12-12,68327600,39221200,32024000,13210000,20278300,7248000,36996900,22111100,29203400,5056900,1983200,3158400
2023-12-13,93278000,55408100,69484800,16760700,42607800,16155200,70828500,33623500,64201300,10635500,1613700,5649600
2023-12-14,119026000,55447800,83649300,21959600,51998900,32373200,87798600,28202300,67220400,9107200,1872100,6918500
2023-12-15,141553700,62896600,74160700,22420700,37110300,9407100,59941300,17904100,36336400,8324800,1734500,7666400
2023-12-18,70375300,46610000,44451100,14409900,37419400,8634100,34746000,19714500,34793600,5358000,1844200,6353800
2023-12-19,55761800,35711900,52156200,15551800,33688600,9047100,30018400,18086800,25269400,6025600,1829600,5786900
2023-12-20,102921000,54042400,62360300,23019200,44766600,12659100,51229400,23942000,38376400,6002400,1439100,6072600
2023-12-21,86667500,45568900,38613400,15837400,33402800,8939700,65231200,24168300,22861400,4620000,1352700,4430000
2023-12-22,67160400,34314000,39173800,12184500,17082900,4956400,29244200,11037100,18048400,7176300,1397800,5100300
2023-12-26,55387000,22722500,26879000,8915400,16173200,3342500,24019700,5816000,12374700,4502700,1252200,4336600
2023-12-27,68000300,31980500,35806400,13103800,30120600,7362400,45082800,13646400,22835300,5813300,1372600,5383600
2023-12-28,77158100,27029200,28930100,16832000,36660400,4858500,36213000,14288800,22648100,6171500,1145200,3879100
2023-12-29,122283100,42662100,41496800,21346400,48758200,7820500,41616200,17956700,36993900,4612300,1781200,5331500
2024-01-02,123623700,58026900,44341500,18177600,20839200,9444000,47797400,20622000,41547100,6025600,2421600,6057900
2024-01-03,103585900,47002800,57532500,18637700,32220700,11040500,58159500,35384900,39495500,8661600,857700,5159600
2024-01-04,84232200,39432800,43114200,11977100,20922700,7354800,52604500,43111300,32856100,4416700,734000,5609900
2024-01-05,86118900,44922800,40964900,20636700,21875600,10001000,45894800,24385500,31158500,7481900,800800,3805800
2024-01-08,74879100,42473800,31545400,16250100,16208600,7044700,39485800,29182300,33479100,6215000,760800,5372100
2024-01-09,65931400,39132900,28998700,10218300,31344300,7360800,34374000,55126300,25593500,4437300,736200,3819000
2024-01-10,67310600,33962800,35075200,12191300,20149400,9212700,48227800,32323500,35702800,4504700,754000,3649900
2024-01-11,77940700,54536200,48939200,16434300,24682100,10305400,78858900,50960900,35947100,6831100,1491100,5512700
2024-01-12,58026400,39595000,42992100,11329300,21605800,8469600,38883900,30479000,31155500,6833700,673700,3070300
2024-01-16,85014900,43903000,42213000,19802700,44484400,9847100,61716700,27124600,43669900,6548100,709000,5125800
2024-01-17,68843900,54386000,37787700,16381400,50591600,9170700,55506800,34414000,54160800,8643200,570700,4898900
2024-01-18,91856200,59562500,41760000,16391400,31884600,8910100,77339100,28325100,34837600,4685200,408300,4537800
2024-01-19,110834500,70325100,63338300,15792200,31372000,17711100,47030900,25621500,44359700,5719700,559900,6188700
2024-01-22,75844900,44880600,42379500,15424800,25753700,9831500,35756400,17679900,36758900,4397500,575900,4203000
2024-01-23,49945300,33003800,42471200,13575400,34710400,6428600,35786700,25439500,24561500,5040800,442400,4821800
2024-01-24,81765000,46948000,41120100,16314600,38215800,9718000,54574900,26828300,27623300,6085400,866700,3265600
2024-01-25,72525000,44367200,37659500,15268800,23157000,11588100,57019400,39484000,48268800,4651000,1600400,4394300
2024-01-26,76641600,37137000,33478600,16478600,21031500,9134600,29276900,26642300,26232800,5064800,517800,2783200
2024-01-29,61322800,38694700,29234400,13341500,24133600,6947500,38243600,27060700,25924900,5629700,1579300,3591900
2024-01-30,58618400,36739000,33121200,11708400,22928200,7265800,40151400,30459200,32486600,4976500,941200,4580900
2024-01-31,126011100,64010600,68126700,23907300,37689700,15778300,80646700,44733000,55548900,7886100,1305300,8892900
2024-02-01,91891600,51008600,59479000,17189400,22048300,33372900,84291200,42478500,48019300,10278100,2388400,8950700
2024-02-02,99228200,59602400,52839300,15579800,29803500,13809200,63823300,39604900,42727400,7337600,1235500,7935800
2024-02-05,75757100,39889200,39751900,15617900,26934900,12147700,53827400,39266800,51908600,5436100,837900,6269400
2024-02-06,55918600,35846100,34689100,13886600,41288400,9327000,33411500,26095200,32948200,4866100,790900,5482300
2024-02-07,70556500,37712700,31713900,10485100,22270000,8619800,40120200,23574200,42954100,6276900,809900,5074200
2024-02-08,52343600,29889900,35370800,9578500,23485800,7808000,50087700,26063900,25548400,3873300,1125100,3697200
2024-02-09,63979400,36943900,46107100,11001100,22416400,8492500,27951300,19029200,33951400,4412600,601700,3478100
2024-02-12,56502300,33203300,43291000,6911500,33026500,7023600,27890300,30378900,36249100,4706300,569000,3949000
2024-02-13,113099200,64491700,86247400,14942500,42252400,11978400,49768500,41494100,69904200,9525800,1222200,6203500
2024-02-14,68387800,45092700,43808000,13248000,28923100,8979600,44191600,41932200,38603100,7031600,696000,5264400
2024-02-15,61683000,38796100,44931900,14128600,27273300,6788300,49598500,33255200,44319900,6228900,791200,5164800
2024-02-16,75532900,53716500,48346200,13381600,36729000,7147400,33116800,26189800,50322900,6518500,595800,4781000
2024-02-20,71736700,53999500,30547500,15285800,32493800,8286300,24469300,22386600,31994100,5531200,1053100,4739900
2024-02-21,59293400,49779000,28669100,11433700,29069400,6433900,36343100,23606200,38674100,5789200,1689900,4053000
2024-02-22,76402500,53887800,38184700,15476000,32548100,8688500,45190700,28705900,45450200,4550800,507400,5000600
2024-02-23,61321800,39853900,37667700,11400000,37973600,6426700,38406700,29856300,24686900,6827300,668800,4695600
2024-02-26,50386700,33043200,29118200,15015200,23804700,6417200,27855000,26696200,32795300,4491900,879100,5943300
2024-02-27,48854500,33713200,32268600,11110900,21206300,7540600,30242000,33453800,30926600,5165400,2544500,3857800
2024-02-28,56506600,32938800,30143900,12196600,31288900,5293600,34574200,32713500,24667600,2824100,5225300,5170700
2024-02-29,83924800,42495200,40404100,17221700,43973800,11919200,51038600,45656400,43322400,6848600,720300,6595400
2024-03-01,76844800,43853000,35156900,18930500,35477300,11857200,45832800,42971500,39342900,13411000,863200,6560900
2024-03-04,49799300,34325700,24785400,13961000,38144500,6641600,23864200,31472000,21607300,12216300,538500,5319000
2024-03-05,72855600,57917100,34163500,12874400,32915100,7673100,37721900,33394200,38076900,9672200,1237800,4722600
2024-03-06,68382400,46234500,34255200,24098100,45875000,9499200,40571600,33176900,34335200,10459300,1466500,4999400
2024-03-07,58652100,44526700,28020200,18279100,26916100,8420900,39075000,22875700,30393000,8403700,961000,3164100
2024-03-08,86532500,72096000,41447800,14926900,30341400,8103600,25023200,29591100,38317900,13540100,933200,4546400
2024-03-11,62557200,45860000,24435800,10496000,22761600,5568200,17787900,25360200,27177600,7329600,691600,3467200
2024-03-12,73114400,55300900,34958900,15296000,37392400,6556500,29566000,30852100,33351700,9436600,497700,3309000
2024-03-13,55104100,37928700,25140700,14166600,25742900,9708400,38270100,31089900,28482200,5930000,1070000,3418600
2024-03-14,110171800,52195200,47509100,25572000,31566200,10055900,58365600,48815400,46677200,6865000,1168500,4155000
2024-03-15,107646300,73069800,53217000,17529100,32816600,6591400,34997700,34525600,53985300,4556700,1043100,4214300
2024-03-18,88893300,47323800,32405100,13472200,23107900,5319700,29519500,18279900,34649300,7206800,1384300,3030800
2024-03-19,60755300,43004100,29864100,13222100,23851800,5470300,26953100,22721000,41841500,4657500,1889600,4165700
2024-03-20,69594600,43653500,49609600,18834900,32308000,10190800,43460100,41915400,36886700,9593800,1247400,4605800
2024-03-21,60256100,39345700,43067300,13021000,27655700,8271200,34276600,26546700,34693300,7396500,813800,3753200
2024-03-22,79070800,28253900,28437300,12832800,30355600,6119800,30262300,20877600,26955700,6918500,1443900,3923200
2024-03-25,48512100,27789200,20107800,9418000,12894800,4488900,24011800,23291000,29373100,4034800,1370900,5262400
2024-03-26,65463700,34142000,23434800,12343100,15363300,5477600,34423000,27266700,28522200,5752700,742000,4923000
2024-03-27,82999800,41359200,35028400,12337200,21819500,4838500,50157800,30600500,28891100,6041000,2497800,5191400
2024-03-28,96294900,36839600,37675100,17180400,28296300,7561400,34540400,23066200,31546700,9194500,3686300,4626900
2024-04-01,62477500,38729000,25684200,15419500,20857100,10854000,48945400,20817100,47857400,13677100,2345900,5331200
2024-04-02,74230300,44259700,36632100,17414900,22346100,7214900,43086300,32433900,45551200,13421100,1852700,5116000
2024-04-03,59155800,39949800,27362800,15898300,33272500,12908000,45494400,25198700,29542300,11416200,1771500,3632700
2024-04-04,96858100,57267700,32265200,19950400,33317700,6960500,47957400,31423800,36056400,12307300,1261200,5953600
2024-04-05,74546500,54744600,27569400,21091800,31564000,6334600,42495900,25134900,30857300,13382700,1313700,4789000
2024-04-08,48401800,28144900,21331000,12350900,18452500,7115100,37879800,37054400,31067800,10331400,1263500,3866900
2024-04-09,68049200,39443600,23289100,12469100,23963700,5151100,32522000,21967300,32219100,13069900,769400,4075600
2024-04-10,82652800,61502200,57130500,21567300,37281800,14993700,74368900,45351600,76623900,13317500,1349900,8332800
2024-04-11,70099000,45474600,37184000,11967000,23648600,9371400,65751200,38047900,50836000,11415200,933800,7145900
2024-04-12,92561100,53665000,35388700,17934600,50234600,11675600,47900100,35119700,41441700,30898800,1579300,5451200
2024-04-15,92101400,63453600,41119300,21610100,31290100,12315300,55993100,27018500,55560400,13239000,1660100,5478600
2024-04-16,73484000,47619000,43267500,24161800,43707900,12027200,45103200,34191600,55746100,10746100,1263700,6598800
2024-04-17,75910300,56880500,38589500,15748000,26019400,10515400,57947000,26726300,48158800,11521100,2084600,5554700
2024-04-18,74548100,46549400,40238200,12884200,20581900,6964500,43839500,25997900,40291400,6496900,1734500,4158300
2024-04-19,102212600,75231000,42666500,16925000,29537400,6125800,44826800,20265600,54739500,8689000,1968800,4585600
2024-04-22,67961000,47807700,31553000,17314200,25738800,4002900,24969000,26642400,40772500,13404300,941800,3846100
2024-04-23,64633600,44384700,31838300,13466000,21907100,8319800,27222700,26338800,43554400,10730300,1524700,5484100
2024-04-24,55928100,48440300,28791700,8530000,18118100,7567400,48986800,24538400,40496500,5741100,1670400,4513600
2024-04-25,69122400,57392200,31915600,11479600,21962500,5784300,49282600,29826400,46371600,6606500,1088600,4082800
2024-04-26,64306100,41874900,24613600,12676400,24407700,5432600,31589800,11784100,34500800,6268500,707700,3367700
2024-04-29,46415400,30022200,20494600,10560000,31041200,4846500,39228600,18052100,33157800,6409900,875800,4374000
2024-04-30,77483600,43665900,30606800,18994300,32748700,7516700,41054700,26008100,49937500,11248600,1875400,7003900
2024-05-01,80242800,52251700,38782100,17900300,34489500,12392500,59679500,30342900,71484700,10373900,1463900,7204200
2024-05-02,62550200,36559000,27201000,14993300,48855700,8661500,58925400,28044200,41497900,6287000,1004400,4804800
2024-05-03,72756700,48515300,30880600,15055600,31815100,8501100,50066100,24166800,44204400,8679900,503400,4270000
2024-05-06,47264700,30227200,23129800,9411400,19706300,4043400,23868200,18519800,29547100,6840500,1293800,3044800
2024-05-07,52561300,30996100,20116900,9065800,21316800,7776200,30525800,28680400,34064000,5660700,486300,3667300
2024-05-08,42047200,24896700,18349400,6667500,18933700,9024000,31171700,19916700,22959500,4462700,415800,4129800
2024-05-09,43643700,24580100,22914300,13256000,22204400,9625200,39606700,25583500,24590900,7732500,347200,5452200
2024-05-10,52233200,27116600,21520200,8022000,28056400,3205000,21913800,16291500,24633800,8700900,747700,5649800
2024-05-13,36716400,22994200,18585300,6990500,22233800,3228700,23157500,20464200,22109800,4896300,531400,2848700
2024-05-14,57535900,34478300,33169000,15228300,24295800,4688800,25746400,25440400,27298700,4662700,443700,3099700
2024-05-15,59504900,41464700,33412300,10823700,30011900,11384500,65142900,33780900,56544400,9297700,512100,3544900
2024-05-16,50244800,34780400,26731100,13042100,27395100,4278400,37902400,23586600,31749800,4301700,519200,2577000
2024-05-17,59187600,35803700,35219800,10219600,30865100,3883900,24755000,21862800,31550300,10481900,2083900,2791700
2024-05-20,37764200,24474200,15695900,5836800,24234000,4575900,17922800,17885200,18665000,5990900,1314900,2842800
2024-05-21,33437000,23167700,13466800,6222000,18470000,2669700,15334400,17411900,20295900,4002600,514000,2655100
2024-05-22,48390000,25120000,20853100,10721200,23030800,3616300,38073700,26735600,31110700,8903100,889400,3888000
2024-05-23,57211200,40899200,34039800,8805800,28607000,6005500,51294700,24876100,36464700,9537900,1255100,4061100
2024-05-24,41291100,29669500,19946100,9289500,20986300,3926400,19164400,11189500,20488500,4212400,1375300,2317800
2024-05-28,36269600,26216800,18475900,13036500,21179400,8761400,45973700,15989600,27771700,3809700,1845700,3046600
2024-05-29,45190300,29739200,25654800,13662100,30803500,10126800,45508400,30015700,38800000,4185000,940900,3203100
2024-05-30,46377600,30536800,20428200,7456100,20741500,5069500,29548600,21036300,44210200,3068800,1041600,2748800
2024-05-31,90785800,55941300,25784900,19932400,49609100,4807400,41308800,19901400,45381900,5617200,873400,4176900
2024-06-03,46835700,32997500,23902900,17127700,33839300,7675900,42272100,20154900,36791300,6172600,1790900,3301600
2024-06-04,34632700,23767400,27098900,12565500,38401100,8752000,42581500,24545200,39230600,5509400,1087200,2720700
2024-06-05,47610400,33817400,20707600,8661500,28092300,6466800,43153900,26584700,29793700,5479200,966900,2373300
2024-06-06,30808500,21966800,17335500,13195600,26450400,5849400,22891900,22687100,24398300,5283900,1049000,4002100
2024-06-07,43224500,25829700,26036000,21589700,37626400,7125100,35240500,26228700,32498800,12195100,747000,3227900
2024-06-10,35686100,20660800,25075300,8995400,30846300,3938900,20586500,19415700,24875700,4215300,457100,2450800
2024-06-11,36383400,22053300,23768400,17004600,35763000,3954700,30329200,19042600,25339600,4004100,572500,3261700
2024-06-12,63251300,34532600,43668700,15188900,34679600,9243200,42554600,27209400,51775700,5911900,761000,4123500
2024-06-13,44760900,25859000,28021100,12784200,21553600,6529900,33093800,26782700,38532000,5861100,553000,2619900
2024-06-14,40089900,23372600,33453700,17500000,18813600,5424600,28776700,28561900,52953300,7076500,914700,2178600
2024-06-17,55839500,37054500,25538100,13582700,21037700,4957200,31040200,24678700,33165000,3877700,1114300,2168100
2024-06-18,41376400,24438600,25446900,16057100,35675300,5232600,26881000,25576600,46845500,4921400,832400,3073600
2024-06-20,70328200,33918700,27999700,10942900,43438100,3573100,30246300,21206300,26989000,7290500,910700,2432900
2024-06-21,64338600,37456800,37511300,14237600,20232900,6908700,22596400,21091200,26857600,8865600,723100,2337000
2024-06-24,45528700,37751000,22289600,12193700,19840000,5276000,56939100,18597600,28766200,4626900,610400,2834300
2024-06-25,37936200,29014700,15925400,8751700,25337500,3790100,22890200,16251600,26111600,3820900,726400,2445900
2024-06-26,38550600,22737100,19313500,10509700,18961900,4196400,38489100,26381300,29282000,4690300,1212400,3287900
2024-06-27,35041500,26222100,17432600,14156000,24041500,4946600,23140800,19939400,29404500,4977800,675400,4244800
2024-06-28,76144500,34881600,35026000,17425000,22614500,6032400,55119600,27395800,34952000,3955100,855300,4090500
2024-07-01,40297800,24898300,21886200,19845700,18805300,13662800,49735400,22429100,31113100,3797900,1233600,3274800
2024-07-02,40434800,26723600,17219100,10331700,21593200,8195700,34204700,19845700,30418400,4921700,844800,3141400
2024-07-03,32789900,18064900,15167200,8107900,27233300,3861000,35563300,14318900,22067300,5055300,707500,1571500
2024-07-05,41488400,28495900,17282500,8408800,21337800,5111500,34895500,18800300,25941500,5950600,860600,3217000
2024-07-08,36110500,22109400,20823800,6031700,18685200,5294600,16095700,18136600,26962000,5790800,769100,3239200
2024-07-09,27289700,25614500,17864200,8069800,19364300,3006900,30289800,20384700,19108500,3901500,621500,2123200
2024-07-10,38701200,28046900,19286100,8189200,15332700,4076600,23572500,17263200,25361900,5556200,678200,2482400
2024-07-11,53054200,49966600,65443600,8930000,35650400,9658400,49761800,31411700,44932500,9322000,1759500,4363500
2024-07-12,53084400,37109400,50810700,9289700,24799300,4304500,27796500,20301300,31688100,5179300,1263200,3562600
2024-07-15,40584300,31151400,48925300,7418700,24174900,3754500,37918900,18291500,23235600,5719300,863300,2928700
2024-07-16,36475300,25950600,67945700,10902900,19234300,4705800,36383700,20090700,41375400,11070700,1485400,3029300
2024-07-17,57119000,56268800,66092100,11634200,42630900,5113500,29036800,21313500,32750400,8620500,1296400,4757200
2024-07-18,56270400,49347400,53180000,16481500,42400100,8640600,34553100,28091700,42513000,5485500,1410300,4464700
2024-07-19,65509100,42042900,37933500,15570300,34590700,5274400,32164700,16576600,36125700,8666000,1803800,2809000
2024-07-22,43346700,40300000,36185900,13762800,17057500,3869800,36160400,22556800,32378800,5334100,1959900,3244400
2024-07-23,34439600,23282500,44884600,12043000,22891900,5095600,23498000,24425700,28826900,4435700,981700,2655400
2024-07-24,74515300,58818600,42443000,10698000,28113700,4733500,50757100,28026100,37612800,6838800,991900,3844900
2024-07-25,61158300,59256800,45053100,17719800,27940500,4335600,44999100,29760400,35409000,9777100,676400,4723200
2024-07-26,53763800,39992100,40822600,10574700,21393700,5217500,34423800,21119900,23683700,6328800,584200,3326000
2024-07-29,39515800,28218500,33869700,9305600,14299200,6165600,25801300,24734600,28468400,4665100,709100,3371100
2024-07-30,46853600,41317200,26876800,8551600,19193600,4419200,28169800,14952000,33652100,4939500,1183600,2854000
2024-07-31,65663400,44552100,52387700,20969400,38600400,10982900,47445300,29226900,50714800,7316600,1495200,5633800
2024-08-01,76428700,56653900,71508100,18129800,35497100,10492600,77254200,34564600,51319800,7217200,2002300,6988100
2024-08-02,82789100,66323200,66850200,25136200,36857000,18286500,91912900,46697900,71578700,11109400,2740400,5223600
2024-08-05,146267400,87483500,65683100,28088800,60439500,19098200,90686300,56991100,104456100,8939000,2372700,6852600
2024-08-06,84826300,63164400,37072500,22307500,32540200,9507000,61316900,47432500,60113400,14362300,1634200,7321600
2024-08-07,70698300,54929200,30594500,24592600,36654400,8419700,51337100,46819000,56107800,5287800,1050600,4998600
2024-08-08,63276600,47890100,26550300,14824700,30021900,4856100,37815800,23536800,31528100,6327100,568700,5981200
2024-08-09,45619600,33574000,20954500,11022700,21142800,5174900,32141800,23199700,29759900,4441000,465100,4133800
2024-08-12,42542100,27795000,20357900,7988700,15042300,4166400,24261400,24281800,33878400,5561300,550900,2925500
2024-08-13,52333100,40084500,25458300,11927500,21073600,6458700,30366900,31245000,37310200,6740200,374900,3111300
2024-08-14,42446900,34733700,25345600,7127600,17537100,4275700,31334100,28985600,36086900,5462500,510000,2966300
2024-08-15,60846800,38280600,42561600,10364200,26914000,5507000,38723700,29546000,39411300,5273300,556600,4054400
2024-08-16,44430700,38383600,30427400,10287800,31457900,4437000,28541000,21411500,33682600,11924500,570100,2260900
2024-08-19,39121800,23737700,17246200,6741000,26716600,4437600,25322100,16004100,29604300,5164800,557600,2629800
2024-08-20,33732300,29209300,21703900,5177900,19230800,4886000,25239300,27114000,33189300,9073600,539300,4934200
2024-08-21,41514600,25658800,19623100,10653500,14644400,5386000,29230000,23819100,34266700,5337400,545400,2965900
2024-08-22,56121500,37739600,18084300,7290700,22515000,4819500,33453800,17926300,29292100,5765400,473500,3182300
2024-08-23,50639400,36061500,40003100,10779000,27848700,5475400,32005100,22650200,32590900,5418200,727700,8040200
2024-08-26,35788600,27452600,24865500,6719900,18429300,3062400,23198700,15312500,20460100,3151400,417200,2748500
2024-08-27,32693900,27510000,19577900,9597100,14424700,4433700,21507700,15922700,22784300,4435600,556000,1859300
2024-08-28,41066000,37372400,19685000,7883900,15443000,8147000,18501400,22104600,22351600,4961500,500700,2664100
2024-08-29,38715200,41081500,24599500,9112100,15497600,6199800,24988200,20079400,18353000,5524200,458700,3379500
2024-08-30,62700100,33466500,23010500,15627600,29450400,4802600,42896200,25275500,27633300,5743000,388900,3490000
2024-09-03,60600100,44985200,31338500,9886700,35293700,8232700,48947900,27734500,31596800,6417900,540700,5160800
2024-09-04,47224900,32505100,23706300,10324400,24895900,9914900,40885200,31915900,32371800,4696000,456400,3041100
2024-09-05,44264300,34452400,23910500,12147400,22513900,33635000,47450900,35538500,44675300,4838100,593800,6269400
2024-09-06,68493800,50624400,34561300,12344400,32436800,17777600,57406400,42004600,49888900,6315800,1176000,6965800
2024-09-09,40445800,32981200,23584100,10635000,19917400,8532500,26961400,35440300,24823800,3548800,2390300,2906400
2024-09-10,36394600,29680300,23025700,9742900,19700400,7921400,31703400,30489500,38347600,4378300,957600,6001000
2024-09-11,75248600,57843000,27175600,12999100,26253300,7286200,39497100,36948000,42342700,4637300,1107600,3872100
2024-09-12,51819600,40067800,27611700,11685600,19993200,5929800,41618700,30255700,28515000,9930200,1058600,2713200
2024-09-13,39310500,29111800,37388100,7340500,16882300,5305500,25722100,25536600,31806800,7455100,939100,3402700
2024-09-16,36656100,22585600,23289000,9869500,14733000,6666900,30866300,25722000,31402400,4713500,586200,4144500
2024-09-17,49321000,30084400,35563500,7307300,20623700,7807000,31699400,31732800,27423900,5257100,889900,2990700
2024-09-18,59044900,39909200,54085200,8454200,26010500,8584500,48897000,35015500,39546900,11081100,1002000,5097000
2024-09-19,75315500,52782500,35369500,9974100,41025500,16770800,39979800,31216900,48785900,6108200,726700,4450200
2024-09-20,77503100,34577700,34587500,7892400,33038100,6580600,37067600,29958900,43626300,7737400,617700,3708500
2024-09-23,44116900,24843000,20157700,6997700,24891700,7491700,35703900,22919400,29049400,5426200,658200,3320700
2024-09-24,46805700,25952600,20939800,6855800,64472700,6580800,31005400,24719900,28674500,8386300,775400,3279000
2024-09-25,38428600,26549900,23242300,11869000,41967800,10455100,36738200,32881300,28899100,7393400,813700,2466000
2024-09-26,48336000,32020200,24974700,12875000,80876300,8026500,33332300,20877100,32732300,7041100,887700,4776900
2024-09-27,42100900,22851100,23959600,10690700,51540100,6207700,28317600,25232000,36712700,8329600,649900,4932800
2024-09-30,63557400,30281100,21938200,13424400,61400400,8902400,34175500,22728400,31551500,6916700,1042600,4207000
2024-10-01,72668800,42735400,30016000,18430900,38648900,11665600,45254200,36591300,45992200,10605500,1154100,4240300
2024-10-02,38097800,23744000,14455400,8335200,55790400,7742100,35810800,29446700,41214300,6798800,1089900,5161600
2024-10-03,40846500,25337200,21353000,9890500,31198300,11556100,39677800,24163200,31147700,5674500,1126800,2664400
2024-10-04,42939100,30686600,27901500,8536100,29476800,8878300,56954100,33618100,40122800,5947800,1060700,4602000
2024-10-07,49964700,24975100,14891800,7365100,42198000,10152600,42606600,27106300,69202500,3849000,1330600,3420200
2024-10-08,37398700,28272000,18118600,6339100,47817300,5975200,33709600,27316000,40947200,7669800,1115900,3773700
2024-10-09,37912200,24995000,18230700,5370800,35395800,6769200,35807700,29951900,42426500,4120500,872400,4120600
2024-10-10,44138100,25750400,24571400,5794400,18052400,5959000,53667400,25932500,30091700,4792700,961200,2664300
2024-10-11,42268000,20644500,19950900,6914900,28389200,5394100,27406400,20079000,26970800,5789500,726700,2654000
2024-10-14,36217200,26060100,19263300,6646200,20415200,3850900,28795300,4335400,12065800,3922900,842500,2529100
2024-10-15,54203600,34784500,25998800,17667300,31270700,7736900,46429100,28673200,31134400,5640800,1113700,2808500
2024-10-16,30725400,22996800,27656700,5931800,25111200,5041100,32281500,20474300,31626300,5431900,683800,3177100
2024-10-17,34393700,27210700,18003600,8904600,36885700,5460200,43427200,31476700,46599300,5176200,620600,2904100
2024-10-18,37416800,25335000,20047400,5863100,30391600,5174700,25258600,27372400,28905600,7833600,538400,2080200
2024-10-21,36439000,30336500,24243800,8009100,19614900,6633600,49504700,28320400,36341500,9258600,640000,4143000
2024-10-22,34183800,26685800,15813900,5844200,19243400,5433900,32096900,26001200,35466600,5756300,897300,2530000
2024-10-23,49314600,39346600,23263500,7556000,19822000,6914300,33354200,25425800,39761500,8081000,692400,2710500
2024-10-24,34979900,22024900,18381900,6522400,16257100,5486300,32507400,21021100,30163900,5962200,912500,2632300
2024-10-25,47268200,38762100,23807800,9288100,21428500,6455300,28667100,16040900,35590200,4424500,739800,3834800
2024-10-28,30174700,20477800,19877700,6985000,15169300,5447300,33156500,20935200,31854500,4029100,1002200,2296500
2024-10-29,42899700,28014100,20282200,8778400,15439300,8475400,46545200,24075800,42992200,8875500,569300,2819600
2024-10-30,41435800,29756000,19754800,8828100,24149900,6341100,41951100,25259100,28728700,6386200,807900,2930300
2024-10-31,60182500,41245200,24078400,19247600,43988700,8662900,52173800,29424400,43194600,9930800,1172500,4946300
2024-11-01,45667500,33655800,21222200,9951300,17525900,15659500,80402000,25142200,44045700,6473000,672100,4835200
2024-11-04,38217000,23291600,20463700,10280100,24674200,8179300,49747600,24713500,27291200,4581400,616600,3368200
2024-11-05,39478300,24353600,26404600,9596400,21398300,8118500,46986000,23732500,31611900,6029900,509300,2398100
2024-11-06,68182000,43082200,75554600,11746200,37143300,15261400,98895700,38097900,43173100,14600200,818600,6335400
2024-11-07,47233200,32853100,34970300,11634100,39247600,15674000,56221400,24596700,51325800,8821400,1471800,4871300
2024-11-08,46444900,22924500,26597800,11540300,44833800,12335300,56756200,21113600,30543400,6267900,453300,4093600
2024-11-11,37586800,24167500,29207700,5839600,21342300,3980000,22369200,7971100,11008700,11653800,1303700,2279800
2024-11-12,43006100,25835300,35314300,16613700,33946300,8037600,57908400,36203300,44594900,10145500,612000,4645800
2024-11-13,47388600,24567400,25947700,14828900,26586800,6661800,49009100,22942500,33873600,8431700,652100,2884300
2024-11-14,38904100,28679500,29272100,19039000,34443200,7510000,53328300,26889100,32749300,8262400,625800,3708000
2024-11-15,75988800,51461100,37930000,15433500,29127800,16761500,73722400,27276300,33709500,7299500,458000,2786400
2024-11-18,37001700,27080800,29368500,7772600,27765000,4788200,36010600,19399100,27780900,6323400,651400,2468100
2024-11-19,49412000,24523000,26009400,13402300,16624500,4951500,29585100,21473200,34523200,6579100,794800,3041600
2024-11-20,50032600,29565500,24222700,12442000,18358000,5752900,27755400,24792000,19934000,6630700,521500,3143000
2024-11-21,46750300,34526700,28679400,9161200,16086900,5098200,28365700,22507400,28040000,7646400,619800,2988600
2024-11-22,38226400,23826600,22693100,16809800,14104100,5373900,21547500,13813000,29564900,7503000,534800,2943700
2024-11-25,42441400,26375200,33534000,24934100,18855100,7716000,56858000,21678000,35003000,10733100,609800,4001200
2024-11-26,45621300,26557100,22581400,9360800,19119700,5093100,31122200,25005000,41103500,4945900,1010500,2774500
2024-11-27,34000200,24957400,19472800,7477900,17922000,5587600,39442200,23584000,30239600,6930600,560700,2383100
2024-11-29,30177400,15334000,16782700,11643900,17372200,5136200,31905700,11838900,25037800,2708500,419000,1922400
2024-12-02,31746000,25147200,25274800,15721100,16508700,5950600,39406000,33409400,32387400,4765000,563000,3659400
2024-12-03,26906600,18597900,21376700,13289900,49462500,5364800,32768900,27394800,24868500,3557800,482300,1992500
2024-12-04,42787600,26086200,19903000,10434400,21339100,5908800,35851100,22704100,22733500,4608600,875600,2220300
2024-12-05,28762200,18169600,20227000,11910800,23736100,5210300,23695800,16792500,23106300,4806200,407000,2922300
2024-12-06,31241500,23762600,20760900,7072500,13142400,6880200,31761500,16668800,29931300,3540700,437900,1866100
2024-12-09,34742700,20674400,16684300,7801100,34841300,4303100,30509600,21149300,22095100,4711500,698400,2871900
2024-12-10,37234500,24350000,19946500,10662800,26979800,3543400,28706500,19497500,27195200,4642000,864200,2902100
2024-12-11,28677700,32168600,23156900,11858900,20405600,6452800,38748400,24516500,24730000,11033800,539800,4294900
2024-12-12,31543800,23577500,21454500,8623800,17662900,4518000,45368400,24747600,29081600,10149600,360700,2255100
2024-12-13,35904700,28780400,23972900,10116600,19381200,5230100,39486000,13195000,34201100,6602600,1165700,2796200
2024-12-16,43695200,31979900,32293500,25547700,32259800,4607600,23482300,18893000,22269000,3310000,832900,3644900
2024-12-17,55773500,28579100,33064300,13934900,30224000,4881100,23839900,29945700,29039500,4421300,386300,3020200
2024-12-18,108248700,54703200,52267500,16470400,33249500,11553900,61328400,36753900,80034500,8015800,1348900,5409800
2024-12-19,85919500,46441800,51871700,17486600,31146900,9273800,99083300,40479900,69005700,8111400,2166500,5403600
2024-12-20,125716700,60530000,53882200,20878200,25512200,6070900,45542400,27608300,63276200,9527800,1507300,7622200
2024-12-23,57635800,29672800,29606800,10491200,17955400,5954500,32764600,13091800,29239400,5835500,1414200,4548900
2024-12-24,33160100,17558200,13399600,5585200,7066800,3076100,22377600,6215300,11926100,2421000,549500,2182600
2024-12-26,41219100,19090500,20024800,10784900,16152200,3703300,19981800,12454800,18384900,4645100,1139700,2577400
2024-12-27,64969300,33839600,26956000,15819700,22672400,3752500,27262300,13908400,20631800,4728100,1418400,3816700
2024-12-30,56578800,34584000,25706100,16427600,25055000,4797700,48519600,9141400,20659200,3522500,938700,4402400
2024-12-31,57052700,29117000,26208300,21393500,40524000,5856000,31917300,10768700,18664900,2522100,778400,5045100
2025-01-02,50204000,36389800,29363000,12756600,25287200,5034800,27841300,19098100,30415400,6241900,1027300,5296100
2025-01-03,37888500,29059500,24525300,12548800,17706000,2863700,21962200,22610500,32611000,4872100,760000,3469900
2025-01-06,47679400,36109700,23541900,16201800,26200900,3894600,30231500,24302200,32110000,3758900,678700,4206500
2025-01-07,60393100,36690300,28835200,9393200,30912500,5524400,41757200,25115700,43790200,5090300,787100,5679000
2025-01-08,47304700,30777800,26795900,7894800,20257500,6402900,44590800,30143800,35304900,6303300,425600,5250300
2025-01-10,73105000,40532500,37379400,12021900,42204300,8210900,47115800,24613500,37417300,12380100,1089400,10056500
2025-01-13,47910100,31694200,28603800,12019700,28154900,5094300,33258900,18873300,39180700,8448600,1281800,3740200
2025-01-14,48420600,33737200,25447500,9963200,23438600,4365500,33412900,27585200,29581100,4914800,476300,3829900
2025-01-15,56900200,34957600,30124700,12144700,22557000,7846600,54120700,32123600,53574900,6345000,936700,3886700
2025-01-16,43319700,28229000,21029800,17925700,17711400,7550900,34651100,24583300,32363000,9236000,743300,4112800
2025-01-17,58070600,51837900,26754900,10667100,30692300,3912800,29875600,18912000,29546400,8312900,699600,3672400
2025-01-21,42532900,23628000,26086300,13169100,16728200,4431300,30548600,20670600,32962700,7668100,661300,3634900
2025-01-22,48196000,33593000,21307300,8666700,16894600,3656400,25278400,18418900,25028500,5213800,686100,2966300
2025-01-23,41152100,23096600,20850700,10977200,15212800,4860900,31949000,18118300,27434800,6511500,920300,2706900
2025-01-24,34604700,19878300,19074500,7578400,20962800,4468700,21110400,13020200,23648600,7341300,532200,3267300
2025-01-27,70361100,60771700,27461700,13559100,25964200,4297100,42864200,18954300,28540600,5799800,957900,4107700
2025-01-28,44433300,33194200,16847400,9458300,22438200,3906600,25519100,22253100,30439900,5332000,414700,2373800
2025-01-29,37177400,26649000,20280500,7875400,24922400,4918400,25342800,24969100,20072100,5671800,1188300,2820000
2025-01-30,39281300,27431300,25575100,13792100,30450300,4365600,25094900,22709300,34495300,12981200,862300,3485100
2025-01-31,66566900,38755200,35330700,14935000,29974700,6277400,48790100,28454600,37101100,8961100,1622200,2566200
2025-02-03,65857200,40580800,34023300,14997600,37505700,8294000,70657200,21155000,29965100,11521100,1027100,5187600
2025-02-04,33457800,26046800,17985500,10608300,26992900,6742300,33414000,25086200,28938600,9850400,1188200,3371500
2025-02-05,30653100,21134100,15197300,7857000,21829200,6576300,48331200,30119200,31834000,12681100,629800,3310400
2025-02-06,35771500,19434500,18809400,7806500,19365700,5268500,22509900,22557700,24224100,8731400,1111400,3468600
2025-02-07,50788500,29605500,28914400,13110800,32804300,4565300,31171200,23911000,28778200,9154000,562700,2516200
2025-02-10,26048700,20852800,14574700,7287300,19596700,3229100,22736100,15302300,23382600,13250300,1099800,2195400
2025-02-11,30056700,19325500,18215700,7583700,19596800,3379500,21513000,19478800,24410000,7169500,693700,2260000
2025-02-12,45076100,25009400,25572800,17271400,19986000,7280200,48536200,31480600,34362700,9328600,801600,4747200
2025-02-13,40921300,28714800,21419400,17212300,22841000,6121900,42718100,20735100,36149900,8347500,717100,3734300
2025-02-14,26910400,17862600,13574500,8051800,24329400,5157900,27460700,14409400,26668300,11546700,1174400,2344300
2025-02-18,26749000,20565000,15166500,9485900,23037100,4484100,29429200,17640000,23274200,8185900,877300,2500700
2025-02-19,31011100,19666900,16194800,11042200,20275200,4607000,20584300,26007400,38958600,9342500,787400,2339100
2025-02-20,36554000,26550800,18507700,9177400,29210500,7545400,27913400,23814800,25789000,7356900,666700,2920000
2025-02-21,76519800,47093800,45036900,11630000,33974700,6156500,46912300,30130700,32016500,8917400,809600,2534600
2025-02-24,50737200,39268400,30246200,11135700,38307000,4109500,26218000,23399500,21029200,5374400,1058100,3258700
2025-02-25,58266500,48940000,33665100,10091400,19955500,7697100,50125100,26835200,30604400,10079800,1015600,4329200
2025-02-26,43321600,34457600,25464200,11254600,25171000,7379800,32220200,22983100,21777500,7276000,1308500,2828800
2025-02-27,74196700,52448000,29378500,19003200,30518900,5907900,53373600,27258200,40521800,9374600,1174400,2379800
2025-02-28,88744100,47654000,32015400,20717700,52402300,11831500,49388600,29596100,44321200,11504500,1814800,4213800
2025-03-03,74249200,44587200,36330000,16234700,45587700,9637400,42904200,42545300,40729100,7725600,3041000,4596700
2025-03-04,109648200,67875400,56427100,18408500,30082400,12745500,56722000,46053300,66274600,8481300,3014800,4541100
2025-03-05,71230500,46323700,35778500,17092500,47763400,15590000,50215900,45483500,32302200,6990400,2521500,2574000
2025-03-06,80094900,57574300,39206300,18421000,33544500,9318900,42827500,40519900,50431500,6136400,1985800,4968800
2025-03-07,81158800,54714700,43514000,13184300,23474500,9210200,36903600,30747100,52828900,10431200,1133900,4447100
2025-03-10,99326600,76668000,39442800,19368400,29502500,7698500,41440800,34294800,57602100,7593900,1741300,3534300
2025-03-11,88102100,68760800,51509700,18088800,21184100,10408600,40555700,42262600,75826700,8436600,2474400,3918700
2025-03-12,69588200,46971100,36881700,15886300,17731600,7610300,32734600,35875600,53763000,7236200,1231800,3303000
2025-03-13,74079400,46563300,31336900,18561400,17870100,6902300,38675400,43907900,81223200,13741500,1719400,3881600
2025-03-14,62660300,43563000,34089400,13971300,21858400,4390900,24658000,31358100,51469800,13365000,1467800,3769100
2025-03-17,49008700,41744400,26947600,12966800,37712400,6734000,26700300,17561400,33954200,8583400,1707800,2233300
2025-03-18,66041400,39072300,22888000,10513400,19974200,8993300,23654700,27948100,40195900,9596500,1660100,1956000
2025-03-19,66556000,40430300,31595600,16362400,31657500,5854500,31378700,27469800,45212700,8822200,1297400,1882100
2025-03-20,62958200,36780500,25665900,11820500,25180900,4409100,35645800,26937300,42977600,5863300,1301700,2041100
2025-03-21,83763000,42234900,39470200,18771200,19403800,4919600,29192100,26447400,35124000,9359300,1352900,3395100
2025-03-24,58766800,34567200,25774700,12201700,20479000,4823500,27985600,25243300,36393500,7870100,1766200,3719000
2025-03-25,38355700,26035200,17836900,10478200,29535900,6825800,22333800,22744000,29075500,5090200,1124200,4210000
2025-03-26,51848300,34627100,19344600,17010400,22002200,8281700,25095600,17115600,51236100,3717500,1089100,3094100
2025-03-27,42164200,33469800,23960000,10331900,15749100,5085100,23674500,22028900,38493100,8476300,875200,2993000
2025-03-28,71662700,46363800,26656200,14242300,27866500,6224500,39869400,27257000,58896900,9563700,2163300,3602900
2025-03-31,95328200,53000300,32250800,25560500,25638300,13255800,38824300,29834300,47853500,13925100,3256000,2964400
2025-04-01,54609600,41156200,26054100,15154000,21530300,18128800,39800100,22059200,54256000,15923600,3490500,4276600
2025-04-02,76014500,49894500,36603000,14451600,18068100,7635900,43488400,24769000,49072400,11074800,1848300,3427200
2025-04-03,125986000,70456300,60551500,18718400,26997500,18188000,57467400,41675700,116401400,20524400,3423800,5784700
2025-04-04,217965100,117088400,92612800,40904300,75853000,27006500,92794200,60793800,181273300,21517200,5190200,7803800
2025-04-07,256611400,161557000,96706200,63057500,87724900,68670600,124987600,62583200,193374800,19807000,5327500,13294200
2025-04-08,165816600,101248100,61090600,36425000,57879100,19508000,73861900,56747700,106007700,12639500,3650800,7401100
2025-04-09,241867300,142876900,123015100,60645100,71100600,24170800,131353500,77380700,152382200,25342200,3430100,10990300
2025-04-10,162331200,108384100,67503000,36697600,44475900,12093800,78592000,55825000,93884100,19837800,2439800,7442500
2025-04-11,97866300,52483800,44954400,28909900,43956500,55446600,94814100,41686900,71884000,21080100,1307900,5275900
2025-04-14,68034000,43941200,35214600,15749900,22549600,12630900,37596400,28111900,50011400,12427600,1178200,3228000
2025-04-15,56892900,35404200,30715500,13679800,18077500,7708100,22553900,20502600,39790500,7924100,816600,2443200
2025-04-16,83484800,48980600,35063300,16542600,19984700,8708400,35607300,24639800,52028800,20778100,888200,2393000
2025-04-17,79868100,44837000,42359200,14072500,23264400,6987000,31758400,11483700,37355500,18287800,1411100,3383500
2025-04-21,69368100,44149300,26019000,15883900,16440700,4901300,39343200,23506700,36078000,20372300,1429400,2406100
2025-04-22,75948100,52304400,34477100,14923200,25716100,5233000,32552100,20939300,33941100,35242300,793700,2209800
2025-04-23,90590700,55801100,44866100,15223500,24787400,8041300,44082200,31155900,63723400,25421500,1443100,2493100
2025-04-24,64150400,45956100,29820100,11194200,28843500,7308900,24190800,23838700,49007800,10845000,1256400,2080800
2025-04-25,61119600,38697100,25029000,10485300,18363700,5341300,22513900,14575300,47981700,10691600,903200,2409500
2025-04-28,47613800,33550800,22482300,10085400,11002200,4950500,20130500,18297900,42220700,9375500,1274000,2914900
2025-04-29,47775100,30613100,20118200,8303800,12809100,5350200,22129500,19346200,51198600,6852100,1139000,2740300
2025-04-30,93101500,46810600,29046100,24147900,20928800,13923200,42630600,35129300,69994200,8331900,2553900,3738300
2025-05-01,63186100,43316500,33169700,10070900,14740500,13703300,29932800,28056300,50848600,14969100,3638200,3574100
2025-05-02,60717300,39218100,30201800,14798400,33945900,9331600,32090400,20302100,41354100,8678400,1948100,2237700
2025-05-05,38659200,28309500,20834200,8119800,22661100,10089400,22862800,20005800,39815300,8924000,1284200,2289900
2025-05-06,48264700,32786300,24642100,8661700,17418700,6081200,21095200,29906500,36292600,11445300,1388200,2579700
2025-05-07,55588000,38006300,23623300,8536600,23390500,9471100,23161600,19892000,32676200,7888300,1300700,2220300
2025-05-08,65130800,39577600,32646300,12228300,17573700,6409000,25483700,25149700,32684900,11927600,520000,2652600
2025-05-09,37603400,27767400,17203000,9149000,16091100,3698700,17007900,18254700,23971200,6913100,656600,3460200
2025-05-12,78993600,45090600,38207200,12602500,26843500,9483700,32115000,28270900,70558600,14375900,1209900,3657300
2025-05-13,67947200,53269600,28295800,13242900,23970300,13166800,53912200,32005700,52141900,10233600,445300,4178600
2025-05-14,66283500,47014500,26316100,10173300,22561700,6994700,42119800,25340600,45406500,14800600,449600,3052500
2025-05-15,71268100,50153300,21563700,11283200,21682500,9024900,59448000,30008300,49301300,13497700,490900,2563000
2025-05-16,76052100,48394600,28906400,8372100,23296900,6819200,31778200,21888400,30657200,14173000,626800,2580300
2025-05-19,68168500,52536200,25859600,9062900,16823000,11704900,49361900,33615600,26228800,11656300,683700,2956400
2025-05-20,60614500,42517600,22053100,23335500,20233700,8929600,35493100,23036200,25933700,12851000,680000,2003300
2025-05-21,95197700,71292800,36704400,15278800,25570400,11383500,77053100,35452800,54737300,12414500,921900,2677200
2025-05-22,70860400,55607200,31831300,12787300,16773000,10981200,61747900,34010700,43242700,9704200,634000,2540100
2025-05-23,76029000,58368100,29114600,16959600,22018900,9860700,47139200,21447200,29598900,13339500,444100,2123000
2025-05-27,72588500,47226300,31655900,12435700,26278900,10834400,56773400,29208400,33524700,9578500,624700,2117700
2025-05-28,68445500,46637200,26046700,16812400,26970500,8591500,34806800,29079800,27012900,8803300,590600,1912800
2025-05-29,69973300,58513300,32749500,11454200,24291700,9679100,38933200,31012800,28616300,9487900,358800,2440300
2025-05-30,90601200,67662800,37768900,18590200,42291600,10268600,49042100,29890800,28930300,9553300,419100,2525900
2025-06-02,61630500,44762800,30334300,25710500,20576500,13341900,46213100,24225900,45527200,13593200,1477700,3101600
2025-06-03,63606200,44070300,37702200,11787400,20943400,8508900,33731300,24080000,28458700,9315100,566700,2155700
2025-06-04,57314200,41359300,27225300,11593300,26497800,10115900,57441500,28006400,41403600,7462500,871500,2598200
2025-06-05,92278700,61031200,35728700,14543100,26292800,8762800,37664700,29760700,44563900,10817800,460200,3148400
2025-06-06,66588700,42467000,32144500,10301000,16629900,7624200,38130100,31093100,41300100,7787500,1122800,2707200
2025-06-09,53016400,33688700,33984400,9641600,22715200,6061200,26560800,18850000,30169000,7159000,737900,3676100
2025-06-10,66247000,40664800,30182200,10254100,26583600,5579900,24857000,20359000,24234400,7071700,463600,4036000
2025-06-11,73658200,53701000,31113400,12329600,28230800,6594900,36334800,20584700,30114400,9248800,829400,2874600
2025-06-12,64129000,34104900,25367000,13288000,19734400,7795400,43017800,26497300,28373200,11531400,796900,2007200
2025-06-13,89506000,55814400,60580000,22177100,35198100,9195200,49374000,34794500,35271000,16592900,1622600,2334100
2025-06-16,79984100,37622100,28974000,17843400,26995900,7508400,36496600,21286000,26225100,12848400,2231300,2657500
2025-06-17,82209400,42180900,32843200,16726300,35176900,5285000,34521600,27241300,27747200,8234100,1641600,1879400
2025-06-18,76605000,43983500,42850500,18504400,26286900,6732400,38589000,29762000,32833500,9370800,1790200,2945800
2025-06-20,94051400,61643500,36978100,16900600,32783300,6261700,26001900,20437500,45845800,8794700,989900,2940300
2025-06-23,87426000,50666100,35516400,23100600,22233200,9310300,36851800,34072400,32361400,12687900,3334200,3142100
2025-06-24,67735300,45442000,31772500,14900600,36113900,7694500,32959100,38185300,50893200,12035200,1732000,2727300
2025-06-25,62114800,44804200,27725600,14422100,23739200,6393300,26345300,30675200,24156100,6733200,1541900,4282500
2025-06-26,78548400,43811400,26261200,15791500,21962200,7131900,30467500,31026000,28889100,6787500,1288300,5886100
2025-06-27,86258400,57577100,47717300,15987700,37593400,8402400,74993500,24704800,47849500,13301300,873200,3179200
2025-06-30,92502500,45548700,25558000,28062100,32966300,10542300,53695200,40575000,52885900,8192100,1184000,8752300
2025-07-01,70030100,56166700,43864800,11406100,25393000,10659800,38960600,28691300,45411000,9335600,585700,5552800
2025-07-02,66510400,36538300,35735200,13133600,23950600,6026200,39382200,24284500,32359500,8316400,325600,3469500
2025-07-03,51065800,26443500,23515700,5311100,20080100,7398900,26729100,17340500,19750000,5275800,202000,2361700
2025-07-07,74814500,45349300,41551200,12925000,24462300,8518600,38314700,18303300,37027200,7351600,413100,4467500
2025-07-08,59024600,36153300,36339300,9061400,16316900,5282800,31407000,29374900,31358900,11840500,557200,3631300
2025-07-09,66113300,43045500,32425200,8699900,14846200,6900800,29821900,33182900,30277500,10644100,577300,3837000
2025-07-10,57529000,34710900,33865900,8554400,21892100,4451900,24525500,29758900,28776200,7053700,347400,5303600
2025-07-11,63670200,39618600,31579600,8468000,27338400,6004300,40764800,23776000,30482200,9187300,329700,3987600
2025-07-14,51898500,36453300,24632200,7969900,16882100,5101600,24609500,18216500,23716200,5772900,562500,3256900
2025-07-15,74317300,43277700,44215400,10572000,24890500,5628100,40455000,31329400,37039500,8149000,494700,4483000
2025-07-16,88987500,52314700,48199800,16776500,32620000,12786300,65987700,41794100,39780100,17693100,313600,4126500
2025-07-17,68885700,40423800,43548000,9542000,22323900,4747200,31875500,19396900,25703200,6642300,203300,3406500
2025-07-18,65621600,50484700,49009900,11044700,23408000,4035000,27534900,17446200,27686400,5574300,762500,2523700
2025-07-21,63375000,39595200,28191400,9324000,16861700,5232300,40019500,17147100,28483300,10995800,500600,3904200
2025-07-22,60046300,43270600,30873300,12134300,22316500,6098000,35190300,19568700,26017700,13691800,334000,2684200
2025-07-23,70511000,40215300,37478100,18088200,23744600,5074000,31008500,20810400,26025000,10547500,438200,2981900
2025-07-24,71307100,42275500,29446700,12025500,18948000,5867400,25164800,23064800,27013700,7698800,347300,3236600
2025-07-25,56865400,30630800,24555500,9583200,15605000,3614000,27196200,26008500,30123100,9376400,381900,2960500
2025-07-28,54917100,31498700,24934900,13654000,27703400,5073200,26812500,21887900,22093800,9275400,373300,2551300
2025-07-29,60556300,45463300,28685900,11888600,24742400,7864000,47828300,26131300,21371800,5741100,480300,3713600
2025-07-30,80418900,43433800,48924400,14623000,37855400,7425600,40670900,23313300,38392400,13459600,1038500,4407900
2025-07-31,103385200,64613600,42913900,29271500,30587100,10411800,49814100,31745000,41501300,8981000,656700,4823500
2025-08-01,140103600,69400800,63854100,18658100,27234300,11870100,63434500,46073800,68963100,12843400,505900,5395600
2025-08-04,73218000,47669800,34989600,14718100,32920400,8449500,36425200,31779600,37539200,7639000,558300,3385600
2025-08-05,68051400,48666600,31337100,11634100,18709100,8218700,28586100,25922900,29656300,6997700,225300,3752600
2025-08-06,64357500,41823700,23142100,11499900,17094000,10107500,42589300,31825300,30512900,7418200,530000,3604600
2025-08-07,74205800,44463000,37088000,11525600,23378900,5725900,29213100,29018100,29405000,10891500,332800,3345600
2025-08-08,64051600,35255500,28318100,10367200,16926700,5623800,21596300,16946300,24679000,19886800,536700,3228800
2025-08-11,58742300,33112900,25212800,8516600,15176100,4920200,20100900,24444300,30159800,10326700,220800,2623500
2025-08-12,64730800,42143300,43815500,12302700,22908400,6724600,41052300,26380500,40846200,9697400,201100,3240500
2025-08-13,60092800,41209300,41705800,9490500,28585500,5925200,30817500,27701400,35039600,4718600,527100,3577300
2025-08-14,59327500,45425000,55945500,11790600,28016600,5527500,33397400,18817700,36559900,5817700,394300,3524500
2025-08-15,68592500,49480200,33571400,11864300,24042600,7428500,36343600,20932000,22754000,5990100,192700,2399500
2025-08-18,43804900,29831000,20144100,11577800,19212500,9669600,26777500,19579900,25400800,6150100,658700,2562500
2025-08-19,69750700,53752600,25000700,10721600,17226800,6499300,28780600,26744200,21700500,5029900,379700,4168400
2025-08-20,88890300,76781100,29229700,15871100,20299200,6270700,25912500,25054700,29704900,6515400,443800,2931900
2025-08-21,54805800,46436900,24539400,11258900,14428500,5351300,28643900,25157900,35825900,4809000,546000,2629800
2025-08-22,84083200,51502100,58205500,15827500,31264200,10867700,49871900,34562900,59541500,8526500,252200,3318700
2025-08-25,51274300,34044700,28453700,11700800,23701400,9936400,27011900,18983100,32714800,4044400,162400,2968600
2025-08-26,51581600,34103000,25121500,11788900,25684000,5871200,30259300,23246400,33659900,11698500,236300,2739800
2025-08-27,48341100,36927100,25395400,13054200,31452900,5222800,38142800,25171700,24335000,4320100,565600,1885400
2025-08-28,61519500,46787900,25011200,11136400,21353800,6544700,32205900,26892700,24203800,9610200,147000,2525000
2025-08-29,74522200,56030400,29254800,18544500,24867400,6818900,41686400,32201100,35070300,15642600,447500,2137100
2025-09-02,81983500,65876800,33108600,15496100,24343900,8623200,48760600,31044800,51804000,21247500,630100,3424400
2025-09-03,70820900,54230200,33252400,14418600,29035600,7586100,52499500,34520600,34283100,16062200,820100,2505500
2025-09-04,65219200,47526300,30323800,10348000,14791900,6395300,40501600,43026600,37999700,11703100,414400,3689000
2025-09-05,85178900,68342500,47542500,15510600,24805800,9566300,69668000,36249000,39147800,16065200,419100,3446100
2025-09-08,63133100,46371400,31487700,12010700,23345100,7599600,54538700,28998000,27003400,18617300,316400,2880400
2025-09-09,66133900,44007600,35395800,10893200,23818600,8223100,37126400,24412500,36704500,21641900,252700,2533900
2025-09-10,78034500,49308000,33910200,11838300,27152000,8864500,40713600,30188100,38106100,11945700,282100,2242800
2025-09-11,69934400,44745800,43629800,11013000,38948300,8554300,46694400,28405600,34221500,9082600,251100,2671400
2025-09-12,72780100,50745900,46097600,10010500,17773100,36502700,32968600,26728500,25702800,9619700,300700,2165500
2025-09-15,63772400,44360300,33014000,18108000,22076400,4990100,24820100,21863600,27248800,10569900,267000,2754600
2025-09-16,61169000,36942100,37059300,25226900,28614400,5847700,26794200,28232600,33075600,12161500,195800,3260300
2025-09-17,101952200,69384800,79955600,17013600,53353400,10701700,49121800,34969800,35955700,16535300,448000,4570600
2025-09-18,90459200,61069300,49167700,15791600,30544400,7589200,55717900,37159300,43250000,14913300,190700,2966000
2025-09-19,97945600,58196100,56092000,21889300,37385100,5528800,32509200,26845400,32042900,14982600,205000,3076000
2025-09-22,69452200,57154800,53572900,13692200,18357700,5282700,24758200,25908600,26670200,12386400,325700,3646000
2025-09-23,81708900,64635500,41854500,14688400,21298600,7077500,26689000,31575400,37088500,18384000,318500,3421200
2025-09-24,68082200,49850300,36002200,14910700,24947100,5419700,28098000,34756700,28124300,12709100,309300,2709200
2025-09-25,89622100,70920200,37209500,22434600,27611900,6517500,29882500,36991200,33509900,12639600,1415100,4246500
2025-09-26,69179200,54337400,28942800,18138000,22608400,7295300,30955100,31962100,31046800,11698200,407600,5430800
2025-09-29,73499000,48332900,26391500,13807100,26754400,6357500,32286200,31961900,28558500,15719600,192200,3155100
2025-09-30,86288000,46533800,33447700,24295000,25165300,9257800,38584000,34939700,54970300,13312400,377300,3002800
2025-10-01,72545400,46899600,28520000,17167900,29971300,8347000,39408900,30262700,58042600,15573600,565700,2933500
2025-10-02,56896000,43765400,28687400,15300500,27872000,9420600,23208300,18259400,33348900,16162100,303300,4186000
2025-10-03,70494400,46482100,34579600,13985500,21836000,5154300,25884500,19971200,35109200,14464000,356900,2496500
2025-10-06,54623300,41962100,31507400,12812500,17890500,6319600,28371000,19553600,29485100,17093700,179600,4154400
2025-10-07,72020100,58209500,31766600,9075000,18605600,5119900,29103300,29459500,27672300,16836800,241800,4546200
2025-10-08,60702200,50629800,25825000,11159400,15391200,5141900,22506200,22462100,34932200,28052300,292500,3325100
2025-10-09,66501900,45551000,26243100,10567900,24685200,7130600,21578700,29660700,65586700,33674800,168400,3122700
2025-10-10,159422600,97614800,70569400,26137200,67908200,10417700,59389400,39146400,83840400,24192800,464200,3996300
2025-10-13,79560500,65872600,36298600,11132900,34717200,5607600,28035500,11235900,31926800,18514400,282700,2809800
2025-10-14,88779600,69203200,45320800,15119000,36062800,7650600,29800000,43975300,63860100,18409600,205300,3047700
2025-10-15,81702600,62805500,45369000,15005400,31145700,7769300,31333900,45017200,59802200,20598300,164500,3026500
2025-10-16,110563300,70982000,52740400,24970300,29782000,11627200,39631200,39858400,75725200,33621400,279200,3719100
2025-10-17,96500900,72024900,55379500,16789400,24373600,12491000,40240400,35433500,70044200,62025000,1650600,2945200
2025-10-20,60493400,45761700,32545000,12951100,29450600,10437800,28429300,26361100,43762300,34523000,185200,2036800
2025-10-21,56249000,44538200,26337900,16644300,27091800,7642000,24514300,27353800,45418100,54101400,534200,2829500
2025-10-22,80564000,61478800,46578400,15028600,23595100,6523500,30496200,41003600,50698600,30524100,397200,2490400
2025-10-23,65604500,42844300,28591000,10584400,19655800,6138300,28275100,27558500,37962400,13695500,472300,2687000
2025-10-24,74356500,47632500,26627000,8967800,19506300,7555200,28266000,29474600,39905600,13263800,268900,2619500
2025-10-27,63339800,54098600,31798100,10612600,24016300,7272300,30033600,23513400,36495000,23657600,294900,2921900
2025-10-28,61738100,61195700,28075900,9187600,25911500,5539600,23564500,34236300,31591400,19257600,181200,4635700
2025-10-29,85657100,67422800,56235300,17914300,32924600,11223300,39551600,36236000,51827100,18891800,191000,5649700
2025-10-30,76335800,61628600,44538700,13967800,22532800,8958800,42649200,46045200,39967300,14812800,183000,5183100
2025-10-31,87164100,66305100,37214700,19459200,29316400,9739900,38247300,57255300,45044600,11077900,611000,3982700
2025-11-03,57315000,37154300,28887900,10681400,18735900,8012500,40752300,53372100,54615100,7254300,786100,4522900
2025-11-04,78427000,63830800,34468700,10349000,25655800,6119000,26383800,62636700,49705000,11540100,480200,4058700
2025-11-05,74402400,48688500,38229200,12451300,22362000,11749200,44643400,43258300,42273700,8357300,375600,2885900
2025-11-06,85035300,72115100,40601200,16176000,24880700,7665000,33027400,37814800,46629200,6891100,556000,3421600
2025-11-07,100592400,81835400,54978900,13976900,32432300,11460300,28530100,42671600,47233800,11060400,305600,5277800
2025-11-10,75842900,55919900,31238000,15682400,27712200,9097300,24093500,45229000,51875200,13456200,254400,3398100
2025-11-11,58953400,44868800,27357900,12959400,22791800,4937700,18942300,11282600,17001100,10753200,268300,3190200
2025-11-12,62312500,47444400,34543200,9532200,24137600,7188200,23594900,39067900,43962900,16203700,808900,3652300
2025-11-13,103457800,71333600,65710000,15864800,29877500,46965300,33825900,34125900,53631300,15867900,291100,3734400
2025-11-14,96846700,80087300,58344400,17396400,27660000,11288500,38550500,31437600,40853500,15198000,787700,3662800
2025-11-17,90456100,63850400,55765900,18850900,24765100,6648500,25605800,34343300,42954200,13295200,353400,4071900
2025-11-18,114467500,83327300,63092500,22482300,29360300,8769000,31967400,30566000,44098700,7818800,352200,4281500
2025-11-19,94703000,73111500,57280500,15425200,20897700,13075900,25782400,29144800,33510100,10980400,965000,4029400
2025-11-20,165293500,117743200,95483000,26720600,32026400,9076400,32945000,49362200,65471200,10506500,287000,5316600
2025-11-21,123956200,103344200,99504100,27211400,40328800,12551100,41938600,41000500,62331700,13194600,528600,5770400
2025-11-24,80437900,60168100,36135300,18550900,33650600,6903900,30865700,28437900,38964900,10085300,516300,3330800
2025-11-25,81077100,57560900,46160800,19903700,25248200,9193400,36503300,47560900,56524800,10462800,224600,4230300
2025-11-26,71879600,42393600,34636600,13481200,22161600,7747100,34099000,24585400,27454800,9184100,983400,3298000
2025-11-28,49212000,23034400,18911800,8136000,15057500,7798000,40704300,25471200,29430800,7175400,236100,1627100
2025-12-01,61201200,40957600,36920000,21791500,17854000,9898100,47086600,24610100,45274800,11177100,679600,3120800
2025-12-02,62953800,54541800,31918500,14267600,22523100,7317200,27605700,34955000,38842600,8103900,525000,2736900
2025-12-03,57238500,47841600,32846300,14439800,16750200,6855100,23278600,20997800,35019100,7886800,140800,3204000
2025-12-04,61970300,47067800,40245800,13862900,14443500,8928900,25541500,29846500,34777400,6754400,195700,4837500
2025-12-05,79241000,53614200,36956600,15829800,20114400,9118700,32808100,25470000,30486800,9449800,502700,3859800
2025-12-08,55231500,43462400,29100000,13589200,29055600,14728300,32255200,28815200,43160800,6822100,784600,3971700
2025-12-09,58310100,37156000,30170100,15966700,17789200,8509200,25771800,29239900,30558800,6358700,294700,4194000
2025-12-10,85671300,55031400,51105200,21171700,35022900,13356900,46833500,34019300,53052100,9120500,387200,4633300
2025-12-11,86173700,58272800,41345200,19221400,22013500,8672800,26778700,41927200,44546400,11240600,534800,5207200
2025-12-12,113160300,75158700,57657700,20514900,30590000,8348700,47030100,39040100,45566100,16792100,425800,3855900
2025-12-15,90811000,49538200,43120100,22751500,29137000,6117000,28611800,22151200,28983600,11345000,252700,3914800
2025-12-16,122030600,55152800,43115300,29380500,38180700,7456400,41018700,31692600,27908000,9201600,392500,3717900
2025-12-17,110625200,70654300,38132400,34926000,35740800,5673200,24668300,22248000,36999700,10456900,504000,3715300
2025-12-18,108650100,78875800,39068000,29971400,29985700,7357600,39048900,31844300,52680500,11837600,211500,3818000
2025-12-19,103599500,60369800,43610400,31094700,28831700,5806600,37858100,28594900,34413300,9894800,282700,4162000
2025-12-22,69556700,43703100,40497300,15861200,21645200,4672800,25547100,17335000,37203900,14202100,511600,3593800
2025-12-23,64840000,41120400,24973500,16485700,25319700,5093900,33624100,16137300,24341800,13193300,642400,3955900
2025-12-24,39445600,18468700,12103000,5609700,9565300,3967700,25942000,6400600,10533500,6718400,362800,2730800
2025-12-26,41613300,28959800,17429900,9304200,11352000,3491500,26522700,10589300,10922900,10476200,686500,2065600
2025-12-29,62559500,32458300,25218800,16705400,18816700,5034600,29399800,18943900,22012700,20679200,539300,2604000
2025-12-30,47160700,31226800,22123600,15877000,24643000,4108600,25106800,21486400,20146700,10179000,597600,2813400
2025-12-31,74144800,40746500,35352000,27618000,20000900,6802100,36500000,19124600,17457100,10194700,931400,3301700
2026-01-02,89377200,61859200,40007700,42922400,38255900,6611800,40731300,25676200,28403300,10372600,825300,3524400
2026-01-05,71927200,46828400,37428100,25187000,37082500,8693200,30178000,27771000,38563200,13410600,860000,5501600
2026-01-06,69273800,43137500,40677800,14557900,29801700,12834100,39015200,31037300,31721500,11640900,581700,4889800
2026-01-07,75588300,44880300,33052000,15468900,26931300,7990900,39930900,28107400,27022700,10589500,660000,6668200
2026-01-08,64019200,50435900,37957000,14090500,27719800,6931700,28204900,26395600,33516900,8705900,776600,5165900
2026-01-09,80125500,49688700,36301500,16001700,31540700,10277300,57348800,29660300,31849200,14011200,220500,4126100
2026-01-12,63976000,37388700,28423400,15313500,47304300,6360600,36103100,28990100,23983600,20904100,320900,3342500
2026-01-13,78309700,44481400,33882400,17697700,34414900,7622500,30451400,31139200,27607400,16681200,826200,3085200
2026-01-14,94676700,72598700,37164300,19947400,45156200,7331200,39233500,27251900,42994000,18305500,1316500,3535400
2026-01-15,77862000,53934900,33465200,24662400,60438100,6172500,37988900,34534800,30412400,14253200,490100,3845600
2026-01-16,79289200,61058100,33844900,18699200,30624000,11979300,46382400,38762100,52466300,20951600,506600,4819500
2026-01-20,111623300,81988900,47911500,26893300,37026900,13607700,66009500,43500200,38653400,21308100,427900,4648700
2026-01-21,127844500,79837900,59952800,26150500,44193800,11969000,51220100,38616500,42023500,38830200,693400,6140200
2026-01-22,77112200,42254800,35110800,16592800,33731400,10209500,42419300,36342900,35231900,19251200,409300,3922700
2026-01-23,63059600,43645800,42636700,16753500,31584700,8147500,35968800,30615300,38360500,21531900,890600,2838200
2026-01-26,60473800,35983000,32119300,14959300,37945000,6803800,38882400,23629800,27027500,34156000,749000,3004300
2026-01-27,55506100,38997200,26975500,19754300,62222300,9857200,35180100,27166000,22961500,28386200,928600,3217100
2026-01-28,61172200,50691700,37139100,21938700,52067700,17032400,38750300,31045900,35559200,44154600,557400,4520400
2026-01-29,97486200,79944000,43922900,29236200,70851900,11049100,43855000,45815500,38201600,69970900,1001600,7283700
2026-01-30,101835100,65650700,59164200,27813400,73861200,8238500,45832200,39631400,59848000,86593500,2266600,4617900
2026-02-02,79286500,49020300,42896200,21725500,44512300,8987100,38171400,35480300,42890700,41626200,3064300,5280500
2026-02-03,107904600,81234000,54588000,23625500,41132300,7313800,27438200,32761700,49372700,28703500,1165100,4821700
2026-02-04,105204600,81850700,48826500,25576700,50852400,7268600,37872900,31344400,42829400,24427900,1310400,3941100
2026-02-05,113610800,89354500,48279600,22760200,50880900,12086800,50268900,23929700,75554200,17718100,916100,3588500
2026-02-06,89127600,78019300,43354900,17343700,37534800,7759900,33461800,29022200,40915900,12663900,913000,3638600
2026-02-09,73885200,56797600,29064800,20137400,35324300,8165100,24708900,27356900,33716900,12330900,630400,3021500
2026-02-10,65185700,53938900,24661700,16861700,32247100,9752300,37253700,34509800,37886100,7861600,383500,4266300
2026-02-11,76353900,58575100,41829400,20493500,38158900,9106600,37014000,29955300,27272300,11209600,1026000,4425400
2026-02-12,118829000,81378900,47628200,29385300,48070600,13099900,48454900,39724200,48457000,20488800,1756500,7469400
2026-02-13,96267500,69237500,45360300,22651300,40091300,11681500,56785200,33609900,36612400,12359300,250700,3906800
2026-02-17,81354700,69013800,33734800,19647200,38127200,8623800,32356700,33132600,35682000,10976100,387600,3614800
2026-02-18,73570300,64250700,36034700,16099000,29966900,7778800,35415400,40087000,33943100,10226300,408500,4163300
2026-02-19,58649400,60960800,31006000,15994100,38043800,4993000,28658600,30394400,29531000,8411400,278800,2646600
2026-02-20,100034000,74127300,47126600,25737500,56421600,11200200,49610800,44837400,37959800,14316300,350500,2840700
2026-02-23,90558100,63859100,44001100,14151800,36573400,9862900,33614600,33323600,33666000,17441600,747300,3646100
2026-02-24,73798700,55023700,34884200,17358000,44407300,9493300,24933900,37797100,54979900,14147100,778600,3788500
2026-02-25,56369500,55710700,26012100,14783800,42201200,8762700,23625800,33682200,29428200,12954300,785400,3297000
2026-02-26,71671000,96178900,41206500,28482700,52083200,8177300,29447100,33031800,54533600,12375000,386400,3761600
2026-02-27,83308900,68125200,40631500,25575500,34830100,9970300,51272000,48343700,62450000,16795100,467900,4707900
2026-03-02,87477200,75264600,53495700,38046600,46879900,17709600,55465500,54854600,74327000,19916600,1707300,5477700
2026-03-03,105003100,97015500,59537000,52567300,99942900,13708500,51850400,78775000,118126800,22591500,1299200,4832600
2026-03-04,79182200,70943900,37979700,30766400,74073300,12535500,47069500,49023300,58694100,9985900,539700,3896700
2026-03-05,106606500,89602400,60414600,34508300,81396900,12599700,45768900,47318400,79841000,11674800,1300900,4637600
2026-03-06,100687000,86302300,64192000,27734400,55731800,12758200,58136900,58242900,82125600,10489800,4462900,4606000
2026-03-09,102667700,93068200,65369500,37484700,65072500,12134400,52478700,44312100,88695000,8829800,5116100,4971400
2026-03-10,81505300,64078900,55879100,44802900,56415100,10571300,48651500,71501200,67499600,9616800,2497600,5106500
2026-03-11,68441700,60114800,50418100,21345300,35658200,12197600,54679900,66523500,59983500,7522900,1225700,4686600
2026-03-12,108882200,71836600,61802900,34724600,53035000,11401400,48977000,72750200,68674300,11900600,1770100,3933900
2026-03-13,97200200,63145500,53933300,27628100,47897100,11839700,43460000,54605100,68652900,11741600,1135600,4063300
2026-03-16,82023100,49077200,48755700,17384000,36204900,9092100,37341500,65430000,57535600,8964100,1232000,3479300
2026-03-17,87128000,47106600,40642800,16411500,24929100,7209700,19578100,53953900,47967800,7610100,449800,2960900
2026-03-18,82062600,56128000,43192600,26644800,37207400,13048700,37596600,60360000,50281900,18375600,873400,2838600
2026-03-19,111272500,75597600,59219500,34858300,50957600,18464600,60307400,60271200,103981600,30206000,1052100,4704900
2026-03-20,163617500,91964700,76749900,45493400,78534200,20761500,78948500,66608900,109084800,27204900,1959900,6295400
2026-03-23,134802700,89936100,78746600,40781200,61193400,28336300,69686700,54512800,79015800,36796800,2131000,6256500
2026-03-24,96457500,57750900,45210800,22695800,37191900,19785600,51799400,46515300,71941600,17478500,1491900,3917100
2026-03-25,90653800,60475500,45671700,20476300,36444000,15939200,37861000,48616300,49917700,15713200,910100,5061200
2026-03-26,96494400,81492100,46830200,19676500,42794900,12897300,39537000,42072700,74979300,15756300,569700,6108000
2026-03-27,103649400,82702200,48114400,22341100,38596100,11401900,39928900,42578500,68174300,16580700,595300,4435200
2026-03-30,99275900,70602600,51290500,16136400,32281500,15430000,36473200,42677000,55210700,13172100,1067800,5474800
2026-03-31,152534100,95878000,58660800,39448000,64809400,18649700,47112200,57883800,101521300,14534300,6393700,4928400
2026-04-01,97841500,79435100,51295900,27123200,51176300,13557600,31157600,37445300,69789200,14133100,7866900,4412000
2026-04-02,68358700,50941700,30369200,17276100,33449800,13171300,33310600,27148600,53828200,10838600,1765000,3288900
2026-04-06,39105800,35108500,22151400,11810900,19981700,6104900,14660300,29080500,37098300,5417300,1310900,2537600
2026-04-07,69980400,49948200,34881900,19809700,28112800,6737500,22747200,41258900,47264100,7263500,2210100,3184800
2026-04-08,93606100,63086000,46680200,22300800,50444800,12107400,22244900,63694700,58556400,9689700,3558100,5049600
2026-04-09,57134400,37837500,26758400,14958400,35719500,11065900,18909100,39122000,45207500,6748500,948000,3845600
2026-04-10,42253500,34038500,22365900,8670300,20508400,4404800,13247700,22857000,33005600,6193300,496600,2568500
2026-04-13,54185800,32972100,23820000,19346900,24457400,4300200,12719700,19904200,38561400,5549400,1206800,2036000
2026-04-14,63480500,49921100,24270400,16581000,23734200,5239800,16606900,29507800,42038000,8731700,958000,1921100
2026-04-15,58240400,50102400,21670600,8786300,26278700,5592900,15119600,30074300,47834900,6455900,770300,2758800
2026-04-16,49972400,42320600,30847900,13227600,32327600,6618900,20001000,25833300,37743400,5350100,556700,2005200
2026-04-17,70661900,53488900,46462700,17321500,46228600,6912900,29604100,44767700,61651600,9712000,4703400,2584300
2026-04-20,43546800,37138500,22993900,12896100,20045600,3868800,14623500,19935900,21104400,8473000,1226200,2246600
2026-04-21,58941400,39580500,32235200,18105400,25552600,4872900,19798700,26008100,58623500,9480000,804300,3236100
2026-04-22,42518500,37368400,20274300,9990800,19635300,4121400,13676800,17815000,28004500,5178100,1232600,2708600
2026-04-23,56174000,40099800,32886600,15773900,33271500,6795600,21106700,25668600,49921700,4976400,1074300,3437500
2026-04-24,45182000,45563100,21568600,14219400,26360600,5490000,22285700,23212600,33626300,5924100,974000,1994300
2026-04-27,33135900,32717000,23399400,10091700,14689400,4055500,19250100,21833200,24643700,6105200,1478500,2521200
2026-04-28,43117400,34147900,24139400,11008800,20628900,4867700,14553600,25603500,36382400,7723400,1564500,2867600
2026-04-29,41859200,31724900,29428900,10986800,21066100,7200300,29020800,21800900,56809400,6452600,1886200,2903100
2026-04-30,67240900,40622200,29220700,16585800,32197000,10382400,28516200,45530700,51626100,6732800,2145400,3730200
2026-05-01,43049800,39172600,28936700,14447200,22489200,5359200,21281000,34755500,43740400,5911500,1626300,3248800
2026-05-04,51950600,34542000,28632300,21026300,19751800,6593900,27226000,21983900,35069300,7285700,2479300,3595200
2026-05-05,36933200,37101100,24863200,12347300,18701000,11281600,18226500,33609700,26357900,4279900,699700,2536800
2026-05-06,53288900,38778500,23330300,14755500,35376400,9031100,22530700,28417400,38323100,7013900,1739900,3238800
2026-05-07,51724600,43779100,28350400,19257500,34734700,5610100,21178300,24184900,44772900,6816200,5368300,2739700
2026-05-08,47227100,44320400,22474300,12280100,27606300,3215100,30797600,17503300,29715200,5380800,1309900,2186500
2026-05-11,44024000,36019100,20150400,10717500,14667100,4025400,17713700,23050600,34366600,5569100,3213600,3868500
2026-05-12,54185300,45873000,27404600,15770900,37773400,5686700,27680600,26579400,37418900,6660900,1301900,2325100
2026-05-13,44200200,40012500,20742300,9578900,26065400,3459200,26295100,19083000,33257100,4180300,777700,5047300
2026-05-14,45307600,33327500,17428700,8943600,21184400,5167300,25247200,18038000,27235600,4021400,679000,2521700
2026-05-15,60410800,51792700,35408000,17916800,34830900,12498700,50796000,49718000,54466000,9360400,832200,4543700
2026-05-18,47843900,49834500,27243300,15944000,37739800,8422900,26166200,31145200,38596100,5628300,1514300,2766100
2026-05-19,54255900,46827500,30276900,13211800,37009400,10069800,35346600,36965500,42904700,5419400,960000,2092700
2026-05-20,45768000,36779200,31562000,16511800,32484700,14892500,44498000,34281700,58906300,6005000,1344200,2655000
2026-05-21,43332200,36415400,31680500,14357600,28726400,7762000,24887000,25440400,37584600,4679900,751900,2493900
2026-05-22,41762000,33118600,23849300,12012200,30851000,6321900,27987700,19668800,22429400,5528400,863100,3549600
2026-05-26,41123600,34254700,24506500,12884900,25457000,5494400,22531200,23730300,30406100,5098400,1488800,3193000
2026-05-27,42106300,35148700,24519900,12599500,31991500,5958800,23589600,16208400,22523800,6624600,936800,2509300
2026-05-28,41562600,32840000,23710600,13606000,33058600,5938300,25417300,24176800,32001600,7184100,918700,2898600
2026-05-29,55075700,37541700,26952800,16926000,32143100,9639700,33118600,26551200,39142200,7705700,1035300,3342700
2026-06-01,43634900,33890600,23826100,17412600,31731100,8054100,26322400,19298000,32671000,6158900,1643000,3953200
2026-06-02,31581900,30085200,18378800,8400600,16577400,15426600,20319000,14394700,25237500,3823900,715900,2143400
2026-06-03,51402500,40270200,29167300,11807100,22147100,7056500,15372000,24018700,28203400,5038000,507500,2620300
2026-06-04,49923000,40782600,24307800,10158700,21260300,4417900,15866500,17881600,22697900,4646500,781200,3786900
2026-06-05,93989400,99606600,35812800,16937500,56184500,9880800,26461200,30790300,46035600,11473900,1126100,3650300
2026-06-08,49319100,47401500,27277400,13550300,29088400,5352200,22922700,21944000,25217800,8057300,654200,2774600
2026-06-09,87683500,91932200,41761300,21878000,42106700,8007300,22617700,37925400,34705500,9567300,2689200,3446800
2026-06-10,60341300,65334300,39285000,22737700,37541900,5804900,21258300,20870100,30345200,13956200,930800,3787000
2026-06-11,86330500,71798900,41468800,20415000,41505700,11281600,35190500,34849400,55089500,12622500,1377400,3896700
2026-06-12,57079500,51168400,34415200,14219900,39782800,8861800,23092600,23423000,29873300,7532600,1080700,1985700
2026-06-15,60176400,46710200,23889000,14053600,37751500,3787600,17632700,27040500,32019600,10477100,1070000,3067400
2026-06-16,67093100,45348700,23807700,12047000,31283500,4675000,26472500,24297100,24471900,6004000,463800,2619900
2026-06-17,85945200,51669300,39920100,20717600,36131300,11508300,34507500,31079300,47184800,13343000,1454800,2859900
2026-06-18,80875700,50154600,32463200,15466300,49998100,6836500,32350900,41725500,41111700,7627300,1121200,2666300
2026-06-22,46628100,43518600,22796200,9596200,25302200,4572200,28595100,22557300,26479500,7835100,585400,4479200
2026-06-23,66846800,53354200,26821700,17425700,39069000,6504600,19145500,27509300,29811300,7389600,572900,3173300
2026-06-24,57439500,52480400,28664900,12504200,22973300,5179800,41837000,31462200,38841000,12741700,1050800,4831600
2026-06-25,53934400,49668000,27599900,13135400,24474400,5630500,28380000,33772500,29322400,9137100,529600,4014600
2026-06-26,71034000,47081800,39832500,21219200,24158700,5584100,21650800,26033500,27647500,5603300,522300,3884800
2026-06-29,58035200,44939100,24834100,10788600,18609700,5901500,19457200,43883300,37325700,5006300,728700,3136300
2026-06-30,55626000,42121800,23230300,16945900,20384300,8034000,31079500,32665400,38103900,5302100,1480300,5313100
2026-07-01,47100900,40803800,20607900,13487100,28146700,7890500,28109800,25563100,38152300,9058300,1940200,5198000
2026-07-02,57447800,50959800,21178900,12686000,34258700,7605500,20816300,18406000,26111800,7592900,830200,3560200
2026-07-06,50673300,30220400,18581300,9803200,24039300,4600500,17940900,17471600,25159400,3906500,774900,4493400
2026-07-07,43721500,42483100,18057100,10714800,26285100,5813600,24816400,32025000,28558300,4815400,781000,2809500
2026-07-08,43767400,35603200,24078400,8642800,20723500,5509600,25806600,31080600,30771300,7728500,1394400,6050100
2026-07-09,41441700,33654700,16466800,7586400,19566800,3223100,18625300,24612700,21882200,4754600,448800,2470000
2026-07-10,42191300,26415900,15888500,8286800,18694800,6507600,14454100,34114000,24550300,5455400,509700,2539600
2026-07-13,44013600,36552400,19375500,10953700,25474800,5769700,18742500,29936100,32133300,7161700,770500,3473600
2026-07-14,35143100,29448100,18326900,9932200,18557800,5315900,23793500,33688900,28248700,6303400,867800,2307500
2026-07-15,43844800,32627600,18832700,7415800,30073900,6735500,17837800,27178700,26948800,7683700,609200,2325300
2026-07-16,46409800,39402000,24081300,9966800,21565700,4841200,20817800,33413200,22780300,9048000,521700,3254200
2026-07-17,62651000,54109300,28738500,10969800,35145100,7561300,22065600,25761500,42020100,6456600,4318800,3011800
2026-07-20,50422300,29687600,20539900,14834400,19269600,3784800,24289000,29445700,19767900,3922500,809000,2178500
2026-07-21,34324300,33728300,18190200,9826900,20839300,2786200,14287500,26033300,27198800,6070600,924700,2882900
2026-07-22,32836200,23692200,19116000,14694400,13399800,3428200,15988400,20115500,24851700,7115100,1198400,1881800
2026-07-23,55437300,44028600,27795100,12596100,13003300,5002200,29152800,35690700,52554200,9820600,1268000,2044000
2026-07-24,44782000,42876700,19771000,9032100,20525600,5092700,15106000,27980000,41964600,3852400,817400,3205100
2026-07-27,41461200,42681500,19445500,9299900,23439900,4046300,23816200,33698100,28939800,3700000,820900,1915100
2026-07-28,47322200,51398700,20531100,9580400,28991800,3320700,25366900,23347600,33698300,4819300,533000,3292500
2026-07-29,70697200,57233300,33297400,11646400,32436600,5391000,41445200,44523200,53074500,11839900,1143500,3797200
2026-07-30,66811300,66753700,22198800,13263500,42233300,3973000,40407300,30975700,30570700,5968400,640900,3839500
2026-07-31,62445900,50540500,28350700,14260700,31148600,8490100,50359800,40904000,38659800,6825900,1294100,3529300
2026-08-03,59927500,44965100,23175700,9956800,21829600,5758500,32050800,30003200,30860100,4968900,1391100,3229500
2026-08-04,58652412,58988820,20364920,8723538,25184848,5461063,38351649,29064765,44483266,5592260,1680574,4135232
