Date,HMM state 0,HMM state 1,Reference stress,Market phase,Window
2019-01-02,0.014130127599645978,0.9858698724003541,0,Bear,fixed holdout
2019-01-03,0.01436018998494997,0.98563981001505,0,Bear,fixed holdout
2019-01-04,5.883002385994271e-05,0.99994116997614,0,Bear,fixed holdout
2019-01-07,0.0041721782887001214,0.9958278217112999,0,Bear,fixed holdout
2019-01-08,0.006832131335497022,0.993167868664503,0,Bear,fixed holdout
2019-01-09,0.011053394457256284,0.9889466055427437,0,Bear,fixed holdout
2019-01-10,0.04401862258952748,0.9559813774104725,0,Bear,fixed holdout
2019-01-11,0.12321819987569567,0.8767818001243043,0,Bear,fixed holdout
2019-01-14,0.15635769214592177,0.8436423078540782,0,Bear,fixed holdout
2019-01-15,0.2707058674544901,0.7292941325455099,0,Bear,fixed holdout
2019-01-16,0.6085513871836453,0.3914486128163546,0,Bear,fixed holdout
2019-01-17,0.9107448376294177,0.08925516237058234,0,Bear,fixed holdout
2019-01-18,0.9878861768912061,0.0121138231087939,0,Bear,fixed holdout
2019-01-22,0.9867083068203667,0.013291693179633253,0,Bear,fixed holdout
2019-01-23,0.997340930402489,0.002659069597511088,0,Bear,fixed holdout
2019-01-24,0.9987710438667048,0.0012289561332952633,0,Bear,fixed holdout
2019-01-25,0.997623117001854,0.0023768829981459625,0,Bear,fixed holdout
2019-01-28,0.9985079699778402,0.0014920300221598058,0,Sideways,fixed holdout
2019-01-29,0.9993254349719286,0.0006745650280714037,0,Sideways,fixed holdout
2019-01-30,0.9929001840626147,0.007099815937385243,0,Sideways,fixed holdout
2019-01-31,0.9978289906835549,0.002171009316445084,0,Sideways,fixed holdout
2019-02-01,0.9990698541961358,0.0009301458038641401,0,Sideways,fixed holdout
2019-02-04,0.9994316099097679,0.0005683900902321247,0,Sideways,fixed holdout
2019-02-05,0.9994963118956088,0.0005036881043912085,0,Sideways,fixed holdout
2019-02-06,0.9994624097512679,0.0005375902487320963,0,Sideways,fixed holdout
2019-02-07,0.9992797222004526,0.0007202777995474174,0,Sideways,fixed holdout
2019-02-08,0.9996615088542438,0.00033849114575628845,0,Sideways,fixed holdout
2019-02-11,0.9997437743463573,0.00025622565364266105,0,Sideways,fixed holdout
2019-02-12,0.9995789939034659,0.00042100609653417093,0,Sideways,fixed holdout
2019-02-13,0.9998101444839732,0.00018985551602681612,0,Sideways,fixed holdout
2019-02-14,0.9998474669927733,0.00015253300722679335,0,Sideways,fixed holdout
2019-02-15,0.9995830789566098,0.0004169210433902007,0,Sideways,fixed holdout
2019-02-19,0.9998311000757517,0.00016889992424828134,0,Sideways,fixed holdout
2019-02-20,0.9998926822425012,0.00010731775749885957,0,Sideways,fixed holdout
2019-02-21,0.999829940206868,0.00017005979313203227,0,Sideways,fixed holdout
2019-02-22,0.9997628202263189,0.00023717977368106798,0,Sideways,fixed holdout
2019-02-25,0.9998812511599957,0.00011874884000427974,0,Sideways,fixed holdout
2019-02-26,0.999908088128086,9.19118719140661e-05,0,Sideways,fixed holdout
2019-02-27,0.9998705569371636,0.00012944306283635572,0,Sideways,fixed holdout
2019-02-28,0.9998699080585538,0.0001300919414461816,0,Sideways,fixed holdout
2019-03-01,0.999910155558036,8.984444196407313e-05,0,Sideways,fixed holdout
2019-03-04,0.9999300800869346,6.991991306538866e-05,0,Sideways,fixed holdout
2019-03-05,0.9999376097890214,6.239021097873412e-05,0,Sideways,fixed holdout
2019-03-06,0.9999072976177598,9.270238224019896e-05,0,Sideways,fixed holdout
2019-03-07,0.999876644575907,0.00012335542409302837,0,Sideways,fixed holdout
2019-03-08,0.9999337856700317,6.621432996829139e-05,0,Sideways,fixed holdout
2019-03-11,0.9994427117314051,0.000557288268594872,0,Sideways,fixed holdout
2019-03-12,0.9997850736751107,0.00021492632488933776,0,Sideways,fixed holdout
2019-03-13,0.9998204010979388,0.00017959890206129678,0,Sideways,fixed holdout
2019-03-14,0.9998138456355263,0.00018615436447374565,0,Sideways,fixed holdout
2019-03-15,0.999765407029082,0.00023459297091789138,0,Sideways,fixed holdout
2019-03-18,0.999875900196823,0.0001240998031769616,0,Sideways,fixed holdout
2019-03-19,0.9999085212824395,9.147871756051412e-05,0,Sideways,fixed holdout
2019-03-20,0.9999004663520457,9.953364795433626e-05,0,Sideways,fixed holdout
2019-03-21,0.999887709708203,0.00011229029179702435,0,Sideways,fixed holdout
2019-03-22,0.9954496715817657,0.004550328418234219,0,Sideways,fixed holdout
2019-03-25,0.999458437103727,0.0005415628962730407,0,Sideways,fixed holdout
2019-03-26,0.9996538939779153,0.0003461060220847846,0,Sideways,fixed holdout
2019-03-27,0.9997298700036751,0.00027012999632490986,0,Sideways,fixed holdout
2019-03-28,0.9998183875469133,0.0001816124530867197,0,Sideways,fixed holdout
2019-03-29,0.9998424884958461,0.0001575115041538923,0,Sideways,fixed holdout
2019-04-01,0.9998402314214165,0.00015976857858350028,0,Sideways,fixed holdout
2019-04-02,0.9999015716973496,9.842830265039579e-05,0,Sideways,fixed holdout
2019-04-03,0.9999229976820591,7.70023179409088e-05,0,Sideways,fixed holdout
2019-04-04,0.999934062116464,6.593788353599585e-05,0,Sideways,fixed holdout
2019-04-05,0.9999230201286594,7.697987134058718e-05,0,Sideways,fixed holdout
2019-04-08,0.9999472181437404,5.27818562595227e-05,0,Bull,fixed holdout
2019-04-09,0.9999388512940864,6.114870591355407e-05,0,Bull,fixed holdout
2019-04-10,0.9998724521792403,0.00012754782075966687,0,Bull,fixed holdout
2019-04-11,0.9998793027687467,0.0001206972312533699,0,Bull,fixed holdout
2019-04-12,0.9999193362055792,8.06637944208095e-05,0,Bull,fixed holdout
2019-04-15,0.9999301339396323,6.986606036771992e-05,0,Bull,fixed holdout
2019-04-16,0.9999164657021241,8.353429787590785e-05,0,Bull,fixed holdout
2019-04-17,0.9999346788295801,6.532117041992141e-05,0,Bull,fixed holdout
2019-04-18,0.9999422594286884,5.7740571311648366e-05,0,Bull,fixed holdout
2019-04-22,0.9999448587688542,5.5141231145817574e-05,0,Bull,fixed holdout
2019-04-23,0.9998662562633734,0.0001337437366266081,0,Bull,fixed holdout
2019-04-24,0.9999381271788838,6.187282111628036e-05,0,Bull,fixed holdout
2019-04-25,0.9999440110336164,5.598896638364227e-05,0,Bull,fixed holdout
2019-04-26,0.9999332850180184,6.671498198165459e-05,0,Bull,fixed holdout
2019-04-29,0.9999496629634729,5.0337036527055065e-05,0,Bull,fixed holdout
2019-04-30,0.9999552067272328,4.479327276714226e-05,0,Bull,fixed holdout
2019-05-01,0.9999336493439333,6.635065606674577e-05,0,Bull,fixed holdout
2019-05-02,0.9999470128542239,5.29871457761019e-05,0,Bull,fixed holdout
2019-05-03,0.999565582762918,0.00043441723708214513,0,Bull,fixed holdout
2019-05-06,0.9998499584555849,0.00015004154441509025,0,Bull,fixed holdout
2019-05-07,0.995886720504673,0.004113279495326954,0,Bull,fixed holdout
2019-05-08,0.9995280847556133,0.0004719152443867531,0,Bull,fixed holdout
2019-05-09,0.9997274091618265,0.0002725908381735897,0,Bull,fixed holdout
2019-05-10,0.9997203443288487,0.00027965567115133727,0,Bull,fixed holdout
2019-05-13,0.9739969283704122,0.02600307162958781,0,Bull,fixed holdout
2019-05-14,0.9907059982900633,0.009294001709936661,0,Bull,fixed holdout
2019-05-15,0.9962493220009129,0.003750677999087145,0,Bull,fixed holdout
2019-05-16,0.9986211997777819,0.0013788002222181314,0,Bull,fixed holdout
2019-05-17,0.9972994848018195,0.0027005151981805637,0,Bull,fixed holdout
2019-05-20,0.99828415734025,0.0017158426597499003,0,Bull,fixed holdout
2019-05-21,0.9984053762404193,0.0015946237595807664,0,Bull,fixed holdout
2019-05-22,0.9992046165253106,0.000795383474689419,0,Bull,fixed holdout
2019-05-23,0.9986781371127906,0.0013218628872094032,0,Bull,fixed holdout
2019-05-24,0.9992666171067505,0.0007333828932495108,0,Bull,fixed holdout
2019-05-28,0.9995667585899228,0.00043324141007715437,0,Bull,fixed holdout
2019-05-29,0.9996101378867703,0.0003898621132296648,0,Bull,fixed holdout
2019-05-30,0.9996905224805556,0.0003094775194443846,0,Bull,fixed holdout
2019-05-31,0.9996971754817098,0.0003028245182903269,0,Sideways,fixed holdout
2019-06-03,0.9998021086701606,0.0001978913298394248,0,Sideways,fixed holdout
2019-06-04,0.9990452080226462,0.0009547919773537947,0,Bull,fixed holdout
2019-06-05,0.9997344229705066,0.0002655770294933693,0,Bull,fixed holdout
2019-06-06,0.9997123602124688,0.0002876397875312227,0,Bull,fixed holdout
2019-06-07,0.9990667525862322,0.000933247413767739,0,Bull,fixed holdout
2019-06-10,0.9997547499773934,0.00024525002260653467,0,Bull,fixed holdout
2019-06-11,0.9998166909621549,0.00018330903784513047,0,Bull,fixed holdout
2019-06-12,0.999813658413482,0.000186341586518054,0,Bull,fixed holdout
2019-06-13,0.9997810471813787,0.0002189528186213465,0,Bull,fixed holdout
2019-06-14,0.9998407180019723,0.00015928199802771098,0,Bull,fixed holdout
2019-06-17,0.999882355983709,0.00011764401629103577,0,Bull,fixed holdout
2019-06-18,0.998655205199047,0.0013447948009529542,0,Bull,fixed holdout
2019-06-19,0.9997132229360286,0.00028677706397147183,0,Bull,fixed holdout
2019-06-20,0.9982977218934689,0.0017022781065311474,0,Bull,fixed holdout
2019-06-21,0.9992407305040131,0.0007592694959870025,0,Bull,fixed holdout
2019-06-24,0.9996550858684726,0.0003449141315273809,0,Bull,fixed holdout
2019-06-25,0.9989923731220071,0.0010076268779929416,0,Bull,fixed holdout
2019-06-26,0.9994931823205345,0.0005068176794654699,0,Bull,fixed holdout
2019-06-27,0.9992806713734388,0.0007193286265611874,0,Bull,fixed holdout
2019-06-28,0.9996983362333172,0.0003016637666828884,0,Bull,fixed holdout
2019-07-01,0.9997905008481913,0.0002094991518086308,0,Bull,fixed holdout
2019-07-02,0.9998132818749766,0.0001867181250233719,0,Bull,fixed holdout
2019-07-03,0.9997289876271253,0.00027101237287478893,0,Bull,fixed holdout
2019-07-05,0.9995038836021065,0.0004961163978935106,0,Bull,fixed holdout
2019-07-08,0.9996239844240756,0.0003760155759243615,0,Bull,fixed holdout
2019-07-09,0.9998011034609862,0.00019889653901385737,0,Bull,fixed holdout
2019-07-10,0.9995451648379879,0.0004548351620120903,0,Bull,fixed holdout
2019-07-11,0.9995420440950606,0.00045795590493938435,0,Bull,fixed holdout
2019-07-12,0.9997515840727981,0.0002484159272019765,0,Bull,fixed holdout
2019-07-15,0.9998406479303421,0.00015935206965795242,0,Bull,fixed holdout
2019-07-16,0.9997622690215874,0.0002377309784126011,0,Bull,fixed holdout
2019-07-17,0.9998724491704937,0.00012755082950638964,0,Bull,fixed holdout
2019-07-18,0.9998794107423773,0.00012058925762266914,0,Bull,fixed holdout
2019-07-19,0.9997507164506259,0.00024928354937420205,0,Bull,fixed holdout
2019-07-22,0.9998843268103167,0.00011567318968334439,0,Bull,fixed holdout
2019-07-23,0.9998803981547423,0.00011960184525767979,0,Bull,fixed holdout
2019-07-24,0.9998795958354743,0.00012040416452570935,0,Bull,fixed holdout
2019-07-25,0.9995940043189626,0.0004059956810374606,0,Bull,fixed holdout
2019-07-26,0.9997749152065535,0.0002250847934464837,0,Bull,fixed holdout
2019-07-29,0.9998738321328368,0.00012616786716325293,0,Bull,fixed holdout
2019-07-30,0.9999030411699367,9.69588300632934e-05,0,Bull,fixed holdout
2019-07-31,0.9997224285751776,0.00027757142482232885,0,Bull,fixed holdout
2019-08-01,0.9998849763089008,0.00011502369109915643,0,Bull,fixed holdout
2019-08-02,0.9998763360003831,0.00012366399961694758,0,Bull,fixed holdout
2019-08-05,0.9587306800924942,0.04126931990750582,0,Bull,fixed holdout
2019-08-06,0.9713211099078077,0.02867889009219217,0,Bull,fixed holdout
2019-08-07,0.994745551075414,0.005254448924586055,0,Bull,fixed holdout
2019-08-08,0.9665708281410512,0.033429171858948885,0,Bull,fixed holdout
2019-08-09,0.9835489837376044,0.016451016262395684,0,Bull,fixed holdout
2019-08-12,0.9951000410011049,0.004899958998895065,0,Bull,fixed holdout
2019-08-13,0.9927171809065907,0.007282819093409325,0,Bull,fixed holdout
2019-08-14,0.711586442750231,0.288413557249769,0,Bull,fixed holdout
2019-08-15,0.8220089558998931,0.17799104410010688,0,Bull,fixed holdout
2019-08-16,0.8431132848130395,0.1568867151869604,0,Bull,fixed holdout
2019-08-19,0.9497086457311538,0.05029135426884634,0,Bull,fixed holdout
2019-08-20,0.990248028031198,0.009751971968801898,0,Bull,fixed holdout
2019-08-21,0.9972299158013435,0.002770084198656433,0,Bull,fixed holdout
2019-08-22,0.9985319108661824,0.001468089133817606,0,Bull,fixed holdout
2019-08-23,0.991681775391697,0.008318224608302912,0,Bull,fixed holdout
2019-08-26,0.9963971793668902,0.003602820633109824,0,Bull,fixed holdout
2019-08-27,0.9987808785300338,0.0012191214699662353,0,Bull,fixed holdout
2019-08-28,0.9991344327096092,0.0008655672903908847,0,Bull,fixed holdout
2019-08-29,0.9989866382266851,0.0010133617733149324,0,Bull,fixed holdout
2019-08-30,0.9995251464789012,0.00047485352109875525,0,Bull,fixed holdout
2019-09-03,0.9996318820623429,0.000368117937657179,0,Bull,fixed holdout
2019-09-04,0.9965600765830909,0.0034399234169090755,0,Bull,fixed holdout
2019-09-05,0.9994153363814479,0.000584663618552102,0,Bull,fixed holdout
2019-09-06,0.9996709661497202,0.00032903385027981043,0,Bull,fixed holdout
2019-09-09,0.9997425746019935,0.0002574253980065666,0,Bull,fixed holdout
2019-09-10,0.9996859836077662,0.0003140163922338834,0,Bull,fixed holdout
2019-09-11,0.9997274759679631,0.0002725240320369831,0,Bull,fixed holdout
2019-09-12,0.9998436017008653,0.00015639829913472378,0,Bull,fixed holdout
2019-09-13,0.9997103617912827,0.0002896382087173363,0,Bull,fixed holdout
2019-09-16,0.9996193918422408,0.0003806081577591887,0,Bull,fixed holdout
2019-09-17,0.9998395121156323,0.00016048788436769874,0,Bull,fixed holdout
2019-09-18,0.9998552446351373,0.00014475536486268896,0,Bull,fixed holdout
2019-09-19,0.999894779502167,0.00010522049783307062,0,Bull,fixed holdout
2019-09-20,0.9999121046923759,8.78953076240734e-05,0,Bull,fixed holdout
2019-09-23,0.9999321010100489,6.789898995106868e-05,0,Bull,fixed holdout
2019-09-24,0.9999002712164259,9.97287835741509e-05,0,Bull,fixed holdout
2019-09-25,0.9999214552934826,7.85447065173911e-05,0,Bull,fixed holdout
2019-09-26,0.9999412072727795,5.8792727220565696e-05,0,Bull,fixed holdout
2019-09-27,0.9998888886897033,0.0001111113102967974,0,Bull,fixed holdout
2019-09-30,0.9999386041731608,6.139582683912384e-05,0,Bull,fixed holdout
2019-10-01,0.9998823250564106,0.00011767494358928308,0,Bull,fixed holdout
2019-10-02,0.9997870233220952,0.0002129766779047393,0,Bull,fixed holdout
2019-10-03,0.999565690407439,0.0004343095925610327,0,Bull,fixed holdout
2019-10-04,0.9991379840939374,0.0008620159060626098,0,Bull,fixed holdout
2019-10-07,0.9994764166873762,0.00052358331262386,0,Bull,fixed holdout
2019-10-08,0.9993635194560256,0.0006364805439743693,0,Bull,fixed holdout
2019-10-09,0.9996167095107171,0.0003832904892828868,0,Bull,fixed holdout
2019-10-10,0.9997737858229593,0.0002262141770406802,0,Bull,fixed holdout
2019-10-11,0.9995658421748832,0.000434157825116802,0,Bull,fixed holdout
2019-10-14,0.9998096001081205,0.00019039989187956958,0,Bull,fixed holdout
2019-10-15,0.9998369343389337,0.0001630656610662721,0,Bull,fixed holdout
2019-10-16,0.9998862477808954,0.00011375221910454486,0,Bull,fixed holdout
2019-10-17,0.999886997858432,0.00011300214156799935,0,Bull,fixed holdout
2019-10-18,0.9999119676374794,8.80323625206256e-05,0,Bull,fixed holdout
2019-10-21,0.999920800031368,7.919996863203026e-05,0,Bull,fixed holdout
2019-10-22,0.9999398487740673,6.0151225932703916e-05,0,Bull,fixed holdout
2019-10-23,0.9999372753105891,6.27246894109718e-05,0,Bull,fixed holdout
2019-10-24,0.9999483504108314,5.164958916868782e-05,0,Bull,fixed holdout
2019-10-25,0.9999551123702869,4.488762971304043e-05,0,Bull,fixed holdout
2019-10-28,0.999959864101121,4.0135898878919134e-05,0,Bull,fixed holdout
2019-10-29,0.9999600674366274,3.993256337270858e-05,0,Bull,fixed holdout
2019-10-30,0.9999509058988573,4.9094101142719316e-05,0,Bull,fixed holdout
2019-10-31,0.999962075745254,3.792425474599061e-05,0,Bull,fixed holdout
2019-11-01,0.9998720795488801,0.0001279204511198959,0,Bull,fixed holdout
2019-11-04,0.9999529877197227,4.7012280277245745e-05,0,Bull,fixed holdout
2019-11-05,0.9998963221746023,0.00010367782539757602,0,Bull,fixed holdout
2019-11-06,0.9999399241371163,6.007586288370843e-05,0,Bull,fixed holdout
2019-11-07,0.9999117056679918,8.82943320082652e-05,0,Bull,fixed holdout
2019-11-08,0.999939989272314,6.0010727685947845e-05,0,Bull,fixed holdout
2019-11-11,0.9999450560631075,5.4943936892586175e-05,0,Bull,fixed holdout
2019-11-12,0.999954140201672,4.5859798328083974e-05,0,Bull,fixed holdout
2019-11-13,0.9999571039782926,4.28960217074264e-05,0,Bull,fixed holdout
2019-11-14,0.9999535491594602,4.645084053970193e-05,0,Bull,fixed holdout
2019-11-15,0.9999412428608888,5.875713911128219e-05,0,Bull,fixed holdout
2019-11-18,0.999959348558667,4.065144133295628e-05,0,Bull,fixed holdout
2019-11-19,0.999961365709495,3.863429050504528e-05,0,Bull,fixed holdout
2019-11-20,0.9999628795221449,3.712047785503146e-05,0,Bull,fixed holdout
2019-11-21,0.9999548199278357,4.5180072164235035e-05,0,Bull,fixed holdout
2019-11-22,0.9999618586538127,3.814134618728153e-05,0,Bull,fixed holdout
2019-11-25,0.9999050059021671,9.499409783284646e-05,0,Bull,fixed holdout
2019-11-26,0.9999424805479302,5.7519452069761585e-05,0,Bull,fixed holdout
2019-11-27,0.9999567251188326,4.3274881167377765e-05,0,Bull,fixed holdout
2019-11-29,0.9998628815933301,0.00013711840666991873,0,Bull,fixed holdout
2019-12-02,0.999707578666862,0.00029242133313806494,0,Bull,fixed holdout
2019-12-03,0.9998791545252095,0.00012084547479051447,0,Bull,fixed holdout
2019-12-04,0.9998656312393833,0.00013436876061670796,0,Bull,fixed holdout
2019-12-05,0.9999153809416552,8.461905834482844e-05,0,Bull,fixed holdout
2019-12-06,0.9999053726943483,9.462730565158591e-05,0,Bull,fixed holdout
2019-12-09,0.9999285026784528,7.149732154718399e-05,0,Bull,fixed holdout
2019-12-10,0.9999424568949157,5.7543105084296985e-05,0,Bull,fixed holdout
2019-12-11,0.9999312866233648,6.871337663516613e-05,0,Bull,fixed holdout
2019-12-12,0.9999501723696496,4.982763035048364e-05,0,Bull,fixed holdout
2019-12-13,0.9999383482633643,6.165173663575688e-05,0,Bull,fixed holdout
2019-12-16,0.9999384315851488,6.156841485115976e-05,0,Bull,fixed holdout
2019-12-17,0.9999572006211332,4.279937886675369e-05,0,Bull,fixed holdout
2019-12-18,0.9999598148977581,4.018510224201495e-05,0,Bull,fixed holdout
2019-12-19,0.9999539870641709,4.601293582902734e-05,0,Bull,fixed holdout
2019-12-20,0.9999608050713613,3.919492863865241e-05,0,Bull,fixed holdout
2019-12-23,0.9999627229703103,3.727702968966016e-05,0,Bull,fixed holdout
2019-12-24,0.9999585937334068,4.1406266593249385e-05,0,Bull,fixed holdout
2019-12-26,0.9999422935771887,5.770642281138229e-05,0,Bull,fixed holdout
2019-12-27,0.999962223972078,3.777602792195371e-05,0,Bull,fixed holdout
2019-12-30,0.9999553351029996,4.466489700044741e-05,0,Bull,fixed holdout
2019-12-31,0.9999621654288722,3.78345711278467e-05,0,Bull,fixed holdout
2020-01-02,0.9998800583085424,0.00011994169145757316,0,Bull,fixed holdout
2020-01-03,0.9999532817316158,4.671826838420028e-05,0,Bull,fixed holdout
2020-01-06,0.999956492091202,4.3507908798118786e-05,0,Bull,fixed holdout
2020-01-07,0.9999482626441876,5.173735581252197e-05,0,Bull,fixed holdout
2020-01-08,0.999957090240683,4.290975931707574e-05,0,Bull,fixed holdout
2020-01-09,0.9999548128721057,4.518712789433699e-05,0,Bull,fixed holdout
2020-01-10,0.999958988764974,4.1011235025870846e-05,0,Bull,fixed holdout
2020-01-13,0.9999534641371294,4.653586287058719e-05,0,Bull,fixed holdout
2020-01-14,0.9999628906568835,3.7109343116478094e-05,0,Bull,fixed holdout
2020-01-15,0.9999599103708271,4.008962917288213e-05,0,Bull,fixed holdout
2020-01-16,0.999950003707374,4.99962926261071e-05,0,Bull,fixed holdout
2020-01-17,0.9999617309134007,3.826908659939642e-05,0,Bull,fixed holdout
2020-01-21,0.9999605317051351,3.946829486494871e-05,0,Bull,fixed holdout
2020-01-22,0.9999631399432002,3.686005679976919e-05,0,Bull,fixed holdout
2020-01-23,0.9999626139107755,3.738608922450867e-05,0,Bull,fixed holdout
2020-01-24,0.9999458753121158,5.412468788426597e-05,0,Bull,fixed holdout
2020-01-27,0.9992920072408874,0.0007079927591126487,0,Bull,fixed holdout
2020-01-28,0.9997783674715353,0.00022163252846481182,0,Bull,fixed holdout
2020-01-29,0.9998745608577453,0.00012543914225477234,0,Bull,fixed holdout
2020-01-30,0.9998998053435773,0.00010019465642279501,0,Bull,fixed holdout
2020-01-31,0.9991397910349605,0.0008602089650394022,0,Bull,fixed holdout
2020-02-03,0.9997998503651826,0.00020014963481738312,0,Bull,fixed holdout
2020-02-04,0.9992943769820465,0.0007056230179534158,0,Bull,fixed holdout
2020-02-05,0.9995806888236759,0.00041931117632413575,0,Bull,fixed holdout
2020-02-06,0.9997466862693838,0.0002533137306162194,0,Bull,fixed holdout
2020-02-07,0.9997746001254348,0.00022539987456514027,0,Bull,fixed holdout
2020-02-10,0.9997729177715445,0.00022708222845542442,0,Bull,fixed holdout
2020-02-11,0.9998525929335933,0.00014740706640665923,0,Bull,fixed holdout
2020-02-12,0.9998169197685289,0.00018308023147111467,0,Bull,fixed holdout
2020-02-13,0.9998977179439982,0.00010228205600184396,0,Bull,fixed holdout
2020-02-14,0.9999137751143977,8.622488560226801e-05,0,Bull,fixed holdout
2020-02-18,0.9999329475262775,6.70524737225065e-05,0,Bull,fixed holdout
2020-02-19,0.9999345739662517,6.542603374837032e-05,0,Bull,fixed holdout
2020-02-20,0.9999476853128916,5.231468710841253e-05,0,Bull,fixed holdout
2020-02-21,0.9999429964486913,5.700355130874595e-05,0,Bull,fixed holdout
2020-02-24,0.46225878258097397,0.537741217419026,0,Bull,fixed holdout
2020-02-25,0.004386171232906884,0.9956138287670931,0,Bull,fixed holdout
2020-02-26,0.043637504508777555,0.9563624954912225,0,Bull,fixed holdout
2020-02-27,2.011727722513671e-07,0.9999997988272278,0,Sideways,fixed holdout
2020-02-28,0.003960495775780158,0.9960395042242199,0,Sideways,fixed holdout
2020-03-02,4.38696896691521e-07,0.9999995613031033,0,Bull,fixed holdout
2020-03-03,0.0006658047534269324,0.9993341952465731,1,Sideways,fixed holdout
2020-03-04,1.4638992889464497e-06,0.9999985361007111,1,Bull,fixed holdout
2020-03-05,1.2719359358646384e-05,0.9999872806406414,1,Sideways,fixed holdout
2020-03-06,0.00015733625328270685,0.9998426637467173,1,Sideways,fixed holdout
2020-03-09,1.7970084868969014e-31,1.0,1,Bear,fixed holdout
2020-03-10,3.343675145238785e-09,0.9999999966563249,1,Bear,fixed holdout
2020-03-11,1.5173135737685594e-21,1.0,1,Bear,fixed holdout
2020-03-12,1.1651516643083297e-53,1.0,1,Bear,fixed holdout
2020-03-13,1.8678879693086383e-23,1.0,1,Bear,fixed holdout
2020-03-16,4.872827557026869e-64,1.0,1,Bear,fixed holdout
2020-03-17,5.994302558355951e-14,0.99999999999994,1,Bear,fixed holdout
2020-03-18,2.248836910397746e-39,1.0,1,Bear,fixed holdout
2020-03-19,3.3440507558735674e-11,0.9999999999665595,1,Bear,fixed holdout
2020-03-20,3.406226669561055e-11,0.9999999999659377,1,Bear,fixed holdout
2020-03-23,2.466374690060687e-10,0.9999999997533626,1,Bear,fixed holdout
2020-03-24,9.684357033562211e-33,1.0,1,Bear,fixed holdout
2020-03-25,1.6368223424841773e-13,0.9999999999998364,1,Bear,fixed holdout
2020-03-26,2.1657993999498072e-19,1.0,1,Bear,fixed holdout
2020-03-27,1.087992656019193e-12,0.999999999998912,1,Bear,fixed holdout
2020-03-30,1.839994357095443e-11,0.9999999999816,1,Bear,fixed holdout
2020-03-31,7.944042866261598e-11,0.9999999999205595,1,Bear,fixed holdout
2020-04-01,5.719301754586539e-19,1.0,1,Bear,fixed holdout
2020-04-02,1.1884884146444625e-10,0.9999999998811512,1,Bear,fixed holdout
2020-04-03,6.969996671579056e-10,0.9999999993030003,1,Bear,fixed holdout
2020-04-06,1.0470733968884832e-21,1.0,1,Bear,fixed holdout
2020-04-07,7.139228142571207e-09,0.9999999928607719,1,Bear,fixed holdout
2020-04-08,7.07724963666597e-11,0.9999999999292275,1,Bear,fixed holdout
2020-04-09,9.019175940641513e-13,0.999999999999098,1,Bear,fixed holdout
2020-04-13,1.4668038603292708e-08,0.9999999853319614,1,Bear,fixed holdout
2020-04-14,6.266112745812039e-09,0.9999999937338873,1,Bear,fixed holdout
2020-04-15,1.2103290335451345e-09,0.9999999987896709,1,Bear,fixed holdout
2020-04-16,4.5577192996526686e-07,0.99999954422807,1,Bear,fixed holdout
2020-04-17,1.1636425918962829e-07,0.9999998836357408,1,Bear,fixed holdout
2020-04-20,7.864298647336677e-08,0.9999999213570134,1,Bear,fixed holdout
2020-04-21,3.4445167143530486e-10,0.9999999996555484,1,Bear,fixed holdout
2020-04-22,1.2700321048001525e-07,0.9999998729967895,1,Bear,fixed holdout
2020-04-23,5.5061464567955575e-06,0.9999944938535431,1,Bear,fixed holdout
2020-04-24,1.2534168807011718e-05,0.999987465831193,1,Bear,fixed holdout
2020-04-27,1.7110795804359524e-05,0.9999828892041955,1,Bear,fixed holdout
2020-04-28,6.898801825885296e-05,0.9999310119817411,1,Bear,fixed holdout
2020-04-29,9.525406689748088e-08,0.999999904745933,1,Bear,fixed holdout
2020-04-30,4.056649573094027e-06,0.999995943350427,1,Bear,fixed holdout
2020-05-01,2.2204099196803155e-08,0.9999999777959008,1,Bear,fixed holdout
2020-05-04,6.227797514306071e-05,0.999937722024857,1,Bear,fixed holdout
2020-05-05,8.057584086616468e-05,0.9999194241591338,1,Bear,fixed holdout
2020-05-06,2.5399050200116554e-05,0.9999746009497998,1,Bear,fixed holdout
2020-05-07,3.5530362879127646e-05,0.9999644696371208,1,Bear,fixed holdout
2020-05-08,3.7225850781278696e-05,0.9999627741492187,1,Bear,fixed holdout
2020-05-11,0.00024643704169639174,0.9997535629583036,1,Bear,fixed holdout
2020-05-12,3.785738706045756e-05,0.9999621426129395,1,Bear,fixed holdout
2020-05-13,0.00017011330539453388,0.9998298866946055,1,Bear,fixed holdout
2020-05-14,0.0008409372107148605,0.9991590627892852,1,Bear,fixed holdout
2020-05-15,0.0025846236150904468,0.9974153763849096,1,Bear,fixed holdout
2020-05-18,4.385249496447282e-08,0.9999999561475051,1,Bear,fixed holdout
2020-05-19,0.0003387885863905088,0.9996612114136094,1,Bear,fixed holdout
2020-05-20,3.241650554943991e-05,0.9999675834944505,1,Bear,fixed holdout
2020-05-21,0.0005279932418866574,0.9994720067581133,1,Bear,fixed holdout
2020-05-22,0.002060411099239609,0.9979395889007604,0,Bear,fixed holdout
2020-05-26,0.0006794724452358504,0.9993205275547642,0,Sideways,fixed holdout
2020-05-27,0.0025187730936046815,0.9974812269063953,0,Sideways,fixed holdout
2020-05-28,0.008580587876530368,0.9914194121234697,0,Sideways,fixed holdout
2020-05-29,0.013091958435358986,0.9869080415646411,0,Sideways,fixed holdout
2020-06-01,0.011176927915579653,0.9888230720844204,0,Sideways,fixed holdout
2020-06-02,0.02665874549363793,0.973341254506362,0,Sideways,fixed holdout
2020-06-03,0.04783200832975016,0.9521679916702499,0,Bull,fixed holdout
2020-06-04,0.09301353271276662,0.9069864672872334,0,Bull,fixed holdout
2020-06-05,0.004005399993788944,0.995994600006211,0,Bull,fixed holdout
2020-06-08,0.01752444792879147,0.9824755520712086,0,Bull,fixed holdout
2020-06-09,0.05235937974807273,0.9476406202519272,0,Bull,fixed holdout
2020-06-10,0.17486090300936663,0.8251390969906334,0,Bull,fixed holdout
2020-06-11,1.6002073410334594e-16,0.9999999999999998,0,Sideways,fixed holdout
2020-06-12,5.1890678815161275e-06,0.9999948109321184,0,Sideways,fixed holdout
2020-06-15,3.120598471822202e-05,0.9999687940152818,0,Sideways,fixed holdout
2020-06-16,5.2453310592308316e-05,0.9999475466894077,1,Sideways,fixed holdout
2020-06-17,0.00022390782577879324,0.9997760921742213,1,Sideways,fixed holdout
2020-06-18,0.0005840409216628762,0.9994159590783371,1,Sideways,fixed holdout
2020-06-19,0.0011170532117681137,0.9988829467882319,1,Sideways,fixed holdout
2020-06-22,0.001386562607314396,0.9986134373926856,1,Sideways,fixed holdout
2020-06-23,0.004305126209515793,0.9956948737904842,1,Sideways,fixed holdout
2020-06-24,9.177091271470174e-06,0.9999908229087285,1,Sideways,fixed holdout
2020-06-25,0.0010470279510888395,0.9989529720489112,1,Sideways,fixed holdout
2020-06-26,0.00014501806664568136,0.9998549819333543,1,Sideways,fixed holdout
2020-06-29,0.0006206145463277845,0.9993793854536722,1,Sideways,fixed holdout
2020-06-30,0.0022868891431593753,0.9977131108568407,1,Sideways,fixed holdout
2020-07-01,0.005313801556535821,0.9946861984434642,1,Sideways,fixed holdout
2020-07-02,0.008253687013542624,0.9917463129864573,1,Sideways,fixed holdout
2020-07-06,0.0022100336381334234,0.9977899663618666,1,Sideways,fixed holdout
2020-07-07,0.005418211555171967,0.9945817884448281,0,Sideways,fixed holdout
2020-07-08,0.011474668576793431,0.9885253314232066,0,Sideways,fixed holdout
2020-07-09,0.032519666265133834,0.9674803337348662,0,Sideways,fixed holdout
2020-07-10,0.08831685984020612,0.9116831401597939,0,Sideways,fixed holdout
2020-07-13,0.05779821106601346,0.9422017889339865,0,Sideways,fixed holdout
2020-07-14,0.060011944347085684,0.9399880556529143,0,Sideways,fixed holdout
2020-07-15,0.07529239053215224,0.9247076094678478,0,Sideways,fixed holdout
2020-07-16,0.12120167495746254,0.8787983250425375,0,Sideways,fixed holdout
2020-07-17,0.33497698919491786,0.6650230108050821,0,Sideways,fixed holdout
2020-07-20,0.6874499834546112,0.3125500165453889,0,Sideways,fixed holdout
2020-07-21,0.9316071692718788,0.0683928307281212,0,Sideways,fixed holdout
2020-07-22,0.9909621552739268,0.009037844726073212,0,Sideways,fixed holdout
2020-07-23,0.997849718517138,0.0021502814828620845,0,Sideways,fixed holdout
2020-07-24,0.9987535824943488,0.001246417505651246,0,Sideways,fixed holdout
2020-07-27,0.9963139808610659,0.0036860191389340518,0,Bull,fixed holdout
2020-07-28,0.9989587913046534,0.0010412086953466848,0,Sideways,fixed holdout
2020-07-29,0.9929087204004416,0.0070912795995584045,0,Bull,fixed holdout
2020-07-30,0.9970263588068425,0.002973641193157488,0,Sideways,fixed holdout
2020-07-31,0.9989769659205823,0.001023034079417724,0,Bull,fixed holdout
2020-08-03,0.9990110540355582,0.0009889459644417476,0,Bull,fixed holdout
2020-08-04,0.9979635630311988,0.0020364369688012033,0,Bull,fixed holdout
2020-08-05,0.9993749228676885,0.0006250771323115735,0,Bull,fixed holdout
2020-08-06,0.999481104686667,0.0005188953133330144,0,Bull,fixed holdout
2020-08-07,0.9992231101934959,0.000776889806504218,0,Bull,fixed holdout
2020-08-10,0.9996359947200919,0.00036400527990811154,0,Bull,fixed holdout
2020-08-11,0.8885501993021643,0.11144980069783568,0,Bull,fixed holdout
2020-08-12,0.9225670515349729,0.07743294846502707,0,Bull,fixed holdout
2020-08-13,0.9819557496456277,0.018044250354372335,0,Bull,fixed holdout
2020-08-14,0.9959586222064971,0.00404137779350296,0,Bull,fixed holdout
2020-08-17,0.9912560528764349,0.008743947123565061,0,Bull,fixed holdout
2020-08-18,0.9979173482164053,0.002082651783594705,0,Bull,fixed holdout
2020-08-19,0.9895401030824167,0.010459896917583278,0,Bull,fixed holdout
2020-08-20,0.9967525666462005,0.0032474333537994724,0,Bull,fixed holdout
2020-08-21,0.9988127707869278,0.0011872292130722002,0,Bull,fixed holdout
2020-08-24,0.9987560298977999,0.001243970102200172,0,Bull,fixed holdout
2020-08-25,0.9994151126973535,0.0005848873026465447,0,Bull,fixed holdout
2020-08-26,0.9995681083488546,0.000431891651145424,0,Bull,fixed holdout
2020-08-27,0.9993976804013249,0.0006023195986749668,0,Bull,fixed holdout
2020-08-28,0.9990392270138068,0.000960772986193282,0,Bull,fixed holdout
2020-08-31,0.9994767855509389,0.0005232144490611142,0,Bull,fixed holdout
2020-09-01,0.9986548593409714,0.0013451406590285911,0,Bull,fixed holdout
2020-09-02,0.9994431635546939,0.0005568364453061312,0,Bull,fixed holdout
2020-09-03,0.1874173177598491,0.8125826822401508,0,Bull,fixed holdout
2020-09-04,0.11224157970538456,0.8877584202946154,0,Bull,fixed holdout
2020-09-08,0.0013104938314093034,0.9986895061685906,0,Bull,fixed holdout
2020-09-09,0.0007504958067029239,0.9992495041932972,1,Bull,fixed holdout
2020-09-10,0.001358353778538199,0.9986416462214618,1,Bull,fixed holdout
2020-09-11,0.01473656513019898,0.985263434869801,1,Bull,fixed holdout
2020-09-14,0.0033674753382257993,0.9966325246617742,0,Bull,fixed holdout
2020-09-15,0.013038164859815758,0.9869618351401842,0,Bull,fixed holdout
2020-09-16,0.04213935588875148,0.9578606441112485,0,Bull,fixed holdout
2020-09-17,0.07158218677305428,0.9284178132269458,0,Bull,fixed holdout
2020-09-18,0.08573802670041977,0.9142619732995801,0,Bull,fixed holdout
2020-09-21,0.0017833108101552074,0.9982166891898447,0,Bull,fixed holdout
2020-09-22,0.02877779531390595,0.9712222046860941,0,Bull,fixed holdout
2020-09-23,6.608449679516703e-05,0.9999339155032048,0,Bull,fixed holdout
2020-09-24,0.01495947927556297,0.9850405207244369,0,Bull,fixed holdout
2020-09-25,0.011466726534512472,0.9885332734654876,0,Bull,fixed holdout
2020-09-28,0.0009498126029704123,0.9990501873970296,0,Bull,fixed holdout
2020-09-29,0.011058015041536806,0.9889419849584631,0,Bull,fixed holdout
2020-09-30,0.028963077730119684,0.9710369222698803,0,Bull,fixed holdout
2020-10-01,0.027735335369777674,0.9722646646302224,0,Bull,fixed holdout
2020-10-02,0.04952023932532243,0.9504797606746775,0,Bull,fixed holdout
2020-10-05,0.021133657354062887,0.9788663426459371,0,Bull,fixed holdout
2020-10-06,0.04144968418520173,0.9585503158147983,0,Bull,fixed holdout
2020-10-07,0.06790283058213603,0.932097169417864,0,Bull,fixed holdout
2020-10-08,0.09810430408973182,0.9018956959102682,0,Bull,fixed holdout
2020-10-09,0.23941593528123667,0.7605840647187634,0,Bull,fixed holdout
2020-10-12,0.4858222931962867,0.5141777068037132,0,Bull,fixed holdout
2020-10-13,0.7155345435093695,0.2844654564906306,0,Bull,fixed holdout
2020-10-14,0.9179292155033054,0.08207078449669455,0,Bull,fixed holdout
2020-10-15,0.988301356291998,0.01169864370800197,0,Bull,fixed holdout
2020-10-16,0.9978453048015229,0.002154695198477088,0,Bull,fixed holdout
2020-10-19,0.9963896313622951,0.0036103686377048573,0,Bull,fixed holdout
2020-10-20,0.9986999495940022,0.0013000504059977685,0,Bull,fixed holdout
2020-10-21,0.9992577318601675,0.0007422681398324201,0,Bull,fixed holdout
2020-10-22,0.9995743773014051,0.00042562269859486995,0,Bull,fixed holdout
2020-10-23,0.9996371018018589,0.0003628981981410573,0,Bull,fixed holdout
2020-10-26,0.9937925162250785,0.00620748377492151,0,Bull,fixed holdout
2020-10-27,0.9991624592847688,0.0008375407152312038,0,Bull,fixed holdout
2020-10-28,0.004527651621359448,0.9954723483786405,0,Bull,fixed holdout
2020-10-29,0.019856199921731876,0.9801438000782682,1,Bull,fixed holdout
2020-10-30,0.014732122740338903,0.9852678772596611,1,Bull,fixed holdout
2020-11-02,0.0024649912495847597,0.9975350087504152,1,Bull,fixed holdout
2020-11-03,0.0010180081205909649,0.998981991879409,1,Bull,fixed holdout
2020-11-04,5.414150448370898e-05,0.9999458584955162,1,Bull,fixed holdout
2020-11-05,0.00012273311650251215,0.9998772668834975,1,Bull,fixed holdout
2020-11-06,0.00334117330473137,0.9966588266952686,1,Bull,fixed holdout
2020-11-09,0.0083263205328705,0.9916736794671295,0,Bull,fixed holdout
2020-11-10,0.01970223736990596,0.980297762630094,0,Bull,fixed holdout
2020-11-11,0.036732032243535946,0.963267967756464,0,Bull,fixed holdout
2020-11-12,0.04884255616350792,0.9511574438364921,0,Bull,fixed holdout
2020-11-13,0.02804986359758355,0.9719501364024165,0,Bull,fixed holdout
2020-11-16,0.035697230012175674,0.9643027699878244,0,Bull,fixed holdout
2020-11-17,0.1655757810505522,0.8344242189494478,0,Bull,fixed holdout
2020-11-18,0.21610307048428257,0.7838969295157175,0,Bull,fixed holdout
2020-11-19,0.5008251517684025,0.49917484823159747,0,Bull,fixed holdout
2020-11-20,0.8717941097367765,0.12820589026322354,0,Bull,fixed holdout
2020-11-23,0.9850576368364401,0.014942363163559961,0,Bull,fixed holdout
2020-11-24,0.9953615660535482,0.0046384339464517685,0,Bull,fixed holdout
2020-11-25,0.9990788300794867,0.0009211699205133291,0,Bull,fixed holdout
2020-11-27,0.9994600810189015,0.0005399189810985501,0,Bull,fixed holdout
2020-11-30,0.9952237676752844,0.0047762323247155635,0,Bull,fixed holdout
2020-12-01,0.9957395892421447,0.004260410757855406,0,Bull,fixed holdout
2020-12-02,0.9989219297668136,0.0010780702331864072,0,Bull,fixed holdout
2020-12-03,0.9991039916357625,0.00089600836423759,0,Bull,fixed holdout
2020-12-04,0.999365837125642,0.0006341628743580633,0,Bull,fixed holdout
2020-12-07,0.9996804458024005,0.0003195541975995203,0,Bull,fixed holdout
2020-12-08,0.9997613040061448,0.00023869599385517652,0,Bull,fixed holdout
2020-12-09,0.9985849129714681,0.001415087028531847,0,Bull,fixed holdout
2020-12-10,0.9993464245611471,0.0006535754388528979,0,Bull,fixed holdout
2020-12-11,0.9996552282228223,0.00034477177717767905,0,Bull,fixed holdout
2020-12-14,0.9997501293823836,0.0002498706176163405,0,Bull,fixed holdout
2020-12-15,0.9970335086188877,0.002966491381112168,0,Bull,fixed holdout
2020-12-16,0.9995451095648402,0.0004548904351597914,0,Bull,fixed holdout
2020-12-17,0.9993972025862874,0.0006027974137125955,0,Bull,fixed holdout
2020-12-18,0.9994882072444591,0.000511792755540887,0,Bull,fixed holdout
2020-12-21,0.999242956287019,0.0007570437129810469,0,Bull,fixed holdout
2020-12-22,0.9996738524705676,0.0003261475294324269,0,Bull,fixed holdout
2020-12-23,0.9997268760919283,0.00027312390807171223,0,Bull,fixed holdout
2020-12-24,0.9998002056703036,0.0001997943296964751,0,Bull,fixed holdout
2020-12-28,0.9998555274809847,0.00014447251901532896,0,Bull,fixed holdout
2020-12-29,0.9998919101420778,0.00010808985792216522,0,Bull,fixed holdout
2020-12-30,0.9998534619849412,0.0001465380150587632,0,Bull,fixed holdout
2020-12-31,0.9999160735720579,8.392642794207758e-05,0,Bull,fixed holdout
2021-01-04,0.999803587921423,0.00019641207857697335,0,Bull,fixed holdout
2021-01-05,0.9995061054477847,0.0004938945522152202,0,Bull,fixed holdout
2021-01-06,0.9998315996148001,0.0001684003851999506,0,Bull,fixed holdout
2021-01-07,0.9997685047601965,0.000231495239803502,0,Bull,fixed holdout
2021-01-08,0.9998728355400825,0.00012716445991744384,0,Bull,fixed holdout
2021-01-11,0.9989883627536729,0.001011637246327149,0,Bull,fixed holdout
2021-01-12,0.9994682961811256,0.0005317038188743863,0,Bull,fixed holdout
2021-01-13,0.9997332351639082,0.00026676483609177124,0,Bull,fixed holdout
2021-01-14,0.9998178951426379,0.000182104857362186,0,Bull,fixed holdout
2021-01-15,0.9993589360971599,0.0006410639028401321,0,Bull,fixed holdout
2021-01-19,0.9992154866567089,0.0007845133432910022,0,Bull,fixed holdout
2021-01-20,0.9975108296744314,0.0024891703255685636,0,Bull,fixed holdout
2021-01-21,0.9994341721042126,0.0005658278957874098,0,Bull,fixed holdout
2021-01-22,0.9995178146142017,0.0004821853857982966,0,Bull,fixed holdout
2021-01-25,0.9994838908300488,0.0005161091699511297,0,Bull,fixed holdout
2021-01-26,0.9997264794038018,0.0002735205961981967,0,Bull,fixed holdout
2021-01-27,0.9126714247789462,0.08732857522105367,0,Bull,fixed holdout
2021-01-28,0.9853907580574358,0.014609241942564192,0,Bull,fixed holdout
2021-01-29,0.9085018503648776,0.09149814963512233,0,Bull,fixed holdout
2021-02-01,0.1479271886277141,0.852072811372286,1,Bull,fixed holdout
2021-02-02,0.12074655506580012,0.8792534449342,1,Bull,fixed holdout
2021-02-03,0.22424655884653483,0.7757534411534651,1,Bull,fixed holdout
2021-02-04,0.4510815647245917,0.5489184352754084,1,Bull,fixed holdout
2021-02-05,0.763059973000844,0.23694002699915595,0,Bull,fixed holdout
2021-02-08,0.8416909297575041,0.1583090702424959,0,Bull,fixed holdout
2021-02-09,0.9741391449010268,0.025860855098973283,0,Bull,fixed holdout
2021-02-10,0.9969407637173578,0.003059236282642156,0,Bull,fixed holdout
2021-02-11,0.9992138958846818,0.0007861041153182312,0,Bull,fixed holdout
2021-02-12,0.9995465343347165,0.00045346566528343783,0,Bull,fixed holdout
2021-02-16,0.9994025247856202,0.0005974752143798645,0,Bull,fixed holdout
2021-02-17,0.9996404489438844,0.0003595510561156154,0,Bull,fixed holdout
2021-02-18,0.9993156598862809,0.0006843401137189965,0,Bull,fixed holdout
2021-02-19,0.9997230541427504,0.00027694585724955315,0,Bull,fixed holdout
2021-02-22,0.9996446923384078,0.00035530766159221056,0,Bull,fixed holdout
2021-02-23,0.9998184217587766,0.00018157824122350612,0,Bull,fixed holdout
2021-02-24,0.9996968865793836,0.00030311342061649425,0,Bull,fixed holdout
2021-02-25,0.006272050740889522,0.9937279492591105,0,Bull,fixed holdout
2021-02-26,0.027689058363218326,0.9723109416367817,0,Bull,fixed holdout
2021-03-01,0.0035616983687579685,0.996438301631242,0,Bull,fixed holdout
2021-03-02,0.013234725878492946,0.986765274121507,0,Bull,fixed holdout
2021-03-03,0.006676792193589331,0.9933232078064107,0,Bull,fixed holdout
2021-03-04,0.0027981774269003027,0.9972018225730997,0,Bull,fixed holdout
2021-03-05,0.003524489189900516,0.9964755108100994,0,Bull,fixed holdout
2021-03-08,0.0027883092215513165,0.9972116907784487,0,Bull,fixed holdout
2021-03-09,0.0001242558633863771,0.9998757441366136,0,Bull,fixed holdout
2021-03-10,0.004822794778328915,0.9951772052216712,0,Bull,fixed holdout
2021-03-11,0.0015233238669541019,0.9984766761330459,0,Bull,fixed holdout
2021-03-12,0.006581699655482874,0.9934183003445172,0,Bull,fixed holdout
2021-03-15,0.016182503553052393,0.9838174964469476,0,Bull,fixed holdout
2021-03-16,0.03989055342183946,0.9601094465781606,0,Bull,fixed holdout
2021-03-17,0.11185143983674327,0.8881485601632566,0,Bull,fixed holdout
2021-03-18,6.126921807949081e-05,0.9999387307819205,0,Bull,fixed holdout
2021-03-19,0.007760852943236619,0.9922391470567634,0,Bull,fixed holdout
2021-03-22,0.017073267299898637,0.9829267327001014,0,Bull,fixed holdout
2021-03-23,0.004452179083303091,0.9955478209166969,0,Bull,fixed holdout
2021-03-24,0.023003494759097406,0.9769965052409026,0,Bull,fixed holdout
2021-03-25,0.08141213740472286,0.9185878625952771,0,Bull,fixed holdout
2021-03-26,0.009852090393334314,0.9901479096066657,0,Bull,fixed holdout
2021-03-29,0.014507373089666653,0.9854926269103333,0,Bull,fixed holdout
2021-03-30,0.06327321465343463,0.9367267853465654,0,Bull,fixed holdout
2021-03-31,0.15602179361311408,0.8439782063868859,0,Bull,fixed holdout
2021-04-01,0.01820408973692432,0.9817959102630757,0,Bull,fixed holdout
2021-04-05,0.07415206383281933,0.9258479361671806,0,Bull,fixed holdout
2021-04-06,0.26044230697950566,0.7395576930204943,0,Bull,fixed holdout
2021-04-07,0.5745802215943693,0.42541977840563067,0,Bull,fixed holdout
2021-04-08,0.8293526320277503,0.1706473679722497,0,Bull,fixed holdout
2021-04-09,0.9749141863834947,0.025085813616505342,0,Bull,fixed holdout
2021-04-12,0.996779909861983,0.0032200901380171356,0,Bull,fixed holdout
2021-04-13,0.9984593147864514,0.001540685213548573,0,Bull,fixed holdout
2021-04-14,0.9994305853846362,0.0005694146153637487,0,Bull,fixed holdout
2021-04-15,0.9928679896991046,0.007132010300895423,0,Bull,fixed holdout
2021-04-16,0.9989266404114078,0.0010733595885922512,0,Bull,fixed holdout
2021-04-19,0.9989964495425077,0.0010035504574922754,0,Bull,fixed holdout
2021-04-20,0.9989940677393206,0.0010059322606793687,0,Bull,fixed holdout
2021-04-21,0.9982328965696388,0.0017671034303612919,0,Bull,fixed holdout
2021-04-22,0.9991623904256162,0.0008376095743838365,0,Bull,fixed holdout
2021-04-23,0.9986238100019128,0.001376189998087229,0,Bull,fixed holdout
2021-04-26,0.9994995369420642,0.0005004630579358179,0,Bull,fixed holdout
2021-04-27,0.9996192154870237,0.00038078451297624314,0,Bull,fixed holdout
2021-04-28,0.9997508266166601,0.0002491733833398991,0,Bull,fixed holdout
2021-04-29,0.9998222718648522,0.00017772813514784142,0,Bull,fixed holdout
2021-04-30,0.9995421101582652,0.0004578898417348559,0,Bull,fixed holdout
2021-05-03,0.9997419669044001,0.00025803309559998893,0,Bull,fixed holdout
2021-05-04,0.9996161523998914,0.0003838476001086725,0,Bull,fixed holdout
2021-05-05,0.9998229491922926,0.00017705080770739415,0,Bull,fixed holdout
2021-05-06,0.9996464400562654,0.00035355994373468283,0,Bull,fixed holdout
2021-05-07,0.9994361171670586,0.0005638828329414118,0,Bull,fixed holdout
2021-05-10,0.9934501607649787,0.0065498392350213635,0,Bull,fixed holdout
2021-05-11,0.9983949882200518,0.0016050117799481939,0,Bull,fixed holdout
2021-05-12,0.3120207211367891,0.6879792788632109,0,Bull,fixed holdout
2021-05-13,0.4369664663694994,0.5630335336305006,0,Bull,fixed holdout
2021-05-14,0.030425565307347215,0.9695744346926528,0,Bull,fixed holdout
2021-05-17,0.06230825117270404,0.937691748827296,0,Bull,fixed holdout
2021-05-18,0.1426299488107608,0.8573700511892391,0,Bull,fixed holdout
2021-05-19,0.23345016957341028,0.7665498304265898,0,Bull,fixed holdout
2021-05-20,0.25918367293710287,0.7408163270628971,0,Bull,fixed holdout
2021-05-21,0.6191102357361937,0.38088976426380633,0,Bull,fixed holdout
2021-05-24,0.7431403430826228,0.2568596569173773,0,Bull,fixed holdout
2021-05-25,0.9513432378864488,0.04865676211355124,0,Bull,fixed holdout
2021-05-26,0.9938152870239655,0.006184712976034484,0,Bull,fixed holdout
2021-05-27,0.9989650819043865,0.0010349180956135357,0,Bull,fixed holdout
2021-05-28,0.9995027357810476,0.0004972642189523594,0,Bull,fixed holdout
2021-06-01,0.999272235087623,0.0007277649123771342,0,Bull,fixed holdout
2021-06-02,0.9996499811782469,0.0003500188217531297,0,Bull,fixed holdout
2021-06-03,0.9979123426218832,0.002087657378116831,0,Bull,fixed holdout
2021-06-04,0.9961980608897041,0.0038019391102959346,0,Bull,fixed holdout
2021-06-07,0.999173753374386,0.0008262466256140355,0,Bull,fixed holdout
2021-06-08,0.9995108509638325,0.0004891490361675796,0,Bull,fixed holdout
2021-06-09,0.9996888587360435,0.00031114126395653433,0,Bull,fixed holdout
2021-06-10,0.999676466614383,0.0003235333856170174,0,Bull,fixed holdout
2021-06-11,0.9998047259856457,0.00019527401435437004,0,Bull,fixed holdout
2021-06-14,0.9998386559128846,0.00016134408711539875,0,Bull,fixed holdout
2021-06-15,0.9997938947288368,0.00020610527116312263,0,Bull,fixed holdout
2021-06-16,0.9993628541005146,0.0006371458994853921,0,Bull,fixed holdout
2021-06-17,0.9997191901690063,0.00028080983099363087,0,Bull,fixed holdout
2021-06-18,0.9996381748179098,0.0003618251820901221,0,Bull,fixed holdout
2021-06-21,0.9990782658435575,0.0009217341564424799,0,Bull,fixed holdout
2021-06-22,0.999704421922173,0.0002955780778270407,0,Bull,fixed holdout
2021-06-23,0.9998009553358085,0.00019904466419161759,0,Bull,fixed holdout
2021-06-24,0.9997203575301583,0.0002796424698416818,0,Bull,fixed holdout
2021-06-25,0.9998543887921827,0.00014561120781730525,0,Bull,fixed holdout
2021-06-28,0.999887131727117,0.00011286827288304807,0,Bull,fixed holdout
2021-06-29,0.9999110913644088,8.890863559123686e-05,0,Bull,fixed holdout
2021-06-30,0.9999285501762462,7.144982375380891e-05,0,Bull,fixed holdout
2021-07-01,0.9999337129607898,6.628703921024909e-05,0,Bull,fixed holdout
2021-07-02,0.9999185719959052,8.142800409486765e-05,0,Bull,fixed holdout
2021-07-06,0.999922982938513,7.70170614869496e-05,0,Bull,fixed holdout
2021-07-07,0.9999435423594792,5.645764052081891e-05,0,Bull,fixed holdout
2021-07-08,0.9999026284073277,9.737159267240279e-05,0,Bull,fixed holdout
2021-07-09,0.9996827032084353,0.00031729679156470035,0,Bull,fixed holdout
2021-07-12,0.9998956354452986,0.0001043645547013938,0,Bull,fixed holdout
2021-07-13,0.9998213526271071,0.0001786473728928118,0,Bull,fixed holdout
2021-07-14,0.9998931588957912,0.00010684110420879889,0,Bull,fixed holdout
2021-07-15,0.9999170202627058,8.297973729426844e-05,0,Bull,fixed holdout
2021-07-16,0.9998130497730437,0.00018695022695631867,0,Bull,fixed holdout
2021-07-19,0.9987128168880072,0.0012871831119928513,0,Bull,fixed holdout
2021-07-20,0.9974534337223181,0.002546566277681855,0,Bull,fixed holdout
2021-07-21,0.9990398263337354,0.000960173666264548,0,Bull,fixed holdout
2021-07-22,0.9995734458146672,0.00042655418533275175,0,Bull,fixed holdout
2021-07-23,0.9996966041891254,0.0003033958108745199,0,Bull,fixed holdout
2021-07-26,0.9997755186242884,0.00022448137571165683,0,Bull,fixed holdout
2021-07-27,0.9997773630446409,0.00022263695535909922,0,Bull,fixed holdout
2021-07-28,0.9996778311909787,0.0003221688090213228,0,Bull,fixed holdout
2021-07-29,0.9997707796866231,0.00022922031337688602,0,Bull,fixed holdout
2021-07-30,0.9997806265775653,0.00021937342243467416,0,Bull,fixed holdout
2021-08-02,0.9998699976831941,0.00013000231680591212,0,Bull,fixed holdout
2021-08-03,0.9998827627337586,0.00011723726624135434,0,Bull,fixed holdout
2021-08-04,0.9998769720161634,0.00012302798383647306,0,Bull,fixed holdout
2021-08-05,0.9998658434309075,0.0001341565690925655,0,Bull,fixed holdout
2021-08-06,0.9995175591666794,0.00048244083332057145,0,Bull,fixed holdout
2021-08-09,0.9997020859516318,0.0002979140483682268,0,Bull,fixed holdout
2021-08-10,0.9998590209897704,0.00014097901022961217,0,Bull,fixed holdout
2021-08-11,0.9997964365768692,0.0002035634231307875,0,Bull,fixed holdout
2021-08-12,0.9998830678160593,0.00011693218394066959,0,Bull,fixed holdout
2021-08-13,0.9998513500722195,0.00014864992778062738,0,Bull,fixed holdout
2021-08-16,0.9999027384301575,9.726156984243377e-05,0,Bull,fixed holdout
2021-08-17,0.9996377098234266,0.00036229017657337395,0,Bull,fixed holdout
2021-08-18,0.9997712434027013,0.0002287565972986137,0,Bull,fixed holdout
2021-08-19,0.9998600985885824,0.00013990141141758514,0,Bull,fixed holdout
2021-08-20,0.99988518949965,0.0001148105003499877,0,Bull,fixed holdout
2021-08-23,0.9967955273979465,0.0032044726020535254,0,Bull,fixed holdout
2021-08-24,0.9993704715965005,0.0006295284034995384,0,Bull,fixed holdout
2021-08-25,0.9997047945256777,0.000295205474322241,0,Bull,fixed holdout
2021-08-26,0.9996317387022594,0.00036826129774060907,0,Bull,fixed holdout
2021-08-27,0.9928738135298525,0.007126186470147464,0,Bull,fixed holdout
2021-08-30,0.9990031259103594,0.0009968740896405838,0,Bull,fixed holdout
2021-08-31,0.9995800737659645,0.00041992623403556853,0,Bull,fixed holdout
2021-09-01,0.9996015686634119,0.00039843133658811527,0,Bull,fixed holdout
2021-09-02,0.9997525998096749,0.0002474001903250731,0,Bull,fixed holdout
2021-09-03,0.9998355610195192,0.0001644389804808076,0,Bull,fixed holdout
2021-09-07,0.9994437515076184,0.0005562484923815408,0,Bull,fixed holdout
2021-09-08,0.9997712633128919,0.00022873668710806137,0,Bull,fixed holdout
2021-09-09,0.999831462663441,0.00016853733655893685,0,Bull,fixed holdout
2021-09-10,0.9997277245206361,0.0002722754793639231,0,Bull,fixed holdout
2021-09-13,0.9997575446921084,0.00024245530789158783,0,Bull,fixed holdout
2021-09-14,0.9998599351132813,0.00014006488671870402,0,Bull,fixed holdout
2021-09-15,0.9998575068163014,0.00014249318369863548,0,Bull,fixed holdout
2021-09-16,0.9997855182174851,0.00021448178251498297,0,Bull,fixed holdout
2021-09-17,0.999626226839656,0.00037377316034409986,0,Bull,fixed holdout
2021-09-20,0.998228924671841,0.001771075328159058,0,Bull,fixed holdout
2021-09-21,0.999624284692723,0.00037571530727701876,0,Bull,fixed holdout
2021-09-22,0.998649918838906,0.0013500811610939493,0,Bull,fixed holdout
2021-09-23,0.9995400223958157,0.00045997760418426726,0,Bull,fixed holdout
2021-09-24,0.9994638053323222,0.0005361946676778965,0,Bull,fixed holdout
2021-09-27,0.9997417610395395,0.0002582389604605274,0,Bull,fixed holdout
2021-09-28,0.8494586279354233,0.15054137206457682,0,Bull,fixed holdout
2021-09-29,0.9785314936875197,0.021468506312480304,0,Bull,fixed holdout
2021-09-30,0.9973842355231871,0.0026157644768128757,0,Bull,fixed holdout
2021-10-01,0.9948275702115145,0.005172429788485566,0,Bull,fixed holdout
2021-10-04,0.9968648752538566,0.003135124746143421,0,Bull,fixed holdout
2021-10-05,0.998801279207198,0.0011987207928021134,0,Bull,fixed holdout
2021-10-06,0.9993458450247249,0.0006541549752750703,0,Bull,fixed holdout
2021-10-07,0.9991818612869839,0.0008181387130160521,0,Bull,fixed holdout
2021-10-08,0.9994454982655692,0.0005545017344309038,0,Bull,fixed holdout
2021-10-11,0.9996233292291627,0.00037667077083730285,0,Bull,fixed holdout
2021-10-12,0.9996303991419231,0.0003696008580770052,0,Bull,fixed holdout
2021-10-13,0.9985013245720157,0.001498675427984328,0,Bull,fixed holdout
2021-10-14,0.996199407983009,0.0038005920169909557,0,Bull,fixed holdout
2021-10-15,0.9992958072900046,0.0007041927099953898,0,Bull,fixed holdout
2021-10-18,0.9996057039945438,0.0003942960054561416,0,Bull,fixed holdout
2021-10-19,0.9997173530965432,0.00028264690345685686,0,Bull,fixed holdout
2021-10-20,0.9997574787260787,0.000242521273921318,0,Bull,fixed holdout
2021-10-21,0.9997957043724802,0.00020429562751980842,0,Bull,fixed holdout
2021-10-22,0.9998536247381884,0.00014637526181162993,0,Bull,fixed holdout
2021-10-25,0.9998465109501471,0.00015348904985293163,0,Bull,fixed holdout
2021-10-26,0.9999062835110412,9.371648895888776e-05,0,Bull,fixed holdout
2021-10-27,0.999889417727851,0.00011058227214901656,0,Bull,fixed holdout
2021-10-28,0.9998045137825827,0.00019548621741723396,0,Bull,fixed holdout
2021-10-29,0.9998375429435983,0.0001624570564017745,0,Bull,fixed holdout
2021-11-01,0.9998106016796992,0.00018939832030087924,0,Bull,fixed holdout
2021-11-02,0.9999001514040626,9.98485959373854e-05,0,Bull,fixed holdout
2021-11-03,0.9999216861359149,7.831386408511355e-05,0,Bull,fixed holdout
2021-11-04,0.9999218525994683,7.814740053168709e-05,0,Bull,fixed holdout
2021-11-05,0.9997623593342749,0.00023764066572511076,0,Bull,fixed holdout
2021-11-08,0.9999223632644234,7.763673557658674e-05,0,Bull,fixed holdout
2021-11-09,0.9999353491128341,6.46508871659268e-05,0,Bull,fixed holdout
2021-11-10,0.9980466437567288,0.0019533562432711296,0,Bull,fixed holdout
2021-11-11,0.9996374881302315,0.00036251186976852867,0,Bull,fixed holdout
2021-11-12,0.9997879897043175,0.0002120102956824966,0,Bull,fixed holdout
2021-11-15,0.9997978343795847,0.00020216562041527314,0,Bull,fixed holdout
2021-11-16,0.9998639587148855,0.00013604128511444447,0,Bull,fixed holdout
2021-11-17,0.9998961818105176,0.0001038181894824267,0,Bull,fixed holdout
2021-11-18,0.9999183161497869,8.168385021313317e-05,0,Bull,fixed holdout
2021-11-19,0.9999132391674727,8.676083252738289e-05,0,Bull,fixed holdout
2021-11-22,0.9995434139588085,0.0004565860411914774,0,Bull,fixed holdout
2021-11-23,0.9998787078336231,0.00012129216637692252,0,Bull,fixed holdout
2021-11-24,0.9998784134179488,0.00012158658205117707,0,Bull,fixed holdout
2021-11-26,0.4964105906152066,0.5035894093847934,0,Bull,fixed holdout
2021-11-29,0.7930588972131709,0.20694110278682917,0,Bull,fixed holdout
2021-11-30,0.7697460190438244,0.2302539809561756,0,Bull,fixed holdout
2021-12-01,0.9136691037288357,0.0863308962711644,0,Bull,fixed holdout
2021-12-02,0.7610054910521468,0.23899450894785326,0,Bull,fixed holdout
2021-12-03,0.8904536377888544,0.1095463622111455,0,Bull,fixed holdout
2021-12-06,0.9277419204998457,0.07225807950015417,0,Bull,fixed holdout
2021-12-07,0.5432451503555806,0.4567548496444194,0,Bull,fixed holdout
2021-12-08,0.7262953363593008,0.2737046636406993,0,Bull,fixed holdout
2021-12-09,0.5320093659015698,0.46799063409843017,0,Bull,fixed holdout
2021-12-10,0.7284335018776528,0.2715664981223473,0,Bull,fixed holdout
2021-12-13,0.89843562005703,0.10156437994296995,0,Bull,fixed holdout
2021-12-14,0.9312447012867499,0.06875529871325012,0,Bull,fixed holdout
2021-12-15,0.9511072971890514,0.04889270281094851,0,Bull,fixed holdout
2021-12-16,0.9863853176485631,0.013614682351436971,0,Bull,fixed holdout
2021-12-17,0.9967761677854214,0.003223832214578583,0,Bull,fixed holdout
2021-12-20,0.9938225592719405,0.006177440728059514,0,Bull,fixed holdout
2021-12-21,0.9449092757801782,0.0550907242198218,0,Bull,fixed holdout
2021-12-22,0.935690118243559,0.06430988175644113,0,Bull,fixed holdout
2021-12-23,0.9804323073554259,0.019567692644574208,0,Bull,fixed holdout
2021-12-27,0.9806949864799054,0.019305013520094658,0,Bull,fixed holdout
2021-12-28,0.9943965825226697,0.005603417477330292,0,Bull,fixed holdout
2021-12-29,0.9980127554755073,0.0019872445244927322,0,Bull,fixed holdout
2021-12-30,0.998994077053259,0.0010059229467409229,0,Bull,fixed holdout
2021-12-31,0.9993437788735579,0.000656221126442133,0,Bull,fixed holdout
2022-01-03,0.9994648654930702,0.0005351345069297208,0,Bull,fixed holdout
2022-01-04,0.9996751148514236,0.0003248851485764999,0,Bull,fixed holdout
2022-01-05,0.7325830275218372,0.26741697247816265,0,Bull,fixed holdout
2022-01-06,0.9359694735831438,0.06403052641685625,0,Bull,fixed holdout
2022-01-07,0.9887210733512007,0.011278926648799262,0,Bull,fixed holdout
2022-01-10,0.9981777945514237,0.0018222054485762726,0,Bull,fixed holdout
2022-01-11,0.9814976855343578,0.01850231446564226,0,Bull,fixed holdout
2022-01-12,0.994919871907618,0.005080128092381964,0,Bull,fixed holdout
2022-01-13,0.993239978276448,0.006760021723552002,0,Bull,fixed holdout
2022-01-14,0.9978978224622888,0.002102177537711336,0,Bull,fixed holdout
2022-01-18,0.8753927474758023,0.12460725252419777,0,Bull,fixed holdout
2022-01-19,0.9699735016165333,0.030026498383466677,0,Bull,fixed holdout
2022-01-20,0.9910200084613775,0.008979991538622502,0,Bull,fixed holdout
2022-01-21,0.9948159765900547,0.00518402340994519,0,Sideways,fixed holdout
2022-01-24,0.9988582783183237,0.0011417216816763003,0,Bull,fixed holdout
2022-01-25,0.9989179417444234,0.0010820582555765932,0,Sideways,fixed holdout
2022-01-26,0.9974549435349497,0.002545056465050302,0,Sideways,fixed holdout
2022-01-27,0.9991704201185487,0.0008295798814513186,0,Sideways,fixed holdout
2022-01-28,0.9804079932807457,0.0195920067192543,1,Bull,fixed holdout
2022-01-31,0.6715594670287786,0.3284405329712214,1,Bull,fixed holdout
2022-02-01,0.7295928347440983,0.27040716525590175,1,Bull,fixed holdout
2022-02-02,0.8483055441426003,0.15169445585739977,0,Bull,fixed holdout
2022-02-03,0.09445177188805763,0.9055482281119424,0,Bull,fixed holdout
2022-02-04,0.15268514154259033,0.8473148584574097,0,Bull,fixed holdout
2022-02-07,0.3390160706618743,0.6609839293381257,0,Bull,fixed holdout
2022-02-08,0.6614920792992101,0.33850792070078994,0,Bull,fixed holdout
2022-02-09,0.2244958935332311,0.7755041064667689,0,Bull,fixed holdout
2022-02-10,0.0019297575300318498,0.9980702424699681,0,Bull,fixed holdout
2022-02-11,0.014990159756708768,0.9850098402432913,0,Bear,fixed holdout
2022-02-14,0.03252012765292148,0.9674798723470784,0,Bear,fixed holdout
2022-02-15,0.041234396923510226,0.9587656030764897,0,Bull,fixed holdout
2022-02-16,0.09858351991710314,0.9014164800828969,0,Bull,fixed holdout
2022-02-17,0.07195056786141858,0.9280494321385815,0,Sideways,fixed holdout
2022-02-18,0.23217513494608744,0.7678248650539126,0,Bear,fixed holdout
2022-02-22,0.5150074831023126,0.48499251689768735,0,Bear,fixed holdout
2022-02-23,0.3154590753127501,0.6845409246872499,0,Bear,fixed holdout
2022-02-24,0.45924486896554345,0.5407551310344566,0,Bear,fixed holdout
2022-02-25,0.16951692925308112,0.830483070746919,0,Bear,fixed holdout
2022-02-28,0.33983224218932107,0.660167757810679,0,Bear,fixed holdout
2022-03-01,0.6734034723097306,0.3265965276902694,1,Bear,fixed holdout
2022-03-02,0.8939683549426314,0.10603164505736858,1,Bear,fixed holdout
2022-03-03,0.9819081432689357,0.0180918567310643,1,Bear,fixed holdout
2022-03-04,0.9976197543877537,0.0023802456122462763,1,Bear,fixed holdout
2022-03-07,0.37519647868837586,0.6248035213116241,1,Bear,fixed holdout
2022-03-08,0.5924353937383665,0.40756460626163354,1,Bear,fixed holdout
2022-03-09,0.7436658842758754,0.2563341157241247,1,Bear,fixed holdout
2022-03-10,0.6305670453713216,0.36943295462867853,1,Bear,fixed holdout
2022-03-11,0.6218583505725844,0.3781416494274156,1,Bear,fixed holdout
2022-03-14,0.010652073081888612,0.9893479269181115,1,Bear,fixed holdout
2022-03-15,0.0260867093026691,0.9739132906973309,1,Bear,fixed holdout
2022-03-16,7.206017199778885e-07,0.99999927939828,1,Bear,fixed holdout
2022-03-17,0.00023347621370447955,0.9997665237862955,1,Bear,fixed holdout
2022-03-18,0.0010406208759692866,0.9989593791240307,0,Bull,fixed holdout
2022-03-21,0.001733424858730567,0.9982665751412695,0,Bull,fixed holdout
2022-03-22,0.005268120082581862,0.9947318799174182,0,Bull,fixed holdout
2022-03-23,0.012598784434068788,0.9874012155659312,0,Bull,fixed holdout
2022-03-24,0.019616854868399706,0.9803831451316002,0,Bull,fixed holdout
2022-03-25,0.04293998496389902,0.9570600150361009,0,Bull,fixed holdout
2022-03-28,0.12004390825810787,0.879956091741892,0,Bull,fixed holdout
2022-03-29,0.003955958174940056,0.9960440418250599,0,Bull,fixed holdout
2022-03-30,0.03346228603771616,0.9665377139622838,0,Bull,fixed holdout
2022-03-31,0.007798155835102327,0.9922018441648977,0,Bull,fixed holdout
2022-04-01,0.02749980096161813,0.9725001990383819,0,Bull,fixed holdout
2022-04-04,0.04538031752178943,0.9546196824782106,0,Bull,fixed holdout
2022-04-05,0.0001277333485928548,0.999872266651407,0,Bull,fixed holdout
2022-04-06,0.002122665616981065,0.997877334383019,0,Bull,fixed holdout
2022-04-07,0.016168280245012122,0.9838317197549878,0,Bull,fixed holdout
2022-04-08,0.03791723519113586,0.9620827648088641,0,Bull,fixed holdout
2022-04-11,0.005401217650106855,0.9945987823498932,0,Sideways,fixed holdout
2022-04-12,0.03891273948394636,0.9610872605160538,0,Sideways,fixed holdout
2022-04-13,0.006081874665583836,0.9939181253344161,0,Sideways,fixed holdout
2022-04-14,0.002360445469065895,0.997639554530934,0,Sideways,fixed holdout
2022-04-18,0.026766179592680333,0.9732338204073198,0,Sideways,fixed holdout
2022-04-19,0.08871454906796745,0.9112854509320325,0,Sideways,fixed holdout
2022-04-20,0.17399577818687637,0.8260042218131237,0,Sideways,fixed holdout
2022-04-21,0.017790840862854377,0.9822091591371457,0,Sideways,fixed holdout
2022-04-22,0.00031402155177220447,0.9996859784482277,0,Sideways,fixed holdout
2022-04-25,0.02330709194781655,0.9766929080521835,0,Sideways,fixed holdout
2022-04-26,0.001447803500116621,0.9985521964998835,0,Bear,fixed holdout
2022-04-27,0.03125320378098164,0.9687467962190184,0,Bear,fixed holdout
2022-04-28,0.0009711126830076458,0.9990288873169924,0,Bear,fixed holdout
2022-04-29,9.809050869903643e-07,0.999999019094913,0,Bear,fixed holdout
2022-05-02,0.00336487159777849,0.9966351284022215,1,Bear,fixed holdout
2022-05-03,0.004749947647586244,0.9952500523524138,1,Bear,fixed holdout
2022-05-04,4.746187044879467e-06,0.9999952538129552,1,Bear,fixed holdout
2022-05-05,2.143508448788199e-11,0.9999999999785649,0,Bear,fixed holdout
2022-05-06,2.4581185444820142e-05,0.9999754188145552,1,Bear,fixed holdout
2022-05-09,4.795576389588674e-10,0.9999999995204424,1,Bear,fixed holdout
2022-05-10,0.00014241529629137686,0.9998575847037086,1,Bear,fixed holdout
2022-05-11,0.00023799827952013743,0.9997620017204799,1,Bear,fixed holdout
2022-05-12,0.0005717601625110905,0.999428239837489,1,Bear,fixed holdout
2022-05-13,1.3494102913602992e-05,0.9999865058970864,1,Bear,fixed holdout
2022-05-16,0.0005631795168745975,0.9994368204831253,1,Bear,fixed holdout
2022-05-17,0.0003076250895446827,0.9996923749104554,1,Bear,fixed holdout
2022-05-18,4.3720790368763945e-07,0.9999995627920962,1,Bear,fixed holdout
2022-05-19,0.00048127608743527375,0.9995187239125648,1,Bear,fixed holdout
2022-05-20,0.0010925093930182154,0.9989074906069818,1,Bear,fixed holdout
2022-05-23,0.0009993358679260338,0.999000664132074,1,Bear,fixed holdout
2022-05-24,0.0035544425772698696,0.9964455574227302,1,Bear,fixed holdout
2022-05-25,0.00214282582823185,0.9978571741717681,1,Bear,fixed holdout
2022-05-26,0.00102058470018743,0.9989794152998126,1,Bear,fixed holdout
2022-05-27,0.00011078740479364593,0.9998892125952062,1,Bear,fixed holdout
2022-05-31,0.0007450607806808549,0.9992549392193191,1,Bear,fixed holdout
2022-06-01,0.0028098861175946685,0.9971901138824053,1,Bear,fixed holdout
2022-06-02,0.00010523887840725358,0.9998947611215927,1,Bear,fixed holdout
2022-06-03,0.00026874202900611113,0.9997312579709939,1,Bear,fixed holdout
2022-06-06,0.003814162322739538,0.9961858376772605,1,Bear,fixed holdout
2022-06-07,0.00271386289187406,0.9972861371081259,1,Bear,fixed holdout
2022-06-08,0.002028033314490511,0.9979719666855095,1,Bear,fixed holdout
2022-06-09,6.81069761880726e-05,0.9999318930238119,0,Bear,fixed holdout
2022-06-10,4.3824438936762e-06,0.9999956175561062,0,Bear,fixed holdout
2022-06-13,3.9868184660153044e-16,0.9999999999999996,0,Bear,fixed holdout
2022-06-14,5.7705674351308495e-05,0.9999422943256487,0,Bear,fixed holdout
2022-06-15,2.8229441781771677e-07,0.9999997177055823,0,Bear,fixed holdout
2022-06-16,1.0917053831714756e-07,0.9999998908294616,1,Bear,fixed holdout
2022-06-17,8.390177901838209e-05,0.9999160982209816,1,Bear,fixed holdout
2022-06-21,6.892334133063489e-05,0.9999310766586693,1,Bear,fixed holdout
2022-06-22,0.00024575517423958284,0.9997542448257604,1,Bear,fixed holdout
2022-06-23,0.0002982880752613263,0.9997017119247387,1,Bear,fixed holdout
2022-06-24,6.268444101188424e-06,0.9999937315558988,1,Bear,fixed holdout
2022-06-27,0.000319604198129609,0.9996803958018703,1,Bear,fixed holdout
2022-06-28,0.00017476800763737644,0.9998252319923626,1,Bear,fixed holdout
2022-06-29,0.0015256827395393284,0.9984743172604607,1,Bear,fixed holdout
2022-06-30,0.001599212830754964,0.9984007871692451,1,Bear,fixed holdout
2022-07-01,0.0013589045786787013,0.9986410954213213,1,Bear,fixed holdout
2022-07-05,0.001333694970183197,0.9986663050298168,1,Bear,fixed holdout
2022-07-06,0.003364271139973918,0.9966357288600262,0,Bear,fixed holdout
2022-07-07,0.00036099781275394515,0.999639002187246,0,Bear,fixed holdout
2022-07-08,0.007644655864408391,0.9923553441355916,0,Bear,fixed holdout
2022-07-11,0.003701698335153955,0.996298301664846,0,Bear,fixed holdout
2022-07-12,0.008014139844218247,0.9919858601557817,0,Bear,fixed holdout
2022-07-13,0.03402467604543123,0.9659753239545688,0,Bear,fixed holdout
2022-07-14,0.02146340645857026,0.9785365935414297,0,Bear,fixed holdout
2022-07-15,0.0020931981065396015,0.9979068018934604,0,Bear,fixed holdout
2022-07-18,0.020237495045137735,0.9797625049548623,0,Bear,fixed holdout
2022-07-19,0.0002210181889105622,0.9997789818110894,0,Bear,fixed holdout
2022-07-20,0.012430112050294463,0.9875698879497056,0,Bear,fixed holdout
2022-07-21,0.004535201131854525,0.9954647988681455,0,Bear,fixed holdout
2022-07-22,0.021401092360250507,0.9785989076397494,0,Bear,fixed holdout
2022-07-25,0.0672666574342273,0.9327333425657728,0,Bear,fixed holdout
2022-07-26,0.07058798838332747,0.9294120116166724,0,Sideways,fixed holdout
2022-07-27,0.00045058414321781903,0.9995494158567823,0,Bear,fixed holdout
2022-07-28,0.0016023041155922232,0.9983976958844077,0,Sideways,fixed holdout
2022-07-29,0.014673095902654679,0.9853269040973454,0,Sideways,fixed holdout
2022-08-01,0.05187322335715784,0.9481267766428422,0,Sideways,fixed holdout
2022-08-02,0.00677449044935071,0.9932255095506493,0,Sideways,fixed holdout
2022-08-03,0.005433614927382619,0.9945663850726174,0,Sideways,fixed holdout
2022-08-04,0.03704537337299466,0.9629546266270054,0,Sideways,fixed holdout
2022-08-05,0.022721843158235965,0.977278156841764,0,Sideways,fixed holdout
2022-08-08,0.0455886207405467,0.9544113792594533,0,Sideways,fixed holdout
2022-08-09,0.10147695496868861,0.8985230450313114,0,Sideways,fixed holdout
2022-08-10,0.005217259976302773,0.9947827400236973,0,Sideways,fixed holdout
2022-08-11,0.03300492753721782,0.9669950724627822,0,Sideways,fixed holdout
2022-08-12,0.007493344561957501,0.9925066554380424,0,Sideways,fixed holdout
2022-08-15,0.04907319992864274,0.9509268000713572,0,Sideways,fixed holdout
2022-08-16,0.14023405275925144,0.8597659472407485,0,Sideways,fixed holdout
2022-08-17,0.06124760577516244,0.9387523942248376,0,Sideways,fixed holdout
2022-08-18,0.19516563382682636,0.8048343661731737,0,Sideways,fixed holdout
2022-08-19,0.0062834230708700934,0.99371657692913,0,Sideways,fixed holdout
2022-08-22,0.0006731388414262183,0.9993268611585737,0,Sideways,fixed holdout
2022-08-23,0.024278998412357776,0.9757210015876422,0,Sideways,fixed holdout
2022-08-24,0.06893612722291954,0.9310638727770805,0,Sideways,fixed holdout
2022-08-25,0.01064738842045169,0.9893526115795483,0,Sideways,fixed holdout
2022-08-26,7.683298295001265e-06,0.999992316701705,0,Bear,fixed holdout
2022-08-29,0.0041262719607915496,0.9958737280392084,0,Sideways,fixed holdout
2022-08-30,0.0013852925981431023,0.9986147074018569,0,Bear,fixed holdout
2022-08-31,0.004445448111455567,0.9955545518885444,0,Bear,fixed holdout
2022-09-01,0.007915516300432156,0.9920844836995678,0,Sideways,fixed holdout
2022-09-02,0.043572498220128736,0.9564275017798713,0,Sideways,fixed holdout
2022-09-06,0.0449593094919241,0.9550406905080759,0,Sideways,fixed holdout
2022-09-07,0.003672324313178424,0.9963276756868216,0,Bear,fixed holdout
2022-09-08,0.02451937402969818,0.9754806259703018,0,Bear,fixed holdout
2022-09-09,0.0007324150812801502,0.9992675849187199,0,Bear,fixed holdout
2022-09-12,0.004192785859340061,0.9958072141406599,0,Bear,fixed holdout
2022-09-13,2.3942453992188416e-10,0.9999999997605755,0,Bear,fixed holdout
2022-09-14,0.0006143448562479847,0.999385655143752,0,Bear,fixed holdout
2022-09-15,3.188843761479149e-05,0.9999681115623852,0,Bear,fixed holdout
2022-09-16,0.0010136641633312715,0.9989863358366686,0,Bear,fixed holdout
2022-09-19,0.0023620397613684243,0.9976379602386315,0,Bear,fixed holdout
2022-09-20,0.00026100571326307076,0.999738994286737,0,Bear,fixed holdout
2022-09-21,0.002088945902213619,0.9979110540977864,0,Bear,fixed holdout
2022-09-22,0.0007079183464504095,0.9992920816535497,0,Bear,fixed holdout
2022-09-23,1.7591474543701495e-05,0.9999824085254563,0,Bear,fixed holdout
2022-09-26,2.486812601515255e-05,0.9999751318739848,0,Bear,fixed holdout
2022-09-27,0.0060414058011986045,0.9939585941988014,0,Bear,fixed holdout
2022-09-28,1.3646753753091164e-08,0.9999999863532463,0,Bear,fixed holdout
2022-09-29,1.4364327827020337e-06,0.9999985635672173,1,Bear,fixed holdout
2022-09-30,0.00015859015979344447,0.9998414098402065,1,Bear,fixed holdout
2022-10-03,3.913912107317528e-08,0.9999999608608788,1,Bear,fixed holdout
2022-10-04,2.36660527632192e-09,0.9999999976333946,1,Bear,fixed holdout
2022-10-05,1.8669549371961948e-05,0.9999813304506281,1,Bear,fixed holdout
2022-10-06,1.6732734449967276e-05,0.99998326726555,1,Bear,fixed holdout
2022-10-07,9.217355673233669e-08,0.9999999078264432,1,Bear,fixed holdout
2022-10-10,7.422048169461307e-06,0.9999925779518305,1,Bear,fixed holdout
2022-10-11,0.00014836219990603034,0.999851637800094,1,Bear,fixed holdout
2022-10-12,0.0004800668441551452,0.9995199331558449,1,Bear,fixed holdout
2022-10-13,0.00010163298003770631,0.9998983670199623,1,Bear,fixed holdout
2022-10-14,5.696139444377031e-07,0.9999994303860557,1,Bear,fixed holdout
2022-10-17,9.698780338105282e-07,0.9999990301219662,1,Bear,fixed holdout
2022-10-18,0.00016622547225723187,0.9998337745277428,1,Bear,fixed holdout
2022-10-19,5.104978205388357e-06,0.9999948950217946,1,Bear,fixed holdout
2022-10-20,0.00020514401426408388,0.9997948559857358,1,Bear,fixed holdout
2022-10-21,6.541256023515122e-05,0.9999345874397649,1,Bear,fixed holdout
2022-10-24,0.0008323418602114387,0.9991676581397885,1,Bear,fixed holdout
2022-10-25,1.4628011072273946e-06,0.9999985371988928,0,Bear,fixed holdout
2022-10-26,0.000585735263380227,0.9994142647366199,0,Bear,fixed holdout
2022-10-27,0.0014544470078226024,0.9985455529921774,0,Bear,fixed holdout
2022-10-28,0.0013879878779964666,0.9986120121220036,0,Bear,fixed holdout
2022-10-31,0.0010242357741498305,0.9989757642258501,0,Bear,fixed holdout
2022-11-01,0.0038421257812924076,0.9961578742187076,0,Bear,fixed holdout
2022-11-02,3.0011058360205673e-05,0.9999699889416398,0,Bear,fixed holdout
2022-11-03,0.0015994782501547325,0.9984005217498453,0,Bear,fixed holdout
2022-11-04,9.174748571267629e-06,0.9999908252514287,0,Bear,fixed holdout
2022-11-07,0.002321873186114096,0.9976781268138859,0,Bear,fixed holdout
2022-11-08,0.0027596991078992577,0.9972403008921008,0,Bear,fixed holdout
2022-11-09,5.280311093355665e-05,0.9999471968890664,0,Bear,fixed holdout
2022-11-10,4.1111880847942447e-22,1.0,0,Sideways,fixed holdout
2022-11-11,1.8283116397584893e-06,0.9999981716883601,0,Sideways,fixed holdout
2022-11-14,1.3752834096251108e-06,0.9999986247165904,0,Bear,fixed holdout
2022-11-15,1.7761460230785625e-06,0.999998223853977,0,Bear,fixed holdout
2022-11-16,2.090330963256035e-05,0.9999790966903674,0,Sideways,fixed holdout
2022-11-17,1.9572464485653077e-05,0.9999804275355144,0,Sideways,fixed holdout
2022-11-18,0.00011927804843909363,0.9998807219515609,0,Sideways,fixed holdout
2022-11-21,0.00015662869605307387,0.999843371303947,0,Sideways,fixed holdout
2022-11-22,9.729696957265472e-05,0.9999027030304273,0,Sideways,fixed holdout
2022-11-23,0.000466954172190797,0.9995330458278092,0,Sideways,fixed holdout
2022-11-25,0.0014335750885409886,0.998566424911459,0,Sideways,fixed holdout
2022-11-28,8.179547882149341e-05,0.9999182045211785,0,Bear,fixed holdout
2022-11-29,0.002077756198388076,0.9979222438016119,0,Bear,fixed holdout
2022-11-30,1.0190124164420272e-07,0.9999998980987583,0,Sideways,fixed holdout
2022-12-01,0.0005315071517005049,0.9994684928482995,0,Sideways,fixed holdout
2022-12-02,0.0019153350836889217,0.9980846649163111,0,Sideways,fixed holdout
2022-12-05,1.0248304382781106e-06,0.9999989751695617,0,Bear,fixed holdout
2022-12-06,0.00036166221648711194,0.9996383377835129,0,Bear,fixed holdout
2022-12-07,0.0013455311528559402,0.998654468847144,0,Bear,fixed holdout
2022-12-08,0.002694796263978091,0.9973052037360219,0,Bear,fixed holdout
2022-12-09,0.0017973029569697773,0.9982026970430302,0,Sideways,fixed holdout
2022-12-12,0.005632352640339614,0.9943676473596603,0,Sideways,fixed holdout
2022-12-13,0.0005968694472699899,0.9994031305527301,0,Sideways,fixed holdout
2022-12-14,0.008753518324705485,0.9912464816752946,0,Sideways,fixed holdout
2022-12-15,2.8147019391689104e-05,0.9999718529806082,0,Sideways,fixed holdout
2022-12-16,0.0010140427934804885,0.9989859572065195,0,Sideways,fixed holdout
2022-12-19,0.0012121527739159521,0.998787847226084,0,Sideways,fixed holdout
2022-12-20,0.010987751335237588,0.9890122486647625,0,Sideways,fixed holdout
2022-12-21,0.003057133187241686,0.9969428668127583,0,Sideways,fixed holdout
2022-12-22,0.0015167759857562329,0.9984832240142437,0,Bear,fixed holdout
2022-12-23,0.015638815531664026,0.984361184468336,0,Bear,fixed holdout
2022-12-27,0.029103462946466763,0.9708965370535333,0,Sideways,fixed holdout
2022-12-28,0.003757557951642398,0.9962424420483577,0,Bear,fixed holdout
2022-12-29,0.0001904386344504468,0.9998095613655497,0,Sideways,fixed holdout
2022-12-30,0.006216250717754801,0.9937837492822452,0,Sideways,fixed holdout
2023-01-03,0.019767516161065476,0.9802324838389346,0,Sideways,fixed holdout
2023-01-04,0.003087724297778111,0.9969122757022219,0,Sideways,fixed holdout
2023-01-05,0.0025535083903845093,0.9974464916096155,0,Sideways,fixed holdout
2023-01-06,1.1905686971644562e-06,0.9999988094313028,0,Sideways,fixed holdout
2023-01-09,0.002364903546450366,0.9976350964535496,0,Sideways,fixed holdout
2023-01-10,0.006283548000763329,0.9937164519992367,0,Sideways,fixed holdout
2023-01-11,0.0004635872326391377,0.9995364127673608,0,Sideways,fixed holdout
2023-01-12,0.0011182437485732525,0.9988817562514267,0,Sideways,fixed holdout
2023-01-13,0.013663241843499787,0.9863367581565001,0,Sideways,fixed holdout
2023-01-17,0.027133874301054087,0.9728661256989459,0,Sideways,fixed holdout
2023-01-18,0.03952058937363173,0.9604794106263683,0,Sideways,fixed holdout
2023-01-19,0.08561857958501227,0.9143814204149877,0,Sideways,fixed holdout
2023-01-20,0.12068101440453397,0.8793189855954661,0,Sideways,fixed holdout
2023-01-23,0.29552430735715196,0.704475692642848,0,Sideways,fixed holdout
2023-01-24,0.7207657413612696,0.27923425863873036,0,Sideways,fixed holdout
2023-01-25,0.9592319769730886,0.04076802302691145,0,Sideways,fixed holdout
2023-01-26,0.9951455850115771,0.004854414988422833,0,Sideways,fixed holdout
2023-01-27,0.999167450377559,0.0008325496224409756,0,Sideways,fixed holdout
2023-01-30,0.9733709562864441,0.026629043713555883,0,Sideways,fixed holdout
2023-01-31,0.8898275882744642,0.11017241172553587,0,Sideways,fixed holdout
2023-02-01,0.8141725605548175,0.18582743944518254,0,Sideways,fixed holdout
2023-02-02,0.9163244912251411,0.08367550877485888,0,Sideways,fixed holdout
2023-02-03,0.01588026783336977,0.9841197321666303,0,Sideways,fixed holdout
2023-02-06,0.00403071768952459,0.9959692823104754,0,Sideways,fixed holdout
2023-02-07,0.010844659312634421,0.9891553406873657,0,Sideways,fixed holdout
2023-02-08,0.020261327486909873,0.9797386725130901,0,Sideways,fixed holdout
2023-02-09,0.014579699714339995,0.98542030028566,0,Sideways,fixed holdout
2023-02-10,0.057539232298609744,0.9424607677013903,0,Sideways,fixed holdout
2023-02-13,0.07130479706969045,0.9286952029303096,0,Sideways,fixed holdout
2023-02-14,0.23755454444929114,0.7624454555507089,0,Sideways,fixed holdout
2023-02-15,0.5892805532303029,0.410719446769697,0,Sideways,fixed holdout
2023-02-16,0.5818758557550736,0.41812414424492644,0,Sideways,fixed holdout
2023-02-17,0.906747097635668,0.0932529023643321,0,Sideways,fixed holdout
2023-02-21,0.0613159066137871,0.938684093386213,0,Sideways,fixed holdout
2023-02-22,0.17416601705549348,0.8258339829445066,0,Sideways,fixed holdout
2023-02-23,0.17054546270238377,0.8294545372976162,0,Sideways,fixed holdout
2023-02-24,0.012241323733536612,0.9877586762664633,0,Sideways,fixed holdout
2023-02-27,0.037423693067854785,0.9625763069321452,0,Sideways,fixed holdout
2023-02-28,0.12654628805680743,0.8734537119431927,0,Sideways,fixed holdout
2023-03-01,0.3940378551133312,0.6059621448866688,0,Sideways,fixed holdout
2023-03-02,0.7857533424926488,0.21424665750735125,0,Sideways,fixed holdout
2023-03-03,0.06255095313828025,0.9374490468617198,0,Sideways,fixed holdout
2023-03-06,0.07423905267178711,0.9257609473282129,0,Sideways,fixed holdout
2023-03-07,0.002824334709188844,0.9971756652908111,0,Sideways,fixed holdout
2023-03-08,0.030610662848145294,0.9693893371518546,0,Sideways,fixed holdout
2023-03-09,0.005426576570638388,0.9945734234293616,0,Sideways,fixed holdout
2023-03-10,0.04868098928132706,0.951319010718673,0,Sideways,fixed holdout
2023-03-13,0.15930219847470797,0.840697801525292,0,Sideways,fixed holdout
2023-03-14,0.3820898317585207,0.6179101682414793,0,Sideways,fixed holdout
2023-03-15,0.6991554636443981,0.300844536355602,0,Sideways,fixed holdout
2023-03-16,0.8184027323423684,0.18159726765763168,0,Sideways,fixed holdout
2023-03-17,0.9570526725756152,0.042947327424384785,0,Sideways,fixed holdout
2023-03-20,0.9920078605848264,0.007992139415173629,0,Sideways,fixed holdout
2023-03-21,0.9976860381998773,0.002313961800122665,0,Sideways,fixed holdout
2023-03-22,0.9985230512682932,0.0014769487317067996,0,Sideways,fixed holdout
2023-03-23,0.9992214119538203,0.0007785880461797217,0,Sideways,fixed holdout
2023-03-24,0.9994124705795938,0.0005875294204061345,0,Sideways,fixed holdout
2023-03-27,0.999515126531092,0.0004848734689080733,0,Sideways,fixed holdout
2023-03-28,0.9997154056101851,0.0002845943898148667,0,Sideways,fixed holdout
2023-03-29,0.9990544142898894,0.0009455857101106559,0,Sideways,fixed holdout
2023-03-30,0.999043842356242,0.0009561576437580732,0,Sideways,fixed holdout
2023-03-31,0.9951560079037444,0.004843992096255644,0,Sideways,fixed holdout
2023-04-03,0.9992146881199389,0.0007853118800611845,0,Sideways,fixed holdout
2023-04-04,0.9996217162359469,0.00037828376405309893,0,Sideways,fixed holdout
2023-04-05,0.999575325530374,0.00042467446962606936,0,Sideways,fixed holdout
2023-04-06,0.9997248697936721,0.00027513020632788626,0,Sideways,fixed holdout
2023-04-10,0.9997393767408604,0.00026062325913952806,0,Sideways,fixed holdout
2023-04-11,0.9998048506741105,0.00019514932588949856,0,Sideways,fixed holdout
2023-04-12,0.9998470554435243,0.00015294455647574135,0,Sideways,fixed holdout
2023-04-13,0.9995604338469624,0.00043956615303760577,0,Sideways,fixed holdout
2023-04-14,0.9990061578195845,0.0009938421804155317,0,Sideways,fixed holdout
2023-04-17,0.999710630338101,0.0002893696618989784,0,Sideways,fixed holdout
2023-04-18,0.999800497632504,0.00019950236749602304,0,Sideways,fixed holdout
2023-04-19,0.999760654079491,0.00023934592050903347,0,Sideways,fixed holdout
2023-04-20,0.999843485363275,0.0001565146367249132,0,Sideways,fixed holdout
2023-04-21,0.9998767484821347,0.00012325151786534913,0,Sideways,fixed holdout
2023-04-24,0.9998897810918803,0.00011021890811971782,0,Sideways,fixed holdout
2023-04-25,0.9993817969674901,0.0006182030325099728,0,Sideways,fixed holdout
2023-04-26,0.9996725512763216,0.0003274487236783842,0,Sideways,fixed holdout
2023-04-27,0.9984507546347684,0.0015492453652316627,0,Sideways,fixed holdout
2023-04-28,0.9979351952965423,0.002064804703457695,0,Sideways,fixed holdout
2023-05-01,0.9950777919841819,0.004922208015818077,0,Sideways,fixed holdout
2023-05-02,0.9986152633165618,0.0013847366834382146,0,Sideways,fixed holdout
2023-05-03,0.9994165822999289,0.0005834177000710616,0,Sideways,fixed holdout
2023-05-04,0.9996145964431994,0.00038540355680061764,0,Sideways,fixed holdout
2023-05-05,0.9958422061296666,0.004157793870333487,0,Sideways,fixed holdout
2023-05-08,0.998956868868114,0.0010431311318860506,0,Sideways,fixed holdout
2023-05-09,0.9994141468909724,0.0005858531090276138,0,Sideways,fixed holdout
2023-05-10,0.9993348532021828,0.0006651467978171287,0,Sideways,fixed holdout
2023-05-11,0.9995442575321809,0.0004557424678191151,0,Sideways,fixed holdout
2023-05-12,0.9994067349206225,0.0005932650793775854,0,Sideways,fixed holdout
2023-05-15,0.9996101125590888,0.00038988744091121867,0,Sideways,fixed holdout
2023-05-16,0.9960953087467492,0.0039046912532507087,0,Sideways,fixed holdout
2023-05-17,0.9976217535971105,0.002378246402889626,0,Sideways,fixed holdout
2023-05-18,0.9992376806830454,0.0007623193169546082,0,Sideways,fixed holdout
2023-05-19,0.9995688442989377,0.0004311557010623965,0,Sideways,fixed holdout
2023-05-22,0.9996530312027252,0.00034696879727488236,0,Sideways,fixed holdout
2023-05-23,0.9993546718326355,0.0006453281673644073,0,Sideways,fixed holdout
2023-05-24,0.9978861007102263,0.0021138992897736207,0,Sideways,fixed holdout
2023-05-25,0.9995807227575957,0.00041927724240433984,0,Sideways,fixed holdout
2023-05-26,0.9832820714293398,0.016717928570660276,0,Sideways,fixed holdout
2023-05-30,0.9972401317870466,0.0027598682129533632,0,Sideways,fixed holdout
2023-05-31,0.9988026100855026,0.0011973899144974139,0,Sideways,fixed holdout
2023-06-01,0.9931652521896781,0.0068347478103219245,0,Bull,fixed holdout
2023-06-02,0.9917570595200349,0.008242940479965044,0,Bull,fixed holdout
2023-06-05,0.9973301804783811,0.002669819521618904,0,Bull,fixed holdout
2023-06-06,0.9976951833191552,0.0023048166808448327,0,Bull,fixed holdout
2023-06-07,0.9983799041058683,0.001620095894131738,0,Bull,fixed holdout
2023-06-08,0.9980519059443972,0.0019480940556028086,0,Bull,fixed holdout
2023-06-09,0.9991260936306304,0.000873906369369602,0,Bull,fixed holdout
2023-06-12,0.9994621335097433,0.0005378664902566906,0,Bull,fixed holdout
2023-06-13,0.9995949463259466,0.00040505367405336396,0,Bull,fixed holdout
2023-06-14,0.999735072964145,0.00026492703585504027,0,Bull,fixed holdout
2023-06-15,0.9970287636995138,0.002971236300486242,0,Bull,fixed holdout
2023-06-16,0.9993715412164762,0.0006284587835238221,0,Bull,fixed holdout
2023-06-20,0.9985681906613549,0.0014318093386450732,0,Bull,fixed holdout
2023-06-21,0.9994092646105799,0.0005907353894201415,0,Bull,fixed holdout
2023-06-22,0.9984404897622395,0.001559510237760416,0,Bull,fixed holdout
2023-06-23,0.9982532657942724,0.0017467342057275526,0,Bull,fixed holdout
2023-06-26,0.999423559067386,0.0005764409326140734,0,Bull,fixed holdout
2023-06-27,0.9993689781626175,0.0006310218373825581,0,Bull,fixed holdout
2023-06-28,0.999658767189077,0.0003412328109229933,0,Bull,fixed holdout
2023-06-29,0.9997298756847494,0.0002701243152506055,0,Bull,fixed holdout
2023-06-30,0.9981459518730356,0.0018540481269644577,0,Bull,fixed holdout
2023-07-03,0.9996125935418166,0.0003874064581833491,0,Bull,fixed holdout
2023-07-05,0.9994623270327294,0.0005376729672705155,0,Bull,fixed holdout
2023-07-06,0.9863579034186688,0.013642096581331191,0,Bull,fixed holdout
2023-07-07,0.9979279842437422,0.0020720157562579083,0,Bull,fixed holdout
2023-07-10,0.9988620172007865,0.0011379827992135593,0,Bull,fixed holdout
2023-07-11,0.9970523734216634,0.0029476265783365484,0,Bull,fixed holdout
2023-07-12,0.9651601709488795,0.03483982905112036,0,Bull,fixed holdout
2023-07-13,0.9420515094240683,0.0579484905759316,0,Bull,fixed holdout
2023-07-14,0.9609544120496404,0.03904558795035963,0,Bull,fixed holdout
2023-07-17,0.9908118003876175,0.009188199612382514,0,Bull,fixed holdout
2023-07-18,0.9963599540874989,0.0036400459125010974,0,Bull,fixed holdout
2023-07-19,0.9985896033539488,0.0014103966460511672,0,Bull,fixed holdout
2023-07-20,0.9919926112580737,0.008007388741926283,0,Bull,fixed holdout
2023-07-21,0.9979485075032044,0.0020514924967955776,0,Bull,fixed holdout
2023-07-24,0.9989524287412048,0.0010475712587952278,0,Bull,fixed holdout
2023-07-25,0.999418515642105,0.0005814843578950348,0,Bull,fixed holdout
2023-07-26,0.9995741557619475,0.0004258442380525517,0,Bull,fixed holdout
2023-07-27,0.9737057119914709,0.02629428800852916,0,Bull,fixed holdout
2023-07-28,0.9610751596962147,0.03892484030378524,0,Bull,fixed holdout
2023-07-31,0.9908638369704481,0.009136163029551905,0,Bull,fixed holdout
2023-08-01,0.9811253518954546,0.018874648104545463,0,Bull,fixed holdout
2023-08-02,0.6514950370619482,0.3485049629380518,0,Bull,fixed holdout
2023-08-03,0.7399362253072415,0.26006377469275865,0,Bull,fixed holdout
2023-08-04,0.8979403944403607,0.10205960555963944,0,Bull,fixed holdout
2023-08-07,0.9757196173164568,0.024280382683543204,0,Bull,fixed holdout
2023-08-08,0.9947432136281836,0.005256786371816367,0,Bull,fixed holdout
2023-08-09,0.9986311713450197,0.001368828654980323,0,Bull,fixed holdout
2023-08-10,0.9990892422851969,0.0009107577148029949,0,Bull,fixed holdout
2023-08-11,0.9993670534279697,0.0006329465720302497,0,Bull,fixed holdout
2023-08-14,0.9996653063671898,0.0003346936328102283,0,Bull,fixed holdout
2023-08-15,0.9974895308769043,0.0025104691230957523,0,Bull,fixed holdout
2023-08-16,0.9979820606759315,0.0020179393240684867,0,Bull,fixed holdout
2023-08-17,0.999371925486918,0.0006280745130820167,0,Bull,fixed holdout
2023-08-18,0.9996460634476007,0.0003539365523993142,0,Bull,fixed holdout
2023-08-21,0.9997447036157294,0.0002552963842706424,0,Bull,fixed holdout
2023-08-22,0.9997950331953028,0.00020496680469712981,0,Bull,fixed holdout
2023-08-23,0.9508555169725965,0.049144483027403485,0,Bull,fixed holdout
2023-08-24,0.9442567977259826,0.05574320227401742,0,Bull,fixed holdout
2023-08-25,0.9840829022537915,0.01591709774620855,0,Bull,fixed holdout
2023-08-28,0.9922679762201974,0.007732023779802631,0,Bull,fixed holdout
2023-08-29,0.9309172204031138,0.06908277959688615,0,Bull,fixed holdout
2023-08-30,0.981230348780954,0.01876965121904598,0,Bull,fixed holdout
2023-08-31,0.9952216350145122,0.0047783649854877056,0,Bull,fixed holdout
2023-09-01,0.9984863843271582,0.0015136156728418515,0,Bull,fixed holdout
2023-09-05,0.992218024938961,0.007781975061038837,0,Bull,fixed holdout
2023-09-06,0.9973883373989012,0.0026116626010988333,0,Bull,fixed holdout
2023-09-07,0.9989647117455972,0.0010352882544027696,0,Bull,fixed holdout
2023-09-08,0.9994264810153135,0.0005735189846864862,0,Bull,fixed holdout
2023-09-11,0.9994235073951498,0.0005764926048501636,0,Bull,fixed holdout
2023-09-12,0.9996261694113714,0.00037383058862856025,0,Bull,fixed holdout
2023-09-13,0.9997554219559064,0.0002445780440935714,0,Bull,fixed holdout
2023-09-14,0.9994704530645931,0.0005295469354069123,0,Bull,fixed holdout
2023-09-15,0.9993721425462853,0.0006278574537147436,0,Bull,fixed holdout
2023-09-18,0.9997547347132232,0.00024526528677685074,0,Bull,fixed holdout
2023-09-19,0.9997582366121374,0.00024176338786265167,0,Bull,fixed holdout
2023-09-20,0.9997602301508927,0.00023976984910741665,0,Bull,fixed holdout
2023-09-21,0.7311795309935953,0.2688204690064047,0,Bull,fixed holdout
2023-09-22,0.9472663861093804,0.05273361389061961,0,Bull,fixed holdout
2023-09-25,0.9903038461026208,0.009696153897379187,0,Bull,fixed holdout
2023-09-26,0.9846633107542474,0.015336689245752677,0,Bull,fixed holdout
2023-09-27,0.997957779241163,0.002042220758836994,0,Bull,fixed holdout
2023-09-28,0.9983659928069931,0.0016340071930068603,0,Bull,fixed holdout
2023-09-29,0.9990800285232556,0.0009199714767443737,0,Bull,fixed holdout
2023-10-02,0.994923809292758,0.0050761907072418835,0,Bull,fixed holdout
2023-10-03,0.9019417847489991,0.09805821525100097,0,Bull,fixed holdout
2023-10-04,0.9753112833062333,0.024688716693766606,0,Bull,fixed holdout
2023-10-05,0.9951782426542277,0.004821757345772358,0,Bull,fixed holdout
2023-10-06,0.9962350383091431,0.0037649616908570008,0,Bull,fixed holdout
2023-10-09,0.9621881636437867,0.03781183635621321,0,Bull,fixed holdout
2023-10-10,0.9803638550664262,0.0196361449335738,0,Bull,fixed holdout
2023-10-11,0.9848562150500562,0.015143784949943825,0,Bull,fixed holdout
2023-10-12,0.8363743992100595,0.16362560078994046,0,Bull,fixed holdout
2023-10-13,0.9065962307881762,0.09340376921182379,0,Bull,fixed holdout
2023-10-16,0.9704930323556422,0.029506967644357892,0,Bull,fixed holdout
2023-10-17,0.9922739530941121,0.0077260469058879205,0,Bull,fixed holdout
2023-10-18,0.9712261676794126,0.02877383232058749,0,Bull,fixed holdout
2023-10-19,0.966308897847003,0.03369110215299701,0,Bull,fixed holdout
2023-10-20,0.9879330452963525,0.012066954703647553,0,Bull,fixed holdout
2023-10-23,0.9976105947791157,0.0023894052208842495,0,Bull,fixed holdout
2023-10-24,0.9962872586131168,0.0037127413868831703,0,Bull,fixed holdout
2023-10-25,0.9289051474577448,0.07109485254225525,0,Sideways,fixed holdout
2023-10-26,0.9840440905518437,0.015955909448156252,0,Sideways,fixed holdout
2023-10-27,0.9966678640641053,0.003332135935894663,0,Sideways,fixed holdout
2023-10-30,0.9986025176737131,0.0013974823262869693,0,Sideways,fixed holdout
2023-10-31,0.9991456401255882,0.0008543598744118922,0,Sideways,fixed holdout
2023-11-01,0.9888005213693845,0.0111994786306156,0,Bull,fixed holdout
2023-11-02,0.12288099355987715,0.8771190064401229,0,Bull,fixed holdout
2023-11-03,0.013254796347815567,0.9867452036521844,0,Bull,fixed holdout
2023-11-06,0.020010992136824255,0.9799890078631758,0,Bull,fixed holdout
2023-11-07,0.05701739289012711,0.9429826071098729,0,Bull,fixed holdout
2023-11-08,0.15244313378166974,0.8475568662183303,0,Bull,fixed holdout
2023-11-09,0.03799944024617064,0.9620005597538294,0,Bull,fixed holdout
2023-11-10,0.042901893795845594,0.9570981062041544,0,Bull,fixed holdout
2023-11-13,0.15680626781224272,0.8431937321877573,0,Bull,fixed holdout
2023-11-14,9.630120900150689e-07,0.99999903698791,0,Bull,fixed holdout
2023-11-15,0.003663747638816236,0.9963362523611837,0,Bull,fixed holdout
2023-11-16,0.00811297906016665,0.9918870209398334,0,Bull,fixed holdout
2023-11-17,0.013238876700548189,0.9867611232994518,0,Bull,fixed holdout
2023-11-20,0.01867659900226054,0.9813234009977395,0,Bull,fixed holdout
2023-11-21,0.04999172991563422,0.9500082700843658,0,Bull,fixed holdout
2023-11-22,0.14909808735132124,0.8509019126486789,0,Bull,fixed holdout
2023-11-24,0.40454373570490304,0.595456264295097,0,Bull,fixed holdout
2023-11-27,0.794749627006778,0.2052503729932221,0,Bull,fixed holdout
2023-11-28,0.9572699576082684,0.04273004239173164,0,Bull,fixed holdout
2023-11-29,0.994547050886886,0.005452949113114089,0,Bull,fixed holdout
2023-11-30,0.9985481671136346,0.0014518328863654354,0,Bull,fixed holdout
2023-12-01,0.975560263869161,0.024439736130839027,0,Bull,fixed holdout
2023-12-04,0.9863629066152035,0.013637093384796413,0,Bull,fixed holdout
2023-12-05,0.9966796853235093,0.003320314676490638,0,Bull,fixed holdout
2023-12-06,0.9985911263027393,0.0014088736972607174,0,Bull,fixed holdout
2023-12-07,0.9990554642637053,0.0009445357362947097,0,Bull,fixed holdout
2023-12-08,0.9993725525515137,0.0006274474484863078,0,Bull,fixed holdout
2023-12-11,0.9996118964517917,0.00038810354820823965,0,Bull,fixed holdout
2023-12-12,0.9997325055077918,0.00026749449220820574,0,Bull,fixed holdout
2023-12-13,0.09631894676711951,0.9036810532328805,0,Bull,fixed holdout
2023-12-14,0.006938377586134678,0.9930616224138653,0,Bull,fixed holdout
2023-12-15,0.02196504070017308,0.978034959299827,0,Bull,fixed holdout
2023-12-18,0.07794305871793061,0.9220569412820694,0,Bull,fixed holdout
2023-12-19,0.11584786260104546,0.8841521373989545,0,Bull,fixed holdout
2023-12-20,0.04457724852684852,0.9554227514731515,0,Bull,fixed holdout
2023-12-21,0.04770811092277561,0.9522918890772244,0,Bull,fixed holdout
2023-12-22,0.18063226830429469,0.8193677316957054,0,Bull,fixed holdout
2023-12-26,0.38014680362436154,0.6198531963756385,0,Bull,fixed holdout
2023-12-27,0.729218093255524,0.27078190674447594,0,Bull,fixed holdout
2023-12-28,0.9484764060811649,0.051523593918835146,0,Bull,fixed holdout
2023-12-29,0.9796240755769575,0.020375924423042552,0,Bull,fixed holdout
2024-01-02,0.9838060268516441,0.01619397314835591,0,Bull,fixed holdout
2024-01-03,0.9833896207356579,0.016610379264342074,0,Bull,fixed holdout
2024-01-04,0.9932764576722592,0.006723542327740725,0,Bull,fixed holdout
2024-01-05,0.99817184810232,0.001828151897680129,0,Bull,fixed holdout
2024-01-08,0.9956052462551347,0.004394753744865329,0,Bull,fixed holdout
2024-01-09,0.9981117576640645,0.001888242335935601,0,Bull,fixed holdout
2024-01-10,0.9991863067406151,0.0008136932593848896,0,Bull,fixed holdout
2024-01-11,0.9994687280074664,0.0005312719925335586,0,Bull,fixed holdout
2024-01-12,0.9995790463880245,0.00042095361197557217,0,Bull,fixed holdout
2024-01-16,0.9831843638251914,0.01681563617480866,0,Bull,fixed holdout
2024-01-17,0.9892553577646813,0.010744642235318643,0,Bull,fixed holdout
2024-01-18,0.997139092272979,0.002860907727020949,0,Bull,fixed holdout
2024-01-19,0.9964166190639294,0.0035833809360705762,0,Bull,fixed holdout
2024-01-22,0.9983892087221844,0.00161079127781556,0,Bull,fixed holdout
2024-01-23,0.9992156453891248,0.0007843546108752318,0,Bull,fixed holdout
2024-01-24,0.9994974194838704,0.0005025805161297046,0,Bull,fixed holdout
2024-01-25,0.9990423197203278,0.0009576802796722944,0,Bull,fixed holdout
2024-01-26,0.9996104373567928,0.0003895626432071833,0,Bull,fixed holdout
2024-01-29,0.9992464622654587,0.0007535377345413429,0,Bull,fixed holdout
2024-01-30,0.9996779712168435,0.00032202878315644483,0,Bull,fixed holdout
2024-01-31,0.9988334810714197,0.0011665189285803151,0,Bull,fixed holdout
2024-02-01,0.993803725156461,0.006196274843539075,0,Bull,fixed holdout
2024-02-02,0.9952876759674089,0.004712324032591089,0,Bull,fixed holdout
2024-02-05,0.9910382815693216,0.008961718430678296,0,Bull,fixed holdout
2024-02-06,0.9903859462422245,0.00961405375777547,0,Bull,fixed holdout
2024-02-07,0.9975387117475204,0.0024612882524796976,0,Bull,fixed holdout
2024-02-08,0.9989724461233789,0.0010275538766211063,0,Bull,fixed holdout
2024-02-09,0.9992256174295211,0.0007743825704789515,0,Bull,fixed holdout
2024-02-12,0.9995367355895467,0.0004632644104532791,0,Bull,fixed holdout
2024-02-13,0.21109510010375931,0.7889048998962407,0,Bull,fixed holdout
2024-02-14,0.13541038569896843,0.8645896143010317,0,Bull,fixed holdout
2024-02-15,0.05563091972279003,0.9443690802772099,0,Bull,fixed holdout
2024-02-16,0.0883618951722181,0.911638104827782,0,Bull,fixed holdout
2024-02-20,0.24361265464915777,0.7563873453508423,0,Bull,fixed holdout
2024-02-21,0.609738189790523,0.3902618102094771,0,Bull,fixed holdout
2024-02-22,0.6508746682944755,0.3491253317055245,0,Bull,fixed holdout
2024-02-23,0.9205940091903481,0.07940599080965201,0,Bull,fixed holdout
2024-02-26,0.9887209975385232,0.011279002461476948,0,Bull,fixed holdout
2024-02-27,0.9983454629289524,0.0016545370710476022,0,Bull,fixed holdout
2024-02-28,0.9993157628929177,0.0006842371070823727,0,Bull,fixed holdout
2024-02-29,0.9993886894051174,0.000611310594882634,0,Bull,fixed holdout
2024-03-01,0.9950963017600123,0.004903698239987657,0,Bull,fixed holdout
2024-03-04,0.9992054840094259,0.0007945159905741274,0,Bull,fixed holdout
2024-03-05,0.9992564143754259,0.0007435856245741694,0,Bull,fixed holdout
2024-03-06,0.998644171678241,0.0013558283217589826,0,Bull,fixed holdout
2024-03-07,0.9991705636079202,0.0008294363920797923,0,Bull,fixed holdout
2024-03-08,0.9996204336532396,0.00037956634676040215,0,Bull,fixed holdout
2024-03-11,0.9997003695557238,0.0002996304442762603,0,Bull,fixed holdout
2024-03-12,0.9997913002734412,0.00020869972655875583,0,Bull,fixed holdout
2024-03-13,0.9998428086681255,0.0001571913318745102,0,Bull,fixed holdout
2024-03-14,0.9987432735950479,0.0012567264049521624,0,Bull,fixed holdout
2024-03-15,0.9996401255664004,0.00035987443359969065,0,Bull,fixed holdout
2024-03-18,0.999774578313879,0.00022542168612102936,0,Bull,fixed holdout
2024-03-19,0.9998289512249044,0.00017104877509562278,0,Bull,fixed holdout
2024-03-20,0.9992890581881132,0.0007109418118868508,0,Bull,fixed holdout
2024-03-21,0.9997790737717177,0.0002209262282822453,0,Bull,fixed holdout
2024-03-22,0.9997623308996916,0.00023766910030844206,0,Bull,fixed holdout
2024-03-25,0.9998435937860113,0.00015640621398870625,0,Bull,fixed holdout
2024-03-26,0.9998773147716619,0.0001226852283381781,0,Bull,fixed holdout
2024-03-27,0.9990020561206917,0.000997943879308265,0,Bull,fixed holdout
2024-03-28,0.9997744322824228,0.0002255677175772051,0,Bull,fixed holdout
2024-04-01,0.9995684186215478,0.00043158137845220686,0,Bull,fixed holdout
2024-04-02,0.9996940166377177,0.0003059833622823134,0,Bull,fixed holdout
2024-04-03,0.9997514596186584,0.0002485403813416658,0,Bull,fixed holdout
2024-04-04,0.999682691803681,0.0003173081963190381,0,Bull,fixed holdout
2024-04-05,0.9998000387892988,0.0001999612107012134,0,Bull,fixed holdout
2024-04-08,0.9998321189016421,0.00016788109835785952,0,Bull,fixed holdout
2024-04-09,0.9998145303913604,0.00018546960863966222,0,Bull,fixed holdout
2024-04-10,0.6616295854452268,0.33837041455477307,0,Bull,fixed holdout
2024-04-11,0.8658894028414706,0.13411059715852938,0,Bull,fixed holdout
2024-04-12,0.7977790483833708,0.20222095161662912,0,Bull,fixed holdout
2024-04-15,0.7898308402810115,0.21016915971898845,0,Bull,fixed holdout
2024-04-16,0.9166668513225676,0.08333314867743236,0,Bull,fixed holdout
2024-04-17,0.986276394158557,0.01372360584144303,0,Bull,fixed holdout
2024-04-18,0.9981379392181928,0.0018620607818071466,0,Bull,fixed holdout
2024-04-19,0.9993483717455389,0.0006516282544611128,0,Bull,fixed holdout
2024-04-22,0.9992305390039803,0.0007694609960197428,0,Bull,fixed holdout
2024-04-23,0.9975962455927716,0.0024037544072284976,0,Bull,fixed holdout
2024-04-24,0.9991679537627876,0.000832046237212494,0,Bull,fixed holdout
2024-04-25,0.9994438414114462,0.0005561585885538827,0,Bull,fixed holdout
2024-04-26,0.9987279125704372,0.001272087429562785,0,Bull,fixed holdout
2024-04-29,0.9991084082710072,0.0008915917289928111,0,Bull,fixed holdout
2024-04-30,0.8061633124630013,0.19383668753699873,0,Bull,fixed holdout
2024-05-01,0.9510552981449567,0.04894470185504334,0,Bull,fixed holdout
2024-05-02,0.8726570904272114,0.1273429095727886,0,Bull,fixed holdout
2024-05-03,0.825570170887669,0.17442982911233096,0,Bull,fixed holdout
2024-05-06,0.8818678797031678,0.11813212029683219,0,Bull,fixed holdout
2024-05-07,0.9730991079388145,0.02690089206118551,0,Bull,fixed holdout
2024-05-08,0.9919388157778863,0.008061184222113616,0,Bull,fixed holdout
2024-05-09,0.9941596862725478,0.00584031372745222,0,Bull,fixed holdout
2024-05-10,0.9983052675567328,0.0016947324432671773,0,Bull,fixed holdout
2024-05-13,0.999185421897234,0.0008145781027659311,0,Bull,fixed holdout
2024-05-14,0.9990902051768602,0.0009097948231397437,0,Bull,fixed holdout
2024-05-15,0.9900856825348839,0.009914317465116017,0,Bull,fixed holdout
2024-05-16,0.9980698990357472,0.001930100964252891,0,Bull,fixed holdout
2024-05-17,0.999263210871441,0.0007367891285589726,0,Bull,fixed holdout
2024-05-20,0.9995552172124352,0.00044478278756479096,0,Bull,fixed holdout
2024-05-21,0.9996742107260078,0.0003257892739921801,0,Bull,fixed holdout
2024-05-22,0.9987470401311104,0.0012529598688895969,0,Bull,fixed holdout
2024-05-23,0.9911705716634143,0.008829428336585649,0,Bull,fixed holdout
2024-05-24,0.9970376619478976,0.0029623380521024696,0,Bull,fixed holdout
2024-05-28,0.9990616414698862,0.0009383585301138553,0,Bull,fixed holdout
2024-05-29,0.9847613598075421,0.015238640192457865,0,Bull,fixed holdout
2024-05-30,0.9971046183635147,0.0028953816364852476,0,Bull,fixed holdout
2024-05-31,0.9985516644673637,0.0014483355326363014,0,Bull,fixed holdout
2024-06-03,0.9990515403201607,0.0009484596798393033,0,Bull,fixed holdout
2024-06-04,0.9994390322140543,0.0005609677859457064,0,Bull,fixed holdout
2024-06-05,0.996332421756025,0.0036675782439750046,0,Bull,fixed holdout
2024-06-06,0.9992181637428452,0.000781836257154829,0,Bull,fixed holdout
2024-06-07,0.9391131400079561,0.06088685999204393,0,Bull,fixed holdout
2024-06-10,0.9860231227566483,0.01397687724335169,0,Bull,fixed holdout
2024-06-11,0.9973109852404919,0.0026890147595081916,0,Bull,fixed holdout
2024-06-12,0.9930776319556426,0.006922368044357476,0,Bull,fixed holdout
2024-06-13,0.9983145694968719,0.0016854305031280975,0,Bull,fixed holdout
2024-06-14,0.9991946193779351,0.0008053806220649912,0,Bull,fixed holdout
2024-06-17,0.9994965625986173,0.0005034374013826812,0,Bull,fixed holdout
2024-06-18,0.9994029412363533,0.0005970587636467122,0,Bull,fixed holdout
2024-06-20,0.9996579074124337,0.0003420925875663873,0,Bull,fixed holdout
2024-06-21,0.9996683229840042,0.0003316770159958244,0,Bull,fixed holdout
2024-06-24,0.999785737737039,0.00021426226296097754,0,Bull,fixed holdout
2024-06-25,0.9998403325273246,0.00015966747267538112,0,Bull,fixed holdout
2024-06-26,0.9997616001283208,0.00023839987167915177,0,Bull,fixed holdout
2024-06-27,0.9997593289028335,0.00024067109716648872,0,Bull,fixed holdout
2024-06-28,0.9998227517630067,0.00017724823699328155,0,Bull,fixed holdout
2024-07-01,0.9998696343209601,0.0001303656790398981,0,Bull,fixed holdout
2024-07-02,0.9998068041731873,0.00019319582681260136,0,Bull,fixed holdout
2024-07-03,0.9994223535829119,0.0005776464170880742,0,Bull,fixed holdout
2024-07-05,0.9996322295624022,0.0003677704375978513,0,Bull,fixed holdout
2024-07-08,0.9998132241755083,0.00018677582449167545,0,Bull,fixed holdout
2024-07-09,0.9998418871243578,0.00015811287564210314,0,Bull,fixed holdout
2024-07-10,0.9996779011962422,0.0003220988037577978,0,Bull,fixed holdout
2024-07-11,0.9993852273491516,0.0006147726508483924,0,Bull,fixed holdout
2024-07-12,0.9997445453305913,0.00025545466940875907,0,Bull,fixed holdout
2024-07-15,0.9998358271285839,0.0001641728714161389,0,Bull,fixed holdout
2024-07-16,0.9987199491355088,0.0012800508644912416,0,Bull,fixed holdout
2024-07-17,0.9982601147839083,0.0017398852160917405,0,Bull,fixed holdout
2024-07-18,0.9937927279233039,0.00620727207669609,0,Bull,fixed holdout
2024-07-19,0.9912042509079385,0.00879574909206147,0,Bull,fixed holdout
2024-07-22,0.9939997964494952,0.0060002035505048595,0,Bull,fixed holdout
2024-07-23,0.9981143877338886,0.0018856122661114402,0,Bull,fixed holdout
2024-07-24,0.8277893923414718,0.17221060765852825,0,Bull,fixed holdout
2024-07-25,0.9466998812686293,0.0533001187313708,0,Bull,fixed holdout
2024-07-26,0.9121957421491469,0.08780425785085319,0,Bull,fixed holdout
2024-07-29,0.9745922537101515,0.025407746289848442,0,Bull,fixed holdout
2024-07-30,0.9946466080319442,0.005353391968055856,0,Bull,fixed holdout
2024-07-31,0.8394603047656088,0.16053969523439118,0,Bull,fixed holdout
2024-08-01,0.4420545830035721,0.557945416996428,0,Bull,fixed holdout
2024-08-02,0.2742516244730303,0.7257483755269697,0,Bull,fixed holdout
2024-08-05,0.0004037974344645973,0.9995962025655354,0,Bull,fixed holdout
2024-08-06,0.015119865332156715,0.9848801346678433,0,Bull,fixed holdout
2024-08-07,0.03462184960247088,0.9653781503975292,0,Bull,fixed holdout
2024-08-08,0.0012405885391904043,0.9987594114608096,0,Bull,fixed holdout
2024-08-09,0.01109329579006337,0.9889067042099366,0,Bull,fixed holdout
2024-08-12,0.03148268661368863,0.9685173133863114,0,Bull,fixed holdout
2024-08-13,0.012249905829559407,0.9877500941704406,0,Bull,fixed holdout
2024-08-14,0.055204063673857745,0.9447959363261422,0,Bull,fixed holdout
2024-08-15,0.06336516822703822,0.9366348317729617,0,Bull,fixed holdout
2024-08-16,0.18490715041504402,0.815092849584956,0,Bull,fixed holdout
2024-08-19,0.4069761917641421,0.5930238082358579,0,Bull,fixed holdout
2024-08-20,0.8126995427547471,0.1873004572452529,0,Bull,fixed holdout
2024-08-21,0.9726702356577849,0.027329764342215183,0,Bull,fixed holdout
2024-08-22,0.9792538011658161,0.02074619883418399,0,Bull,fixed holdout
2024-08-23,0.6340945768538677,0.3659054231461323,0,Bull,fixed holdout
2024-08-26,0.8092883944722901,0.19071160552771002,0,Bull,fixed holdout
2024-08-27,0.9458484324681617,0.05415156753183833,0,Bull,fixed holdout
2024-08-28,0.9680086639163518,0.03199133608364827,0,Bull,fixed holdout
2024-08-29,0.9932918531087174,0.006708146891282571,0,Bull,fixed holdout
2024-08-30,0.9982993610659949,0.0017006389340050374,0,Bull,fixed holdout
2024-09-03,0.9626516152420211,0.03734838475797896,0,Bull,fixed holdout
2024-09-04,0.9918883082045292,0.008111691795470787,0,Bull,fixed holdout
2024-09-05,0.9978945658177572,0.0021054341822429306,0,Bull,fixed holdout
2024-09-06,0.963114365419294,0.03688563458070604,0,Bull,fixed holdout
2024-09-09,0.9751337968776552,0.024866203122344777,0,Bull,fixed holdout
2024-09-10,0.9937090594040291,0.006290940595970892,0,Bull,fixed holdout
2024-09-11,0.9966686966741198,0.0033313033258801947,0,Bull,fixed holdout
2024-09-12,0.9951245830643323,0.004875416935667773,0,Bull,fixed holdout
2024-09-13,0.9962482891439458,0.003751710856054165,0,Bull,fixed holdout
2024-09-16,0.9986053961817404,0.0013946038182595726,0,Bull,fixed holdout
2024-09-17,0.9992818892943881,0.0007181107056119706,0,Bull,fixed holdout
2024-09-18,0.9988871437718596,0.0011128562281403865,0,Bull,fixed holdout
2024-09-19,0.9765326899121087,0.023467310087891165,0,Bull,fixed holdout
2024-09-20,0.9954866202270629,0.004513379772937088,0,Bull,fixed holdout
2024-09-23,0.9987838395273234,0.0012161604726765717,0,Bull,fixed holdout
2024-09-24,0.9978202198961398,0.002179780103860263,0,Bull,fixed holdout
2024-09-25,0.9970297723499701,0.002970227650029849,0,Bull,fixed holdout
2024-09-26,0.998018387081269,0.001981612918731071,0,Bull,fixed holdout
2024-09-27,0.9992702825384491,0.0007297174615508734,0,Bull,fixed holdout
2024-09-30,0.9993924196607538,0.0006075803392462888,0,Bull,fixed holdout
2024-10-01,0.9996247436190959,0.00037525638090408505,0,Bull,fixed holdout
2024-10-02,0.9997409384552431,0.0002590615447568831,0,Bull,fixed holdout
2024-10-03,0.999569944931207,0.00043005506879301885,0,Bull,fixed holdout
2024-10-04,0.9997856777566259,0.00021432224337413072,0,Bull,fixed holdout
2024-10-07,0.9997187797574331,0.0002812202425669876,0,Bull,fixed holdout
2024-10-08,0.9998231653507924,0.00017683464920756662,0,Bull,fixed holdout
2024-10-09,0.9998747744186616,0.00012522558133849977,0,Bull,fixed holdout
2024-10-10,0.9999054199732541,9.458002674590504e-05,0,Bull,fixed holdout
2024-10-11,0.9997879913506897,0.00021200864931029847,0,Bull,fixed holdout
2024-10-14,0.9999004406272217,9.955937277833385e-05,0,Bull,fixed holdout
2024-10-15,0.9998678486993013,0.00013215130069865738,0,Bull,fixed holdout
2024-10-16,0.999824216011575,0.00017578398842489957,0,Bull,fixed holdout
2024-10-17,0.9998650624449686,0.0001349375550313722,0,Bull,fixed holdout
2024-10-18,0.9998694721172895,0.00013052788271052693,0,Bull,fixed holdout
2024-10-21,0.9990632324761336,0.0009367675238664412,0,Bull,fixed holdout
2024-10-22,0.9997906299305646,0.00020937006943549363,0,Bull,fixed holdout
2024-10-23,0.9994375589911685,0.0005624410088315646,0,Bull,fixed holdout
2024-10-24,0.999699063031856,0.00030093696814401994,0,Bull,fixed holdout
2024-10-25,0.9998168783058934,0.00018312169410671195,0,Bull,fixed holdout
2024-10-28,0.9998679782563058,0.00013202174369428147,0,Bull,fixed holdout
2024-10-29,0.9998969479886745,0.00010305201132559319,0,Bull,fixed holdout
2024-10-30,0.9999177221886287,8.227781137117985e-05,0,Bull,fixed holdout
2024-10-31,0.9987753995951227,0.0012246004048771671,0,Bull,fixed holdout
2024-11-01,0.9997875647274288,0.00021243527257122887,0,Bull,fixed holdout
2024-11-04,0.9994957695177339,0.0005042304822660828,0,Bull,fixed holdout
2024-11-05,0.9971769738553927,0.0028230261446073857,0,Bull,fixed holdout
2024-11-06,0.9992544849633719,0.0007455150366281827,0,Bull,fixed holdout
2024-11-07,0.9826857194041354,0.017314280595864553,0,Bull,fixed holdout
2024-11-08,0.9970969696584413,0.002903030341558718,0,Bull,fixed holdout
2024-11-11,0.9981229427805134,0.0018770572194866633,0,Bull,fixed holdout
2024-11-12,0.9647975599776908,0.035202440022309205,0,Bull,fixed holdout
2024-11-13,0.9894724806027986,0.01052751939720144,0,Bull,fixed holdout
2024-11-14,0.9970097216224334,0.0029902783775666133,0,Bull,fixed holdout
2024-11-15,0.9977262692594193,0.002273730740580664,0,Bull,fixed holdout
2024-11-18,0.9947610849967543,0.005238915003245676,0,Bull,fixed holdout
2024-11-19,0.997583603990023,0.002416396009977051,0,Bull,fixed holdout
2024-11-20,0.9989507478946613,0.0010492521053386819,0,Bull,fixed holdout
2024-11-21,0.9990768161573068,0.000923183842693173,0,Bull,fixed holdout
2024-11-22,0.999167234462861,0.0008327655371389432,0,Bull,fixed holdout
2024-11-25,0.9993650918264725,0.0006349081735274703,0,Bull,fixed holdout
2024-11-26,0.9996428795101818,0.00035712048981818725,0,Bull,fixed holdout
2024-11-27,0.9997526817480815,0.00024731825191843306,0,Bull,fixed holdout
2024-11-29,0.9996240586424385,0.00037594135756141876,0,Bull,fixed holdout
2024-12-02,0.9998150965026791,0.00018490349732097118,0,Bull,fixed holdout
2024-12-03,0.9998614673764881,0.00013853262351199816,0,Bull,fixed holdout
2024-12-04,0.999851860011913,0.00014813998808709344,0,Bull,fixed holdout
2024-12-05,0.9998928542979847,0.00010714570201531772,0,Bull,fixed holdout
2024-12-06,0.9999174390336378,8.256096636215675e-05,0,Bull,fixed holdout
2024-12-09,0.9999333092298535,6.669077014651874e-05,0,Bull,fixed holdout
2024-12-10,0.9998937735324859,0.00010622646751411563,0,Bull,fixed holdout
2024-12-11,0.9998941459251428,0.00010585407485727814,0,Bull,fixed holdout
2024-12-12,0.999449068539073,0.0005509314609268944,0,Bull,fixed holdout
2024-12-13,0.9997817677313493,0.0002182322686506438,0,Bull,fixed holdout
2024-12-16,0.9998672907760245,0.00013270922397546755,0,Bull,fixed holdout
2024-12-17,0.9998525131216042,0.0001474868783959118,0,Bull,fixed holdout
2024-12-18,0.00026983847466741713,0.9997301615253326,0,Bull,fixed holdout
2024-12-19,0.013405929633115016,0.986594070366885,0,Bull,fixed holdout
2024-12-20,0.009527916800421917,0.990472083199578,0,Bull,fixed holdout
2024-12-23,0.033755511253023854,0.9662444887469761,0,Bull,fixed holdout
2024-12-24,0.03835162434700393,0.9616483756529961,0,Bull,fixed holdout
2024-12-26,0.1023340219013319,0.8976659780986682,0,Bull,fixed holdout
2024-12-27,0.10281993395428453,0.8971800660457155,0,Bull,fixed holdout
2024-12-30,0.3108058973226852,0.6891941026773147,0,Bull,fixed holdout
2024-12-31,0.7433495758986045,0.2566504241013955,0,Bull,fixed holdout
2025-01-02,0.9632801646440614,0.0367198353559387,0,Bull,fixed holdout
2025-01-03,0.9933784110846255,0.0066215889153744874,0,Bull,fixed holdout
2025-01-06,0.9988253442625692,0.0011746557374308188,0,Bull,fixed holdout
2025-01-07,0.998180249595572,0.001819750404428051,0,Bull,fixed holdout
2025-01-08,0.9994212326331795,0.0005787673668205341,0,Bull,fixed holdout
2025-01-10,0.9959779260655462,0.004022073934453767,0,Bull,fixed holdout
2025-01-13,0.9992996529619844,0.0007003470380156411,0,Bull,fixed holdout
2025-01-14,0.9993508392638416,0.0006491607361583486,0,Bull,fixed holdout
2025-01-15,0.8496804269421142,0.15031957305788582,0,Bull,fixed holdout
2025-01-16,0.9558865267995391,0.04411347320046092,0,Bull,fixed holdout
2025-01-17,0.990441111653392,0.009558888346608091,0,Bull,fixed holdout
2025-01-21,0.9766752948410907,0.023324705158909262,0,Bull,fixed holdout
2025-01-22,0.994619494262034,0.005380505737966058,0,Bull,fixed holdout
2025-01-23,0.9984580044469077,0.0015419955530923334,0,Bull,fixed holdout
2025-01-24,0.999211149252715,0.0007888507472849865,0,Bull,fixed holdout
2025-01-27,0.9983931492663615,0.0016068507336386222,0,Bull,fixed holdout
2025-01-28,0.9993278341785832,0.0006721658214167748,0,Bull,fixed holdout
2025-01-29,0.999440496264324,0.0005595037356760777,0,Bull,fixed holdout
2025-01-30,0.9984024610828062,0.0015975389171938973,0,Bull,fixed holdout
2025-01-31,0.9988621601188988,0.0011378398811011882,0,Bull,fixed holdout
2025-02-03,0.9994141455562118,0.0005858544437882012,0,Bull,fixed holdout
2025-02-04,0.998271387292431,0.0017286127075689423,0,Bull,fixed holdout
2025-02-05,0.9987117056111147,0.0012882943888853807,0,Bull,fixed holdout
2025-02-06,0.9995650916966782,0.00043490830332179554,0,Bull,fixed holdout
2025-02-07,0.9989030899879706,0.0010969100120294358,0,Bull,fixed holdout
2025-02-10,0.9988425241853793,0.001157475814620706,0,Bull,fixed holdout
2025-02-11,0.9995530547010609,0.0004469452989391117,0,Bull,fixed holdout
2025-02-12,0.9993207671038375,0.0006792328961623516,0,Bull,fixed holdout
2025-02-13,0.9940770127783134,0.005922987221686595,0,Bull,fixed holdout
2025-02-14,0.9990750852020864,0.0009249147979135872,0,Bull,fixed holdout
2025-02-18,0.9994608953124376,0.0005391046875623332,0,Bull,fixed holdout
2025-02-19,0.9996799355938951,0.00032006440610483667,0,Bull,fixed holdout
2025-02-20,0.9997738459419115,0.00022615405808848745,0,Bull,fixed holdout
2025-02-21,0.9985974365876719,0.0014025634123281444,0,Bull,fixed holdout
2025-02-24,0.9995644316878822,0.0004355683121178152,0,Bull,fixed holdout
2025-02-25,0.9997450690126888,0.00025493098731120263,0,Bull,fixed holdout
2025-02-26,0.9998107115912961,0.00018928840870386556,0,Bull,fixed holdout
2025-02-27,0.994898175576482,0.00510182442351803,0,Bull,fixed holdout
2025-02-28,0.9988789807437309,0.00112101925626911,0,Bull,fixed holdout
2025-03-03,0.9992810233206612,0.0007189766793388642,0,Bull,fixed holdout
2025-03-04,0.9995352855952553,0.00046471440474467486,0,Bull,fixed holdout
2025-03-05,0.9985717562338547,0.0014282437661452417,0,Bull,fixed holdout
2025-03-06,0.9780123134872923,0.021987686512707615,0,Bull,fixed holdout
2025-03-07,0.9952036939882848,0.0047963060117152305,0,Bull,fixed holdout
2025-03-10,0.8366065834098418,0.1633934165901582,0,Sideways,fixed holdout
2025-03-11,0.9552642433763078,0.044735756623692245,0,Sideways,fixed holdout
2025-03-12,0.9910292900934543,0.0089707099065458,0,Sideways,fixed holdout
2025-03-13,0.9964974002966223,0.003502599703377748,0,Sideways,fixed holdout
2025-03-14,0.9545787961548731,0.045421203845126976,0,Sideways,fixed holdout
2025-03-17,0.9221616483967129,0.07783835160328723,0,Sideways,fixed holdout
2025-03-18,0.9632226419633154,0.03677735803668463,0,Sideways,fixed holdout
2025-03-19,0.9713820549699705,0.028617945030029485,0,Sideways,fixed holdout
2025-03-20,0.9902313433062825,0.00976865669371741,0,Sideways,fixed holdout
2025-03-21,0.9949317502747026,0.005068249725297429,0,Sideways,fixed holdout
2025-03-24,0.9961354830757078,0.003864516924292285,0,Bull,fixed holdout
2025-03-25,0.9986618716875458,0.0013381283124542147,0,Bull,fixed holdout
2025-03-26,0.996529786128466,0.0034702138715339698,0,Sideways,fixed holdout
2025-03-27,0.9990076629994497,0.000992337000550329,0,Bear,fixed holdout
2025-03-28,0.9983048337039394,0.0016951662960605844,0,Bear,fixed holdout
2025-03-31,0.9990508425459238,0.000949157454076205,0,Bear,fixed holdout
2025-04-01,0.9993936502200835,0.0006063497799164863,0,Bear,fixed holdout
2025-04-02,0.999375637159558,0.0006243628404419433,0,Sideways,fixed holdout
2025-04-03,9.500852913196855e-06,0.9999904991470868,0,Bear,fixed holdout
2025-04-04,3.346948019313493e-16,0.9999999999999996,0,Bear,fixed holdout
2025-04-07,5.9484688276494635e-08,0.9999999405153117,0,Bear,fixed holdout
2025-04-08,1.4194043502668844e-06,0.9999985805956497,1,Bear,fixed holdout
2025-04-09,2.6729927525646346e-31,1.0,1,Bear,fixed holdout
2025-04-10,1.3341419622000888e-12,0.999999999998666,1,Bear,fixed holdout
2025-04-11,4.296404914024429e-09,0.9999999957035951,1,Bear,fixed holdout
2025-04-14,8.058184177948777e-08,0.9999999194181582,1,Bear,fixed holdout
2025-04-15,4.854105036593957e-07,0.9999995145894963,1,Bear,fixed holdout
2025-04-16,1.1066168156490087e-06,0.9999988933831844,1,Bear,fixed holdout
2025-04-17,2.9634868072936297e-06,0.9999970365131927,1,Bear,fixed holdout
2025-04-21,5.616936235777752e-07,0.9999994383063765,1,Bear,fixed holdout
2025-04-22,1.0582499557705344e-06,0.9999989417500443,1,Bear,fixed holdout
2025-04-23,1.6343319089537713e-05,0.9999836566809105,1,Bear,fixed holdout
2025-04-24,1.502423518600594e-06,0.9999984975764814,1,Bear,fixed holdout
2025-04-25,7.195318502466499e-05,0.9999280468149754,1,Bear,fixed holdout
2025-04-28,0.000148997948015733,0.9998510020519843,1,Bear,fixed holdout
2025-04-29,0.0003647211393019141,0.9996352788606981,1,Bear,fixed holdout
2025-04-30,0.00041962886381747167,0.9995803711361826,1,Bear,fixed holdout
2025-05-01,0.001313907924398589,0.9986860920756014,1,Bear,fixed holdout
2025-05-02,0.0006235869652440867,0.9993764130347559,1,Bear,fixed holdout
2025-05-05,0.003952955561259315,0.9960470444387407,1,Bear,fixed holdout
2025-05-06,0.008555371192067741,0.9914446288079323,1,Bear,fixed holdout
2025-05-07,0.014858506542690024,0.9851414934573101,1,Bear,fixed holdout
2025-05-08,0.034413842878846954,0.965586157121153,1,Bear,fixed holdout
2025-05-09,0.0808068160549,0.9191931839451,1,Bear,fixed holdout
2025-05-12,0.03433494758822534,0.9656650524117747,1,Sideways,fixed holdout
2025-05-13,0.1275285147429957,0.8724714852570044,1,Sideways,fixed holdout
2025-05-14,0.20985037846211751,0.7901496215378825,0,Sideways,fixed holdout
2025-05-15,0.36494554934663676,0.6350544506533633,0,Sideways,fixed holdout
2025-05-16,0.7781126867130268,0.22188731328697317,0,Bull,fixed holdout
2025-05-19,0.9702302343250331,0.029769765674966864,0,Bull,fixed holdout
2025-05-20,0.9971913446919309,0.0028086553080690197,0,Bull,fixed holdout
2025-05-21,0.9306372441219002,0.06936275587809987,0,Bull,fixed holdout
2025-05-22,0.9840171691364072,0.015982830863592735,0,Sideways,fixed holdout
2025-05-23,0.9966443902937049,0.003355609706295173,0,Sideways,fixed holdout
2025-05-27,0.9887683169562044,0.011231683043795572,0,Bull,fixed holdout
2025-05-28,0.99367199897668,0.006328001023319945,0,Sideways,fixed holdout
2025-05-29,0.9973818853456058,0.0026181146543942427,0,Sideways,fixed holdout
2025-05-30,0.9986662129989071,0.0013337870010929633,0,Sideways,fixed holdout
2025-06-02,0.9983094061887905,0.001690593811209563,0,Sideways,fixed holdout
2025-06-03,0.9993352246483583,0.0006647753516416712,0,Bull,fixed holdout
2025-06-04,0.9993222252930078,0.0006777747069921146,0,Sideways,fixed holdout
2025-06-05,0.9996071807436435,0.00039281925635655006,0,Sideways,fixed holdout
2025-06-06,0.9997412582640368,0.00025874173596321647,0,Sideways,fixed holdout
2025-06-09,0.9997908784490582,0.00020912155094180576,0,Sideways,fixed holdout
2025-06-10,0.9998115193433206,0.00018848065667951213,0,Bull,fixed holdout
2025-06-11,0.9998829899782887,0.000117010021711321,0,Sideways,fixed holdout
2025-06-12,0.9998570840731639,0.00014291592683622417,0,Bull,fixed holdout
2025-06-13,0.9996699422092487,0.0003300577907513287,0,Sideways,fixed holdout
2025-06-16,0.9998518152599423,0.000148184740057702,0,Sideways,fixed holdout
2025-06-17,0.9998738262969769,0.00012617370302318558,0,Sideways,fixed holdout
2025-06-18,0.9999058884360766,9.411156392335774e-05,0,Sideways,fixed holdout
2025-06-20,0.9999147996114531,8.520038854683435e-05,0,Sideways,fixed holdout
2025-06-23,0.9999069162950852,9.3083704914803e-05,0,Bull,fixed holdout
2025-06-24,0.9998736556244501,0.00012634437554994606,0,Bull,fixed holdout
2025-06-25,0.999887234776841,0.00011276522315891952,0,Bull,fixed holdout
2025-06-26,0.999792067625552,0.00020793237444813656,0,Bull,fixed holdout
2025-06-27,0.9998925851432441,0.00010741485675596638,0,Bull,fixed holdout
2025-06-30,0.9998363990618011,0.00016360093819890473,0,Bull,fixed holdout
2025-07-01,0.9999123507349822,8.76492650179146e-05,0,Bull,fixed holdout
2025-07-02,0.9998951338689461,0.00010486613105396872,0,Bull,fixed holdout
2025-07-03,0.999936744956929,6.325504307108083e-05,0,Bull,fixed holdout
2025-07-07,0.9993160829875554,0.0006839170124445903,0,Bull,fixed holdout
2025-07-08,0.9998386562371276,0.00016134376287241041,0,Bull,fixed holdout
2025-07-09,0.9997576338104656,0.00024236618953447488,0,Bull,fixed holdout
2025-07-10,0.9998793712020828,0.0001206287979171582,0,Bull,fixed holdout
2025-07-11,0.9998473062274308,0.00015269377256929608,0,Bull,fixed holdout
2025-07-14,0.9999040381016715,9.596189832855712e-05,0,Bull,fixed holdout
2025-07-15,0.9997213771455968,0.0002786228544032208,0,Bull,fixed holdout
2025-07-16,0.9998027782297003,0.0001972217702997386,0,Bull,fixed holdout
2025-07-17,0.9998305877861899,0.00016941221381004817,0,Bull,fixed holdout
2025-07-18,0.9998973886072626,0.00010261139273738538,0,Bull,fixed holdout
2025-07-21,0.9998602442885091,0.0001397557114909857,0,Bull,fixed holdout
2025-07-22,0.9998764355183765,0.00012356448162345257,0,Bull,fixed holdout
2025-07-23,0.9999041078004355,9.589219956456525e-05,0,Bull,fixed holdout
2025-07-24,0.9998755474882465,0.00012445251175360384,0,Bull,fixed holdout
2025-07-25,0.9999204459941237,7.955400587644129e-05,0,Bull,fixed holdout
2025-07-28,0.9998695333857173,0.000130466614282749,0,Bull,fixed holdout
2025-07-29,0.9998615414338627,0.00013845856613723577,0,Bull,fixed holdout
2025-07-30,0.999662264889449,0.00033773511055091963,0,Bull,fixed holdout
2025-07-31,0.9997577541489506,0.00024224585104942408,0,Bull,fixed holdout
2025-08-01,0.9998457627665978,0.00015423723340224766,0,Bull,fixed holdout
2025-08-04,0.998449195571603,0.001550804428396896,0,Bull,fixed holdout
2025-08-05,0.9996928956691847,0.0003071043308152734,0,Bull,fixed holdout
2025-08-06,0.9997986562761938,0.00020134372380627174,0,Bull,fixed holdout
2025-08-07,0.9998318773822482,0.00016812261775177702,0,Bull,fixed holdout
2025-08-08,0.9998831496503123,0.00011685034968771922,0,Bull,fixed holdout
2025-08-11,0.9998777796373592,0.00012222036264080584,0,Bull,fixed holdout
2025-08-12,0.9996578396578248,0.00034216034217521106,0,Bull,fixed holdout
2025-08-13,0.9996294237767002,0.0003705762232998278,0,Bull,fixed holdout
2025-08-14,0.9996154814133019,0.00038451858669814263,0,Bull,fixed holdout
2025-08-15,0.9998080743002455,0.00019192569975443193,0,Bull,fixed holdout
2025-08-18,0.9998574484766938,0.00014255152330625687,0,Bull,fixed holdout
2025-08-19,0.9998731306970597,0.00012686930294023802,0,Bull,fixed holdout
2025-08-20,0.999902616917009,9.738308299099774e-05,0,Bull,fixed holdout
2025-08-21,0.999902107248387,9.789275161296001e-05,0,Bull,fixed holdout
2025-08-22,0.9445488816635937,0.05545111833640618,0,Bull,fixed holdout
2025-08-25,0.9884986985629972,0.011501301437002825,0,Bull,fixed holdout
2025-08-26,0.9984192407098683,0.0015807592901317079,0,Bull,fixed holdout
2025-08-27,0.9994110443318834,0.0005889556681165579,0,Bull,fixed holdout
2025-08-28,0.9995177742604394,0.0004822257395606657,0,Bull,fixed holdout
2025-08-29,0.9995950742890414,0.00040492571095865343,0,Bull,fixed holdout
2025-09-02,0.9996946674444835,0.0003053325555164453,0,Bull,fixed holdout
2025-09-03,0.9997288323494056,0.00027116765059443136,0,Bull,fixed holdout
2025-09-04,0.9997234361483622,0.00027656385163772374,0,Bull,fixed holdout
2025-09-05,0.9996768311670535,0.000323168832946478,0,Bull,fixed holdout
2025-09-08,0.9997260946462967,0.0002739053537033919,0,Bull,fixed holdout
2025-09-09,0.9998477049283773,0.0001522950716226891,0,Bull,fixed holdout
2025-09-10,0.9998752240659178,0.00012477593408224128,0,Bull,fixed holdout
2025-09-11,0.9996601001840253,0.00033989981597477284,0,Bull,fixed holdout
2025-09-12,0.9998552306395151,0.00014476936048490614,0,Bull,fixed holdout
2025-09-15,0.9998042286535912,0.0001957713464088312,0,Bull,fixed holdout
2025-09-16,0.9999010993312604,9.890066873964105e-05,0,Bull,fixed holdout
2025-09-17,0.9998757615043331,0.00012423849566690903,0,Bull,fixed holdout
2025-09-18,0.999909365029491,9.063497050897426e-05,0,Bull,fixed holdout
2025-09-19,0.9999222504587812,7.774954121874037e-05,0,Bull,fixed holdout
2025-09-22,0.9999214158578633,7.858414213663298e-05,0,Bull,fixed holdout
2025-09-23,0.9999426052602924,5.739473970762785e-05,0,Bull,fixed holdout
2025-09-24,0.9998802264794762,0.00011977352052388796,0,Bull,fixed holdout
2025-09-25,0.9999066459013206,9.335409867945422e-05,0,Bull,fixed holdout
2025-09-26,0.9998996928408406,0.00010030715915941664,0,Bull,fixed holdout
2025-09-29,0.9998977551642717,0.00010224483572831646,0,Bull,fixed holdout
2025-09-30,0.9999337344726081,6.626552739192541e-05,0,Bull,fixed holdout
2025-10-01,0.9999282000475835,7.17999524164119e-05,0,Bull,fixed holdout
2025-10-02,0.9999497061769844,5.0293823015660466e-05,0,Bull,fixed holdout
2025-10-03,0.9999517758546259,4.8224145374036306e-05,0,Bull,fixed holdout
2025-10-06,0.9999538486875991,4.6151312400899995e-05,0,Bull,fixed holdout
2025-10-07,0.9999533041770916,4.669582290840264e-05,0,Bull,fixed holdout
2025-10-08,0.9999347247849752,6.527521502465584e-05,0,Bull,fixed holdout
2025-10-09,0.9997968361568774,0.00020316384312263854,0,Bull,fixed holdout
2025-10-10,0.9503335648534293,0.049666435146570674,0,Bull,fixed holdout
2025-10-13,0.5475336679426968,0.45246633205730324,0,Bull,fixed holdout
2025-10-14,0.7900076437239417,0.20999235627605828,0,Bull,fixed holdout
2025-10-15,0.8634876109853022,0.13651238901469773,0,Bull,fixed holdout
2025-10-16,0.9729353940768732,0.027064605923126654,0,Bull,fixed holdout
2025-10-17,0.9956421866279705,0.004357813372029402,0,Bull,fixed holdout
2025-10-20,0.968183799726561,0.031816200273438976,0,Bull,fixed holdout
2025-10-21,0.9124923225811096,0.08750767741889033,0,Bull,fixed holdout
2025-10-22,0.9716828885952419,0.028317111404758157,0,Bull,fixed holdout
2025-10-23,0.9901308339066662,0.0098691660933338,0,Bull,fixed holdout
2025-10-24,0.9967557105712188,0.0032442894287810897,0,Bull,fixed holdout
2025-10-27,0.9987416131546979,0.0012583868453021273,0,Bull,fixed holdout
2025-10-28,0.9990343737181949,0.0009656262818051561,0,Bull,fixed holdout
2025-10-29,0.9986664428199936,0.0013335571800064763,0,Bull,fixed holdout
2025-10-30,0.9991202796811144,0.0008797203188856003,0,Bull,fixed holdout
2025-10-31,0.9995681612339841,0.00043183876601588905,0,Bull,fixed holdout
2025-11-03,0.9997076240860574,0.00029237591394261006,0,Bull,fixed holdout
2025-11-04,0.9974508140642494,0.0025491859357506816,0,Bull,fixed holdout
2025-11-05,0.9994008481909857,0.0005991518090143057,0,Bull,fixed holdout
2025-11-06,0.9994984573851181,0.0005015426148819774,0,Bull,fixed holdout
2025-11-07,0.9996893600704814,0.00031063992951869864,0,Bull,fixed holdout
2025-11-10,0.9947329151921834,0.005267084807816498,0,Bull,fixed holdout
2025-11-11,0.9988666439671727,0.001133356032827289,0,Bull,fixed holdout
2025-11-12,0.9995313100068329,0.0004686899931670989,0,Bull,fixed holdout
2025-11-13,0.9617359381879332,0.03826406181206667,0,Bull,fixed holdout
2025-11-14,0.993574800906874,0.0064251990931260055,0,Bull,fixed holdout
2025-11-17,0.9937665475594251,0.006233452440574898,0,Bull,fixed holdout
2025-11-18,0.9986511777394284,0.0013488222605716066,0,Bull,fixed holdout
2025-11-19,0.9993566328290396,0.0006433671709603781,0,Bull,fixed holdout
2025-11-20,0.9972033513493538,0.00279664865064622,0,Bull,fixed holdout
2025-11-21,0.9962890792917046,0.003710920708295395,0,Bull,fixed holdout
2025-11-24,0.9848234584105996,0.01517654158940037,0,Bull,fixed holdout
2025-11-25,0.9909772931770535,0.009022706822946508,0,Bull,fixed holdout
2025-11-26,0.9930428842036172,0.006957115796382712,0,Bull,fixed holdout
2025-11-28,0.9974439031782191,0.002556096821780957,0,Bull,fixed holdout
2025-12-01,0.9971120495728543,0.0028879504271457712,0,Bull,fixed holdout
2025-12-02,0.998905317218317,0.0010946827816830172,0,Bull,fixed holdout
2025-12-03,0.999120069629345,0.0008799303706550561,0,Bull,fixed holdout
2025-12-04,0.9995339570447822,0.0004660429552178121,0,Bull,fixed holdout
2025-12-05,0.9996867660391308,0.000313233960869255,0,Bull,fixed holdout
2025-12-08,0.9995805709599965,0.0004194290400035342,0,Bull,fixed holdout
2025-12-09,0.9997773227175742,0.0002226772824257565,0,Bull,fixed holdout
2025-12-10,0.9993976502778398,0.0006023497221602916,0,Bull,fixed holdout
2025-12-11,0.9997781170161097,0.0002218829838902327,0,Bull,fixed holdout
2025-12-12,0.9984584308325618,0.0015415691674381638,0,Bull,fixed holdout
2025-12-15,0.9996446208063222,0.00035537919367781815,0,Bull,fixed holdout
2025-12-16,0.9997379838148138,0.00026201618518612425,0,Bull,fixed holdout
2025-12-17,0.9997607678858854,0.0002392321141145873,0,Bull,fixed holdout
2025-12-18,0.9997410330357087,0.00025896696429132123,0,Bull,fixed holdout
2025-12-19,0.9997756673609239,0.0002243326390761139,0,Bull,fixed holdout
2025-12-22,0.9996082983817446,0.0003917016182554632,0,Bull,fixed holdout
2025-12-23,0.9997871942656816,0.00021280573431842756,0,Bull,fixed holdout
2025-12-24,0.9998583235015329,0.00014167649846712029,0,Bull,fixed holdout
2025-12-26,0.9998986493846871,0.00010135061531297654,0,Bull,fixed holdout
2025-12-29,0.9996487858276467,0.00035121417235325393,0,Bull,fixed holdout
2025-12-30,0.9998644160953849,0.0001355839046150474,0,Bull,fixed holdout
2025-12-31,0.9994647353386048,0.0005352646613952435,0,Bull,fixed holdout
2026-01-02,0.9996564638454003,0.0003435361545997255,0,Bull,fixed holdout
2026-01-05,0.9966118936939361,0.0033881063060639464,0,Bull,fixed holdout
2026-01-06,0.9992089646131109,0.0007910353868890821,0,Bull,fixed holdout
2026-01-07,0.999419900646894,0.0005800993531059782,0,Bull,fixed holdout
2026-01-08,0.9996727036145516,0.00032729638544839735,0,Bull,fixed holdout
2026-01-09,0.9995694138916161,0.0004305861083837774,0,Bull,fixed holdout
2026-01-12,0.9996718937193448,0.0003281062806552495,0,Bull,fixed holdout
2026-01-13,0.9998270005797745,0.00017299942022548696,0,Bull,fixed holdout
2026-01-14,0.9998553260771192,0.00014467392288077454,0,Bull,fixed holdout
2026-01-15,0.999897634697367,0.00010236530263292794,0,Bull,fixed holdout
2026-01-16,0.999909560627577,9.043937242304965e-05,0,Bull,fixed holdout
2026-01-20,0.9995558180860352,0.0004441819139647482,0,Bull,fixed holdout
2026-01-21,0.9957785594969147,0.004221440503085254,0,Bull,fixed holdout
2026-01-22,0.9992882610336853,0.0007117389663147492,0,Bull,fixed holdout
2026-01-23,0.9996543047421995,0.0003456952578005201,0,Bull,fixed holdout
2026-01-26,0.9997471744201862,0.00025282557981383554,0,Bull,fixed holdout
2026-01-27,0.9994873263226692,0.0005126736773308058,0,Bull,fixed holdout
2026-01-28,0.9998243703734487,0.00017562962655122075,0,Bull,fixed holdout
2026-01-29,0.9998716029211249,0.00012839707887511478,0,Bull,fixed holdout
2026-01-30,0.06491650405985216,0.9350834959401477,0,Bull,fixed holdout
2026-02-02,0.05519131090720708,0.9448086890927929,0,Bull,fixed holdout
2026-02-03,0.06178437722073419,0.9382156227792657,0,Bull,fixed holdout
2026-02-04,0.14826642441855278,0.8517335755814472,0,Bull,fixed holdout
2026-02-05,0.10117867878976258,0.8988213212102375,0,Bull,fixed holdout
2026-02-06,0.0004816753923402281,0.9995183246076598,0,Bull,fixed holdout
2026-02-09,0.006064397419150541,0.9939356025808495,0,Bull,fixed holdout
2026-02-10,0.02885027147661464,0.9711497285233853,0,Bull,fixed holdout
2026-02-11,0.08087730656810335,0.9191226934318966,0,Bull,fixed holdout
2026-02-12,0.012109427290115398,0.9878905727098846,0,Bull,fixed holdout
2026-02-13,0.02124482063327425,0.9787551793667258,0,Bull,fixed holdout
2026-02-17,0.0598614002971332,0.9401385997028667,0,Bull,fixed holdout
2026-02-18,0.14556549885961628,0.8544345011403837,0,Bull,fixed holdout
2026-02-19,0.46414656929372156,0.5358534307062784,0,Bull,fixed holdout
2026-02-20,0.684687317735666,0.31531268226433407,0,Bull,fixed holdout
2026-02-23,0.9394975338059803,0.06050246619401977,0,Bull,fixed holdout
2026-02-24,0.9927620693716169,0.007237930628383097,0,Bull,fixed holdout
2026-02-25,0.9986096701752021,0.001390329824797915,0,Bull,fixed holdout
2026-02-26,0.9994709960476903,0.0005290039523097315,0,Bull,fixed holdout
2026-02-27,0.9996578469899765,0.0003421530100234701,0,Bull,fixed holdout
2026-03-02,0.9997502634550435,0.0002497365449564757,0,Bull,fixed holdout
2026-03-03,0.6729107116899934,0.3270892883100067,0,Bull,fixed holdout
2026-03-04,0.7616205511360301,0.2383794488639698,0,Bull,fixed holdout
2026-03-05,0.6068812897397797,0.3931187102602203,0,Bull,fixed holdout
2026-03-06,0.8248022269219145,0.1751977730780854,0,Bull,fixed holdout
2026-03-09,0.9039604322745025,0.09603956772549747,0,Bull,fixed holdout
2026-03-10,0.9815623679595877,0.01843763204041232,0,Bull,fixed holdout
2026-03-11,0.9963644609653407,0.0036355390346593146,0,Bull,fixed holdout
2026-03-12,0.967430448562458,0.032569551437542026,0,Bull,fixed holdout
2026-03-13,0.988700893428928,0.011299106571072018,0,Bull,fixed holdout
2026-03-16,0.9837462248165061,0.016253775183494003,0,Bull,fixed holdout
2026-03-17,0.9915143327091394,0.008485667290860689,0,Bull,fixed holdout
2026-03-18,0.8576874253157112,0.14231257468428885,0,Bull,fixed holdout
2026-03-19,0.9279786961040305,0.07202130389596953,0,Bull,fixed holdout
2026-03-20,0.0008905381963209719,0.9991094618036791,0,Sideways,fixed holdout
2026-03-23,0.006108938266723053,0.9938910617332769,0,Sideways,fixed holdout
2026-03-24,0.017369754705041943,0.982630245294958,0,Sideways,fixed holdout
2026-03-25,0.004833681990290269,0.9951663180097098,0,Sideways,fixed holdout
2026-03-26,3.747317917228769e-05,0.9999625268208278,0,Sideways,fixed holdout
2026-03-27,0.00795923674202016,0.9920407632579799,0,Sideways,fixed holdout
2026-03-30,0.021640236692473353,0.9783597633075267,0,Sideways,fixed holdout
2026-03-31,2.7161788841667257e-06,0.9999972838211159,0,Sideways,fixed holdout
2026-04-01,0.0015212020213248602,0.9984787979786751,0,Sideways,fixed holdout
2026-04-02,0.004651982506051772,0.9953480174939482,0,Sideways,fixed holdout
2026-04-06,0.009614947431206087,0.9903850525687939,0,Sideways,fixed holdout
2026-04-07,0.021713228524189897,0.9782867714758101,0,Sideways,fixed holdout
2026-04-08,9.740043810110603e-05,0.9999025995618989,0,Bull,fixed holdout
2026-04-09,0.01017831618761232,0.9898216838123878,0,Bull,fixed holdout
2026-04-10,0.02325237943573204,0.9767476205642679,0,Bull,fixed holdout
2026-04-13,0.025844606127823223,0.9741553938721768,0,Bull,fixed holdout
2026-04-14,0.012980842639991592,0.9870191573600084,0,Bull,fixed holdout
2026-04-15,0.0746828383827711,0.9253171616172289,0,Bull,fixed holdout
2026-04-16,0.26399694057124157,0.7360030594287584,0,Bull,fixed holdout
2026-04-17,0.2838202119488189,0.7161797880511811,0,Bull,fixed holdout
2026-04-20,0.6957735265864018,0.30422647341359826,0,Bull,fixed holdout
2026-04-21,0.4395065131916217,0.5604934868083783,0,Bull,fixed holdout
2026-04-22,0.5194097053083085,0.48059029469169157,0,Bull,fixed holdout
2026-04-23,0.7621073291847958,0.23789267081520415,0,Bull,fixed holdout
2026-04-24,0.9028063455341785,0.09719365446582158,0,Bull,fixed holdout
2026-04-27,0.9823627463891029,0.01763725361089708,0,Bull,fixed holdout
2026-04-28,0.9948092761350043,0.005190723864995832,0,Bull,fixed holdout
2026-04-29,0.9980970646887397,0.0019029353112603531,0,Bull,fixed holdout
2026-04-30,0.9833571864351859,0.01664281356481405,0,Bull,fixed holdout
2026-05-01,0.9968083914462744,0.003191608553725574,0,Bull,fixed holdout
2026-05-04,0.9972849397486138,0.0027150602513862487,0,Bull,fixed holdout
2026-05-05,0.9948438467966313,0.0051561532033686545,0,Bull,fixed holdout
2026-05-06,0.9457272443314558,0.05427275566854419,0,Bull,fixed holdout
2026-05-07,0.9410549186704854,0.05894508132951448,0,Bull,fixed holdout
2026-05-08,0.935379886613768,0.06462011338623186,0,Bull,fixed holdout
2026-05-11,0.984807261450899,0.015192738549101002,0,Bull,fixed holdout
2026-05-12,0.9904386307843114,0.00956136921568865,0,Bull,fixed holdout
2026-05-13,0.9972854285197419,0.0027145714802581104,0,Bull,fixed holdout
2026-05-14,0.9988265523465024,0.0011734476534975404,0,Bull,fixed holdout
2026-05-15,0.39885515510164044,0.6011448448983595,0,Bull,fixed holdout
2026-05-18,0.5792944126280496,0.4207055873719504,0,Bull,fixed holdout
2026-05-19,0.6252547537234941,0.3747452462765059,0,Bull,fixed holdout
2026-05-20,0.2366783225621856,0.7633216774378144,0,Bull,fixed holdout
2026-05-21,0.40487299549519046,0.5951270045048095,0,Bull,fixed holdout
2026-05-22,0.7230445601057699,0.27695543989423016,0,Bull,fixed holdout
2026-05-26,0.7257171842381781,0.27428281576182184,0,Bull,fixed holdout
2026-05-27,0.898798525424468,0.10120147457553196,0,Bull,fixed holdout
2026-05-28,0.976141542101959,0.023858457898041075,0,Bull,fixed holdout
2026-05-29,0.9964970272943677,0.003502972705632311,0,Bull,fixed holdout
2026-06-01,0.999058175545514,0.0009418244544859823,0,Bull,fixed holdout
2026-06-02,0.999269580146024,0.0007304198539760648,0,Bull,fixed holdout
2026-06-03,0.9986313022900526,0.0013686977099473788,0,Bull,fixed holdout
2026-06-04,0.9994251292190356,0.0005748707809643991,0,Bull,fixed holdout
2026-06-05,5.070719623079054e-05,0.9999492928037692,0,Bull,fixed holdout
2026-06-08,0.004792199896063377,0.9952078001039366,0,Bull,fixed holdout
2026-06-09,0.01222647603878607,0.987773523961214,0,Bull,fixed holdout
2026-06-10,0.001132751709557735,0.9988672482904423,0,Bull,fixed holdout
2026-06-11,4.514310996742712e-06,0.9999954856890033,0,Bull,fixed holdout
2026-06-12,0.0026384787221966203,0.9973615212778033,0,Bull,fixed holdout
2026-06-15,0.0009629148483618484,0.9990370851516381,0,Bull,fixed holdout
2026-06-16,0.003660975905342779,0.9963390240946571,0,Bull,fixed holdout
2026-06-17,0.0010215034198099227,0.9989784965801901,0,Bull,fixed holdout
2026-06-18,0.0018135095159014876,0.9981864904840985,0,Bull,fixed holdout
2026-06-22,0.01160813862140912,0.9883918613785909,0,Bull,fixed holdout
2026-06-23,0.00019299918079028995,0.9998070008192097,0,Bull,fixed holdout
2026-06-24,0.008525753385103934,0.991474246614896,0,Bull,fixed holdout
2026-06-25,0.010739180131404387,0.9892608198685956,0,Bull,fixed holdout
2026-06-26,0.030327113049884957,0.969672886950115,0,Bull,fixed holdout
2026-06-29,0.07068800187875647,0.9293119981212435,0,Bull,fixed holdout
2026-06-30,0.21021129994427037,0.7897887000557297,0,Bull,fixed holdout
2026-07-01,0.29599520877916075,0.7040047912208393,0,Bull,fixed holdout
2026-07-02,0.6891159822957569,0.31088401770424307,0,Bull,fixed holdout
2026-07-06,0.7798385002841256,0.22016149971587443,0,Bull,fixed holdout
2026-07-07,0.7867555007440085,0.2132444992559916,0,Bull,fixed holdout
2026-07-08,0.9483542824721268,0.051645717527873274,0,Bull,fixed holdout
2026-07-09,0.9840434483075468,0.015956551692453257,0,Bull,fixed holdout
2026-07-10,0.9973226369530086,0.00267736304699142,0,Bull,fixed holdout
2026-07-13,0.9925352146117624,0.007464785388237546,0,Bull,fixed holdout
2026-07-14,0.9945063071978615,0.005493692802138626,0,Bull,fixed holdout
2026-07-15,0.9981569027999541,0.0018430972000459175,0,Bull,fixed holdout
2026-07-16,0.9974571658269996,0.0025428341730004945,0,Bull,fixed holdout
2026-07-17,0.9990506256058246,0.0009493743941754826,0,Bull,fixed holdout
2026-07-20,0.9993880534953942,0.0006119465046058102,0,Bull,fixed holdout
2026-07-21,0.993549815782089,0.006450184217911044,0,Bull,fixed holdout
2026-07-22,0.9986765494067196,0.0013234505932804355,0,Bull,fixed holdout
2026-07-23,0.9968481024425183,0.0031518975574816787,0,Bull,fixed holdout
2026-07-24,0.9991469096837261,0.0008530903162739344,0,Bull,fixed holdout
2026-07-27,0.9995248988510922,0.00047510114890787894,0,Bull,fixed holdout
2026-07-28,0.9995663456847697,0.00043365431523038027,0,Bull,fixed holdout
2026-07-29,0.9989830044721283,0.001016995527871766,0,Bull,fixed holdout
2026-07-30,0.9694795080965087,0.03052049190349127,0,Bull,fixed holdout
2026-07-31,0.9942022313827289,0.005797768617271055,0,Bull,fixed holdout
2026-08-03,0.9976873806351898,0.0023126193648102134,0,Bull,fixed holdout
2026-08-04,0.9863418746506232,0.01365812534937683,0,Bull,fixed holdout
