,X-GAT-DRL (Hybrid),X-GAT-DRL (GRU),X-GAT-DRL (LSTM),1/N,GMV,HMM-GMV,GLASSO-GAT,TC-MAC,JM-MPC
2019-01-02,-0.00038242512529424534,-0.00030920455741914414,-0.00031822357075568736,0.00011112849279898797,0.0006862865181117126,0.0009506997965167983,-0.0004310495661433968,0.0005808230134979751,0.00016897065698454387
2019-01-03,-0.0025759711886927006,-0.002186159917574066,-0.002438533019993638,-0.0047671258266268075,0.0018601462531618123,0.00244423503542713,-0.005812361227837925,-0.004575745810783588,-0.004544819505360978
2019-01-04,0.00883469720655111,0.007628557261148727,0.008218995359772921,0.015722740460647998,0.0006351398250159369,-0.00046660280593788115,0.018640683857809287,0.01591657318273014,0.014732944792227576
2019-01-07,0.003292512630681519,0.002785431771367049,0.0030589182480976595,0.0056506316468857825,0.001033778044516179,-7.934626289600802e-05,0.006200695470501825,0.005138647792700644,0.005412886050177582
2019-01-08,0.003712022522074444,0.0029869277102206847,0.0033580020268732416,0.006273026582247474,0.0007270809793263276,-2.8499303958691583e-05,0.007485764878918494,0.005196152965339244,0.006022237719661759
2019-01-09,0.003532991512545996,0.0032683213587664985,0.003660164428437016,0.006550538795926893,0.0018754266501006904,0.0019479524384186432,0.005956094392195534,0.005171809877991105,0.006292590713167103
2019-01-10,0.0011851424838253207,0.0005957720243181333,0.0008467807117606873,0.00183664206110125,-0.001034364772305288,-0.00024321396584643518,0.0016524135895375346,0.001038993359477232,0.0018054334315668126
2019-01-11,-0.00041456429096209786,-6.582064957548856e-05,-0.00027008366376579375,-0.0006611810209806125,0.0006271980744261199,0.0012981286556882612,-0.000355012691646128,-0.00036834185455167866,-0.0006706278226450254
2019-01-14,-0.0026544798335896864,-0.0023120630607795165,-0.002605420482194155,-0.004800535009962969,-0.001333259544835019,-0.001744489786308418,-0.004037425414607003,-0.00438074581979749,-0.004619831314066666
2019-01-15,0.003511975547148193,0.002585825062138133,0.003043374757723208,0.005539930941597522,0.0006764977027292159,0.0014561388938103608,0.003920877777987051,0.005154236341346994,0.005358973796252128
2019-01-16,0.0020514939587728417,0.0018900197590079474,0.0021687798412899947,0.0036663427186620396,0.0008473184713724191,0.0003488230783821995,0.0027228139423665773,0.0029193948860127303,0.003539327916846978
2019-01-17,0.002295552545102695,0.0017249407051424758,0.002020377762505186,0.0033116130427944474,0.0004942450302741282,0.0008573185017133331,0.002431001951342091,0.002884760138424977,0.0032239586711478533
2019-01-18,0.0035292363024426207,0.0019858602029804544,0.0027416456692787626,0.00411130504596603,-0.0002059406148117848,0.0016290353227838312,0.0027001360150198227,0.00342919241583082,0.00407376537344735
2019-01-22,-0.00638182170781717,-0.004151545620629359,-0.005152405857454752,-0.006979261443623285,6.376895611831929e-05,-0.00240989450520826,-0.004623421954877209,-0.005989024861745738,-0.00688913998700017
2019-01-23,0.0008960342739431938,0.0009071745271320959,0.0008634425104141673,0.0013747556938048181,0.00018899305214084607,0.0009171585544723239,0.001237435754325756,0.0010855895895415205,0.0013213960003143085
2019-01-24,0.0025926656369546345,0.002639614013320949,0.002765737918833736,0.0034683616148245243,0.001502123080268256,0.002911346933174753,0.0033631532662589964,0.003026442796543477,0.003327138166027764
2019-01-25,0.006369888421092091,0.005326121929746598,0.005775593676088894,0.007169030074613984,0.0012164795866955523,0.001494705566004488,0.007547624541452955,0.006373895530735501,0.006936021439178278
2019-01-28,-0.0034237579949500854,-0.0025476393665173846,-0.0026943301470991033,-0.0036636356490368244,-0.0008757435882480815,-0.0026303590178048614,-0.0032178597733409546,-0.003506433829933072,-0.003563901990162739
2019-01-29,0.0009875214882448997,0.00170482773915954,0.001838443279565836,0.0019568735116656188,0.001564528824304349,0.001371739831612548,0.0015270077800574485,0.0014361965600768619,0.0018476075961146603
2019-01-30,0.009006477784144925,0.007489351368895611,0.007662712381714621,0.009941464949953134,0.002603930028352627,0.006464180772793975,0.010213036675957956,0.00944478477155593,0.00957929561839435
2019-01-31,0.004586444676076571,0.0045869398166519335,0.00462493523709892,0.005778920788037107,0.0024600555051522426,0.00553983159286792,0.005317540693626701,0.005347229159937368,0.0055474483184018986
2019-02-01,-0.001120083880867426,-0.0017746499069612898,-0.0016358544928707394,-0.0020681521162602794,-0.0012015711414051786,-0.0022850599003264548,-0.001635888559284195,-0.0017577719042911467,-0.0019498352282462602
2019-02-04,0.003315866165458431,0.0018054805137000926,0.0022479159966023337,0.0028911011034740454,-0.000455234509501775,0.0007233282548309573,0.003010915901577042,0.003207285673726535,0.0029186423517220104
2019-02-05,0.003396662952055947,0.0034359604635211143,0.0033131299750984423,0.004437151155557005,0.0015116092099698793,0.003184546346599514,0.0038573456947838475,0.004090528718533491,0.004270107666509192
2019-02-06,-0.0023241772265633655,-0.0024713752518437755,-0.002487382667886435,-0.0031573305960732735,-0.0005492020950236477,-0.0005891252356818364,-0.0027301875369724936,-0.00269794449805354,-0.0030682008765639673
2019-02-07,-0.004223330054417274,-0.0026489359596636335,-0.002702074488877315,-0.003940182198646915,0.00012595907001130343,-0.0014694095911727087,-0.004069097258791688,-0.004101971898880406,-0.003900812949940433
2019-02-08,0.0005497767523282936,0.0007894356141905961,0.000793900991221312,0.0006883923177923732,0.0011990790752568156,0.0015949463447520618,0.0004649505565701355,0.0005570773875091969,0.0006271098306280075
2019-02-11,-0.0006599528052422893,-0.0009988939432651895,-0.0007016620578694235,-0.0009649366890531011,-0.0012354385823395468,-0.0014101787683953766,-0.000619338322784425,-0.0008792256954886487,-0.0008310416565083195
2019-02-12,0.0053045086170362965,0.0039063499435396335,0.0038893954450728413,0.0053238838209878035,0.001030577014037837,0.0031624004218412734,0.005426869464043662,0.005279942878852745,0.005168842486656725
2019-02-13,0.0002973659385205646,-0.0003285025827493195,1.5109758317861867e-05,-0.00029241048722518874,-0.0008492283436892512,-0.0011619523301786246,-0.00021084750021205706,-0.0003017567273551561,-0.0001794949891056389
2019-02-14,0.0015013725203255135,0.0018721874966288415,0.0019885454535364445,0.0022041890647137236,0.0017016665311810485,0.002053113420380537,0.0018101746169815627,0.0018450917604406313,0.0020620077372613013
2019-02-15,0.005844059540654558,0.005017157162787841,0.005647696390428502,0.0066734461811674235,0.001929838602234774,0.0032400068531576788,0.00631329712482897,0.006079777533340462,0.006505173423688684
2019-02-19,0.0025829436171327983,0.002785554759680127,0.0026995840928728753,0.0033884446198539104,0.0017971228491011817,0.001335956009064255,0.0026468274125895533,0.002937510188840717,0.003194705675220625
2019-02-20,0.0005834442081811105,0.00023866675325023205,0.00028906067359143166,0.0005897466315647588,-0.00023702721468809793,-1.1089822164552188e-05,0.00043758986841640243,0.00035646225472238066,0.00060797893860305
2019-02-21,-0.00217154017888775,-0.002689027588168584,-0.0024562527484051767,-0.003181519747761556,-0.0022959360310333245,-0.00295468687028541,-0.0029345920542466516,-0.003004064296605198,-0.002955257165381417
2019-02-22,0.004078520955908588,0.004207204902638878,0.004262386047892073,0.005316905539814699,0.0021090631102561753,0.003957372453186559,0.004771671610819634,0.005030622427459746,0.005129468360469149
2019-02-25,-0.0008318934734194751,-0.0007745792862606094,-0.0012996634602125735,-0.0007085805233359198,-0.0009752323073678517,-0.001043663739462293,-0.0006294064544547835,-0.0007018187054939603,-0.0006699541076807148
2019-02-26,0.0006620669938925286,0.0006282021305442185,0.00036390088767513165,0.000709393978021966,0.001351666795155836,0.002004191764548109,0.0009292972658066126,0.0005371074072316824,0.0005642585769238507
2019-02-27,-0.0015365638255018675,-0.0024564908864196126,-0.0020317033206076612,-0.003058896171987965,-0.0020216362588131643,-0.002484174178237953,-0.002825058782197015,-0.002869249311409821,-0.002815934281521591
2019-02-28,-0.002032953671380999,-0.002241848196967377,-0.0021588377394009517,-0.0029632480312041264,-0.001308735383182646,-0.0018856349026092015,-0.0026420238872935215,-0.00271784373841501,-0.0028075370556755416
2019-03-01,-0.0008149395341010749,-0.001242948629212236,-0.0009242356101674371,-0.0011466781442530992,-0.0025749591261055786,-0.0011473946048109205,-0.00029586072394453746,-0.0003291779281857148,-0.0008557173911470835
2019-03-04,-9.190762775290903e-05,0.00023191619605050166,-3.969094991372175e-06,0.0001554723346117944,0.0011231256059734574,0.0015570873265305359,0.00016919352937569824,-1.3618463564761358e-05,2.4190657077256595e-05
2019-03-05,0.0010173844558053354,0.0010202918032306454,0.0009520404518748932,0.0014269005295783493,0.0005977802249601834,0.0004995540948899422,0.0010412998636710664,0.0012167742405938956,0.0013376269210814873
2019-03-06,-0.003192751110059688,-0.002813846134621594,-0.0036879301928825835,-0.0037444223613112516,9.525313156684932e-05,-0.0004628175608319749,-0.003598889730704074,-0.0036315163059515345,-0.003805071981511477
2019-03-07,-0.0036577422124255635,-0.0031415696640600677,-0.003516369153445582,-0.004490709830673782,0.000671917775995414,0.00032206351949676145,-0.004972623531192468,-0.005007786946872887,-0.004505628063079074
2019-03-08,0.0005420657017424775,0.0005689280752937514,0.0003088651762992275,0.00048587859232239835,0.0013042124038538335,0.000458778890789759,-0.00020013099187847573,0.0002876787011196666,0.0003795802313412342
2019-03-11,0.006186938015899811,0.0058705117170332576,0.00650990361914894,0.007626452325756151,0.0004364201317307747,0.003225783861502717,0.007958698593191095,0.00746554449683323,0.007551154704987684
2019-03-12,0.0031896160948514194,0.003142898326248758,0.003081397255650543,0.003785570733058982,0.002251823790397139,0.0034069820486546804,0.003461627565336628,0.0034473789638399853,0.0035930623388325624
2019-03-13,0.0036215754589237798,0.0029190159930524693,0.0030625118867062618,0.003728110772914674,0.0008776786690001291,0.0013345603383075597,0.003683424131008159,0.0035072415083799804,0.0036470606813734496
2019-03-14,-0.002617536241666292,-0.0024820473479359984,-0.0023131385031746818,-0.003148256097017144,-0.002105042575789558,-0.0021788961152529366,-0.0027084295507018175,-0.002748472199966771,-0.0029157286379326666
2019-03-15,0.003603615095753626,0.0036874793695217097,0.0032966792368086667,0.004824273223716465,0.0020327319078760502,0.0034968465535792676,0.004582464887784188,0.004552835923314806,0.004588106589777249
2019-03-18,0.001675215625477535,0.0014594287215319698,0.0014672151926190798,0.0020674028091853675,0.00017809815214912548,0.00026282353905497587,0.0017294842851790422,0.0016242389985411637,0.0020448362026929947
2019-03-19,0.00045245443336443535,0.00014510055312416982,8.899868011254712e-06,8.534884008638755e-05,0.0001474185678002219,4.205719905584043e-05,6.394336872833035e-05,7.065035261471455e-05,7.546301598613672e-05
2019-03-20,0.0026460357734767186,0.002882519231231363,0.002709928816960017,0.00334214166645281,0.00340073232236647,0.005360138644655154,0.002996753365624651,0.0030836350673162545,0.0030195497741476126
2019-03-21,0.0036794368578394,0.003691646499274811,0.004139707481909136,0.0044035477772925834,0.0004751023049585561,0.0023789959172105016,0.004986815387629934,0.00417687284905328,0.004440504898495848
2019-03-22,-0.008264969560694233,-0.006866299746992463,-0.008180633514468063,-0.009575006943957732,0.001544896507364749,0.00011938289650836677,-0.007100018463922008,-0.008759938357351676,-0.009775527598324176
2019-03-25,0.0015912963883366392,0.001489776836406374,0.0015141008187779911,0.0019897796037668253,0.0012582462723723872,0.0011745781414248728,0.0015909387654022473,0.0016740152908450137,0.001863594421029176
2019-03-26,0.0023588975283899147,0.0023642791975925018,0.0026719981162031813,0.0030645241492813333,7.493842226334174e-05,0.001469296205214375,0.0028697847758119184,0.002847290198087739,0.0030653988808680686
2019-03-27,-0.0023772674029862322,-0.0016782093316149332,-0.0018430823300570355,-0.0021240684240795642,0.0006217736712412745,0.0009715394016979095,-0.001928769299574718,-0.001880263312022563,-0.002130766169887393
2019-03-28,0.00048363202323367926,0.0011563252113493427,0.0014723258609614053,0.0015291323799627176,-0.0003186878608216054,0.001508950796119851,0.0015577431349831517,0.001567355287076123,0.001612350069889693
2019-03-29,0.002349576944651657,0.0019616483466619837,0.0018553347852240708,0.0026055414379144953,0.0002528359492874486,0.000987262376367198,0.002602467066545435,0.002518155684035813,0.0025544294926915538
2019-04-01,0.0038092846701920117,0.0025659895053310906,0.002941984695059352,0.003758736422309396,-0.0017941225023692566,-0.001573838763131061,0.0034440102404984262,0.0033840991292695887,0.003867394371920113
2019-04-02,0.001347336823611636,0.0013094620768661208,0.0014270542320481269,0.0014395315219523114,0.0009849717626513365,0.0013640822263793224,0.0013538894678893068,0.0013614333497900847,0.0013839669820805856
2019-04-03,0.0010908215475074051,0.0004634700711618942,0.0008154511175037908,0.0010168010048163096,-0.0012047556199756,-0.0014944410669587708,0.0010817972633616003,0.0009171027108406425,0.001124937333425085
2019-04-04,0.0012798752126675478,0.001239463778913173,0.00114970577605776,0.0016428244850997032,0.0009239577009407512,0.001509237129422541,0.0013469869181067756,0.001395388048802625,0.0015515097478833988
2019-04-05,0.0028305181574858444,0.002730843813733291,0.003137867291396052,0.003650891419832997,0.0007582578699008543,0.0019887917234864133,0.003461127704975596,0.0034100690532619005,0.0036287028771193747
2019-04-08,0.00036180028346063036,-0.00014222473716459023,-0.00014638612855586154,-0.00020578502396245376,-0.00012473148449876874,-0.000796643074907594,-0.000356283880102571,-0.00021396934598005144,-0.00020149517757077443
2019-04-09,-0.0015520598010143464,-0.0013451273660102718,-0.0019591737101126547,-0.002066114917939342,0.0007565155732158439,0.00017240033583308485,-0.001890593355289786,-0.00210322129564533,-0.002183587457415774
2019-04-10,0.004324973649322346,0.004214702966951687,0.004882875914107571,0.005473954522498247,0.001990071437143237,0.003946928606767606,0.0049728126934384794,0.005121781435613112,0.005330256107514332
2019-04-11,-0.003090501362200595,-0.0026657230578686626,-0.0025083172456565905,-0.0035790141411575016,-0.001945996282426514,-0.0015799596512874737,-0.003150687850857374,-0.003260675718856069,-0.003330131272440571
2019-04-12,0.0015765242541178077,0.001424255736668295,0.0017983850359624524,0.002076845057491543,-0.0008374390592888265,-0.0006562316506428635,0.0019234709664163643,0.002206382433527353,0.002186637103880436
2019-04-15,-0.0009309160188509875,-0.0008912152702193078,-0.0011504751124487285,-0.0013155378304205545,4.8082265610085383e-05,-3.5628134459435324e-05,-0.0010815806887098476,-0.001278531689474954,-0.0013103407666840104
2019-04-16,-0.0022423091109388233,-0.0023295957123862497,-0.002455742176968554,-0.002806272014991013,-0.0018939794877550174,-0.0021129467168076784,-0.0023163756089403147,-0.002623351044305268,-0.002603971757144252
2019-04-17,-0.0013143150144660424,-0.0011463418863524785,-0.0016112461045490725,-0.0015918779074594732,-0.0003306458332847141,-0.0007175948045324283,-0.0014638928739038842,-0.0015732834943178622,-0.0015518522107308694
2019-04-18,0.001189101820260783,0.0014544129157915155,0.001359289952744171,0.0016164355576676946,0.0011613831187348718,0.0018295055936738797,0.0014534631958495231,0.0015086447998050724,0.001518625709767085
2019-04-22,-0.0010614556114074108,-0.0012187290316408013,-0.001097554117009362,-0.001897819485790367,-0.0005691539942707798,-0.0010875275893756611,-0.001922542664492408,-0.0019312587494639969,-0.0017956586050066848
2019-04-23,0.0042854413229436285,0.004443247882797433,0.00493030295812545,0.005393116637375769,0.0013903544972436485,0.0040410289553255005,0.005215494907783153,0.005348798146202073,0.0053843726045861426
2019-04-24,0.0005330440735329903,9.373481388704552e-05,-0.0002034598972833874,-0.00018445825988850997,0.0014270556150673926,0.0017056206538096836,-0.00025702249671886253,-0.00019503201361346201,-0.00032155905909012636
2019-04-25,-0.0006950289248511656,-0.0006211561680450079,-0.0007866863061417487,-0.0010722541800958186,-0.000219594619436319,-0.00045733833621070793,-0.0010169545182968556,-0.0009863164357932844,-0.001026947982211057
2019-04-26,0.002756137642855051,0.00225630304199333,0.0018372233067304653,0.003171520457802074,0.0012293258246009197,0.0022092309000592437,0.0029238514476239486,0.0032536427242980223,0.003032035729668563
2019-04-29,-0.0010849596200617046,-0.000876223551460841,-0.0005528631450007398,-0.001007249433197883,-0.0013755791494147727,-0.0017900427219939851,-0.0009599981426300314,-0.0010296788523420843,-0.0008384877137099468
2019-04-30,0.0007548245584309181,0.0006038293901543465,0.000274688037939233,0.0009256682862563743,0.0009899875972943684,0.000853564372226913,0.0006767605305999247,0.0006797936951001668,0.0007559657606748313
2019-05-01,-0.0029001526218157894,-0.0026847121767280564,-0.002846416175596338,-0.0035301004778158177,-0.0006115978095895175,-0.0014773011521972263,-0.003353059188461734,-0.003387467416522612,-0.0034527942338271837
2019-05-02,-0.001896577126063914,-0.0020444831337211237,-0.001988403972894705,-0.0021381874041371354,-0.0018386269894147733,-0.0028394013999872934,-0.0018956056560431279,-0.001913127812753017,-0.001967507730755086
2019-05-03,0.006269680241856714,0.0061394949136588965,0.00648658225298832,0.00777544752994418,0.0020282581083571846,0.004189740796133558,0.006862913695897891,0.007881342357535239,0.007685392462637536
2019-05-06,-0.00123581063116462,-0.0018656129446708806,-0.0016952610309145658,-0.0027285044305297777,0.0007336306908368027,0.0007038802147532391,-0.0019957092834929154,-0.0024830663025093252,-0.002782087849747696
2019-05-07,-0.00724610954231849,-0.007647147920024634,-0.00856854304628979,-0.00967367579133409,-0.00025938888660045504,-0.0031257493992269277,-0.009272108076095296,-0.009856471277822068,-0.009784748658768218
2019-05-08,-0.0014563531120148332,-0.0013935228079889016,-0.0013404997215809838,-0.0017141021359784047,-0.0010710277472697027,-0.0018439467522285984,-0.0017026708170689256,-0.0017361729931020505,-0.0016263678958517366
2019-05-09,-0.001221287336541651,-0.001636116544385415,-0.001769997701679938,-0.0022052335426220935,0.0004992447850799186,6.974919094796943e-05,-0.0018968379416224933,-0.0024102210109683293,-0.0021973734905777744
2019-05-10,0.0025269546513149443,0.002334826861078774,0.002328601708526549,0.0031815262907062478,0.0003921718023017283,0.0010232200739812584,0.002972474958776304,0.003081726209492401,0.003120587820974152
2019-05-13,-0.008938879657971946,-0.009361960966458327,-0.009716152001736424,-0.011734505343601483,4.417713614902342e-05,-0.004690751682340527,-0.012239978860721035,-0.012314013021924497,-0.011812386225957342
2019-05-14,0.004591948089306946,0.004562251913857664,0.00485057228576281,0.005961225554144802,0.000773721827803147,0.0024570386495111783,0.005987192318013851,0.0068035005208286845,0.005819487475360957
2019-05-15,0.004025797793585326,0.004033049760334167,0.004222108296566635,0.004720154690661526,0.002038234385071654,0.004114813819482407,0.004257023907588161,0.0042968846052256334,0.004624817307985705
2019-05-16,0.0023120134960500647,0.001983369413642771,0.0021089676477278065,0.0022706642153787534,-0.0003087958664305608,0.0012519781206751922,0.002226632767767352,0.0023419415811490873,0.002406081544582545
2019-05-17,-0.004989954909075574,-0.0043742999054805385,-0.004648491761391374,-0.005953954703912321,-0.0009547324132545654,-0.0015496773830541157,-0.005629084308483571,-0.005402051322673915,-0.005750325916538388
2019-05-20,-0.0043639861458094256,-0.003755648402330585,-0.0037718043672559307,-0.004668069085073577,-0.0009268432861890483,-0.0028083456138667247,-0.005309372422119311,-0.00509528557263739,-0.004672412400701062
2019-05-21,0.004286352823129386,0.0036517579949925895,0.0036440072661055502,0.005016264769579639,0.00032543285578329623,0.0019942984791916462,0.005706210272011913,0.0052980338635660856,0.004956585889841845
2019-05-22,-0.002167850730624495,-0.0014671968792418848,-0.0020507197533116152,-0.0022106159638958698,0.0002566151760009756,0.00039315758381538426,-0.0019454012701815883,-0.001880032817299,-0.002181888992857136
2019-05-23,-0.005493875980327841,-0.0037520977184685223,-0.004587651600721534,-0.0055612618320004205,0.0007699690913653387,-0.0011873672963303734,-0.00478267132591467,-0.005179169150831369,-0.005565035620267332
2019-05-24,0.0027075671720285153,0.002398846177223583,0.002723004031511346,0.003481142666900882,0.0009031749768679702,0.0011750124272273828,0.0031530151768868766,0.0033689392946604653,0.003352918172918869
2019-05-28,-0.002263463151748201,-0.0009030187066579017,-0.0008475559735896756,-0.0017861483206727746,0.0010242563319938195,0.0010919993375889923,-0.001916236239231754,-0.002027949405993451,-0.0018801492839040392
2019-05-29,-0.0036090138949726315,-0.002463625667192228,-0.00283394783667671,-0.0033101183722505693,-0.0002648488509575582,-0.0015891413256074632,-0.003505539731707048,-0.0032741481097683066,-0.0033487631704981853
2019-05-30,0.0017364912712877006,0.002499557382301048,0.0019784291556216933,0.0028452887704316617,0.0020917447272028812,0.0034004091303125946,0.003046480212398021,0.003024487490801685,0.002680331693500318
2019-05-31,-0.0047497422519797005,-0.001967046554149321,-0.002734674854456344,-0.0035020832029416644,0.0010025447044926218,-0.001694637084416301,-0.0025550127303544134,-0.0031580433332682395,-0.003513679252427424
2019-06-03,-2.2495267411882887e-05,0.0012081385385367901,0.0010621359737928004,0.0019551760821492643,0.0019355418521919167,0.001103074953902656,0.0029980287822389453,0.0016512917575536368,0.0017216383128501969
2019-06-04,0.008239019828352897,0.004803165177853002,0.005106985684603412,0.00717809581173054,0.00045561169455911446,0.004173302847648761,0.006808280216982875,0.007394790034726465,0.0068762336963609965
2019-06-05,0.001340776027759113,0.00043163195132618333,0.0004598319102687826,0.0005736873585745718,-0.0008159640080976092,-0.00017182483791857713,0.0013684604068906058,0.0006486646853484544,0.0008033417449036087
2019-06-06,0.0036849131349618847,0.003082103428419957,0.0031046523518136497,0.003828548937930174,0.001865922457619298,0.003125845433122109,0.0032897899206841595,0.003331947905026986,0.0036172481641651147
2019-06-07,0.006253318734436039,0.005873670936384995,0.005659941533522022,0.007401251665112356,0.003022298836671248,0.005724301111707926,0.006918232157480821,0.006816727945395119,0.00713753368329529
2019-06-10,0.0008292447172329835,-0.000744445510019585,-0.00043308339855471,0.00024737829024631844,-0.0020951178677880433,-0.0016364997571165247,-0.00024097528598244933,-2.699608181537266e-05,0.0003496307568062347
2019-06-11,0.0013504502658665855,0.0012337604388187146,0.0013827682555997529,0.002117437367864805,0.0004685703448171845,0.0009121286070065282,0.0015131573267758165,0.0016072116789398717,0.001994374505604844
2019-06-12,-0.0020338433839178593,-0.0010779972253115392,-0.0013227775425686233,-0.002276401207390478,3.0178597115005232e-06,-0.0007059227250923233,-0.0019867402526003402,-0.001984489302639299,-0.0021486797521285458
2019-06-13,0.00435505712930368,0.003551930154104182,0.003908211432290963,0.004457523285567214,0.002176824686448044,0.003484842229777531,0.0039028987837736945,0.004143594575883826,0.004259409859834576
2019-06-14,-0.001393620460266568,-0.0009324958149945718,-0.0013314865267945017,-0.002117286633473056,0.00035946787669592455,0.00016258296650792275,-0.0018033117318050035,-0.0018831511419062272,-0.0020490418979729596
2019-06-17,0.0014091538634559298,0.00136987232458766,0.0017674869692405491,0.0019945389209223476,9.217469711981206e-05,0.00021667003164798344,0.001756922803429399,0.0019718112171837133,0.0020457027925670033
2019-06-18,0.0073025829003991825,0.006358465558381727,0.0067114246340926375,0.009168846485726473,0.0031023089575390453,0.00637692229117809,0.008357181025435305,0.008319888494430315,0.008705691173866891
2019-06-19,0.002815633423704113,0.00311205787438903,0.0032057451902031352,0.004060878913374558,0.0017408444805701916,0.0034084020302203558,0.003716075330141557,0.003689136675292461,0.003894397319290861
2019-06-20,0.008469995391700541,0.0069468762697363256,0.007422862394264982,0.009302079641653414,0.004179556216603357,0.005355746668024426,0.00883702733493981,0.008290644045888345,0.008761365686386111
2019-06-21,-0.0018718447593668315,-0.00301848355793023,-0.0031922767805287375,-0.0038373882430376605,-0.0015468148767374392,-0.0038262041695045343,-0.003955244995703044,-0.00345555723158417,-0.0037667950166536575
2019-06-24,0.0013027985334399632,0.0018699498438036687,0.0010498902675226867,0.001377451638810317,0.0025126231813498916,0.0021742331693808755,0.0003494431498563589,0.0004984704217172008,0.0011803325767824242
2019-06-25,-0.004241753209788055,-0.0035042669116234766,-0.0041203251855644945,-0.005151353898400206,-0.00028271352587294255,-0.0025960066557185455,-0.00611679335086198,-0.005156048652210747,-0.0051471824839815295
2019-06-26,-0.0011224838976025173,-0.002205715214555988,-0.002118859394568035,-0.0020933391676612066,-0.0015906398014614834,-0.0017746588673064794,-0.0019226868966431354,-0.002223680297162816,-0.0020626311365746063
2019-06-27,0.0036783299665076544,0.004030991057377477,0.004589081383363936,0.00549380955627512,0.0018714739910698195,0.0040352626873888945,0.005654281962052922,0.005313053273838356,0.00530302414996555
2019-06-28,0.0009392448011726615,0.001265982225188557,0.0012604569138911317,0.0017470035678217469,0.00016664540830016992,0.0007368793574706382,0.0018610000619004806,0.0015750124957745427,0.0017545628850272799
2019-07-01,0.001065939806117614,0.0009942646129997691,0.0010941893942652203,0.0017586714578570887,-0.0010529267481409108,0.0015571526443809507,0.0014524861276811309,0.0019448567990622318,0.0018449792169166982
2019-07-02,0.0023138660176391214,0.003438876396310656,0.002391542273914662,0.003259023331992431,0.0024714903604184098,0.002285253171126585,0.002650792714474925,0.0031447450164873024,0.003148593217806242
2019-07-03,0.0048161620560280595,0.004304860959334273,0.0046358931089833955,0.005516981713558,0.002274232241386268,0.004381311972086733,0.00484013626109214,0.005343983716411198,0.005363116846739582
2019-07-05,-0.0031282984169767212,-0.004391128043973232,-0.0036242934137209666,-0.005039896540383899,-0.0037107501739186517,-0.005765072789061316,-0.004985652951661004,-0.004713507905101201,-0.004735019102395851
2019-07-08,-0.0028989333684810536,-0.002495559420759907,-0.002777123501066387,-0.0034208552113944536,-0.0009330563003426932,-0.0018486483761372351,-0.0032467184443014064,-0.0036449937320481374,-0.0032973227809993885
2019-07-09,0.0011746008995121386,0.0005091204704359009,0.0006992255573206483,0.000502241410674992,0.00020235483484204778,-0.00023964790998199116,0.0004543264260149514,0.0005145412045684596,0.0005412123071198368
2019-07-10,0.0066148483353814696,0.0043799460483975134,0.0049632160542527025,0.005960917491233569,0.0021513082077474653,0.0026941450698239815,0.004853208958676539,0.005316484887770806,0.005680564984942877
2019-07-11,-0.0030505381203975988,-0.00356099094739771,-0.003461229425260986,-0.004380996738780485,-0.0030150980685823975,-0.004193602344518375,-0.004026488715893757,-0.00406942488423055,-0.004158706099139538
2019-07-12,0.002460788347200235,0.002144735167505868,0.0023308801595176743,0.0026726072458826363,0.0012127324345259749,0.0018926727857794803,0.0024873583422679512,0.002487325476385688,0.002594948925522082
2019-07-15,-0.0006879730589239863,0.00045172544317034394,-0.0002637023130666594,0.0001493952597349944,0.0006618232623996575,0.0012808572164567033,0.00037684051729204083,0.00022730674912494505,0.0001364270866550278
2019-07-16,-0.003824140745058094,-0.0029988592453139363,-0.0030285507343058237,-0.003764847732255735,-0.001986200000433441,-0.0028905864704970212,-0.003474818042492915,-0.0034432238842174723,-0.0035747447407413774
2019-07-17,-0.0001352967523912522,0.00024556546214794665,-0.0010675526302010032,3.17103148146407e-05,0.002520861006358214,0.0017273851676979448,0.0005326063951210177,-0.0003473432017265094,-0.00015576973723487248
2019-07-18,0.0016613561329042027,0.0019767171997606314,0.0015178940501825611,0.002499110640249225,0.0013054299439818544,0.0012184575706621424,0.0022552023728256037,0.00237390583376104,0.002403379463936835
2019-07-19,-0.004065470110526145,-0.003914081954015359,-0.003927919983833689,-0.004956553069507338,-0.001682770906570732,-0.0020812965925969904,-0.004647396198446082,-0.004762506493983181,-0.004890009488563861
2019-07-22,0.0009946194517421185,0.0013178983004608544,0.001153159099920923,0.00127008525183279,0.0008010480770427771,0.002167292483963981,0.0013056667698928019,0.001212250505704506,0.0012835280560930694
2019-07-23,0.002434876344388192,0.002249585843218926,0.003079324818099342,0.0029155952795223657,-0.00038013997881969857,0.0008968346198397673,0.002322905931165599,0.002587729317336642,0.002932123481832801
2019-07-24,0.00229145101315005,0.002742764794809318,0.003206607090087627,0.003445812608408382,0.0013848994676064431,0.002400493444885485,0.003191616301110878,0.0032717728228586107,0.003393707501353845
2019-07-25,-0.004530105135130017,-0.00460953399588499,-0.005146358715040115,-0.006125686661292596,-0.0019773023920006674,-0.003270697221143046,-0.0055147207859065775,-0.005654962596829175,-0.005931508925987109
2019-07-26,0.0030510668809777108,0.0031599885421556635,0.0037104815474740325,0.0038365009433909297,0.0010632472798811445,0.0024035666852682395,0.0036901880906325714,0.00395677551781295,0.003815910814208858
2019-07-29,0.000732468863736921,-5.736292255996162e-05,-0.00045446970954665314,5.189681399876735e-05,0.0005136642959420937,-0.0004304717799359709,-0.0001728057469696213,-0.00015875688570697802,-2.5201446317451416e-05
2019-07-30,0.0013452632412483073,7.08740983756467e-05,0.0007205339813891069,0.0004057161263874243,0.0006998791858010121,0.00034911369660973817,0.0001334439400396617,7.61092107209778e-05,0.00038273322384737045
2019-07-31,-0.005204832858818018,-0.004399520123562742,-0.00463186048526683,-0.005475677670705901,-0.000585291405770401,-0.0008948607411982949,-0.005233977073097909,-0.005169020643079777,-0.0053792590804500485
2019-08-01,-0.00019345870064661815,-0.00043223403563503695,-0.0027422936297400026,-0.0012892989444433934,0.004105096174433809,0.003834437757134574,-0.002126094205491177,-0.0019035327626962272,-0.0013027449049670267
2019-08-02,-0.0026369805232126773,-0.002730436741990228,-0.0030773264480558186,-0.00324605366867892,0.0005005325900398631,-0.00016421646315114202,-0.0035690564576998716,-0.0035707357738389437,-0.0031731388219182885
2019-08-05,-0.008755185327693508,-0.010475462158713702,-0.012265508309906602,-0.013045420119005448,0.0013518382640421045,-0.0035946999600141093,-0.01449300890883943,-0.013151614403701335,-0.012649612928855868
2019-08-06,0.005433840158849584,0.0063521340924751705,0.005906193060956906,0.007827193565555538,0.002857966677724354,0.005664188404932287,0.008362816094141278,0.007971241804499424,0.007584300460433527
2019-08-07,0.0020138164447868825,0.0016636239603492493,0.001251466673361197,0.0021907304434742054,0.0007142710544197102,-0.0002877704910675819,0.0029622830568812224,0.001875737439235012,0.0022534623609300267
2019-08-08,0.00819105405760457,0.008034844744888274,0.008594016750045416,0.010101437970782093,0.00220251511627781,0.0052359951624369435,0.009795285582105996,0.010052672245832573,0.009797863986210478
2019-08-09,-0.002486552653291707,-0.003245474275191384,-0.0031603150445766405,-0.004140080784484773,-0.0008963810375051016,-0.002341560112184045,-0.004118615712441415,-0.003956778066734856,-0.004033537823063699
2019-08-12,-0.0018442226059764857,-0.00114950837402352,-0.0021998394832806975,-0.0022487959093197753,0.0030239176778919545,0.002192688498364259,-0.0034359535612325577,-0.0033120800318474,-0.00203299690903397
2019-08-13,0.006296918717997499,0.005326146432340585,0.006093980168810639,0.007140890878547549,0.0008638552873221788,0.0036023385155769033,0.006947666887210499,0.0070988882828876354,0.006635640974723188
2019-08-14,-0.009267661251524659,-0.008297129753709774,-0.009841501737057858,-0.012078784005383517,0.0013427199420910432,-0.0025789162020142483,-0.012471857455856215,-0.01040986363972175,-0.011395290898851294
2019-08-15,0.0013846647844372637,0.002525708703795617,0.0019735002881567276,0.0034435543028601373,0.002552493294495486,0.003746408077342773,0.0037689425155286787,0.0029663250851457972,0.0034441345876235862
2019-08-16,0.003914519040308229,0.004034498954610837,0.004686428843834883,0.0063116418958981185,-0.0004964146011933657,0.0015661393427121642,0.005603350805498947,0.006107040625229267,0.005900722548768854
2019-08-19,0.0021467107373127903,0.0013260146486593891,0.00223927183316414,0.0024080653977333,-0.002066026555103217,-0.0006426274953155055,0.002423787689853822,0.0024070486778892935,0.002244627186139872
2019-08-20,-0.00014062186263966723,0.00038432877338871193,-0.00032303972965594234,0.00011905703312816426,0.0024035354342417025,0.0024184458523755074,-0.001632598187463412,-0.00040023405069482954,2.8834201326846123e-05
2019-08-21,0.0026737622251163853,0.0022852208172221486,0.002853658497762803,0.003569991299043516,-0.00024266798180757303,0.001323720856212382,0.0047333262045825145,0.003256776367491491,0.003337596979164915
2019-08-22,-0.0017098911301215499,-0.002183609173593452,-0.0018532343235744349,-0.0028428540634828662,-0.001531765625125362,-0.002194288464043806,-0.002360632175580724,-0.002507296247298225,-0.0025951719743348674
2019-08-23,-0.006290417357324644,-0.004851074013764254,-0.007428935258339752,-0.007941666864360807,0.00225694345379081,-0.001681872191759279,-0.008842863505343296,-0.007499452125590544,-0.0076113269197103
2019-08-26,0.004064230797738816,0.0034849210073630097,0.004116215666917749,0.004809947529358328,0.0003606989248521976,0.0023079172176584902,0.005587057167629121,0.005180698430191839,0.004609227053468946
2019-08-27,0.001214613655846745,0.001749001933923547,0.0006176245630286983,0.0015138269606115456,0.0032687653610922567,0.0035421502722093293,0.0010990429838882943,0.0010923819445162206,0.0015036982376419622
2019-08-28,0.002667076203369794,0.002184325225440726,0.0028713694766646165,0.0031841678642183235,0.0007542925765841739,0.0021569922296087816,0.0029209429758128946,0.0028710443465006083,0.0029632024001105105
2019-08-29,0.003839334786933675,0.0032856408570525937,0.004380179197610003,0.0051346597036210665,-0.0004264675116612787,0.001312465288737419,0.00464698496428081,0.004663098457910456,0.004812404806471608
2019-08-30,-0.0019535290857212533,-0.0007367566952335377,-0.001409841985148029,-0.0009381705343916665,-0.0008655544716661802,-0.0011696083380027423,-0.0008249444864805154,-0.0010801941716450417,-0.0008567647932758197
2019-09-03,-0.0010345252509252716,-0.0006574294231767222,-0.0014026391839303213,-0.001684000678098617,0.0005198547038632915,-0.0016847253989656361,-0.0010027833084214305,-0.0015692914811192742,-0.0014166642937960428
2019-09-04,0.007630538221527646,0.006310210883301439,0.007509130962242906,0.009126130959755908,0.002585249302664736,0.004597654644102509,0.007823760011011234,0.008441233343490373,0.008518114197462078
2019-09-05,0.00012508596331738505,-0.0013230953552836404,0.0005657910569460022,0.00035261109928315945,-0.004073945115128256,-0.0023027731932107787,9.885828873594776e-05,-0.0002760954849803859,7.1681165072939e-05
2019-09-06,-0.0002974237208902038,0.0006689289245834632,0.0005524798154630242,0.0009471601111933388,0.0006917710120240473,0.0020054860221705465,0.000550479974827692,0.0006330173890578675,0.0008910334871683538
2019-09-09,-8.529797911333229e-05,-0.001992282622943274,-0.0001752759332804044,-0.0009717132086259481,-0.002863131502320053,-0.004311698135755327,-0.0013133163991019435,-0.0011412369275312496,-0.0011670807025978736
2019-09-10,-0.0022132346577037067,-0.00364921792024862,-0.00212738959871791,-0.003188441545394687,-0.0037611296594928447,-0.005397517151899104,-0.003731127422801025,-0.0029451587134256335,-0.003203550691210631
2019-09-11,0.003256058465491161,0.002552802918666867,0.003070334964411915,0.0038048504502481914,0.00021284934098217734,0.0004519651100872391,0.0028669608116562257,0.003781192598081094,0.003752987789907763
2019-09-12,0.0007447820330505946,0.0005893619934013177,0.0011538678965260386,0.0012233849686945812,-0.0008161706650564295,-0.001093528251469617,0.0005784195304022458,0.0009045635482506611,0.0012416816503500645
2019-09-13,-0.0037258644413775484,-0.004446646782766748,-0.002965498392846354,-0.004300044719291308,-0.004633455628196279,-0.007159888656994963,-0.004285256534480323,-0.004198544177735736,-0.004209519693217044
2019-09-16,0.006344208552749192,0.004709999031846536,0.005308247281481738,0.005524831069124266,0.004664755624137492,0.006054220868843965,0.005897813557770198,0.004437427110023973,0.004978486094996746
2019-09-17,-3.347454869784085e-05,0.001210833112581668,0.00041650286558526353,0.0010794061286013438,0.0006119410386067424,0.0013886687628006324,0.0008445478984515983,0.0008747328381540712,0.0012212034266495518
2019-09-18,-0.0018045114659394096,-0.0011716093399283655,-0.0019029725150248003,-0.0017495894411174236,-3.2313108349581274e-05,0.000604656304006088,-0.0018666041051149636,-0.0016124246544204747,-0.00164715009019064
2019-09-19,0.0014486736454102443,0.0010533739831278949,0.0008239982551849868,0.001162215930491691,0.0010791412805626847,0.0011407697800621707,0.0011005611432036398,0.0009301521900780155,0.0011361569089759385
2019-09-20,0.0015682722859175127,0.0014957343074150906,0.0003576023863687419,0.0017850953094777412,0.0031845254307528224,0.003510649277434918,0.001738999892537453,0.0014230738420638969,0.0015920100658086804
2019-09-23,0.000965846138310124,0.0005637996401209144,0.0005025723396686554,0.000631365993866847,0.000560645154717965,0.00019911673429526164,0.0005118297439105623,0.0005320910086229997,0.0006096733744727604
2019-09-24,-0.0026310224533837067,-0.0024498037057926556,-0.0041899786323530966,-0.0033673203032336223,0.0013889303200847114,0.0006477869349408475,-0.003257350388609878,-0.00299958403547395,-0.0031916580578379124
2019-09-25,-0.0025179990826384407,-0.0016995209062250537,-0.0002964262373629878,-0.0021664496304117727,-0.0038340128060630903,-0.0035822193971511785,-0.0018900548022714975,-0.0017929106352742048,-0.001992446578917895
2019-09-26,-7.385187444364526e-05,0.00039379906385862457,-4.395644977285189e-05,0.0003821953789688944,0.0008858201531321019,0.0010197035838272852,0.00016788511054389053,0.00030675697122838476,0.0004099699631340813
2019-09-27,-0.0035703204944380904,-0.00354099780769634,-0.0042155319125120865,-0.004490218423308663,-0.0005261567939475626,-0.0011199551826232875,-0.00424825684301339,-0.004155656539621129,-0.004309737238754071
2019-09-30,-0.0010022631021021763,0.0005827794621926635,0.0008400859985948954,0.0007228321037809469,-0.00047151131164297004,0.0018931666996854996,0.0010819885790371033,0.0009135929078923777,0.0007869264370911404
2019-10-01,-0.0025606238959246528,-0.00366587082126286,-0.00491055788815248,-0.004731593075447657,0.00046596650023056634,-0.0010655160833527087,-0.0038380328444415053,-0.00456314192157147,-0.004612979586541246
2019-10-02,-0.0037170081531930194,-0.004843432145020579,-0.005921197388715402,-0.006029270078737823,-2.3019451561252526e-05,-0.0033883268719397323,-0.006807298776660375,-0.006218989463852149,-0.005758320445567733
2019-10-03,0.004347254327761484,0.0049874052588065,0.004842789278760277,0.006121765783459627,0.0025303049673424745,0.004600465118618906,0.006125497249500494,0.006169707802149603,0.005950537462850727
2019-10-04,0.005501772239957473,0.005536075938368946,0.005684127745668158,0.006698516300206406,0.00245587223902015,0.005466358581898196,0.006494201126596147,0.0062673876103192935,0.006459250630997077
2019-10-07,-0.0032455238556320966,-0.0032179697949404826,-0.0026820830878592186,-0.004022476038614452,-0.0024379321564831483,-0.00363827000907717,-0.0036744802068003207,-0.003667077244422323,-0.0038595811868620358
2019-10-08,-0.003174621735765059,-0.004177749077184136,-0.004873132165337356,-0.005032227233825983,0.00014554719159555384,-0.0026677878577943035,-0.005505320286308946,-0.005732794441416495,-0.004852101908591551
2019-10-09,0.002513565492090136,0.00278835759161226,0.002955181008084385,0.003280771733286859,-3.301502413508764e-05,0.0010774165073293345,0.0038341796453574494,0.003460347948412061,0.003091974317746132
2019-10-10,-5.364349389281449e-05,0.0007107917547855713,0.0016205197181761637,0.000801790384288661,-0.0025975326543263666,-0.0026883153197707903,0.001084981708618954,0.00045763276877904273,0.0006236553469392488
2019-10-11,0.003403433551487158,0.003978127404763592,0.0051974428765442365,0.0052452342857451555,-0.0012164643696674976,-4.628950109082936e-05,0.004210559446520991,0.005129364898470012,0.004837323206693554
2019-10-14,0.00046268511216310645,0.00018283195302458346,-0.00042028929492855447,4.050293655876548e-05,0.0014315892879745971,0.0019301942386033967,-2.958417626893953e-05,0.0001124659905639599,0.00010997524807969802
2019-10-15,0.0011039134904970418,0.001979746360813644,0.002720897548957036,0.0024066713884837985,-0.0019019646019970725,-0.0009877798042267918,0.003558687078836567,0.002400450040719695,0.002351424340296377
2019-10-16,0.0008656914088284429,0.0006574017431876436,0.0005947841628610542,0.00099222471507148,0.0007714166088034262,0.0004413407773662982,0.0005492381587815987,0.0007673952363167382,0.0009010706778124773
2019-10-17,0.00207471496511531,0.002274316177138919,0.003008134040829571,0.002956584605198748,0.0003518207998378496,0.0009584483330413817,0.0028165531088920536,0.0025266191714772936,0.00285295362147153
2019-10-18,-0.0015813402868402283,-0.0011341086386665326,-0.0010266556753650159,-0.0013436020148233248,-0.00016695440766034512,-0.0005790349545328331,-0.001278811647238764,-0.0012989283584180717,-0.0012685769627932488
2019-10-21,0.0009808599120990644,0.001991536620262004,0.0027953973934118667,0.0023201857360100587,-0.0013260939850620638,-0.000938527833328224,0.002157188051277168,0.0022805896697221826,0.0023438490110727866
2019-10-22,-5.137147370720487e-05,-0.00030153054662038887,-0.0005168716829940541,-3.636990934405479e-05,0.0010626266016686003,0.0009193685927826617,0.00013269859082298875,-0.00012152902188803375,-0.00015147014706735166
2019-10-23,0.0022653507562824557,0.00204237605583961,0.0023720438443403913,0.002624747123853811,0.0010470203504479158,0.0015491873890259328,0.002246292915428134,0.002246466947084213,0.002460228528599819
2019-10-24,0.002519584275702612,0.0016943521261628689,0.001638644777406726,0.001884811363988274,0.0009871509982024333,0.0014110193754855692,0.0016644037045060421,0.0017888720301178444,0.0018071111662554071
2019-10-25,0.0016004522826312836,0.001165441292467865,0.001399728480869553,0.0014259880118404047,-0.0001296957976435491,-3.851676312815062e-05,0.0011101165708257378,0.0012041859631710848,0.0012936006018102277
2019-10-28,-0.00040075604812292074,6.524852863078309e-05,0.0005299394094547683,-2.827898945383648e-06,-0.0019603274426309492,-0.001570136781103159,-0.0002646070267356035,0.0001080981521578759,6.915796802439146e-05
2019-10-29,-0.001343338071096851,-0.0009114932510635357,-0.0006844765942119949,-0.00097993496217562,-0.0005628692474187321,-0.001191863898311951,-0.0010075438546691573,-0.0009328302564606019,-0.0009054124621610621
2019-10-30,0.002894561071341941,0.0024414980348636127,0.0015500561202066822,0.003129322931754863,0.002542346687055544,0.0035530949104493185,0.0029500556813142655,0.0030844881504509866,0.0030551978733883976
2019-10-31,0.002007601828013717,0.00032824167630726426,-0.0007098016096113934,0.0005543320936914511,0.0027697891487518966,0.003049818411695966,9.769471722087452e-05,0.0005574509311451378,0.0005500860708838026
2019-11-01,0.004636781869835658,0.005322673562388941,0.006329628274179437,0.006522977415142694,0.0010875462937162202,0.002797579515744373,0.0064197838599047725,0.005955170207550132,0.00613331780907041
2019-11-04,-0.00016395322650150762,0.0006738355516491561,0.0012715472385776928,0.0005210375681550492,-0.0018423370751175087,-0.0021569826990214757,0.00041935695265700294,0.0004506079078529069,0.0004618108985496454
2019-11-05,-0.004031229342230592,-0.003228450714130425,-0.002786517643664975,-0.0041393103481157465,-0.0032555244095407347,-0.0038982581812010237,-0.0038867099286417042,-0.003973787758969422,-0.0040507919224737655
2019-11-06,0.00020908531229044434,-0.0003076461326346898,-0.0012031433092764595,-0.00020124452645466908,0.0011358075533988343,0.0015594703368621457,-0.00010956181103140062,-0.0003577458322900573,-0.0001651874178287394
2019-11-07,-0.0042959048560338746,-0.0024316961717623597,-0.001694147404475315,-0.0033933495714303127,-0.0043100052617517925,-0.005191470743066983,-0.0025477528344540717,-0.002942157480511933,-0.003176232073692033
2019-11-08,-0.0006647461878648911,-0.0006768187619024385,-0.0002614953879020656,-0.0010645195046372047,-0.0008075395045919877,-0.0002750446391519995,-0.0008119646003689766,-0.0011124411742721,-0.0009355068481753017
2019-11-11,-0.0011100770040894377,-0.0013559257055727986,-0.0014422499942807017,-0.0015601637336558152,-0.00029996898675486105,-0.00033426743029278834,-0.0014684652190446966,-0.001461281214111941,-0.0014445046890411016
2019-11-12,0.0010737405595476698,0.00014225953768107238,-0.00012613695244036234,0.0001064710724358158,0.000964636646528442,0.0013057091502000557,0.0001916839643308747,0.0001153764644435425,9.82146927617423e-05
2019-11-13,0.001719443035981174,0.0007192031016580741,0.00032117870051358776,0.0008940646156513367,0.001466697862050435,0.001784811859272258,0.000642263192562062,0.0007631402054139393,0.0008788505956768698
2019-11-14,0.002359829867228092,0.0016328462767809838,0.0010503708975951017,0.0022479351271527145,0.002180476690686354,0.0032631149243191482,0.0019739167736952407,0.0021280576240677025,0.0021604919635998666
2019-11-15,0.0018723459453544853,0.0031607577941997647,0.0035340526110057254,0.003604094608346035,0.00037031713324062383,0.0017541893608854742,0.0033869098640217613,0.003268959028964603,0.003541694923604562
2019-11-18,9.521730905803607e-05,-0.00015693093498623088,-0.0005881463741271145,-4.7653870407179e-05,0.0002152616407018545,0.00013411266979588312,-6.980780246478828e-05,7.379425221803581e-05,6.264663825552228e-05
2019-11-19,0.0006264593508856056,0.0002987188396861124,4.743733576015591e-05,0.0006173487364611333,0.0007525053731476581,0.0007575769302646867,0.0005071378315540806,0.0006783739863227003,0.0006748154859509877
2019-11-20,0.001529632537263807,-0.00010889831681966992,-0.000343531288806369,0.0001822702502457157,0.0018334353959791841,0.0018924813895262627,0.0006455492126597079,-9.419363981623218e-05,-2.774956461963818e-05
2019-11-21,-0.0020688909398581482,-0.0020149796650820503,-0.0020144791085380284,-0.00280420723982985,-0.001168366253076373,-0.0016295698246004743,-0.002638462929148858,-0.0027474948676192274,-0.0028453101514838873
2019-11-22,0.0004366866638683726,0.0006750626461541917,0.0007468257173871076,0.0008490425186871513,0.0005064524140494806,0.0016747164659736663,0.0008506688800784675,0.0007637960467643985,0.000811121197411684
2019-11-25,0.002889630501052529,0.004681431744731113,0.00567133295044783,0.005537288504859874,0.000970669005294153,0.003358560796486649,0.005326137327874118,0.005166487638545301,0.00546554980061085
2019-11-26,0.003034006547224754,0.002383417431537286,0.0024156892711640044,0.003039263164847348,0.0017629569416617006,0.0025216681820792643,0.0026904051197433124,0.0027422338302546725,0.0029621081954750365
2019-11-27,-0.0001816185535886423,0.001099615086806141,0.0015542019315807974,0.001021746428948951,-0.0007847518183322146,-5.6895603473573965e-05,0.0009307744649095241,0.0011243447758752959,0.0011861495701664222
2019-11-29,-0.003117026873823167,-0.004369572986752559,-0.00493476233019308,-0.0052587333367520375,-0.0011494392525230176,-0.003030815984580446,-0.0046350570118569145,-0.0046402611863830615,-0.004939375132308836
2019-12-02,-0.0046473146933203435,-0.0049393862193318015,-0.005148413149424463,-0.006087997959045044,-0.002639417436395685,-0.005052173016143094,-0.005467934093162309,-0.0062751117510389505,-0.006073455399852114
2019-12-03,0.003396766827038963,0.000788993874848986,0.0001907624394081554,0.002184669333055889,0.004058696649290094,0.004755089095689532,0.0017061072649675248,0.001226925751122574,0.0019372702185181403
2019-12-04,0.002035258169998826,0.003209573459715156,0.0039054945923379892,0.0034171748648723884,-0.0005426759940300511,1.6224513926886266e-05,0.0039741307764760096,0.002956842898854866,0.003235207707366366
2019-12-05,1.2817103229515842e-06,0.0005044531127961066,0.0006102506615625715,0.00029305807383201625,-0.000526429732674315,-0.0006496561509243405,0.0003726943616881975,0.00023785339500154908,0.0002926321154881811
2019-12-06,0.0012973618320410339,0.0031499963401483036,0.003818956475014642,0.003096823399415094,-0.0008015761020942754,0.0007602402980219865,0.0035742153611809935,0.0031900229216362103,0.003134200254047573
2019-12-09,-0.0006971280684032741,-0.0012584396995566482,-0.0012978439763463882,-0.001304508736827974,8.443758796611612e-05,-0.0002459441179432697,-0.0012369246866067434,-0.0013337273517550015,-0.0012848794144056837
2019-12-10,0.0004529128566407487,0.0003370908115403989,0.0004073816355919584,0.00044923342431011385,0.0004042138549814681,0.00030611308807736956,0.00021496321428471468,0.00014772907763046776,0.00032452003991636884
2019-12-11,0.002186340672643643,0.0024786860076363272,0.0017947376868775674,0.00315840849188654,0.002175873008922742,0.00345589694391838,0.0032329815960761028,0.0030040831853961314,0.0029312916767480716
2019-12-12,-0.0008385685819390603,0.0017707291820841572,0.0023817566152783917,0.0011610358676739767,-0.002267664446023355,-0.002467825973259809,0.0007254052439803464,0.0009168216712233874,0.001142414704324287
2019-12-13,0.0035684817645804234,0.0025063751227674203,0.002002083703376934,0.003427149718236885,0.0030151696342319992,0.00474607394415552,0.0034166881331323057,0.0030965691224289697,0.0032034841150691724
2019-12-16,0.0017740615708371555,0.0032853509156600654,0.004084756578085401,0.003589429327175932,-0.0008047872116329251,-0.000538110124793813,0.004023468110861982,0.0031206811126991696,0.003624637906754864
2019-12-17,-7.318004356867508e-05,0.0005139632831833796,0.0007914639484439384,0.0004022062509273811,0.00019842003969178189,0.0006424530335869159,9.776345867011524e-05,0.00022551841581395826,0.00031106758007751493
2019-12-18,3.1162974494196855e-05,0.0007093673250219884,0.0011698572285116918,0.000826484988923111,-0.001006623266582875,-0.001286467367170942,0.0006046531574219947,0.0006464057210126214,0.0008681076381425725
2019-12-19,0.002539407928362024,0.0024903205437858894,0.002665738833118604,0.002805694508676305,0.000906428317885592,0.001508383727149468,0.002513540373313653,0.0026199212499805444,0.0027943688802424716
2019-12-20,0.0010477042733357206,0.0013293732136696933,0.0012268522110387347,0.0014452558244942427,0.00024700999181256867,0.0004031857688720975,0.0011322033836829151,0.0013953857825983827,0.001498350294605335
2019-12-23,0.00025763671725210005,0.0005691988398882722,0.0006340108867854092,0.0004941565785142574,0.00016689400260938027,0.00014162549198951376,0.00041623595529337483,0.0004136183438224419,0.0005005015092874683
2019-12-24,0.0022591843015321283,0.0014908569298492818,0.0015457413416219423,0.00186808515022623,0.0014845007685460568,0.0013973480260501734,0.0015855765567476278,0.0016089619346790118,0.001736957628514402
2019-12-26,0.003700328143507945,0.0038124901780941718,0.0037367573365503382,0.004368738117382502,0.0018021193621067934,0.002715604687666723,0.003952665704841152,0.004134407118615469,0.004246120123890955
2019-12-27,0.0005812651963773352,0.0003972377460050946,8.7669299553581e-05,0.0006548439837449327,0.00039067940277047545,0.0006303451658911045,0.0006008577109819905,0.0006358691465621547,0.0005848954011202418
2019-12-30,-0.0014192133920814078,-0.002227288089421248,-0.0022602889429513967,-0.002561035515957912,-0.0004991128719069457,-0.001390607219009411,-0.002395408429458344,-0.0025479201257273365,-0.0025447058703940663
2019-12-31,-0.0011028123649556294,7.544003660021003e-05,0.00032298007161795186,-0.00010576972966899958,-0.0016812630547951937,-0.002647215277581089,-6.389528945034157e-05,0.00012131620107928067,7.854530352816896e-05
2020-01-02,0.004351222188352881,0.00552338706118861,0.004980046573528687,0.006323099360660637,0.003194427532480921,0.00564106155774635,0.005909784145613378,0.0060083658113194854,0.0061106346120130065
2020-01-03,0.003633382329547438,-0.0003080728883741528,-0.0004361622359683487,0.0003485321722165337,0.003576842159836247,0.0031968425745790897,9.401634164913269e-05,0.0002499795433009898,-4.2692346290151845e-05
2020-01-06,0.001116604709812343,0.00147873155052207,0.0016438499595469549,0.001279645566308061,2.790239451435802e-06,-0.0009552333208308567,0.001383452475151949,0.001317946146522642,0.0013720498831371296
2020-01-07,-0.0018558002774778164,-0.0015733639218419504,-0.0016388953130856013,-0.002285073457144461,-0.0007203528186456364,-0.0019624815980854313,-0.0021562864663275984,-0.0022766015503212426,-0.002217101756606741
2020-01-08,-0.0016790029991354176,-4.351849879237918e-05,-3.694911120476396e-05,-0.00034361759048472226,-0.0018204433192176531,-0.0012287168287683213,0.00028488517318644513,0.0003826674022719786,-6.936476100205389e-05
2020-01-09,0.0012287597123410404,0.002012624518961546,0.001669733924644975,0.002196789747773056,0.0007531027383484191,0.003006280918719593,0.0021867787528066615,0.0022368392307387168,0.002248467987570978
2020-01-10,0.002139200082486615,0.0009461943166821567,0.0005779011480495694,0.0016823213397025338,0.0017219473690293593,0.0017402052067777222,0.0011792376077877547,0.0013048032911381234,0.0015024089895547238
2020-01-13,0.0007934649539871961,0.002723931151732325,0.002978334411877607,0.002999424413355775,-0.0010282786928482483,-0.00010359308377890346,0.003146390693419641,0.0030952771952770775,0.0032145626316386535
2020-01-14,0.0004124364646484354,-0.0001906964706048965,2.5341166749841586e-05,0.00013248816671083906,0.0008869143086269637,0.0011902539751257708,0.00031419629509896245,-3.5453541323439064e-05,-1.558650202561152e-05
2020-01-15,0.0020386099559464937,0.0010925423140038173,0.001283378691002848,0.0017460133326750507,0.0014344077407508536,0.0018801011055022718,0.0015711359548514765,0.0017824345791251223,0.0017364657809085503
2020-01-16,0.0018370840807029163,0.00330939108049725,0.00393801499183397,0.0035713551650445,-0.00012815807624791747,0.0009307865865486851,0.0029976004011556885,0.0035522329276092795,0.0037258079563271137
2020-01-17,0.0003872425095986586,0.0011390067703715336,0.0009185610535765484,0.0008008634086517831,-0.0005995642469734992,-0.0006705248892436579,0.0004082616094197994,0.0008384048054711077,0.0008749161747434738
2020-01-21,0.0009175402693168783,-0.0019074264236585473,-0.002119300873618903,-0.00183409929940321,0.0015567518564913881,0.0021284571064758874,-0.0008658211497688175,-0.0013558329574597649,-0.0017714468857493778
2020-01-22,-0.000917474294149097,-0.00010747677613975532,-0.0005429020224957965,-0.0001208549641515738,0.00010051717291405096,0.00039714671543727184,-1.2458056459815657e-05,-0.00013626552536769986,-4.728756462092833e-05
2020-01-23,0.0009075429017761892,-6.756092200309804e-05,-9.641758205023533e-05,7.622046411031115e-05,0.0008432515254788189,0.0009355123496393624,0.000245284805316307,0.00034561254019601034,0.000251377301337927
2020-01-24,-0.002124492799779727,-0.0035841023370047982,-0.004555878279191359,-0.003791397691545997,0.0005320370890506575,-0.0009544160097156194,-0.0026817775822629004,-0.003627992064934055,-0.0037493921977127228
2020-01-27,-0.0045338782705732356,-0.007844062691171872,-0.008412877744236805,-0.008568976014601505,0.0010243568936878496,-0.0013755934097803922,-0.006739593801048683,-0.008919314880793647,-0.008427985787022174
2020-01-28,0.0021192703288739206,0.003727503784669998,0.004466359456745959,0.004032102668514408,-0.0005434666334073808,0.002131163198406411,0.00346233189271851,0.004622409113920739,0.004061521464106516
2020-01-29,0.0011435129452347873,0.0009523721981328765,6.586283872621404e-05,0.001189409889276585,0.0019483228545426013,0.0025331981242465783,0.00047571005550358,0.0007881709556420662,0.0011136882199363576
2020-01-30,-0.0007566663380404999,-0.0007957297887322127,-0.0005924675695817352,-0.0011864649602058327,2.871300622622219e-05,0.0006248964371887471,-0.0009052412131717565,-0.0008473088695120661,-0.0008886726883664774
2020-01-31,-0.004658044932958101,-0.006519999660751553,-0.007573425299003181,-0.007852068196648703,0.0007721753484106495,-0.0013303884829712598,-0.008659019044288584,-0.007900018239234002,-0.007802431002489286
2020-02-03,-0.00010601523005676875,0.0019656088049565855,0.002161617500239339,0.0018978396758708926,-0.0009227852888868011,0.0002809804572187223,0.003205704227030471,0.00252837736272547,0.002272838692640082
2020-02-04,0.0034953872680610477,0.0055514345048341095,0.006266983923072157,0.00653053376429349,-0.0018286325995597226,0.0007895575104974502,0.0038482547372867236,0.006245893873557902,0.0066072149644278225
2020-02-05,0.0031561352300587373,0.0033483482480112323,0.00417597346534609,0.0042333012047409,-0.0003121493779310525,0.0006033851919206862,0.004307444162637469,0.004256110931832694,0.004016425127919321
2020-02-06,0.0028441746458860427,0.002390364386256802,0.002210296496576539,0.0026404107158080783,0.0013636108933310297,0.0018030875838234211,0.002417054308571756,0.0023484793527634514,0.002650618523010352
2020-02-07,-0.0010353041592497515,-0.0017423894152459203,-0.0025432082039219474,-0.0023948213320462842,0.001765260605446361,0.001914945173302238,-0.0033113600058975344,-0.0022240350378142913,-0.0023645045652198144
2020-02-10,0.0025474730275186954,0.0034488488940026636,0.0035519756560322955,0.0038222746851110413,0.0010156727390989524,0.0025575251841001363,0.004470584360381676,0.0037364235196956715,0.004091573751809855
2020-02-11,0.0009087348983263108,0.0014144226050694553,0.0020184767683179535,0.002335775989120262,-0.0008478840375586615,-0.000889507631036168,0.001487593498685768,0.001799326063191102,0.0022247561818204927
2020-02-12,0.0038039968643740173,0.003472864826138525,0.004192987576961105,0.004453294633299033,0.00021695035600789714,0.0012240030016443832,0.0033100206236915913,0.0038752426503596716,0.004321822861946723
2020-02-13,0.0003766882813405215,-7.933146016346461e-06,0.0003701246206685318,-0.0002678467927547736,0.0008611595371857299,0.000475061959672165,-8.799760834022114e-05,-6.58499653613743e-05,-0.00020658562207482873
2020-02-14,0.0016283180255847942,0.0017148210347978441,0.001563152950729076,0.0018583875909635075,0.0012672198844861375,0.0018203440609782524,0.0017257259068238755,0.0017314779980228494,0.0019058238091146328
2020-02-18,0.0020580806335947287,0.001057986293987299,0.0008416230804299152,0.0008528099994374238,0.0020862841223234633,0.0013339101505546612,0.00083130137575183,0.0007015810824377624,0.0007073978183726835
2020-02-19,0.003001468933104557,0.002179909935195131,0.002130819461470642,0.0025597213681985463,0.0010224162425251117,0.0013494532269266457,0.0021168207817856876,0.0022503690090540035,0.002398753923589546
2020-02-20,-0.0005816218883413596,-0.00024197404424465706,-0.00014942821711912718,-0.00039796538692521785,0.0013653946395195838,0.0014883481768694874,-0.0001267708497208827,-0.00025679185620999654,-0.0004025040389291394
2020-02-21,-0.0016560339864348519,-0.0014639881458655911,-0.002420380267353171,-0.0018146191881591688,0.0017585016043985004,-0.00019049967329701843,-0.0014817249707475238,-0.0018905426681505386,-0.0020954341412527723
2020-02-24,-0.01232834131038588,-0.011827752531612638,-0.013785985074138984,-0.016030079747424496,2.9778620407465834e-05,-0.005294272203320524,-0.018308120199363863,-0.016358667726781413,-0.015802184184949462
2020-02-25,-0.009973484479795023,-0.00941385306377118,-0.011102251729639061,-0.015034419685233117,-0.002743228371595935,-0.003769939738383948,-0.015075289244527147,-0.017479083542852103,-0.014892319962608825
2020-02-26,-0.001054997727592393,-0.0009750886157013144,-0.0013867454336729424,-0.0021470891410841817,-0.0009281089317877146,-0.0007901812472582213,-0.0013146558610210295,-0.0023445577071037594,-0.002009861005358472
2020-02-27,-0.011684919768980194,-0.011274770783375436,-0.012695453184648623,-0.02164968179881294,-0.0022982177080920355,-0.0024882803574829407,-0.020254017408479697,-0.02204381363444234,-0.021353127401500825
2020-02-28,-0.0036738986084206395,-0.0023258197875068057,-0.0038549979425245642,-0.005054146994442888,0.0013170728674412884,0.005820722250899279,-0.008143057152028173,-0.009673569122082972,-0.004677328293181341
2020-03-02,0.011190578525081691,0.01013337684157309,0.011241333939249963,0.01907049010361759,0.0028643056587894,0.004234865369152977,0.021882084373409858,0.020404102787288814,0.01837117972874718
2020-03-03,-0.0016314826585551567,-0.0008566732730361384,-0.0014218990121649632,-0.0025504699649443584,0.0044631029972381775,0.005098097538214274,0.0040944126943002306,-5.484296195353296e-05,-0.002726773920570421
2020-03-04,0.008929943748120998,0.00887371599115181,0.009181847226363891,0.0167179021415224,0.0015296689081353721,0.0022190840093207088,0.01990954872233275,0.01828879874049379,0.01623964391135935
2020-03-05,-0.005680976905320004,-0.0051535342853115795,-0.00604496316945566,-0.011141140145871734,0.002410210865247534,0.0021778527970395542,-0.00871396716493312,-0.006657689195930946,-0.010543791738740312
2020-03-06,-0.004910701892267194,-0.0024616342321667323,-0.0045773535688210035,-0.006724180845248548,0.004358873126130292,0.003347963515247377,-0.008773511778477953,-0.010701042640002566,-0.005365240517353993
2020-03-09,-0.02585078648922361,-0.023768177331831716,-0.02569584345907711,-0.0491296991831717,-0.007183075089926486,-0.005530394494031019,-0.05444004374599261,-0.05536223810121103,-0.04454163779444822
2020-03-10,0.009406001669987406,0.007161693013415411,0.007925638725057351,0.016596610995304503,-0.006126726392170306,-0.006426053001486745,0.03668593488401281,0.03361488887099263,0.013013143953395295
2020-03-11,-0.01726839433916676,-0.01900895791890126,-0.018361706773680608,-0.037084888809325006,-0.012012474670126443,-0.012051341214283513,-0.028568511087937325,-0.0372860035208015,-0.03521206426005044
2020-03-12,-0.0320671861157286,-0.032856105332515755,-0.03328287147168974,-0.06633998679094279,-0.014263079848425833,-0.01232893042533352,-0.0819326585402528,-0.10138858846509133,-0.06107242629005667
2020-03-13,0.01738559498922827,0.019454971063121197,0.019471595689856187,0.039438007242946604,0.004336158328298256,0.005937646590423773,0.05498769205639612,0.067025999467383,0.03458110873113206
2020-03-16,-0.03372244825643486,-0.033066091325313914,-0.03706399996653902,-0.07052509195179645,-0.003316337984333156,0.0012274120609174967,-0.0388254707075018,-0.04333540717161446,-0.0628498194639816
2020-03-17,0.008146716539208452,0.00763660732576057,0.008864750484742332,0.018574508787700138,-0.009291164699384402,-0.011142106520920854,0.036471225147972276,0.0559124846205779,0.013121724218994846
2020-03-18,-0.02317442195532235,-0.025861410575760354,-0.026491769263262778,-0.0526138851088172,-0.018844451037753455,-0.01573991627128462,-0.04231664818142839,-0.054283911122261067,-0.048189423006054014
2020-03-19,0.0010058175068221355,0.000251042679847501,0.0003104173016662709,0.0028927005859774348,-0.0022844196869748644,-0.0006420363346271388,0.0034647930618934195,0.009494533843834928,0.0016313858165303327
2020-03-20,-0.0031449760916484764,-0.0017463317617646844,-0.004012157730160478,-0.00522618599957787,0.009314550737146108,0.011350953897504302,0.021408882995772035,0.0023379054221753445,-0.002272503284928249
2020-03-23,0.003496068404589409,0.004051680284368984,0.0031857396724971304,0.003748842547960837,0.013579556950254148,0.011435319193657398,0.0012925927832369375,0.003429977578694493,0.006880328851891551
2020-03-24,0.02416051407480718,0.025067703978255685,0.026134308513023695,0.05003165566805863,0.009353114868974374,0.005529752320068669,0.04964718005332749,0.019518388431219707,0.042691553553418686
2020-03-25,0.006720132725755594,0.007663988575998366,0.0091706468061556,0.01806506836805201,0.005287312417010955,0.00394303251682511,0.0108623784074886,0.008803358743765102,0.014899573413522701
2020-03-26,0.015269364811396688,0.016702422379996324,0.017435689052794256,0.03193799324041238,0.006666486472170147,0.006357907459669697,0.016315030286888018,0.01157506772004423,0.02865018116398593
2020-03-27,-0.0057597798513907535,-0.006273725593116537,-0.007108471368926725,-0.013454961525672089,0.001499365789022357,0.0012605576014593283,0.004664145824707343,0.005451876907699455,-0.011307040911435223
2020-03-30,0.006588432860629305,0.007492006954205302,0.0076687928385439285,0.01372796615212312,0.002518332484247411,0.0047242319179404,0.004133042545695154,0.004871028719005313,0.012538600510156017
2020-03-31,-0.006179298530132273,-0.005585510290533589,-0.005357263990820504,-0.009749499054386743,-0.004610155595391632,-0.0007794242373120204,-0.006814930522797845,-0.0055308283920445,-0.009570158330653765
2020-04-01,-0.013424099972592519,-0.014021528706548875,-0.016687751073378942,-0.029722929979136798,-0.0034490641344723802,-0.00346908543410677,-0.015061924990496309,-0.005367581140307528,-0.025347473685779158
2020-04-02,0.007052293200996813,0.006980715142293171,0.0067146808527115435,0.013391647228913842,0.004167540496096661,0.0026715557229441906,0.010540500602884712,0.01031560002081836,0.012152871471851383
2020-04-03,-0.0031718012161083917,-0.004512397358776229,-0.004653731217774695,-0.00893784005983284,-0.0006768403699428558,-0.0006466294901112333,-0.0040175563239018535,-0.002669114954710392,-0.00785865471680555
2020-04-06,0.018590487770298782,0.01958116831220536,0.020991640513384077,0.038159773863637836,0.007498580303302808,0.005058570656703653,0.03545630582691267,0.015383119071303547,0.0339692965800026
2020-04-07,0.0002468652058132068,-3.8892156239636334e-05,0.0006239660049437654,0.000930906728223867,-0.0014908732262528621,-0.0021780568716625814,-0.002357834584707825,-0.004679208141554657,0.00014756063604803076
2020-04-08,0.007734307906981298,0.008791580401517231,0.010663186587476385,0.01742936131789016,0.0026124391884305566,0.002573874752845112,0.005859430161643724,0.0031649990123505996,0.015229138692725403
2020-04-09,0.01208396143334548,0.01245742821050826,0.014045692940444839,0.023437431142111626,0.0104358815826374,0.006405755268784961,0.020055721840756185,0.02096542176745184,0.021599707270034067
2020-04-13,-0.001757877112376249,-0.0028176141478182095,-0.003613348759009813,-0.006408402811718452,-0.0009654253842222992,-0.0008025382746046719,-0.00520308357090289,-0.007053949769083366,-0.005872157812643602
2020-04-14,0.006890021826597377,0.007735728656864263,0.007730465095133024,0.013376127388779373,0.0017038119224675303,0.0033317271433841635,0.007055792435869276,0.006977681173402974,0.012875778558798396
2020-04-15,-0.00707946521162857,-0.006211239381458631,-0.008140735074217968,-0.013683372317365267,0.0016813599434590991,0.0032786711169341255,0.002894530509090915,-0.0019948987440420937,-0.011028520016494323
2020-04-16,0.0007068903724265853,0.0011261770619277168,0.0004657990157353877,0.00107234436645827,0.0011190258578242895,0.0013075932194590001,-0.0028453035976475746,-0.0024364382511164215,0.0017481577052000745
2020-04-17,0.004566097484701398,0.005061255518227585,0.006266772541450672,0.011456450312676265,-0.001389213592236286,-0.00024839504592681346,0.005830575364681466,0.0025629015531171925,0.008986876137795858
2020-04-20,-0.005397544264930578,-0.005409442589440488,-0.006238280954908604,-0.010529094732373503,-0.0010510559226780646,-0.0006248707561621946,-0.005752981884456257,-0.009442928133396731,-0.009008368962966256
2020-04-21,-0.010436500625067869,-0.009860311772885521,-0.011037602533440605,-0.018240739422621065,-0.003605435378887478,-0.003427032449303911,-0.014042732645232798,-0.018192375871648993,-0.01580774881747834
2020-04-22,0.007277406334016279,0.00709878826399514,0.007342733906036012,0.012679859905277036,0.0022014372028469203,0.0012889069605730313,0.012427843602310454,0.013263789906986323,0.011478850711191703
2020-04-23,0.00045016671722783425,0.00043964558678890746,0.00040407618316704426,0.000777201286323661,0.001501279792478981,0.0005447194030347389,-0.0007431397068135934,0.0012036584819552771,0.0010761330181529997
2020-04-24,0.0011627451148898903,0.0015676636563333346,0.0016225739977832466,0.003046554394697891,-0.0004881580378324048,0.0005427549030603183,0.00045272175879176494,0.0006241106996804347,0.0032153202600736525
2020-04-27,0.002384882862429536,0.0026426885260370753,0.0035422003870991285,0.006347870872674029,-0.0035571114300377623,-0.003232955599412144,-0.002378548622739673,0.003420734096499019,0.004960073121578277
2020-04-28,0.0003887003294211276,0.0003831622682938085,0.0005382646955769537,0.0022287934354819914,0.0013525014027140525,0.0014475184056986729,0.0020132476356615604,0.0019776000735627114,0.001605427995883224
2020-04-29,0.009456043780828049,0.009523844266358328,0.01068280548044741,0.0183369639524492,0.003526796427910782,0.003901981174028957,0.010602835384356598,0.01414384506960876,0.016532476268838477
2020-04-30,-0.0042082499925396935,-0.004402353147675512,-0.004891101350013768,-0.010012189411258718,-0.002746148021033545,-0.0015203121615147014,-0.004930844021135137,-0.006726586736351385,-0.009864363574674958
2020-05-01,-0.008188334317596791,-0.008469485857652044,-0.009652805944679597,-0.017138247649579455,-0.0016438471518728313,-0.0024052237253359477,-0.015986174423553604,-0.01953613022169456,-0.015203920148616044
2020-05-04,0.0017494856214824305,0.0016334148537872923,0.0019929512438920994,0.0029376156969241124,0.0006155244218209935,0.0014007703223760145,0.0016196635008293146,0.001589889365895026,0.0025531636961761742
2020-05-05,0.0037281530860523325,0.003284079275732364,0.0036744407839313592,0.005875367029359156,0.0014302656133333303,0.0014426384083973582,0.00484606226347723,0.004216079757484463,0.004892255839338609
2020-05-06,-0.00470662713960474,-0.004162009791260608,-0.004301720180809199,-0.008773411511604295,-0.0050557898106421105,-0.0033115025488574543,-0.008248169746998695,-0.008230797881841752,-0.008031284531338712
2020-05-07,0.005588624402735894,0.005577528407735204,0.005559680296579329,0.010426232692137626,0.00461136394256715,0.0048802777561239834,0.009889450397486293,0.010391811014358172,0.010199406958398105
2020-05-08,0.005450030670927151,0.005149227094482093,0.006216022997354607,0.011096488825926272,-0.0003500807276606636,-5.8006439193236006e-05,0.007317926390238918,0.005931990842269784,0.00901372744164709
2020-05-11,-0.002575708174257369,-0.0021603131299263788,-0.002423883967808473,-0.005124740948391334,-0.0028912137610916785,-0.002146261628579635,-0.005173227865741981,-0.005075982051700312,-0.0043589788296339175
2020-05-12,-0.005125960594972273,-0.005190727863466158,-0.006046355817355445,-0.010141713696137571,0.0011087297767749032,0.0005083632111477195,-0.003370535979844769,-0.010885267237892154,-0.009018980784040334
2020-05-13,-0.003647956447154979,-0.0038517016351268074,-0.004503141083709501,-0.00769320039455639,0.00035816785554009157,-0.00014887130614390172,-0.013653892477275997,-0.00976519912840163,-0.006434020733639051
2020-05-14,0.0032911293217019965,0.0032817701341213566,0.0033770018706380718,0.005547397905817449,0.0034447259586325523,0.0027445881565744124,0.004201297322222746,0.005116093381955428,0.0055446030313187865
2020-05-15,0.0017575221944678933,0.0015019816775292088,0.0017161152004749984,0.0022888961168307316,0.0011077418552112258,0.0008274700819057947,0.001989644449537447,0.0023193954499752317,0.0021384813911701824
2020-05-18,0.010458466031064389,0.010089243229618626,0.011299831879723053,0.021822587072111148,0.0004279833023814326,-4.6398554359880034e-05,0.021438583011389182,0.017074989261493947,0.01778924200132131
2020-05-19,-0.0016828466503677982,-0.00170807968886763,-0.002011488696343141,-0.004369570675045232,0.0010393426483047191,0.0013236174557404129,-0.0004385891790380713,-0.0017646436309322541,-0.0034877166289843586
2020-05-20,0.006665417882282804,0.006532383206402309,0.006951575877321267,0.012809973415260897,0.0035979553981615947,0.003206098953946987,0.011656228938128234,0.012100611853013619,0.011723348129369168
2020-05-21,-0.0027529033080653654,-0.0026310411650476598,-0.0027248165622951585,-0.004592433098987924,-0.001299172882772426,-0.000716692438413041,-0.003925809551072774,-0.00350868295803098,-0.00454263253937554
2020-05-22,0.0008369105697373356,0.000974705633273877,0.0006990429104794407,0.0007237532806041429,0.0011817275048005686,0.001152413695585635,0.0019355149973706496,0.001340583711727388,0.0012444619192111346
2020-05-26,0.004036690091673879,0.00335447291602785,0.0039061413423097002,0.009341543379129775,-0.0016091190677477217,-0.001133397005628161,0.0057862735072223255,0.0066754651061740255,0.007072878645388795
2020-05-27,0.0030148390987979447,0.0034076614177887387,0.003369241557888381,0.006699897470332697,0.0004595916674847763,0.0009033114344449386,0.0025741990833374542,0.005449276246360588,0.006429065759348741
2020-05-28,-8.759940259512304e-05,-0.000520466766969024,-0.0008946318910170836,-0.0011590888662696569,-4.568330885553388e-05,-0.00044860584283593535,-0.00011346977012473205,-0.001209390639522077,-0.001182192287046825
2020-05-29,0.002910451811073126,0.003046522547880032,0.0032393736057262173,0.005200754066319755,0.003419427798993029,0.003859363924097268,0.0042002128714933125,0.004506002325043271,0.005023473230120563
2020-06-01,0.0038602758343311383,0.003372910886499887,0.0036646261461058573,0.007931975881104735,0.0004133461158027763,0.00046200981770531024,0.007806199873410785,0.005782244366158878,0.006797346775610531
2020-06-02,0.002870030799150766,0.0028005413054242056,0.0030445324574932763,0.006376123867122168,0.0006259456368649393,0.00037166115943678486,0.0052837925320502535,0.005036333793749856,0.005458851007008923
2020-06-03,0.0028720133386687936,0.0026109183675646864,0.002944966366557162,0.007263028570459462,-0.0025992396910155435,-0.002857016021248589,0.006067930720328517,0.00462844601635,0.006036217956473552
2020-06-04,-0.0013111369238894938,-0.001671894908289644,-0.0017398359655214786,-0.0037782758788645044,-0.0014950843768356088,-0.0026016091927211944,-0.0024152015620313378,-0.0030403165949641534,-0.0038682147034398828
2020-06-05,0.006562412490497713,0.006499447721950448,0.007521882359150701,0.013867276009412658,0.00018277882406128766,0.0003821325678295665,0.010651568062084872,0.01437374244055192,0.012474555172956151
2020-06-08,0.004207025027520897,0.0041428757473593964,0.004151758318116251,0.008031404162626769,0.001805600346302175,0.0013129090523986498,0.004104664730224321,0.006347583099193682,0.00799389210278608
2020-06-09,-0.0010772651253867502,-0.0008129980680514197,-0.0009867944021081539,-0.003106212062783494,0.0016667468661347004,0.002168529736093871,-0.0014291362025464086,-0.0022660172264883866,-0.0025520890799487056
2020-06-10,0.0006486922275533437,0.0011369861407813828,0.0008113290555566156,0.0005982765639702232,0.004070039541336017,0.00538619009377627,-0.003139771360584772,-0.0014148951955320033,0.0010426970748131014
2020-06-11,-0.018077021683939452,-0.018741714338098757,-0.020292412515230205,-0.034613308496874856,-0.0044036246541314565,-0.006397437808859375,-0.045921110526728315,-0.03495899858365002,-0.0323133904392018
2020-06-12,0.005107153393898663,0.004964039863092502,0.005373288054209228,0.01049259034241058,0.000495261542168242,5.948083303100074e-05,0.01929863171384989,0.021087244033875244,0.009269927154360553
2020-06-15,0.003862862304861584,0.003971934504636483,0.004222163413878856,0.007033654091870672,0.002473253524186163,0.00190940610588514,0.0048311100615099625,0.006329828694526773,0.006638645364243542
2020-06-16,0.004010649401618677,0.004389795615157697,0.004694646468130455,0.007512426982018856,-0.0006911414648507359,0.00037177746889608006,0.007350524764199072,0.005714342640008614,0.006898044318908139
2020-06-17,-0.0012031112466126847,-0.0010143210036316324,-0.0011288045889316048,-0.0020205655854934204,2.3025374026160413e-05,0.0005698595271146563,-0.001384287315212672,-0.0022874065790551824,-0.0016461551358845756
2020-06-18,0.00016113448807625853,0.00036705602437958824,0.0004946382176790324,0.000446447359030755,0.0016594815184010137,0.0016971712735255602,0.0006988998097446218,0.0004720618080304141,0.0005482782119692365
2020-06-19,-0.00023830868558852018,-0.00032550990016276033,-0.00010924107992578898,-0.001085286364215788,0.0009489716042584786,0.0005014349692692292,-0.0016075901501252062,-0.0011041309160594415,-0.0009847877247495661
2020-06-22,0.002929271101156788,0.0029133865726807665,0.0033123289949412997,0.005494326334133324,0.0011028897346266667,0.0007217422344889511,0.003932037921541492,0.004523740305017209,0.005181409832938931
2020-06-23,0.0010137562349666594,0.0012647220231259554,0.001343811708364732,0.002024650617970164,-0.00014926759717392863,0.0002588311764297211,0.0002900910585606999,0.0013483776940494815,0.002169370364563381
2020-06-24,-0.007926039443999841,-0.007807801608863536,-0.008116449405517295,-0.014676707950166628,-0.0018189702180865974,-0.0018744726875393014,-0.008701867984317258,-0.012300291728065302,-0.013362648569273038
2020-06-25,0.0035233597117146414,0.003334155713009971,0.0034605063588222895,0.006594087564218959,0.001225391622504819,0.0011938223439951923,0.006780635262762859,0.007711623254485046,0.006088196487253114
2020-06-26,-0.005500339687206034,-0.00591736354192943,-0.005841415093137945,-0.010317118534211198,-0.00032322644039224223,-0.000806490992217625,-0.009667147190580861,-0.008419554158796446,-0.00954427936660404
2020-06-29,0.0045659102798969314,0.004467342641574053,0.00475265349190873,0.00863620176098751,0.0011611494953759527,0.002197269354654266,0.009033914794352756,0.010101568390863421,0.007705996650582895
2020-06-30,0.003510237955859436,0.003785877253524675,0.003688458066187653,0.005671246030117489,0.0012812299866144083,0.001020378879649862,0.005095915122219044,0.005027835497615771,0.005671904302034967
2020-07-01,0.002528311186299883,0.0025206196215452623,0.0021733188515723535,0.004522040852391313,0.0005119278003128082,0.00040825443791889726,0.003841144497120856,0.003175382313596689,0.004219935792592591
2020-07-02,0.002558506829108988,0.002653316342759303,0.0026479927251805684,0.005438113021548334,0.0014480855475965664,0.001645134441308717,0.004877536317254465,0.004215260119009417,0.005024292861925856
2020-07-06,0.005121776517980764,0.005431363587713007,0.005483591516379462,0.010305348470713679,0.0016441402476508264,0.001564830859650716,0.009484710790771265,0.00776775295260716,0.009947033541837812
2020-07-07,-0.0028467397127852215,-0.002419417495886173,-0.0021183286700852235,-0.0056123393881666326,0.001576388444959881,0.0011894362168791868,-0.0033378553421911684,-0.003376577231141606,-0.004923401757233735
2020-07-08,0.0032908396980446514,0.003291175828415035,0.003554241548320482,0.006276560806013718,0.0008525108555121998,0.0005397073202257731,0.005160203006713192,0.005640952395806676,0.005889775120011582
2020-07-09,-0.0015057345062795431,-0.0008534218290195382,-0.0008912308301303144,-0.002263012127063492,0.0016530183309342627,0.0020404088951025763,-0.0023327059247235014,-0.001358931611316063,-0.0011746760531066555
2020-07-10,0.002172570750824065,0.0016523208989880408,0.001521031401106785,0.003224612428833933,-0.00019760107274579032,-0.00032819061255630593,0.0032132882333149398,0.0028614492705983066,0.0028415343024512578
2020-07-13,-0.004039153188662027,-0.003677683327197498,-0.003820445843018359,-0.0066680174148509175,-0.0010661035140349922,-0.001733468091084126,-0.007009257749890138,-0.00631723002791258,-0.006476400493288662
2020-07-14,0.004091415256886404,0.0034919707576472917,0.0034080973232349563,0.00715884707042165,0.002097545019167667,0.0015083392120997683,0.007246112091546889,0.007237453470167615,0.006699446803483679
2020-07-15,0.00409380002392036,0.0032190104648566966,0.0035145590483126885,0.007255235346149601,0.0008734267380091767,0.0009899788904067636,0.008625621856365026,0.006354456160657674,0.006188639041379745
2020-07-16,-0.0026842843038368293,-0.002437046053463461,-0.0027816652539121747,-0.004738762171222913,-0.0003508574070070417,-0.00023452484791388438,-0.004305756976866598,-0.0038377605860032285,-0.004369717363418257
2020-07-17,0.0020663904133141854,0.0017631588432817347,0.0018781720473489058,0.003692419650889072,0.0008649361485226018,0.00041685677852645685,0.003115319782450708,0.003388646931076557,0.003393971835864413
2020-07-20,0.002947706179383866,0.003424979369588091,0.003356493467404702,0.004473564848609912,0.001943804391544254,0.0031064678326282982,0.004647729594433446,0.004125456972054392,0.00525636277805083
2020-07-21,0.0028356051849404286,0.002465150562197039,0.0028963800821574476,0.004442146590489537,0.0018295410555488412,0.0013598589264820042,0.0035051807849134126,0.003758312406921896,0.0035045822223021845
2020-07-22,0.003901140963797379,0.003581097697406563,0.003690217574110186,0.004432477786451054,0.0022192455457820267,0.002310811362540628,0.0040690988855103085,0.0041598583527397695,0.004318669620778178
2020-07-23,-0.003476655787691285,-0.002924959477512901,-0.0027061346654074633,-0.003178288317883116,0.001081432150868152,-0.001243617866397556,-0.00370601248202279,-0.002981958622258431,-0.0034962606490864232
2020-07-24,-0.002567690721729404,-0.001908205204053206,-0.00186028027594531,-0.0030228103515494284,9.113521387738445e-05,-0.0016575381464487,-0.004400369607691402,-0.0035648039844963465,-0.0029052900294991094
2020-07-27,0.007552401172823153,0.006502776951761224,0.0068555573106904525,0.00802698177874797,0.0016555258927879889,0.001424428912677979,0.008362533120474233,0.0076013483476143565,0.007879748512093526
2020-07-28,-0.0014274958187094672,-0.0011601714733994958,-0.0010904513157297122,-0.0012656085968115536,0.0006556692307129268,-0.0011130218272958666,-0.0019304026002397003,-0.0014810519499714927,-0.00126330447273309
2020-07-29,0.008217293811651137,0.006803553984269061,0.006976612749502731,0.009563797116681995,0.002021403235201756,0.004658571999835617,0.009562093515815655,0.009306941186565606,0.00898052756932561
2020-07-30,-0.0030784820702316426,-0.0022548920628192005,-0.0024823763514694496,-0.003854642234900043,-9.99755540002617e-05,0.0006560194539345444,-0.0031897786750554017,-0.0028772556737094767,-0.0031174188482453982
2020-07-31,0.0015550028413096795,0.002135467504412658,0.0021572387586876983,0.0003030394780289634,0.0014930745550631277,0.002644830281056285,0.0007162188682147256,0.00044234995541557416,0.0011570593908042275
2020-08-03,0.004755969589982098,0.0037618068627817713,0.003689341430542691,0.004744597413429871,0.0005306244357929405,0.0017843013444530397,0.004581313917489215,0.004415046927652934,0.004448711133312671
2020-08-04,0.006018338385047859,0.005813762219664301,0.006131051661955574,0.007561086549382847,0.003495008074223944,0.0035454221146339294,0.006020246290227496,0.006627775256281797,0.007411817566626102
2020-08-05,0.003664791024596522,0.0025440344932785514,0.0029242409953694573,0.003630106358607086,-4.0268619434107416e-05,-0.00037554072503675866,0.0036628996218309945,0.003102792381438937,0.0032516376492497173
2020-08-06,0.004627564790236416,0.004500490742136087,0.004606204533682044,0.004932986696084087,0.0028085605246240676,0.004065035940871012,0.004476251791502941,0.004616369273954352,0.005257991052436938
2020-08-07,-0.003217184429027715,-0.004026396699711859,-0.004039206410281309,-0.004070159045851884,-0.0031256020543306224,-0.003553589667817765,-0.002841148787131699,-0.0036365258668278585,-0.004387732759564546
2020-08-10,0.0007619757287552843,0.0002605813575023672,0.00040365959188160173,0.0009177538249987608,-0.0007478731238124645,-0.0007385965222543301,0.0004187694910830978,0.0010610805180174742,0.0004245145727704947
2020-08-11,-0.0118429600114519,-0.011074621411201982,-0.011484059146209933,-0.012304258702276284,-0.00760180415585417,-0.008163732050426168,-0.010570553149421463,-0.011563887497650492,-0.012944524969477221
2020-08-12,0.006721744282022633,0.0047761648721733035,0.004867546602194456,0.006691771624402736,-0.0005001568928339564,0.001044962543640055,0.00499044091453253,0.008030901709161454,0.006530142946437881
2020-08-13,0.00011300827136903561,-0.0002331740834116048,-0.0002349209065620777,-0.0014121912017053258,-0.0003793564068681306,-0.0037283670909154186,-0.0018354469266562443,-0.001140456626111275,-0.0010177733818443142
2020-08-14,-0.0016074276121870036,-0.0014046616122868703,-0.0012637227204554651,-0.001966784405978557,-0.0011635697795961393,-0.0017052025618688408,-0.0018584425538799576,-0.0019259444708221096,-0.0019410453317981232
2020-08-17,0.00761444704718819,0.006523942148980659,0.0067510086479740635,0.00819557004723845,0.0034536415362584833,0.004201944655737309,0.006782550283476432,0.007482575256350956,0.007959613773834367
2020-08-18,0.0019059331496107236,0.0019186911912359417,0.0014929068727292183,0.0016813841346290227,0.002171050107296381,0.0029435533296070003,0.0010854026089824086,0.001735950786818405,0.002162061054559533
2020-08-19,-0.007002571434222933,-0.005882274758338457,-0.005541054844470768,-0.0077590264330179995,-0.003709497767952834,-0.003120530417882341,-0.006641647382709958,-0.006844198842608756,-0.007916847443800197
2020-08-20,0.0034497992458984938,0.0030982936989763267,0.0028503476353759056,0.003337421951636244,0.0024708796993085005,0.004129192509666577,0.002891666262457346,0.0031207258513412206,0.003828316392678161
2020-08-21,-0.0007556146825529518,-0.00018853141241699438,-0.0004249566932647233,-0.00039151929940708116,7.76298660671786e-05,0.0013993936790604642,-0.0003418127495630596,-0.0004021397151024972,5.9916120463255656e-05
2020-08-24,0.003600011363033384,0.003397996965296868,0.003794237531499033,0.004732069988846382,7.061121971695806e-06,0.0017346295315146536,0.0038364133309922326,0.0042208050785565625,0.004302216949457599
2020-08-25,0.002008609140301946,0.001703343425858143,0.001914994586661438,0.0018126053315397918,-0.0006817226397160001,-0.0008897832231914786,0.0013666246971553156,0.0014536481543654248,0.0017439127260827725
2020-08-26,0.003719353832638753,0.0033505627499594895,0.0026100655042831955,0.002860901432547839,0.0011074541015835468,0.0017944554106567561,0.002973091250161569,0.0027663088187828773,0.0037425651327987397
2020-08-27,-0.0030031376024218788,-0.0027972403778854715,-0.0023096720404791613,-0.0039840619986463745,-0.003879571759778018,-0.004965504101698899,-0.0038045162776332983,-0.003629632267284219,-0.004087609221709912
2020-08-28,0.005309079162951202,0.004802545512028476,0.004626290345917575,0.006277671442976886,0.0021199654119600357,0.002418634404803987,0.005208006031721435,0.006110908608785934,0.006104566743524525
2020-08-31,-0.0009494077900850749,-0.0013355539799151089,-0.0018863682257002393,-0.0028353890224768886,0.0012813656206281897,0.0016884965179642965,-0.0020639015866399687,-0.0021635279695177635,-0.0020372315400955447
2020-09-01,0.005363007075646071,0.005862035667972335,0.0061451767732882395,0.007133314353328012,0.003086812610927883,0.0066031912785595994,0.0072377585036983655,0.00661480062744246,0.0073720890948845786
2020-09-02,0.0027733079676936488,0.003304347855270259,0.0033763002821377863,0.004222668814991689,0.0005931956162939825,0.0037923207909125764,0.004941132460655673,0.003759708493560423,0.00439494262736617
2020-09-03,-0.014004735400990127,-0.014368698363203572,-0.01504454278539376,-0.015934940886861964,-0.00288803172046994,-0.00817898357038806,-0.014307381587729642,-0.014867634598129094,-0.017000346279381753
2020-09-04,-0.003671217893328635,-0.004068154391760558,-0.004345130997516925,-0.006316187419205616,-0.004235255407952391,-0.006146793658618046,-0.005578827381607164,-0.005613871221677386,-0.006406752642390154
2020-09-08,-0.007999478002064082,-0.008624522314363923,-0.009289525056345619,-0.01334695851212771,-0.0021267870667706617,-0.0035313796326316917,-0.01144417018342912,-0.014770365689960182,-0.01376893447614402
2020-09-09,0.006333892152322511,0.0063255735777201375,0.00643025182038653,0.01094353813588697,0.0022923410749300078,0.0023636528018040172,0.010859184263682431,0.011583160524117453,0.01101781346863358
2020-09-10,-0.004581316053905084,-0.0048890899857824315,-0.005113225639082306,-0.00848038318192112,-0.0009936426396650719,-0.0011862175286893374,-0.008722236292711563,-0.007850258449820072,-0.008331070374173959
2020-09-11,0.0002872355142719514,0.0005222065786463294,0.00018727801023792398,0.0011912362749173324,0.000688122087267931,0.0006765964933584533,0.0005754310360165534,0.0007278972415074064,0.0007062408498887926
2020-09-14,0.004850347065560815,0.004698931724899472,0.005301728395810461,0.009291794651286073,0.0013395143828920236,0.001094742617159383,0.01134052407857263,0.00907309034889256,0.00914187515730811
2020-09-15,0.0025583607593484517,0.002563320071823796,0.0026713389795262957,0.00448863794177349,0.0004088539520313366,0.0009680696612490926,0.0037951034108439086,0.003554956831921888,0.004414344986037492
2020-09-16,0.0003819889982038417,0.00016781530765713358,0.0007207821040445247,0.0009886112473489865,0.00025512702524076197,-0.0006167668992413102,3.420727935145687e-05,0.000615287201655086,-0.00012322893449156927
2020-09-17,-0.0023015700457462377,-0.0020953299677234235,-0.0020982732842037425,-0.0037981553361900525,-0.000123518766651986,-0.0006304497337098841,-0.0062519631119560505,-0.003872788642296815,-0.004338235844248106
2020-09-18,-0.002991649923944367,-0.0031499459059445727,-0.0029156032562937684,-0.005675790116023495,-0.0009407348834754296,-0.0015105265932380922,-0.008212364748377934,-0.006092682342260014,-0.00571560607117692
2020-09-21,-0.0071841352085484,-0.006087261469787791,-0.006990392119007729,-0.013020973237927544,-0.002537976310856756,-0.0006555514343302299,-0.01477214338806947,-0.013140519110260861,-0.011474076169553577
2020-09-22,0.001998512419242686,0.0020023042722014336,0.0018492668807861866,0.0028590329338819913,0.00025120920128766765,0.0011405411322159011,0.002591704457388378,0.0032573079676081924,0.003265560629815834
2020-09-23,-0.009277205887630232,-0.008363263671272821,-0.008432786379503902,-0.015682107611051304,-0.004207649259429868,-0.003706019469916686,-0.013958273970103512,-0.014831160759889512,-0.015516940690724814
2020-09-24,0.0011131019755615857,0.0009471984591745862,0.000909254899590771,0.001480063316386468,0.0008716669897085723,0.0006153623757145949,0.0010656765375334095,0.0011152830413722736,0.001553402043783934
2020-09-25,0.0036781553712732975,0.0037484490669091935,0.00360384062173356,0.0062834049164202975,0.0005482477679895813,0.001957493723848063,0.006120052792674524,0.0064479293202032275,0.006474377843412718
2020-09-28,0.00659367907608086,0.005838016888000532,0.005799079365925215,0.011250396737291295,0.002371572273182363,0.002349698589556099,0.010451601898587131,0.010313332232826,0.010905380097711076
2020-09-29,-0.0011846670841013794,-0.0012973542588678056,-0.0014255401425865718,-0.00209556602550217,3.942977665064953e-05,-0.00029433398883470637,-0.001843583656114832,-0.0017444468771890126,-0.0017420303947400225
2020-09-30,0.0013915617799596233,0.001384881443457782,0.0014464708984897193,0.0024119217928071086,-0.0007085284461857208,-0.0005796137842173553,0.002432892446376774,0.0015912332086755116,0.0020338619101519543
2020-10-01,0.0037823948749476856,0.0032195583211576157,0.0030661232372820287,0.006512502771625023,0.0012947551720858329,0.0014273318471709818,0.006880626837046605,0.005757724311475225,0.006834341434407813
2020-10-02,-0.002580690249227406,-0.0025097555157469476,-0.0024116297654783905,-0.003957355961246843,-0.0018135087954012563,-0.0028370642989931577,-0.0037776188324287747,-0.0036043348086533316,-0.004727522080222833
2020-10-05,0.006341542199689018,0.004477511032189149,0.004852220849951314,0.0091249666296957,-0.00023790006194986688,-0.0008433954163536575,0.0065887335701153675,0.008716094453819918,0.008476759554726336
2020-10-06,-0.003382909225966047,-0.00230319458375085,-0.0019356278721299831,-0.004487714380398342,-0.0007210535218518914,-0.00010201736987691022,-0.0034056933251658257,-0.004284667956162048,-0.00512077554386867
2020-10-07,0.00367052557004401,0.003088519201013838,0.003261321165714027,0.006190208509370235,7.240478052154175e-05,2.5001546872302525e-05,0.00585995410310222,0.0066257293141163695,0.006271102985654167
2020-10-08,0.0036991951904336946,0.0034863177131930503,0.0037002798841185994,0.006866862055683704,0.002054485813881196,0.0021042415961139934,0.005889427949315759,0.005858542741136237,0.0064289750860279556
2020-10-09,0.0036820647595013963,0.002746170851587053,0.0026672463951825953,0.0054071286092545155,0.0021432487847600277,0.0014007908290032708,0.004522419496399121,0.004790769524314362,0.005830881468406077
2020-10-12,0.003713391208746652,0.0038038564427785256,0.0034486243892245566,0.0061928985275268075,0.0015654620075721693,0.0033828402005705695,0.005719115078862531,0.005670950794499994,0.00720116891443614
2020-10-13,-0.003545462065699815,-0.002335564360039713,-0.002440096936519977,-0.004612018429285704,-0.0005120752918047737,0.00018659821839525173,-0.003217065977222749,-0.0038503820373480095,-0.004412912176767115
2020-10-14,-0.0019815895924583395,-0.0020523641197566387,-0.002175953287812303,-0.0028549673040252983,0.00036916406067091404,-0.0007617860622438353,-0.002402924376908509,-0.0031747978968592245,-0.003039032133496869
2020-10-15,-0.00028866332469535186,-0.0006674334730024498,-0.00029028175716528043,-0.0007856865119054603,-0.000181637014320084,-0.001186701018307745,-0.0005513342381974397,-0.0006969639920687144,-0.000992885005720793
2020-10-16,-0.002398790075690977,-0.0017767159895718777,-0.0019360296690112625,-0.0020001662885546514,-0.0012064724640850934,-0.0018687012350249513,-0.0019707547056414068,-0.001896557694049776,-0.002014033063409566
2020-10-19,-0.005623489715959104,-0.005270298703284245,-0.005145905646118251,-0.006295146749221467,-0.0015353706245207716,-0.00444132988538944,-0.006520410722523858,-0.005966885715373097,-0.006566091789275079
2020-10-20,0.0031650423036746205,0.002263193606909987,0.00246407156361626,0.0031067380288859105,-0.0002544892540066626,-0.0002435917960819846,0.0034044451724094676,0.0032329126167155308,0.0026726240279511667
2020-10-21,-0.0013956318663604272,-0.0015583041453254233,-0.0019536367788928564,-0.001955064399291872,-0.00054088829793907,-0.001825167016740504,-0.002347512828079167,-0.0017870732035751072,-0.001573128685819051
2020-10-22,0.00025897254379493936,0.0001391941479393982,0.0006156916979961572,0.00016348425328995716,-0.0019189769829314385,-0.001315965351801413,0.0007799662140166325,2.6106876520552955e-06,-9.709736369366391e-05
2020-10-23,0.001466272899897383,0.001943909538744369,0.001795045965800794,0.002677844805181767,0.0008132065526639389,0.001906802034405584,0.0026234347605535195,0.0025316072340394197,0.0026799254434957793
2020-10-26,-0.00852328021535549,-0.0073665846725898335,-0.007609637288040587,-0.009209004046393843,-0.00047354992744235846,-0.003214311718768716,-0.008905804067506488,-0.008552223707075254,-0.008774124763238106
2020-10-27,-0.00018564211510312673,7.622725170756687e-05,0.00021201366105981292,-6.59313100360638e-05,0.0018185774787590197,0.0026801937890866176,-0.001019153776629716,-0.0011879899789664996,0.00031454070682661794
2020-10-28,-0.01842053128298909,-0.01607105558287984,-0.015767611165639454,-0.020027039528978482,-0.004616414479216106,-0.009905936752724234,-0.020989412741010807,-0.01879479299693633,-0.019707728098445197
2020-10-29,0.0017823402969067634,0.0016545052729082224,0.0013061283088392369,0.0031090746194403617,-0.0016860302637677082,-0.002267016231454219,0.0038785686696492317,0.005163190892269862,0.0035084253960596472
2020-10-30,-0.003682522964476554,-0.0038883148427572662,-0.0038865739843782984,-0.007005005310597439,-0.0021425135925795197,-0.0038105841069050617,-0.0058016783606370855,-0.007634404640796516,-0.007500915648361696
2020-11-02,0.005641859408499238,0.005197086055590801,0.005412322761483148,0.01030258042543632,0.0031601806599484378,0.002260726327950904,0.01031889336459641,0.010493343062485118,0.009296552080603685
2020-11-03,0.006489848729147411,0.005482371645429039,0.005430826710115335,0.010490256320155747,0.0012123202768445772,0.0006438402704848721,0.011254169287715965,0.010030693386209872,0.010062056662941143
2020-11-04,0.007475791856268068,0.008262783814275565,0.007835263925661707,0.014632286012042042,0.006660513250546161,0.009044961667263015,0.013820406843635277,0.01329638155548387,0.01519892711710109
2020-11-05,0.00756188181205525,0.006620179283477422,0.006684752350881544,0.012890342177184088,0.003487644793639891,0.002543444385682361,0.013068451106253154,0.010852395585547984,0.013230420111804229
2020-11-06,-0.001306412141109005,-0.001347792944910587,-0.0015542723354982093,-0.0026718746397738627,-0.002152625558897907,-0.0022520254108282216,-0.002835592686849417,-0.003260280868198506,-0.002356647912368807
2020-11-09,0.0009279338575713033,0.0014696187090225447,0.0016583004521891038,0.0032760154482703524,-0.0057568382014042165,-0.00552717667211248,0.0036428691145814177,0.0035205629037277095,0.0008366729536831585
2020-11-10,0.0015015055525975838,0.00045298955472985515,0.0011662147593807057,0.0017910644859740086,-0.0004939148210029896,-0.0021184811361283384,0.001314183189384126,0.0025692514167369005,0.0005297843595186216
2020-11-11,0.002433744355166304,0.0024373213373874987,0.002313066199836647,0.004131575561453095,0.0009629503595775584,0.0023885008072967347,0.003564536024458885,0.0038143768854847064,0.004691415720568969
2020-11-12,-0.00237314819405694,-0.0021264147838384304,-0.0025158872994178196,-0.003928811487925736,0.002032859358311689,0.00250194803197379,-0.003226561420676978,-0.002973870326963562,-0.003616499841797132
2020-11-13,0.004612509165871451,0.004480020962938326,0.004672975463784066,0.008599040394963975,0.0008396324070077622,0.00016401520448294378,0.009238419624697467,0.009097101864927562,0.008515981309101493
2020-11-16,0.003998072158146058,0.004112488064669879,0.004496288345704795,0.0076935762256290716,0.0011187861101542734,0.0009646683810340324,0.006567474024630989,0.00637577696958811,0.0073967155343693395
2020-11-17,8.147124786504592e-05,0.00018549412834316267,0.00038961906994409355,0.0005797328746612043,0.000949654657038033,0.001498937489923988,0.0007543808071378326,0.0007739655091474776,0.0002767990803547465
2020-11-18,-0.003175144632898645,-0.003014333568997195,-0.003184190750233047,-0.005271730308238632,-0.0004313929152224641,-0.0008761791026716125,-0.0046336084184611095,-0.004676199333050499,-0.005386841474167589
2020-11-19,0.0020912620820843614,0.0020405632193926187,0.0020999856507519085,0.003784148561086975,0.0014519512052147342,0.00197291652514911,0.003725257718442602,0.0036131089210582686,0.0038474492088826574
2020-11-20,-0.00014102763632376818,-0.00011347190519092856,0.00015961184083413513,0.0005458768680560899,0.0010869920892347164,0.00020290675079965705,-0.000396774442800741,0.00030653117417029626,0.00016422612980349029
2020-11-23,-0.000464144752613073,0.0005914932725428668,0.0007401231498550903,0.0006136417778253676,-0.0015612799385266163,3.167234975261614e-05,0.0013905033962150902,0.00036380534099366937,0.0004430759834285886
2020-11-24,0.004754044203391645,0.005531532640111977,0.0061327309052688385,0.006458160594467154,-0.0007307066365751508,0.002148733730235909,0.005233048807138126,0.005628377201708781,0.006187178791601401
2020-11-25,0.0006901381508937266,0.00020340242676949582,0.0005674321312610269,2.5519015484039043e-05,0.00013635726770054235,0.00038706581896278536,0.000395235651169586,0.00017238410285031963,3.640691154880651e-05
2020-11-27,0.001336214331171421,0.0020753217517445483,0.0021143278747051955,0.002806216876919604,0.0011920930464255396,0.0036574559544839767,0.002565820413926343,0.002546384585508024,0.00303778693100033
2020-11-30,-0.005097068750390145,-0.005740390923917051,-0.0060376092800484595,-0.007602580561186774,-0.0007990861745940438,-0.0005709955181822547,-0.006374551886448273,-0.006024798594301055,-0.007051170312550919
2020-12-01,0.006681865686429403,0.0057828608128905196,0.00518660545130664,0.007135495859173307,-0.00037590651583280514,-0.0015185955080763956,0.007654480545402161,0.00715985618715116,0.007342456430987746
2020-12-02,0.0003806235895514375,2.7592140711301165e-05,9.580569906068074e-05,-2.7097952486719354e-05,-0.00035308046381975856,-0.0009628670109098294,-0.00013134986748786432,-2.8541040419226756e-05,4.370874271964373e-05
2020-12-03,0.003355648995074013,0.003315572491456915,0.003261388778614639,0.004392618369803277,0.0021228507369989696,0.0026946337630127893,0.003657768189749981,0.0038516990490083404,0.00416677496896158
2020-12-04,0.0033170974082220245,0.003935130723296092,0.004421215606667926,0.004283903590959141,-0.001834547913758829,-0.0014529549036488842,0.00600331309240285,0.0036174397306530624,0.004196183430321636
2020-12-07,0.0017876836044424453,0.0005722361706175578,0.0006731910317216468,0.0012594514451970376,0.002411665805046528,0.0020553971427568676,0.0010694884294420942,0.001184238891175511,0.0015267650235764728
2020-12-08,0.002078765674072094,0.0015873254797383566,0.001947685818916,0.0023417478233418677,0.0009300382693784605,0.0010877302786518142,0.0020397706296673567,0.002120134364293857,0.002482213258784603
2020-12-09,-0.006398696472520602,-0.005309131198996038,-0.005430345825758257,-0.0065768121724711776,-0.0027072859623293046,-0.004055978550778676,-0.006207486883658374,-0.006386938694057896,-0.007358939057827811
2020-12-10,0.002975870093028331,0.0035095802124855534,0.004199659345090009,0.004503303713900628,0.0022679042291471416,0.004064572344219961,0.0040075146636187565,0.003931077817219375,0.004171313792609133
2020-12-11,-0.0007055113525530315,-0.0011110866999544805,-0.0013565605592579077,-0.0012350320214195621,0.0005183532516967991,0.00043983084309849623,-0.0014581313784219991,-0.0011948157513244448,-0.0012370294753030861
2020-12-14,-0.0005748219004930003,-0.000613863564890163,8.811769447895484e-05,-0.0009675947062969754,-0.000582921856105954,-0.00036379178219218583,-0.0008028893898560595,-0.0008827131956331717,-0.0007310263888068698
2020-12-15,0.0081566154947568,0.007706408960602778,0.008101426756356011,0.00938063729184201,0.0017480471504904829,0.0029571193274930876,0.009086704743265528,0.008803004808512507,0.009346540009901386
2020-12-16,0.0015914998818643564,0.0013140197414250366,0.0013391396141700623,0.0015392510789425005,0.00022792981455740477,-0.0002344512226516606,0.001201386101828066,0.0012210604176776932,0.0015946396975815588
2020-12-17,0.005181989098711362,0.004731943669539544,0.005145792067638177,0.005737722079207686,0.0013549946760584017,0.0017684011753986652,0.005070150872696318,0.005104894186281814,0.005600707984188659
2020-12-18,-0.0029559170024797393,-0.0026420230345676043,-0.002600126142663568,-0.0033718355337417323,-0.0005525983125051262,-0.0009698037111624158,-0.00308418203039255,-0.003147468891220334,-0.0033203405499156124
2020-12-21,-0.0030946153384926144,-0.003657334296415139,-0.0036337865556172054,-0.004464609192504745,-0.0006430133361593888,-0.0014689614519873434,-0.004099405437142422,-0.004220036641935499,-0.0040791277274427
2020-12-22,7.420142498606125e-05,4.871373952108498e-07,0.0003650286973187577,7.00774360582709e-05,8.313527100911928e-05,0.0013820320887545068,0.0003960881981535613,0.00036606770245018914,0.00033830479527334684
2020-12-23,0.001912221907377931,0.0020991469179943855,0.0022394061975014724,0.0028070442234008034,0.0002658898851016519,0.0001416893382916793,0.0023459531514920524,0.0022944417723965056,0.0023297446867294853
2020-12-24,0.0025697189246707284,0.0021246583768250583,0.0020593430842993352,0.002495910107634837,0.0015092826829054507,0.0026738713632188642,0.002314689615412317,0.0023499949545903428,0.0024315600304816412
2020-12-28,0.0014118067661847804,0.0018345744886379485,0.0014309707208491438,0.0020375284540552555,4.5560594007630414e-05,0.0015045540903904364,0.0023332446602707347,0.0021067809903040453,0.0023984685849079814
2020-12-29,-0.0007730878693736859,-0.0006073306220353718,-0.0012824977477740045,-0.00028903923340975,9.744119167643524e-05,-0.0005362653481011444,-0.0004701836643624201,-0.00045694584934568807,-0.0004217671900123616
2020-12-30,0.0034947601425529182,0.0032810446825432874,0.003342975572063534,0.0043085010723540925,0.0013700496573653526,0.0016536313205886158,0.0037170906010625744,0.003784416556656009,0.004044603655967163
2020-12-31,0.001673639802928485,0.0015512429294253713,0.0014078785347654498,0.0015075976429378185,0.0008374818842542257,0.0013429826686009523,0.0013540530429834664,0.001403000283240814,0.0014360434334454919
2021-01-04,-0.0035540701217563592,-0.00517503134914845,-0.005537073621359715,-0.0044266496781538225,8.910531439577991e-05,-0.004094193591944808,-0.004528261183814807,-0.004805892479509457,-0.004506039349829474
2021-01-05,0.005369834728972155,0.006289818091162926,0.006644286262623469,0.00703639348877722,0.0004611985488987283,0.0007654587903392964,0.00673571367494726,0.007005138899262159,0.006732192681782141
2021-01-06,-0.0012835562473831892,-0.00043765394823796317,-3.8702173374890795e-05,-0.0011297945581716653,-0.004627949784881614,-0.0056659189477253815,-0.000486405979718581,-0.0011047289711737438,-0.0012923601202915233
2021-01-07,0.004181450268547899,0.005034143971376054,0.005289547125814995,0.004824194390551047,-0.0002486640635137876,0.001969711871884732,0.0032222200965056624,0.00540423763973735,0.005862373160082976
2021-01-08,-0.0005716778739158193,0.003169412242874968,0.0035092111950811903,0.002513746387888278,-0.0022645594740122762,0.0008110985478043016,0.0013097834846009532,0.0015744079488128819,0.002598335688360677
2021-01-11,-0.0057742904759242155,-0.005984460201960298,-0.0060785919047118215,-0.007060147920633103,-0.0019181100470109314,-0.004509116202556272,-0.006226449252455339,-0.006837786621688784,-0.007083058502707163
2021-01-12,0.004191726435720091,0.004040704931632233,0.0047185101030722725,0.005092488338017423,0.0014199077266458164,0.0016700011703002346,0.004160741013291693,0.005025116581847501,0.00469459371861795
2021-01-13,0.0020034303479817468,0.0023313481378571285,0.002041529547448461,0.0028168855305871253,0.002102848656153575,0.004769211230651231,0.0025811171584757663,0.0024441417640002267,0.0026210723988091826
2021-01-14,0.0017534618651458814,0.001751536734924623,0.0026106851809385256,0.0022214830166440115,-0.0013447557247970442,-0.0025451971673722063,0.002903991410122465,0.0018746443826254322,0.0020345441316288564
2021-01-15,-0.004785758310077404,-0.0045665108999866115,-0.004955644194868358,-0.005720608002616817,-0.0010923087628408722,-0.0009730144349033222,-0.005436156778854125,-0.005402078941704112,-0.006061833760168015
2021-01-19,0.005309142900011007,0.005168012592767296,0.0053340031043122614,0.00634159825236864,0.0019376513345930044,0.003382782385737398,0.006152535813760777,0.006134087696891181,0.006860410119372333
2021-01-20,0.008380558673936363,0.007315849310171724,0.007077277715474143,0.00869273220790937,0.0021509693854515005,0.0033109146212065128,0.007842256675349215,0.007487106704495146,0.009317692231659553
2021-01-21,-0.0008902961130901062,-0.0006644356317655085,-0.0007925206446842524,-0.0013595684849141828,-0.0011573734919858372,-0.0016410915095007672,-0.001268161252614675,-0.0013545209291913139,-0.0009200175105283578
2021-01-22,-0.0019895982373723284,-0.0021396103325927707,-0.001765925647717434,-0.002395020311851858,-0.0010066395454158108,-0.0010691902677155839,-0.002312430371713757,-0.001976915959059876,-0.0020756221150475054
2021-01-25,0.003678839739336425,0.00389940484669291,0.003984974845180205,0.00472864897062545,0.002743217030642153,0.004675057724595685,0.004527950456835552,0.004241235212937207,0.004526561868027474
2021-01-26,-0.00036521958776614783,-0.0005352383340783508,-0.00046129148195933704,-0.0008449727013697009,-0.0004383185192892673,-0.0006386856446933423,-0.0006962839093415574,-0.0007243960351576402,-0.00097168156839649
2021-01-27,-0.010212591197521268,-0.010845918978745872,-0.010595690156937433,-0.012484639721879926,-0.001605234397419393,-0.004674564165377935,-0.012374791977369227,-0.011435459968866501,-0.013532030570393126
2021-01-28,0.0010267150321035929,0.0014775665038880815,0.0010338613928004927,0.0016290118250467478,-0.0006501576587018157,-0.00027689590672921334,0.0024097140687720955,0.002123798299279519,0.0019256394184725188
2021-01-29,-0.0076901568641509115,-0.008918938522399,-0.008322464052690492,-0.010420602157706958,-0.0019609949328215255,-0.005229914101286911,-0.010780975400549047,-0.009742858320965888,-0.011123546662021755
2021-02-01,0.011024344270143253,0.011251337276586327,0.011253596307903116,0.013565789669616624,0.002960247974685108,0.005532957074284654,0.014667110885816377,0.014743187474535617,0.013906606444625456
2021-02-02,0.0021737313728896136,0.0035209174298904715,0.0032800942419676004,0.004990102659991068,-0.0008681083437691746,-0.0004257979839584818,0.004403121654230154,0.003687888880716928,0.0056312660157956775
2021-02-03,-0.00034116319408985764,3.659019324870241e-05,-3.000108698820913e-05,-0.00022070717142761776,-0.0012044203597312466,-0.0015384047074918767,-0.00049645527166886,-0.00048791161910516486,-0.0003230795988885742
2021-02-04,0.0011370944410600257,0.0025895954284310915,0.0027473896893187716,0.003010663591594918,-0.0008038514996529109,0.001157909176559808,0.004486391767245143,0.0028969166773438375,0.0036122024420692
2021-02-05,0.002679763803205938,0.0022477445779570944,0.002193918206990198,0.0035533714118691382,-0.0001374259062334463,-0.000863462121524383,0.0025982171910450716,0.003084766758871244,0.0037991081799165906
2021-02-08,0.006045054828028252,0.005377644237065089,0.005701913831010015,0.0075962909198941135,0.002742618737736242,0.0034903495182615264,0.006558463206568942,0.0068850164742949955,0.007626984177752927
2021-02-09,0.0015956984840115945,0.0015660228140169,0.001554159075546781,0.002371250302233355,0.0003038198210446268,-0.0001836763224975908,0.0015523179188707233,0.0017200527095307641,0.002303214928816114
2021-02-10,0.00036860924481765003,0.00018092395775847102,8.660535201977053e-05,0.0007743469800900659,0.0012276524852230138,0.001378615327780881,0.0007042968262666648,0.0006034140834851854,0.00043095928999619933
2021-02-11,-0.0003018341026250838,0.0007301970128437854,0.000623327503554198,0.0005425901516765943,-0.0013732183623827762,-0.0009195769002254144,0.0005350669372711835,0.0004607305414780066,0.0008768430190444826
2021-02-12,0.000993192606989107,0.0016120329753790059,0.0016538028301788506,0.0009925637610070808,-0.001293392991228367,-0.0011206339804784903,0.0002997323886943553,0.0008779445685778932,0.0012409080660472985
2021-02-16,-0.0035560928228128585,-0.0019705717900051147,-0.0018987292939922607,-0.003335117385570538,-0.0035377422207028384,-0.004870954040932847,-0.003813829003279588,-0.0031943108853901554,-0.003243429755074226
2021-02-17,-0.0023401989013120163,-0.0010981424322489754,-0.0010349991210675989,-0.001321944448167673,0.0003282404878274254,0.0016631486454400516,-0.0008525397113637368,-0.0015543749545333142,-0.0017166417141140828
2021-02-18,-0.0035461000991083747,-0.0036949895164827516,-0.004055590586056432,-0.004873096724244551,-0.001062189245322949,-0.002196130235180827,-0.004790013444636788,-0.004646262819276168,-0.005090360963245968
2021-02-19,0.0008671982469467305,0.00047406253543664297,0.0010205683500500555,0.0007443060524731712,-0.002176303993102133,-0.004226899572658454,0.0007127355484756514,0.0010537423686952062,0.0010685015197680128
2021-02-22,-0.0013892424465845818,-0.0025945224134696137,-0.002535974103512636,-0.003748755288888553,-0.00043020163972868713,-0.004408567536299233,-0.0036069760286745016,-0.004091129224032252,-0.005322899091931563
2021-02-23,-0.0005159296505304712,0.00046239614321477165,0.00040788597732702457,0.00037157948977291583,-6.798429481739632e-05,0.0005362217598610975,0.0001512079798523307,0.0002906274609916695,1.0187726098335015e-05
2021-02-24,0.004441063800495621,0.00455441779013241,0.005323569794605414,0.004693027656450061,0.0003972875998070395,0.0019850527659992278,0.004770226618753498,0.004234839474283659,0.0051345188589852105
2021-02-25,-0.01705184798002686,-0.015883231724843325,-0.016095183974326556,-0.01993594374285264,-0.00791106267794748,-0.01547434043925812,-0.019091568302532134,-0.018788045917840685,-0.020658774429236484
2021-02-26,-0.00248031923056051,-0.002371116284056921,-0.0025583175508734467,-0.0031277515088569082,0.0027283314220549553,0.004293822456124495,-0.002773779995430124,-0.009710939996852977,-0.0031951972884084875
2021-03-01,0.004944600301294955,0.005801421850648634,0.006019284898040435,0.010572243695922797,-5.7538431342753304e-06,0.0017034434123103233,0.01167257650956829,0.011630770943099304,0.01228369901472127
2021-03-02,-0.0022769049917539673,-0.0026178613549915106,-0.0029487183490845862,-0.004574342993026318,-2.153630917658078e-06,-0.0001277829102429587,-0.004728581015495504,-0.00461769407303573,-0.005557949092767717
2021-03-03,-0.005298561287167299,-0.004495803601229566,-0.004410958712561026,-0.008273280613603018,-0.00391022777452903,-0.005431200956760022,-0.009672788370835142,-0.009471154118067867,-0.009159317463950533
2021-03-04,-0.00507709143442021,-0.00467739043533036,-0.004657478062095015,-0.0099345779049489,-0.0028086856722404647,-0.0041797880817097096,-0.01255261100300826,-0.012237871761684043,-0.010695904548246517
2021-03-05,0.004627781268818431,0.0054297906691392625,0.005714208296250385,0.008821908694636312,0.0017536169033112057,0.0010773673834143316,0.009481319607277024,0.010141645823049456,0.009280301090359645
2021-03-08,-0.0051154294827521225,-0.004874893637438509,-0.004653676875408388,-0.008613367368333107,-0.00437991185856031,-0.00536005050288802,-0.007688450905985629,-0.008083413309578218,-0.008986113789564024
2021-03-09,0.00844401779998018,0.007205667484975717,0.007059923422976551,0.013696864319637791,0.005286787919476972,0.0060672992822228536,0.012601344017053524,0.014576441822288311,0.0146882762943695
2021-03-10,0.002522032235930996,0.002498938438156616,0.002716851735988599,0.004478371530424584,0.0017181620563132022,0.0017034612623109944,0.004429046686231459,0.0041190616110793506,0.0042981538165273725
2021-03-11,0.004676565097867533,0.005769540096466179,0.006003468160146633,0.009503491422900471,0.0007898736414749,0.0021123629316698147,0.01082105328468791,0.008112594101128839,0.010402179371698912
2021-03-12,-0.0019515092962332909,-0.001599752520038273,-0.0010752867747180885,-0.003927515585862322,-0.00440491730973354,-0.005413788248623108,-0.004622388528165871,-0.004387681325179146,-0.00352984510491707
2021-03-15,0.002374918715763318,0.0022121599863457126,0.0023231063242992187,0.004137039461427433,0.0015383594889922093,0.001551347358222542,0.0034428631264724055,0.004227809241369406,0.004362091323319209
2021-03-16,-0.000884809001700638,-0.0010438277058974787,-0.0012772373081393932,-0.001750315083335629,-0.0007009947779693757,-9.458150757293681e-05,-0.0017953318666779818,-0.0019912987711358065,-0.001694861053296333
2021-03-17,0.0013563720657171956,0.0010726798384865508,0.0011866643310221418,0.001971819232349757,-0.00012033856982864512,-0.00042418789977107776,0.001234357726050781,0.0016250359516352577,0.0023292798931874447
2021-03-18,-0.009449366760820163,-0.01025990625349574,-0.010511681843860404,-0.01648883840557286,-0.0060107761052178976,-0.008337828601532257,-0.014903493643834843,-0.014432547263433336,-0.016938143581009597
2021-03-19,0.0023889182166294707,0.0021319196605903683,0.0019606463233359447,0.003954597532490289,0.0021864117398559912,0.0008456525373656968,0.0032466818322474467,0.0016239555605100338,0.0036965368880450453
2021-03-22,0.0021847557137791556,0.002245397235358051,0.0020208357635834455,0.003541594281270912,0.0023511563285225816,0.003217398169026004,0.0033205213896350992,0.0032511565811788783,0.003773840533035214
2021-03-23,-0.0044583420130283186,-0.004762020896234557,-0.005281921180858468,-0.0083917368668275,-0.00029053208134541107,0.0013125832952837696,-0.008329130787803759,-0.006830788273503603,-0.008916958335845234
2021-03-24,-0.0011729159549675682,-0.001231397212741078,-0.001612976482246765,-0.003223643164950481,0.001745427255841648,0.0005743178617547125,-0.0030577701434826854,-0.00468968623924124,-0.00472520205159708
2021-03-25,-8.610552099783803e-05,0.00042783835140016455,0.0008480481262600269,0.0012375990707654593,-0.001980444065610181,-0.001540498595359035,0.0022407394436104455,0.0017992307946292812,0.0018705124483717364
2021-03-26,0.005515011969151904,0.006591241261603789,0.006702160432094811,0.010932989590388114,0.00127660696790707,0.00036424981803216076,0.008108495680478878,0.009654514252191862,0.0112624552058193
2021-03-29,-0.003291813491031224,-0.002641082723558634,-0.0030333714430400074,-0.0058634785316046606,-0.002305500663649506,-0.0023620260189415017,-0.0053077500088242885,-0.005609403073442336,-0.005910852009930385
2021-03-30,-0.001391866831690015,-0.0010095541490667812,-0.0010494260004836025,-0.0013213838466833248,-0.001361009576751076,-0.001304136126294714,-0.0019248032454394915,-0.0008703443607715271,-0.0010438541127125688
2021-03-31,0.003209579336107526,0.0023112970358984313,0.0021101754355105683,0.004034097388729825,0.0014802191283969472,0.0010091274010115081,0.0040481686960662745,0.003712097080600844,0.004654273998244768
2021-04-01,0.006729210057143128,0.006525780505546932,0.0066656243427338484,0.011626216601642193,0.005000885154279968,0.0051803870949799135,0.010641612166921189,0.010298282980081317,0.011526792622196115
2021-04-05,0.0014259416281021823,0.0019079466845276457,0.001956479735298236,0.0029360957842343993,-0.0010293524330468526,-0.0010594182760995747,0.001854616203123214,0.0013971962977044527,0.004258561537817292
2021-04-06,0.00135257763741187,0.0008684266867293661,0.0007052572235787206,0.0020703102579036096,0.0024998568567508686,0.003247071384973332,0.002961025371004585,0.0018209118802031987,0.0015630356917450295
2021-04-07,-0.001555297435653219,-0.001103958762231948,-0.0011453167654535425,-0.0028579292020845834,-0.0010399743835670303,-0.0006900017708616882,-0.0023319820620220106,-0.002424543575681662,-0.0028376654643744413
2021-04-08,0.0039826466903897855,0.003053503606853192,0.0029968437367728336,0.00545345860882089,0.0028406870547819374,0.003472914419196956,0.004998035633754248,0.00484332338637443,0.005588512777713371
2021-04-09,-0.0009634078680823065,-0.00023942037396184666,-0.0004290840740064206,-0.0011078183461019945,-0.0012604816118898356,-0.0010148147286203081,-0.0009073865006371476,-0.0009311935142895685,-0.0004907850239192497
2021-04-12,-0.0014549799951634936,-0.0008398848994181622,-0.0008842706299176583,-0.0015260856674028606,-0.0006262948466562401,-0.0006017639792440185,-0.0014421559793460865,-0.001442652668251695,-0.0015463900533085198
2021-04-13,0.0045772835915976655,0.003996480565731688,0.004052460670789524,0.005109262715999545,0.002832708924463901,0.004403696147033341,0.00485986103133264,0.004580453640980417,0.005018380528345287
2021-04-14,0.00026671533067277063,-0.00023659971931981992,0.00012489201825406963,0.0006116692131416799,-0.00024243977194954655,-0.0007902735954295483,0.0003175371792339324,0.00018646827536870727,-5.226094602084441e-05
2021-04-15,0.008588429141396762,0.008165204866945578,0.008062208637298217,0.010029545300382331,0.005052678671673438,0.007816087717657851,0.00924942529151312,0.009331464849451427,0.009893038092806141
2021-04-16,0.00016654753516060286,0.00047448571824448225,0.0005317505553452921,0.00025491969141493474,-0.0013263707950326724,-0.003055660608301615,0.0003097375507162585,-0.0005771016524535289,0.000608011672917523
2021-04-19,-0.003204578690443094,-0.002739070135595986,-0.002700252136612896,-0.00336545922984637,-0.0011969749701461333,-0.0025453173671757235,-0.003121300041786626,-0.003405900604916973,-0.00382986496205853
2021-04-20,-0.002693583159002013,-0.0027917591636479454,-0.003083194638470944,-0.0036210010895010246,0.0006290737927173921,-0.0001481100678207555,-0.00335999733729552,-0.0036929837366963987,-0.004340559559228231
2021-04-21,0.00578997036873469,0.00545849013691405,0.005495341348525965,0.006695392323381304,0.0017143627843331066,0.003165434367241249,0.0062393594175348364,0.006630490932653763,0.007168035356350075
2021-04-22,-0.002370034326623455,-0.002826025005470094,-0.0026218594391206134,-0.002648737649595112,-4.997114812269829e-05,-0.000668535576051254,-0.002445296575636128,-0.0025896389917387714,-0.003413076278554482
2021-04-23,0.004924199670116492,0.005335628234689027,0.0055187695717157335,0.006379324439147689,0.0004508389780627899,0.0025030909608155356,0.006065281982334206,0.006261079488344557,0.0070304462164208605
2021-04-26,0.002728963763094471,0.0021279959384444477,0.002395730975486056,0.002497138605818966,0.00035673143474105077,0.0004673539649707085,0.0022042384221044762,0.0022687878114720367,0.002843216902643011
2021-04-27,-0.0012495611102379771,-0.001171149415684525,-0.0009400885539417798,-0.0016361046844692055,-0.0016874732960962995,-0.0029797526964758575,-0.0019097545006169982,-0.001694816599569189,-0.0015610805450878803
2021-04-28,0.0005567116867490414,0.0005366824541203592,0.0005848078234475399,0.00121420726198638,0.0005264706648951172,0.0006631716608371184,0.0007600830895892287,0.0008704046661067871,0.0009609851278209479
2021-04-29,0.0005271371437697367,0.0013856617353369006,0.0013755938304742946,0.0008830713740219641,-0.0003554752650348494,0.0003347635885800647,0.0010413420000341402,0.0009405154876206543,0.0010460665433100148
2021-04-30,-0.0038732713775948306,-0.003633255954981266,-0.003725785903468266,-0.005001161564838063,-0.00042447254432543467,-0.000785013010618062,-0.004509933626210677,-0.004496549387167738,-0.005394727454679087
2021-05-03,0.003025015386519769,0.0022949754409468323,0.002274923061352708,0.003327052595751418,0.0017595375858162337,0.0015297660560877374,0.0024949342117427985,0.0029090010368640635,0.0028213844652253783
2021-05-04,-0.003891641022234264,-0.003777650475045475,-0.0036567154746208292,-0.004383435070150943,0.0004278206686051034,0.00011771550689364313,-0.0050134823785858325,-0.004510934451462862,-0.005486499874675726
2021-05-05,0.0003134640447237356,-8.429576640469266e-05,-0.0005042150584625144,0.0007157861486345416,0.0008833953815567309,0.0010853237888687724,0.000439008415805054,0.0003929035545461185,0.00034830353012142864
2021-05-06,0.004855361238567804,0.004313377882250677,0.003985554044943619,0.005390570780663122,0.0020213111755782213,0.002080379635594855,0.005012553705795827,0.005008435256503515,0.005466469322177424
2021-05-07,0.00572870756042245,0.005421399818511879,0.005567408931129075,0.006474545866828986,0.0009667489204359291,0.0015158798333193275,0.006192264984233319,0.005759388776410115,0.00676700540725669
2021-05-10,-0.008364698638964864,-0.007123209033868613,-0.007343030121323171,-0.009035215447627065,-0.0027460871489699955,-0.006381585688425235,-0.008665512756434325,-0.008478519192842721,-0.00994582283569069
2021-05-11,-0.0018680904217787282,-0.0028562786328135484,-0.002225926664521663,-0.0036053653866249297,-0.0008932348177409051,-0.002383658201137895,-0.003959100111951214,-0.004358733113528668,-0.0036114182249269294
2021-05-12,-0.012662918934681073,-0.012405315216879284,-0.012099708899285628,-0.015549959192051706,-0.00413566288109246,-0.008441008892974442,-0.015477390119632086,-0.015791195953655593,-0.016321878683737093
2021-05-13,0.0017576760928475232,0.0018723785037690801,0.00138071993634027,0.0038120905338574923,0.0006217889190122034,0.0017182149095146967,0.005236012216986445,0.004602118996065658,0.004332567638389572
2021-05-14,0.007815288692252047,0.007352498446827533,0.007221706042757466,0.012095336216550998,0.0036573437372564364,0.004939473465585532,0.010347224542124923,0.012177949336684426,0.01264951938411174
2021-05-17,0.000742411036889993,0.0002986339699128984,0.0005002473635272517,0.0007458157899681319,0.0006184718816446963,-0.0007549516753464162,0.000797816686970912,0.0005651874044130497,0.0004314472249405837
2021-05-18,-0.0015111460168755722,-0.001261073104263406,-0.0011798353714090957,-0.0015326403715497778,-0.0010712438019933053,-0.0010571156294614012,-0.002071098801741103,-0.0019526724470833058,-0.001859068209080738
2021-05-19,-0.0024889733590883014,-0.002588722129126899,-0.002738251915895674,-0.004493509873597666,-0.00170679072620497,-0.0026267072897268604,-0.0038737813073844688,-0.0039920311080084425,-0.004114433782617009
2021-05-20,0.003983821595595842,0.003916595546455315,0.0037778816427247825,0.0070183094274165175,0.0026214326438429815,0.004222860779606775,0.006700559124239178,0.007202226391532403,0.007506235110517936
2021-05-21,0.00029182431501939093,0.0001670992337191106,0.00017463959166621456,5.49054915465411e-05,0.0008081911043689727,0.0004222228782684124,0.00024608633451429903,0.00024543890080090246,-0.00031512921889054554
2021-05-24,0.005096715223422384,0.004796698302825121,0.0047388163195611925,0.0070113720817845645,0.0020360925705882106,0.0032897284364422153,0.006772493851780419,0.0062478349637734515,0.007390818529033037
2021-05-25,0.0006678531237410703,0.0009762363114557215,0.0008782782559853688,0.0018208860039553836,0.002100219911920024,0.002242652237455023,0.0016576233962811336,0.0015445801412593565,0.0014194329746353488
2021-05-26,0.0022469374808324616,0.0017248426819269835,0.0020807933870903668,0.0026741677087579884,-0.0001960461346153272,2.3352922000935888e-05,0.0025717055133867178,0.002344299439015991,0.0030076034880751443
2021-05-27,0.0015211425401447242,0.0008368175685199147,0.0010028581158787716,0.0011403278285348106,-0.00023256642017941957,-0.0008726597563805201,0.0006209560442652505,0.0006656690319125461,0.001083751402473862
2021-05-28,0.00110388761801497,0.0011252466125000627,0.0011829064914591183,0.0015337051972982214,9.993915970397332e-05,7.046989283822514e-05,0.0012853037459407651,0.0013494255138580364,0.0016638723119684925
2021-06-01,0.0037245700299433316,0.003908610577291477,0.004529262510054127,0.005575517530426511,0.0006405403935677643,0.0013154630610463518,0.004296417101842861,0.004585309820033118,0.005188160784404841
2021-06-02,0.0026023823096668563,0.0025986975873050874,0.0027349874939123736,0.003140985495395974,0.0011924830674939248,0.0016675702303368795,0.0026236372491961492,0.0027474578953424525,0.003015888607322928
2021-06-03,-0.0064675098631812485,-0.0055633428106271286,-0.005655141125041973,-0.006865666841124268,-0.003124533003888678,-0.00378123131388533,-0.0062704784994978835,-0.006254033340960325,-0.006958457395740593
2021-06-04,0.0072867550991231505,0.006536773913192285,0.00628651160175636,0.008200460051359396,0.004447466886134835,0.007291257730137255,0.007598690321984657,0.007678304629995179,0.008233536235220076
2021-06-07,0.0025457656590632907,0.0019111776952412832,0.0023837332932635518,0.002223749506683744,-1.3530330279036578e-05,-0.0003291157610429813,0.0019361475003498254,0.001891472550006552,0.002493952821089843
2021-06-08,0.002658222922746611,0.002406223143981012,0.0026892457468990732,0.0029464620994094286,0.0016224074179434916,0.003092418273004671,0.002508366500703822,0.002568583650380534,0.0027473896751569558
2021-06-09,-0.0007720645401394584,-9.65219922706422e-05,-0.00033175972102351975,-0.0001995125292770318,0.00121161911020667,0.0022365817223406878,1.1221983744603447e-05,-0.00011999013492599419,-0.0005151750030953067
2021-06-10,0.0033052134686849394,0.0033830839460880107,0.0032203193270508223,0.004105789070534787,0.002189031666393704,0.004000862421145365,0.003832003214933227,0.003687291838534619,0.004061418952305604
2021-06-11,-0.0004693071797618923,-0.0008723464515081946,-0.0003972433371029615,-0.0005459619994930297,-0.0010099767949727765,-3.2672364456738235e-05,-0.000752587458935141,-0.0004014473738483501,-0.0001747013219219523
2021-06-14,-0.0004887646936511354,-0.0007315380790279047,-0.0002795154046303943,-0.0008131745828511564,-0.0018787098334212102,-0.0020973153858199105,-0.0009675325525219466,-0.0003583431253734423,-0.00011517101615712936
2021-06-15,-0.00275204495749335,-0.0024950752972214907,-0.002750781638569084,-0.0030015315782515343,-0.0006724728643237203,-0.0008049976407944469,-0.002552960849901798,-0.0029375787087370206,-0.0032039263234605237
2021-06-16,-0.0050142691245372555,-0.005060152345410638,-0.0046261955852432875,-0.006042587583774488,-0.0026914103838516844,-0.003606319948929002,-0.005404694234088014,-0.00567072654114243,-0.005798906922733618
2021-06-17,-0.004957478625046161,-0.0027113386796877876,-0.0024552493299810378,-0.0027871769973427797,-0.0005374521495246935,0.003172568198161094,-0.0019933679374961387,-0.0026071346288293693,-0.002369615910828165
2021-06-18,-0.0037068187684972985,-0.003326736233496363,-0.004397831503678424,-0.004577095709562219,0.0024624048762849557,0.0031057110507724185,-0.00432916417922255,-0.005662946063215191,-0.005779949472127357
2021-06-21,0.006801958466193462,0.0054510629782235824,0.006390188067343,0.006693472786951597,-0.0006157837963907268,-0.000981896155642441,0.008066205059001394,0.007332608511899809,0.007304709475446835
2021-06-22,0.0012170023987977925,0.0009496088325287915,0.0011854622599717457,0.001120003459137849,0.0006990849438116969,0.002379779304452859,0.0011660999702980664,0.0013159950102801933,0.0015432437429695747
2021-06-23,0.0003583002969823551,-0.0002411991482064856,5.2375046485643716e-05,-8.363732718494015e-05,-0.00045295570083518725,-0.0010045676375200175,-0.00033695611691015025,-0.0002099719576903106,2.721438665769103e-05
2021-06-24,0.0032620851953652414,0.003029342190297597,0.0034510531482394233,0.004353366168662295,0.0009018494739609269,0.002429695129445065,0.00451962513454837,0.004143488317775872,0.004633039047989218
2021-06-25,0.00013651359547462626,0.000309533712257642,0.0005058250447154975,0.0005208470510801009,-0.0013567595364351048,-0.002017854212890965,0.0004901157886368914,0.0002683179805143454,0.000739658539761833
2021-06-28,0.0010271284586852811,0.0012410396954970456,0.0009689949900508557,0.001232493067772986,0.001972432012778643,0.0036297592291057086,0.0014365919717361031,0.001182911949586035,0.001385566682730891
2021-06-29,-0.00076105003989373,-0.0002048002929205173,-3.33535768623954e-05,-0.0004160590458680604,-6.56488090114362e-05,0.0012825576825866165,-0.00028524765405616543,-0.0003865624096218708,-0.0003393725357577053
2021-06-30,0.001200642299854152,0.00025033945896551547,7.779886442476745e-05,0.00012132960053113112,0.0014161382120499554,0.0016168061807970292,-0.00023788415482977249,-0.00010424557711534969,-0.0001401254504548098
2021-07-01,0.0021311888107737836,0.0016059814788704511,0.001825664462473311,0.0019401154378779308,0.000505290145181631,0.0008638739268035713,0.001717073446945788,0.0017756989261958872,0.0020508720300716826
2021-07-02,0.00359054420781969,0.003472488363362575,0.0031553982940384336,0.0037354095357652432,0.002509307168562531,0.004249849702484274,0.003460439848458997,0.0035680460930723034,0.003774943972214945
2021-07-06,-0.0023332213775057002,-0.0014429743857536225,-0.0024193427970630676,-0.0025858044244507373,0.0012562093585994883,0.0017690458250956883,-0.002524031208974148,-0.001840593854404116,-0.002609865760381345
2021-07-07,-4.728520862579739e-05,0.0009273829704241365,5.9536075197317984e-05,0.000940379755724541,0.0013700904398669027,0.002209880093895878,0.0006843763756481012,0.0008745191649098987,0.0008202316864490216
2021-07-08,-0.001710150084198242,-0.0026868015070706085,-0.0027919589153180325,-0.003942353088777289,0.0005632942181673348,-3.4916264354212636e-05,-0.003654645985225078,-0.0037192154454736056,-0.004393111934940581
2021-07-09,0.005820956723329446,0.00484327519956047,0.005960274745347455,0.006813806357650471,-0.0011050709574759493,-0.0011720286832432234,0.006948062329852796,0.006686197034409502,0.007330886157105546
2021-07-12,0.0011595593532569097,0.0014006509506641579,0.0016213145280470796,0.0016373255836231834,-0.00011899273641639579,0.00020887693865907135,0.0013207810590450978,0.0014612471797722818,0.001874810402352765
2021-07-13,-0.0025802188086530664,-0.002940979810245695,-0.0032841120401097047,-0.0040362306327055356,-0.0012993442784393129,-0.0030561227885261837,-0.004108303003496689,-0.003970750797819182,-0.0040522266038160865
2021-07-14,0.0006102656353819914,0.0017884635285233253,0.0008609906087494966,0.002009449671628963,0.002448223309396242,0.00317403595941539,0.0016086868988628897,0.0015602692781109496,0.0015804571258573744
2021-07-15,-0.00143882069097407,-0.0006899268780742811,-0.0013313314983854747,-0.0008359388369651771,0.001270637892038874,0.001503719527081628,-0.00136079709187297,-0.0009279645600462862,-0.0014172631371492316
2021-07-16,-0.004289921518032883,-0.003653186107230528,-0.003785225585768684,-0.004898433992699834,-0.001454648215400866,-0.00218562527850652,-0.004959752260476634,-0.0046044421403839565,-0.005204086913735464
2021-07-19,-0.008233865614992399,-0.006273347039318917,-0.008175471426896883,-0.008283452818074669,0.0012921237731720902,0.0006123865724765299,-0.005857804576670955,-0.008214369906487015,-0.008749636909971128
2021-07-20,0.0075997298604915985,0.006362578079955457,0.008027012004709622,0.008067062814299959,0.00017581047036255632,0.002397186845398734,0.007640374743458629,0.008758289462585297,0.008722018913786107
2021-07-21,0.004635191264668488,0.003116489365949107,0.0040243116107410324,0.004256794074461483,-0.0011137573706073267,-0.0006492202357068872,0.0026602005587574385,0.003820500354225406,0.004746420530618516
2021-07-22,0.0008676515112396705,0.0012947776008119364,0.0006472445959232797,0.0011163250782068805,0.002175507299008427,0.0034625080137342225,-6.546463114517613e-05,0.0006956942436613033,0.0009277937476418391
2021-07-23,0.002465049309225501,0.002218955301632877,0.002759072846302633,0.001866728320183543,-0.0003251646753178534,0.0011301069352815925,0.0029106770287584184,0.002131570335044351,0.0026846503854194652
2021-07-26,0.00045900130651179094,-0.00048330322088756505,-0.00020108805778401952,-0.0011247742578943314,-0.0004413639235716063,-0.0005733331265532656,-0.00076287990955144,-0.0006711219257384478,-0.0008306864912436059
2021-07-27,-0.0019894433124076068,-0.0018870314360129293,-0.002617397640468332,-0.0026733333734931383,0.001337304308913443,0.0013320477371246097,-0.001998793293446884,-0.0022975046511319016,-0.003370324614929178
2021-07-28,0.0035016633055413647,0.0030770419561321942,0.003248823386363988,0.004925473782468005,0.0009558133054534334,0.0013259339437244283,0.004373734792899748,0.004367780905632661,0.004733056579611303
2021-07-29,0.00430423766597428,0.002582825643222972,0.0033748492546979247,0.0037548755211093757,0.000638764815070681,-2.808842743325106e-05,0.0029860321248144943,0.003127746637269497,0.0037235995919846646
2021-07-30,-0.0028298257585069857,-0.0021943526047602134,-0.002624113084587123,-0.0030613721048195234,-0.00024317240652751493,-3.28193900255358e-05,-0.0027016523606393558,-0.002728473556284292,-0.0032983161333146813
2021-08-02,-0.0009078157545181284,0.0002016547184049525,-0.0006837156414889277,0.00039272578595149255,0.0008961246391421268,0.001371090916061837,0.0007282313607847261,0.00033045513721458356,0.0001413215097602458
2021-08-03,0.001316880983941021,0.0019761975887509146,0.0017991611551127662,0.002368761303832217,0.00029054257046102604,0.0014747273347920846,0.0021347772246428096,0.0022133291038958914,0.0027241401688433984
2021-08-04,-0.0035398466346954396,-0.002005940398468283,-0.0025456588047501547,-0.0027204849779970067,-0.000648608071593867,-0.001472318792290635,-0.002214315627662132,-0.002370867210476007,-0.0026493301839165323
2021-08-05,0.0043716415753176745,0.0028139111924361635,0.004035995687822451,0.0038228652524556215,-0.00045089524094201264,0.00010946413506364016,0.0023624048234975052,0.003573848335259039,0.004311488376648386
2021-08-06,-0.005714031067639102,-0.00495424967364981,-0.0045236094122317145,-0.006336053623161653,-0.005216379825455336,-0.005770019169303707,-0.007060486219678814,-0.005808835516748561,-0.005531351827997764
2021-08-09,-0.005172654899733124,-0.00330252605540349,-0.0035076173092539577,-0.0042885163800425695,-0.00289032364815071,-0.0030280778407635895,-0.005091905926832349,-0.003953773570134042,-0.0037172182232188358
2021-08-10,0.0014417267773435033,-0.0004503455752645025,-0.00044099827108904906,-3.7392800774041725e-05,-0.00030942548249891707,-0.0011374728200392323,-0.00020472669074986775,-0.0004588256482168178,-0.00031535420754970805
2021-08-11,0.004050210782067534,0.0028479477253237667,0.0029745131940663106,0.00394153251745511,0.0016179354824055535,0.0014579389872122037,0.0032264141404124824,0.0035049983862476416,0.0035634531933328543
2021-08-12,-0.0004693897216337821,7.764279196202581e-05,0.0001116199457540989,-0.0005182344242985944,-7.133536386609994e-05,0.0004786253883070676,-0.00048277215207082226,-0.00042014005866101024,-0.00021527479381060427
2021-08-13,0.0027597596761855846,0.00326694672477337,0.0023410663089335247,0.003678662841002308,0.003747976753014884,0.0049934004522579735,0.0032612881460613963,0.003493183017758231,0.0031888741486887666
2021-08-16,-0.0007208572404684144,-0.0002548575587089835,-0.0008543829065641379,-0.0011765241969075417,0.0007905235091255569,0.0009891649372968283,-0.0016387684643040855,-0.0009389229806078493,-0.0011956004702017243
2021-08-17,-0.004907625425103113,-0.004417662921362347,-0.004995911932256761,-0.00617409569066629,-0.001291887133185751,-0.0028489127374242253,-0.005924728587404231,-0.005577036071103353,-0.006316434636626587
2021-08-18,-0.0041005494048334794,-0.003949363857235476,-0.004573177832213378,-0.004323507244534564,-0.0007507685417440074,-0.002620101270444581,-0.0036800607766823276,-0.004489506596981144,-0.004850552899997977
2021-08-19,-0.002937344196138012,-0.0009787952080967618,-0.0015459492694244752,-0.0027477914857758326,0.00047975630053959177,0.0014165360207992036,-0.002179770766651081,-0.0025324839309796296,-0.0023154238150311537
2021-08-20,-0.0003043303007575396,0.0018804011295166436,0.002239488049007771,0.0019252055390396137,-0.000319315292404955,0.0007999025770594521,0.0012515254625904955,0.002191171229055237,0.002893114468828443
2021-08-23,0.010709773211122247,0.007225558010948454,0.008046356631785755,0.009720227477983625,0.003078049113139969,0.0045815963489688845,0.008587108081746037,0.008855942735956062,0.009734208327475138
2021-08-24,0.004028611875639976,0.0020324871839759538,0.002648845604890882,0.0036526474445143834,-0.0002440935193069439,-0.0002168507042959331,0.0033361113995523627,0.002891250636256914,0.0035250794746652016
2021-08-25,0.000245810793221145,-0.0003641945763022479,0.0001381174226869479,-0.000349454382255669,-0.0014611576743166477,-0.0014596728347923444,-0.00014652389943680321,-0.00043209028808292735,-6.315838679681092e-05
2021-08-26,-0.0030455662999266378,-0.0026543391248708284,-0.0029404176726862993,-0.0035132112255392292,-0.0002980096657618489,-0.001308077736960056,-0.0035447461773053953,-0.003210621554698884,-0.003823197761414595
2021-08-27,0.009517182594496321,0.007720450355998605,0.008230085469871758,0.010349338687016742,0.0036933210511054574,0.005620624227335964,0.009842376811182751,0.009696756022940154,0.010394632263239391
2021-08-30,0.0014447162018678406,0.002546841862560764,0.0027708713866789933,0.0024614096672191236,0.000792366606248196,0.0025968335085200457,0.002173474005840851,0.0021069153031825485,0.002882082038262128
2021-08-31,-0.0005554100027530763,-0.00018837944783435336,0.00024289523507160015,0.00034695559484990477,-0.0011712303058021615,-0.0020890521672396055,-3.0628265199118314e-05,-2.5399188599508537e-06,0.0003801733201550937
2021-09-01,0.001631114120667665,0.002592398746419832,0.0031291684471555247,0.00385453896713375,0.00026598009249168133,0.0007077102706775883,0.0029605769324837065,0.0035429242117984475,0.0038330973607555454
2021-09-02,0.0029468139303238795,0.002112678664747506,0.0021542773362736014,0.0026417852119237583,0.0011609806632121025,0.0023362398411833104,0.0023185239001678815,0.0023461546446208095,0.002487646962582756
2021-09-03,0.0007073907382949919,0.00023074462739723563,0.0005593117915172242,0.00040947389346306914,-0.0006575979683138406,-0.0021864358548499083,0.0001814155246333433,0.00012421840556388024,0.0005709359710176199
2021-09-07,-0.006250065947177402,-0.004192844505999398,-0.00411017703486883,-0.005388252067839532,-0.003711214034122212,-0.004325441707910979,-0.005079024088811369,-0.004927228197044661,-0.004827546592586662
2021-09-08,-0.00018496142536903728,-0.0005058709012426242,-0.0008492396528880093,-0.001205380340659872,0.0012968985082481177,0.0022614242548099598,-0.00019813174737502346,-0.00158358385850371,-0.0016403451560024057
2021-09-09,-0.0006123854914828335,-0.001248265687171533,-0.002096664045241379,-0.001059130600361089,0.0019971079300904566,0.0026181854650704946,-0.0006098260036331655,-0.001263533377155274,-0.0016379014770788306
2021-09-10,-0.001959467799379389,-0.0038972545868957613,-0.003851229499990369,-0.0043102601972049084,-0.0017301982487224,-0.003287029700146924,-0.004495694729537127,-0.004353630582201595,-0.004699466391906476
2021-09-13,0.003502352560667409,0.002874628011117072,0.002896879656639294,0.004002056646148187,0.0017115673934738481,0.0026498468736419734,0.003557062859613898,0.00370559379421424,0.0036682911716878473
2021-09-14,-0.00017240614255170222,-0.0005704671988556174,-0.0012642325235346318,-0.0009109159962189375,0.002087077519468443,0.00201097258522946,-0.001195416618543497,-0.0009783502779104603,-0.0014926627155369874
2021-09-15,0.003209584933395463,0.002671000807156235,0.0031241122262312083,0.0030237965158219295,5.885269177009657e-05,0.0014209088875318905,0.00273638491106422,0.0026759660121178554,0.00350233273063111
2021-09-16,-0.004776746708843155,-0.003009305147629947,-0.002558725270734048,-0.004299074308997366,-0.0028071335385897894,-0.0021004447957638167,-0.00427002679639651,-0.0037338079186250333,-0.003696479209070799
2021-09-17,-0.004147611938420248,-0.004893642937834096,-0.004959740773791395,-0.005644871728631314,-0.0019386867588345347,-0.003998880235763714,-0.005196819122050922,-0.005835799213839367,-0.005965583932498035
2021-09-20,-0.005485124485991056,-0.006328598126517692,-0.00793632067926749,-0.008388247038992415,0.0010202128608603849,-0.0011034427119498318,-0.00884903090877142,-0.009322446779099436,-0.009697709346408531
2021-09-21,0.0017182411125141201,0.0014308607277467844,0.0015842506436069311,0.0022741761251929425,0.00046943615758065214,0.00013809437558664188,0.002379776307505585,0.0022625335317626315,0.002113964496527802
2021-09-22,0.0051760482189324025,0.005169321508174495,0.005556920201291322,0.006730267902968691,0.0017033312182857796,0.004094650158937439,0.00666759009194295,0.006352313448351758,0.006988778607520452
2021-09-23,0.0018436299155330847,0.0014050270928671618,0.0025330852665050086,0.001787285356191827,-0.0035119895490500794,-0.003444115530007898,0.00225047866630265,0.0018776892851104384,0.0029323969810186243
2021-09-24,-0.0018873660442035457,-0.002573786827643693,-0.002685555227575487,-0.003960916357479251,-0.0014833878843333041,-0.0022126576583056568,-0.0031613895572584058,-0.0038724782537823063,-0.003511651972690755
2021-09-27,0.001610600945735163,-0.00047562848273432015,-0.0003188097496881688,0.0003814155954006677,-0.00022214440296085432,-0.0012336359570832623,-9.25736055351434e-05,0.00031995539308669917,2.9488121034183167e-05
2021-09-28,-0.011318571215527744,-0.011303980042888549,-0.011373485730388218,-0.013846509180846879,-0.005256714555538757,-0.010158834239259687,-0.014354022387383515,-0.01330836818005222,-0.014718512293688948
2021-09-29,-0.0004967219087145882,-0.00011594197619297333,-6.385264095377943e-05,-0.0004492352444417357,8.449542810156692e-05,0.0006894142669776094,-0.0005986066742178474,-0.0011733969055220984,-0.00045038205718531083
2021-09-30,0.0003061666713383936,-0.0015658128711082651,-0.0017474045146349095,-0.001335719098816129,0.0009945960442555276,-0.0016426578259656494,-0.002482528904259126,-0.001856325754866795,-0.0020368433920460757
2021-10-01,0.006475879952691587,0.005976390594936241,0.006040989088415818,0.007268047157741576,0.003136277488114639,0.006216050584720279,0.007095657262899958,0.006825442274347293,0.0073490571483459475
2021-10-04,-0.00199537770765018,-0.0039712287429558455,-0.003995498276833742,-0.004690759193511008,-0.0004790699963715874,-0.003367587422983975,-0.006032523542776518,-0.005196233667801842,-0.005673229829423124
2021-10-05,0.0018696060543492718,0.0022988724510602655,0.0024041729131112624,0.0020650656122291056,-0.0010099163388849505,-0.0003270311491761099,0.002632968840985125,0.0024434940551433435,0.0029687940199106103
2021-10-06,-0.0006533645183256303,-0.00011687096585229616,-0.0004895143102236997,-0.000481172635444083,0.00029934168722589333,0.0005290819951718353,-0.00022457367119773793,-0.0001753994566783241,-0.00014638717165765298
2021-10-07,0.0030839687865345275,0.003342916529656055,0.004010392841358111,0.004298004523768543,-0.0012938541445762664,-0.0008731686890810526,0.0033974307704668846,0.0040603781906588575,0.004995872795958666
2021-10-08,-0.002164449499682696,-0.002281664999026446,-0.0024530277220918984,-0.0027740552116017263,-0.001513599759021138,-0.00326993360421058,-0.002941137847280171,-0.002854131336689089,-0.0028492116443484304
2021-10-11,-0.0016109577906262213,-0.0020281390439591857,-0.001860201912180102,-0.002382035400346281,-0.0010291479175993314,-0.0027305427870255505,-0.0025106717435596604,-0.0025580063483199235,-0.0026768733643793958
2021-10-12,0.0029828979520583423,0.0024061603164946322,0.0024547869467577456,0.00352685053361209,0.003098379750636645,0.004376593422880756,0.0033289165724757516,0.0033675398705542664,0.002847662035600544
2021-10-13,0.006378637760629016,0.005449925888144208,0.005656787919266185,0.007485392104636531,0.0035067139628248175,0.004334927817530263,0.006952745852656724,0.006692464414137046,0.0071986197079792055
2021-10-14,0.007354067223547835,0.007465214773759938,0.0076105646848332285,0.008668146584116977,0.002693111291379117,0.006434873746310887,0.008765236745312715,0.007984117420920709,0.009390595601374195
2021-10-15,-0.0003995947136791989,0.0007385979230710736,0.0005538517651075028,0.0005631153734574195,-0.00199423236562628,-0.0014278793146185655,-0.0005592193670479674,-0.00022051726211994602,0.001179096242707194
2021-10-18,0.0002619419838646451,0.0003117877519305353,0.00035197692112360897,0.00013998212493338043,0.0001032968556437312,0.000555796853032044,0.00010492765306075674,0.00024104627714280458,0.0007119335300555855
2021-10-19,0.0011398152294825928,0.0015079932496633419,0.0019991287744420957,0.0018437891674308946,-0.0015857779253208046,-0.0021304935359756074,0.0002425347403304791,0.0014025141832521568,0.0025271073027094263
2021-10-20,0.0030892953371907715,0.002763982115229234,0.00322724616149566,0.0032335255585174455,0.00019473714899165672,-0.0004111089594248064,0.001905811979796782,0.002999455687561271,0.0032992083327907833
2021-10-21,-0.0014801875993433785,-0.0015758709513142123,-0.0012710438330248346,-0.0019257725830444468,-0.0012098989111201538,-0.0018320702890650272,-0.0016795698380281093,-0.0014998341433440365,-0.0012592961245475511
2021-10-22,0.001859457074063417,0.0011575631793123713,0.000609331057426769,0.0018875794232790925,0.002015353462174251,0.0018449124440821755,0.0022555370244638526,0.0016249310160894178,0.0010674953053931412
2021-10-25,0.003496037897746914,0.0032788364651715764,0.0036717762684463614,0.0037714846721212635,0.0011320865294563174,0.0020294736246134703,0.0033053414206871785,0.003416691207923871,0.0042549603749781366
2021-10-26,0.000435474172002444,0.0004376695180298689,1.0595802884999478e-05,0.00033779289790712393,0.0009626243880127179,0.002465745472489971,0.0006781320737113212,0.0003942911804659989,0.0002888949363912995
2021-10-27,-0.0011797737574188892,-0.002157017319180238,-0.003175928971103392,-0.002315270227862801,0.00225467500242567,0.003129698126984586,-0.0011909856858741232,-0.002012749986283884,-0.002846482878010753
2021-10-28,0.003908785054449539,0.004555409310842563,0.0056607382929306045,0.00542161719742358,9.482552296910902e-05,0.0012436754758724578,0.004768808331272452,0.0054592344400666536,0.006273721429252114
2021-10-29,-0.002052777718893502,-0.002194538506066894,-0.002426597859402753,-0.00319296448707671,-0.0004955388617874292,5.382867066531812e-05,-0.002349965608111418,-0.002616267148278596,-0.0026196094390468967
2021-11-01,0.00335924156497442,0.0034464957822405505,0.004623212726745774,0.004661645684312263,-9.835705908379617e-05,-0.000418428666963897,0.0031547981915750925,0.0043988216041145126,0.005014838028577417
2021-11-02,0.0016736473020824449,0.0015180732901621439,0.0015061166712604622,0.001476389795761009,0.0012990697117449199,0.0031519888621562684,0.0017135657943128694,0.001510746687871552,0.0016636281052861562
2021-11-03,-0.0019898174281788718,2.8240224493396526e-05,0.0014000189210125098,0.0002415031037408883,-0.002707812133729417,-0.002022066818108662,0.0009935972192277303,0.0006354751567910825,0.0014401957835110581
2021-11-04,0.003237962932280089,0.002498475221637119,0.002173422936033772,0.0027947817823024816,0.003116137565155445,0.004994509922327362,0.0032662784946086623,0.0025253696921491665,0.002998488269310645
2021-11-05,0.0068137745919500045,0.005263543714365671,0.005082470323686669,0.006803307809294424,0.004538344604190282,0.0065302172057432085,0.005880833937480018,0.006266033322722872,0.006244728980782831
2021-11-08,0.0008151684445682519,0.0006433894867675475,0.0004845259824305975,0.0009003780137488999,-0.00039808301669470717,-0.0015951813854802098,0.0007664356970938182,0.0003897608912584363,0.0008857166074460786
2021-11-09,0.0018461376201165654,0.0004976271565005202,-7.792877834742402e-05,0.0011322075597832344,0.002530614064631721,0.0029438474312738286,0.00031577137938501495,0.0006167565834762718,0.00020823469371213668
2021-11-10,-0.006731034923538207,-0.006879496191294448,-0.007265764541613094,-0.008687607891720482,-0.004256499995782098,-0.009903322012094493,-0.00822866508120657,-0.008423258915139042,-0.008880718202713675
2021-11-11,0.0022407465453671864,0.002204918887672402,0.0024428659088083222,0.003076496555800539,-4.1307983341995026e-05,-0.0011871210278896311,0.0026703752750351644,0.003198704416973492,0.0031685466929049734
2021-11-12,0.0012560234764537725,0.0021602857799801313,0.0022329225152876546,0.0019910064734214874,0.00012428312598569775,0.0010904468691504785,0.0022131427048631747,0.0017828677273542277,0.002615033533404956
2021-11-15,-0.0022064587862569793,-0.0014441475167286696,-0.0010532238284212383,-0.002360612191099949,-0.0025144531423496826,-0.0042047843529610775,-0.0024374162183168997,-0.0022113094617516376,-0.001874039337436296
2021-11-16,-0.0008196835411670295,-9.396200419405117e-05,-0.00012569094571020936,-0.0006552776669222268,-0.0007981371728988588,-6.539846378055077e-06,-0.0005126870040899781,-0.0005884187488999653,-3.746311495282489e-05
2021-11-17,0.00029210550475343157,-0.00020737191483513254,-0.0007543031207832968,-0.00030417551462002173,0.001647269116852599,0.001593909471327996,-7.545340135592688e-05,-0.0003066952106574362,-0.0007258238718149925
2021-11-18,0.0012171907797589889,0.001046536855085988,0.0007298048406252117,0.0003635391032677066,0.0007766959002926891,0.0019780699561592727,0.0005893041379357171,0.0004657998281004395,0.0009587727781421358
2021-11-19,-0.00203082327548471,-0.0016873074758477255,-0.0023192160961612073,-0.002405106182969738,0.0005039089802692154,0.0017428466054442168,-0.0015428851391301448,-0.001953149310359225,-0.0022767064568373976
2021-11-22,-0.0063258930960611815,-0.005730942899233672,-0.00559471985524376,-0.007056458774208638,-0.004496565016264203,-0.006305502195963283,-0.007297691598010509,-0.006736360426819739,-0.006865240288681238
2021-11-23,-0.0015341259013902436,-0.0009974502753151233,-0.00039760007281442974,-0.001382499603742093,-0.0025502746734445275,-0.0036601397460725243,-0.0021989612456753327,-0.0008881441236081991,-0.0011187675415717678
2021-11-24,0.002296608145256964,0.00217070043694133,0.0018282072803648265,0.00249781191201991,0.0022708881716930482,0.003821902926437825,0.0024162614441959824,0.0023788840036869175,0.0024004613093626006
2021-11-26,-0.011317228046232579,-0.012739894403524897,-0.015802825065194318,-0.015907285748779865,0.0006700585034789624,-0.0005258764865252142,-0.01605087183637466,-0.01372205700492796,-0.017520603657692937
2021-11-29,0.001615483970369671,0.003348847249183258,0.0035403140708382013,0.0037210699227176207,-6.824076777006212e-05,0.001044196639977333,0.004105699972285532,0.0044123926708840525,0.00506306913900006
2021-11-30,-0.006089089098144968,-0.007113167945369435,-0.008165468881278044,-0.008226176112915425,-0.00020255050137051877,-0.0011597034106049058,-0.009804730728534577,-0.0082251841342989,-0.009489000331501173
2021-12-01,-0.0038329797167337616,-0.0048379641355191525,-0.005805522882013669,-0.005486746271690743,0.00011842737266439637,-0.0013241504066439718,-0.0050508662390581285,-0.006681477054166793,-0.006844380142541203
2021-12-02,0.005706671520959823,0.00755536481837021,0.008512780689043079,0.009709918234041829,0.0010601389134302492,0.0037421571343042507,0.009802887117632251,0.009945056286905863,0.010043547260717935
2021-12-03,-0.0008982478012238156,-0.002664122893651161,-0.003728762148293898,-0.0027281287743914687,0.0025371871651349957,0.0023638713016276734,-0.0011827382282415429,-0.0026970360080831703,-0.004248413532822152
2021-12-06,0.0036900678429630765,0.004707450499872707,0.005849139958713506,0.005846152699697335,-0.0010955247324504571,-0.0004871779667193863,0.006865711489637692,0.005906398801711912,0.006511549259074236
2021-12-07,0.00831172091581611,0.009857133657095936,0.010730114177514249,0.011416609074130436,0.001104046663284566,0.003845796861847439,0.012617235764843589,0.01081118196813739,0.01301735328134364
2021-12-08,0.0006132074485425426,0.000774411265094203,0.0016458814682836441,0.001123108710724391,-0.0019517415120973434,-0.0024570654901610875,0.0008872927981418764,0.00010251866743427415,0.0017295842346330712
2021-12-09,-0.005810661798694914,-0.0055871210007899805,-0.0065908805159160845,-0.007545898978213831,-0.0010660172710756602,-0.001990348789577212,-0.007281822609500262,-0.007142667853827428,-0.008398831888981979
2021-12-10,0.0025930119039741886,0.002663610642065117,0.002557895781500599,0.003399883599425915,0.0011939967551702162,0.002063382309862802,0.002641202853900256,0.003073333625941199,0.003930003223196054
2021-12-13,-0.0014295587718729736,-0.002207296053779235,-0.002884925066751607,-0.0026814900598175844,0.0018414269146046559,0.0015443310832406257,-0.0021208916894467126,-0.001970649139944552,-0.0038245396486959733
2021-12-14,-0.005421054201131052,-0.005176658019978454,-0.005383401135424967,-0.006260307697198077,-0.002293437735139009,-0.0037609590790232766,-0.006093600500081151,-0.006180074583610602,-0.006578974632844881
2021-12-15,0.005746595007037691,0.0064722902174094744,0.0068273715109205884,0.0068327850337386135,0.000509220837109677,0.0026726120944432575,0.004448816354474639,0.0066433906827281656,0.008335645999503007
2021-12-16,-0.0028140333616194146,-0.0034094138791691277,-0.003110687072476502,-0.0027741894703427476,0.0005782452854158688,-0.0016873136701917057,-0.0025798885030463713,-0.003012746180668128,-0.004713735461575821
2021-12-17,-0.0015019437711092118,-0.0019403484226603199,-0.0021325672016511608,-0.0020311004760568806,0.0006437599924662442,0.00034235498502807523,-0.002101069956157415,-0.0018789795583028202,-0.0024171449171433027
2021-12-20,-0.005717354454654355,-0.005765108201991267,-0.005672131273250417,-0.007113943506665452,-0.0023730575983620036,-0.004440328305975969,-0.006720566233346993,-0.0068006209178716305,-0.007336221719169539
2021-12-21,0.009081050210392452,0.00879334935437396,0.009352427336652605,0.010620903051287841,0.0014240452209296462,0.00448963242034209,0.009562396977982035,0.01051816243913654,0.011719459611129803
2021-12-22,0.006210610970812657,0.005870358759447363,0.006061376405487966,0.007230118149701521,0.002483202892129469,0.0038704682941613014,0.006284339596603296,0.006221406641900745,0.0076363362624851435
2021-12-23,0.0020164495551370687,0.002047477687408975,0.0024914806021156016,0.0024902952523396297,-0.0003955872983820015,0.00010554139823508652,0.0023356108882499347,0.0019093448320188593,0.003014626395495064
2021-12-27,0.006706069803412918,0.006457239711008921,0.006414439672042683,0.007550866923986514,0.0019200177258488897,0.004178985266214365,0.007394700536009937,0.006541318195260925,0.008453814132157886
2021-12-28,-0.0018909246479716008,-0.0015413346789774158,-0.0015467033004505075,-0.0019125067898925529,-0.0010820139396144348,-0.0013903381006939628,-0.0020149438215825736,-0.001900487973640344,-0.0019880823487599506
2021-12-29,-0.0006351057941282008,-0.000758449547213442,-0.00024108750665203526,-0.0012197531150870452,-0.002011395284629469,-0.0035745233420355527,-0.0017088560862578465,-0.0012568740131686336,-0.0006948369511078308
2021-12-30,0.0009403579285042019,0.0013922952523474233,0.0013070872381939704,0.0020615272937330926,0.001697133596949843,0.0017979226702008288,0.0018935132044082279,0.00180358656450809,0.0013853820803312478
2021-12-31,-0.0010167220369084046,-0.0008403611621701101,-0.0007456802612468681,-0.0010712183664093999,4.294813919522243e-05,-0.0012791173299293538,-0.0012452317403402837,-0.0010301410397700018,-0.0013851434335219275
2022-01-03,-0.0017419820451710516,-0.0015499127979446514,-0.0007862688334592652,-0.002010594129314022,-0.005152419656364693,-0.006105083957266674,-0.0021317285001076743,-0.0018732455452841422,-0.0005229548082466494
2022-01-04,-0.00014623548436255385,-0.0004956629274015401,-0.00022881438244724145,-7.756840994356983e-05,0.00014091113955935902,-0.0011899684230079666,3.062613135607128e-05,-0.00017296934887449315,-0.0008379706681107451
2022-01-05,-0.011989221287326405,-0.011882211511460716,-0.012542732737915058,-0.014105317779185007,-0.0034548670006767424,-0.008657970965355725,-0.013982954875132335,-0.01382051134321745,-0.015706525089091088
2022-01-06,-4.044453039577169e-05,-0.0004399943065849676,-0.0002990077901287642,-3.318389341427118e-05,-0.0005893487900409495,-0.0006001048110126191,-3.629232872425028e-05,0.00012643697353544985,2.604828488629987e-05
2022-01-07,-0.003122574942087235,-0.002527541945472018,-0.0022551160254074922,-0.002661397120865912,-0.0015395323284887223,-0.004123520652260158,-0.003357453414519736,-0.0030443992924928704,-0.0032501494834879458
2022-01-10,-0.0009196607625281924,-0.001019875748212856,-0.0013932341522170312,-0.0015228771343865303,0.0002083745664723465,-0.0001647784177592845,-0.0014206989090054412,-0.0014556664631300321,-0.0015440531193369265
2022-01-11,0.007980642884129831,0.007693714502260673,0.008336471736576584,0.009821822794903142,0.003620300488349072,0.005764878709169575,0.009187792654144156,0.009321365788440457,0.009905799542900008
2022-01-12,0.0014303883943408814,0.002125653220504396,0.0025603439044519097,0.00287036836788648,0.00027192014515678447,0.0005750309103225435,0.002613298348297553,0.0020518358001708954,0.0028210106291011953
2022-01-13,-0.005678263112565282,-0.005677562342978706,-0.006134292169957834,-0.006168007641655217,-0.0001898693205644869,-0.001752528577280034,-0.0067168029997261595,-0.005703819349410459,-0.007705820636968254
2022-01-14,-0.0008602471781831602,-0.0010248703536176965,-0.0005509363718148773,-0.002011126636092666,-0.00258527975973033,-0.0042677668856697555,-0.0016811283896556322,-0.0017622601645762978,-0.001138338534739233
2022-01-18,-0.009644723391758604,-0.009371090602384948,-0.009493547723974571,-0.012217900778895422,-0.0040916953579128315,-0.009476405409461491,-0.011612928290250084,-0.012374270675795121,-0.012949448319499568
2022-01-19,-0.0013193083926563932,-0.0013646206541769147,-0.0013010987822883663,-0.0013768084950145905,0.0018797905019086964,3.2125021503657004e-05,-0.0020501177517326915,-0.0030813700873507303,-0.0025539984233644386
2022-01-20,-0.0044859697346090344,-0.004161755649176676,-0.0043174194829870135,-0.004535728535010602,-0.00016115979144907703,-0.0014801620888220618,-0.006196445836449131,-0.0049639823414861515,-0.0055150432465049005
2022-01-21,-0.005306788506451192,-0.005633037276990921,-0.005923300889708323,-0.006240406105437475,0.0011570628767137087,0.0004364349201092663,-0.00984124816236417,-0.0075935732712248735,-0.008050692909834843
2022-01-24,0.001204761169506913,0.00042091180666470665,0.000620740495529887,-3.3902812138949104e-05,-0.0007366738952940662,-0.0012341512227982362,-5.543995513087443e-05,7.1763509622681e-05,0.0006245825276668571
2022-01-25,-0.004511909154380272,-0.0040658783081098685,-0.003640883611340799,-0.004771010899142136,-0.0008832525867255936,-0.0038970117823817316,-0.005575972066206203,-0.005487142041363312,-0.005799391238358208
2022-01-26,-0.005826553902663711,-0.005551918246833515,-0.006074153795630383,-0.007864844755869679,-0.003909917734031515,-0.005531901117773219,-0.007907184551929024,-0.008100153348711777,-0.007206119324344367
2022-01-27,-0.0037137187577681217,-0.003975010697426513,-0.005023134045161788,-0.0048463140587604306,0.001204161577688445,0.0016997801792455925,-0.0035825143809241353,-0.006245101048213709,-0.005453501852135348
2022-01-28,0.00891639652694675,0.008755722234882588,0.008360234274093818,0.010009283924700827,0.001548405159534229,0.005824801154421814,0.010851690885053165,0.010298171026937725,0.011500941670250413
2022-01-31,0.00946761850471017,0.00953300099746517,0.010072827400083091,0.012031520617287933,0.0012047071455276415,0.003643056948183904,0.008001933736036897,0.01122671513490274,0.013232609372500878
2022-02-01,0.002163995783903613,0.0022910168877326945,0.002449268622629907,0.0034816417415751556,0.00042248072944868275,0.0010432835542850754,0.0024275144521967874,0.0031079652740497762,0.003767514814162227
2022-02-02,0.0024281625015652297,0.002731472144999883,0.0025023600748968772,0.003419164016754293,0.0013936962717769627,0.0024132285013075227,0.002823474233900231,0.002754873613344636,0.003788031194561677
2022-02-03,-0.01006119801087734,-0.009259872331168133,-0.008995922631629742,-0.012441800459667259,-0.003827966646277877,-0.00958454224909178,-0.012598360950450247,-0.01173173140961706,-0.014041286810608417
2022-02-04,-0.00016251348880934698,0.00016267320805468026,0.00026948400543327087,-0.0008603751130439029,-0.0025639114652613658,-0.004321438045411705,-0.0016160014857596356,-0.0006598672811199873,0.0003828485803678796
2022-02-07,9.852223447315037e-05,7.600010139144559e-05,0.0002272372325025583,0.00028841506747526093,0.0005947001667468716,-0.00016382479055398422,0.0003275737321541621,6.673761569754203e-05,-0.00020381039778446735
2022-02-08,0.0013074330429397318,0.0009052921253145689,0.0009761086875994362,0.0021794367558033265,-0.0010826084649832087,-0.0015213645732859683,0.0028463765049161157,0.0027251198586096003,0.0029061317273920834
2022-02-09,0.00737186242052762,0.0073258728582562835,0.0077974366186158595,0.011156952516910845,0.002371526253436731,0.004543751182650429,0.009874289105389195,0.010336820260519597,0.011924574092975253
2022-02-10,-0.007787048697514566,-0.0073070149654628665,-0.007319106631438333,-0.013414795947319341,-0.005851950913973631,-0.009420870181295438,-0.012188097852597524,-0.012600571016928186,-0.013668877057635304
2022-02-11,-0.001615789850264264,-0.0010907431851808027,-0.0010110769092641118,-0.003163801662385183,0.0038364266234490827,0.00443041480709198,-0.003581837315168093,-0.007940593967415659,-0.005434427972874601
2022-02-14,-0.0016009102549553584,-0.0012783768709065581,-0.0011428785348020854,-0.003975296342571394,-0.002304703852015703,-0.004116443074373821,-0.0048667473869903125,-0.004040452719707063,-0.0032866414499866476
2022-02-15,0.0028743070496305974,0.0020577187702207097,0.0023001119554426344,0.006088919842125703,-0.00218745546098671,-0.0007335502100626462,0.006656871791462747,0.007933884414901463,0.007367085132586528
2022-02-16,0.0017846741068203642,0.0018846832324860162,0.0021498663337007696,0.003758338229393017,0.002070695943274746,0.0015646871804316997,0.0034022937081644093,0.003390814815430361,0.0033293908968075976
2022-02-17,-0.00383616229024701,-0.0029818218908841086,-0.0030796931316477184,-0.007013945986409211,0.0012857258150789663,0.0007883509399203167,-0.008684246858548579,-0.008178192883735304,-0.008827299611474921
2022-02-18,-0.001086311861067002,-0.0009912672703148047,-0.001248674034925456,-0.0021698056984878274,0.0014307753102880641,0.0012751032254014756,-0.004309080872980347,-0.0032880835643339184,-0.0029417253120801734
2022-02-22,-0.0017740508466324288,-0.0012742730041904716,-0.0014377090586683748,-0.00410424064326952,0.00028226566731397125,-0.0007705533866398509,-0.005692062410613407,-0.004552037632643814,-0.0043681582364384864
2022-02-23,-0.006243796677914116,-0.004916881576462127,-0.004696495286739101,-0.009590806172550209,-0.0030777392609281098,-0.006701011429311507,-0.010871219708572428,-0.01002030922470195,-0.010079845225333117
2022-02-24,0.005187974276112487,0.003939357940808284,0.0037575833706308716,0.0058327109825467485,0.0019086301852409525,0.0049566974618810485,0.006108795454777241,0.005240478616281303,0.0073921727239887785
2022-02-25,0.005307727240045791,0.004325283517714951,0.004152160470350742,0.009893673394538012,0.0007091481945085228,0.0023970651260430383,0.006985976645071819,0.008396412582660492,0.010128851158083154
2022-02-28,0.002309528021639404,0.002365650757438706,0.0022095416061785013,0.0024508829295744146,0.005777398147301155,0.007705287130107076,0.00644876048834141,0.004023236696768388,0.0020381956170767344
2022-03-01,0.00023972675806829038,0.0019721399637552123,0.002306689409145471,-0.0007969869995871454,0.004504023608289351,0.0049049415194629365,-0.0013332684450499425,2.0148662502742886e-05,-0.0015040953670856809
2022-03-02,0.003463575359363151,0.004720101561952197,0.005221954966146075,0.004330656437691486,-0.004817677800612526,-0.0061580156389855105,0.007120625835633089,0.005521020516071315,0.00661628316635591
2022-03-03,-0.0013243371094454164,-0.0009044857511712297,-0.0006249486003430378,-0.002072864387378333,0.0020207608305114126,0.0013696638130234764,-0.0002279694489301279,-0.0013082584296909424,-0.002502261868924262
2022-03-04,0.0006337427644792412,0.0026854993036240895,0.003484077104090713,-0.0002777256656679205,0.004778115233268931,0.003628416830486524,-0.00030123970573362434,-0.0009238345733901479,-0.0001612662639096162
2022-03-07,-0.010964056095958376,-0.00909715718345533,-0.007464381775767256,-0.01480164329857821,-0.0022650802718506393,-0.010279250317438773,-0.014747675710311327,-0.014272876010800418,-0.014550835394790757
2022-03-08,0.0008369851426228767,0.0019545295913597042,0.002846767876142858,0.0015451468464551571,-2.1108288501527144e-05,-0.004262674969602151,0.0001406577615352333,0.0014276070698586525,0.0020010667325248608
2022-03-09,0.0021080593571503104,-0.00104024798509969,-0.003675823079158913,0.005101365754482564,-0.004928793855802841,-0.0014316711297008332,0.011209804868973819,0.00789698675988167,0.0035902107285397376
2022-03-10,-0.005003839130345922,-0.0054181465039887695,-0.004818690521030377,-0.007820773940300436,-0.004024870703407297,-0.007640922622759769,-0.007655556155869843,-0.006682895693059952,-0.007266228047229892
2022-03-11,-0.004481242193383197,-0.004026299096372195,-0.0038815713851264614,-0.006984767472592158,-0.0006539874782965632,-0.002395321311709615,-0.005194458008614276,-0.008959307966960048,-0.0071493751604854985
2022-03-14,-0.009791341818836697,-0.0102916535200016,-0.011051406354592296,-0.014822094863407706,-0.008485819359831214,-0.013242975375543468,-0.014087200651442025,-0.014611997766043841,-0.01464850794629454
2022-03-15,0.0027045595274778887,0.0016498234852152167,0.0010955913342602043,0.004717022457079747,-0.0003085140486710345,0.0012167108274866655,0.002033118570436384,0.005414991445138126,0.0053924264487288515
2022-03-16,0.009419749406757922,0.009803865988724904,0.009605752348520827,0.02042568506412902,0.0038490409695277855,0.002731023727295681,0.016115886732982084,0.0180397263827432,0.019671620291347384
2022-03-17,0.005821556476217205,0.006256531848523838,0.006920026889494142,0.00987392380079422,0.0030758818848547758,0.00229080030611869,0.008939846315150142,0.007596514510431324,0.01103186357510692
2022-03-18,0.0035439464028418333,0.0033829660564980188,0.0032863132419461605,0.006827074634546705,0.002206129105813648,0.003291716499232829,0.005683141809066437,0.005430244379420628,0.007200684982150257
2022-03-21,-0.0016832139417729329,-0.0011011994524938605,-0.0010621320531836518,-0.004700276011651529,-0.0036003634243984835,-0.007155138774126974,-0.005694606600007388,-0.0060793265246368135,-0.0027535049681690297
2022-03-22,0.0018986239998249564,0.0019331546627072173,0.0022292185362363134,0.0038523464556061656,-0.0017089027177642337,-0.0018078245785787858,0.0005706912861329107,0.003182017981818125,0.004863517174235078
2022-03-23,-0.00021428823111910764,0.00013963697095292128,-0.0007595524393489007,-0.0007228964773723723,0.004369443841755917,0.003692722298397233,0.002690711030479668,0.0013176516070860947,-0.0017350054256968911
2022-03-24,0.0028123277917325687,0.0028298223408775706,0.0029355938020164014,0.004661827016812186,-0.0003253881333745419,-0.00164732690031041,0.005204529260711088,0.004493125640408491,0.005759089880158567
2022-03-25,-0.001086554414552425,-0.000869445237306259,-0.0001103255660657584,-0.0021262562029265,-0.0034598017827310286,-0.006129247856851972,-0.0032499805907002634,-0.00342306626816378,-0.000887132981874109
2022-03-28,-0.0005362626330504679,-0.0007431664944549445,-0.0008571282020622799,-0.00045568220293727067,-0.0006257200452695674,0.0011561432233232647,-0.0002869030757075235,0.0002329315893923946,-0.0009112572153516522
2022-03-29,0.0067728250719169235,0.006960563468446345,0.008391423245262162,0.013441512827125654,0.003608750002093005,0.005399837003520303,0.010461195806325221,0.012627628462072358,0.013467600154243666
2022-03-30,-0.000494522714402296,-0.0003891691294586992,-0.0013652246059385935,-0.0012072188718398745,0.002099961337009659,0.0019772236482358575,0.0020537690105056332,-0.00011190210869691246,-0.0019294331514632672
2022-03-31,-0.00419439547496861,-0.00462382434121906,-0.005166924551238594,-0.00853438784837643,-0.0012817905720841703,-0.0008462496608701014,-0.006803517889264314,-0.0073925841699033325,-0.009325602287303145
2022-04-01,0.0018550617784792018,0.002051657513598573,0.003104047867465943,0.004842415221162533,-8.200779229095907e-05,-0.0032435037251488446,0.005100121846500762,0.005022048184582811,0.00466545728346385
2022-04-04,0.0034141154834590568,0.0037921611691675754,0.003480883924250868,0.006218481516539751,0.0016542400369386617,0.002164384521665407,0.005098962410215768,0.0046334201477922395,0.007142648917912073
2022-04-05,-0.007817905396350206,-0.007607815255046081,-0.007635888601776232,-0.014684974281568895,-0.0073612891224053775,-0.010166298981406424,-0.013388084744102562,-0.013898680786323956,-0.0142147762106709
2022-04-06,-0.00430609809164085,-0.0039623568667814255,-0.003602964415880647,-0.007530485374655209,-0.003016052728687611,-0.004282476565401198,-0.005535786339126377,-0.005363591066315169,-0.007901814853253766
2022-04-07,-0.0005658156183796316,-0.0005159273497737772,-0.0009621633556908012,-0.001720998798696339,-0.0009730476645717698,-0.0013844465976131785,-0.002451100074859331,-0.002231777705132039,-0.0010595772941472503
2022-04-08,-0.0017394741687986525,-0.0015554629477255231,-0.0011331168927550728,-0.002736966959992261,-0.0020714921396172577,-0.00392750685852103,-0.003356040482184154,-0.00337021182068092,-0.0025313930745274656
2022-04-11,-0.005440083939233572,-0.005945782635175885,-0.005385340885394004,-0.01020155382511428,-0.0041917783552786565,-0.005431415152647161,-0.009677805200286495,-0.010056049276579762,-0.010583164834850032
2022-04-12,0.0015198022835189895,0.001569584989017177,0.001953065431327296,0.0026900876862980517,0.002440853716111246,0.003675303488548529,0.001652641143448931,0.0015505957527476963,0.0028613212790150997
2022-04-13,0.005566479052525682,0.005862765839089615,0.006149756216949347,0.01026849223709227,0.0031680692867991976,0.004024456444851072,0.010429250875908163,0.009174436339648876,0.011117886436285272
2022-04-14,-0.004946379698760707,-0.005093626440169216,-0.004482353399969828,-0.009213818089209434,-0.0050375303979479195,-0.0072276882193590235,-0.009161266942092678,-0.009202104589945737,-0.008812400667783372
2022-04-18,-0.0007594168163934455,-0.0005151274904178881,-0.0005812788335829715,-0.0017952461251965286,-0.0008523050074763199,-0.0016685039398502339,-0.0019936958512599447,-0.002248509061477599,-0.0009787869342761566
2022-04-19,0.0007731405817536061,0.0017005327066040355,0.0014852754661404813,0.0013512726138874664,-0.0033902042838782577,-0.0035301331518653575,0.0015178805051620234,0.0023824158922081456,0.0025937448894147526
2022-04-20,0.002056977592455985,0.0018892106628916722,0.002367664272522365,0.004420431792590996,0.004017498210106747,0.004256503699225907,0.005646229665349181,0.004063084930473589,0.002942506451999556
2022-04-21,-0.005792598812210095,-0.005986152480811038,-0.006078370741084466,-0.010932551065066668,-0.0037122102952888997,-0.006076966554784629,-0.011033977184483956,-0.010194620509635124,-0.010963255463668432
2022-04-22,-0.007402379364400371,-0.008369507251704305,-0.00847342535199994,-0.013776043389834073,-0.0036807691923676105,-0.002800716920580041,-0.013557991284887584,-0.015465583691341649,-0.015284124571500213
2022-04-25,0.0013062140086063478,0.0011331763911810702,0.00011794866549273247,0.0017139126521650556,0.0019619795111699835,0.004823882674892624,0.0006263847392067707,0.0006352994628509192,0.0014720274247219376
2022-04-26,-0.006076397677490001,-0.006931351779031446,-0.007115259162214956,-0.011649034905180673,0.0005419193336970984,0.001130976945756682,-0.01279557528350672,-0.011502250134773833,-0.013029498015318048
2022-04-27,-0.0014810876151300308,-0.001256850798628533,-0.001190346101321776,-0.0022173096668093415,-0.003199164933712614,-0.003727014142540187,-0.0010290132284240987,-0.0014123698121613513,-0.001632793707102671
2022-04-28,0.006633661173954714,0.007724196915020866,0.007526141452401426,0.012317690206695792,0.002608385128092945,0.0024703714620629338,0.010076146621290732,0.013565537690108546,0.013685441236861691
2022-04-29,-0.009958722743923903,-0.011532436295180783,-0.01105314844496968,-0.018019682539043097,-0.005597621017435085,-0.007373668697864576,-0.014053990947621506,-0.017541827785912362,-0.019911049548946305
2022-05-02,-0.0007498760690259602,-0.0008172365878800113,-0.0010977217324527216,-0.0024118014737375243,-0.003205358655743599,-0.0029450275189177454,-0.005342091252971098,-0.0057275005788903445,-0.0006824861315277586
2022-05-03,0.001871141224383307,0.001877247582187592,0.001901616732918275,0.00412545325749494,0.0014316399616774768,0.0008588687970533209,0.0034503144414971534,0.004485011325738318,0.0032418473051445498
2022-05-04,0.009248011040511312,0.010043414269415048,0.00994337712552998,0.01683113619482171,0.0059678369837275905,0.007971259711212975,0.015334823367361325,0.016633726380328475,0.018316317039733764
2022-05-05,-0.013044481181508897,-0.013439639507733168,-0.013800886867342143,-0.025482437014243388,-0.008596237396563046,-0.010740065938563984,-0.02157582813938095,-0.021616642278396613,-0.02563634361013997
2022-05-06,-0.004163335857667232,-0.004067867701787798,-0.004395653177625782,-0.008527587622266746,-0.0034268168847073743,-0.004635666656066364,-0.008913369402532,-0.011097599039216043,-0.00785255507515657
2022-05-09,-0.01168903829517135,-0.013545518441057027,-0.014656104481283962,-0.022488966516102316,-0.003108771035045932,-0.0005505983831915614,-0.02016177818209863,-0.02460620502586018,-0.025310757746257153
2022-05-10,0.0009512009542178296,0.0002828933596181887,-3.8833589907182326e-05,0.0013864746187210086,0.0014659071778103789,0.002731586696518533,-0.0011506481112800305,-0.0011858065493510414,0.0009785449235216956
2022-05-11,-0.0013571476649435533,-0.0012837816617103162,-0.00142251001457351,-0.0023929097895830876,0.0032410175851487664,0.0023125714839876926,-0.0043205423314068995,-0.006644080987684612,-0.003275105195528699
2022-05-12,-0.000168942626464341,-0.00022097102136871125,4.252928453668082e-05,-0.0001769837367495538,-0.0007375592495134926,0.0017372515799480724,-0.00014621687872211792,-0.0009614005003543512,-6.380275985863914e-05
2022-05-13,0.006333013899487877,0.007133622618919615,0.008246003892780369,0.012914312804482627,-0.0010524166030851014,-0.00010223243031641995,0.010587608319067519,0.013299306628362931,0.014377962446896951
2022-05-16,0.0001123499912780047,0.00016337061231578196,0.00032713652780468375,-7.620311002595146e-05,0.0013427213878298213,0.0022032677503324885,0.002916267706567718,-0.00014911718399604937,-1.8515619574618886e-05
2022-05-17,0.0034269641417096143,0.0035931800911340314,0.004489652849755434,0.007501077448582299,-0.0023564525770291183,-0.003026821739138946,0.0073565649559031165,0.006500640751717287,0.008146034052235828
2022-05-18,-0.008641302921811162,-0.009849412806970052,-0.010663483796651968,-0.016690881691527586,1.642609728869622e-05,-0.0002851570707484845,-0.006575236885724705,-0.013689508240411671,-0.019706620802291075
2022-05-19,0.002181489877781316,0.0023565228923210766,0.002765280712112953,0.004473784002652583,0.002561405241585623,0.0025373939010331515,0.004192025715952179,0.003966517128523546,0.003917541630671339
2022-05-20,0.0013453767653861812,0.0012536101835232516,0.001198345412827349,0.0028665160781826283,0.0020879853561493245,0.0026633394206075187,0.0025650205285690482,0.0024277263777122233,0.0022539522299357467
2022-05-23,0.0033399624235102305,0.0037738207895947192,0.004118649966837694,0.006106120756161161,-0.00100192846613959,-0.0019432878573083245,0.0053488634548033735,0.004080059898279163,0.0072461089962332125
2022-05-24,0.0001637368353032723,7.146037664939085e-05,-0.0007936021894549455,-3.0039350279177113e-06,0.004215842191513074,0.004213569169447484,0.0007882432331410593,0.0006084551866062931,-0.0014484232378037484
2022-05-25,0.003802244840873371,0.004021919028176817,0.003927270059180611,0.007216039576006984,0.0027570266725861995,0.003338921634562136,0.0072035228678859085,0.006705040569701522,0.007202560990113839
2022-05-26,0.005123762715592631,0.005509122472731525,0.0057109655483385474,0.009629006170472779,0.0016899970108524426,0.0024334529259145985,0.007913436985435169,0.007366267267165242,0.010449836518709085
2022-05-27,0.007224925284772395,0.007653410369658589,0.0080804649759707,0.013647276838496956,0.003139739707302782,0.004077548523141464,0.011067722189498726,0.010855533532806825,0.01466578281823612
2022-05-31,-0.004328343323599718,-0.004207145225572775,-0.004084263426961636,-0.007472970106844153,-0.005556455610429497,-0.00698521829038038,-0.008952771901632975,-0.008656421644675357,-0.00696391508897758
2022-06-01,-0.0021095493093444113,-0.0019213711265600715,-0.00199057130679021,-0.00435701477006164,-0.001058242396868511,-0.003817875248757257,-0.0024714731680906587,-0.004993752168426891,-0.004019814934961665
2022-06-02,0.007266092402003472,0.007574724858372311,0.008389455975689637,0.013597641926345392,0.0033238670785705167,0.0038242218867102404,0.010652293977737492,0.012415341573297956,0.014825874066294665
2022-06-03,-0.004821296958452885,-0.004809969688854548,-0.0050746362763402185,-0.00927782228889844,-0.0023184612394069335,-0.0030135987416355092,-0.005855217724507379,-0.007417412384972308,-0.009348099035062018
2022-06-06,-0.0011584348330307363,-0.001087186334487647,-0.0005352100128026566,-0.0019732158027877945,-0.0036783470465482243,-0.004369459975566659,-0.0022969115134628196,-0.001337272034746962,-0.0008401044537651642
2022-06-07,0.003902127599735855,0.003941056639450268,0.004249565505526195,0.0074526782714801725,0.0032727666011276475,0.0035725690319044438,0.007349777053336931,0.007292396833431514,0.007483957729482167
2022-06-08,-0.003833336987445603,-0.0034142917323317077,-0.0035739338529585884,-0.0070321251410449355,-0.0023801476805419422,-0.0028785798940998593,-0.00752283270386454,-0.0065245508198553985,-0.006465572923232557
2022-06-09,-0.006484112674067874,-0.006408873821977432,-0.006978925782941769,-0.01286725654326596,-0.0019804199602140213,-0.0029774745416944505,-0.01321028951111687,-0.0142493174668906,-0.013160878024271905
2022-06-10,-0.00875575637752547,-0.008450048004577354,-0.008220538664756357,-0.01579218158171624,-0.004290276744523466,-0.009111441745428923,-0.017108534321640962,-0.017355883580288105,-0.016256337632338677
2022-06-13,-0.017257446014195987,-0.017403297977181813,-0.01776889109879503,-0.033294893845927355,-0.013171072479668498,-0.01612203044170786,-0.03400765066093065,-0.03671971816334034,-0.032048271792192995
2022-06-14,-0.002345091956154301,-0.0020932532107126086,-0.0023043087891287638,-0.003971446907585594,-0.003202679783801163,-0.004905793852283422,-0.0026769300871841784,0.001059528150808853,-0.004050121501161726
2022-06-15,0.008420297508441166,0.008346931042596728,0.008148488446893858,0.015776319305444576,0.007578028097753007,0.010930045166495785,0.014948250183165956,0.015537451530406197,0.014652695884341538
2022-06-16,-0.007724331631051237,-0.007574467141002291,-0.008374279607476706,-0.015404519187488287,-1.7722519493483462e-05,0.0005615136453928829,-0.01780135112166489,-0.012111459911553588,-0.01587041399448169
2022-06-17,-0.0004072298073306036,-0.0012210703337006993,-0.0016661581186217377,-0.0004969676958896627,-0.0009616466444042266,-7.557230830665538e-05,0.002909863594780891,0.0004301700671936701,-0.0019877961771874843
2022-06-21,0.003043152283772012,0.0032114839672443946,0.003795330305271929,0.006177569786403784,-0.0024251595483738408,-0.0017937260080922019,0.003935885092945422,0.007995213189427674,0.00716150920763468
2022-06-22,0.0009703783815409586,0.0002210439879011489,-0.00023101268151667497,0.0013425770311861142,0.00423281334034058,0.0066669544302915724,0.003031286719920643,0.002658027334225022,-0.0001512262241974855
2022-06-23,0.0023966042631349896,0.0019456611097122911,0.001979076428487906,0.00479054664200763,0.0016999845879426317,0.003969312834041684,0.003351003493223654,0.005078129611758814,0.0038277971365069797
2022-06-24,0.0072960599533010645,0.007498150201569847,0.008409225980621396,0.014162092406801455,0.000499662180752034,0.0011078824461076857,0.005181260330718606,0.01016994346530191,0.015255152248680168
2022-06-27,-0.0020813307331616175,-0.0020898365899656365,-0.0015784987073730011,-0.0037431096224613525,-0.002929844242619964,-0.004338420620938045,-0.004387831751459874,-0.0040490035924443096,-0.003434315402405531
2022-06-28,-0.003992497835901057,-0.0039720886711479345,-0.0045421827664442966,-0.007512544257152104,-0.0007355290169025073,-0.0013172955983568612,-0.004326139927697907,-0.007510253475522995,-0.008122448061236286
2022-06-29,-0.0004976372285434183,-0.0008974568006998768,-0.0014574229070340524,-0.0011604064685431397,0.0020894490659267443,0.004132963197009185,-0.0024855498421012243,-0.001522942226631596,-0.002238722668467983
2022-06-30,-0.002628586570901107,-0.0032945945997784453,-0.0034071474764218158,-0.004882273125064272,-0.00019332293880669954,0.002381650716376735,-0.003016199892014523,-0.0031078030235287125,-0.006628805721160126
2022-07-01,0.004079841784470549,0.0040397773475514395,0.003844467917197279,0.007520241269861642,0.0042873526009189625,0.0075259576505544825,0.00705382534901514,0.007100967846927923,0.00717174475764322
2022-07-05,-0.0037153420118385874,-0.0048544151092175455,-0.004123285429861953,-0.006929744054999733,-0.0026646544935641997,0.0006493760165502575,-0.0046960661735457624,-0.0038198372177926047,-0.008264895871899663
2022-07-06,-0.002922859956287742,-0.0032292212300492297,-0.003199849266971826,-0.0058113479763877,-0.004757216390082566,-0.005340338270355373,-0.0077167308233550315,-0.006085495064786252,-0.00506877763089887
2022-07-07,0.006006843271440716,0.006713993080480022,0.006822655025686565,0.011701033526522587,0.0019985239876475036,5.869276900263234e-05,0.008642873215309455,0.009652361006621736,0.012985066193281223
2022-07-08,-5.729403524754037e-05,0.00018319134090175583,-6.683455012623198e-05,-0.000328837840865119,-0.001068981939400035,-0.002706182097633069,-0.00036132700697816885,-0.0013619404946863644,0.0005348088266296324
2022-07-11,-0.0030911643842970243,-0.0034908026644218464,-0.004815466244046976,-0.006936760105766152,0.0013380788216718347,0.002664551915610066,-0.006116720448166656,-0.00492934392964977,-0.00774842091771297
2022-07-12,-0.0028050061646278717,-0.0033156448839702255,-0.003171346249578013,-0.005456418164108787,-0.0012405856205976648,-0.0007724914661438948,-0.004449548982889949,-0.004713021150739606,-0.0073325398419981
2022-07-13,0.000890527229797318,0.0008075142783832351,0.00028425127332979756,0.0013919823864065168,0.0026448254707010254,0.002899312689957258,0.0009489877937107036,0.001603180826347598,0.0009716492991078265
2022-07-14,-0.0035664639319938755,-0.003621338519685362,-0.004035980709539847,-0.007228170000454678,-0.0033766129617543218,-0.003792474057788935,-0.007429039137446837,-0.006423411616072634,-0.006543625381125895
2022-07-15,0.00595065558960954,0.005983599669226895,0.006515152277813353,0.011334118552879222,0.0035898189976551463,0.004533899979417483,0.010182129084122754,0.010856175020234667,0.011647286150428128
2022-07-18,-0.0011524524088497537,-0.0013898310725569704,-0.0011087645626808537,-0.002163221324998566,-0.0019893236629220422,-0.0021920406681761244,-0.001948698431685546,-0.002896597517505622,-0.0017536484483962732
2022-07-19,0.007320757270409363,0.00759957293330978,0.009322762680659716,0.01447235448337573,0.0016496314416573027,0.0005456745322754744,0.015781466664440406,0.015185967027411155,0.01523600332791842
2022-07-20,0.001001042959970762,0.0009792990893498508,0.0011604499207628926,0.0016015662877657312,0.00021236422553842497,0.0005313075107716217,0.0017048552509101964,0.0017269936517063799,0.002348438275855913
2022-07-21,0.0048181548383722135,0.005443380115417504,0.004922457361200378,0.00918827961006754,0.005611805769481948,0.007936408626337998,0.008863985734277538,0.008489227393107682,0.00798308369805533
2022-07-22,-0.00099014528029147,-0.001022350941769535,-0.0019718008838452133,-0.0020781046022333113,0.0025931885999319975,0.0050500173189670355,-0.0027535796915734937,-0.0009631217834238574,-0.003695066879384925
2022-07-25,0.00030473890389754826,-8.000868123859838e-05,0.000615147666789112,0.0005726708464091895,-0.0015750490913418163,-0.002240288772238642,0.0013026383791566812,0.00030869241838183716,0.0010620024595476489
2022-07-26,-0.002927649356607569,-0.003191794696475965,-0.003097561881382233,-0.0053198685650752,-0.0009322776410731489,-0.0014199626131991513,-0.004636516644329436,-0.004927746866094892,-0.005737882687906073
2022-07-27,0.008577352671863107,0.008791575741712842,0.00932419644013746,0.015402997616616749,0.003960560525450422,0.005918231337681967,0.01330921513553086,0.015072581860151322,0.016832018622898456
2022-07-28,0.005306208131932822,0.00609340137700015,0.006801611759974535,0.010533551089218494,0.0045022877548968054,0.007009462384352152,0.009416491585767496,0.009239124165474727,0.010237354336783059
2022-07-29,0.003344169411685856,0.003313371421659134,0.003250388000278822,0.005385237828523278,0.0012382514906309977,0.0018901400616495546,0.00459793431995017,0.0045548131585958825,0.006287526471730446
2022-08-01,0.00021301225823420805,0.0002606052358594289,-0.0005965256472474677,-0.00013649962626407182,0.0028416223981750544,0.0026720996277204666,0.00024338154605008948,0.0005365321117597318,-0.0013043353298694735
2022-08-02,-0.004645966566240444,-0.004772569633655525,-0.004255230312145973,-0.008960753484147982,-0.005679362298043341,-0.00897630964975606,-0.008815536507367484,-0.008454247481734942,-0.007920453066313697
2022-08-03,0.004786423654001245,0.00550436238646695,0.0049776793472457006,0.008940680953315662,0.004253522290600674,0.004787827996712036,0.007364026734509143,0.008083719638258045,0.009060031040298603
2022-08-04,0.0011180681268482817,0.0014290639881429743,0.0016396830712162923,0.002265617731103792,0.0015917786189364328,0.0030520856312357195,0.001613562047422996,0.001581830177853236,0.001777961822952317
2022-08-05,-0.0037811240067999134,-0.0035624450522806074,-0.0023964605967909647,-0.00645811626330126,-0.006448571312327715,-0.009688340334586447,-0.006311639687928573,-0.006616395559569099,-0.0055418813123960615
2022-08-08,0.0028491853283833077,0.0026250301307152945,0.0030976012003343647,0.005489423715072605,0.0037377660068522224,0.0038692074514121706,0.005600297802796857,0.005180630160351272,0.004908763648588806
2022-08-09,-0.001701781313197668,-0.001962307183375269,-0.0019076493681357042,-0.003337157735055589,-0.001280071897621548,-0.002678565007279939,-0.003352336412923596,-0.0035229061533103415,-0.003222021328484823
2022-08-10,0.006886242906786461,0.007358492137901157,0.008192662111247634,0.013031409047702168,0.002561598714646103,0.0042434509425634485,0.011474027770679745,0.013180529144454415,0.01402900433056205
2022-08-11,-0.001460753551007567,-0.001842711252830258,-0.0006846906560805039,-0.0024442421551435015,-0.0037027038937424627,-0.004143839573617689,-0.004165185554549985,-0.0030998554187758724,-0.0013107057771429577
2022-08-12,0.005426372948178881,0.00634240875198421,0.006751301779834078,0.010836912115395121,0.004200280537281966,0.004590253045182338,0.009300839568905362,0.01092275467840317,0.010849152530662126
2022-08-15,-0.0006568869465860374,-0.00021670545022622943,-0.0005173955994851795,-0.001350300605754649,-0.001025718944804214,0.0016463672994327968,-0.0008993243355147267,-0.0016430519851592929,-0.000935489861864083
2022-08-16,-0.0011421941796715318,-0.0008878667385503818,-0.0009946579719409133,-0.0018835100548977907,-0.0008142969742691734,-0.0015730029863279937,-0.0016176732994833806,-0.0021235604189133142,-0.002057392455039567
2022-08-17,-0.0041466335200527945,-0.004416078255890357,-0.004535739938378619,-0.007776335577763824,-0.0038353094957833335,-0.0057630854779659214,-0.007493357812482278,-0.0075581584000306325,-0.0074011318037706915
2022-08-18,0.0011795135922435093,0.000551144429322349,0.00041525415162304067,0.0013701474517990276,0.0012652462461093842,0.001966231233031888,0.0010894515004279198,0.0007856984558718519,0.0018290846065365574
2022-08-19,-0.0064503796450125165,-0.007007921993144991,-0.007286876181015976,-0.012304915431044222,-0.005365215375558965,-0.008057371267374174,-0.01226128954249301,-0.011416549921119179,-0.011976656679098658
2022-08-22,-0.00583476084502181,-0.007075930039494103,-0.007426901822619813,-0.01164583338049509,-0.0030920448821561393,-0.004867504671684466,-0.01184974712746261,-0.013401018401256118,-0.01211595032671075
2022-08-23,0.0006083856169121285,5.801423734597739e-05,0.00043692215717362087,0.0008554030425177814,0.0005597265482000079,-0.0005980596233435923,-0.0005042631232018091,5.5138357748812155e-05,0.0011377329665362155
2022-08-24,0.0009589942219631948,0.0010812842772306211,0.0016782170054862483,0.0017842190228017254,-0.00044560091210904735,-0.0013287957387017233,0.0015109784081166627,0.0011177441203264254,0.002543082445270791
2022-08-25,0.004854900410388281,0.005965377634293038,0.005929898508791463,0.010266026143729548,0.0038869023272678667,0.005429015967198403,0.01080548539737662,0.010206838789780596,0.009442354949957337
2022-08-26,-0.00854480677048257,-0.01012945506253073,-0.010594948270700986,-0.01664371993754305,-0.0030385662375538585,-0.004415556929965186,-0.017276909962165347,-0.0150444671146363,-0.018067734844767612
2022-08-29,-0.0020333604543726755,-0.0026128904455528404,-0.0022888052626837906,-0.004441415296266028,-0.001945795800034232,-0.0038531275612719803,-0.00499861456567354,-0.005012667158192883,-0.0038589574835656277
2022-08-30,-0.004659376449958314,-0.005192688567523934,-0.006064701543895582,-0.009151611482631453,-0.0022678019436713904,-0.0021216509029859786,-0.007948463395358136,-0.008855569079239319,-0.01015246787837391
2022-08-31,-0.004190720783712504,-0.0037691946024905913,-0.003654027000407399,-0.007176057532117457,-0.004240529323788831,-0.004256777018874357,-0.006626255643811213,-0.006230778814460296,-0.007391409666837185
2022-09-01,-0.0036964142600394694,-0.0029803244945018122,-0.003747577795113646,-0.0072486240397307295,-0.004495434495938738,-0.00551391924646417,-0.008217614674453132,-0.00678256859557319,-0.0066712726343761426
2022-09-02,-0.0011119943702953194,-0.002029388105338257,-0.0021286847849288056,-0.0029506352782402174,0.00158457101164959,0.002432708299324682,-0.0002686014705639798,-0.004794146310515152,-0.003581058193212444
2022-09-06,-0.003711070127897319,-0.00346455990719316,-0.003451981564114519,-0.0075414817121020475,-0.005865730964703697,-0.007928432261360445,-0.006964487601411084,-0.007959800132266777,-0.006564941079886892
2022-09-07,0.005468110947231159,0.006482207870310005,0.006234021041413809,0.011092003166148348,0.004900137174361489,0.005796335877543819,0.010204510877332698,0.011819669415718742,0.010239907799638237
2022-09-08,0.00047066363775148765,0.0005385042706640043,0.0005048834079279709,0.0003454910351125026,-0.0013210821147781188,-0.0015869076887588672,-0.0003423851165397,-0.00048579957569839307,0.0012062119300709374
2022-09-09,0.006654100729696263,0.006926770157933409,0.007588013533821003,0.012490022262949322,0.0030949324798563603,0.0029856275177120545,0.0122460018705233,0.011570925231134985,0.013442687259987565
2022-09-12,0.003400581295873453,0.003957619279485081,0.00472170967903368,0.006828033506979522,0.0003676536561584787,2.345104297924216e-05,0.00537455328391178,0.004881468087644369,0.007642383164033528
2022-09-13,-0.012330167415970313,-0.014221314115159703,-0.01525718791465778,-0.024690685859234843,-0.00544083368964408,-0.008313240879676028,-0.02073846754041332,-0.021504800031691824,-0.02634119765792459
2022-09-14,0.001063745335809202,0.0009489237743826928,0.0007527912733424519,0.001910352115956885,0.0011124049981747805,0.0012866443618641122,0.0006921223921792137,-0.0013512867996914168,0.0020302429651172797
2022-09-15,-0.006261088881307232,-0.006622903322983031,-0.007090108452111536,-0.011423933830530624,-0.004206213773321858,-0.004661435172517644,-0.011457953649567532,-0.010216485713422065,-0.012298232793850403
2022-09-16,-0.0016295483318290531,-0.001843708871607232,-0.0022448951836518496,-0.004010661765793388,-0.0008283687755359021,-0.00015672002192363316,-0.004146319942599681,-0.005307885756672038,-0.004081215416216614
2022-09-19,0.0017068863512073873,0.001855811598353656,0.001948530465001537,0.003176821329208365,0.000906470357934284,-0.0006340331365097559,0.002890021194201406,0.0034098375781129097,0.0034884421091447115
2022-09-20,-0.005131246248174993,-0.005510111675744642,-0.005624211995191267,-0.010319072774958825,-0.003918783995485566,-0.004959803715453146,-0.009581102428231562,-0.009951225992290775,-0.00975947899464368
2022-09-21,-0.002856532463184129,-0.003830564126307428,-0.004481209120180718,-0.006364773088285251,0.001665348011575086,0.0009261980724929399,-0.007041584562064872,-0.009013214627214316,-0.0075350535461405806
2022-09-22,-0.0049919440591614595,-0.005067175680294313,-0.005216008880361155,-0.010237047858911238,-0.006088553504278523,-0.010152120627948343,-0.00995846214350869,-0.010650881893426247,-0.009291263199113492
2022-09-23,-0.008110141133111563,-0.008563499696524231,-0.00963857808865028,-0.015800055118208887,-0.003723798164794086,-0.0023612702163531302,-0.015360821820789398,-0.017070829361591353,-0.01643402493511946
2022-09-26,-0.007812189184353879,-0.007951114061923312,-0.008109023084875749,-0.015345045849998884,-0.00785410147901123,-0.011768495735788148,-0.01454658416754082,-0.014848005119906181,-0.01435911450648061
2022-09-27,-0.002153394503490813,-0.002236452735932804,-0.0014235205719309776,-0.004814660536240255,-0.004221362905257748,-0.004259579472513739,-0.004906611257656049,-0.005135118535786573,-0.00334558899046285
2022-09-28,0.011796485032380927,0.011736198626371699,0.01200060801756316,0.022032538963720386,0.011961242187791024,0.016598343517898222,0.020180626151419537,0.01959312137608891,0.021195444538476233
2022-09-29,-0.00697127494871445,-0.007928984318599862,-0.008349418124023214,-0.014158809405808654,-0.0034741225836972048,-0.005490588812812428,-0.013949998419789555,-0.009864765288116603,-0.014456785695156607
2022-09-30,-0.0031461328893953554,-0.0031850376278374525,-0.0030212697553487285,-0.005918460979582209,-0.003216772858697223,-0.0032564754464314357,-0.003763769813812821,-0.005873132809949526,-0.0065107889574603905
2022-10-03,0.010324480557426283,0.010618516044790471,0.011132387498588418,0.0195201565001945,0.008868065548946346,0.010683449311845405,0.01852690431928698,0.019438836073150327,0.019446481383396528
2022-10-04,0.011225887844677122,0.012014662125106273,0.013039994437676797,0.021581197684950655,0.0051114889333269565,0.005363704254097548,0.020957565612826214,0.01261106275559858,0.0221412114350575
2022-10-05,-0.0022740630713319154,-0.002425729260698124,-0.0023184914162933633,-0.004857938621472362,-0.00249014369193085,-0.005256864811735041,-0.004315182285173295,-0.004943472406954425,-0.003564266764547529
2022-10-06,-0.0035572870735181253,-0.003987920465442903,-0.0038529696312391494,-0.007231040928897576,-0.0016575321670580017,-0.003559815565886355,-0.0060230443012127665,-0.008305718146675608,-0.006624378599585364
2022-10-07,-0.00802421731174334,-0.00920842601262125,-0.00948008212876121,-0.016263605912502668,-0.004764245081606503,-0.006064850799709203,-0.018304908778023793,-0.016976882216777817,-0.016200173847552776
2022-10-10,-0.0052048296522743745,-0.005521420050377683,-0.005584572458257922,-0.01016501846473259,-0.005515111234837139,-0.00529227224294925,-0.00957109317055607,-0.009872827765327424,-0.009635467131282606
2022-10-11,-0.0016954773362272298,-0.001829205017963953,-0.0023008591017114593,-0.0037591520550995126,-0.000360047396057628,-6.348302911730984e-05,-0.0020547655547343865,-0.005308960141470077,-0.004537281050792484
2022-10-12,-0.00015108151465667637,-0.0002832581640488002,-0.00023444359948556907,-0.0004135797203724296,0.0012018020159506038,0.0017994128895121358,-0.0003151749954115268,-5.109841079917664e-06,-0.0005788144571880556
2022-10-13,0.005098864179034015,0.00558382585284937,0.005969837741128257,0.009412408405809208,9.719979856865447e-05,1.7934913107033698e-05,0.007842414692450526,0.00797115829605835,0.010783622890328167
2022-10-14,-0.008489913454754404,-0.009083738640709384,-0.00988849238369711,-0.016251664798553223,-0.005190289591780571,-0.00670029502617064,-0.013409717774701823,-0.015046305957240705,-0.017021367268593848
2022-10-17,0.007941517178175985,0.009177549104260283,0.009854187304036078,0.016046347176845912,0.002186700505725722,0.0035465888860525883,0.014456556864482583,0.022113111094678263,0.01608986676427139
2022-10-18,0.002490969225545653,0.0027776173394638832,0.0026397137770715427,0.004902116793649268,0.0016131846670942433,0.0022167991655448107,0.003131244114868228,0.003794974167869889,0.004589992107748227
2022-10-19,-0.005898846781085471,-0.006291018160831036,-0.006604992272597709,-0.012490880229745526,-0.005815846919385962,-0.007298476851368228,-0.011993750952202625,-0.011733011741840755,-0.010947963102857486
2022-10-20,-0.0028623237998933425,-0.0028111908771549883,-0.0026660622703726516,-0.005526199806297133,-0.003906766130836676,-0.005144816146763679,-0.006143048446346151,-0.005093493835209615,-0.005041118242582428
2022-10-21,0.00564377536038325,0.006120258986742122,0.00670637164185602,0.010471296612545221,0.0015131651772935318,0.0036053886383522033,0.008440987014196173,0.010728355810544918,0.011424345573168963
2022-10-24,0.0005471013423129973,0.00013275324802966513,-0.0005002174965471697,-0.0016946583746506169,-0.0005645836200044596,0.00013585055152515204,-9.502873961213992e-05,-0.0009435142622107147,0.00010859332576432298
2022-10-25,0.009052537546702509,0.00927359422709316,0.009530464614141308,0.01701700629383208,0.007272911128677416,0.00963425452710095,0.016251777274749597,0.016223549270291567,0.016072432188102604
2022-10-26,0.0014891096469969172,0.0014543714299529388,0.0017624635055300186,0.004350122733774406,0.003256114391201813,0.0024371317683720287,0.003776436467694219,0.004138514174585676,0.0027677349800449584
2022-10-27,-0.0005660218651251411,-0.0006673835800258302,-0.0010311979558327536,-0.0007910546604224481,0.0021527750840061688,0.0031868569168899182,-0.0006656163470191126,0.00013911387943808443,-0.0018342871341020688
2022-10-28,0.00421981347556749,0.004510989225681399,0.00456176079880236,0.0065418240665758385,-0.0005494410405416569,-0.0007863201190433875,0.010117107467700144,0.0061090189629521225,0.007829688538964789
2022-10-31,-0.0036581286763012143,-0.0038476698087159247,-0.003405477412402661,-0.006584848323666153,-0.0036946459012927517,-0.004243826425932397,-0.00706673734719367,-0.006654078662528411,-0.006449542740241097
2022-11-01,0.002053492065269032,0.0022388257468289358,0.002234905578219644,0.005022341825859163,0.003021847026778348,0.0004897079358117289,0.004371581392319562,0.004029532416635833,0.003958657469300258
2022-11-02,-0.007396995580837614,-0.007872255748981464,-0.00869918729901029,-0.013498852483057303,-0.0029197979148371375,-0.003693146600420531,-0.01472943968091483,-0.012253941509966183,-0.01416487777092345
2022-11-03,-0.0033972641915073903,-0.0034263059096621084,-0.003284228140143005,-0.005492969355961138,-0.0025718701641924972,-0.004153210635663488,-0.004927392301018639,-0.005244462179660699,-0.005892987905866455
2022-11-04,0.008089167882521658,0.008702794552555756,0.010101582004849063,0.016074548899938222,0.002862126736997195,0.001807074504521782,0.014732866160773473,0.015867889132778427,0.016795168581290883
2022-11-07,0.00018332954973412785,0.0003737698272819341,0.0003309251318046039,-0.00010645237568450037,-0.001839833407945944,-0.0017049592395512946,-0.0002763107261949329,-0.0008896975385204413,0.0005399064683218988
2022-11-08,0.0029396026377862044,0.002529952341014022,0.0027567102433060644,0.005512676898802483,0.0035477731213572655,0.004230822895510262,0.0043222840943491206,0.005283461411066662,0.0045428121720974225
2022-11-09,-0.006561195872681711,-0.007492590644764622,-0.008008617054148218,-0.012457291060300201,-0.0024170125554360284,-0.0011089321561489258,-0.013018083398721526,-0.010699342263187417,-0.013794808263308138
2022-11-10,0.02316333049934967,0.024375096068414086,0.025011554330474427,0.0424813230953849,0.016149284173531335,0.020839929104390652,0.04358999034841014,0.04567971016384831,0.04169299939733018
2022-11-11,0.0046206847747372595,0.005024437595663946,0.005533295733545258,0.009068145756945721,0.0017601308952659887,0.0011454136186059268,0.006948081893738695,0.003775368347474671,0.00970585255993281
2022-11-14,-0.004478984050869032,-0.005039887248363368,-0.005093885755017246,-0.008325867645737445,-0.002119962351933894,-0.002903325528340421,-0.008025583640169654,-0.007209839283851313,-0.008597809917340696
2022-11-15,0.005706042912526342,0.006141334137827657,0.00634479273229757,0.011520361352650471,0.005402030255043419,0.006593660255632107,0.010483430463031268,0.011089593917495862,0.010886485184752933
2022-11-16,-0.002054461040337487,-0.0028279165470262726,-0.003612349022300873,-0.003681922612357118,0.0025803109167477356,0.003107072076547458,-0.0027908183919164702,0.0014774982090760926,-0.005283925293905293
2022-11-17,-0.003213751701006341,-0.0032881669818166795,-0.0033690979348323584,-0.005938568984413765,-0.0037330225593148222,-0.004977561986097394,-0.006386789880688005,-0.006771420614949905,-0.005888310828476193
2022-11-18,5.751798755875042e-05,0.00039002617942850083,0.0002720291603458144,-0.00020174478355191135,-0.001539913249224211,-0.0021167800444363886,0.0027122352131180335,0.00013920277726139053,3.249745737963309e-05
2022-11-21,-0.0016609129447198367,-0.0016842529969988223,-0.0021215253668454797,-0.003470873495700098,-0.0005316706357360858,-0.0013068107094357188,-0.0021610439333901933,-0.0027545881423644697,-0.0037574216759394693
2022-11-22,0.004900911371541378,0.005070992807382667,0.0048437213325638155,0.008951282326210053,0.004408390736308741,0.005270903731342776,0.008741633722805042,0.008327194674669988,0.008968128145260169
2022-11-23,0.002785473969214972,0.0027860182775925396,0.002627895740817501,0.0058008263929628994,0.0038187781977959303,0.004009265137357572,0.006341371224560797,0.00547983767736397,0.00475646880428468
2022-11-25,-0.0005430550100003508,-0.000603198477145119,-0.00038944330493101106,-0.0008861499406933928,-0.0007731858124625911,-0.0008272878333287325,-0.0010060416659171062,-0.0013567305054504183,-0.001134447360150493
2022-11-28,-0.005621970379201809,-0.006247594387636051,-0.006702746163292084,-0.010345829639443365,-0.002273428690310347,-0.0018419189961057035,-0.0073385385818821505,-0.008905296436064698,-0.010872136754000318
2022-11-29,0.0013287476361688558,0.0017118218877775796,0.0023011653695456584,0.0029844308567660233,-0.0010389888601118802,-0.002459506726433335,0.00553265741679659,0.004406152979986084,0.0029388285598755544
2022-11-30,0.011454057054197418,0.012241651131366346,0.012793570579402554,0.02084513741446092,0.007076821076127719,0.010137716381744192,0.02128395446263139,0.018799142133939968,0.02181183436174953
2022-12-01,0.003155202918593056,0.0029350160482221224,0.0025005128413405405,0.006215392987183138,0.006837507014365178,0.006937224620263506,0.0046713783046273315,0.0077254550090711215,0.004593087121610682
2022-12-02,-0.0002894170196324061,-0.00020078034618571016,-0.0002932032373143228,0.0005409116432730257,0.0012967356080485913,0.0008769291600992917,-0.0002735918028785823,0.00034839991509093076,-0.00036564520710580906
2022-12-05,-0.008536913736294668,-0.00879882891112093,-0.009483377934176989,-0.01599310116163233,-0.006731499361835612,-0.008660805202171997,-0.013830696179689518,-0.014468984408209385,-0.016217452863497756
2022-12-06,-0.0033036614047307063,-0.0034863276725489566,-0.004037329123683948,-0.005050314064215713,0.0008602658524905356,0.0015043398297642646,-0.006987218445958901,-0.010746838388424697,-0.00676399038340852
2022-12-07,0.0016455157377637407,0.0017066401428089885,0.0009427036746684407,0.003349852766981498,0.004951976134210643,0.005263185586250163,0.0026499871355627758,0.0029432651709020144,0.0021146684619341633
2022-12-08,0.0017062445735498372,0.0020582904814830816,0.002525441370108305,0.0032847037426282726,-0.0005725915313528135,-0.0024414040720872163,0.004859284819506275,0.00200361943169619,0.003721371588961516
2022-12-09,-0.0023966144916911037,-0.002746157480594963,-0.002504900837205346,-0.005864024390355691,-0.0040446876721435205,-0.004912608398496337,-0.005262491617346155,-0.006022299672221787,-0.0051231651830486395
2022-12-12,0.002755327124491317,0.0028286546721761133,0.002808165424437068,0.0044250393664265145,0.0008404766399668553,0.0004625316855621203,0.005057833478345243,0.00457552444207906,0.0052220197959673515
2022-12-13,0.006427822354921147,0.006372061554961753,0.006748170911197018,0.011413513068522344,0.00557624747880564,0.007250861604081253,0.010656683374847582,0.009997178725717619,0.011169283272211372
2022-12-14,-0.0009280781234419443,-0.0011970919272162527,-0.0013128562817042392,-0.0016699228938133097,0.00039758854801856856,0.0011534201010474712,-0.002402688975582716,-0.001567405373904269,-0.001961659168476413
2022-12-15,-0.007707813747800173,-0.007668970145469583,-0.009403913837600272,-0.01432220692205578,-0.0023766395289827225,-0.001957161641580614,-0.011675563445675982,-0.013418394408745364,-0.015576565959122848
2022-12-16,-0.0040615520471194416,-0.00431571371964564,-0.004301353369593368,-0.007351328022240389,-0.002387906004273212,-0.0027603264995051564,-0.006868854547989778,-0.008352603890153043,-0.0075213214486622585
2022-12-19,-0.004272906049690466,-0.004504471872771228,-0.004329276263832202,-0.007973674437223773,-0.004416195561980968,-0.006278320015857888,-0.008145253083361932,-0.008018598020283662,-0.007651061124078911
2022-12-20,-2.442287133020229e-05,-0.0004506417872842453,0.0007439309560750023,-0.0009290414134509589,-0.0022672708578904046,-0.004405293782836165,-0.0005499887947834273,-0.0003289259970242005,4.808490249421526e-05
2022-12-21,0.004611503167193521,0.00473607943851795,0.005180228924908228,0.008701648704520077,0.0025888895949353415,0.0028698236338643205,0.0080730357677141,0.008465081970200307,0.009042285793118983
2022-12-22,-0.00497297246485116,-0.004869097454382602,-0.005690816427676467,-0.00877668789408629,-0.0025513800623466424,-0.0025877157530570373,-0.01039758654191765,-0.008526564268466664,-0.009697152251177529
2022-12-23,0.0016851678127493535,0.0012844053146463372,0.002176759549171718,0.002092854460960557,-0.0008947442533586197,-0.0017308232782891023,0.001055572911626581,0.0018183035951564522,0.0031300764517055643
2022-12-27,-0.0022105858614657934,-0.0024501447309069244,-0.001090466892540067,-0.003578599062037099,-0.003957181962463656,-0.006247465907704973,-0.004784042413896005,-0.004074293911212322,-0.002956962247132746
2022-12-28,-0.005292949274290628,-0.005730672285970988,-0.006222910607558675,-0.010402760639894244,-0.0031762147446628263,-0.0033296129303734953,-0.009794978346017025,-0.010955686186201916,-0.010376930127529133
2022-12-29,0.00687380138755664,0.0076523435368863685,0.008065028878227314,0.013466035767536515,0.004394885267702787,0.005263349418158339,0.013669395994856358,0.014809947581819806,0.013159306425184335
2022-12-30,-0.0009208095003292606,-0.0015391315639074657,-0.0013915797838722197,-0.0037133020227298565,-0.0013695330278270664,-0.0023100241256853557,-0.003189990303122202,-0.0031601129056276563,-0.00271332766768005
2023-01-03,0.00012578302008243907,0.0007208958280447228,-0.00021030254921612404,0.0018223710877768623,0.0029209205547160643,0.0035755672105132756,0.0019178537460358797,0.0020735151967262444,-6.694105054794796e-05
2023-01-04,0.00406594998848629,0.005309812222516545,0.005388769256745163,0.010161769162366524,0.003774621912524171,0.004872363661489284,0.010822398765973906,0.00961733401331991,0.008563379578878101
2023-01-05,-0.004469415256874192,-0.0046150472658037355,-0.005580903494059517,-0.007974976942882258,-0.0014609082480433366,-0.0022754916003334762,-0.007690977576756787,-0.00658079621071282,-0.008566720187010253
2023-01-06,0.009823229387803875,0.010556053389552737,0.010973854362693441,0.019182238548506928,0.008090577863728443,0.010755081455020268,0.018947980248334606,0.018975717917512302,0.018616851282053416
2023-01-09,0.002353241559697548,0.002329210237424963,0.0024176655714032752,0.004085392495583153,0.002209084013997731,0.002622828686788236,0.0032000549172180974,0.003547188275550596,0.004016191701789047
2023-01-10,0.0008338085970449634,0.000948561494899368,0.002047910799861359,0.0015690466667930896,-0.002014664485863378,-0.0029337521226333887,0.0026549576862220196,9.524734588017135e-05,0.002470377694989074
2023-01-11,0.006805317081404906,0.006984001488396436,0.007182345520947233,0.012015489503147939,0.004860340709836241,0.006078908948172651,0.012965114050739975,0.01168971553515655,0.011949252320215178
2023-01-12,0.005335688611198341,0.005420359484184905,0.00571949116535835,0.010233208935620646,0.005691032961250293,0.006602461490629112,0.008990479122834813,0.00975698448000477,0.0094638851884963
2023-01-13,0.0014103657678851784,0.0014595190180682956,0.0021786083293007744,0.0022275796695171153,-0.00022421752863684526,-0.0021046526229406637,0.0010893943292581009,0.0007989873339523333,0.0030438291998982465
2023-01-17,-0.0003423804176629147,-0.000576771379826287,-0.0002500792919977138,-0.001418633872529448,-0.0015660429116682497,-0.0017071906773836625,-0.0009871703821861732,-0.001611962597746458,-0.0008355972676211347
2023-01-18,-0.001520091575920166,-0.001999915880566573,-0.0035368203436012533,-0.0027469257047186796,0.003755585100931996,0.006780962760162663,-0.0005756939180240734,-0.002239065381550936,-0.004720325578563365
2023-01-19,-0.0006472473825906697,-0.0005452862329899283,-0.0004904015726177448,-0.0013650121613472653,-0.00014548886686196284,-0.0015545568786445175,-0.0025213141818611826,-0.0019125236747980306,-0.001249632078132884
2023-01-20,0.003262565390961416,0.00403473991102269,0.005274988653525301,0.0062335994166387194,-0.0015880103497878126,-0.0016537771589515717,0.005887194518829485,0.00567521144226859,0.007670646285657859
2023-01-23,0.002668691054571409,0.0029777560085249457,0.0037984462524521963,0.004626658284036336,-4.817564748274658e-06,-0.00013732470827612766,0.004051864733207604,0.004456829247040523,0.005647626753955329
2023-01-24,0.0009467598361829813,0.0008058007894929384,0.000251649569750124,0.0017273752032745794,0.002598488167239651,0.003261883226260783,0.0025327841412900298,0.0017864547084649948,0.0008789945506956239
2023-01-25,0.000531830173773312,0.0005456771765761511,0.0007245381416202951,0.0012117331065300005,0.0006641809501994691,0.00015528061663401034,0.0009591612800003659,0.0009252788189911442,0.0009916864562192244
2023-01-26,0.0028669700696239138,0.003497384486973503,0.00399631373821701,0.003920763292886302,-0.0004534004701290105,0.0013175770467532425,0.001925870246461803,0.0036237951091380124,0.004726257890777038
2023-01-27,0.00036426441123702116,0.0002895685665255049,0.0007453020317182982,-3.163850282744004e-05,-0.0010223013987932861,-0.0015516788248428664,-0.0005641289246270473,-7.994906697218691e-05,0.00037014010697250825
2023-01-30,-0.0073823032679437685,-0.00816959022957677,-0.009108132533998352,-0.009847003624154846,-0.0026702324580055504,-0.006288166784102853,-0.0070125816431198815,-0.009478542923879932,-0.0102712280373263
2023-01-31,0.008959766547492679,0.008590878382836066,0.009745901534229032,0.010553144136837068,0.004108174861814131,0.008440562006725428,0.01000536938538073,0.011380501891021381,0.010994438493062487
2023-02-01,0.0064250537041806435,0.006760487811354946,0.006632135393673101,0.009013458680809383,0.004325536921539726,0.008338156176207746,0.008531070747015878,0.008153876809650393,0.008473833850585628
2023-02-02,0.004763748115650688,0.004673911717725102,0.005418247619673093,0.005431115451179572,-7.157947890381534e-07,0.004315377656780873,0.005891758185164277,0.005150115398996374,0.0066604250662083255
2023-02-03,-0.011905107000377403,-0.012071848830946417,-0.012141880883786038,-0.015009194997334828,-0.007498898971765044,-0.012029925943867177,-0.014105921987887446,-0.014343036351101318,-0.01477469053139662
2023-02-06,-0.003330935986966834,-0.00371108767885193,-0.0040890469072625965,-0.007223727674461542,-0.0026578215413285483,-0.006437098527084598,-0.006125906261405757,-0.008243194875879269,-0.00669150190454527
2023-02-07,0.0031148303489756096,0.0034202011807421165,0.004026332163115001,0.005083246134754867,0.0004914748002412477,0.0006619028937873492,0.004295142148873028,0.005707793961364849,0.006550133550950681
2023-02-08,-0.001985222156712241,-0.0024042411898100515,-0.0030597007069025884,-0.0038196394682400484,0.0004121307138716593,0.0008147398543387223,-0.00520824050676145,-0.003981179969002886,-0.004848800247941013
2023-02-09,-0.0039560515944222505,-0.00378933177442731,-0.003917390319786424,-0.006776308683583977,-0.0036976323291069545,-0.004200780279875477,-0.00698033329519583,-0.007056575259651601,-0.006852709580706846
2023-02-10,-0.0008929390841599015,-0.0010132790657519685,-0.0004674589098027208,-0.0022885519274466,-0.0019835193165158313,-0.003159149465366284,-0.002587620620841869,-0.002439681778929215,-0.001341014017405921
2023-02-13,0.0032097861157130586,0.003680731791563889,0.003941422342449189,0.006377843158769205,0.0018401669975035887,0.0027445627711154166,0.006371297909132886,0.0064785418466462436,0.00655100370216579
2023-02-14,0.00012328176183322757,4.046825304533273e-05,0.00012500747322176836,-0.0005375290057985433,-0.0004567782976850498,-0.0019242080306467212,-0.0004285666773477587,-0.0005430659210573159,3.9051512215853624e-05
2023-02-15,-0.0009701112575445388,-0.0007555142187536463,-0.000541388901046233,-0.0021893034223090004,-0.0024706456524119405,-0.0020649530614222276,-0.0017558158053037206,-0.001877093581998288,-0.0013579731901358352
2023-02-16,-0.005547617987329633,-0.005674587573799708,-0.005289215047173058,-0.007846638619655748,-0.0037340218183941035,-0.006766785622778808,-0.007913031266302484,-0.0075116982433769755,-0.00806643002748612
2023-02-17,-0.00010762639454930091,-0.0005895772174833715,-0.00079811177638364,-0.00043920175714437976,0.0014562458699361601,0.0017533449858068584,-0.00034215720541575336,-0.001349607245698898,-0.001104285310175439
2023-02-21,-0.011094006343101686,-0.011923821343578656,-0.011899529367391302,-0.01506270649907426,-0.006328442381996928,-0.014154779362703535,-0.01565670419568716,-0.014369448572432145,-0.014717651909275634
2023-02-22,-0.0006671961082293573,-0.0008098184023684861,-0.0015331462989362312,-0.0013095630907899894,0.0009202467510121923,0.00047942903775772237,-0.0018152720011682857,-0.003426899146283252,-0.001879683056689406
2023-02-23,0.003717152358800054,0.003826964988801816,0.0037146284920686105,0.0064068856773011156,0.003312398170555118,0.00426738432773612,0.005964962213660888,0.0057207771840629175,0.006150605994949544
2023-02-24,-0.005563315374135223,-0.0063371628210611595,-0.006675728415834631,-0.011450114665936775,-0.004101917742473896,-0.005722840405645033,-0.012273800701950008,-0.010685125705172943,-0.011026722058985203
2023-02-27,0.0021831638659109975,0.0024041545953515197,0.0025743048326490716,0.004178572617792158,0.0016481409268593293,0.0023605729131391897,0.0038401375835603628,0.004237565120859541,0.004112088756041542
2023-02-28,0.00010344588099782266,-0.00037506854301664087,-0.0003530516076908813,-0.0007131675883536077,0.0009832578293104473,0.0009066742707384459,-0.001175416556185757,-0.0008411762839440854,-0.0007525419120956897
2023-03-01,-0.000943303026481091,-0.0005469022345120205,0.0007018193882851188,-0.00010292598486564313,-0.0016428538482724942,-0.004749993414795539,-0.000540590043440918,-0.0008529504347014602,0.00016786537829224394
2023-03-02,0.001013123005119574,0.0015943766995961132,0.001423943163784999,0.0017007497668493701,-0.0009793630923368758,-0.0014010900534821944,0.0016670573336459045,0.001777446610893888,0.00227189976274165
2023-03-03,0.010159464838936948,0.010372487341461628,0.010198081656063564,0.0140414973087158,0.00714245105866671,0.011396636770316534,0.013225042828428155,0.013422848560261663,0.013832014625082458
2023-03-06,-0.0018176693439062447,-0.0018755495789538528,-0.0026030131941123303,-0.0037614784417997634,-0.0017030307418293875,-0.0018579648123855505,-0.0041811322250819944,-0.004093122125978848,-0.003455695359269469
2023-03-07,-0.005664585748196441,-0.006425339088625632,-0.0074812715991597325,-0.011543121164665352,-0.0025490643509057252,-0.002226338075093083,-0.011520802809803526,-0.010651774623776953,-0.012272952949584021
2023-03-08,0.0005807226431198681,0.0008914391821690191,0.0009941955482234439,0.001374749904786001,-0.00035291368318839746,-0.0002419667112782529,0.0014543060930738588,0.00209024050669979,0.0014364393397601457
2023-03-09,-0.004385455935389985,-0.005713186361323193,-0.0066416240458946575,-0.009727831960272305,-5.9752742986767874e-05,0.0014379048731111082,-0.006666063999227997,-0.009586975662025626,-0.010622836378523124
2023-03-10,0.0004615721679584952,-0.0014714775909814971,-0.002632096198345959,-0.0005718491605998033,0.007971490463529986,0.010401004427874937,-0.0013834302165332331,-0.004577545653458085,-0.002573306278665969
2023-03-13,0.0015271828036534565,0.001179702909461309,0.000862697525486832,0.0019815515580175564,0.0026808208825988846,0.006716522971689087,0.0008070650761335834,0.0025290605980341045,0.0018162586159352488
2023-03-14,0.0019906744908809136,0.0030450893950331763,0.0030876922515699896,0.0034361515843249505,-0.002461543296260902,-0.003555567699413243,0.0048005341397742264,0.0033802408326870795,0.004676286195297751
2023-03-15,-0.0007461801087953258,-0.001957219997111136,-0.0038562529505774983,-0.0034920700076318564,0.003649367371253419,0.006802562522044505,-0.0022071489126123714,-0.003170649860194965,-0.004267449502060785
2023-03-16,0.004199827604450088,0.005377238578610075,0.005734597457881421,0.006597473036298945,-0.00016232292574424326,2.9695153579536288e-05,0.005173494292138937,0.006395619780296446,0.007876270126523994
2023-03-17,-0.0010059276237656717,-0.002642552374248641,-0.003229529002523762,-0.002690638277611397,0.00437094715749005,0.003173968806869204,-0.003504257229774128,-0.0023821869745885766,-0.003300460443415954
2023-03-20,0.0020353227263149518,0.0028667200571366055,0.003709677215300999,0.0035450440323870867,-0.0011477816630003023,-0.0017845517476127773,0.005422107346729026,0.0038130165999546986,0.004050605920939587
2023-03-21,0.0023727192482595103,0.0037745581139426872,0.0034690397201008975,0.004040808633356528,-0.0011867479837226979,0.0025285618662447516,0.004311295705922862,0.003347046498981568,0.004653249600960005
2023-03-22,-0.002513088963800307,-0.004139695904672202,-0.004909533620400143,-0.0035960603939243804,0.003910752150565958,0.0034355835000847673,-0.010278107764289762,-0.004137686825757351,-0.00486794372363229
2023-03-23,0.0019967790341182913,0.0020840788906060673,0.0024413184928657613,0.002688990109374501,0.0017119996934727192,0.0019311658848205143,0.00044996970494106243,0.0020721031765225514,0.002976418729564001
2023-03-24,0.002506225012977157,0.003127110360335318,0.002842146848378537,0.003196420710767361,0.0003471162006145649,0.001987329036579634,0.004715501766040079,0.0027589713344617303,0.0030444834787710278
2023-03-27,-0.002607240482191074,-0.0018827217042189414,-0.00019350429220301883,-0.002653785543944082,-0.00468940642924676,-0.007767939610223736,-0.005027348491230455,-0.00300989596345194,-0.0015071448595443359
2023-03-28,0.00044004199056425693,0.0005220228281365453,0.0011976789805215,0.0012596333434602741,0.0006508824955501013,-0.0006770995978587402,0.001130299806729183,0.0006627499218203033,0.0009034944401458703
2023-03-29,0.0055049531512273465,0.006258022718889112,0.005977650724512886,0.0069123634867675355,0.0009206082838468599,0.0050399876535632835,0.006255429274617889,0.0058688870249746705,0.007217050611701715
2023-03-30,0.005245693533425015,0.005513170441211324,0.005775398849169654,0.006505922631117593,0.0024224027319317415,0.003845296152291559,0.005327404969170055,0.005389257052290783,0.006540635664434947
2023-03-31,0.008239660771709838,0.00844708917821664,0.008283190526899801,0.009844273640925888,0.0042888879731749945,0.010016868099501596,0.009280750259436654,0.009302561023980261,0.00978687755584784
2023-04-03,0.0027301840486548736,0.002535518516477004,0.0026743599650657264,0.0035040427706601357,0.0026996503211474277,0.003782574147072453,0.00314086611366414,0.0034289223700892115,0.0034079523036471713
2023-04-04,0.0006866277483128549,8.54634238730788e-05,-0.0009252057174479421,-4.6247377052488705e-05,0.0021922815570199574,0.0007886847000200609,-0.0004033254557104506,1.5486766992343597e-05,-0.0004343771879326046
2023-04-05,-0.0015414938929452367,-0.002010417226533379,-0.0030389670131692327,-0.0022716604520123455,0.0013480076264518813,0.001011449112809923,-0.00275511207132003,-0.0018688557287545628,-0.0027647984065750646
2023-04-06,0.0014708825723495594,0.0017615303875470343,0.00184227377478721,0.002008719497381045,0.00019128000660593517,0.001713772517726531,0.002488519433298414,0.001921530502547859,0.0019672248035027353
2023-04-10,-0.0019112017747483874,-0.001589981571525095,-0.0002710780592025466,-0.0019092800221816135,-0.003498805377932854,-0.005170402040972532,-0.0015071807120627648,-0.002127272679769772,-0.0012753387787230012
2023-04-11,0.0017026082506250545,0.0015636545742339393,0.002141987405884403,0.0025457072314101514,0.0009302327408999572,0.0005138666600786035,0.0020704555803537977,0.002274830302709346,0.0021699669763342094
2023-04-12,-0.0006218653723134958,-0.001096962764541547,-0.00109402060588532,-0.0011286532362541014,0.0004664300510767744,-0.0005230727946760746,-0.001587541857847335,-0.001240194696563301,-0.001217292343128135
2023-04-13,0.005209137045842754,0.005917062388865163,0.006603646028219754,0.006681729023334233,0.0011315006439700885,0.0025807132174598406,0.007029812085420163,0.006176424585581284,0.0076177680054467034
2023-04-14,-0.005265674850103897,-0.004600107964890957,-0.004668812290197719,-0.006209110296519253,-0.003042890855135863,-0.003653555887885498,-0.0054685563336161385,-0.005734021060409824,-0.005679827991494709
2023-04-17,-0.00010058772694578284,0.00012437260631369655,0.001466370796134646,0.0003991611444336238,-0.002818627071457,-0.004412152434002069,1.8310845812085605e-05,0.0012337862052325796,0.0007751773053174223
2023-04-18,0.0010296989576514702,0.000906968520727215,0.0005801670995544536,0.0011175448310755962,0.001301105132471803,0.0017374614169718818,0.0012856216742572625,0.0008695041680501727,0.0010165841409414404
2023-04-19,-0.0020657082638811646,-0.002585999349860695,-0.0028198363878075023,-0.0031184378248706396,-0.00176757807273765,-0.003173084888791057,-0.002817662910472189,-0.002629274843011254,-0.0030022000506321573
2023-04-20,-0.0009974127830404953,-0.0017479941631891713,-0.0026747783944380027,-0.0014392689881144137,0.0014675530093763458,0.001461204292450854,-0.0005827555376800959,-0.0016390968428260167,-0.002299052544750092
2023-04-21,-0.0011641112644362914,-0.0010900495617431137,-0.0008825087874397051,-0.0014575736771923345,-0.001231444913980253,-0.0004507146999876124,-0.0013784329398184782,-0.0012769588850753669,-0.0011592850161340283
2023-04-24,0.0021223584396311977,0.0017742783084221901,0.0013975667660882946,0.002289749583310706,0.0026351867088097226,0.004107713117533393,0.0021020789077257247,0.0019425416226352015,0.001920967783390149
2023-04-25,-0.003870435681405059,-0.006391295909306871,-0.008831941054842057,-0.00700215629539301,0.0018761493087248195,0.0009851114950050594,-0.007785866718043651,-0.006126344046265108,-0.008452147984192105
2023-04-26,-0.004201650540285644,-0.003452798903748981,-0.0035737354820247168,-0.004668364471938936,-0.002987622629004868,-0.004754008062988292,-0.003818490048066452,-0.004724872930967518,-0.0042465046030027076
2023-04-27,0.0055446761496411754,0.007389675247539786,0.008683554385608095,0.007774059214791273,-0.0006452924888532263,0.0009561819073955469,0.007750150389586255,0.008616844175236133,0.009144631152605207
2023-04-28,0.005758134133827474,0.0058111498858810446,0.005630271940152484,0.007177863488098313,0.004161232367512048,0.007858404036648479,0.006864990047500764,0.006714189871840217,0.006697342544524237
2023-05-01,-0.006212819479844216,-0.005381032035825738,-0.0043800079392474515,-0.007376844119597313,-0.006434852315796429,-0.011032803160118699,-0.005715054855765688,-0.007159879060484037,-0.005965706180766508
2023-05-02,-0.0007022080884400749,-0.0029594397805761865,-0.005497070180159523,-0.002640075014824145,0.004876551922525485,0.005274128889922628,-0.00038547831546957464,-0.005461196689421547,-0.004308962033649022
2023-05-03,-0.00025000445162932163,-0.0012234833506951511,-0.0011582242406750769,-0.00031271406017628454,0.0012572664186295426,0.0007375673766697422,-0.0014261933509158717,-0.0006778742586067206,-0.0010665658734396555
2023-05-04,-0.0007430999974428522,-0.0008438176269291554,-0.0004250552066310506,-0.001030595123212547,-0.0009584826571856722,-0.0031571831154683042,-0.0010884735236062985,-0.0016970079492541347,-0.0010237039420777632
2023-05-05,0.006153249642804508,0.008205256295896182,0.009775450300295908,0.008944373709992648,-6.690842508963582e-05,0.003077839717622169,0.009619083865486525,0.008454603365328928,0.009943281143725922
2023-05-08,-0.0018326754485959657,-0.0013017796382820087,-0.0007768052429020457,-0.0024041147381996548,-0.002419363859188477,-0.0047203831983318,-0.002950183024719256,-0.0024360286402011003,-0.0014369261930934573
2023-05-09,-0.001121442693812411,-0.0016624114692319278,-0.0018647836379050975,-0.002148928055586255,-0.00019625816452332724,-0.0019601195647168082,-0.0019085438336078335,-0.00235637465311909,-0.0020591040468395595
2023-05-10,0.0040333066062010195,0.003675136144826814,0.0032667245683701833,0.004518626023018891,0.002978191245568194,0.0066846433165101094,0.004692689551377639,0.004249301821714556,0.004225843406203858
2023-05-11,-0.002145054519399875,-0.002281046148380138,-0.0033369328079138113,-0.0027084058231747503,0.0005170494890667717,0.001656957458073852,-0.0024769717894447705,-0.0020792948275484345,-0.003122264294496301
2023-05-12,-0.0032933763961024514,-0.0035106268064028813,-0.0034366329115935535,-0.0045426074676392135,-0.002653669411866046,-0.005148952993416008,-0.004523419560298288,-0.00406401936300112,-0.0040105135363962706
2023-05-15,0.0015280993307700114,0.0028853117069822373,0.004414136762016786,0.003396298238070691,-0.0008209165901167945,-0.0015089988438859738,0.001550477520006313,0.0033768292973390206,0.003893046617524858
2023-05-16,-0.0066607238690275985,-0.0063669235726618095,-0.007294248016617539,-0.008662626245014448,-0.0028349240764772386,-0.004789213698836779,-0.007603135373419967,-0.00810538688310846,-0.00815167081585044
2023-05-17,0.0044057238475651295,0.005257957612688076,0.006519667092981922,0.006162731995539751,0.00043040387526228446,0.002144347620167755,0.0044024562901751225,0.006601458410287653,0.006888301899628125
2023-05-18,-0.0014216246283690582,-0.00017596330724323558,0.00019837317958091804,-0.0014052900634117424,-0.0022947418633199627,-0.0014388522190589862,-0.001982451326607031,-0.0012161292423467293,6.704345367333597e-05
2023-05-19,-0.0003576233271988875,-0.00032199579431649316,-0.00027612165896440295,-0.0006049935797437074,-0.0005217745460613051,-0.002162927740955108,-0.0012348237155583456,-0.0007293604628494972,-0.0003904418466584131
2023-05-22,0.0011891356544928514,0.0017449561439286877,0.0025840999791307824,0.002306510714006896,-0.00023337166924679376,0.0003826545301562004,0.0017792515288299936,0.0019866356185467365,0.0023237912091405846
2023-05-23,-0.0025154495955789355,-0.004418103322212352,-0.005273136171947802,-0.005156734479517402,0.0001711439755550499,-0.0015497007777698607,-0.005095464064609032,-0.004504775098350322,-0.005623337089894755
2023-05-24,-0.005568075613904165,-0.005884495774787935,-0.0064859819806558465,-0.0077542194036189565,-0.002247261335360154,-0.004458120474640776,-0.007984177301717982,-0.007753983936421846,-0.007359941886583278
2023-05-25,-0.0012192245807915029,0.0005400865274729763,0.00010076703840198297,-0.0013826758680461017,-0.0017607952451361845,-0.0011435751203374418,-0.0010508947442654352,-0.0008270211407428764,8.663066159961844e-05
2023-05-26,0.008299985220870703,0.009520191564348792,0.010408412370694384,0.010703925561099373,0.003602773344179955,0.007199420201013265,0.008815967835493354,0.010317989515669496,0.011464197062699542
2023-05-30,0.0005465849015419105,-0.0003595609962313783,-0.00169486754364694,-0.00033886299953443465,0.0023587855057253127,0.004437355151265683,-0.0010595232531789055,0.0005982083155655862,-0.0008154921677887259
2023-05-31,-0.0015375397812525892,-0.0026539727805839027,-0.0035510189329318754,-0.002741059078662141,0.000865186344752533,0.0004106542403810705,-0.0035013873939931848,-0.0025908825715487893,-0.0034137642816414364
2023-06-01,0.006418361318485939,0.007300131070561739,0.007966720679870849,0.00867826695394911,0.003081943553926896,0.005476647548708741,0.0085646375459783,0.007993644151049127,0.008876546302801403
2023-06-02,0.004495757615948841,0.006333430856954505,0.008672709910345175,0.00784032145133974,-0.0016920892825030133,0.00015307706552161645,0.00881238877167151,0.006266504276731486,0.008340872254297096
2023-06-05,-0.0013602925876704986,-0.0014787157917721433,-0.002163342412122062,-0.002458210183191613,-0.00011619360665189696,-0.0012995228304118085,-0.00171328486502333,-0.002465591604673488,-0.0022342620410773085
2023-06-06,0.003406548254383528,0.0035607255684990346,0.004931840924658274,0.00561362444568712,0.001313732256552919,0.0021047384852089204,0.004891662409705148,0.005365190893807655,0.005090126342584473
2023-06-07,-0.0031788274398507287,-0.0035176977008277393,-0.002049156022856627,-0.0034312733707366435,-0.004290074137693841,-0.007367122098614389,-0.004379872915242345,-0.003279004028810745,-0.003531964687534926
2023-06-08,0.005011284941933798,0.005236754138217381,0.004581899891514114,0.006023787664277721,0.0042719353732702465,0.006929595799811076,0.006322143693012271,0.0051044969583035615,0.005933196637558177
2023-06-09,-0.0017704485066901406,-0.000971982992273865,-0.0013207167728112401,-0.0018002235032049015,-0.0009582520446629206,-0.0014788230283733692,-0.0021360692626693754,-0.001938558433247339,-0.0014689249812508177
2023-06-12,0.0013041891825425534,0.0027592784654982844,0.0023663062021860638,0.002398773549036696,0.0007018532808423842,0.002384747570367405,0.00262883644957511,0.0026000338334721713,0.0031494850717970306
2023-06-13,0.002073741367050998,0.0031575151272294003,0.004168756353142694,0.0031093251275580206,-0.0015725747279352123,-0.001586215934175151,0.0021720277121875997,0.0026446682001010947,0.004057974839075323
2023-06-14,0.0017738552438207487,0.0021209354402021317,0.0018458641923259943,0.0023410344006437613,0.0016249112736954376,0.0025452706663235585,0.002195376062520909,0.0019876154994873576,0.0022409007369009405
2023-06-15,0.00804701562144963,0.008198962080183368,0.008262622971521813,0.009682847200954806,0.004745524606557543,0.008714171210324069,0.009203142469751789,0.008619823222427674,0.009801077159125666
2023-06-16,-0.0008739204078920587,-0.0016555861029699105,-0.0015914143535123325,-0.002132617027467191,-0.0008579954758958263,-0.002457051173876597,-0.001976652214704941,-0.002096067654255675,-0.002051167572192112
2023-06-20,-0.003438834647031855,-0.004134438676923132,-0.00513872046556902,-0.0053501840595862075,3.374053234991684e-05,0.0006540855339194099,-0.00534034785806041,-0.0048614133497706605,-0.00546988361000012
2023-06-21,-0.0005638905353645422,-0.0019177862376065942,-0.001784544790982445,-0.0014620065347248554,0.0003157858492472037,-0.000803768877684177,-0.0012509726094230057,-0.00166090789261129,-0.002071222009696747
2023-06-22,-0.005042244311491918,-0.0031712333046843683,-0.004064422626465643,-0.005893730585519771,-0.00350449642980551,-0.004392825228894981,-0.0056858895789039035,-0.005220010582161277,-0.004464177375846613
2023-06-23,-0.003677610888010624,-0.0049887173683741855,-0.006278747289683655,-0.005799573038985445,0.0010176834339666024,0.000335797797002854,-0.004696509486474306,-0.006586199405878571,-0.006599538881066525
2023-06-26,0.000813343011070089,-2.695380933357473e-05,0.0006930305746854934,0.0016098249527229244,0.0004005187012969274,-0.00010051544588573325,0.0012085675725795448,0.001574877301759598,0.0003310267116582589
2023-06-27,0.0016273147748337596,0.0039298210723779,0.004298511254310648,0.004091577315417854,-0.0007623269299321261,0.0007110886875761938,0.004199687815103425,0.004066788538081012,0.0048882188232849426
2023-06-28,0.0012397136317539492,0.001009370561856379,0.0008357472367395553,0.0013648630900877424,0.0014298212743411708,0.003526951678564171,0.0012697045389697065,0.001354035224981347,0.0011469151669583598
2023-06-29,-0.001177521526942436,-0.0010535395053468102,-2.745249133724754e-05,-0.0017795747010014643,-0.00359817200567252,-0.006243306094309651,-0.0012202186829429259,-0.0015655919548314009,-0.0007585104898905733
2023-06-30,0.006499147581321182,0.007184670230434303,0.006986182284519907,0.008208236466513228,0.003820789481344348,0.006890915365123918,0.007481273824899109,0.007844801057994545,0.008530208293922734
2023-07-03,0.00033825742379699593,0.0008617793454357761,0.0014317762754497323,0.0010054113397702802,-0.0010971358683136865,-0.0022887474322090375,0.0010007870634434154,0.0003094830605217254,0.0012568150653454052
2023-07-05,-0.002135325799051656,-0.002435738863863616,-0.0025332786004313183,-0.004038700591862552,-0.0022175330527423264,-0.004245231423211182,-0.003660541431811514,-0.003810570216697892,-0.003251375445532531
2023-07-06,-0.006478274831693469,-0.007449577497374853,-0.007759916462340075,-0.010209155816127951,-0.004148143214132305,-0.008599433202924087,-0.009507465458594516,-0.00999277555272087,-0.009297358149875902
2023-07-07,0.001604339722600184,0.0013858120631980093,0.0022911714134370782,0.0024782057423001404,0.00010769590559220935,-0.0009049587567057408,0.0017932110442578438,0.002758066839844454,0.002292451345998177
2023-07-10,0.002962917616513137,0.0027990081645440294,0.0033037605015085697,0.00394701887129615,0.0017386428873145045,0.003945009515800601,0.003825866206252044,0.0035518955758949617,0.0036219957455398597
2023-07-11,0.00552290294110748,0.005700679809565613,0.006235531018982234,0.00728835020670032,0.002560760939528319,0.004739898900833356,0.006951041032124136,0.006484538411704738,0.007091922029380794
2023-07-12,0.008213084348410497,0.00874439187949666,0.008918215534501643,0.011327268781688549,0.005128612475915701,0.008910588006199528,0.010918526345463517,0.010167129919164688,0.010821866431699197
2023-07-13,0.0073789316062778795,0.007845748302804337,0.007753907319248161,0.009540823551624977,0.0041404816928972635,0.008313169199016169,0.009072130670745013,0.008439031285159309,0.009657086130149418
2023-07-14,-0.0037583189666137748,-0.0033172077336483907,-0.0035343973595015274,-0.004981385241977595,-0.0026309583129199825,-0.005326515296217731,-0.004716943948391067,-0.0051038316828062175,-0.004302348854762141
2023-07-17,0.0008441636299756652,0.0012655455781899368,0.0013192473187394868,0.0012782087476519088,0.0005880487146344054,0.0017281018289069436,0.0007584640360877811,0.0011789336306310746,0.0017431726975369061
2023-07-18,0.00471859948507226,0.004329977125629887,0.004660665893098799,0.004761266464031318,0.002757071523347232,0.00384958208755724,0.004826629954011561,0.00437645772757898,0.005448099676575625
2023-07-19,0.00302791865624182,0.002593313428683664,0.0026407027207936027,0.0034717246104362565,0.002427056433300348,0.003961855664956201,0.003425968876168174,0.0033383083557589556,0.0029247321537042154
2023-07-20,-0.005923222497538552,-0.006302479486148673,-0.006362091935174899,-0.007320070395854372,-0.00366623365790051,-0.007539175194344203,-0.006801647557725883,-0.006959309959037637,-0.007787353876351003
2023-07-21,0.0006549649484741191,0.00041754864052778056,0.00026021084711768213,0.0005631114590357878,0.00044319201625730954,0.0011440517072378495,0.00031991840093781527,0.000327501780797839,0.00031937433946032994
2023-07-24,0.0016358294702665877,0.002398878107963636,0.002904718031830044,0.00270981389182073,-0.00016162051296230684,-0.00010336142047171307,0.002200128194161118,0.002004802004160726,0.0030388047464116877
2023-07-25,0.000896722989888599,0.00136122686093506,0.0014671302968912723,0.0012375547267363617,0.00028195652305059403,-0.00024123308264907713,0.0009998700712825286,0.0010924360578967104,0.0017897610007602894
2023-07-26,0.0015426086219606353,0.0014538388809142537,0.00170072083923075,0.0025629591919343595,0.0012658925866898098,0.0022850303138999667,0.002150602847148737,0.0023268263970834396,0.0018749244546994307
2023-07-27,-0.007897341911100567,-0.007702434365425062,-0.008050313284591238,-0.010634497583780232,-0.005925535285220987,-0.00997925331152471,-0.009591804022114932,-0.009771936445626496,-0.009188716865978941
2023-07-28,0.006193606581280196,0.00714808356104494,0.007498780332160072,0.008812390037034127,0.003259958322747053,0.006243989263862627,0.007364089031422766,0.008476785361281332,0.009210437547699634
2023-07-31,0.002321006323730644,0.002327617459947699,0.002793075463556969,0.0030630460740925544,0.0012906664061764271,0.002122212089111076,0.0027010747241029767,0.002716227955016067,0.0029360075677878914
2023-08-01,-0.0055904487477471615,-0.0051062532615071005,-0.005114781122857826,-0.007472517872800453,-0.004387192285422441,-0.007078617672197888,-0.0067349229682777045,-0.006618979614742328,-0.00640183206736717
2023-08-02,-0.008184193890514994,-0.009410216091660477,-0.010159863544150135,-0.011796114257287448,-0.0037233198891807157,-0.007382336596484294,-0.010341821442865213,-0.012443035171905923,-0.012442633316651958
2023-08-03,-0.0029182641115177324,-0.0023285516388789266,-0.0018828356411021972,-0.004219699271321204,-0.0037346484189515984,-0.006217240244248106,-0.0045112805996405676,-0.003359502413833978,-0.0029704597325444313
2023-08-04,0.0026205856438564954,0.0012048816775277996,0.0006147486291303205,0.002669995481237426,0.004352068072873775,0.006940772550744657,0.0030331189652337935,0.0012371334433887763,0.0011263382547459114
2023-08-07,0.0010797829581333832,0.002037941637437584,0.0021830116585521034,0.0018805740553724851,-0.001060482122895424,-0.0006424472859393546,0.0033529126652667714,0.0014986720042311156,0.0028894222183974464
2023-08-08,-0.0009880782158518324,-0.0020933574135367245,-0.0029838566440210977,-0.0023813400030420944,0.0015046933158802914,0.002674733648522828,-0.0038685644227525805,-0.002453665114796523,-0.0033632719722179
2023-08-09,-0.0009762611099643084,-0.0014388615713206597,-0.001789305223176279,-0.0011993694164212341,0.00036715841907295545,-4.300070233854206e-05,-0.0021863936401128737,-0.0015547968237907125,-0.002165967197091795
2023-08-10,-0.002971964591149019,-0.0021838420309803546,-0.001970545997886546,-0.0031828364839255503,-0.0032521817658246015,-0.005423888936178148,-0.002813547683960873,-0.002974342410562639,-0.002224108458234458
2023-08-11,-0.002269938277552034,-0.002293597803492247,-0.0021415080910703967,-0.003303652459610242,-0.001251448350822378,-0.003008365328556339,-0.0030711686277815186,-0.0033347567796567917,-0.003054114779989777
2023-08-14,-0.0001559335953208701,-4.3828162862284186e-05,-0.00045905227627005723,-0.0010949782190820495,-0.0004083745533779759,0.00019899399636792942,-0.0008746877368085922,-0.0010243049022033558,-9.199781595145626e-05
2023-08-15,-0.005970717883540695,-0.006918230812291907,-0.0074750242635796705,-0.008504422625793668,-0.0025207306788362386,-0.005384894165801552,-0.007718213866770542,-0.008018594781790662,-0.008764552052330923
2023-08-16,-0.005501970663757736,-0.005732436471561601,-0.006348875521806717,-0.007435656016949212,-0.0026408664254498368,-0.005042372539946998,-0.006900947871769447,-0.007979637073385473,-0.007419628614876776
2023-08-17,-0.0036065147962647225,-0.003736688751273238,-0.004139615132953723,-0.004561942138546289,-0.0013658028691404796,-0.0035580178174619134,-0.004243085584839649,-0.004329823610378315,-0.004966916054061335
2023-08-18,0.0016912904922813552,0.0015223226035988586,0.001638196857842353,0.0016023086956307127,0.0014275115825607423,0.0024127514495739257,0.001182859683268537,0.0008566631211496478,0.001472645504726742
2023-08-21,-4.052569427537894e-05,0.0006432310959901033,0.0007901222211002513,-0.0006264092962798126,-0.0018764762951841234,-0.0028390569565509526,-0.00045184533496883087,-3.719039540433231e-05,0.0011820860551599644
2023-08-22,0.0007234796101128351,0.00022842886581528912,3.648739928330542e-05,0.0004636270712097742,0.00127847461753912,0.0014125717606048426,0.0006088751528789291,0.00023360215739748834,-8.164819631676401e-06
2023-08-23,0.009911621700848312,0.009272215243811163,0.009096470507574441,0.012428530084368129,0.006784226811215193,0.012109592050560936,0.01169172992181524,0.012460634286565459,0.011515566391781267
2023-08-24,-0.005958244298857644,-0.006053823981779125,-0.006156260252484847,-0.007453731746923062,-0.0023261344968687164,-0.006077191776743382,-0.0073543463862859645,-0.006780955293477368,-0.008342408446889172
2023-08-25,0.003011085001838606,0.003516939704411421,0.0034318806212492742,0.003645689850832802,0.00133929166433635,0.0028377952418745084,0.003313680025883418,0.003479673451852263,0.004160573175376152
2023-08-28,0.0036036745235523593,0.003807359030563775,0.004154150669078364,0.005351302302209568,0.0014217018974053736,0.0031708541760476962,0.005269742708608941,0.004776310487408001,0.005328032393358318
2023-08-29,0.0088276480477947,0.008917930560289215,0.009114914069889103,0.010995697044901743,0.004544865747756036,0.008735862422789618,0.010150735515904273,0.010120545622831252,0.011390998772280711
2023-08-30,0.0011702688608315902,0.001354490971243123,0.0015286220623378837,0.0011658707604260757,0.0002739907861403105,0.00027892173730156736,0.0011046216270633954,0.0009009479669348183,0.0017353864272737663
2023-08-31,0.00033904826992460485,-0.00015148304485553156,-0.0006405188904008193,-0.0011605237203597726,0.0009573972874231546,0.0014353801936107665,-0.0005898767546825398,-0.000949179392226391,-0.0008526701078457184
2023-09-01,-0.00055943473057208,0.0012802630755440094,0.0027300036419950742,0.0009066818922476869,-0.002054202893400664,-0.0035186098647626675,-0.0002078766169388723,0.00023828619648389392,0.001648521510973398
2023-09-05,-0.004852593528399014,-0.004415288878588922,-0.005275204475247494,-0.0074993503447737765,-0.003460314420926476,-0.006134773315779747,-0.006870386101008011,-0.007364111770472887,-0.00620517150883676
2023-09-06,-0.0022752404386421248,-0.002382492440969098,-0.002426821681637756,-0.002899728742733325,-0.000655825507129263,-0.002051970659111467,-0.0026092186193249337,-0.003167416407595462,-0.003349402442215981
2023-09-07,-0.0002998498419965559,-0.001063143167228641,-0.0017206950368274549,-0.0013030471906195218,0.0010412623255400169,0.0017536502808747666,-0.00149893597789426,-0.0016453179841770288,-0.0019865132895287942
2023-09-08,0.0004366320932963,0.0004707207670927972,0.00021412513814005727,0.0003423292781799783,0.0007213044951749658,0.0008933685833103457,0.000202742101759025,0.0003024494603299946,0.0003620733457536468
2023-09-11,0.0023409010788909843,0.0033168671217495417,0.0037040206994854133,0.0035247809929494513,-0.00011523788124961695,0.00037968695688803903,0.00358259089214348,0.0033868946040131525,0.004474873365057384
2023-09-12,-0.0016380904551244948,-0.00172609383477594,-0.001791601371294239,-0.0017983868603890876,0.00017884065749701532,-0.00038069065979070345,-0.001715065467791308,-0.0018136895449365252,-0.002640712194200568
2023-09-13,0.00014751590417669638,5.953478396026322e-05,-0.0006015427030439545,-0.0008537387826976295,0.0005808070539352146,0.001668914966115575,-0.0009408318380768182,-0.0009219241548473093,-0.0004973865295901422
2023-09-14,0.0035474654434953412,0.004662454671342835,0.005823024026073743,0.005609138469809686,-0.00018697829448564786,0.00037435589838540127,0.005203477641162262,0.005093965700200888,0.006378963619374651
2023-09-15,-0.004547560595979403,-0.004268550396347482,-0.004242888617329075,-0.004990433875242054,-0.0014577847808684423,-0.004916713742135226,-0.004697083269303058,-0.00475344029683961,-0.00581080196849483
2023-09-18,0.0003380644469280235,0.00011219561284802423,-0.000474822352048252,-0.00033517638928322704,0.0013928540448218023,0.001459565768301411,-0.0009454707633283708,-0.0007633219594342902,-0.00040146605637623827
2023-09-19,-0.0022440716223338423,-0.0018230958576205558,-0.0017894716760687805,-0.00295161236791915,-0.0016232980964704475,-0.0033446880024352323,-0.0028280642290036194,-0.0028255817585513625,-0.002434017158917117
2023-09-20,-0.003385491939230762,-0.004023060306046322,-0.004299378053077804,-0.003743459009490163,-0.00045774618990409785,-0.0021586830054184506,-0.003690277890350521,-0.003708650257223855,-0.004938073091503258
2023-09-21,-0.011698005207752375,-0.010793300409410015,-0.01106340358460107,-0.015038242304997061,-0.006003447425242761,-0.011312911940590002,-0.01552479683725644,-0.014732186804469112,-0.01424816028255767
2023-09-22,0.0011072463885199461,0.0009048774659914067,0.0007504842076688162,0.00204010022657363,0.0021508143353677536,0.002947071926030078,0.0015921526769274651,0.0012196874909470405,0.0013092389927017673
2023-09-25,-0.002988666510665046,-0.0024031162513352073,-0.001985554769744968,-0.0041186703501968226,-0.0044744342022354534,-0.006473201367711087,-0.003036661033060616,-0.003924492775601349,-0.0024212220354479447
2023-09-26,-0.0066467085103666885,-0.006827003221853406,-0.007239395140608338,-0.00904245001005598,-0.002033662604234686,-0.004417569694571394,-0.00792303253232639,-0.010423803726818797,-0.009413949658860585
2023-09-27,-0.0011808226340629384,-0.0006721491815201024,-0.0002032095214959372,-0.0014570457210336684,-0.0018901506523149381,-0.002303506984802045,-0.0009859621678183152,-0.001070060229099224,-0.0007325573428392955
2023-09-28,0.003393096168369266,0.0029393993668709473,0.002908963819025865,0.0041317287026487945,0.0010539490052758874,0.0033763306365313475,0.004159244520790368,0.0043627098464358366,0.0041856113404787855
2023-09-29,-0.0017994885961498247,-0.0026808140758161868,-0.0031703555933026944,-0.0024989547437977645,-0.0013227494995961002,-0.0014551840330690956,-0.001997052027635585,-0.0022197021755202733,-0.0027042879302415857
2023-10-02,-0.005630452676742081,-0.005429404066982282,-0.006189263073172793,-0.008656252500921238,-0.00452523926078017,-0.00704633456512203,-0.008226320575198308,-0.007799648131007755,-0.006755359246833184
2023-10-03,-0.010111797026816556,-0.009324576893024619,-0.009424080157565691,-0.012739510352157254,-0.0056206986351619356,-0.011633116788639371,-0.011280828505536708,-0.013272534740684096,-0.012110305380669905
2023-10-04,0.0036602721747624398,0.0008675569121423611,-0.0005682064714719945,0.00321015779190178,0.002511205547699048,0.005752286771889412,0.0036080742876165735,0.003108313853549682,0.0025330932375259014
2023-10-05,-0.00030522841780020237,-0.0005847466000661255,-0.00040778681896060353,0.0003715731622501324,-0.000699655469786066,-0.0007483520278431958,2.9690040212961608e-05,9.57508835817969e-05,3.780640196076772e-05
2023-10-06,0.003160555191845648,0.004222754352146247,0.005229653993008668,0.004639989388178948,-0.0007891919002486511,-0.0007204683164564269,0.004944879468289726,0.005764061739261326,0.006247633279493084
2023-10-09,0.008710932703532803,0.008757821896886748,0.008192639577901426,0.009722932833703209,0.007647186481642141,0.011748874345395028,0.009366750016264304,0.008549870257402952,0.008871296729620873
2023-10-10,0.0020237186960358204,0.002236299588440985,0.003146665020836034,0.00395000886599332,-0.00017065594223559415,0.0001673864039013884,0.0052032270754284096,0.002820394184386812,0.004029783196068938
2023-10-11,0.004890597902441004,0.003899240350493151,0.003492667469281428,0.005916146051020697,0.0038413275307445914,0.005438890218179766,0.005541493723520315,0.00546957460931149,0.004936990272839659
2023-10-12,-0.007449450347380113,-0.006515299403575166,-0.007156858475454242,-0.01024102205844037,-0.0054025131339798995,-0.009687360758790694,-0.009569944086135186,-0.009914178089435927,-0.008513671873753372
2023-10-13,0.002991150887935377,0.003601457627628447,0.0032216691452218002,0.0038422950530557155,0.005922866600051694,0.0044798790847907334,0.0074512289801464,0.0012541276405948491,0.0026292578251822774
2023-10-16,0.001035757930364197,0.001799166609654852,0.003182543930096835,0.0022651483104138472,-0.0027413676298484965,-0.003119129076229883,0.0028084695710428923,0.001532112707173266,0.003644330303240163
2023-10-17,-0.0022363508954681786,-0.0014608872856032764,-0.00017120444092750287,-0.0020447623900795298,-0.0027520277897043178,-0.006126680840151677,-0.0021549139610751995,-0.00175513835459708,-0.0011798415466232513
2023-10-18,-0.0059427083724102586,-0.0057241557646021315,-0.0061277234340231055,-0.008700266338190162,-0.0014854592893013949,-0.006530984302666415,-0.005762807135215835,-0.009605801080851774,-0.008167095146811448
2023-10-19,-0.005571534903347546,-0.004665918304928928,-0.00427567105104476,-0.007278637638636173,-0.002578816698143611,-0.006903430502094126,-0.008997284981403834,-0.00807963826768166,-0.006054863627180445
2023-10-20,-0.002637690280743342,-0.004171204375845585,-0.005066545283135493,-0.004606046779584571,0.00101410889936237,0.0007167359107504355,-0.0047500098102088995,-0.005261032605451407,-0.006001822931559795
2023-10-23,0.0007642162342462608,2.6845730443980073e-05,-0.0012417868296391724,0.00013844826827919001,0.0022221794954140274,0.004483305857682804,-0.00012954322722331655,-0.00016157572234911448,-0.0005211450919245753
2023-10-24,0.004374910389794443,0.004160316385891835,0.0036942250345054183,0.005985623705964701,0.002362680822576291,0.004959405632429912,0.006827108254313265,0.00596543882743085,0.005215797627341623
2023-10-25,-0.008898620941559104,-0.008599180064586251,-0.007865451754185558,-0.010995753107845724,-0.004454470100887719,-0.010293617727466672,-0.011042212985356716,-0.010613886070054637,-0.010520970218143988
2023-10-26,0.00043573583815027984,-0.0013620954675656182,-0.0016467882634622604,0.0004406565847097308,0.002415355908071134,0.003029026133795251,0.00023772915371335102,0.0002119757859099972,-0.0022722844834269416
2023-10-27,-5.1412315626154256e-05,0.0002991913986080591,0.0008266045559868114,-0.001032604701343624,0.0008994542194659097,-0.000346195655854563,-0.0017051869604926993,-0.0013199928127045194,1.0451001562724702e-05
2023-10-30,0.000863312319669879,0.0015154497203982984,0.0010887070750924992,0.002161580675132306,-0.001487214356547071,-0.000862778529044325,0.002589368847178071,0.0022845381757325787,0.0025481204231434036
2023-10-31,0.0015197902853957821,0.0014693825438415861,0.001434157575939572,0.0016364185483231323,-0.0008600932429493872,-6.70061320258073e-05,0.00017626812386798966,0.0016188084256583567,0.001982243120043702
2023-11-01,0.007857435403998313,0.007467732832860502,0.0062840905809795535,0.009458721509003922,0.005701038126744214,0.012201741122387238,0.0099002047928576,0.008838147393622967,0.008757736502529386
2023-11-02,0.01252011083053935,0.012571804341798805,0.013005685814792632,0.016592639502326114,0.006254482527522327,0.012396669739196405,0.01569833236010793,0.014140505870226631,0.01581384002639183
2023-11-03,0.004878594221151813,0.005106256088198496,0.005966098453418482,0.010814377895938004,0.0031201494025210317,0.005225973096501941,0.008405068484935352,0.008221814854281466,0.010012885865869068
2023-11-06,-0.002163305954235468,-0.0015013828899307392,-0.0017085169138871743,-0.0038525766753491554,-0.0024669523979548593,-0.0033756019097086073,-0.003934373849745556,-0.004173544366909161,-0.002724495103957543
2023-11-07,0.00032256574401041846,-0.0003308279111901146,-0.001265090535380757,-0.00036344021009682934,0.0019635045076442682,0.003506106567088301,-0.001318543868074019,-0.0006496301625127489,-0.0008241298759554356
2023-11-08,0.00016418026839077162,-0.0006817102378147058,-0.0017226454651124955,-0.0007077815845136049,0.0015915137335533929,0.0021233705971321387,0.00012571927171419882,-3.3571902771926416e-05,-0.0015658367005452684
2023-11-09,-0.004620301863389652,-0.0041254610525771436,-0.004062651683294931,-0.008710236532634868,-0.004704732567141723,-0.007333768661642421,-0.008973174223090605,-0.008570365203656054,-0.00749243465108655
2023-11-10,0.0037648881720150637,0.003973379470465834,0.0042337693089534965,0.00671535486201576,0.0017564807117683673,0.002747190445606681,0.005371444152944574,0.00695763231079112,0.007756881766880875
2023-11-13,0.0003142249477287632,0.0005743140899463056,0.0007228736432823374,0.0005574487975192184,0.0006622117060589584,7.81634208549375e-05,0.0004827176383509003,0.00028534150203870227,0.0007937096151287333
2023-11-14,0.011721658059553842,0.011287385452833401,0.013125431144571528,0.022594522786628088,0.007438900949295186,0.011746774555317398,0.021952439336575605,0.020246324160779615,0.02097551966205458
2023-11-15,-0.0015088154326366482,-0.0010169736174942836,-0.0004362300998538212,-0.0021027102358501812,-0.003169613868704767,-0.004903157558963842,-0.003017859422406546,-0.0031649046206522393,-0.0013693865325202206
2023-11-16,0.0002922919470463575,-0.0002813870219545117,-0.0016128224196466912,-0.0008114956740520174,0.002693978387382225,0.003948167758819462,-0.001144227358778244,-0.0014736822701875043,-0.0016529774630132203
2023-11-17,0.002153674081484633,0.002166564616057319,0.0027443480830665994,0.004484606300184064,0.0017036145246020012,0.0012405794949033858,0.0036672355837020425,0.004117375776336232,0.004286962004020569
2023-11-20,0.003105575860085738,0.0034156448638925307,0.00378889453758617,0.006038816176458669,0.002103718830487319,0.002368074622409136,0.0049711197667028795,0.005152615662695548,0.006426934145286558
2023-11-21,-0.0004773030010538282,-0.00041319316578277977,-0.0009486988959786137,-0.0015889319563317948,0.001054063533300923,0.0006413955479227468,-0.0013044240621904815,-0.0009377625519603256,-0.001696423399946797
2023-11-22,0.000865566804545939,0.0006598587186487937,0.0006127593283475705,0.0012924220669637274,0.00041064226153078744,0.00019490804368551884,0.001695013265405545,0.0011969876595277046,0.0012447070008369963
2023-11-24,-0.000644768653004363,-0.0002606756445261229,0.00040252668198899566,-0.0006359220440216685,-0.002035590020317143,-0.0035303959297761423,-0.0007348678570387392,-0.0011103003015491939,-0.00015902269608478902
2023-11-27,0.0017375078490934816,0.001022554451645938,0.00019791749154410372,0.0019995595683784174,0.0034941431269070473,0.0045709402016930216,0.0015229769726245335,0.0017911632791902834,0.0008628355323029951
2023-11-28,0.003210923469679077,0.0033916614958261052,0.003478023847338129,0.004589717101816487,0.002807080722488193,0.0034839323336408796,0.00408673423330365,0.004242235163186473,0.004380040586362739
2023-11-29,0.0037214287284615148,0.0025932214400131316,0.0021657408094173745,0.0038817475857356918,0.003307571213265936,0.005554051528233373,0.003191096435318129,0.004017672008066612,0.0030373067039004427
2023-11-30,-0.0028546848383924927,-0.0018666588705288291,-0.0017517985604405557,-0.002580141011654762,-0.003096854938589553,-0.004622834516460311,-0.0014075961767016883,-0.0029461380594884403,-0.002279188851762175
2023-12-01,0.009275276728143754,0.008385314972783681,0.008604512760553247,0.011481859325657756,0.005777968329476149,0.009279586673948976,0.010756235411511408,0.011151866275132765,0.010012121106268333
2023-12-04,-0.003416566232834969,-0.004432507477702196,-0.004440193842660712,-0.004951384203432015,-0.003294267594966616,-0.00416833944032591,-0.00459397771777929,-0.0049490942350638245,-0.005214847374275337
2023-12-05,0.0006205319405064875,-0.00019593947663378445,-0.0018841694078154103,-0.0002246160649844833,0.003146384924325169,0.005503478564461317,-0.0004031747178466897,-0.001087079360437005,-0.0011163521647220857
2023-12-06,-0.0012653913305888647,-0.0013577791006429989,-0.0024604862115486493,-0.0010204349629189269,0.0012903186501255345,0.0013044558807470475,-0.0006345081937966514,-0.0010969303124558148,-0.0022973383708583418
2023-12-07,0.002339934513952992,0.0033737749259368606,0.004214384677122376,0.003271464572371311,0.0001110457098193171,0.001070463424381441,0.002104970324275553,0.00293029783722116,0.0043912882621683445
2023-12-08,-0.0012633934402172945,-0.0007331504774191717,0.00012031610961805925,-0.0014705938703054116,-0.002502769562958569,-0.0029760296052357632,-0.002113938595188334,-0.0013409630980651072,-0.000377333566263159
2023-12-11,7.646884035628226e-05,0.0008922673778302435,0.0012675029029951231,0.0006744716875880737,-0.0008152187059557746,0.00031512090213018447,0.0010828261423861782,0.0007667631719026933,0.0012045667452391486
2023-12-12,0.0002074773316552374,0.0011384675570770308,0.0006799888376056941,0.0008419710630698474,0.000814402386531508,0.002555451204471865,0.0011279770068637347,0.0009439481445488615,0.0010539600984005356
2023-12-13,0.015390891498107725,0.014634840272798743,0.01511788464316611,0.018785697295593793,0.008981860413459997,0.01559688721326768,0.01700899479363667,0.017565149529566084,0.017598960715041623
2023-12-14,0.00673879571432715,0.005851619218213716,0.006139648988450738,0.012655401590836727,0.006020350252651129,0.005836846997498439,0.010605122943661583,0.010034042061152413,0.010800114038473151
2023-12-15,-0.001371820911014083,-0.0016908847629327948,-0.0019284976626236848,-0.0038311209555950535,-0.0006461530577203965,-0.0003859492512881273,-0.003884912619261356,-0.0026867546005925336,-0.003253105601502909
2023-12-18,0.0005627575175675311,0.0010252681031835222,0.0014189372384561518,0.0008266272648925463,-0.00041189441035992426,-0.000687971019294342,0.000369851220777386,0.0007335592545550697,0.0018578495861283398
2023-12-19,0.0033626948089425838,0.003631849356544997,0.004181860103431247,0.006720763224841311,0.002210555202874504,0.002092184317292108,0.006406764709739706,0.006104305839419597,0.006698759031778969
2023-12-20,-0.0030839619902873474,-0.004550871437377562,-0.005888362256211813,-0.007624747932448582,2.7699094214901953e-05,0.001084640562758111,-0.0057778616516542215,-0.00578148867642857,-0.008973931601268038
2023-12-21,0.0027687335495867444,0.004207330636247524,0.0052893700316555305,0.007229338254179333,0.000577749541318617,0.0003200556287618922,0.00646470685521324,0.007159576422865785,0.007882043598625968
2023-12-22,0.000453035867905789,0.0005399422779711474,0.0008461562310970044,0.0005873678130682944,-0.0003431915440390588,-0.00047649577033890753,0.0007443799092031029,0.0003697034248912744,0.0010804199699304376
2023-12-26,0.003178644891409581,0.003166656161364874,0.0037714333009500256,0.005662887032844409,0.0019402790434098073,0.0016184707422857393,0.005313914507942719,0.005070449604942573,0.005827404186431875
2023-12-27,0.0028547697077844747,0.0027796526344682493,0.002168383068797144,0.005184349571981315,0.003975382198922336,0.005546467314129367,0.004607132394318509,0.004680441111267838,0.004058650123593727
2023-12-28,-0.002183198316345417,-0.0011637677182296496,-0.0011559596639316428,-0.0019147811226674846,-0.002220374511123259,-0.0034280048441397626,-0.0008089443355466285,-0.0021474317253880725,-0.001724173854638125
2023-12-29,-0.004452355106371708,-0.003918855485914009,-0.004148851173749699,-0.005089454992852339,-0.00216143203288506,-0.004213580894400779,-0.005000350479397046,-0.005121668602473989,-0.004894303668204244
2024-01-02,-0.004470539545202923,-0.005060952670714203,-0.0057542919500000265,-0.00609249687077935,-0.0026306658299170777,-0.005667336133831088,-0.005614557149817377,-0.005711602632310336,-0.00661197161992638
2024-01-03,-0.00396766104364314,-0.005696963854741178,-0.0065595307045738585,-0.006385015106133389,-9.810667842179524e-05,-0.0009495850977665768,-0.007437535060942288,-0.007460478901306582,-0.007112003745248668
2024-01-04,-0.0035801027765078493,-0.0031034639520287175,-0.0025065710226502007,-0.004036222833093831,-0.003115564193268699,-0.006028733979199658,-0.0036795359449615975,-0.0037561591449615135,-0.0035039145111191187
2024-01-05,-0.0008029758096403641,-0.0005350420828370653,0.00011807409196737573,-0.0009903028492689822,-0.001266184450052066,-0.002139753553571771,-0.0013931567473427673,-0.0010150022637315688,-0.00035571671737617133
2024-01-08,0.004907416350504112,0.007145993261184904,0.006366642671988954,0.007046799569836086,0.002077148408143591,0.006634504177216699,0.008264654070553625,0.00703070144203079,0.007721511281771155
2024-01-09,-0.0007762120473396179,-0.0018311516087230726,-0.0019346951244530923,-0.0028565079828997983,-8.653947867629796e-05,7.797682704341574e-05,-0.0026766672670972234,-0.002181954541125749,-0.0021846176466995175
2024-01-10,-0.00013856977395078994,0.0010082904897472413,0.0009960408829116842,0.0002856566961374289,-0.0007246304335183747,-0.00023217318461746432,0.0005937461436260595,0.0003056093912555997,0.0010822520165614745
2024-01-11,0.0016148701627312534,0.0009336757549330853,0.0006710300537413721,0.0014970984680194735,0.002352436046526735,0.00416116431359237,0.001534522012622009,0.001285138852471553,0.0010859882371051727
2024-01-12,0.0020626050689070154,0.0019188859031811973,0.002286800402702738,0.0025491100327003223,0.0012522420909354638,0.0013091367676260676,0.0021343937664960507,0.0021941225730608875,0.002419205871081977
2024-01-16,-0.0070935675002473,-0.0071081457481903774,-0.007254759370378776,-0.010455219441684207,-0.004917911348679968,-0.008257702881795195,-0.009658803167483212,-0.009079869074995826,-0.008741268541749834
2024-01-17,-0.004739384315357514,-0.0055076382809153765,-0.006039195863920729,-0.007078979681092388,-0.00189107095755236,-0.0032248070593408978,-0.0062515455039996465,-0.008153663909885412,-0.006817593863893882
2024-01-18,0.0024672377070798688,0.003562058964435673,0.004822406600499889,0.003654770122417512,0.0001937135347875587,0.0004919103087839869,0.0032936005594118856,0.003969048717473386,0.005103968385605518
2024-01-19,0.0044003065580594915,0.0058349074292977305,0.006325337456358248,0.006131448648113052,0.0014507758550317527,0.0033245608811057984,0.005896945351550402,0.0059413148100041354,0.0072942110628011324
2024-01-22,0.002987263883053418,0.002340355168408162,0.0027160530225056327,0.0031450840679899932,0.0013612791314245713,0.002849916123790886,0.003031331807892235,0.003190461993345508,0.0030867963161729834
2024-01-23,-0.0005088723455126645,8.999713473609565e-05,0.0007180668680002654,-0.00023634029865569347,-0.0007330054576801894,-0.0017268331610584093,-0.00017741806860316787,-0.0002371577304804597,0.0004951213352243789
2024-01-24,-0.00128799788057839,-0.000304619415109585,0.00010027022556165802,-0.0006640270597848562,-0.0010906925412746402,-0.0010416349480755276,-0.0005792966630493336,-0.0007804689519420829,-2.1415339568941715e-05
2024-01-25,0.004822079248999966,0.0044425805675910425,0.004452522216762423,0.005695478142961055,0.002951888340363798,0.005698999047928744,0.00528202306064247,0.005206847330229169,0.005183930556591452
2024-01-26,-0.0008867374366565878,-0.0008917792206409514,-0.0006201796604048457,-0.0007005319568604851,-0.0005680908178896256,-0.001626825499734126,-0.000958884873491378,-0.0009116386465297166,-0.0009274530949343439
2024-01-29,0.004771742484371266,0.0049629667752736336,0.0047311175939213955,0.005906547969484584,0.0029579109387609928,0.0051425872928880295,0.005541124104179508,0.005868357474059291,0.005982454861991115
2024-01-30,-0.0004010836579791808,-0.001272955510199754,-0.0017375726251335783,-0.0011880554652904838,0.0015582140772557158,0.0015717357274406907,-0.0009389452526754824,-0.0009788296500081806,-0.0017834084007014354
2024-01-31,-0.0044721277869070345,-0.006357373330443915,-0.007938737153236645,-0.006178270116564597,0.0007204403427151875,-0.00047102889234926313,-0.006202344406963728,-0.0058310196102205405,-0.008488451608051641
2024-02-01,0.007138146310131094,0.007544151876948566,0.006700626564124399,0.009395773369641276,0.004522035322300067,0.007905489869064048,0.008910078159225907,0.009199599450563421,0.008936598663169539
2024-02-02,-0.005061976764520394,-0.0024165252294419425,-0.002444436084948432,-0.005900964794344216,-0.005149628927031024,-0.0070669026115025325,-0.00572833283585776,-0.0057489526858405604,-0.00282184744944127
2024-02-05,-0.006252128088299531,-0.005171956178421523,-0.0045494186001796295,-0.007385626884394136,-0.0044303194447658555,-0.007902966591781229,-0.007393491662369057,-0.007511708177991789,-0.006043231056586078
2024-02-06,0.004572856746458278,0.004507158167230042,0.004816586034178336,0.007097885777577988,0.002897980044491894,0.004690066742448108,0.005829218597143721,0.007351902719895621,0.0056623971906183445
2024-02-07,0.0008663945530723346,0.001843196151228331,0.001944284378021577,0.0009964325190815156,-0.00020002821470204585,0.0003601275362614889,0.0012099605087711857,0.0007814598496465824,0.002268124684381719
2024-02-08,0.001023538547421958,0.0008114141726221278,0.001601946864615075,0.0006714182146447855,-0.0010276400511471944,-0.0020002100782193343,0.0012193506202893953,0.0008070949429196576,0.0013166287626519063
2024-02-09,0.002181072773593291,0.002862532209283931,0.0034608850242257797,0.00307360657581635,-5.346472632289871e-05,0.0009536345517807491,0.002913442416736539,0.003036071325148733,0.0039849266173340924
2024-02-12,0.0006737526649740697,0.000561044175017608,0.0012008713021885034,0.0017825704016618629,1.6613282832622667e-05,-0.00012006171421873487,0.0013640074144114984,0.001615645760002776,0.001300532099158058
2024-02-13,-0.012247807395931589,-0.012189625294610143,-0.013081235945107256,-0.01614175624229635,-0.006136787889743415,-0.011471918217666743,-0.014386637720921048,-0.014635395665721607,-0.01571526369921086
2024-02-14,0.0028700181594266457,0.0035201590152476934,0.003684275124075777,0.006961808796236653,0.0016874041397988513,0.0028215472008334816,0.006238898080130575,0.00849279478837919,0.007073105859513671
2024-02-15,0.004296159474051583,0.004253438289302076,0.004815439502549499,0.0082948539573069,0.002281709856754987,0.002549606303200371,0.007503462013393403,0.007262457080966789,0.007959408958034545
2024-02-16,-0.0022540339039704513,-0.0020884454657512366,-0.0018894735464211275,-0.0035476401009727596,-0.001400890215887114,-0.0033039355204149885,-0.004114377987704187,-0.0036345134276096246,-0.00391110245118377
2024-02-20,-0.000674348384244197,-0.0010125830318839402,-0.0011998355279664343,-0.0012078150403281081,0.0006481782540110949,0.0004761271926084219,-0.0019920762941988746,-0.0016241042971213253,-0.002202189974481019
2024-02-21,-0.0006503973143526489,-0.0003989382806752152,-0.0001824322761858389,-0.0008530276707738966,-0.0011926277754099584,-0.002251316473595206,-0.0011728878881358087,-0.001061263408888992,-0.0007293617639334576
2024-02-22,0.004833978453518502,0.0065742853548151825,0.006450725462822348,0.007916522613686673,0.002218560466373468,0.004261149461965024,0.00796130565779568,0.007321736077196713,0.010049662984381947
2024-02-23,0.0007485877566463968,0.00012801470397396235,-0.0005075544956229832,0.0010827714417459416,0.002009096068838026,0.002374680420061257,0.0011130997640230692,0.0011835031173076823,0.00013292449507780438
2024-02-26,-0.0010451762972872737,-0.0009998947321876114,-0.0005650230588573862,-0.001553895784875855,-0.0006412417407578284,-0.001883510371928162,-0.0011614135334640822,-0.0014276833027094882,-0.001166634742141484
2024-02-27,0.0012420640367276914,0.0016868132145065708,0.0022994408376848783,0.0017964626248531518,-0.0005188065323674164,-0.0005526506683965775,0.001212870234578944,0.001541559312793935,0.0023708491442853696
2024-02-28,-8.933029791548986e-05,-0.0012072940019854372,-0.001824365163096788,-0.0013512656459733728,0.0009026554873601331,0.0007929608604843103,-0.001013817912026209,-0.0010093435772788682,-0.0019737423312920425
2024-02-29,0.00354865387135654,0.003232088873211154,0.0032996961175143238,0.0038481213049042537,0.0018076539534596185,0.0027289252666697545,0.003583095426733791,0.003610190155929411,0.0041066111976107095
2024-03-01,0.007559760902844384,0.00789692102166212,0.00841263758798804,0.00940853328161599,0.003980982713050485,0.005947858384835131,0.008474024175839255,0.008453865305517217,0.009817431532813647
2024-03-04,0.0010335423695920084,0.0008996997011894236,0.001409224219120585,0.000828168698472209,0.0004328659323143297,-0.0015888698880600577,0.0007851022485322368,0.000629241422538858,0.0007801591185384845
2024-03-05,-0.0024523031846732045,-0.003791682433919191,-0.004521960447572985,-0.003085435789745785,0.002122050236174736,0.0015498189708213143,-0.0029021546636776624,-0.0029255461151609327,-0.0052699060208475906
2024-03-06,0.004639052505602936,0.005276126791984258,0.005760049679195146,0.0066343416875790295,0.002493056375874383,0.0036573497633490956,0.00601303023473838,0.006121352422618424,0.006488528590327294
2024-03-07,0.004175747352495382,0.004948603202184557,0.00515736506992439,0.005314506446288391,0.001495791094567444,0.003100661525175894,0.004874240208321365,0.00474509452692487,0.006476336654192716
2024-03-08,-0.0007265697467251825,-0.0013514041963888892,-0.001093321555425137,-0.000661232172966841,0.00014937487289111166,-0.001332564952617799,-0.0005936366801334169,-0.0008789544389608318,-0.001958285207091939
2024-03-11,-0.0009252787941893406,-0.0005689141118989813,-0.0005909310150284413,-0.0010121601845176672,0.0002759539920041751,-0.0002847099638072102,-0.0012469013686945288,-0.0012346692076260432,-0.0012163721877899592
2024-03-12,0.0002709867904171441,0.001620771789337048,0.0014228942434508318,0.00100894779503124,-0.0017603293023748545,-0.0006963944432536839,0.001459330911701292,0.0011194035210760778,0.0025647037791685728
2024-03-13,-0.0001924730932708169,0.0001720512624116975,0.0008051996655750995,-2.2715093366316247e-05,0.00018318377497466093,-0.0010739465415459531,-0.00028878001442433053,-0.00017015450237005262,-0.0001614591918656384
2024-03-14,-0.005559485580598972,-0.004786937203328464,-0.004831624019834757,-0.007177157725723062,-0.003471732845653388,-0.0063857366191975235,-0.006974044620263038,-0.00684832496842453,-0.00605851408298664
2024-03-15,-0.0021719224736288937,-0.002311720479965553,-0.0020060019868732844,-0.0022470024864256065,-0.0005662270456874231,-0.0016674099239387533,-0.002358796884043487,-0.0025816566752250706,-0.0030661580136394128
2024-03-18,0.0018651208584083946,0.0022622341106009495,0.0024049865194053044,0.001577711017450583,0.0004461056349224492,0.0010554605153613565,0.0012766365357190844,0.0013931021410142298,0.002591317030729388
2024-03-19,0.001529315039200158,0.0013874123979563007,0.0010902279411362677,0.0016446743710020087,0.0012306646940351373,0.0030681453139243175,0.0016847703124796237,0.0015813541698216943,0.0017760904957401455
2024-03-20,0.005554295122525558,0.005764548506772383,0.0060329963962395,0.007133928187566652,0.0018730728604456504,0.0032063886658228015,0.007295357068485439,0.006901841098794161,0.007794405045848209
2024-03-21,0.002169929598693712,0.0018116967211339059,0.0019145593567002545,0.0023543808173167226,0.0005094192495325755,0.001138377015034554,0.0022146847940019945,0.0022245208640810626,0.002600903085695929
2024-03-22,-0.0019223131462465072,-0.0024716094295142176,-0.003420990277418625,-0.0028820194134813533,0.0009175461649854061,0.0021527356719885636,-0.00208252888090989,-0.0025018287387572166,-0.0032294924979814235
2024-03-25,-0.0009892729382409292,-0.0005396593797470643,-7.607282567097158e-05,-0.001063123112580829,-0.0006176656144260248,-0.0022263190231005528,-0.001252827584233017,-0.001214574788059096,-0.0009126755047369311
2024-03-26,-0.0010503532482932943,-0.0011422733297730171,-0.0015202754456824336,-0.0010314887347342041,0.00024840338952879644,-0.0004108452988090872,-0.000992095303279293,-0.0010356386652507308,-0.0014066954944789785
2024-03-27,0.006855339494458973,0.006163946103590379,0.006306498545351542,0.008251078808957717,0.0031787712423529207,0.005688237634801575,0.007738310220202271,0.007886501557793702,0.007706301785962598
2024-03-28,0.002211553709209769,0.002492413060125596,0.0028400951805671658,0.00245280533229254,0.0010595803262863355,-0.0004116068316153396,0.0021208888099533423,0.0020018825279054767,0.0023832030607094414
2024-04-01,-0.0033946341147152535,-0.002445015228944491,-0.0021074074354985135,-0.004573207400093381,-0.0029183519785712635,-0.006980184977687797,-0.004266765965411299,-0.00436719765305832,-0.00295883244492164
2024-04-02,-0.0026124537037198036,-0.001760747835586272,-0.001983868722003509,-0.0030772339873845604,0.000101956096943726,-0.0026348555505198556,-0.0024815706978746836,-0.0038229223465802696,-0.0033652395800710293
2024-04-03,0.002887955897200967,0.003090326552964168,0.0035651769424441906,0.00335930047637178,0.0014912248987498037,0.0014783385104402418,0.0026535931983106102,0.003086534398956386,0.0035953779567910256
2024-04-04,-0.0035174988221802488,-0.0036500130435786343,-0.004031826022996832,-0.004043321633580313,0.0003596496423383823,-0.00031773106216339316,-0.004297285222833629,-0.00422191675927019,-0.005767945576344274
2024-04-05,0.0029096596720669253,0.0033875149283072617,0.0038916184338280385,0.0026955804597625817,-0.0005906123009261555,-0.0022741452575787222,0.0027557509880611463,0.0029341266706743637,0.0047577649538063085
2024-04-08,0.00217569174144695,0.002096697657100951,0.002414325005603502,0.0028427221803750693,0.0004480487129316151,2.0670196114941856e-05,0.002111795107831605,0.0027570657751531734,0.002684719382070031
2024-04-09,0.0036540446123856703,0.002807547050961773,0.0026061403645154077,0.004092564801703436,0.0022931134354901876,0.00358580337468176,0.003913343867778344,0.003832420730467697,0.0034282446474668805
2024-04-10,-0.012207600371522177,-0.010251579823618944,-0.010292063880663008,-0.014772995595448528,-0.006151026029917351,-0.011872681101378556,-0.014124228220974287,-0.013600662290846261,-0.013100666353049066
2024-04-11,0.0034576000371150002,0.0033367602194395857,0.0035900084686491603,0.004253026537288025,0.0010364254816787395,5.393663649562083e-05,0.004736961676865716,0.0044680759402651715,0.005891491038182602
2024-04-12,-0.005185874072782275,-0.006068052697479752,-0.006836707408007786,-0.008308392007891541,-0.000305741394349216,-0.00034382980943838994,-0.007610517236999032,-0.008169184098910248,-0.009708416372634426
2024-04-15,-0.005307898076179732,-0.004666779148678163,-0.004583843711187097,-0.007429974101424346,-0.0027061180178716954,-0.008302750969142741,-0.00942576589439174,-0.007967593507785118,-0.007163481368584217
2024-04-16,-0.002755445880429728,-0.002916406485393686,-0.0031173079468149755,-0.0050325986374514355,-0.0014996575006224154,-0.0031437438398403605,-0.005024715332533807,-0.005634066154703767,-0.003979888597043597
2024-04-17,-0.003002458279466283,-0.0035117575314677044,-0.004676612997165203,-0.0029132299552645435,0.0008764865440603954,0.0018893623418719293,-0.002590540553784768,-0.002916711658373368,-0.004859567700001041
2024-04-18,-0.001288504278894124,-0.0009731979685695405,-0.000833553790004026,-0.0011678328000181385,-0.0008437453226991738,-0.002280933683374817,-0.0013543134072457282,-0.001256471019001689,-0.001306964537696779
2024-04-19,-0.0011839085005235458,-0.001293057121861401,-0.001247530310750041,-0.0009194742589242907,0.000621379876084912,-0.0005185172394121906,-0.001723018452472726,-0.0016629073588079043,-0.0027388717380853
2024-04-22,0.0014525160147401673,0.0021425295845350673,0.002768024600258799,0.0036182491458559315,-0.0008110310493350224,0.00301181454634193,0.0054117917909590856,0.003982113046133377,0.0037010929108805954
2024-04-23,0.005009183029317642,0.005358869774995617,0.006077591781758269,0.006724257199846643,0.0012558842163712398,0.003910929225201598,0.005908821883101191,0.006701799932840069,0.007573299039459937
2024-04-24,-0.0010725602431536925,-0.000826334228906263,-0.0006327230709483802,-0.0014673615779343824,-0.0015324535698435062,-0.0027301632579550985,-0.001839712951781188,-0.001607428062711802,-0.0008534787439692747
2024-04-25,-0.0018207074926520413,-0.0010787356980263387,-0.0011852744605280175,-0.0022728818138439246,-0.0009443168820677719,-0.003164283921797553,-0.0022193911520231677,-0.002464250587284589,-0.0020412416278611186
2024-04-26,0.004653740045602649,0.0048829502073162315,0.005086430993998286,0.006108143217237263,0.0022283368852711225,0.004634881126191863,0.005371495665083913,0.005980701374707741,0.006756027363168663
2024-04-29,0.003329496041489997,0.002995622091606353,0.003402937199075206,0.004668390839388961,0.0019178260973597419,0.0040014181310779,0.004186209522984505,0.0041584360198319795,0.004040121257833616
2024-04-30,-0.010801027337721186,-0.011032240838525345,-0.011414973146768209,-0.013185915960385345,-0.0048307139193891615,-0.008208437301667908,-0.012427990355738112,-0.011765014584619553,-0.013936489508014972
2024-05-01,0.0003597041671045918,-0.0008500026356344238,-0.0013305480655962563,0.0004972596718448316,0.0017424712501032107,0.001988231940674212,0.0005954875211992785,-0.0008856061735683683,-0.0007613942385631437
2024-05-02,0.005981727407735582,0.006570847699045865,0.007932301658594574,0.009584304830580509,0.0023421754537955655,0.005916151259423139,0.008597186696684621,0.008546885151026237,0.009366121582264691
2024-05-03,0.005966334975435211,0.005800678129573256,0.006136558673650446,0.007915701173425093,0.003236553973007009,0.006952948993465633,0.007150825659146689,0.007118991143406014,0.00854027627672769
2024-05-06,0.004785865348494975,0.00514770290421392,0.005146107114072634,0.006091320060673594,0.0025591579435370565,0.003484150468912654,0.006323183231985566,0.005736121712228531,0.00701932643643625
2024-05-07,0.001056630462898759,0.0005155903174598258,0.0007652288277986769,0.0011453054789329563,0.000731672980746018,0.0014937978365649706,0.0010637282133747945,0.0011886284800722477,0.0007884381467016016
2024-05-08,-0.002678034108535196,-0.002393520286022192,-0.002637781772653246,-0.003124725786436968,-0.0016080939434133723,-0.0027524650706549714,-0.0030866393924023085,-0.0029936408970137,-0.002653181431608433
2024-05-09,0.005534172557868542,0.004981664359870246,0.005327938980605452,0.006543148398081812,0.0025098343076447273,0.0026193037514147225,0.006092644862018395,0.006067174400142093,0.00633398674650299
2024-05-10,-0.00040537727325945717,-0.0002481701937062301,-0.0006271708930467028,-0.000827206919843733,-0.0006275557351748167,-0.002282786910126544,-0.0009614415193945597,-0.001027711776300053,-0.0001265230911695428
2024-05-13,0.0003384642468797829,0.0010591529094235008,0.0015825002669353104,0.0011982063736152497,5.515595468424526e-05,0.0011241368340373387,0.0010436598589268974,0.0010064959032740008,0.0009570055142496289
2024-05-14,0.003987688806557584,0.003479236145225868,0.0037030495812302605,0.004912968550645,0.0019962875802363974,0.002961695092193428,0.004533522933312795,0.004650357470493554,0.004920269662068022
2024-05-15,0.008761576918405787,0.008392260601990005,0.008472602219731716,0.010593797177921273,0.004998304596664403,0.008738710878810684,0.00977654442425354,0.009944868319762431,0.01068496717282551
2024-05-16,-0.0016490140469934804,-0.0012727360318383904,-0.0013855814311163935,-0.0019593760577664328,-0.0007380859297353375,-0.0016028992728364195,-0.00199059932723318,-0.0021133282457756674,-0.0020263560638284655
2024-05-17,0.0017951907483063922,0.0019927561813415503,0.0020460279430154437,0.0019986136522124488,0.00048041363775282555,-0.001330205760593358,0.0016713534511336055,0.001366520773691171,0.002550392550928917
2024-05-20,0.0013249460669956918,0.0012965071315068626,0.001521117647702539,0.0008284663855838241,0.0004520297628175219,0.000341703449127842,0.0007538663767770052,0.0008969660656734927,0.0017764761217628224
2024-05-21,0.00032714721847419665,-8.387404599154632e-05,-0.0004427645913048475,-0.00014449570247676693,0.0008056538468369643,0.0015214411413067713,0.00012956566984774837,2.1845996837918676e-05,-0.00014584839906380093
2024-05-22,-0.0047505099260450314,-0.00457699639362041,-0.005069295373792598,-0.005822181750874105,-0.0021043354305972273,-0.002006525402334575,-0.004865618612515201,-0.005198358605354018,-0.005902738697409153
2024-05-23,-0.007487327806920767,-0.006639800543141399,-0.007062657094121627,-0.008805715850464994,-0.00338376347499522,-0.004576452604220058,-0.007344677168075626,-0.008914824515282362,-0.008544508025953742
2024-05-24,0.003566956603424901,0.00400222446743768,0.004506675418970835,0.004746190582188358,0.0016864649110274368,0.003559767760939999,0.004190847987507122,0.004895474614209599,0.005323361108286538
2024-05-28,0.00022014994989034406,0.00024388171833020163,0.0009266023292014632,-0.0005716416997551905,-0.0011480300205520904,-0.003808176503574978,-0.0011329748964975836,-0.000845441932244972,0.0010367775320880577
2024-05-29,-0.0066382467037937555,-0.00731228713000483,-0.007775441339649403,-0.009576908306697385,-0.00370482656507792,-0.006066611287621948,-0.008869815675412073,-0.009275700999551068,-0.009116318815825935
2024-05-30,0.001758227129788244,0.000551998143224237,0.0001998934252192631,0.0021645425620563995,0.0016508239224316014,0.002496133668251901,0.0020347247715028546,0.0013522492614240283,8.421987318638621e-05
2024-05-31,0.0028840613902011178,0.0027577587721294462,0.0025756440821921786,0.003576063118319435,0.0014167792131126668,0.004023968324306242,0.0036406567149052252,0.003281012435550194,0.0029867305935838227
2024-06-03,0.0025240772163636765,0.0023761035239792524,0.001016745553485673,0.00324635024157283,0.003352977311314696,0.005068735538053839,0.002995739169501985,0.002784048455873716,0.002361146267821958
2024-06-04,-6.674564868317956e-05,-0.0004815750884741514,-0.0015067848962935578,-0.001255461812809646,0.001170283353933234,0.0029653985281780423,-0.0017351122311909733,-0.001033650300248597,-0.001659486022467825
2024-06-05,0.006471892674324492,0.0071363435535600605,0.007508886853375898,0.008472570979827175,0.0033723083515369867,0.005726705264350071,0.007807535938055112,0.007885898448227503,0.009538173330272143
2024-06-06,0.0014181451424625509,0.0013900041763864454,0.0013771951930391254,0.0015819823327886705,0.0007700105636769347,-0.00015079955612365772,0.0015466997121543079,0.0010709683616939645,0.001636234738398692
2024-06-07,-0.009903454520301279,-0.008216349400208012,-0.0076270922671006275,-0.01138826081405983,-0.006946198987800749,-0.008052185830924227,-0.010542573830041927,-0.009950705892504784,-0.010055226359610113
2024-06-10,0.002449630140463644,0.0022140324912510844,0.0028634601277511386,0.002727640220888739,0.00044653614077472183,-0.0002468775917126965,0.0022865844815097044,0.0028772659032854793,0.0034372628434444787
2024-06-11,0.0015765274586748757,0.0012986768177700204,0.0005728348151560619,0.0008574151466123641,0.002457551902932422,0.004098027902748003,0.0008531869528379518,0.0007702980571271811,0.0009092787588344877
2024-06-12,0.005901846325562601,0.006462300729689242,0.0070526125073466965,0.008029991940014167,0.003013423664166257,0.0061322606460508175,0.00817891603872662,0.007303614880019851,0.008241674934913134
2024-06-13,0.0008810855413469204,0.0011644185069624438,0.0005800074157352142,0.0003913930125244381,0.0022672821402022897,0.0046881577673079464,-6.11538335362718e-05,0.0006539314167189247,-3.774699006270139e-05
2024-06-14,0.0010357375094718158,0.00037040275015946106,-0.0008132662955456864,-0.0002924712260838177,0.001851466299420639,0.0009524498250938505,-0.0002495316762835518,-0.00033771390659517275,-0.00010087492604199844
2024-06-17,0.00015787993499185207,0.001637874675617563,0.0027164896029510245,0.0012190096312093067,-0.0015334778920749284,-0.0013270769319634044,0.00030529701147999886,0.0010680194547634102,0.0029752576117275447
2024-06-18,0.00336315567646219,0.0034552217810230957,0.003266877275689281,0.0045815392405310525,0.0027392794585471645,0.004359245979465178,0.004056676033843931,0.0040363478591111815,0.003798378674450063
2024-06-20,-0.0005263101222483427,-0.0016147437365779133,-0.0019418708248682523,-0.0014243789566631686,-0.0004413091277375717,-0.002854031379242869,-0.001512831696878296,-0.0015489729018022004,-0.0015227036824181847
2024-06-21,-0.0026731988546754627,-0.0019577800060086707,-0.0016882687260646853,-0.0026517216548168385,-0.0012714374415013772,-0.00035250334043551506,-0.0023077144968809884,-0.0023357410039435756,-0.003015730693885596
2024-06-24,0.0013549625459581482,0.000513452450054805,0.0004971619147664896,0.0018627925320389247,0.0009681995443962527,0.00015419048131092204,0.0013911916615598427,0.0016044710581901906,0.0005564129549568833
2024-06-25,-0.0007720754706647131,0.0002854284391447812,-0.00034658834502681717,-0.0009306269404024288,-9.822280260585168e-06,0.0011211438380977548,-0.0003737587668384904,-0.0006679855115020803,0.0001431763612111414
2024-06-26,-0.0034688013588643246,-0.002602151084784861,-0.0017023850153476034,-0.003961350545802183,-0.003104863755787401,-0.0043527349839832,-0.00458282285045255,-0.0036407348796859487,-0.002720371574309093
2024-06-27,0.004209576903040335,0.003107471084993139,0.0035186333848822174,0.004264552323864599,0.0020878174602260453,0.0023074532688211204,0.0038637599664488767,0.004100669515470774,0.004125402292775879
2024-06-28,-0.0024093959631190653,-0.002667094502912822,-0.0015077631182856622,-0.002588083519546959,-0.003398220748567029,-0.006129267437816005,-0.0025448622710799542,-0.002679178766291319,-0.0021912522312753633
2024-07-01,-0.0011552011033856442,-0.0009119055449636378,-0.00020218206084360473,-0.0017623230791815564,-0.002121378533673288,-0.0038984319964028963,-0.002242643199922268,-0.0018212491966322563,3.035386585225628e-05
2024-07-02,0.003471854965015438,0.004097637406815586,0.003975154702930607,0.004381085129508923,0.002392379531993771,0.005020157102883927,0.004233284110205786,0.004222529704529502,0.004663166700153032
2024-07-03,0.005767016923993221,0.005615840028468871,0.004912866278719192,0.007075591389528124,0.004233170904189226,0.006517281950070897,0.006121643771334628,0.006398747695433797,0.00663992123111709
2024-07-05,0.0053585712052115,0.004748518785545729,0.003965504193803177,0.005340359656774829,0.0035296373435582495,0.005243645659394102,0.004597282566620183,0.004970772069547882,0.005643795310719505
2024-07-08,-0.001978224132297236,-0.0006653665016384005,-0.0005002415844454929,-0.0012300928660763104,-0.000977834496779956,-0.00011046492968340771,-0.0007697327012532005,-0.000962487766186744,-0.0012690633322391233
2024-07-09,-0.0012327506275699182,-0.0008794246286393897,-0.0011030194886029912,-0.0013873003877038468,-0.0008679995644294264,-0.0017165211505081204,-0.0017259400265578243,-0.001346871693163838,-0.0010325586312228481
2024-07-10,0.003854245177733214,0.004901815699036409,0.005157264025322685,0.0057982763431187676,0.001569931716291109,0.0032111201839265043,0.004673149930009004,0.005619843747740029,0.006467277173612322
2024-07-11,0.005874899448826738,0.00264242874227542,0.004382446410239024,0.007389977483235504,0.0032866151086242477,0.002850213013483911,0.005802812230116105,0.0061955796472794485,0.0038929040366950415
2024-07-12,0.0026142463184991313,0.0035184289769940405,0.0038408338831368294,0.004509053584496499,0.0013073715148217652,0.003122611227196992,0.003865248880478332,0.004074757604144019,0.004583825256437609
2024-07-15,-0.0006857858317492101,-0.0007553486812000804,0.0005122838090484603,-0.0010288100894487045,-0.0017789803770901507,-0.00296455812058933,-0.0006969395032850893,-0.0007594305592961255,0.00018846668413525895
2024-07-16,0.0073856912106367145,0.005824141362385161,0.0065644895560902,0.009012944164559052,0.004242464764726083,0.005445674911026596,0.008397413454492925,0.008599731358937499,0.008226201832590882
2024-07-17,-0.004294508710258927,-0.006360097471562708,-0.0066670280928699975,-0.006093831732581347,-0.0010722645198485605,-0.003148000135953183,-0.006239255002998053,-0.005642659247668938,-0.008728793405303654
2024-07-18,-0.0052194438696019085,-0.0055672023564643045,-0.006221649871688873,-0.007573873560412045,-0.002528933439523168,-0.00445378044966134,-0.007153334866068453,-0.007616723891514189,-0.0074151871184228255
2024-07-19,-0.0063671623792724945,-0.005480018520141317,-0.005416921661670913,-0.006962878276397921,-0.0033172908483492694,-0.004266124468824358,-0.0060913526919586835,-0.006792402738573578,-0.0073135661883654115
2024-07-22,0.0035500827664584774,0.005368539733370893,0.006332260837615083,0.006039808581296501,0.0005773437208608397,0.0022285830396940355,0.005049036148332521,0.006497341471314026,0.0073276552125701375
2024-07-23,-0.0004933512461444702,-0.0014522862934001372,-0.0013453953128406042,-0.0013980821481942942,-0.00023185247215085861,-0.0008542325329533041,-0.001013107943122823,-0.0011457521609003361,-0.001366814859181257
2024-07-24,-0.009232682382398829,-0.011335564151363487,-0.01174563352647643,-0.012426669125252175,-0.003484593454075518,-0.008283805953228822,-0.01222919708995616,-0.012395173622042618,-0.014847345931246526
2024-07-25,-0.0019182361155505093,-0.0016156518087554175,-0.0011423094770100885,-0.0013646285111592047,0.00023944804521111173,0.0012044903461193954,-0.0012866711817995935,-0.0022736709000438057,-0.0027743506905212314
2024-07-26,0.005874668519318273,0.0063480020287329806,0.006160310749879878,0.00830323696739193,0.002845301272738016,0.004942231369612207,0.00895259494444307,0.00817926958597746,0.00845888634300946
2024-07-29,5.739527125175502e-05,-0.00015324935973640342,-0.0006344512384720532,-0.0007304980160230599,0.0006831937092813251,0.0010788120473200263,-0.0008815432501954741,-0.0007322203884938658,-0.0008929914523150273
2024-07-30,0.0006619885230394078,-0.0004917518758364504,-0.0006362786700560718,0.0003841072924220594,0.00100769867087864,-0.0002548098638244546,7.516428774766681e-05,0.00015294853532596208,-0.0009099046132162255
2024-07-31,0.01101817571499281,0.010549210580205635,0.010521333910876647,0.01260621069670342,0.005743975048808208,0.009357537035163037,0.012094030804344832,0.011682328980421784,0.013992866066498945
2024-08-01,-0.005423763564890745,-0.006399626457711623,-0.007437111107537846,-0.008895022913967928,-7.383260543290372e-05,-0.0013356983574840564,-0.008781558788379816,-0.007500178562432435,-0.011463392368100123
2024-08-02,-0.0031164039484446117,-0.004242466942687936,-0.005938252353243802,-0.006313839225364022,0.003657764286119274,0.0052255330802219785,-0.007867854149639539,-0.009346669234695452,-0.010228219609627281
2024-08-05,-0.007839203657246897,-0.009403159602464345,-0.010034701056295654,-0.01570064969352713,-0.0020758651347536367,-0.00322710168078174,-0.020404735084214864,-0.01701110804914421,-0.017942572872741563
2024-08-06,-0.00039344402775851647,0.0009818951534893501,0.00169571075283077,0.0005341697503778593,-0.003951234713342006,-0.004972146501880119,0.003028335269412137,0.003323069471069543,0.0022332922186482176
2024-08-07,-0.0018047357122853741,-0.001569016025778316,-0.0013881396031853082,-0.002513158617059418,-0.0013293537901833672,-0.002672527510062432,-0.003166129720874893,-0.003818337833523929,-0.0031568100748814803
2024-08-08,0.006709613474718259,0.006771613360927671,0.007209055544850333,0.01221631981581818,0.0020675934653004123,0.0013020209133514653,0.014457843714149822,0.01306205270818827,0.014677484087673071
2024-08-09,0.0022286850626434106,0.0022901623189222086,0.002169903887643707,0.0040528274719521095,0.0025524019778949258,0.0031086852484599773,0.003553965255970104,0.003457711911739725,0.0037890650129298593
2024-08-12,0.0022272147820686537,0.001150472992853,0.0011850846026083344,0.002411811013138791,0.002745934258552366,0.0024591126134579037,0.0008863963342795428,0.0017441027543276838,0.002447767063225164
2024-08-13,0.004378117741546757,0.005055599349205696,0.004658312730978823,0.008867289410281127,0.002536561195652895,0.004492344110987973,0.009665857493192659,0.00817488342924297,0.010013944938690334
2024-08-14,-0.00032320788497328145,0.0001941604447463794,-0.00032985400809915,-0.00020700028101299352,0.0005846781457577249,0.0007743759885185693,-0.00012466848201691543,-0.00010850512293366561,-0.0004798768802764379
2024-08-15,0.004053881153044332,0.003765328683075256,0.004425321717508817,0.007101370554568925,-6.48232845944463e-05,-0.0012759214745153111,0.004763581825504619,0.0059939382140092095,0.009734518031951044
2024-08-16,0.0025382794148601177,0.001954002737453369,0.0015942387375702475,0.004193567232842507,0.002467512302783677,0.0015483586409256083,0.003618746990666171,0.0035487246712088607,0.003978096281724777
2024-08-19,0.0026763629301401227,0.0031687348481920065,0.0031727727342025394,0.00564825943732638,0.0011869652324118074,0.0019120287907666033,0.005201922714385564,0.004664782356320358,0.006298523950330326
2024-08-20,-0.00016131973730931258,-0.00046637573278902514,-0.0011682999823320107,-0.0011827041432670403,0.0014684191398179134,0.0017426255716829775,-0.0004958728168018379,-0.0006439057108129438,-0.001638034240773115
2024-08-21,0.001866828461288992,0.002175439298619014,0.0022857528377419616,0.0033614844054809545,0.0006086770258717597,0.0016152526998888727,0.0030105697915963395,0.002934796273124029,0.0034798105457215373
2024-08-22,-0.005887770741684334,-0.004988463784668563,-0.004764617525758892,-0.006745096060862545,-0.0032094971696022263,-0.005273698219210841,-0.0060860935347877825,-0.006012898483658985,-0.007392768307763761
2024-08-23,0.01031439649863604,0.010093582876894467,0.01143267032812683,0.01340780041636482,0.004114425092525383,0.006933714101311147,0.013547843732702694,0.013612761856256133,0.0133720765080216
2024-08-26,-0.0006817030719768327,-0.0011897083484424652,-0.0009692364990498834,-0.001558366940194533,-0.00012523086014420485,-0.0015481320599598737,-0.001662267497884206,-0.0011104088463872372,-0.0019280484654877392
2024-08-27,-4.571075654465148e-05,8.719072550783291e-05,-0.00017511561337763925,-3.9447434337275134e-05,-0.0001010550202129533,-0.0004451146289836445,1.2305740148156999e-05,-0.0002947274749783445,0.00028456313501996563
2024-08-28,-0.004648093473913644,-0.003876014179823751,-0.004482233748805776,-0.005091761365565328,-0.0016367960844885826,-0.0027624003960122624,-0.004587418410960275,-0.004625646849100605,-0.0058416915147130434
2024-08-29,0.0015107411718220172,0.0007964414080133052,0.0013477385026264646,0.0014695927277485652,0.0003197467074761315,-0.0003739963356206652,0.0007923201098886665,0.0011736548610668575,0.0016074189062559652
2024-08-30,0.00023148620534626515,0.0006445800032920024,0.001132182842894011,0.00045115424158857786,-0.0020970302654075273,-0.0015494678462276874,0.0006317830326860607,0.0004142365903194503,0.002076978785485593
2024-09-03,-0.008952698590131026,-0.0071696172882578756,-0.009334807190026082,-0.010010864318519115,0.0002553876854966456,-0.0017577531259767053,-0.007344648916860963,-0.00936962454292296,-0.0133720139429598
2024-09-04,0.00046937226324171447,0.0011658075441234395,0.00044088906835933054,0.0011323909243852583,0.0023964572329557426,0.004076783883448187,0.0002546820516999326,0.00022887456588120548,3.39698886574521e-05
2024-09-05,0.0016843006613325843,0.0012666454826495233,0.0008518562708627763,0.0015716401489460682,0.0021569165169947613,0.0027804038893560153,0.0007980568026584245,0.0013313679091014878,0.0011465889092870084
2024-09-06,-0.008951736780431192,-0.007688032471238129,-0.008351598001585577,-0.010218241472549619,-0.0019159293210644496,-0.004154058693770239,-0.011142967069932565,-0.009637355488497685,-0.012189366062545956
2024-09-09,0.004758668886017073,0.004988574372854409,0.00510761044598864,0.006124055305853647,0.0019196398612645164,0.0036900979986607793,0.006150539712868128,0.006469116260653412,0.006808498507115688
2024-09-10,0.001657057396193697,0.0021595386258213413,0.0018440845034664363,0.0017025566286349208,0.001354087582159118,0.002217723139677035,0.0019211811361404614,0.001724306877701234,0.0022235416005840216
2024-09-11,0.004582008852217671,0.0037901079460213698,0.003955866483430766,0.004503237770462925,0.0009926847798141225,0.0029126491440356426,0.003688083019524259,0.004194031851426514,0.00609195502450603
2024-09-12,0.006899392278634321,0.005076251792909836,0.005824192546332106,0.006894100867389101,0.0018877906396311684,0.0017305332977570688,0.006496426950945221,0.006113467964898827,0.007898448212944076
2024-09-13,0.005248066618692013,0.004616063993975973,0.005192651823209357,0.0061531082982586175,0.002031503883682508,0.0030606455630494533,0.005750184432991215,0.0056663195158555115,0.006282308935176577
2024-09-16,0.0021042877299739192,0.002554876559491408,0.0024219427384515892,0.0034385897257159103,0.002080058295776596,0.00338171346417181,0.0028367021737708015,0.002946755887414421,0.0024308206633371038
2024-09-17,-6.909297830787745e-05,-0.0009066621764733346,-0.0004476877015523931,-0.0006004123658707547,-0.0006355891003004107,-0.00040814189608199105,-0.0006836450699927971,-0.0005534471021617648,-0.0003745870326478904
2024-09-18,-0.003532632690560581,-0.0033475037699739886,-0.0029194594115545683,-0.004102493030500963,-0.00288382362424274,-0.004037129051629091,-0.0037128812426078634,-0.0036885937318251235,-0.0037585284543902074
2024-09-19,0.010633315034585741,0.008134805950208834,0.008845681728918914,0.011374106229193553,0.002658005430472367,0.004482961633959618,0.0099004746331557,0.01083801850394271,0.013323358404116054
2024-09-20,-0.0006315581350347198,-0.0011196966006183878,-0.0013360178403892906,-0.0016376796298518785,0.0005545190852556382,-0.0004989176348172283,-0.001076764400413039,-0.0012060230176762132,-0.0014887223499407967
2024-09-23,0.0009466235036808627,0.0014029363727256874,0.0016212248115527984,0.0016064003313379929,-0.0001743397400635862,-0.0006843863374465637,0.0010130773046299472,0.0013353198803121463,0.001827192141062699
2024-09-24,0.005037526605007544,0.004543034182195406,0.005356552054901534,0.006981278703447388,0.0021380113442780522,0.0020551199707970016,0.005842416973746933,0.005751244275817541,0.0066527431981747475
2024-09-25,-0.0036916627825972497,-0.003907551771115926,-0.0042147578599078936,-0.005463134628390719,-0.0022579885848763607,-0.004080960570915063,-0.004952514457743994,-0.0047865079138026305,-0.004526373362783599
2024-09-26,0.0024387329274196162,0.003021123756952328,0.002718348009160563,0.00546704393010024,0.0006239019055711991,0.0008607412720219122,0.00472205220865039,0.005006445140657999,0.005339969392899615
2024-09-27,-5.933392034907497e-05,0.00036528190646507055,0.000663220910188352,0.0004711576668603181,0.0010327386104850463,0.0027009135517551295,0.0005695327223461044,0.0003838852887100282,-0.0005484936592192688
2024-09-30,-0.000913653098245961,-0.0008417853684297106,-0.0007750377828497695,-0.00195580849431005,-0.0014459402432453845,-0.0014112562801549334,-0.0016784284514356734,-0.0014764372805066805,-0.001065466119402017
2024-10-01,0.00015424479909359362,-0.00039221471239019506,-0.00033143526251601515,-3.649759210548391e-06,0.002498542049164059,0.0016722521616986982,-0.0010874230093808656,-0.000724082236935699,-0.0019035922985546087
2024-10-02,0.00023927544598586854,-0.00016523773376856605,0.000868394018352038,0.0008107848438968513,-0.0008736862385472124,-0.001542571028910201,0.0009726230207717936,0.0005687993715255053,0.0010294341041015161
2024-10-03,-0.0015656614072256298,-0.0031660008320201676,-0.0025319678992747636,-0.004114512759743485,-0.0016278894677891605,-0.00363066499369079,-0.004207431498487495,-0.003863347541087074,-0.003179548291861933
2024-10-04,0.0016449619364092933,0.00034114751918591906,0.0012785866121790218,0.001436140275998822,-0.002243577657794432,-0.0031760995116223672,0.0014211173263922242,0.001970902379588639,0.003374888998739032
2024-10-07,-0.0030586489489214464,-0.003686578372877363,-0.0026289787637049904,-0.0036688841578716995,-0.0018388992165375817,-0.004497935993900734,-0.003479999353733586,-0.0037689086003780585,-0.004230236734955298
2024-10-08,-0.0007163083916429533,-6.699194618675564e-05,-0.0017587035431417214,-0.0019241440755519265,-0.00032114589388968065,0.0018547541452562616,-0.000918583851876196,-0.0015299387190231871,-0.0003618455577067223
2024-10-09,-0.0007870548452536538,-0.0005309120725596767,-0.0007809697392506511,-0.0011148110767179044,-0.0015150531924680583,-0.0013802508464834304,-0.0013506065429350386,-0.0006210027354091702,0.0002039007902761103
2024-10-10,0.0014282443382640014,0.00017554187881373636,0.0006515685778004485,0.0004027812683322132,0.0007839282033231613,-6.712283714018294e-05,0.0004455700396249532,-2.160510368609422e-05,0.0005329963369578965
2024-10-11,0.003763963785226573,0.0037548819139245253,0.004377962456355485,0.00514948118059866,0.0008456924917607084,0.0009849208466920574,0.004995825908231454,0.004909257288687827,0.005455737737435966
2024-10-14,0.00028096957759844786,0.0011041039174893592,0.0006567799653609831,0.0009313637634576697,-0.000359776181677105,0.00034049092122084124,0.0010129068274883637,0.0011052289956382192,0.00190936883122494
2024-10-15,-0.0028683369488866402,-0.0020581412996956614,-0.0027584206094014804,-0.003337091398090418,0.0012790735493677582,0.001039311949154846,-0.0029333930172210382,-0.002868073349661936,-0.004918429493389372
2024-10-16,0.0028437310104006534,0.0033312750741014713,0.0036980337302685825,0.004584556170558826,0.0014285574550206815,0.002293328717252707,0.003992791163197446,0.004560037446894087,0.004279434816236229
2024-10-17,-0.0017103150561216004,-0.0020421228161788575,-0.002051336159850097,-0.002833354630427533,-0.002324950428485948,-0.004829265813191492,-0.0026341830977262945,-0.002768522025778553,-0.0015681331907803533
2024-10-18,0.0022286830972784457,0.0028529274010030345,0.0027445361759490137,0.0033896368359176295,0.0010490854590718961,0.0010465772050797673,0.002694346084421519,0.003342396100883846,0.0037996192076115427
2024-10-21,-0.004538765820736055,-0.005411690096322391,-0.005695709691484894,-0.007558526071037829,-0.0035467793698539703,-0.00680633734122935,-0.0068937887350444095,-0.006916370581341956,-0.005816049035229789
2024-10-22,0.002878499954025855,0.0015725667325277156,0.0016500685729194625,0.0014196788935062,0.0014574517333290136,0.00050075116558522,0.0015657372965906615,0.0009022746522801364,0.001662691793513759
2024-10-23,-0.00542282913614233,-0.004825178960142951,-0.004717899266171345,-0.005976348765992798,-0.0024901496148820794,-0.004345353050724432,-0.005776793291372682,-0.0059687822722390375,-0.007164966194191964
2024-10-24,0.0031571278356025017,0.0030145986775480522,0.002842628404975967,0.00336800909289299,0.00214221012795035,0.0031759121399875666,0.0030597620655392083,0.0031817296341303688,0.0036697851187162222
2024-10-25,8.763491138022679e-05,-0.0006183764750639141,-0.0005343393128887021,-0.0011518976475595399,-0.0004396813022175423,-0.0011821807942592737,-0.0011497599936013939,-0.0011949093999501096,-0.00019459227542854924
2024-10-28,-0.0019473137568816851,-0.00012154322365466556,-8.952285233164438e-05,0.00042172324307987967,-0.0013122513331676755,-0.001462904135668563,0.0006062008957432703,0.0011389432793559924,0.0006370539397372823
2024-10-29,0.0014486878395335823,0.0011236963072472595,0.0007416201060304314,0.0005438444488232918,0.0013015191202887981,0.0011953239863113304,0.0006452922066046059,0.0005038511538434953,0.0015424332222910323
2024-10-30,0.0008231010446902405,-8.626826648207371e-05,-0.00012064517492376305,-0.0006037836674632432,0.0007112124653492681,-0.0006961817771980491,-0.00028960207867901146,-0.0009725610310678956,-0.0010454491271158456
2024-10-31,-0.006685371680385035,-0.008048800869678154,-0.008231573808453093,-0.008668013802801012,-0.0018836666723891593,-0.0040909959224623505,-0.008191604549001466,-0.008601202303350984,-0.011266791550862906
2024-11-01,-0.0028337431389993998,-0.00191267178615537,-0.0017773273877123375,-0.002599733458196339,-0.0029031271793684916,-0.00381823014260099,-0.0019386394209716512,-0.0020302510463789335,-0.0009322719541070501
2024-11-04,0.005083613960761758,0.00396155428078561,0.004346820405324964,0.005547167851414882,0.0037312554620647174,0.00571232080020131,0.005369605683804935,0.004895220944639656,0.003921699140190909
2024-11-05,0.006294119874844135,0.006732081122930327,0.007194491631808538,0.008487247036346394,0.0022311829044285546,0.004705466892885067,0.008364803374844453,0.007729364006842239,0.009023674136140313
2024-11-06,-0.0029802006670763227,-0.0011283525596331914,0.0007820165199105482,-0.0021564367763226046,-0.005921247417090323,-0.003427484286875109,-0.0010041221210298386,-0.0003778888312903122,0.0027429934211866684
2024-11-07,0.009013813668095333,0.008809412159955055,0.008389602931258235,0.010936797369495651,0.005421228237307712,0.008766526955852534,0.009210013522189121,0.010405707067276357,0.010653159448571911
2024-11-08,-0.0005469970171865949,0.00014639259992255203,-0.00020949415060717464,-0.0010786033968012672,0.0010354790447475205,0.002745575999893825,-0.0009053547355040505,0.00026482394662910125,-0.0010492995599595623
2024-11-11,-0.004791028312870318,-0.0037649441155438463,-0.002819635414579889,-0.003940934412541453,-0.003147540290158484,-0.0024713684821882037,-0.0039037126502873814,-0.0031871870109663057,-0.0034527382142852756
2024-11-12,-0.0071240925701194216,-0.007213945267424571,-0.007390289884350605,-0.010240418899417935,-0.004106585957418346,-0.006773461900894557,-0.008859489436091942,-0.009890371818098901,-0.008778581077903346
2024-11-13,-0.0029186390326181068,-0.0024522285665548216,-0.0022517978438787293,-0.003715763457116975,-0.0021668116894912907,-0.002290702099780205,-0.003804435006931388,-0.003698724181238527,-0.0032662278437476417
2024-11-14,-0.002306446182291648,-0.0028475608016763406,-0.0035384284569738487,-0.003308673255225549,8.50614099967313e-06,-0.0010374862267942522,-0.003008700387538832,-0.0035396287158987664,-0.004247353587329382
2024-11-15,-0.004835206649842055,-0.005025834703431628,-0.0056461710345582835,-0.005294645888826465,-0.0012497051787631267,-0.003239407023749837,-0.00624874533037456,-0.005765852461882143,-0.007707515465497218
2024-11-18,0.007041268544978188,0.005909410984163008,0.005847512789381354,0.0072032326010593156,0.0032444956747844545,0.0035110862413813763,0.005996714289988958,0.00675159071922649,0.007395172380619035
2024-11-19,0.003548352771636372,0.003272953749751077,0.00327243233893363,0.0036392312890305353,0.0020841610650948056,0.0028397200387491857,0.0033764035521509353,0.003602150142645093,0.004068242588309077
2024-11-20,-0.0002309512580914488,-0.00025820425604291565,-0.0003069921079856987,-0.0005208896207385418,-0.0002436526675960262,-0.001279284966202206,-0.0005716028558305262,-0.0005503235230358475,-0.0001436150570106582
2024-11-21,0.0034370895880428305,0.0031128879521845026,0.0034241071068097737,0.0035822334825084713,0.0009754968345625167,0.0008698876500831447,0.0033484229872414346,0.00312934807900251,0.004303569224966624
2024-11-22,0.003618895802932324,0.0032300035791050633,0.0033600987900110238,0.004192628810428764,0.0013611018517594334,0.0009834175834612284,0.0037213232736814654,0.003656356078463836,0.004562986860347457
2024-11-25,0.0014071703406461397,0.0027041412391511886,0.0031568396103921347,0.004088294390257374,0.0026735623389040463,0.008675575904430539,0.003700310740713791,0.004266781259049483,0.0020303737009248805
2024-11-26,-0.00015947066565448898,6.427173970123521e-05,-0.0001305357014930963,-0.0009398919936536319,-0.0005479855639317458,-0.0011149400043170478,-0.0008791254932690521,-0.0007655128446569854,0.00013337354143275892
2024-11-27,0.0006219695648657492,0.000669586408235589,0.0005192441853269142,0.001507996193022973,0.001415158976873433,0.002063823511980714,0.0014032095783541576,0.0012916708397627736,0.00011797113519747718
2024-11-29,0.00429334222628545,0.004007033139049168,0.0034019761223771532,0.0051148935960237,0.0031796360949932576,0.00506671612769033,0.004823378413796914,0.004564252692574401,0.005242990637321353
2024-12-02,-0.0011132741227471673,-0.0005165946743206223,-0.0005602057366326556,-0.0006812515250248458,-0.0001956067218461214,0.000981586200204485,-0.001251072921210462,-0.0005887636369428772,3.1446557711228846e-05
2024-12-03,0.0003180105692057011,1.8663998095348077e-05,7.411018981733852e-05,-0.0002146776756173775,-0.0007406818910048135,-0.0016559566317642513,-0.0007726074619535082,-0.0004574237097807727,0.00043617402079672627
2024-12-04,0.0027974982626500287,0.00311485776308443,0.0028440343297500173,0.003499895921889217,0.002509268151609573,0.00471067485850714,0.0031163549375306998,0.0032958018686402427,0.0040289489708622865
2024-12-05,-0.0018131373718886044,-0.0012747037776931383,-0.0013884542198893295,-0.0012484234628939357,-0.00048126485172508143,-0.0005301269224754297,-0.0012208139544683892,-0.0013370287261348717,-0.0019260719668779986
2024-12-06,0.0008661600652159626,0.0011957747487528587,0.0012134213153688574,0.001032732754181431,0.0007872603150865412,0.0020611038375237885,0.0009949297797941339,0.0010575428899172465,0.0017064906711847267
2024-12-09,0.00020505086150292656,-0.0003945059068777288,-2.833665281280951e-05,0.0006473059622863216,-0.0007162520680541831,-0.003178808133235031,0.0003569348750390767,0.0001755478091011097,-0.00011666260710374374
2024-12-10,-0.0011033861492247374,-0.0026215295542946766,-0.00330937236558258,-0.0035576955665632295,0.00015712349882315298,-0.0016161723110985737,-0.004148870651695377,-0.003351362686008954,-0.0029732689870132713
2024-12-11,0.003882273676106094,0.0036925412202056442,0.004191892948068799,0.0037795031317245696,0.00030555610204774776,0.00022183062709237134,0.0036983686883157907,0.0036899614782933145,0.006043262752575945
2024-12-12,-0.005940056346283808,-0.005142809141675966,-0.004922254205218591,-0.006943373815176492,-0.003678242271937253,-0.005272192874189654,-0.006407234278007373,-0.006496461514275426,-0.006837162425197638
2024-12-13,-0.0029648473008158155,-0.0019936525361301956,-0.001450837015332673,-0.0033458390960388715,-0.002815946335542613,-0.0036529736746366824,-0.0031988274960596088,-0.0029827025304505427,-0.0020396198341631846
2024-12-16,0.001768877230062123,0.0018348607743957153,0.0017606669235392047,0.0013137133072264424,0.0009948502190876346,0.0021445300459892085,0.0016999958269263515,0.0011903146540290955,0.0027754333892517466
2024-12-17,-0.002642170371713124,-0.0026180877462175503,-0.003139865214801508,-0.003256129172775264,-0.000531941844724536,-0.0012406691648448064,-0.0030684703942310244,-0.0031100991341851464,-0.003796871675452038
2024-12-18,-0.017820576315677607,-0.018837745942549607,-0.02000655970320229,-0.022791134607228758,-0.006847209716611041,-0.01387375808526887,-0.02240921990769,-0.022528705335084512,-0.024929724238853805
2024-12-19,-0.0027255656515616845,-0.002513659744134698,-0.0025339766544236163,-0.00411704220148657,-0.002501700788089008,-0.0037549880131311827,-0.0041546884176840975,-0.005588531110886697,-0.0033835583834506845
2024-12-20,0.004008569495382382,0.004147475217738664,0.004278500481102516,0.007024094481064444,0.0031511705353569957,0.0034356227113041924,0.006639494463272768,0.006549092286461585,0.0074911395336430715
2024-12-23,-7.766712221709304e-05,0.0006875895427601469,0.0009570362234747301,0.000531892235519852,-0.0017020116229948183,-0.002021267180049441,0.0010354626398225858,0.0003798890492420989,0.0019725577807964538
2024-12-24,0.002992525167471896,0.003339949138118097,0.0035794717511045938,0.0054529692054546205,0.0019200581637694844,0.0018421500245594346,0.005574342218477205,0.005508847168835285,0.006561184916367635
2024-12-26,0.0011789358183578772,0.0008566561119958746,0.0008781035534702161,0.0017547508517555318,0.0007034834049532671,0.0005766250420672268,0.0016627997275512503,0.001839331604066229,0.001750117374587977
2024-12-27,-0.00353533066748366,-0.003503466678318757,-0.003564722747566824,-0.006263104477907798,-0.00239956623225686,-0.0028861837012930792,-0.006519417653738609,-0.006138802303879898,-0.007132924579130099
2024-12-30,-0.0007400972158911779,-0.0014473586800026485,-0.0014977046707328788,-0.002217559682905227,0.0015687817273585553,0.002784883180149065,-0.00259943190402176,-0.0032921346289708094,-0.004319444004559861
2024-12-31,-1.3497360719136095e-05,-0.00042151163223633686,-0.0001708187637692924,-0.0003323008103481533,-0.0004816945734671265,-0.0017985960761179543,-0.00035321059467748235,-0.000564344540026102,-0.0007808814653310121
2025-01-02,0.0013549301775516345,0.0005069596614354151,0.0005160532085309342,0.0009843399935745793,0.001827111707881199,0.0007654129473272051,0.00029078133222358875,0.0005688659024094572,0.0008595074966718938
2025-01-03,0.0025706036221691954,0.0037611870327522666,0.004249844256149621,0.004320303673239067,-0.0006368545256990271,0.0009457892001825546,0.004782494362975165,0.004347674632623651,0.005906843486860827
2025-01-06,0.00045439097558148896,0.0013758851209403884,0.001287882687598806,0.0010176478360447243,-0.000237751233760923,0.00040162980542199714,0.0005347074224175311,0.0010760342851341732,0.00243987020762348
2025-01-07,-0.004491809001196793,-0.0049209998095709655,-0.004821891558362003,-0.005687616827410339,-0.002171338382968355,-0.006003378570257077,-0.005081010017107989,-0.005687361847595312,-0.006492817993155445
2025-01-08,0.000832178962100322,0.00033523919991438895,-0.00011370389382755954,0.00022483394617359343,0.0008978769610912258,0.0011328836895308112,-4.124202544951647e-05,-8.519148059200116e-06,0.00027960999323133653
2025-01-10,-0.005260397653664232,-0.0055234717147647164,-0.005727701744411952,-0.008202198029713415,-0.0010688081829514425,-0.005890478037289439,-0.008897515617946862,-0.008973925191589419,-0.008443268702982301
2025-01-13,-0.00041543282646489346,3.146177336476378e-05,0.0004683686959731601,-0.0004254097255627845,-0.0008111901169159172,-0.0007413691053770725,4.4022649180151346e-05,-0.0003994661070206982,-0.0005759296515618435
2025-01-14,0.0023291485710088345,0.002180824476466953,0.0026805375032260288,0.0034650272477613564,0.0005054538266718492,0.0005303313590903748,0.0030361673535434282,0.0033606993661516016,0.0031138351554781184
2025-01-15,0.01096617880227277,0.011315779199567142,0.011461398065039175,0.01361791106379764,0.006511671606703861,0.01275892761389841,0.012731777005783762,0.01321141986141253,0.01421752371170157
2025-01-16,0.0020682354165636515,0.0011281062032013173,0.0012282015583659385,0.002404213921538309,0.0010106395752423713,0.0006796965202118297,0.0021069987942747663,0.0016827972802621724,0.0012633671351262408
2025-01-17,0.002194788840405188,0.002646082778175082,0.002497440173522395,0.0030736625443588688,0.0004754708775036642,0.0024002872816770507,0.0029936635259464935,0.002949582176340569,0.0044095706376623195
2025-01-21,0.007640943345492313,0.00654756553229863,0.006867321466619678,0.0095478765998116,0.0032419139925118955,0.00465706589249253,0.008173468756921353,0.008234025148892784,0.009274812822608865
2025-01-22,-0.0004520669573701565,-0.00026937648320599235,-0.0009039544365935147,-0.0012769177005293414,-0.00040206491044630487,-0.00095090164296885,-0.0008752894149059973,-0.001157372621058523,0.0007176972523847357
2025-01-23,0.0007179252497380739,0.0008678389418378918,0.001095396587753573,0.0012050412833539631,-0.0011133405936332168,-0.0010882334864620448,0.0004931919888818188,0.001239936399584722,0.001845131584825473
2025-01-24,0.0009042885129016857,0.0009616909909227527,0.0008496425609177819,0.0017050033685756549,0.0012584698367343328,0.0010112647109584221,0.0011132433367904498,0.001309712764186871,0.000588902736321393
2025-01-27,-0.00422939031119856,-0.005237103058726156,-0.005527113193455325,-0.004795847578011297,0.0003271333825290053,0.00045412108289930204,-0.0039504351034662785,-0.004215543781293042,-0.008679313404459241
2025-01-28,0.002041206779602385,0.0022010480917826086,0.001860357039875589,0.002131374137873162,0.0009923087370571728,0.0013502569376252105,0.0014739371604022189,0.0018424187560585584,0.003833322251855626
2025-01-29,-0.002506008447671475,-0.0019329381918655123,-0.0018809339290057887,-0.002418518654061522,-0.0007161037011042883,-0.0013608239447531877,-0.002352041701002393,-0.002373319324256686,-0.0024855284776272787
2025-01-30,0.0056276263371021805,0.005337430075345507,0.005613155629844305,0.007181778882252947,0.002305673543199966,0.0026871804103105502,0.006250552447515492,0.006685442543239071,0.0070146977629329
2025-01-31,-0.002266354077072904,-0.0028995340275740546,-0.003286325666007889,-0.0043419582959266685,-0.0012652101636672574,-0.0029862153834199997,-0.0037441369895426326,-0.003852497780959188,-0.0038053707262971177
2025-02-03,-0.0011902235967508764,-0.0012485081303229772,-0.002070054465801569,-0.0021123864102673036,0.0014021183610006009,0.00038167106242219023,-0.0025231870307354,-0.0026515780117257856,-0.0031051853753564823
2025-02-04,0.005348040464068336,0.005485163413997697,0.0059778004228455296,0.00716542502692902,0.0022350319117881733,0.0036309054538299916,0.007309757513104526,0.006725378510032872,0.007736526030847895
2025-02-05,0.005509316156260927,0.004353722171853707,0.0044273252179341015,0.006021165267325458,0.0035167560059671888,0.0056908914326109835,0.005584967662667376,0.005557739055912451,0.0053411149449575715
2025-02-06,0.0006206512944176953,0.000816146406748282,0.0007142315705135697,0.0008027719096763794,-0.00032054872595683646,-0.00036642672297865876,0.0007868712007297693,0.0004762751799374085,0.001295791972263906
2025-02-07,-0.004397072799602823,-0.00402299553094911,-0.00434475213782751,-0.0051857092296191875,-0.0018186444942609303,-0.004784984711603026,-0.005292597820357985,-0.00514626157267008,-0.005860729810697045
2025-02-10,0.005397170341838288,0.005389555979741149,0.0054101240597346206,0.006001142195601582,0.002050075274646329,0.0022318417439874385,0.005519385973745098,0.005713593102429392,0.00727934133049418
2025-02-11,-0.000660891814718361,-0.00034129293205704367,-0.0003632439497371739,-0.000827921133148753,-0.0010537457729737334,-0.0016367717069196534,-0.0008440773176444186,-0.0009328538255804702,-0.0006306176475080501
2025-02-12,-0.0033006061863156155,-0.0033895102221697705,-0.003605279825104007,-0.004169893944711967,-0.003066281763252406,-0.005694091226347553,-0.0038468120286810595,-0.0038869199116612265,-0.0032098549979524106
2025-02-13,0.008206997493599447,0.007808999493596277,0.0076650352004056085,0.00960896281563189,0.004909582694091819,0.008415227943597867,0.009210272436814824,0.009238196818115874,0.00971809021637369
2025-02-14,-0.0004493416155744974,0.00022548248783212736,0.00044739494384418666,0.000673323557156151,0.0005215480707812762,0.00289208774734261,0.0005014575678794422,0.00041664347821177326,7.57143903486213e-05
2025-02-18,0.0029863689623143962,0.002879988490982315,0.0033322671321514828,0.003145016334308814,-0.0002046341915467449,-0.0024159002680156165,0.0029947477095882886,0.0026510249855991206,0.004314821351840938
2025-02-19,0.00024868578259253495,0.00047344340583546835,0.0002716155194972609,5.4996313029561975e-05,0.0008474087337939393,0.001394682411405424,-0.00014733895220673575,1.234402632413079e-05,0.00012215560123991285
2025-02-20,0.00012992801446473477,0.0005920234410898929,0.00026553414291166926,0.000936662118508724,0.0008091723016412136,0.0008609157145117396,0.0005005483076384135,0.00045257434838955,-0.0002060204542062117
2025-02-21,-0.005895617689287663,-0.005618800887764132,-0.007606513310358737,-0.006761308390566885,0.0006256146678939702,-0.000742856040465833,-0.005866265629420436,-0.006612561534474522,-0.009753175936679421
2025-02-24,-0.0010164220579096663,-0.001542019528339547,-0.0024232087021141277,-0.0020802799480623374,0.0007521687357922264,0.00019688438889203325,-0.0021334002044667254,-0.0026380983929606802,-0.0030772952597281768
2025-02-25,-0.0005331374812640689,-0.00013762179162704453,-0.0005531609568484645,0.0009692417640404097,0.0017312317209243985,0.00407074562376509,0.0014230959691721957,0.000768198454064409,-0.0019797021226554347
2025-02-26,0.0006810430612208476,0.0008089239020230979,0.0005426015858758443,0.001359874819731274,0.001052444492285928,0.0018052438020488384,0.001488498349241114,0.0011683478319523817,0.0010023784000107215
2025-02-27,-0.008590250292297616,-0.007891956321109369,-0.007826811367788383,-0.009544146840894897,-0.003190484613507072,-0.005647203457028765,-0.009558495529874268,-0.009179071494865632,-0.011652074170699885
2025-02-28,0.004563645933968892,0.003680390849900028,0.0035139919608739036,0.004141141345645494,0.0023543111420519154,0.006271197281763663,0.0038661331956693647,0.0041757838020672206,0.005125963022227331
2025-03-03,-0.003045950151919342,-0.002832154588772629,-0.004360052430348521,-0.0036493905923432432,0.0008500163194462527,-0.0019692673482698186,-0.0030333704266932602,-0.0038471374325843377,-0.005958124069231121
2025-03-04,-0.0024356309940489294,-0.0023899034734603942,-0.0024008994042104426,-0.003057110441474236,-0.001397790332694854,-0.004126974307554843,-0.0033825935409083257,-0.0033332745874869027,-0.0028902401089412953
2025-03-05,0.004120532477866806,0.004853632923909648,0.005692091522153224,0.006780440981487006,-0.0009826041516119914,-0.0010365084077525084,0.00886660665954991,0.007072436552705083,0.007843435351691597
2025-03-06,-0.009527362092017985,-0.008888294274704127,-0.009631447761634895,-0.010367242318605205,-0.0023349711137275295,-0.005688850096903983,-0.011773731554679255,-0.010038833109220336,-0.012387821664610828
2025-03-07,0.0026210257753664905,0.002811875206192885,0.003400338555840001,0.0035240398675056967,0.00025884199904812667,0.0007660438792452944,0.003737223004161566,0.004036304992000645,0.00423152196076222
2025-03-10,-0.010338092692270347,-0.010026651198972801,-0.010925869070902188,-0.012217938904657109,-0.0003572371473004876,-0.0026491724071824696,-0.012695475336796767,-0.011997406336096627,-0.016147429774435864
2025-03-11,-0.0013059023199369143,-0.0015130922045413573,-0.0011690761578093093,-0.0017740966566767047,-0.0009422289303491873,-0.0041010657917601775,-0.0022044328403139314,-0.0019050533902766926,-0.0013739090735648699
2025-03-12,0.0016849053705662593,0.0015712383588740919,0.0015941844367451975,0.0017848088771520755,-0.0003683298009126688,-0.0006573398082197495,0.0013285802548515943,0.0019493170216187865,0.003144669915906848
2025-03-13,-0.0031886615671799707,-0.003752812416597751,-0.004970476410754197,-0.004364535689327561,0.0017342149986599384,-0.0011761734449910384,-0.005040445465175742,-0.004572639721258984,-0.00574890739862266
2025-03-14,0.008400898732727334,0.00840055373731591,0.009174799732876871,0.010512580480568865,0.0006560840205922504,0.0033051800652604936,0.013518346780489167,0.011301230214920844,0.012290313853772257
2025-03-17,0.0054695792987681175,0.00581461866459562,0.006363164191090449,0.007851444834760548,0.001988825330489462,0.003177259454537783,0.006627776241840659,0.006662530774390557,0.007724088470540909
2025-03-18,-0.002270414483548615,-0.0025105183541987226,-0.0028411078257526744,-0.002905622798923828,0.0005185641338726472,-0.001653345389051667,-0.0026958741671925905,-0.0028650847124023367,-0.004091338754707934
2025-03-19,0.005518169634485609,0.005120877985946701,0.005228111250296067,0.006441138633879678,0.002885477544960855,0.006029206127089042,0.005907276978292835,0.006097859155466915,0.007062278845083982
2025-03-20,-0.0016936013949165327,-0.0016094818925936974,-0.0017604716995475278,-0.002601872965467809,-7.635422574497783e-05,-0.000576969519192575,-0.0027694300858877646,-0.0022547158632208342,-0.0027252679331202126
2025-03-21,-0.0029014971987071114,-0.0029980610992391852,-0.00335649154734958,-0.004033249226350815,-0.001577226460231963,-0.0016250118211262614,-0.0038767297170120988,-0.003569487557516707,-0.0033665216421694204
2025-03-24,0.0055314112874366396,0.004335620289960214,0.005440850685427563,0.005497851825400486,-0.001039188553722696,0.0005835058182644739,0.00544796821567322,0.0057303931259192155,0.00781632986208147
2025-03-25,0.00056396894409294,0.000372483616907194,-0.00010588111988475953,0.00013990146946266633,0.0008023716855690021,0.0010714968339732313,0.0006246971882556734,6.965989801211047e-05,0.0008723498667086197
2025-03-26,-0.005371176088363983,-0.0048383957197105825,-0.004669650692426069,-0.006253769118392953,-0.0021882017254010212,-0.005385419868236775,-0.006508062548194604,-0.005866293459360788,-0.007318124407865823
2025-03-27,-3.872512500939639e-05,6.323671686781182e-05,-3.38085587322268e-05,5.3125044427903905e-05,0.0003321001793906164,-0.0016727357077685441,-0.0006752368903781442,-8.56574193435148e-05,5.762520573471243e-05
2025-03-28,-0.004703438788016913,-0.003688357246499807,-0.004748882657325538,-0.005454294236373712,0.0021053958593991455,0.0005278962637881272,-0.006975184207930757,-0.005233879518468176,-0.008279802711436099
2025-03-31,0.0032303181585374503,0.0037807745455979984,0.00364957382407651,0.003726169532013679,0.0032911822250117737,0.0037632772977086067,0.002162607677173396,0.0032009465983040475,0.0037684531766631543
2025-04-01,0.0021814398982314227,0.0023101671350634124,0.0020983926360601483,0.0027104022839073492,0.0018786577267468916,0.003820065616042236,0.0023856778061660563,0.0024900207921248036,0.002595729118246208
2025-04-02,0.003907158745975756,0.003187237737380363,0.0038218644077627102,0.004170397710149453,0.000952147945421207,0.0021085401604966658,0.003959436728749338,0.00381789334772674,0.004690565492296374
2025-04-03,-0.021751798328071063,-0.018819523371248835,-0.021928823389364853,-0.024223643390115637,-0.003502783550628527,-0.010259773896289513,-0.020304929731333316,-0.02197014212815305,-0.02882341716165505
2025-04-04,-0.018515534542511473,-0.017103872722628113,-0.018254016661992157,-0.033198523413632774,-0.005162171994417466,-0.005403684927999442,-0.03412497439358841,-0.040832853799488124,-0.03774972891947925
2025-04-07,-0.007536936280369086,-0.008742040331275252,-0.008761182059047566,-0.017112126651825293,-0.008605047739978984,-0.008595304378429345,-0.022827802256061333,-0.024257478271115497,-0.014132853685360412
2025-04-08,-0.00681330631744825,-0.006912762593655604,-0.007812109271351066,-0.013631555715839194,-0.005043411761883579,-0.005690382595839563,-0.009579265403079736,-0.014624122904570954,-0.012820468791999294
2025-04-09,0.030065505574368913,0.026535049749066862,0.026937521338720464,0.051606548061811884,0.012150487245056064,0.010104419993095323,0.05096572559106102,0.06419806272920818,0.05823252959850884
2025-04-10,-0.01033914120741269,-0.010032765100435614,-0.010440332899365789,-0.02050607011966365,-0.006524958000671746,-0.008105007337257268,-0.012073331995480283,-0.005986079398431684,-0.020931291427064052
2025-04-11,0.006695374287828646,0.006635358540041299,0.0067775922310905025,0.01288474341311495,0.0029558468760968073,-0.0009575835188918043,0.010641405118317088,0.015756335803406397,0.014064882405991781
2025-04-14,0.0038100424865938156,0.00382868115500042,0.003992812381996717,0.007453008329597613,0.002426177243942968,0.005384245307558007,0.006020962743343014,0.0055181440283082325,0.00655568384205219
2025-04-15,0.0015381933421859816,0.0013548033936625827,0.0012471292470427541,0.0023369123995264835,0.0016024053352024792,0.002115962950194124,0.0023354332901310984,0.0025056680813551166,0.0020221637200579057
2025-04-16,-0.0005325885571564081,-3.417043438973756e-05,-0.0001019830098451335,-0.0016007450287682514,0.0031100084843544195,0.0013858010325526592,0.0015543309076736956,-0.00021446369042639173,-0.0033137589334459277
2025-04-17,0.0015990772508015923,0.0015412348720737132,0.0022602089297945787,0.0034558810980444,-0.0007275595509381953,-0.0011187133768139786,0.0054105175810886304,0.001887617768890715,0.0031977437629187844
2025-04-21,-0.004262311464454524,-0.00458633613845343,-0.004849189505615457,-0.00939590548174393,-0.002777663219623812,-0.0054446141464454135,-0.009822945479427032,-0.008543800788550507,-0.00863827407854661
2025-04-22,0.005713300067097876,0.00553121062218498,0.005879198864670343,0.01130080371427952,0.001530161429562737,0.002602377623227024,0.013289907225334921,0.012324127558255845,0.011681292341261024
2025-04-23,0.0018942739908016587,0.0021657892552699805,0.0022435941818191602,0.00490565425441567,0.0007267391080670617,0.0020917069790586827,0.0017687371346566552,0.0033027831369119233,0.004733724122442245
2025-04-24,0.007330124028865974,0.007192523490792875,0.007067241982292804,0.012953331015570902,0.005525847294309808,0.006287213911222084,0.011216423931799125,0.011925101555034266,0.014378438286813655
2025-04-25,0.0010624357610987457,0.00124212311981367,0.0011585268318528897,0.002270901850120504,0.0014040926097476287,0.0031259261681856384,0.001631529959485867,0.002051199503493245,0.0022921296813322336
2025-04-28,0.002354191815549261,0.0020676135856552607,0.0016910197853121365,0.0033838494622927357,0.0021396557961588037,0.0023454581432657104,0.0037956544086139203,0.0034456338825190813,0.003279632278094731
2025-04-29,0.0007881173097187654,0.0009444833617390902,0.0008535692973940715,0.0019351188549173357,0.0007397922524264904,0.002065767568745057,0.0011929556244923993,0.0018314277827007881,0.0015204877650402708
2025-04-30,-0.0018490565215694252,-0.002003199166799398,-0.0021790991837739747,-0.0036589547677870486,-0.0026144164672706393,-0.00029152610743729025,-0.004251909971860406,-0.004060415341210386,-0.003336452557770842
2025-05-01,-0.0004465414023698653,-0.0002942950174301292,0.0005459852152150982,-0.00011593654935274127,-0.0019158444888899744,-0.0016843164606429434,-0.004753944232799547,-0.001452241037656529,0.0006018110461798917
2025-05-02,0.0038313134577298504,0.0036265868670211465,0.0047092878969753615,0.008411279656348825,-0.0007633798348153467,-0.0024048925140093616,0.0013852207648841256,0.005025214963160817,0.00969114953235384
2025-05-05,0.0009420562714095584,0.0006478839271420321,-0.00041632375420841834,0.00021153053098606702,0.0007465544067431527,-0.001351509129567982,0.0017578674598744824,0.0010431660755578927,0.0008778086453805265
2025-05-06,0.0014011100523626415,0.0011303185872060602,8.371297747793444e-05,0.0007093030046654079,0.0029572543331783485,0.0016547591094404678,0.0027559238553450604,0.0013501788790241044,0.000653493768336836
2025-05-07,-0.000885044505825039,-0.0007861490754908125,-0.0008022338866379311,-0.001667654748792707,-0.00036691127777647433,0.0013216782439984208,-0.0008661687693564964,-0.0012953999427651798,-0.001894715621037663
2025-05-08,-0.0007141797545418442,-0.0006082919497257807,0.0007251884917121724,-0.00022559061252046115,-0.0027199504022951894,-0.003484456060352206,-0.002729806369485719,-0.000503433813208245,0.0007158732966115208
2025-05-09,0.0014773304963881626,0.0014575422483787768,0.0016392273824002565,0.002648703142632983,0.0010926105822171917,0.0007052591771256277,0.002023603777854839,0.0024245681310880477,0.0024568516060069485
2025-05-12,0.003335000899195269,0.004420466930306253,0.006208286748401768,0.009378244273386368,-0.0010459781053975892,9.387379050002385e-05,0.004692668786399413,0.008881320343629375,0.011983213362175324
2025-05-13,0.0018916361803853145,0.0016106851110602035,0.0015599329412192612,0.0027656618100992104,0.0011388459233012402,0.0013346518150590143,0.0038373729650655317,0.003086917979584459,0.004450925325814564
2025-05-14,-0.003219296403715129,-0.0026445692789087904,-0.0022439932950476032,-0.004505839511101252,-0.003173577084625218,-0.0026352443006226866,-0.0038054969161353427,-0.004346568391652087,-0.003908831310308041
2025-05-15,0.0038781742654003084,0.003593087679986423,0.003036996617527217,0.005963259465988698,0.003206793057379175,0.004082869061203416,0.004633399263721079,0.005815168542234604,0.005560837926519946
2025-05-16,0.0005709340733894489,0.001040218825669876,0.0017529926953569791,0.001925716324665766,-0.0001353648398189815,0.0008159439798243377,0.001618960718433906,0.001674855380537436,0.0017573054282726305
2025-05-19,0.0015052076085915404,0.001071042464683067,0.00037422403879939104,0.001443136949630084,0.0005706554592671715,-0.0006825156818677839,0.0009953315076671142,0.0009780335505371923,0.0020562967120737624
2025-05-20,0.0019158298138455619,0.0007399718806028869,0.0002615799351993263,0.0009642532599205358,0.0006519155682512367,-0.0016793079359390555,0.0007106711680876011,0.0004140425213340033,0.0015811764374513127
2025-05-21,-0.007676100573124503,-0.008580914360387054,-0.009898176566784062,-0.010878182509962746,-0.0039832934128897785,-0.010084331614920582,-0.010918351890494915,-0.010553136532702177,-0.010238121504578944
2025-05-22,-0.0005820070803353015,-0.0003084658325527408,-0.0003168990435993971,-0.0003439567256260668,0.0007673842603957426,0.0027434936977436064,-0.0008391647467516837,-0.0010104349148171209,-0.000870033049078701
2025-05-23,0.002363248421206374,0.000926190289913791,0.0003530614366029174,0.0016514263408279404,0.002004369871051581,1.6333563359349324e-05,0.00027172379529036137,0.0011157462072611752,0.0011022761155316581
2025-05-27,0.006134095494832119,0.0075834791088159915,0.008273620028851037,0.008848289170690946,0.002515315375765058,0.00879995578435921,0.01134531690078487,0.00873091918940127,0.009246701121221007
2025-05-28,-0.0031974672492136092,-0.0032347706310401477,-0.003685300180391453,-0.004481890036163201,-0.001432341556698904,-0.0028668348700612053,-0.004468458139749678,-0.0041500862418146055,-0.004514855291403162
2025-05-29,0.0031549084955668576,0.0030698575725732757,0.002651184624700598,0.003837107040221766,0.0022533064407072078,0.0035128930318985567,0.003449620835466273,0.003501235740951573,0.0034143973043345706
2025-05-30,-0.001356881650755834,-0.0015100108498600365,-0.0017712199922816747,-0.0020395454302999665,-1.2064998978435137e-05,0.0009744101109417071,-0.0019998558439517297,-0.0016417101352501778,-0.002332515441744123
2025-06-02,0.0061422632745609445,0.004570893025189875,0.004401838890844932,0.00563715792705511,0.001513321872449711,-0.0003608852921213378,0.005238547871549298,0.004665592960684978,0.00754754856177484
2025-06-03,0.0006602156085602532,0.0014959324977002436,0.002267266575948308,0.001643738996439721,-7.475221975403133e-05,0.0015652437193102416,0.0021035118667066155,0.0017151200858472604,0.0020411689914676665
2025-06-04,0.00337862263028078,0.003394006056466236,0.0029699935296315576,0.0045563835793824125,0.003574554387524734,0.0054151394444828535,0.003939155791173651,0.004028845548704339,0.0034642743137534055
2025-06-05,-0.0019088988019987786,-0.0013997752037063858,-0.0008038168707185025,-0.0013438566399385638,-0.0009224218474756528,-0.0023115376378581498,-0.001695030039825146,-0.0015149634959096701,-0.002197060820304972
2025-06-06,-0.00022966702382370353,0.0016316368044661524,0.002918301206274377,0.0012831214502139166,-0.002705577735939098,-0.0024806632556819866,0.001887169118315237,0.0014478448233239585,0.00271742292276333
2025-06-09,0.001930726572844915,0.001912279865562553,0.0019292017092766855,0.002575027200820824,0.0010852541439744852,0.0015518463932488553,0.00196441811412227,0.00236772666473201,0.0024304920225610084
2025-06-10,0.0025340448936587256,0.0030958667898132704,0.003170359617998087,0.003568927041683412,0.0013272800444819916,0.0028493086538961677,0.003260368989353625,0.003192402911693333,0.0036441367078176978
2025-06-11,0.0015449968160795792,0.0008940108532282786,0.0009361762177257171,0.001537872424658872,0.0019571786291114127,0.002251978903130843,0.0014229535980698588,0.0011943453600347328,0.0008583420974582935
2025-06-12,0.004357093315661121,0.0033323585755386706,0.002493633514237808,0.0043200725229277,0.003271605627180105,0.004257240578773244,0.003959103280096096,0.003934078357300626,0.0040674248580161824
2025-06-13,-0.0015695941834924327,-0.004197897270196263,-0.004200680991744502,-0.004909083128909049,-0.0003520661423608328,-0.004214114725438011,-0.0043877167490619816,-0.004563584671471366,-0.004670897772841061
2025-06-16,-0.0003088162230069334,0.0022976067371248366,0.003177222706106781,0.001894036031193557,-0.0018554008535400723,-7.835172942134621e-05,0.00269210398273724,0.0024754187592816853,0.0030480039317025334
2025-06-17,8.9014967321935e-05,-0.0016580755166244016,-0.00129985021475367,-0.001395916599057145,0.00255513305569011,0.0026740852288065307,-0.0010789581661848878,-0.0015240825441447837,-0.0029467317993265435
2025-06-18,0.0002815356717001508,0.0007259637310429091,0.001347293366374353,0.0009721990328772094,0.00022559847848199765,0.0009737901663888504,0.0009096152713074555,0.0009099712041354876,0.0005414449075611323
2025-06-20,-0.0006729917624497557,-0.001112722788564431,-0.0009176344787470323,-0.001371234237206442,0.0002389245878999069,0.0005014185965457068,-0.0016277500985990103,-0.0013662957436101858,-0.0016540357651355414
2025-06-23,0.0019879209631473668,0.0029562696839621756,0.0017252802995462125,0.0033533834717919295,0.0002401514422498716,0.0018095564188949501,0.004138979250144721,0.0037826760307384287,0.0037750896045686366
2025-06-24,0.0010178883694906874,0.004371727380526414,0.004105298854914817,0.0048299380066205285,0.0002561602577634149,0.004007977350433913,0.0016170680327618505,0.004434795997827607,0.004710953612729041
2025-06-25,-0.0015478348245891193,-0.0021568653571937225,-0.0035887900903734536,-0.0029557828842245353,0.00031224362878014836,-3.10732333552859e-05,-0.0013921477226625104,-0.002972469818797762,-0.0022541817975926066
2025-06-26,0.003940151107681041,0.004498811048835584,0.004970809409574885,0.005648581391541722,0.0019254154124200937,0.004405432548491958,0.005234385061659479,0.005372272265549804,0.005882678302138723
2025-06-27,-0.0024597312944833966,-0.0007230895907015036,-0.000163994318623312,-0.0015020560175681317,-0.002301404941272456,-0.0013927230221244674,-0.0009733727569663959,-0.001381570949441826,-0.0010670517276977908
2025-06-30,0.004606629582848267,0.004002558773702531,0.0034793544357502614,0.0048539760455059465,0.0032670858851356044,0.004860105232159507,0.004391331189830247,0.004412751833664063,0.0049013121210567945
2025-07-01,0.0018362392540225106,0.0010453063968986981,0.0010711849503723342,0.001996664408489098,0.0008752099804377213,-0.00028763177598839214,0.0015214713928810896,0.0015695141498609667,0.0012530536168391482
2025-07-02,0.0037747303847495417,0.003253038856723343,0.004176687056808433,0.004164516262393426,0.0006362463269835808,0.000951820281289033,0.004222287218589049,0.003778929621896417,0.005081440663732263
2025-07-03,0.0003556438294393449,0.0014201253684548618,0.00219380212808519,0.001111619496103834,-0.0012611501794894489,-0.0005847464552761435,0.001371921605043468,0.00114604881541796,0.0023762970351270192
2025-07-07,-0.004443677827944045,-0.00564199998623986,-0.006170647302861991,-0.007173626306324617,-0.0022763856288480814,-0.005130818110369842,-0.006618743298828219,-0.006678477652486683,-0.006750097231424726
2025-07-08,-0.0009152817336724683,0.00017038780673357757,0.0010670946651051554,0.00039292344633158003,-0.001072551110212109,-0.0011238657448418234,0.00023008612052230728,0.0005615600626645355,0.0001846072737543876
2025-07-09,0.004012678936669216,0.003893780325511306,0.0037789183846944525,0.0047669399529331824,0.0028772827777619856,0.005171692744911678,0.004826740451343946,0.004430128799633481,0.004786282439058753
2025-07-10,0.0007120057639508935,0.0009098169695868563,0.0008378665959941805,0.001100938603013667,0.0001230541949467596,-0.00013945541022608707,0.0009624220950454126,0.0009056914522701543,0.0010175156374396352
2025-07-11,-0.000767932696987959,-0.002341498278395899,-0.0024117420725630746,-0.002959414550598111,-0.0013818283797098177,-0.004141470245348429,-0.003260048066532441,-0.0029882110289110317,-0.001957247934089877
2025-07-14,-0.00011718623574726315,0.0007436612484761458,0.0010702774584522286,0.0004961666628815584,-0.000622824295956807,-0.00022592395508664863,0.0006257529217042554,0.0007008675064060667,0.000770311082615784
2025-07-15,-0.004408719287852759,-0.003989767155180064,-0.00453121955591806,-0.0053810448998204245,-0.0020226983222415475,-0.003716522206734213,-0.005041504323372543,-0.005090324830258427,-0.004753725048299684
2025-07-16,0.0030102419373354925,0.003056556960452116,0.0032964510794490543,0.0039368175784615595,0.0013142651544234241,0.0021989946290335636,0.0035111629148703817,0.0038784798534530823,0.0037287653457332335
2025-07-17,0.002539503173342227,0.0030752016400122984,0.003710606909854847,0.0035989818828302913,0.0007980052501351022,0.0022210750799278862,0.0034194969467937686,0.0032508765419623437,0.00417408109771118
2025-07-18,0.0004379228970670459,3.1281677326163573e-06,-0.00020053539740190024,9.007054172264187e-06,0.0009409596391823482,0.0013606021586825754,-5.292771563514142e-05,-4.2112449386474064e-05,-0.0002482504802958847
2025-07-21,0.003948890227177458,0.0032083468939072615,0.002528615800414253,0.0041383045248659,0.002876463656911945,0.0032753560014871855,0.003711580809876754,0.0038822309347308383,0.004223582336067025
2025-07-22,0.0034901000381417063,0.0026544879190813697,0.002565906252927507,0.003930128295147963,0.0018123103246011822,0.0019008697341259494,0.0034019110244743007,0.0034562711930726697,0.0029777517960258614
2025-07-23,0.0005590115173593377,0.0029496754909816725,0.0032798370725234424,0.0033237088373521545,-0.001590741842717296,-0.0006225131062815629,0.0026371284789413396,0.002877859818414314,0.003746330970581768
2025-07-24,-0.0025837421137788184,-0.0021103171360363393,-0.002122165994202344,-0.003247276248444414,-0.0008373876608783405,-0.0010335309068165352,-0.002560438926024548,-0.002962048322202478,-0.0028118706283150204
2025-07-25,-0.0006778582548255757,0.0004965623871806574,0.00015942099704848567,-7.352635594269023e-05,0.000360291920599336,0.0021097182879301142,0.00021024146784410773,0.00022854139128591984,-0.00033990794869576883
2025-07-28,-0.0024878301876393354,-0.002585254297239832,-0.0020013420148119318,-0.0037088876348602396,-0.0010011372191871075,-0.00109113399976698,-0.0031758665673459856,-0.0035789666592667747,-0.0028541549321069943
2025-07-29,0.003753663864209018,0.002841795605335371,0.003233276034263045,0.004175062359323151,0.0037044275293449643,0.005274871484284333,0.003708938541855797,0.0034833488789872105,0.002462031190246461
2025-07-30,-0.005440036546874343,-0.003970065558207204,-0.003562468701203053,-0.005657176490003495,-0.0025485465912807714,-0.0028053473552190743,-0.005287330261314114,-0.005102285017254577,-0.005111726419749428
2025-07-31,-0.002376347097414346,-0.0033934656894475815,-0.00424046186772056,-0.004078571347550942,0.00017212751774803157,-0.0007746562673405184,-0.0035680580579926712,-0.004469874573052809,-0.004126729306153151
2025-08-01,4.5484752884491215e-05,-0.0034842077083004114,-0.0055995212215472715,-0.0025129790408331327,0.003410093587709355,0.002388386575882405,-0.002481721045085068,-0.0029249502415008553,-0.00525152291011148
2025-08-04,0.006391793775455915,0.007636904616477254,0.007646268399480917,0.00839935916715927,0.0018617553787949293,0.00424487931923461,0.009187025605501343,0.0087412131357939,0.009866597916182978
2025-08-05,-0.00033292135783936076,-0.0007706110061913874,-0.0009656859753931193,-0.0003977797388988423,-0.00015280905638532605,-0.0010364186997589393,-0.0006698721583735258,-0.0006518460811723415,-0.001342057577300899
2025-08-06,0.00017124577712802937,0.0016410689438252693,0.0015057065510130298,0.0010163672548759526,-0.0003938347400738127,0.0006349837637781188,0.0008075383192084545,0.001049112040276991,0.002610363224102127
2025-08-07,0.002027824077260226,0.0016706822454803658,0.0015520047925929312,0.0022215227508734048,0.0004594993793631113,-0.0005039708696184565,0.0017089850938960729,0.0017924992510744628,0.002638318320353462
2025-08-08,0.0002749511682328817,0.0009865929832983795,0.0008589465059922142,0.0005342768926230063,-0.0005192872635428256,-0.00035461561230148194,0.000525247920341722,0.0007024448757489092,0.0021298027900476624
2025-08-11,-0.002840506975730841,-0.0018638538248432989,-0.0015087872347617516,-0.0024080312204088814,-0.0006818458696434002,0.00023298814563472411,-0.0019777498450313387,-0.002253396555892682,-0.0031038249940975667
2025-08-12,0.004373180052868969,0.0054415723392811565,0.005971413488523106,0.006296563875440753,8.963576917449519e-05,0.00184265590383544,0.005969916377367405,0.006114559174223858,0.007469010520692239
2025-08-13,0.0043306466869721056,0.004525864599661318,0.0046138397850216065,0.005989679109093862,0.002200773187000472,0.0038861771887717233,0.0049901677220976545,0.0053266298085836205,0.005085564257778578
2025-08-14,-0.0031955926488016727,-0.003309959870042675,-0.003268730527172753,-0.004327881619969355,-0.0017929390793349415,-0.0028192603344418844,-0.0038133318955891086,-0.0038668390754293853,-0.003587337776935779
2025-08-15,-0.0007629790825232215,-0.0009584291929361255,-0.001003473866492701,-0.000925569487402325,-0.0011701258152524905,-0.002135251770958056,-0.0009580999210754601,-0.000897966172095826,-0.0010337745743406847
2025-08-18,-0.00103974555895236,-0.0005016425020515939,-0.0004485563111360097,-0.0006508034856565889,-0.0005821971078661518,-0.0010402847066101706,-0.0006924018774978847,-0.0007155364106633694,-0.0004738538967120409
2025-08-19,-0.0013925310782739568,-0.001831043969156252,-0.002118647990482763,-0.0017676170276189284,-5.531260993989771e-05,-0.0002896336020577019,-0.0014772254621712587,-0.001549313122073254,-0.00375224079380135
2025-08-20,0.0018959032866248558,0.0005007203464702425,0.0005302196766106093,0.0014835940029639758,0.0014432388767091134,0.0005514565088750561,0.0009110010584562998,0.0011497544936945846,0.0008767879006423199
2025-08-21,-0.0017749158765161925,-0.0020969352294774443,-0.0015458554486331192,-0.002400168267850152,-0.001324247924689487,-0.0027391653080557085,-0.002461667804150004,-0.0024742101145405417,-0.002510242480479547
2025-08-22,0.011219808550347724,0.011211933964376426,0.011642831960904926,0.013904474978625072,0.00420472251261512,0.008356370600838693,0.013126099199961877,0.013461754899204795,0.014268819442817571
2025-08-25,-0.002908096679636079,-0.003064174204723978,-0.0028600558403129067,-0.00412919030117514,-0.0009126914899894908,-0.002158656679808915,-0.0035672588453871078,-0.0034601582875140157,-0.00409533494096729
2025-08-26,0.001657931071875737,0.0011839399023367498,0.0006984303027754604,0.0012270462271837335,0.0008506650797887646,0.0014183876196509238,0.0014519340659519754,0.001222699756560811,0.0019298033220386823
2025-08-27,0.0017269881784812487,0.0010209768639585545,0.001256904915671274,0.0011637876383952764,0.0005226514981717658,0.0010363791565142486,0.0011549236292521658,0.0011091699070932203,0.0013938108667761633
2025-08-28,0.002900728926164821,0.0027664994738861243,0.0026661367981943296,0.0033725901533024605,0.0021374526242498924,0.0027910492646576104,0.003037742784187798,0.00299302087437817,0.0037005737249549307
2025-08-29,-0.0011547855145880343,-0.0024986598631080155,-0.0024339864688772248,-0.002473538067864285,-0.0008153112455396738,-0.0034026255154668028,-0.002767261402960508,-0.002543139454002072,-0.0028812604307794426
2025-09-02,-0.0003286301430249182,-0.0023720012355636913,-0.002197227814574753,-0.0019579842960417994,0.0006118936383774082,-0.0028871413403827157,-0.003278499922904696,-0.002630192852702919,-0.0014918602094950763
2025-09-03,0.0027629460871766427,0.0029874781935656874,0.0020602337224442046,0.0033468671680594703,0.0026685928037346344,0.004376145003586545,0.0029954891692206124,0.003226665012428359,0.0035543090505744143
2025-09-04,0.003688687782610456,0.003881805533789727,0.003509977046100476,0.0042849055244631165,0.0018488880372599895,0.004962699271411225,0.004651726434599725,0.004086468725474459,0.004378157523204395
2025-09-05,0.004164200882393072,0.0040310725561773335,0.0032948095810055723,0.005289710487640669,0.0033254972145506365,0.003832992431930881,0.004523257578496479,0.004613784267247867,0.00426525855989084
2025-09-08,0.0037839326849400867,0.0038471937846968843,0.0033607188043639114,0.0050473163139869515,0.003306429052211301,0.0039312990978660626,0.004368506618502397,0.004454583310269103,0.004911540225792892
2025-09-09,-0.0009855641603070783,-0.0005555040217741075,-0.0003968153761608262,-0.0009533702195419715,-0.0009423453738037416,-0.0013466664455090438,-0.0009810450103926738,-0.0009715522106736785,-0.000347646152673455
2025-09-10,0.0015234786102271338,0.0018901703734164298,0.001700282408984161,0.0023999012444839356,0.0018097182273105875,0.002674436044051247,0.0019565130458758387,0.0018746130464586852,0.002032468012001544
2025-09-11,0.00472192319025144,0.005501537702416627,0.0054387199690021076,0.006830975382880614,0.0014032261787188776,0.0035189302510686468,0.006310435365521167,0.006323688768530203,0.006454329904746257
2025-09-12,-0.0007032059070995167,-0.0009956381873531287,-0.0007558817613501458,-0.00145887927433872,-0.0004482705063401418,-0.0012958588484532107,-0.0011383611875308624,-0.001334492733015434,-0.0006010343649843585
2025-09-15,0.004322900188146396,0.003933105705403731,0.004034257904218309,0.0049627837224182165,0.002295870238661853,0.00339613236585703,0.004413025478657616,0.004447706736135294,0.005681548529361917
2025-09-16,0.0002804840083044476,0.0005569380417886423,0.000718666459587183,0.0007277903140588684,0.0007476157762662065,0.00040877648113521003,0.0003424268705240389,0.00041079664341554627,0.00047042036888869415
2025-09-17,-0.0026190659879630172,-0.0017181470134425704,-0.0017859925196638815,-0.0022658567961112417,-0.0016371828836257273,-0.0021265157006183574,-0.0020209846719855588,-0.002088704492742705,-0.0024093613458717683
2025-09-18,0.0017946458988307235,0.0013331710371418581,0.0023623178568741724,0.0016876574028314108,-0.001466782519482669,-0.0009475098155071196,0.00152668497446809,0.002235509144559738,0.003098818994397777
2025-09-19,6.194041999465544e-06,-0.00023663965298383987,-0.0007897319986530628,-0.000727996143537481,0.0003954007097598914,-4.2409398200256026e-05,-0.00037520010236799983,-0.0005482250005190518,0.0007601014356689939
2025-09-22,0.0031360919685675124,0.002281317204869124,0.0022107491020324755,0.0029378225074488526,0.0008250373511221288,-0.000256403991307924,0.002332215515056538,0.002765995396416843,0.0043956556384095865
2025-09-23,0.00147952478059103,0.0007481022395053122,0.0006817245183592722,0.001261158840792311,0.0016632507950325006,0.0013470475249018202,0.0004997278342284635,0.0008833676648540515,-7.103484149831333e-05
2025-09-24,-0.0036292143281368757,-0.003154017512189198,-0.00286247751906692,-0.004109315984990643,-0.001533026400518128,-0.0024277346432747746,-0.004081545769935695,-0.003943049830835205,-0.004212194568669168
2025-09-25,-0.0011416374875476917,-0.0020420321838042657,-0.0021109956912841467,-0.0025076552317044427,-9.669902120566502e-05,-0.0018518637711623512,-0.0029622123343095766,-0.0028999890203888073,-0.0025679656258453644
2025-09-26,0.0033817475960886386,0.0027028037148234046,0.0028561673413172823,0.0035095030776125043,0.0008045900546415225,0.0013373300168319866,0.003313897123775776,0.0035017152181720827,0.004070463281513103
2025-09-29,0.0032690177743158505,0.0031552052382513907,0.0021813965745891006,0.0038443260935993218,0.0025625699951810177,0.002797831021684293,0.0036207540328579936,0.0036430932145617764,0.004193013677598195
2025-09-30,0.0015940092358100017,0.0013686004525569131,0.0010880742789794182,0.0016530590353393138,0.00018957095406277482,-0.00039511108365698435,0.0016040823053941778,0.0015470824623520793,0.0024296630453598486
2025-10-01,0.0021335001917941036,0.002700872980689275,0.0025002190697057296,0.0032974020798028393,0.001340778889634121,0.002817214413653282,0.003222680685885709,0.0032475366150413465,0.0033005253318087384
2025-10-02,-7.778006139341039e-05,0.0007015596543673754,0.0005398487250721695,0.0006312495828923374,0.0002180930562098149,0.0009276109939655309,0.0007393743357775624,0.0006775532069438858,0.0007526423507124024
2025-10-03,0.0019148332945191167,0.001104336872141464,0.0009892544744777953,0.001927862432245096,0.00014245339885289438,-0.0011763829728767667,0.0014434263926705478,0.0014605511267632577,0.0019160067154052605
2025-10-06,0.0033229058757912036,0.002032918494989454,0.001978112113829939,0.0023167057544819145,0.0006642533977596298,-0.0008495833470757285,0.001790796538006585,0.0019092600800412426,0.004362141551311356
2025-10-07,-0.0005600001349699084,-0.0014068412053601508,-0.001980410456851987,-0.0018083146918256821,0.0013093685646598113,0.0008557584101228788,-0.0017010279985774947,-0.0018202716362508168,-0.0023977656605275667
2025-10-08,0.004239529891592052,0.0037719243140600044,0.0034185055111914503,0.004126686540777631,0.0015786642346475488,0.0010362025374930617,0.0037373196310516335,0.003850434021627016,0.005954598978344542
2025-10-09,-0.005341441960505532,-0.00425358985529201,-0.003991934861282431,-0.005733180723656605,-0.0021762734867458314,-0.002125418584363887,-0.004818374264191825,-0.0051860659885774795,-0.006092135734066835
2025-10-10,-0.00802821880991417,-0.01101399575671855,-0.013546191180928585,-0.01272058726779071,0.0007530018711843803,-0.003299308734168985,-0.010022862891858038,-0.014211333993981128,-0.016107978764366305
2025-10-13,0.010498936529488748,0.01033685418980663,0.01047830515614514,0.012778347883124834,0.0037466437691952414,0.0055051588556848385,0.012684444274226497,0.013376689574963989,0.014995980953844865
2025-10-14,0.0014712848063470345,0.00043492415833240827,0.00025329216812471463,0.0015211189367671304,0.000934222862606222,0.0007121484965015299,0.0013901452457369308,0.0013517406237547405,0.0009096209614835852
2025-10-15,0.005309359883670274,0.004508767572810291,0.004550071360277986,0.006464939033874019,0.0015371707281224274,0.0009147295994275689,0.006289899817375699,0.005783858510936931,0.007416232282865026
2025-10-16,0.0013428552303233045,0.0006799489982552058,-0.0009685797126989321,0.000796075216630829,0.0026211226102474854,0.0008648496837480329,-0.0007221560144821181,-1.4259932218080297e-05,0.0007698209361788931
2025-10-17,-0.0020078584038073608,-0.0004891409589814161,0.000462337474271018,-0.0007238244384819638,-0.0013796354784279578,0.0002646966925372322,7.533112287345893e-05,-0.0006436699771049299,-0.0008827048295249064
2025-10-20,0.011486832473636945,0.008774939087012754,0.007916339415754177,0.010856992399582061,0.00443122725447672,0.0042219330988125525,0.010332292644130032,0.009878221716779382,0.012987584458129442
2025-10-21,-0.011470688656990155,-0.006034320154487396,-0.0037770794572562503,-0.00798578598757793,-0.004204116910986013,0.00012208130627806537,-0.0075064562926685065,-0.007294098314156615,-0.011124188550400718
2025-10-22,-0.0007152142999408408,-0.0009900395765374112,-0.0007922086952658964,-0.0009246689109620792,0.00047872907244964253,-0.0002886850969182126,-0.0008777897912025861,-0.0010641134881145462,-0.0022136949766191558
2025-10-23,0.004463293488786187,0.0030575457104482628,0.003687654199400031,0.004289412808781921,0.0003622273069594595,0.0006344574423314583,0.0034453626123364376,0.0037673669174412205,0.00542858234882131
2025-10-24,0.0028394378415926964,0.003077193851377364,0.003544786700774131,0.003738485371431554,0.0007180828739564752,0.002692208429885425,0.0035014428833709138,0.0034764095837329445,0.004424617292893389
2025-10-27,-0.00046519997302006986,0.0024554594071695547,0.0038652653903648716,0.0026122530287524745,-0.0006855218379001794,0.0033399530120527612,0.002507466101129453,0.0026302514209758303,0.002879509807728838
2025-10-28,-0.0026634957920924256,-0.0012347748315036826,-0.001987442434742659,-0.0024385381810094167,-0.00029005518065389365,0.0005327428874596701,-0.001819732369355798,-0.0024059020387910213,-0.0015683848349821688
2025-10-29,-0.0031448417090251665,-0.0034425802485733687,-0.0037293289431598073,-0.0044289106974002845,-0.002261915622863929,-0.003959779962829207,-0.004058007243469587,-0.004494925701022248,-0.002761391474033049
2025-10-30,-0.0006422496383324183,-0.0029147958865654786,-0.003800131886677569,-0.003240263737244871,-0.00041614431016307965,-0.004521349361831335,-0.0034446860720047045,-0.003335291577606584,-0.0036734014472108445
2025-10-31,0.0009861410300863634,0.0006217585178248066,0.0014050082764530938,0.0005586603735471316,-0.0004379262622355349,-5.3237927803012585e-05,0.0006873596361328789,0.0007045073098050017,0.0010588939755976996
2025-11-03,0.000982815648179219,0.0006789365089870722,0.0008548169416889665,0.0007621601550081689,-8.65590560982955e-05,-0.0007478665548244063,0.0004204312987412155,0.0005198922223830451,0.0014951580643803408
2025-11-04,-0.00812810452673408,-0.006210452172266264,-0.006199662086919119,-0.008021970862214955,-0.001668866115989728,-0.00204847789028147,-0.007489986009492835,-0.007552324882298534,-0.010812642589007378
2025-11-05,0.0034959256413534395,0.0014769001840150993,0.0015138708930243787,0.002618221374796501,-0.0008011580908959009,-0.0020990612717540756,0.0030425191404142475,0.003187646144708049,0.004345536692343447
2025-11-06,-0.004134759715286048,-0.002898622484823994,-0.00354672903228737,-0.003487170693475583,0.0012924480181942888,0.0011331715564820222,-0.004041540244142991,-0.0034685121560062873,-0.006163361722866348
2025-11-07,0.0023899251131945165,0.0012867826531637516,0.0016188776400053008,0.0020661844710087637,0.0002655610668638858,-0.0003290021737160233,0.0024899210345765417,0.0021040026510074496,0.0018967554528004197
2025-11-10,0.010042197338034351,0.007687784530907769,0.006981299034338161,0.00960635241554859,0.0032941988668026426,0.003926112796647564,0.009475102989377435,0.008912969498639884,0.012696137560518453
2025-11-11,0.0026874103142054346,0.002585637753758756,0.002798193636470454,0.003595279020257686,0.001787291034841643,0.00267934313487269,0.003028399579359866,0.0030130640977664774,0.0027932580997979293
2025-11-12,0.0007120692849687237,-0.0001237416926303621,-0.0015715171438921065,-8.345249957475645e-06,0.000734765324004866,-0.0009459629442516286,-0.0005215451884608036,-9.31557451663316e-05,0.0008819207337892078
2025-11-13,-0.009866176186489833,-0.008987217073309692,-0.009259771824365349,-0.011165733900901212,-0.003356880006473925,-0.006864308569060983,-0.010868803414407697,-0.010407928686118423,-0.012531539040569382
2025-11-14,-0.0024173517926820575,-0.001305948981727857,-0.00021120208223732347,-0.0018690427054709822,-0.002042756514489887,-0.00140535015448026,-0.0012917787894655879,-0.00128251237263466,-0.002288553039870783
2025-11-17,-0.006237069129047082,-0.004843450963692816,-0.004914173668126028,-0.0067748003181,-0.0008804299410326043,-0.001312622017640682,-0.006482966597714785,-0.007012434505762412,-0.008003011369270148
2025-11-18,-6.140062429131641e-05,-0.0013010184919827032,-0.0010356503100073446,-0.0011602856312817906,0.000680540831789043,-0.0005697469256318703,-0.0020985196938103547,-0.0017317665860056635,-0.0023162960220692364
2025-11-19,-0.00037819897841017097,-0.0006848860156378134,-0.0014652235398277182,-0.0012718947245230765,-0.0002752225498526674,-9.159534442100915e-05,-0.0010244128026582545,-0.0009917413039846838,-0.00012297979588160894
2025-11-20,-0.006989738702382376,-0.006493670179794266,-0.006790863264819633,-0.007702011858778621,-0.0004774426423817725,-0.0024030527511407656,-0.008188374803425156,-0.008001963863196416,-0.01004717288086223
2025-11-21,0.005654511726357439,0.005174189043118602,0.005568372434857183,0.006832435357444715,0.0012936322268685494,0.003836782261031336,0.007887809187684251,0.007169021078827567,0.006823042591105359
2025-11-24,0.009253166541816222,0.007703800107043485,0.006892136020914085,0.008895750044913138,0.003485359459831723,0.00576742433197673,0.008755763066897904,0.008456374523890014,0.011366396096463522
2025-11-25,0.004438818565531422,0.004257224873155613,0.0042995461160334255,0.005635228635653334,0.0011856190117256712,0.003322907225674973,0.005528134812419668,0.005093370686017413,0.005799507903926723
2025-11-26,0.005640266791512311,0.004946205002514482,0.004763480308225824,0.00626890372467729,0.0023057983067368048,0.0034284942207214323,0.005745818252083222,0.005483022308941268,0.006861551009178641
2025-11-28,0.004990503964509494,0.0029378741528375283,0.0027960233424390913,0.003780454679254861,0.0009845095251978485,0.0005417005968436739,0.0035804062324742664,0.003189059643761346,0.005299615254530656
2025-12-01,-0.0028485146965891144,-0.003912644305813012,-0.004256670365611885,-0.004617459770580523,-0.0020907258064646965,-0.004816311868757524,-0.004886073661206715,-0.004542031369501034,-0.003570845298383167
2025-12-02,-0.00015969922674508296,0.0004537550305807732,0.00044696559059189165,8.376301880142219e-05,-6.30111628557238e-05,0.0011561382141444146,0.0002829960698277604,7.36726349715721e-05,0.0005108446020380214
2025-12-03,0.0032669285029907663,0.0029772679387124633,0.003195677030797796,0.003707412079228281,0.001129353873406974,0.002360007271271672,0.003604531963269992,0.0033060312251330945,0.0035178956730607665
2025-12-04,0.0006874035037547705,-0.0001124177681954157,3.054739202791076e-05,0.0001944207538696472,-0.000732011693632261,-0.00133837980252757,4.937478515903086e-05,7.0917460446286e-05,0.000599024304103163
2025-12-05,0.00019904562344740795,0.0003077859199559294,0.0005528921165904583,0.0003975808468246591,-0.0004764627737520198,-0.0005315380174840121,0.00017021575866692917,0.00026006824260687314,0.0009087179682671945
2025-12-08,-0.0027978066781687754,-0.0029123625458054125,-0.0033035452331176603,-0.003552026154516942,-0.0015878395900873986,-0.0028316753000050677,-0.0030925563459022177,-0.003174270468297634,-0.003232838980059288
2025-12-09,0.00033811845944607487,-0.0002942542942059926,-0.0006070485686071833,-0.0003547724188630521,0.00014797516182620113,-0.000782354760408692,-0.0004178641297020478,-0.00040479414837919347,0.0001724868041184551
2025-12-10,0.004822220344535273,0.004753390052179251,0.004814347471170799,0.006281440842112675,0.0021867188054879028,0.004136375481788889,0.005714314868406164,0.005837293032679588,0.0061409525483710784
2025-12-11,0.0026714111686826835,0.0012025351186420914,0.0009076307726562314,0.0019514653273484102,0.000543045073894149,-0.0003662730558545148,0.0016786859353495503,0.001591241998521606,0.0023420166584289257
2025-12-12,-0.005738451616758784,-0.006277642326109384,-0.00663787678148377,-0.007213977250782233,-0.0024401576222117575,-0.006173826222566962,-0.00689956852013538,-0.006844446709831186,-0.007845217254004644
2025-12-15,-0.0010637965128645365,-0.0008412950829336255,-0.0009607157827398647,-0.0007132414576724386,5.874446733373827e-05,-0.00017198859148697505,-0.0008321940190738036,-0.0009305611583632054,-0.0012324799544690614
2025-12-16,-0.001431489225741916,-0.0011571083831951941,-0.0017112674567706858,-0.0018773488283947493,0.0007249239591446597,0.0011870710525262076,-0.0016310626847960542,-0.0017228829089165514,-0.0018631854793931242
2025-12-17,-0.0024858666725573212,-0.0025756648781268244,-0.002547466507334277,-0.0028969574466472907,0.00022871425129907986,-0.002277594145040469,-0.0033562174090064597,-0.0031885325158615635,-0.0043916569296112516
2025-12-18,0.0029526332181246135,0.003241894350548401,0.0029686642914924753,0.0038491474371108087,0.0013679028611119977,0.0037753672992651525,0.004437326276568825,0.003979194118897377,0.0046447911473168745
2025-12-19,0.0035476552503415767,0.0029399512932052926,0.0029734058815358137,0.0035143925190792426,5.8440711774832856e-05,0.0005174031295161127,0.003685098103597795,0.0032640699844181213,0.005148439601881045
2025-12-22,0.006410724582333435,0.00422170542822127,0.00392216896311009,0.005695606927541378,0.0021500011049589074,0.0012978466909810476,0.0051201530889124075,0.005142526851289268,0.00721766056387013
2025-12-23,0.003365876916258758,0.0026899624373357923,0.0023924398089726464,0.0034662641937951585,0.0018591777404151119,0.0016809236256618077,0.0027405421734090847,0.0030927823376334894,0.004373669585026934
2025-12-24,0.0013836032893491368,0.002025818121225727,0.002193651506245694,0.0023794830138501514,0.0012274044693118373,0.00299747511586304,0.002364039708131887,0.002279647581757659,0.0017882571343368133
2025-12-26,0.0014371674693269925,0.0008582748264702187,0.0006165051851601749,0.0013567558727916116,0.0006925628107600736,-0.00020048747510256269,0.00094919728650529,0.00101863651621442,0.0019071769112572814
2025-12-29,-0.007882979798361478,-0.0038566360823542463,-0.0025356971761415466,-0.005342670050064185,-0.0028442024835217392,-4.124306025021769e-05,-0.004296691786327917,-0.004505764916268528,-0.008365030476343314
2025-12-30,-0.0003605428437723801,-4.5897573603691635e-05,0.00024282733640789106,4.008393413748082e-05,-0.00010189919571471548,-0.0005525090312227133,-6.709754413805728e-05,7.170244690495199e-06,-0.0001659080136093415
2025-12-31,-0.005602491437676552,-0.0051330320944579,-0.005187813594443618,-0.006197511402977907,-0.0028092442647557098,-0.004717309800690746,-0.005698583560874662,-0.005803931259652109,-0.006413865844307415
2026-01-02,0.0021202627398763307,0.0027797007381437132,0.002803701066302276,0.004451565505553516,0.000275785410758672,-9.620598430052159e-05,0.0033436067652026216,0.004523315947727704,0.004154925600539877
2026-01-05,0.009445220397501838,0.0072773005521709015,0.0067654115277356154,0.009420554373248206,0.004215639865935022,0.004632147926677008,0.008105449506851286,0.008621828752355619,0.010593643718796364
2026-01-06,0.004642093689786119,0.003258881214481479,0.0031584849684132364,0.004323929459090739,0.0008670727711888059,0.000845712335754496,0.004173500244557807,0.00390910300890702,0.00564424133876578
2026-01-07,-0.002924664144747195,-0.0020456170046488625,-0.0022045900344684244,-0.003025155820248227,-0.00017192534075234793,0.0004886240032036441,-0.0025687215844158056,-0.002586752992618825,-0.0034842468581328416
2026-01-08,0.0021664578379166606,0.0011953353267233201,0.0016671000395990629,0.0018930704052273922,-0.00012445345652896956,-0.0012931557265104783,0.0013579459312687172,0.0016091105167196358,0.0017763210303244907
2026-01-09,0.004593011416676675,0.003973663371741835,0.0036983875717183944,0.004988973738414365,0.0021290380327195417,0.003298995288768121,0.00460839869842024,0.004630962256406561,0.005766076711503381
2026-01-12,0.005015703309824613,0.0032679389998463144,0.0029334455211684225,0.0045859367437299636,0.0014467022470321092,0.0001301671869664823,0.0035238034914726814,0.0036781442334510375,0.005485016161522026
2026-01-13,0.0004655119916699517,0.00019342782931603482,0.0005120598568245158,-1.86365321570197e-05,0.0006933141319670489,0.001064187113688773,-1.1602067836021436e-05,-7.138008985562785e-05,-0.0005723434641174098
2026-01-14,0.0017169969821254263,0.001567168893345331,0.0013118307761374713,0.0025280964737132666,0.0015517254869478081,0.00069642589453575,0.0016645278360860347,0.002006207307258184,0.001279625343326288
2026-01-15,-0.00032793867333164115,0.0005528747749730711,0.0010369173545237826,0.0008073327105367156,-0.0008636795893544124,-0.0006188691279422466,0.001046004666080224,0.0008000029720991313,0.0008572840307407608
2026-01-16,-0.0007924385094809451,-0.0006664684417154551,0.0001401749950717458,-0.0006701795906666786,-0.0015557840967117232,-0.0022546237400768686,-0.0009733092389336436,-0.00045658775893191075,-0.0006786892408681405
2026-01-20,0.00046577700600869545,-0.005246064573978104,-0.00702345656036094,-0.005941503194442788,-5.876695103229798e-05,-0.006847165526677466,-0.005490437189206457,-0.006695922224455749,-0.004934986942128201
2026-01-21,0.008922164538273818,0.007861549698579138,0.007699194316654385,0.010024633930077817,0.0038501845703887306,0.006029161522031028,0.009476618285441333,0.010276272224483369,0.011084120383617571
2026-01-22,0.004744278181709354,0.0028784535884367425,0.001849052827274498,0.0038643975650969604,0.0022550004361620987,0.0020151269856747405,0.0032355256258056963,0.003485260330215161,0.005496128797367484
2026-01-23,0.003909112764147496,0.002524528522369976,0.0019933235616619877,0.0029671935950474453,0.002266255334420031,0.0017493886792006974,0.0010973749860968799,0.002235251341093368,0.0034841080839273565
2026-01-26,0.003920689253203694,0.0025818893084643625,0.0017804306959089298,0.003192227706558967,0.0021891825502109007,0.002115476351293784,0.0023638040456164396,0.0028867987155243324,0.004232441650779456
2026-01-27,0.007566255150755914,0.005045086163711312,0.0045079628803608735,0.006723684793877008,0.0017481699985681198,0.0004220298348013977,0.005874705105493011,0.005718952211337329,0.00905291693885019
2026-01-28,0.006559596392340642,0.0019053232781397593,0.00025948356016813103,0.002435563864517556,0.002778134771908826,-0.00025362098177636087,0.0006319579697541092,0.002143655820709219,0.005539630202993924
2026-01-29,0.0021901139750990194,0.0017517562957449168,0.0022698846756822612,0.002195033550679398,0.0008314685695305557,0.0005046293644623527,0.002115039153712612,0.0018380990283062202,0.001399127908342527
2026-01-30,-0.024639327285269293,-0.012705279401974525,-0.009526029926822005,-0.017055152054204527,-0.009533070871867251,-0.003787649623599124,-0.013767412346875278,-0.014596353703997056,-0.024551644778148102
2026-02-02,-0.005918159338062372,-0.002930119719394058,-0.002475663400631757,-0.005093207251865137,-0.004468274589206205,-0.002821448784055407,-0.0043657021023987925,-0.004788819855579042,-0.006018404954595918
2026-02-03,0.006871196676843938,0.0025624655190641023,0.0011377895298025481,0.006207387261783834,0.0053868711687796575,0.001080257947417542,0.005725144652663268,0.0053458241046676,0.007602740347509856
2026-02-04,-0.0014853796074297057,-0.0015684559753631646,-0.0015357519356497742,-0.002596956413769555,-0.0008730204198740129,-0.0014282010856796784,-0.002626666444925704,-0.0026646244573514852,-0.004088384446825304
2026-02-05,-0.006786363001780453,-0.0037771575630283134,-0.003578777953277882,-0.007461045818522352,-0.0010550521288182168,0.001284861746150589,-0.006955177926682543,-0.007254385765296544,-0.011284282099897165
2026-02-06,0.009950320607551754,0.008044105906044104,0.007745407456761858,0.015453582698192695,0.003892220306893791,0.002697879855525706,0.016447193196788026,0.01636457940743605,0.018432867832827892
2026-02-09,0.005336598474518691,0.0034048233350820376,0.002888550884787408,0.006738559719842738,0.0025975952832287042,0.001288580264673544,0.006693801650730833,0.005922347832205945,0.008691397120475798
2026-02-10,-0.001048246421025172,0.0006023356653791912,0.0009435187197627677,0.0008385255674645366,0.000831257070511545,0.0019474303449180843,-0.00014180242846490858,0.0006153292251756087,-0.0013042190729270304
2026-02-11,0.0018777896888683035,0.0010598349661410746,0.0005880427137050623,0.002196530575651722,0.0003491752491960793,-0.0009825677258461225,0.001453667903893267,0.0014771778173444795,0.003327107915713817
2026-02-12,-0.00880733204493318,-0.004507188708076908,-0.0038619811497812924,-0.009280371903197072,-0.0017196315857496047,0.0008585577574386047,-0.007544084726890726,-0.008027593355728856,-0.014216016045418474
2026-02-13,0.004818706144934483,0.0031443785753663502,0.002863086272660947,0.006406603829030475,0.0033135488433272972,0.002969257739511525,0.007163277481485758,0.006531683443026745,0.007114766602822388
2026-02-17,-0.0039178279166884634,-0.0011831542102886275,-0.00026544921158026444,-0.00293748422902064,-0.00236176252941169,-0.0007941335799145884,-0.004340777711672661,-0.002892013480724453,-0.005026199951577595
2026-02-18,0.004863364335024408,0.0022166700154597177,0.0015534037937985053,0.0044821815242529935,0.002347100135086202,0.0005703088239388457,0.0050036743956565315,0.0033786328084372394,0.006668707677331871
2026-02-19,0.0005058041481992732,0.00011436167095298013,0.00014507347068811586,0.00028364436424518723,0.0007936597621203432,0.000629906504860131,0.0003409058763761537,0.0001906037988320929,-3.836454610701112e-05
2026-02-20,0.005058428290731488,0.003670640032898092,0.0030104598982383457,0.006425386084222742,0.0017765662671435309,0.0009544946525319226,0.00578448480298287,0.005487970568564722,0.008137811521331266
2026-02-23,0.0014649588803533247,-0.000927306641992274,-0.0021019819897676547,-0.0010994044855872482,0.0024202463609633664,0.00012469342797063237,0.00026687559960610746,-0.0007258127001073686,-0.0008251864723220441
2026-02-24,0.0004574573564273427,0.002331421150037349,0.0029428944202620857,0.002862914586088501,-0.0004343192455899985,0.0011414021669288983,0.0032752846855852386,0.002607245067046686,0.0026112131869797397
2026-02-25,0.0028653674194079283,0.0029731625823238104,0.00308713426044238,0.0037050571491722157,0.0004242840623961802,0.0017879734233152355,0.003398395917852278,0.003162982981811906,0.004767568940183915
2026-02-26,0.00042832238812252123,-0.0002898399013669317,-0.0004051328695298566,-3.417651474685924e-05,0.0010293369516027478,-0.00013339544152840096,6.884338979246654e-05,2.944940422694685e-05,-0.0009079721805735282
2026-02-27,0.0017644472395304822,0.0008209649260594435,4.544494738907479e-05,0.0006342992769683523,0.002234599722985595,0.0011571658492654793,-0.00010581196073299562,0.0004723951777982396,0.0006058084995395147
2026-03-02,0.004518331291917762,-0.0007175876653383788,-0.000380359718998041,-0.00019104923422718847,0.00019677428005890904,-0.001675637700485168,-0.001209142610832705,-0.0003099614188965922,0.0016021960081485226
2026-03-03,-0.013116369967400768,-0.009711207152530143,-0.007668850682610635,-0.014245452294197769,-0.003833694094473378,-0.0024500076420224267,-0.012609209400865714,-0.012704095612632393,-0.01727426194545493
2026-03-04,0.005239325057412748,0.0034496805040846877,0.003660121340680879,0.006040717197926455,0.0012159364029323489,0.0014406311746795303,0.006127541174779135,0.005957791313726484,0.007694253350307199
2026-03-05,-0.004592652269539248,-0.004964873319365411,-0.0043881469516152995,-0.00805777847255421,-0.0017228531434980727,-0.002764017615710302,-0.0076583875786126725,-0.007351872999844189,-0.008004652056240909
2026-03-06,0.00012444752115410023,-0.0020593368252147057,-0.0023243970208473605,-0.002973943279281214,0.0010237774988682816,-0.0018452366923228957,-0.00466398783419126,-0.00424719099186643,-0.0026785769718125877
2026-03-09,0.002567598588422737,0.004184616387600331,0.003900498960825305,0.00584826059753059,0.001935881971309065,0.00464056050579797,0.006521734745153866,0.0061418955870564465,0.005537784150082309
2026-03-10,0.002727517332451986,-0.0001232101653162272,2.5516625631604345e-05,0.0006650267126613614,-0.0005880544844625432,-0.002912599458084048,0.000213245181219044,0.00021140402060164886,0.002263072040153833
2026-03-11,-0.00020501908520497117,-0.0020955749449092396,-0.0013631018855681392,-0.0021250027736634215,-0.002037923498811966,-0.0038833809732110943,-0.002419866975311542,-0.002236101546718286,-0.0009828173654144806
2026-03-12,-0.007524211733424465,-0.006644567200088575,-0.005172697786203345,-0.009975790852013292,-0.0023157439709507116,-0.004690975540937821,-0.010709283668268612,-0.010879398767196529,-0.011503642765971921
2026-03-13,-0.004839998096724575,-0.003477999460775236,-0.002746529777208669,-0.004812475904086929,-0.0023360457121956767,-0.0031289289739130045,-0.004184916314992888,-0.004782214363433322,-0.005725063878214356
2026-03-16,0.0037591567683580166,0.005493838510738851,0.004859496568432463,0.007558651781965442,0.001761302557285846,0.004534059706041592,0.008564647519060302,0.008415053519981886,0.006927047539385128
2026-03-17,0.003627727344624457,0.0036844072606372915,0.004567764480434174,0.0045982827501733665,0.001912755095313242,0.004190777660671681,0.004170027867003519,0.00406954452440067,0.004187000937651564
2026-03-18,-0.009534369443620147,-0.007251871881491755,-0.005877234256880772,-0.010958389684343641,-0.0038205620293116594,-0.00523836926750549,-0.011784636939918462,-0.01061540323522616,-0.012696858927137839
2026-03-19,-0.0070049285358433225,-0.0021790386147099335,-0.0011041871737171437,-0.0038521292592568618,-0.002291893334818977,0.0007759538249194747,-0.002625708510624863,-0.004123812116679275,-0.007215731038410911
2026-03-20,-0.013987620970687765,-0.013228103146353205,-0.012849407211176982,-0.019105097418379416,-0.007148105938839602,-0.011046893947050737,-0.01826597044007137,-0.01951734506953953,-0.01915620529895498
2026-03-23,-0.0006815129698224149,0.002113749109217719,0.0019925585031011317,0.005356486220549589,-0.0007081314236954674,0.0009846825558672183,0.0060004302826502315,0.008554926002305605,0.003248374485428558
2026-03-24,3.867983858397887e-05,-0.0010187148586684883,-0.0007347143820796582,-0.002217441178325548,-0.0005538910863608588,-0.0018318282381087415,-0.0011867159305001072,-0.002777453052434356,-0.001857214847882852
2026-03-25,0.0052870556789216165,0.00374359162722498,0.0031294328798869915,0.008572615593568747,0.004367752185358015,0.003973425122667768,0.008416414805445407,0.009335907117485677,0.009497791748133921
2026-03-26,-0.008386652672558715,-0.006461594955644884,-0.005684812200042481,-0.014590344593735878,-0.005780823766870701,-0.006840717131164571,-0.014873722445554944,-0.014585513013355367,-0.01700983846319777
2026-03-27,0.000698030528368557,-0.0018638416690817381,-0.002519711271532345,-0.0023689983927902337,0.0017287163520872532,-0.00035609556740872977,-0.0032312789739615106,-0.004621262258423581,-0.0016610166385763266
2026-03-30,-0.00018536111384111429,0.0008024001660978053,0.0003966824351799836,0.0005185019344105513,0.0026979294142838463,0.0038956038921263937,-0.0009616014635997269,-0.0010015687066295626,-0.0011490735830949463
2026-03-31,0.011235152584251113,0.00867870193679937,0.0082974758181649,0.01875504260033486,0.004799531585541432,0.004226075786449975,0.0218876633096333,0.01850948336702928,0.02207944135808834
2026-04-01,0.0035795665736529708,0.0022827710176161935,0.001805388164949209,0.005191767839360344,0.0013744057364074491,0.00040188274609222966,0.0038928912466031224,0.0043424814140430885,0.006911744819550217
2026-04-02,0.0007758896718040452,0.0022414646117310984,0.003321195182026032,0.0019710801659783457,0.00109146232433213,0.0022968976560586492,0.0017602613640527256,0.0017447259162947364,0.0004007553290714772
2026-04-06,0.0011189444135568435,0.001313610546853421,0.0015373524321164445,0.0022916021496209057,-0.00022810168641051694,-0.0008945714393350291,0.001642663033776506,0.0017494963116701408,0.002676938670923052
2026-04-07,0.0009494236535805149,0.00045436494788818647,0.00034312744210730523,0.001332891426167631,0.0009527575498330611,0.0014818405611607883,0.0013829941393535957,0.0010108362739805782,0.0016210862929647767
2026-04-08,0.007050055345431934,0.006952077826268568,0.007594271625817396,0.015761512787551512,0.0018494527419321797,0.0029704473579276447,0.012833889500192456,0.012294228590545773,0.016753590493651018
2026-04-09,0.0021540880866021523,0.0015650427429300107,0.0016875464234535832,0.002627806566848243,0.0008543930633340362,0.0006231990546639933,0.002243701149727593,0.0026495250674900173,0.0037484137582134334
2026-04-10,-0.0006683885274732416,-0.0006892872630520725,-0.0005753321181960438,-0.0010472405776971987,-0.00121358572323437,-0.0013488303915612583,-0.001972309502258964,-0.0014421283968058176,-0.000798278828769769
2026-04-13,0.0035327630133647303,0.003712108228811388,0.004064065128879598,0.006458899524829235,0.0019775961455562067,0.0028862890014059546,0.005507888449855535,0.005642747358591619,0.006678985497382217
2026-04-14,0.005481615704140569,0.004498019814864947,0.004690288024449439,0.009443056738463348,0.003436325526353226,0.0035123531661385033,0.008284746515117547,0.007597992198899588,0.011244660073145809
2026-04-15,0.0005009792408483492,0.0007866977842227206,0.001049111137195524,0.00042904222502131075,-0.0008702629089233701,-0.0003074785588833987,0.0008036306980091297,0.0002289432536145486,0.0015418607143416068
2026-04-16,0.0007898699026149715,0.0006903853519130057,0.0011470709369548729,0.0010224796809024518,-0.0008331192324131986,-0.0007728194679605918,0.0005504657697441601,0.0006376464953552007,0.0018283840520628804
2026-04-17,0.00416295700312521,0.0044116660296338985,0.0050762198464134635,0.008587934016750183,0.002611559185849385,0.0038500570909185848,0.006827487742571045,0.00757421585389134,0.008949822189119473
2026-04-20,-0.00014040735506427271,0.0001821504704602538,0.0005789410109685605,-0.0003676098814336119,-0.00024274242263419246,-0.00025444988417895956,0.00034223394620118425,6.124533867654863e-05,-0.0010097578391871948
2026-04-21,-0.005919268004595848,-0.004588454708785331,-0.004564288363067704,-0.008438333734884909,-0.002869814002222103,-0.0031009316371944564,-0.006993597853947705,-0.007401536077971513,-0.009094417942753563
2026-04-22,0.0046433217454631675,0.0034373470750436,0.0032503494698439424,0.00641380696919557,0.002535183814790339,0.0028501816818800674,0.005331331349322698,0.005848395093335997,0.00844228515601833
2026-04-23,-0.0014179742275921654,-0.000875958843201952,-0.0004659309659083796,-0.0025974479461725757,-0.0009939732075313604,-0.0013955023876122143,-0.0018227310154857784,-0.0021928150568023743,-0.003260510355244476
2026-04-24,0.0037578045402311406,0.003510614887113591,0.0038030257225700964,0.00552792214512885,0.001486790675020939,0.0027291825519523585,0.0046432364139539824,0.004940092918884875,0.007049027693375666
2026-04-27,-0.0009390284842341759,-0.000859857909229944,-0.0005626884562536282,-0.0013900774638464426,-0.001071423193164425,-0.0011200310186357863,-0.001034309829061317,-0.0012884386262373472,-0.001012111490836661
2026-04-28,-0.0037945081623355103,-0.0019182353678137648,-0.0015773564961161005,-0.003578204145342541,-0.0012538863467603354,-0.0010857436332304673,-0.00315137444241857,-0.003385787731712334,-0.0054561462512341475
2026-04-29,-0.0009293377858830753,-0.0014279158274615289,-0.0007840591261715321,-0.002611271690347302,-0.0015244899026676155,-0.0022532830013509615,-0.002058080697915642,-0.002360411245238669,-0.0012346041062361777
2026-04-30,0.008246224492336824,0.007062387217789963,0.00718403402818574,0.010064116369248437,0.0019781601151680353,0.002920018315728197,0.008968816882777831,0.009841375488673828,0.0109614582134548
2026-05-01,0.00043185035430885613,0.000970556805306973,0.0011473087098858436,0.0009132641211243054,0.0005371835196446562,0.0015741785936344396,0.0007872189286666514,0.0008970471247703108,0.0014109551252877493
2026-05-04,-0.003805631485944155,-0.0029211041732265467,-0.0017265705524095404,-0.004336378041207261,-0.0023916850227260035,-0.0026927142865626865,-0.003539712479205688,-0.004045028374862235,-0.004412560858158861
2026-05-05,0.0057728020890721815,0.005392274892705021,0.005533323503873839,0.007567583321789,0.0021129076758669304,0.003558074396229395,0.006685245702729363,0.007454140209587944,0.008367563290202188
2026-05-06,0.009016420421732925,0.008271425089065096,0.006699101261397473,0.011744650180048432,0.0035286391057451245,0.004717124264837029,0.010411233485284202,0.009733768176071267,0.013353853715066004
2026-05-07,-0.003623769844015604,-0.004083573031270121,-0.004473891372169194,-0.006016754150355307,-0.0013138598003615285,-0.0033119009084118982,-0.0043133671635812425,-0.004869888333409015,-0.0051223028458643365
2026-05-08,0.006035052578561663,0.006040335494378815,0.006379064616240682,0.007749221175793075,0.0025022528837848946,0.005044260380762172,0.006712794650678285,0.007431019259302102,0.009355469593631793
2026-05-11,0.002880163983937445,0.0013496279720165286,0.0018463964716962126,0.0016900693179900108,5.803873068920286e-05,-0.0006710452523783322,0.0023562286090151124,0.001485680531627772,0.0028596270437501637
2026-05-12,-0.0016938647059957658,-0.002722460830864809,-0.0030599418217020285,-0.004551130979939391,-0.0010270303088077493,-0.002284528803505035,-0.003835749775307138,-0.003682686688189362,-0.004398063427844489
2026-05-13,0.0002535831564578572,0.0011387464258980691,0.0010330508151945076,0.001588726956814757,-0.000557361471819137,0.0005847324680107498,0.0012336366136710365,0.0014548054507241088,0.0023688371682508837
2026-05-14,-0.0010008239341522636,0.0005665325548346613,0.0007964158653723754,-8.519219234595163e-05,-0.000443085729910663,0.0006014820820070299,0.0002990105214816159,2.925157801948425e-05,0.00058591537112971
2026-05-15,-0.010885026498770663,-0.01056890250351963,-0.010827613755388373,-0.014531382194011703,-0.005313162204559021,-0.00814410608379511,-0.013296585035951745,-0.013248564260244101,-0.01502251065334334
2026-05-18,0.0008455261698197728,0.0005046726402989167,0.00028829668370031956,0.0012337631129477758,0.00012592281107540285,-0.0008043590089378229,0.0008258749125207372,0.001606300041857462,0.0008119880653816359
2026-05-19,-0.0035500841321075465,-0.003033625012275106,-0.0025884100836847594,-0.005505339613993595,-0.0026966403959457507,-0.0035699652240412556,-0.005405115769645054,-0.005765947224244723,-0.006046889917441366
2026-05-20,0.005707316657641025,0.0063361325231445125,0.00639441539466353,0.010188031133612335,0.0035775581379429706,0.0060353579292956715,0.01011421162649136,0.010835237179725366,0.010441419755541768
2026-05-21,0.0007495916804340568,0.0011369063261785887,0.001336871863721313,0.0024394518551221827,0.0005269767997731043,0.00042276181126944145,0.001673688657221219,0.0019380235555860868,0.002128937738358779
2026-05-22,-0.0002104656815202463,0.0008961520743674189,0.0013019734873710742,0.0008050217363245234,0.0003451991895578096,0.0009989128417917134,0.0007748454062458162,0.0009784065700175798,0.0006164041293316056
2026-05-26,0.0036643170146604355,0.0050016595133135,0.005756845358549279,0.008078231176816067,0.0014549950350607268,0.0036789410560102926,0.007812776657200846,0.0071114252554952155,0.008614174507719329
2026-05-27,-0.003636397198822053,-0.0017894053747336107,-0.0015331358077451075,-0.0030297833732819486,-0.0012547274856333065,-0.0005010182079472098,-0.004281217897185746,-0.002835997172977073,-0.003805977239696427
2026-05-28,0.003763997639633068,0.003073910463420455,0.002790819452291701,0.004016218416939087,0.002507665164248656,0.0033075499894375934,0.004027691042663237,0.0034421499803900845,0.004975101844447378
2026-05-29,0.0003946299067747985,-0.0002875858359896785,-0.0011494599208063169,-0.00012271612842049284,0.0008459105442586214,0.0006097161071507715,-0.0001177947702004017,-0.00010181355835254892,0.0007664964121226949
2026-06-01,7.671598043629412e-05,0.0006776103655678017,0.0006721606349417729,0.0005116276075620973,-0.00021217798509265014,0.0009465285573316625,0.00016555190935758305,0.00015941908091308857,0.0009340949656095317
2026-06-02,0.0029266509304280404,0.0028025858911013973,0.003249992756117312,0.00374899915901056,0.0008606221382391063,0.001293738480837916,0.003340801074955643,0.0033864128371901728,0.003958013046567795
2026-06-03,-0.003610946622455131,-0.003591504891616166,-0.003508499162372574,-0.005162926231173909,-0.001686052008599875,-0.002825729343525388,-0.0046575527576470524,-0.004626036816668447,-0.005368933974987614
2026-06-04,0.0016604108831447413,0.0018741146289475007,0.0018970795205011635,0.0025319787918090726,0.0007682478280729988,0.0008601527764781852,0.002504256643540417,0.002826249168686039,0.0017928752704870908
2026-06-05,-0.020572169832930996,-0.017881162979315832,-0.01750184209048994,-0.023020974165521457,-0.006904611577859989,-0.011056800494259953,-0.020998963574350205,-0.020765240438849815,-0.02878338364349131
2026-06-08,0.002201655581369548,0.0015334017094232675,0.0015896893461759228,0.003475365188838838,0.0003424100494717214,0.0001765018252421691,0.0031459898801410495,0.0019491801863127545,0.005495942955554164
2026-06-09,-0.002025533217242476,-0.00010141383613018841,0.0007374976541614472,-0.000332200280449132,-0.0006764563788529016,0.00038944368316664305,-0.0009019180333879882,-0.0008825512232455452,-0.003253909191243827
2026-06-10,-0.006626902702414407,-0.0049585382251332395,-0.003945997733005446,-0.010275268196906122,-0.004123897018927495,-0.0024440441132324796,-0.01206173971135958,-0.01081677504102373,-0.013630550511749941
2026-06-11,0.009167526789008264,0.008640227202132268,0.008453235700390116,0.017292789918083095,0.006048264983820601,0.006874926581958116,0.018494162861251755,0.018709724495248325,0.019942625319642273
2026-06-12,0.0006910463902763611,0.0012284384802135038,0.001382368680057664,0.0019080099898839762,-0.0005395277429027499,-0.0008344341759722519,0.000933477264881162,0.0008710496271142781,0.002676055037404693
2026-06-15,0.005121239451471637,0.004608013790731803,0.00391534399949424,0.00876607110511835,0.0025192230635301327,0.0026631164828474917,0.008040197452751908,0.007508147283282164,0.012987846296107814
2026-06-16,-0.002451843494705239,-0.0021222585225096546,-0.00236678930414839,-0.0037189023032445233,0.00017153994975772425,-0.00018314989295146184,-0.0027511815627491824,-0.003246371893232275,-0.006090566773551244
2026-06-17,-0.0054000216554225405,-0.004530929418141516,-0.004301967229252884,-0.008497697947563571,-0.003095843867889638,-0.004358420439449954,-0.009871144625722066,-0.008540379102557078,-0.009794327026184903
2026-06-18,0.003827739578029177,0.004640736867019448,0.00537267503201062,0.008399541867683156,0.0017976724416712759,0.003909848888777245,0.007593228409248496,0.00862238117940668,0.010232610949745369
2026-06-22,-0.0006299962331374354,-0.0004205739341251656,0.00013034109881180302,-0.0006755178576216313,-0.002237779444267988,-0.0026928785158596208,-0.0011263818531091273,-0.001239062124593505,-0.0007709695782625264
2026-06-23,-0.007238703136269149,-0.005378958609644116,-0.005205512113504543,-0.012373546414489463,-0.002389815176029833,-0.00206014215805091,-0.010086845285740446,-0.010767953331245458,-0.016830827363510097
2026-06-24,-0.004017331344170708,-0.0003675957224796375,0.0005633476946854643,-0.002613382815208304,-0.0006613873454041786,0.002415689317527465,-0.0016799211839564135,-0.0026258077085416593,-0.005008662681939032
2026-06-25,0.003957026893454586,0.0025376806362657567,0.0025847031873672465,0.005598365536157215,0.001833213947713016,0.0017467207406835139,0.005326346684185361,0.005128910958313214,0.006460969945257242
2026-06-26,-0.0009712560978942696,-0.0008287741029773472,-0.0007060962337182212,-0.0016724062387220749,0.00011277274824204224,0.00015845379723154708,-0.00047049086534335606,-0.0013174699290112893,-0.0031474561970662516
2026-06-29,0.0016569260623002866,0.0023388638709051445,0.002164587928722796,0.0030862596900033605,0.00037276718989750514,0.0018919145692935292,0.0021713057698470473,0.0028615538310086184,0.005422692178714956
2026-06-30,0.001460651710260983,1.7223698979335547e-05,-0.00011133769159183914,0.0009069367231104612,-0.001540982140624497,-0.001891194435789121,-0.00030043817886092687,0.0006758793077005582,0.0040967606261314475
2026-07-01,-0.002559572415645893,-0.0027507248408471753,-0.0032243906456124057,-0.0055293650097181235,-0.0013463867133279483,-0.002903609750073052,-0.004451568094136485,-0.004957966249190473,-0.00620248487711239
2026-07-02,0.001635458230109368,0.00046050908370113164,-0.0004208661178858476,0.0015066755510598508,0.0015663857421252564,-0.00019146242495441702,0.0012710840081007447,0.001313022131939953,-1.1241374764329183e-05
2026-07-06,0.005632778421246887,0.0036762897267045903,0.003563225319204064,0.0072530995380082055,0.002085308947529383,0.0025463598190190975,0.006138759886625062,0.00638946124555716,0.008989383518066014
2026-07-07,-0.004488768955959786,-0.004346343456757481,-0.004146958458960993,-0.006995743535682197,-0.003070722814496168,-0.005059813154000794,-0.005896111945895117,-0.0063202258970298,-0.008317592861506047
2026-07-08,-0.001117988594087592,-0.0017700100949507632,-0.001768568471951499,-0.002064479413023894,-0.0005236661974324068,-0.0007043731146492137,-0.002764464678642821,-0.002860537071129646,-0.001689580775667503
2026-07-09,0.004456751881112252,0.003947133348671992,0.004053499968362365,0.005136725672360059,0.0014728627651697992,0.0023988457004872994,0.005514207159784634,0.00516840879370617,0.0070222832463382595
2026-07-10,1.4543798429028474e-05,0.00033798187327741024,0.0001276295136165363,0.00017134290047888254,-0.0004283048497607435,-0.00039812362208461484,-5.074775517012436e-05,-6.699417845428668e-05,0.0006093912042652655
2026-07-13,-0.0058540235348776585,-0.005053346313598559,-0.003896732709191177,-0.0074940855390687915,-0.002635504297234825,-0.003415404772518425,-0.00732158734666478,-0.006955427532949381,-0.00955297294463263
2026-07-14,0.0059019585389249495,0.003977676256283585,0.003794356517536841,0.00608873005324669,0.002496523853314906,0.003284594007306368,0.005322277703605787,0.005857784109296123,0.007182822087718124
2026-07-15,0.0018090534209947756,0.001736212136483881,0.0019138338222457248,0.0024245108352406873,0.0011975827912570358,0.0023476753769981307,0.002276656337987138,0.0019796912887918333,0.0019288740365092808
2026-07-16,-0.006127815121715259,-0.002736297428594979,-0.001962717257000593,-0.005193703704188885,-0.00240392617090274,-0.002503326896922364,-0.0042962290327602775,-0.0044901996222239515,-0.007671878775880792
2026-07-17,-0.00022712928130593445,-0.0017113997120909348,-0.0016510568517798757,-0.001504548251968531,0.0013977649991223314,-0.00046039222179999136,-0.0015507263987751747,-0.0022781010967961985,-0.003065057501933552
2026-07-20,-0.0011160883836479703,-0.0018637778589088582,-0.0017993721983977835,-0.0021503475827400367,-0.001288861049938692,-0.002191713072388922,-0.0022398649182840914,-0.0022557503397957162,-0.0014744491426751662
2026-07-21,0.009407499249618752,0.005887382090513982,0.006067953603264288,0.00914479786578027,0.0018635385408771862,0.0013133754480272155,0.008570550422285357,0.00850081428917524,0.011787945758269221
2026-07-22,0.0008129329182380638,-0.001310362404775823,-0.00200651295839626,-0.0009239645591079829,0.0003688550246376684,-0.0015151766802713447,-0.00043066002560950494,-0.0009047132604543794,-0.0006027776990789846
2026-07-23,-0.006362306687770705,-0.00511067148955377,-0.0037217662145462797,-0.006508094644311379,-0.002504014662025473,-0.004110026988445669,-0.006476255061964935,-0.006531650929452417,-0.008592492877218657
2026-07-24,-0.001053643452816634,4.2028124728455345e-05,-0.00031300742631481507,-0.0008242250071777552,-9.570315201027506e-05,-0.0005012983639798781,-0.0007347312244886183,-0.0008386721702959019,-0.002121995331538262
2026-07-27,-0.0023815161909603788,-0.0007881001705708962,-0.0017336651480296932,-0.000605565019132,0.00021505156738786004,-3.284796683529602e-05,0.00015711681179795444,-1.9238827785832286e-05,-0.001398841578749349
2026-07-28,-0.004591318696100194,-0.0014852287038949685,-0.001190847413978443,-0.0030189911453190913,-0.00036237788052998664,0.0012635258785986536,-0.0034858378052511378,-0.002678043645972346,-0.004667738916695236
2026-07-29,-0.002382436663983814,-0.00550931607663299,-0.005619164176460033,-0.006362748918703324,-0.0019751666850403886,-0.005921369348969002,-0.0059385546775062616,-0.0069659283725540455,-0.006988436515453091
2026-07-30,0.010358134652727835,0.00779494908710607,0.006931243954011331,0.011473726259937712,0.0024493465437757296,0.004522391406913872,0.010671887075679749,0.012449773557074485,0.014865804527783553
2026-07-31,-0.0012103535912787607,-0.0005529044478919771,-0.0005943978843720586,-0.0013539722733925807,-0.0016318286204656883,-0.0005181438449656221,-0.0014688240550598016,-0.0017680434570786505,-0.0004406938548592063
2026-08-03,0.002590315545797083,0.0036850532444451687,0.003744925720419391,0.004165009234462889,0.0009670353843682937,0.003551138570726945,0.004119626399329364,0.004682933320841142,0.005777334225889309
2026-08-04,0.007166995561645623,0.007592638817978736,0.00725584010405428,0.009589837813021359,0.0028046785411886153,0.006746440114369765,0.007825410894220966,0.009109912028768867,0.012411350372540859
