,SPY,QQQ,IWM,EFA,EEM,IEF,TLT,LQD,HYG,GLD,DBC,VNQ,Cash
2019-01-02,0.043919271975755694,0.04505793079733848,0.044161819666624066,0.04345590323209762,0.04216554462909698,0.0426149919629097,0.042121327668428424,0.04152574986219406,0.045242121815681456,0.04426257833838463,0.0466346763074398,0.04460576251149177,0.4742323160171509
2019-01-03,0.04433378949761391,0.04694169908761978,0.04546331316232681,0.04345490038394928,0.04074786975979805,0.04115002453327179,0.040314112603664395,0.03805625066161156,0.04694419503211975,0.04375979229807854,0.04806999266147614,0.045735322684049604,0.4750287473201752
2019-01-04,0.045109962671995164,0.048162426054477694,0.046636294573545456,0.04429129734635353,0.040993551909923556,0.039828932285308837,0.03867078647017479,0.03624905943870545,0.04804367199540138,0.04382066987454891,0.04815121740102768,0.046172729879617694,0.47386940121650695
2019-01-07,0.04527941718697548,0.04967322051525116,0.047324391454458235,0.044703052192926404,0.039858822524547574,0.04063548482954502,0.037415926530957225,0.034040910005569455,0.04809761419892311,0.04369979463517666,0.0480956993997097,0.048536012321710585,0.4726396441459656
2019-01-08,0.046755065023899076,0.05225505903363228,0.04839462488889694,0.04485641568899155,0.03967534080147743,0.03956925347447395,0.0351086650043726,0.032159850001335144,0.04798554703593254,0.043008892238140105,0.048601295053958896,0.05004750192165375,0.4715824842453003
2019-01-09,0.046530361846089364,0.052928758412599565,0.04810564815998077,0.04358801245689392,0.03792648836970329,0.041750417277216914,0.035267319157719614,0.029855527356266974,0.04813836142420769,0.04394161440432072,0.04804869741201401,0.05009555220603943,0.4738232493400574
2019-01-10,0.04679663591086865,0.054026469588279724,0.04810209274291992,0.043161303550004956,0.037205202877521514,0.043248696997761724,0.03449878133833408,0.028115966357290745,0.04825282469391823,0.04455972351133823,0.04930504038929939,0.04930044934153557,0.4734268069267273
2019-01-11,0.046998316794633864,0.054952987283468244,0.04869475662708282,0.04375059604644775,0.03663533851504326,0.042432960122823715,0.03294908031821251,0.02684653140604496,0.049055515229701994,0.04427812099456787,0.04901271238923073,0.04918227642774582,0.47521079778671266
2019-01-14,0.04812127575278282,0.057307028025388715,0.049443376064300534,0.045148787647485734,0.03607232868671417,0.04290599673986435,0.032161247730255124,0.025198433361947537,0.052558208256959914,0.0448334151878953,0.04974489957094193,0.05205771252512932,0.46444729566574094
2019-01-15,0.048733876645565034,0.05885562673211098,0.04999318048357963,0.0449117474257946,0.035395615920424464,0.04216230846941471,0.031215669959783553,0.024668933637440205,0.053861099481582644,0.04493713453412056,0.05137794613838196,0.05346743166446686,0.4604194462299347
2019-01-16,0.05234287530183792,0.06318120658397675,0.05220156423747539,0.046961117535829544,0.036912611499428746,0.043570201471447946,0.030540815368294717,0.02465947326272726,0.05614635944366455,0.04700792748481035,0.05333398431539536,0.05454896315932274,0.4385928809642792
2019-01-17,0.060274595767259596,0.07330021932721138,0.059809669852256775,0.05323774665594101,0.041910377144813535,0.05201148800551891,0.03492043055593967,0.027922235429286957,0.0656336598098278,0.054604188166558744,0.06146046370267868,0.06102521270513535,0.3538897156715393
2019-01-18,0.07071660608053207,0.08715560510754586,0.06934423893690109,0.06055835857987404,0.04740113392472267,0.061614015698432924,0.039487060904502866,0.03210815209895372,0.07846796214580536,0.06509168911725283,0.07187447175383568,0.06957540363073349,0.2466053068637848
2019-01-22,0.07509797364473343,0.09276312962174416,0.07242977097630501,0.06249987334012985,0.04794729389250278,0.0643291462212801,0.03973312564194202,0.03254866674542427,0.08347219824790955,0.06983568668365478,0.07592400163412094,0.07397321313619613,0.209445920586586
2019-01-23,0.07678591832518578,0.09460241347551346,0.07378872036933899,0.06418008133769035,0.04846736714243889,0.061106763780117035,0.03767794407904148,0.031138325296342372,0.08703441619873047,0.06679182052612305,0.07616440057754517,0.0715623989701271,0.2106994330883026
2019-01-24,0.07709983438253402,0.09569963291287423,0.07359422445297241,0.0637233279645443,0.04764458276331425,0.06324058212339878,0.03767245598137379,0.031075599789619445,0.088480906188488,0.06926570814102888,0.07704065218567849,0.07129087671637535,0.2041716307401657
2019-01-25,0.0778066299855709,0.09891074523329735,0.07474163323640823,0.06568848863244056,0.048325999081134795,0.06031274572014809,0.034586777165532115,0.029645965620875358,0.09247884899377823,0.06773472707718611,0.07768329530954361,0.0691580280661583,0.20292613208293914
2019-01-28,0.07843563258647919,0.10121052190661431,0.07529460191726685,0.06595858260989189,0.04773409515619278,0.05937129259109497,0.033048808202147485,0.029078317806124687,0.09358175098896027,0.06705476008355618,0.07809189930558205,0.06823424249887466,0.2029055178165436
2019-01-29,0.08032696899026633,0.10437506288290024,0.07378046810626984,0.06519640684127807,0.04695749059319496,0.05702519789338112,0.031248415634036065,0.028143119532614946,0.09355952590703964,0.0679004117846489,0.08178308084607125,0.06677443236112594,0.20292939841747284
2019-01-30,0.07906831558793784,0.1101729229092598,0.07241184338927269,0.06442525237798691,0.046054395660758016,0.05674489587545395,0.030995376408100128,0.027616419177502394,0.09313257038593292,0.06797831617295742,0.08265045285224915,0.06663418188691139,0.2021150231361389
2019-01-31,0.07991943042725325,0.11169498860836029,0.07082827687263489,0.06315866559743881,0.045798128843307494,0.05545137003064156,0.029469998180866243,0.026799510791897775,0.09347944408655166,0.06791999116539955,0.0844093270599842,0.06503279730677605,0.20603809952735902
2019-02-01,0.0803379874676466,0.11498426422476768,0.07055055648088455,0.06239391714334488,0.0456376526504755,0.05462407805025578,0.028852102532982826,0.026456609088927507,0.09334486573934556,0.0687667291611433,0.08559729903936386,0.06526934951543809,0.20318456888198852
2019-02-04,0.07971128635108471,0.11608227565884591,0.06978211849927902,0.06308201998472214,0.04561048895120621,0.056559488922357556,0.028233400732278823,0.026706761587411164,0.09406698346138001,0.06813717354089022,0.08534696325659752,0.06487043648958206,0.20181059837341309
2019-02-05,0.07969972677528858,0.11864465698599816,0.06917175352573394,0.06265115141868591,0.04545142687857151,0.05568574070930481,0.027614595741033553,0.026630605570971966,0.0942457377910614,0.06692267321050167,0.08648640960454941,0.06508176922798156,0.2017137438058853
2019-02-06,0.07884301133453846,0.12035281211137772,0.06693764328956604,0.06077203005552292,0.046121696382761,0.05867092087864876,0.027561461366713048,0.027126461267471313,0.09435917362570763,0.06590175610035658,0.08596993535757065,0.06539459377527237,0.20198847651481627
2019-02-07,0.07791500017046929,0.12119475305080414,0.06511901393532753,0.059894044697284696,0.04646119587123394,0.061589830368757245,0.02854972444474697,0.028460236731916666,0.09327687621116638,0.06699481774121523,0.08548799604177475,0.06591923013329506,0.19913725852966307
2019-02-08,0.07879949379712343,0.1219854936003685,0.06395239681005478,0.060653694719076154,0.04590063765645027,0.06024048551917076,0.027622259967029095,0.028120816964656115,0.09500700533390045,0.06456085406243801,0.08730777204036713,0.06336069703102112,0.20248843133449554
2019-02-11,0.07848914787173271,0.12458770796656608,0.0625766895711422,0.06079866588115692,0.04840724803507328,0.06189356930553913,0.027995079196989535,0.02949613118544221,0.0947407178580761,0.06651566550135612,0.0874254621565342,0.0646453969180584,0.19242851436138153
2019-02-12,0.07795476168394089,0.1248752936720848,0.059509191662073135,0.0613121010363102,0.04793066903948784,0.05949747636914253,0.025884082727134227,0.029691368527710437,0.09453149884939194,0.06652458105236292,0.08818150907754899,0.0619538888335228,0.20215357542037965
2019-02-13,0.07894356474280358,0.1263018123805523,0.05839922353625297,0.06119084432721138,0.04804323837161064,0.05937894433736801,0.024908383190631867,0.030636669602245092,0.093705715239048,0.06653201896697283,0.08773946017026901,0.06252500861883163,0.20169510543346406
2019-02-14,0.07843995187431574,0.1263664301484823,0.056072228401899335,0.06058577224612236,0.04737427085638046,0.061997371912002566,0.024510075524449348,0.03235593931749463,0.0929891251027584,0.06735316161066293,0.08835652098059654,0.062102294713258746,0.2014968365430832
2019-02-15,0.07857667934149504,0.12641384042799472,0.05562298074364662,0.059671242535114286,0.04649490527808666,0.06227012872695923,0.02481927890330553,0.033241885527968404,0.09289471060037613,0.06734236292541027,0.08838210180401802,0.06290429383516312,0.20136557817459105
2019-02-19,0.07920990847051143,0.12422994710505009,0.055936649441719055,0.05921600162982941,0.045366696268320086,0.061996810510754584,0.024758582562208177,0.034702536556869744,0.09237357079982758,0.06757607385516166,0.09108334556221961,0.06227064058184624,0.20127926468849183
2019-02-20,0.07966382708400488,0.12368037328124046,0.055917280912399295,0.058989289402961734,0.04549105763435364,0.06059342585504055,0.0245553582906723,0.03522453354671597,0.09213928282260894,0.06842955369502306,0.09213017150759698,0.06183108314871788,0.20135478675365448
2019-02-21,0.07976450268179178,0.12396098598837853,0.055595049262046815,0.06000868380069733,0.04450832903385162,0.060581954568624495,0.02414677496999502,0.03495954936370253,0.0925549365580082,0.06874894145876169,0.09181310012936592,0.06209370642900467,0.20126346051692962
2019-02-22,0.08080864548683167,0.12363213822245597,0.055477651208639144,0.05908860415220261,0.042893804237246515,0.060827029123902324,0.024846485815942287,0.03568202061578631,0.0917369581758976,0.07076743897050619,0.09128737673163415,0.061096728593111035,0.20185514092445372
2019-02-25,0.08124588876962661,0.123202745616436,0.05590537488460541,0.05841156542301178,0.041200637258589266,0.06048613004386425,0.02512230407446623,0.03581208838149905,0.09069499894976615,0.07211325336247683,0.0923461452126503,0.06211532205343247,0.20134352743625641
2019-02-26,0.08030914468690753,0.12085622139275073,0.05546686425805092,0.057067688554525375,0.040182297863066194,0.06181167028844357,0.02628082688897848,0.03688814183697105,0.08877970352768898,0.07461445778608322,0.096910410374403,0.06343865841627121,0.19739389419555664
2019-02-27,0.07951925406232477,0.11900988295674324,0.05602113530039787,0.056844263523817065,0.03828982431441545,0.061077946424484254,0.02668731790035963,0.03750546164810657,0.08795087784528732,0.07570169530808926,0.09752683043479919,0.062473387271165845,0.2013921171426773
2019-02-28,0.07836345303803682,0.11650174185633659,0.055253848806023596,0.0552397720515728,0.03621776644140482,0.06269688084721566,0.028766617737710477,0.03889475502073765,0.0858287237584591,0.07633403055369854,0.10121083557605744,0.06311111897230148,0.20158046782016753
2019-03-01,0.0785292680375278,0.11569068469107151,0.05595916546881199,0.05390659049153328,0.035971320047974584,0.06293084211647511,0.029004704020917416,0.03965726923197508,0.08470331057906151,0.07721811458468437,0.10260287076234817,0.06246351003646851,0.20136235058307647
2019-03-04,0.07673172969371081,0.11318022087216377,0.05478319451212883,0.05203722715377808,0.03620040360838175,0.06446995809674264,0.03113109078258276,0.041062024887651205,0.08175373747944832,0.08093370161950589,0.1040048897266388,0.06155585721135139,0.20215594470500947
2019-03-05,0.07685344014316797,0.11026491783559322,0.055227217823266984,0.05050671175122261,0.03764574863016605,0.0654610350728035,0.03252734839916229,0.04251500582322478,0.08126985728740692,0.0823300126940012,0.10290750861167908,0.060842972993850705,0.2016482263803482
2019-03-06,0.07536756517365575,0.10797257721424103,0.054324495047330855,0.048909445852041246,0.038288704864680764,0.06819087155163288,0.03676604814827442,0.0449488659389317,0.07924203127622605,0.08871713057160377,0.10440868437290192,0.059735984355211255,0.1931275725364685
2019-03-07,0.07690214375033974,0.10785276256501675,0.05580358654260635,0.04659216031432152,0.037082927860319616,0.06634000539779664,0.036269739642739295,0.04367416184395552,0.07819337919354438,0.08923610746860504,0.10250720828771591,0.05741284787654877,0.20213295221328736
2019-03-08,0.0787538786418736,0.11095534712076187,0.05682076960802078,0.04761893078684807,0.03605148307979107,0.06502890363335609,0.03771745841950178,0.042666465137153865,0.0754742294549942,0.08765740022063255,0.10295831561088561,0.05570184662938118,0.20259498953819274
2019-03-11,0.07969396123662591,0.10965283624827862,0.06058943495154381,0.04670377001166344,0.03526549395173788,0.06417224481701851,0.03660582359880209,0.04214132847264409,0.07610362991690636,0.08896029368042946,0.10229326039552689,0.05504952296614647,0.20276834964752197
2019-03-12,0.08106423011049628,0.11053386442363262,0.06184084489941597,0.04842813462018967,0.03666072841733694,0.06399299763143063,0.036340308375656605,0.04220529329031706,0.07489536106586456,0.08916081115603447,0.09783256947994232,0.054756198078393936,0.2022886723279953
2019-03-13,0.08181905215606093,0.11119512617588043,0.06211989969015121,0.04837249219417572,0.039397287741303445,0.06398185379803181,0.035070181172341106,0.04153589354828,0.07505457103252411,0.0892804816365242,0.096426559984684,0.05417068973183632,0.20157591104507447
2019-03-14,0.08174678087234497,0.11080212332308292,0.06116520836949348,0.04822183921933174,0.03943501152098179,0.0630687739700079,0.034430642146617174,0.04128443486988544,0.07349788323044777,0.09411845281720162,0.09763342738151551,0.05297477394342422,0.20162066519260408
2019-03-15,0.08076312355697154,0.11025822311639785,0.061910617351531985,0.047866472601890565,0.03901901599019766,0.061553512886166575,0.03507596533745527,0.040735050942748784,0.07376517057418823,0.0992822788655758,0.09525007605552674,0.052683289349079135,0.2018372029066086
2019-03-18,0.08085686974227428,0.11220575347542763,0.06213476806879044,0.0475323922932148,0.039352074079215524,0.06111908368766308,0.03590293936431408,0.040790881309658286,0.07424133718013763,0.09889230877161026,0.09223701804876328,0.0528939425945282,0.2018406182527542
2019-03-19,0.07979185348376631,0.1118217270821333,0.06552422121167183,0.046310129761695865,0.0394601309671998,0.0596781924366951,0.036394006479531525,0.040732426661998035,0.07356139421463012,0.10206457003951072,0.09018855541944504,0.0526287280023098,0.2018440216779709
2019-03-20,0.07896288810297847,0.11316777989268303,0.06443537771701813,0.04718643575906754,0.04060678351670503,0.05792223736643791,0.036950039211660624,0.04000813802704215,0.07201661914587021,0.10622928589582444,0.08891199380159379,0.05195504724979401,0.20164739489555358
2019-03-21,0.07838768092915416,0.11201839372515679,0.06449462771415711,0.046701012179255486,0.03995277620851993,0.058595390245318416,0.03806076422333717,0.04018443627282977,0.07210246250033378,0.10781853049993514,0.08779747933149337,0.05211178809404373,0.20177465081214904
2019-03-22,0.07844607373699546,0.11356367468833924,0.06400218456983567,0.04537313319742679,0.040024633333086965,0.059705712273716925,0.03770478153601289,0.040790973929688334,0.07111375108361244,0.10831514000892639,0.08606318831443786,0.053201547265052794,0.20169518887996674
2019-03-25,0.08041030243039131,0.11511562615633011,0.06483710557222366,0.04704761579632759,0.039475821889936924,0.058593635261058805,0.037122545018792155,0.04036906035616994,0.07275429666042328,0.1022956907749176,0.0834120750427246,0.05280967131257057,0.20575658082962037
2019-03-26,0.08078763084486126,0.11420188397169113,0.06551377177238464,0.047807274758815764,0.03959940243512392,0.06106457505375147,0.037188701797276735,0.041961179208010436,0.07206219732761383,0.10236876606941223,0.08243838101625442,0.05182686448097229,0.20317937135696412
2019-03-27,0.0832747308537364,0.11516964584589004,0.06792480796575547,0.04923909902572632,0.04057296290993691,0.06049740724265575,0.035035289265215395,0.04220378827303648,0.07114932015538215,0.10218756496906281,0.08005008697509766,0.05004305765032768,0.20265227258205415
2019-03-28,0.08519585095345975,0.11750318296253681,0.06937182620167733,0.04928847104310989,0.041483430191874504,0.06131182312965393,0.03335123294964433,0.04277005204930902,0.06900336369872093,0.10096200555562973,0.07821636572480202,0.049655850231647494,0.2018865317106247
2019-03-29,0.08533430527895688,0.11474632136523724,0.06965980976819992,0.048758503049612045,0.04125015549361706,0.06354298852384091,0.032404706440865995,0.0444326592143625,0.06753686219453811,0.10485733896493912,0.07582573145627976,0.04853386878967285,0.20311675667762757
2019-04-01,0.08616909366101026,0.11569828316569328,0.07055985704064369,0.04827597141265869,0.04173852372914553,0.06475315485149621,0.03170764725655317,0.04510733922943473,0.06627871803939342,0.10503903776407242,0.07433317750692367,0.04855000376701355,0.20178920030593872
2019-04-02,0.08577503310516477,0.11334041692316532,0.07124652415513992,0.04720262065529823,0.04126344285905361,0.06765020210295916,0.032442849967628716,0.04667566027492285,0.06329939849674701,0.11048565953969955,0.07199344709515572,0.0465240441262722,0.2021006941795349
2019-04-03,0.08500878876075149,0.1133993450552225,0.07064425125718117,0.046293995529413226,0.04103771336376667,0.06801646538078784,0.032826818712055686,0.046535801701247693,0.06219891794025898,0.1135688841342926,0.07211765348911285,0.04694784879684448,0.20140352547168733
2019-04-04,0.08444158397614956,0.11357221864163876,0.07259417548775673,0.04753466472029686,0.04140811394900083,0.06942801401019097,0.03429326293990016,0.047212952421978115,0.060882773622870444,0.11082361936569214,0.06971947401762009,0.04614947773516178,0.20193965137004852
2019-04-05,0.08489675857126713,0.11439397111535073,0.07361049801111222,0.048155882954597475,0.04256904795765877,0.07109222915023565,0.03747985363006592,0.048829887295141816,0.06072204858064652,0.11147756576538086,0.069217748939991,0.04699827395379543,0.19055622518062593
2019-04-08,0.08268823302350939,0.11214437559247017,0.07241638377308846,0.04671879038214684,0.040607219003140925,0.07090917844325303,0.04032051954418421,0.048379915812984106,0.05941881462931633,0.11001120507717133,0.06824995353817939,0.04610506035387516,0.20203036665916443
2019-04-09,0.08244239445775747,0.11358236297965049,0.07161392271518707,0.04696170091629028,0.04206170979887247,0.07170179467648267,0.04320026943460107,0.049616072047501805,0.05947424992918968,0.11185666173696518,0.06939376816153527,0.047623129561543465,0.19047197103500366
2019-04-10,0.08276586961001157,0.11152936182916165,0.0729722484946251,0.04769490286707878,0.040835123136639596,0.06827535964548588,0.04398725712671876,0.04738611890934408,0.057405922934412955,0.11204263418912888,0.0671662449836731,0.04556288942694664,0.20237606763839722
2019-04-11,0.08157264399342239,0.10967808701097966,0.07401593178510665,0.0474195308983326,0.04057005289942026,0.06878448501229287,0.04456132296472788,0.04788224692456424,0.05771015360951424,0.11238862872123719,0.06730325445532799,0.046684655174612996,0.20142902135849
2019-04-12,0.07963421805761754,0.10580126717686653,0.07509214729070664,0.046790984272956845,0.03854715004563332,0.070574770309031,0.047021332941949365,0.048556999303400517,0.056539447605609895,0.11697821021080017,0.06609670221805572,0.0464078888297081,0.20195888876914977
2019-04-15,0.0782955277711153,0.10388090722262859,0.07503086179494858,0.046249381452798846,0.0382141811773181,0.07304855659604073,0.048682511691004036,0.04867419428192079,0.056384049355983734,0.11680804938077927,0.06591970175504684,0.04751217477023602,0.20129987597465515
2019-04-16,0.07567292833700776,0.10083541125059128,0.07510637491941452,0.045204775780439375,0.038514063507318494,0.07177456188946962,0.04987639933824539,0.04916098644025624,0.05581810474395752,0.12341837882995606,0.06565748155117035,0.047028711438179015,0.20193180739879607
2019-04-17,0.07204007129184901,0.09788690470159053,0.07416702285408974,0.04383799359202385,0.03777247043326497,0.07403909191489219,0.051339736534282567,0.050679704267531635,0.05527676194906235,0.12723895758390427,0.06492676138877869,0.04890353493392467,0.2018909990787506
2019-04-18,0.06875215810723603,0.09454906843602658,0.07485177889466285,0.042435713857412335,0.037702718283981085,0.07610925994813442,0.052875285828486086,0.05230203077662736,0.055966838449239734,0.12793120443820954,0.06473134160041809,0.049726144224405286,0.20206643044948577
2019-04-22,0.06609258865937591,0.09233644716441632,0.07460543140769005,0.041471075639128684,0.03680093409493566,0.07740313149988651,0.0559326505754143,0.055363794113509356,0.05602693408727646,0.13166240155696868,0.0649387925863266,0.056403638795018196,0.19096213579177856
2019-04-23,0.06414115056395531,0.0895909059792757,0.07694238349795342,0.0400984738022089,0.03406933834776282,0.07561543956398964,0.05488262283615768,0.05420431313104927,0.05658408179879189,0.1284374862909317,0.06398165449500084,0.05929565466940403,0.20215650498867035
2019-04-24,0.06236582249403,0.08980536572635174,0.07788004651665688,0.03960299007594585,0.03302549244835973,0.0748115185648203,0.0543599450495094,0.05384295820258558,0.05691484250128269,0.1285984918475151,0.06431796550750732,0.06254388578236103,0.20193066000938414
2019-04-25,0.060561936162412164,0.08959939777851104,0.07629139870405197,0.039305230230093004,0.03289668494835496,0.07404071688652039,0.05426751128397882,0.05278079125564546,0.05734939239919186,0.13144920468330384,0.06375519335269927,0.06610024087131024,0.20160228610038758
2019-04-26,0.059270017268136146,0.0890585370361805,0.07667257711291313,0.038964084535837176,0.032783320359885695,0.07546715140342712,0.05445450409315526,0.05288638577330858,0.05744689144194126,0.1294934406876564,0.06376255452632903,0.06824920810759068,0.201491317152977
2019-04-29,0.0582413540687412,0.08913087844848633,0.07609125450253487,0.03948846235871315,0.03455259148031473,0.07367386184632778,0.05325364619493485,0.052143915509805086,0.05752570070326328,0.12702611088752747,0.06591548770666122,0.07135247476398945,0.2016042321920395
2019-04-30,0.05680255345068872,0.088022231310606,0.07558362111449242,0.038628187775611875,0.03413974549621344,0.0725108616054058,0.052945805294439194,0.05391232054680586,0.05731019638478756,0.12617432773113252,0.06551232859492302,0.07649506330490112,0.20196274518966675
2019-05-01,0.055392943089827895,0.09226337894797325,0.07481522634625434,0.03801714703440666,0.03442587042227387,0.0705104872584343,0.05166243379935622,0.05267723833676428,0.0571245301514864,0.1257116675376892,0.06735318228602409,0.07854699715971947,0.20149890184402466
2019-05-02,0.05802125637419522,0.09055357426404953,0.07510634884238243,0.03755427151918411,0.03339161006733775,0.07053935937583447,0.0510512706823647,0.05601491462439299,0.05864338502287865,0.12445542216300964,0.06655797883868217,0.08080660589039326,0.19730400741100312
2019-05-03,0.056973615242168305,0.09193665385246277,0.07320858165621758,0.03630168475210667,0.03175029819831252,0.07073205746710301,0.04974739393219352,0.05858838122803718,0.0577041182667017,0.12177926599979401,0.0679725855588913,0.08139673434197903,0.20190865993499757
2019-05-06,0.05828737709671259,0.0918115109205246,0.07319492101669312,0.03583483025431633,0.03065767101943493,0.06930265836417675,0.047914536530151965,0.05806952696293592,0.05868296138942242,0.12232919782400131,0.06735215112566947,0.08480634354054928,0.20175629258155822
2019-05-07,0.05878664227202535,0.09460892528295517,0.07109578922390938,0.03702633865177631,0.029987770691514017,0.06887053754180669,0.04646601811982691,0.06069458015263081,0.05900943987071514,0.11951203644275665,0.06807032749056816,0.08435312993824481,0.20151842534542083
2019-05-08,0.06106364163570106,0.09694456085562705,0.07202255949378014,0.03824995495378971,0.02944404920563102,0.06589780878275633,0.04306567232124507,0.06088900167960674,0.0619430098682642,0.11218988746404648,0.06852797642350197,0.0845881137996912,0.20517378449440002
2019-05-09,0.061654034489765766,0.09645250961184501,0.07089143693447113,0.04016194269061089,0.032110159192234276,0.06582151856273413,0.04148065084591508,0.06220831437967718,0.061843131110072135,0.1099624678492546,0.06956606805324554,0.08454998135566712,0.20329777002334595
2019-05-10,0.06423271875828504,0.09919921532273293,0.07267466187477112,0.04166199155151844,0.03190206298604607,0.06306277606636286,0.037596506020054224,0.06148909742478281,0.06394418925046921,0.10429423302412033,0.0701393373310566,0.0871603973209858,0.20264281034469606
2019-05-13,0.06567471520975232,0.10084562748670578,0.07300892099738121,0.0423385813832283,0.03195992223918438,0.06259938701987267,0.03481173161417246,0.06228842077543959,0.06522295959293842,0.10226148143410682,0.06877997070550919,0.08765923343598843,0.20254904627799988
2019-05-14,0.0664495039731264,0.09974729865789414,0.07210595309734344,0.043401855230331424,0.03139636097475886,0.059824674017727376,0.03156463140621781,0.06001190211391076,0.06785212829709053,0.09719997271895409,0.06662334501743317,0.08583842031657696,0.2179839551448822
2019-05-15,0.06806850009597838,0.10144222006201745,0.07284224629402161,0.04427683353424072,0.03188868872821331,0.061388887092471124,0.03075486975722015,0.06110212862258777,0.06857921853661537,0.09703974276781083,0.06950585395097733,0.08413497880101203,0.20897583663463593
2019-05-16,0.07092672544531524,0.10423998832702637,0.0759540393948555,0.04679764062166214,0.03426452884450555,0.06084634875878692,0.028268781676888465,0.05938988568959758,0.0721346739679575,0.09424657151103019,0.06723803654313087,0.08095075450837612,0.20474199652671815
2019-05-17,0.07256267997436225,0.10562777891755104,0.07712728828191757,0.04923066720366478,0.03652834286913276,0.06048433957621455,0.02634016927331686,0.057609360676724466,0.07466836199164391,0.09523383527994156,0.06519508808851242,0.07665178328752517,0.20274033546447753
2019-05-20,0.0738524767337367,0.10689540058374405,0.07685120850801468,0.04985787495970726,0.0365987604483962,0.059956249035894874,0.02396846516057849,0.053548877430148425,0.07574137859046459,0.09502589404582977,0.0662885621190071,0.0766220897436142,0.2047927737236023
2019-05-21,0.07452321101445705,0.10932348892092705,0.07601586803793907,0.04981765076518059,0.037020101118832825,0.059837795607745645,0.023132518958300353,0.05433777428697795,0.0756961688399315,0.09394140765070916,0.06567085906863213,0.07625565938651561,0.2044274777173996
2019-05-22,0.07597016298677772,0.11146100014448165,0.07718932926654816,0.05027136877179146,0.038582438882440326,0.06034249383956194,0.021600149711593984,0.05181215604534373,0.07561533637344837,0.09431217163801194,0.06614627614617348,0.07298783324658871,0.20370930731296538
2019-05-23,0.0773827939061448,0.11501125544309616,0.07745535373687744,0.050336904078722,0.03891702052205801,0.059302853606641295,0.020309643959626554,0.05067731221206486,0.07308454811573029,0.0914183221757412,0.06837053969502449,0.07454714551568031,0.20318633019924165
2019-05-24,0.07817286453209818,0.11600745096802711,0.07733439579606056,0.05242474302649498,0.04005400286987424,0.05742188012227416,0.018978088069707154,0.0477124388795346,0.07657683528959751,0.08731279745697976,0.06978677213191986,0.07466969080269337,0.20354801416397095
2019-05-28,0.07813160540536046,0.11452424377202988,0.07795610129833222,0.05289497599005699,0.039433933794498444,0.058559801615774634,0.018133582500740885,0.046852651960216464,0.07576522827148438,0.08659352362155914,0.07327698394656182,0.07383324876427651,0.2040440708398819
2019-05-29,0.07947741199750454,0.11464893482625485,0.07932801321148872,0.05339597836136818,0.039630654454231265,0.0588326703524217,0.016819016309455037,0.044277139659971,0.07668632753193379,0.08464401699602604,0.07747350335121155,0.0715283840894699,0.2032579302787781
2019-05-30,0.07978600419592112,0.11503477431833745,0.07888989746570588,0.05254429951310158,0.03932201731950045,0.06035903601441532,0.01614846489392221,0.04270483611617237,0.07812485843896866,0.08421836011111736,0.07831418141722679,0.07098153308033943,0.20357175767421723
2019-05-31,0.08055205126293004,0.11265396624803543,0.07850121483206748,0.05475473999977112,0.04059769529849291,0.0611084247706458,0.015019368845969439,0.04058565337909385,0.07922595590353013,0.08359266370534897,0.07791031897068024,0.07127098105847836,0.20422697961330413
2019-06-03,0.08033573278225958,0.11281331293284894,0.07839866429567337,0.05572365522384644,0.03870405666530132,0.05985367735847831,0.01427624123170972,0.03981894764583558,0.08187925443053246,0.08027970232069492,0.07905330732464791,0.07497474662959576,0.20388871431350708
2019-06-04,0.08002843922004103,0.11436483450233936,0.0773688606917858,0.05556520223617554,0.03743807896971703,0.062239532300736755,0.014051131857559084,0.03875859958352521,0.08026260696351528,0.08137645591050387,0.07958724945783616,0.07487248331308365,0.20408653914928437
2019-06-05,0.08019139212556184,0.11414591632783413,0.07726511806249618,0.05594452992081642,0.034470336558297274,0.06320800401736051,0.013763036299496888,0.0379250229394529,0.08218938782811165,0.08170378524810076,0.08396470695734023,0.07163818627595901,0.20359061658382416
2019-06-06,0.08061000977177173,0.1168757513165474,0.07719734385609626,0.05488922894001007,0.033818983705714345,0.06274354842025787,0.013378350716084241,0.037471206410555166,0.08327278569340706,0.08155441209673882,0.08718645870685578,0.06843356378376483,0.20256834626197814
2019-06-07,0.08010197132825851,0.11582084223628045,0.07486909180879593,0.05364902839064598,0.031514957640320064,0.06540092579671182,0.01444342858158052,0.037360639276448636,0.08406303003430367,0.08378524016588926,0.08823912292718887,0.06746983192861081,0.2032819002866745
2019-06-10,0.079764240141958,0.11532729044556618,0.07371088229119778,0.053284496814012525,0.03065888346172869,0.0659605028515216,0.015211403742432595,0.0367439616122283,0.08334093987941742,0.08517382312566042,0.09231441468000412,0.06528436206281185,0.20322481393814087
2019-06-11,0.07892043255269528,0.11622221954166889,0.07383937947452068,0.0513281911611557,0.02887688698247075,0.06678150523803197,0.015509176813066006,0.03665834973216988,0.08391566276550293,0.0869103480130434,0.0928172767162323,0.06542043685913086,0.2028001606464386
2019-06-12,0.07831688299775123,0.11691558994352817,0.07415958270430564,0.049928025156259534,0.028240416292101146,0.06619942089891992,0.015659502940252423,0.036113604460842906,0.08511440008878708,0.08567666541785002,0.09652492552995681,0.06514126397669315,0.2020097255706787
2019-06-13,0.07785183212254196,0.11889211758971215,0.07248792015016078,0.04956129640340805,0.025916097080335022,0.06527140905382112,0.016119775595143437,0.036500327213434505,0.08770606592297554,0.08498014323413372,0.10109711736440659,0.061495963111519815,0.20211993157863617
2019-06-14,0.07664751172997057,0.12366757802665233,0.07042078711092473,0.04845070987939835,0.02422757837921381,0.06595603305613622,0.01652726819738746,0.036997738998616116,0.0859783224761486,0.08540227748453617,0.10258393734693527,0.06120024211704731,0.20194002389907836
2019-06-17,0.0745464637177065,0.12593691870570184,0.06971647292375564,0.04940063431859017,0.02401395975612104,0.06566756374086254,0.017307003634050487,0.036157147854100916,0.08573431074619293,0.08445535898208618,0.10526095926761628,0.05973341129720211,0.2020697832107544
2019-06-18,0.07162870544707403,0.12504038847982885,0.06724698320031167,0.048666156083345416,0.02473335755057633,0.06682014379184693,0.01791122555732727,0.03673098958679475,0.0846714623272419,0.08516278294846416,0.11067504435777664,0.05874483287334442,0.20196794271469115
2019-06-19,0.07095430318731814,0.12434067577123642,0.06717063710093499,0.04894737899303436,0.025247239461168646,0.06612523246440105,0.01740331402979791,0.036064747622003776,0.08632204830646514,0.08472144566476345,0.1140585109591484,0.055852188169956206,0.2027922749519348
2019-06-20,0.06914128428325057,0.1287954069674015,0.0654610462486744,0.04868498668074608,0.025518701877444983,0.06626988429343328,0.017163454717956484,0.036065543681615964,0.08683564141392708,0.08507340513169766,0.11563853323459625,0.053682704269886014,0.2016693890094757
2019-06-21,0.06736325889360159,0.12687576077878476,0.06386046595871449,0.04803871363401413,0.02587392316199839,0.0673853596439585,0.017616134230047466,0.036888924753293396,0.08580883815884591,0.08752528000622987,0.11719096153974533,0.053070121258497235,0.20250226855278014
2019-06-24,0.06499931438593194,0.12291053421795368,0.06422153450548648,0.04728704914450645,0.02580920569598675,0.06620736785698682,0.017997575760819017,0.037702603824436666,0.08884469792246819,0.0872459045611322,0.12047522366046906,0.054189981520175935,0.20210900008678437
2019-06-25,0.06320878063561394,0.121734619140625,0.06608691215515136,0.04716207534074783,0.026798514230176807,0.06413140945369378,0.01781565712299198,0.038545282633276653,0.08975731059908867,0.08777265250682831,0.12255812883377075,0.052861879020929335,0.20156678855419158
2019-06-26,0.0644744869787246,0.12225897535681725,0.06607886664569378,0.04654662609100342,0.026427981536835433,0.06188019380788319,0.018252705014310776,0.04002398068550974,0.09322016015648842,0.08695107195526361,0.11699432134628296,0.05380858406424523,0.20308203101158143
2019-06-27,0.06289333682507277,0.1195356160402298,0.06819889657199382,0.045716043561697006,0.026906989933922886,0.06259327563457191,0.018407253990881146,0.04124435368576087,0.09263623282313346,0.08975763227790594,0.11530553549528122,0.05445131063461304,0.20235353708267212
2019-06-28,0.0636207782663405,0.12220865115523338,0.06767756901681424,0.04431602954864502,0.026354538463056087,0.06064626412698999,0.018178530014120044,0.04118132973671891,0.09534218609333038,0.09053818210959434,0.11002101302146912,0.0572721540927887,0.20264278650283812
2019-07-01,0.062185162969399244,0.11995196528732777,0.06692445240914821,0.04298283234238624,0.025498204538598655,0.061028701055329294,0.018248752201907338,0.04182892279350199,0.09407622814178467,0.09120791405439377,0.11329545676708222,0.06073398813605309,0.2020374208688736
2019-07-02,0.06294262181036174,0.12077359668910503,0.06405779607594013,0.04160349331796169,0.024816431943327187,0.060249231042689644,0.01789816841483116,0.04334527718019672,0.09407089799642562,0.09634155016392469,0.1094165563583374,0.06265231408178806,0.20183204710483552
2019-07-03,0.06082992689916864,0.11878139302134513,0.06266422159969806,0.041022293642163275,0.024731327965855598,0.05867025010229554,0.017965135537087916,0.04377198793226853,0.09351924955844879,0.09520225636661053,0.11588675826787949,0.06517361775040627,0.20178159177303315
2019-07-05,0.05918919116957113,0.11648227870464326,0.06198425181210041,0.04010322690010071,0.023643431020900607,0.05909244105569087,0.0188966894056648,0.045613957167370246,0.09329168573021888,0.09822289813309908,0.1146332398056984,0.06721356958150863,0.20163315832614898
2019-07-08,0.05647702456917614,0.11196552030742168,0.06263273730874061,0.03967246897518635,0.023218625760637223,0.059473392146173865,0.019484774325974286,0.046604904701234774,0.09585978090763092,0.09751642998307944,0.11901135593652726,0.06566626802086831,0.20241672396659852
2019-07-09,0.05743264592019841,0.1154021754860878,0.06221851259469986,0.03921134956181049,0.023049509385600686,0.05838913302868605,0.019353763130493463,0.046960928483167665,0.09631860703229904,0.09506949372589588,0.11757089644670486,0.06699183173477649,0.20203117728233339
2019-07-10,0.05495239651063457,0.11267521977424622,0.058874241262674334,0.03930341154336929,0.022579903784208,0.06100502452463843,0.02123361355625093,0.0503442382265348,0.09886527061462402,0.0974988255649805,0.11896543502807617,0.07106326892971992,0.1926391452550888
2019-07-11,0.05289876275928691,0.10980534963309765,0.05771653167903423,0.03796757087111473,0.021073047118261457,0.06141528168227524,0.021874591428786515,0.05152551624341868,0.09667681232094764,0.09724455773830414,0.11976024061441422,0.07029269896447658,0.20174904763698578
2019-07-12,0.0504653254058212,0.10598118044435978,0.056944212317466734,0.03747198544442654,0.020666869706474245,0.06132006876869127,0.02351751283276826,0.05304411421529949,0.09841283038258553,0.09960613809525967,0.11868577003479004,0.07169816680252553,0.20218581557273865
2019-07-15,0.05027985650813207,0.10702295154333115,0.05595138557255268,0.0365925382822752,0.020069762249477208,0.06054543615900911,0.02469637922476977,0.053163403674261644,0.09798786863684654,0.10386484637856483,0.11660198867321014,0.07152346298098564,0.2017001211643219
2019-07-16,0.04845459860516712,0.10488747656345368,0.05576509349048138,0.035461404174566266,0.01971433935686946,0.060496011649956924,0.02788842290174216,0.055437925935257225,0.0960402399301529,0.10684677064418793,0.12133083939552307,0.07687574625015259,0.19080109596252443
2019-07-17,0.04646230590296909,0.10366387777030468,0.051723696291446686,0.03379280753433704,0.018240813468582927,0.05899610849446617,0.028906322713010014,0.05583769075165037,0.09398947134613991,0.10709285959601403,0.12317515313625335,0.0762125726789236,0.2019063264131546
2019-07-18,0.047848733910359445,0.10347103327512741,0.05093502923846245,0.0332889124751091,0.01787980755325407,0.059042415907606484,0.03218428853433579,0.05810000376950484,0.09479770548641682,0.10880839973688125,0.12511148154735566,0.07715620212256909,0.19137599766254426
2019-07-19,0.04693922277074307,0.10151225328445435,0.048463768884539606,0.0318827535957098,0.01636379777919501,0.058076046570204196,0.0313072792487219,0.05790351500327233,0.09247335903346539,0.11439190059900284,0.12492349296808243,0.07365554757416248,0.20210706293582917
2019-07-22,0.04790875858161599,0.10287085585296155,0.047347292304039,0.03051192909479141,0.015530886384658516,0.05597477487754077,0.03151035143528134,0.05769650330767036,0.08970560729503632,0.11826447248458863,0.12644123733043672,0.07371491864323616,0.20252240002155303
2019-07-23,0.04754786321427673,0.10254118144512177,0.04573374576866627,0.029946334287524225,0.014951093238778412,0.05667909288895316,0.03127161751035601,0.05818713229673449,0.08929407186806201,0.11896251440048218,0.1293606624007225,0.07340114861726761,0.20212351977825166
2019-07-24,0.04760835433844477,0.10071513578295707,0.043748675286769866,0.028618405386805535,0.013945528864860534,0.05878956370288506,0.032779942359775306,0.06084978556027636,0.08626502193510532,0.12374165207147599,0.12434506565332412,0.07646521404385567,0.20212765634059907
2019-07-25,0.04710804673377424,0.10070088133215904,0.04413118716329336,0.02822155300527811,0.01365418197819963,0.05846357823465951,0.03243149102199823,0.06128865919308737,0.08409673236310482,0.12683633342385292,0.12346441000699997,0.07807959131896496,0.2015233665704727
2019-07-26,0.04691448620287701,0.1045999951660633,0.04499956257641315,0.028950738348066808,0.013318128394894302,0.05689090741216205,0.032411542464978994,0.06255795094184577,0.08160217851400375,0.12619649916887282,0.12126821577548981,0.07823336459696292,0.20205641984939576
2019-07-29,0.04676954210735858,0.10568789690732956,0.044882426783442494,0.02883846089243889,0.01304289367981255,0.05604820249136537,0.03214268449228257,0.06220681763079483,0.08090225681662559,0.1280821904540062,0.12260741740465164,0.07729100063443184,0.20149821639060975
2019-07-30,0.046162908198311925,0.10766014754772187,0.046256373077630995,0.029062573798000813,0.012505857832729816,0.05527545373770408,0.03309249677695334,0.06415141804027372,0.07934344112873078,0.12913313657045364,0.11879846155643463,0.07683556415140629,0.20172218084335328
2019-07-31,0.04585018085781485,0.1096353217959404,0.047396976873278616,0.03073556013405323,0.012393841112498194,0.05427518237847835,0.032943672628607604,0.06419086158566642,0.07764215730130672,0.13104927092790603,0.11678772866725921,0.07567347474396229,0.2014257699251175
2019-08-01,0.04822321685496718,0.11308836415410042,0.048351412639021873,0.030015849508345127,0.01214135013287887,0.05174634062277619,0.03214676304487511,0.061737733805784956,0.07575091868638992,0.13481137305498123,0.11242872476577759,0.07722274363040924,0.2023352026939392
2019-08-02,0.05077617360511795,0.11206318736076355,0.04973971545696258,0.031071952916681765,0.012256200599949807,0.051278877386357634,0.03253552167443559,0.06112222959054634,0.07210539653897285,0.13575767129659652,0.11532873064279556,0.0732575997710228,0.2027067333459854
2019-08-05,0.054361766518559305,0.11612512096762657,0.05177212171256542,0.0316077496856451,0.012824973731767386,0.052747361070942134,0.03207175601273775,0.06116859690228012,0.07146264240145683,0.1387728214263916,0.11359394192695618,0.07203397825360298,0.1914571464061737
2019-08-06,0.05305086829466745,0.11058485805988312,0.0507459569722414,0.031604242697358134,0.012235868931747973,0.049319546870538036,0.029571996617596595,0.056419157091295344,0.07120890021324158,0.12901667207479478,0.11176493018865585,0.06824659444391727,0.2262303799390793
2019-08-07,0.05495780328055844,0.11225998774170876,0.05212813466787338,0.03241736143827438,0.012482051481492817,0.0521711108245654,0.02813378394348547,0.05625403270241804,0.07015281282365322,0.13072885125875472,0.11127109229564666,0.06703514494001865,0.22000786066055297
2019-08-08,0.05699944915249944,0.11311315670609474,0.05490375533699989,0.03404378183186054,0.013404050457756967,0.05353988826682325,0.02730494086863473,0.056525388068985195,0.07320335209369659,0.13170141875743865,0.10931443870067596,0.0692128773778677,0.2067335307598114
2019-08-09,0.05730313077801839,0.11008038520812988,0.054999655857682225,0.03376469276845455,0.013727506424766034,0.05469466306385584,0.025864738528616725,0.05553773875144543,0.07274062298238278,0.12782273590564727,0.10585746467113495,0.06711192540824414,0.220494744181633
2019-08-12,0.05815530222607777,0.10999716147780418,0.054926597699522975,0.033971202373504636,0.013958020880818368,0.05699172835156787,0.025714046671055257,0.05748752787185367,0.0735384937375784,0.12864827290177344,0.10712826997041702,0.06667911782860755,0.21280424892902375
2019-08-13,0.0601256248075515,0.1121627852320671,0.05542334616184234,0.034275098145008086,0.014233108388725667,0.056728277467482255,0.02589654193725437,0.056790251890197395,0.07490813173353672,0.13167833536863327,0.10691051036119462,0.06524604260921478,0.20562194883823395
2019-08-14,0.06062034245114774,0.11080887615680694,0.056108367443084714,0.03345583267509937,0.01450149652082473,0.05793430787307443,0.025201516575179994,0.0575734211190138,0.07261391878128051,0.1333099953830242,0.10928530246019363,0.062090353667736055,0.20649624168872832
2019-08-15,0.052500940149184314,0.09459907412528992,0.0488817673176527,0.029886674508452414,0.01254407581873238,0.04754255843727151,0.0218969885725528,0.04863435220468091,0.06493967399001122,0.10837803035974503,0.09463034123182297,0.053814474120736124,0.32175102829933167
2019-08-16,0.05624163903412409,0.09962485134601592,0.05240829363465309,0.03256936445832252,0.013988827599678188,0.05103370390133932,0.022739181667566298,0.049686290841782464,0.06924992725253105,0.11414715200662613,0.09744364470243454,0.0576473593711853,0.28321975469589233
2019-08-19,0.057888869143789635,0.10050724372267723,0.054644545540213585,0.03404561839997768,0.014749532577116042,0.05122555162161006,0.022466120473109186,0.049275674112141135,0.0709923930466175,0.11367378085851669,0.0978119969367981,0.058248861134052275,0.27446980476379396
2019-08-20,0.061952487792586906,0.10578507035970688,0.05793745182454586,0.03575312048196792,0.01590122616617009,0.055617686369805595,0.02346346792764962,0.05252975037728902,0.0733847126364708,0.12086407840251923,0.10781957358121871,0.05986132994294167,0.22913006246089934
2019-08-21,0.06437922788900323,0.10841564238071441,0.05872146524488926,0.03654632493853569,0.016470151068642736,0.059837802283436756,0.02547805311623961,0.05290723975631408,0.07498178780078887,0.12454176619648934,0.10833922177553176,0.060482241213321686,0.2088991016149521
2019-08-22,0.06539902065414935,0.10928933471441268,0.05997613035142422,0.03740969933569431,0.016899615153670312,0.06107568704901496,0.026992045692168176,0.05343711530440487,0.076418511942029,0.12501017227768899,0.10464931875467301,0.05900376178324222,0.20443956851959227
2019-08-23,0.06747158956713975,0.11131546199321747,0.06079230979084969,0.037256591394543646,0.016831520455889405,0.06171258585964097,0.027291602292098104,0.055076963087776674,0.07508436143398285,0.12337732613086701,0.10299422740936279,0.05804649218916893,0.20274896323680877
2019-08-26,0.06684213234693744,0.11014537289738655,0.06051297150552273,0.03846679478883743,0.016684543748851866,0.059844438459549565,0.02918606996536255,0.05347304626193363,0.07652827650308609,0.11970837414264679,0.10277526378631592,0.05834094062447548,0.20749180018901825
2019-08-27,0.06753326185280457,0.11056953594088555,0.060982261598110196,0.040121231228113174,0.01792431911453605,0.0594256018899614,0.02937334224116057,0.05400766360689886,0.07749131359159947,0.11733044385910034,0.102711720764637,0.05796399153769016,0.2045653134584427
2019-08-28,0.06891025661607272,0.11133824512362481,0.06278487406671047,0.04046921581029892,0.01809698686702177,0.0587371023320884,0.03042638157494366,0.05276252496114466,0.07754913456737995,0.11528829969465733,0.1016674816608429,0.058806301280856135,0.20316315889358522
2019-08-29,0.07008278683642857,0.11074578836560249,0.06389219127595425,0.03979020565748215,0.018045774067286403,0.060700764350622195,0.031093602324835955,0.05224500254262239,0.07537863738834857,0.118104837089777,0.09953974038362504,0.057562341913580894,0.20281835794448852
2019-08-30,0.07074135260190814,0.10976072251796723,0.06453352347016335,0.03918162696063519,0.017839985247701407,0.06262103007102268,0.0321824936196208,0.05361992028483655,0.07403918243944645,0.12160693742334842,0.09473138600587845,0.05625077299773693,0.20289105772972107
2019-09-03,0.07144636309240013,0.11037787795066833,0.06512172371149064,0.040360822528600696,0.017995790881104767,0.06089685884289793,0.03215871809516102,0.05213634845276829,0.0754474200308323,0.11905652508139611,0.09674497693777084,0.05550979971885681,0.20274679064750672
2019-09-04,0.07241634679376148,0.11217908039689065,0.06600355952978135,0.03880568780004978,0.01750906965462491,0.061135183056467216,0.03340064617805183,0.052715949941193684,0.07625746093690396,0.11952959448099136,0.09489995539188385,0.05333926789462566,0.20180818140506745
2019-09-05,0.07288280933862552,0.11245154291391372,0.06699087843298912,0.03818461447954178,0.017437699739821254,0.05999748423746496,0.03304255239199847,0.05271900114457821,0.0739901177585125,0.11833066493272781,0.09868348836898803,0.051145763322710994,0.20414340496063232
2019-09-06,0.0741224079800304,0.11408738270401955,0.07074721604585647,0.03780235648155213,0.017576501169241966,0.0597176855433645,0.03239580208901316,0.05269936223339755,0.07421289458870887,0.11809764914214611,0.09644605368375778,0.05020408146083355,0.20189060568809508
2019-09-09,0.07395445414294954,0.11492889039218426,0.0719688307493925,0.037503506615757944,0.017574455321300773,0.058868532669657726,0.032836120342835784,0.051659100553661116,0.07386182248592377,0.11760875433683396,0.09851153194904327,0.0488259382545948,0.20189808011054994
2019-09-10,0.0722944877576083,0.11270347125828266,0.07229686789214611,0.03591548167169094,0.016753696324303746,0.06097706476430176,0.033916441909968856,0.05349725446139928,0.07123305909335613,0.12137336768209935,0.09811388552188874,0.04850552529096604,0.20241937041282654
2019-09-11,0.07050440882158,0.11324873343110084,0.07208736091852189,0.03512866571545601,0.016615491930861027,0.06212191238300875,0.03519410223234445,0.053909668466076255,0.06897664964199066,0.12273298427462578,0.09862768799066543,0.048096855729818346,0.20275545120239258
2019-09-12,0.07119917501986492,0.11631435118615627,0.07283699288964271,0.034430231899023056,0.016070809040684253,0.06171224632271333,0.03813736131414771,0.0538952929986408,0.06671893186867237,0.11944292485713959,0.09855161905288697,0.047988583147525785,0.20270149111747743
2019-09-13,0.0698653683240991,0.11671794094145298,0.07089179269969463,0.034412100166082385,0.015964839956723154,0.06355172311523347,0.043127519614063206,0.055865968138095926,0.06573854945600033,0.11984152421355247,0.10189170837402343,0.04978218339383602,0.19234879016876222
2019-09-16,0.06652216656657402,0.11503699794411659,0.07022767663002014,0.033507587015628816,0.015096375031862407,0.06338780293735909,0.044628689414821565,0.05609287134720944,0.06557480357587338,0.11706186980009078,0.10113782733678818,0.04919230043888092,0.2025330364704132
2019-09-17,0.0642643935570959,0.11513456515967846,0.06935007050633431,0.034881749749183656,0.014879018464125694,0.061370931354758795,0.04818088531028479,0.05492573817173252,0.06348612532019615,0.11580983400344849,0.10696722120046616,0.0489483617246151,0.2018011301755905
2019-09-18,0.06092519487719983,0.11324699707329274,0.0673448882997036,0.03360084444284439,0.01387255840236321,0.06235153656307375,0.0529477072879672,0.056071147478360214,0.06042780354619026,0.11951225847005845,0.10863694697618484,0.04945161156356335,0.20161051154136658
2019-09-19,0.05901100345363375,0.11181004531681538,0.06679979339241982,0.034326494112610816,0.014101027813740074,0.06143471169052646,0.05818121118936688,0.05719170975207817,0.05899546556174755,0.12292176336050034,0.10977724045515061,0.04958806857466698,0.19586145877838135
2019-09-20,0.055642909501329996,0.10857484973967076,0.06613453030586243,0.033887450397014615,0.013473459793021902,0.05975759658467723,0.06152062005130574,0.056443369983753655,0.05802179835736752,0.12110342979431152,0.11455171555280685,0.048761085420846936,0.20212718844413757
2019-09-23,0.05460804763715714,0.11110753752291203,0.06372718736529351,0.03307653479278087,0.013267965149134397,0.06062395099579589,0.06504149462562055,0.05755342627235223,0.05608837902545929,0.12039476484060288,0.1163121595978737,0.048944064602255824,0.19925448298454285
2019-09-24,0.05231692601228133,0.10699985325336456,0.06309323385357857,0.03289123103022575,0.013038751989370212,0.05960567863367032,0.06784972843015566,0.05836385448783403,0.05470237880945206,0.12522892653942108,0.1165101632475853,0.0474441047757864,0.20195515751838683
2019-09-25,0.05462755794578698,0.11153912842273712,0.06553136184811592,0.032989594340324405,0.013535738020436838,0.05836071867670398,0.07067755890311674,0.05914786930225091,0.05447079464793205,0.12257453799247742,0.11832554638385773,0.0470062255859375,0.19121336936950684
2019-09-26,0.05202883230522275,0.10790057964622975,0.06282043904066086,0.03194708544760942,0.012810622586403041,0.06052157817757688,0.07142415706766769,0.06063095589634031,0.052326538413763043,0.12521665096282958,0.11381492018699646,0.04635479375720024,0.20220284461975097
2019-09-27,0.05222033768077381,0.11054221019148827,0.0639669194817543,0.032043840177357195,0.01296568060060963,0.05975638258096296,0.07071763686835766,0.06110637347737793,0.051139234378933904,0.12201730757951737,0.11640477627515793,0.04496593773365021,0.20215333700180055
2019-09-30,0.05203236643574201,0.113491190969944,0.06323470994830131,0.03154146503657103,0.013135730754584074,0.059859514181152915,0.07320763448951766,0.062287645509059075,0.04970869701355696,0.12649505734443664,0.11923317462205887,0.04439750276505947,0.191375333070755
2019-10-01,0.05053177923837211,0.11112667880952358,0.06322198435664177,0.030370158702135087,0.012523752939887344,0.0586343370450777,0.07172036465490236,0.06123617569974158,0.0477692598477006,0.1313451811671257,0.11828553378582,0.04073806796222925,0.20249676406383516
2019-10-02,0.05182223295851145,0.11439705416560172,0.06419452428817748,0.03179267235100269,0.013022633403306828,0.05848435037769377,0.07444664590293541,0.06130241825885605,0.04845879040658474,0.12911335229873658,0.11426855027675628,0.04139805473387241,0.19729873538017273
2019-10-03,0.05305923467385583,0.11551714017987251,0.06328123956918716,0.03351199850440025,0.012952307652449235,0.05746732342959149,0.07266475963406265,0.061343910133291504,0.05115452259778976,0.13141096234321595,0.11504053771495819,0.040448101609945296,0.19214794933795928
2019-10-04,0.05446385396935512,0.1140498623251915,0.06586369723081589,0.033915239945054056,0.012734210985945538,0.055143366515403615,0.06854847302893177,0.05889415329802432,0.05055989027023315,0.12989708334207534,0.1125786691904068,0.04021789263933897,0.20313361287117004
2019-10-07,0.05664161097665783,0.11652005948126316,0.06724803075194359,0.03561019990593195,0.012878729676594957,0.05447888997441623,0.06390902078710496,0.05850068927247776,0.052232224494218826,0.12698936313390732,0.11238572299480439,0.03974885456264019,0.20285660922527313
2019-10-08,0.05777582145237829,0.11429863572120666,0.06543078236281871,0.03466882165521383,0.012405761459376663,0.05757438225118676,0.06421870719641447,0.06090972248275648,0.051340901851654054,0.13196619898080825,0.10780414789915085,0.03905792851001024,0.20254817306995393
2019-10-09,0.06024114423198625,0.11690002419054508,0.06647313833236694,0.03465282991528511,0.012448256730567663,0.058562894625356424,0.06123559179250151,0.06071392959493096,0.052982207387685776,0.1302490085363388,0.10409195721149445,0.0383255822584033,0.20312341451644897
2019-10-10,0.06129912907781545,0.11733598858118058,0.06521317176520824,0.03474961761385202,0.012799683710909449,0.06026326716819312,0.061766433296725154,0.06343285380498856,0.053153726272284985,0.13019280433654784,0.10028149485588074,0.03703867346048355,0.2024731904268265
2019-10-11,0.06295593687682413,0.1177180003374815,0.06550325639545918,0.03381807208061218,0.012621598181431182,0.061988578947784846,0.06116762061137706,0.06459000648537767,0.052126955799758436,0.13163771480321884,0.097224760055542,0.03611370678991079,0.20253382325172425
2019-10-14,0.06412256305920891,0.11627845168113708,0.06642727889120578,0.03414705600589514,0.012499632040271536,0.0645086924356292,0.06218020792584866,0.0640750231097627,0.0513626404106617,0.131899918615818,0.09400706142187118,0.03664481146261096,0.20184667706489562
2019-10-15,0.06496444501972291,0.11585195027291775,0.06435564905405045,0.0354033924639225,0.012132381642004475,0.06628636158420705,0.06508050985867157,0.06639501186509733,0.05231739245355129,0.12920072078704833,0.09114583879709244,0.034786108415573835,0.20208024680614473
2019-10-16,0.06568437799869571,0.11646732203662395,0.06269685290753842,0.03550844211131334,0.012107264177757315,0.06820326962770196,0.06756293760845437,0.06722857871136512,0.05134317222982645,0.1292279288172722,0.08756260871887207,0.0337768604978919,0.2026304066181183
2019-10-17,0.06651300159428501,0.11695297434926033,0.061412837356328964,0.03580517750233412,0.012361618832801468,0.06750338870333508,0.07061968158232049,0.0666675684544316,0.050482931360602376,0.1318195030093193,0.08829324096441268,0.03310365071520209,0.19846440255641937
2019-10-18,0.06701464860379928,0.115470752120018,0.06179515570402146,0.036211220733821395,0.012416139300330541,0.06720086015120615,0.07513562995009124,0.06881008801428834,0.0496794443577528,0.1335463434457779,0.0868035152554512,0.03231861898675561,0.19359759986400604
2019-10-21,0.06876397175510647,0.11826243922114373,0.06239616014063358,0.03744869828224182,0.012215523127815686,0.06490822675259551,0.0750153838074766,0.0664080664377252,0.050595452263951304,0.12690686136484147,0.08408860415220261,0.030822678888216614,0.20216793417930604
2019-10-22,0.06892774865991669,0.11767045296728611,0.06131705269217491,0.03786969445645809,0.012260760276694782,0.06548736498807557,0.07836430589668453,0.06708974944631337,0.0496214060112834,0.126063796877861,0.08269610404968261,0.0303255267906934,0.20230605006217955
2019-10-23,0.06970001642766874,0.12292671911418437,0.0599310114979744,0.037008070200681684,0.012337320734513924,0.0675314270236413,0.08235431637149304,0.06915748119790806,0.04844048731029034,0.12599720805883408,0.08128348365426064,0.030165546434000136,0.19316692650318146
2019-10-24,0.06831225960195297,0.12081510797142983,0.05747323036193848,0.03669600039720535,0.011942534476111178,0.06908504394377815,0.08416933575645089,0.06819232915113389,0.0470545532181859,0.12508307099342347,0.08095663115382194,0.028443009685724975,0.2017768830060959
2019-10-25,0.07071921274327905,0.12515718638896942,0.05820304974913597,0.03742740917950869,0.012135608663083986,0.06757974329811986,0.08292028468567877,0.06688110823306488,0.04684736393392086,0.12278788685798644,0.08173247128725052,0.02895522671751678,0.19865347146987916
2019-10-28,0.0699108267261181,0.12531455606222153,0.05748676247894764,0.03707218933850527,0.012249766316381283,0.06626944729941897,0.08534748089150526,0.0664267901029234,0.0461367143318057,0.12106641232967377,0.08175891265273094,0.029123356100171804,0.2018367886543274
2019-10-29,0.06833132364408812,0.12394831143319607,0.05574249438941479,0.03612003922462463,0.01220645965076983,0.06718291374854743,0.08725206857779995,0.06857660298192059,0.044658503122627737,0.12390376180410385,0.08069109171628952,0.029087655944749713,0.20229878425598144
2019-10-30,0.06591021823551273,0.12808237746357917,0.05523684024810791,0.03586152931675315,0.012285680050990778,0.06536085307016037,0.08832386847934685,0.06955839935144467,0.0449789322912693,0.12125778943300247,0.08030764982104302,0.030804377468302845,0.20203148424625397
2019-10-31,0.06524285923223942,0.12939577586948872,0.054742098599672315,0.03615703610703349,0.01240728967677569,0.06478754919953644,0.09294849952566438,0.07023445802769857,0.044683571346104144,0.12332538068294525,0.08219945132732391,0.03304110085591674,0.19083497524261475
2019-11-01,0.06350944606238045,0.13035489059984684,0.05372818149626255,0.03585355915129185,0.012291915590321879,0.06326657972822432,0.09533000494702719,0.06968203677461134,0.0468116158619523,0.12265850603580475,0.08228097558021545,0.03348663845099509,0.19074563384056092
2019-11-04,0.06352071280998643,0.13159520514309406,0.05451314523816109,0.036344803683459756,0.012279519082221668,0.06289645998040214,0.09458881543250755,0.06886245965215494,0.046987250447273254,0.12092516273260116,0.08400202989578247,0.03337039449252188,0.19011399745941163
2019-11-05,0.06086972955381498,0.12694236040115356,0.05341534577310085,0.0359552956186235,0.012336568793398329,0.06330619795480744,0.09472990235080943,0.07091005488146038,0.047795115411281584,0.11625144332647323,0.08365743830800057,0.032181386137381196,0.20164918303489685
2019-11-06,0.05798636287072441,0.12270954959094524,0.05222069136798382,0.03531743576750159,0.0123760028189281,0.06425153292075265,0.09671635851846076,0.07356750541548536,0.04724845830351114,0.12078866809606552,0.08168878629803658,0.03262769435532391,0.20250096023082734
2019-11-07,0.05531171466136584,0.11792462281882762,0.05107770897448063,0.03488517850637436,0.01225080119256745,0.06612881911569275,0.10054844599799254,0.07525559627647453,0.047871995344758035,0.11923676282167435,0.08425010219216347,0.0335934417322278,0.20166482031345367
2019-11-08,0.052539941573922985,0.11338558010756969,0.05006307661533356,0.03407797506079078,0.012128361009672517,0.06754862309317104,0.10100561121362261,0.0776298417498765,0.04645038973540068,0.12406924217939377,0.08261092007160187,0.03564321883022785,0.20284723937511445
2019-11-11,0.0503161532615195,0.11240042410790921,0.04966628402471542,0.03387205768376589,0.012114734929127735,0.06606303046573885,0.10226200973265805,0.0783797051066358,0.04566261600703001,0.1259152114391327,0.08574530556797981,0.037067510979250075,0.20053499341011047
2019-11-12,0.04792767913459102,0.10828531719744205,0.04875843152403832,0.03328622914850712,0.011929448253795272,0.06884672223241069,0.1060385147400666,0.08240645559344557,0.04495017230510712,0.1301811546087265,0.08706845194101334,0.03861537482589483,0.19170603454113005
2019-11-13,0.045965106663061306,0.10432920828461648,0.04752420447766781,0.03307527611032128,0.012041226274959627,0.06896391967311502,0.10817703968496062,0.08526049395331939,0.04517726302146911,0.1330074518918991,0.08649254962801933,0.03864767579361796,0.19133858382701874
2019-11-14,0.04403240405372344,0.10125922150909901,0.04729975946247578,0.03312718542292714,0.012243842966563534,0.06813040119595826,0.10942104028654284,0.08618606896961864,0.044296144507825375,0.13485892564058305,0.08849475681781768,0.03915257574990392,0.19149768650531768
2019-11-15,0.04288649322843412,0.09898261167109013,0.045628857985138896,0.03264511004090309,0.0123634624065744,0.06936129249515943,0.1102344948798418,0.08940260367417067,0.04369942434132099,0.13560035973787307,0.08734459728002548,0.040588831249624494,0.1912618398666382
2019-11-18,0.041723591518530154,0.09583349674940109,0.04446217752993107,0.03222472849301994,0.012485503820789745,0.068422363512218,0.10802736384794116,0.09066889272689878,0.04318134263157845,0.1382880315184593,0.08618738427758217,0.042421413492411374,0.19607372283935548
2019-11-19,0.04137065122486092,0.09444151520729065,0.044609562307596204,0.03192219566553831,0.01274657685899001,0.06753242693957873,0.10601258627721108,0.09254929574599373,0.04430560860782862,0.13774295896291733,0.09074589461088181,0.04337738212198019,0.19264333546161652
2019-11-20,0.039907364144164605,0.09137452840805053,0.042959990724921224,0.031128495605662464,0.012667794285880518,0.06940754900570027,0.1069958210689947,0.09509609644537705,0.045902022160589695,0.1381344750523567,0.09166856706142426,0.0434912919998169,0.19126597046852112
2019-11-21,0.039443430260871534,0.0919227883219719,0.041387168876826766,0.03081613006070256,0.01248187394994602,0.06831968271289952,0.10383923272020183,0.09462137507434817,0.04605376124382019,0.1346375361084938,0.09304541498422622,0.041692241281270984,0.2017393559217453
2019-11-22,0.03859900282259332,0.08993992805480958,0.04039064217358827,0.030210799910128115,0.012383730522014958,0.06735701631405391,0.10041296455892734,0.09600424389373075,0.04826839249581098,0.13592381924390792,0.09582993686199189,0.043151292763650415,0.2015282154083252
2019-11-25,0.03937431707890937,0.09205419942736626,0.0404807822778821,0.03068732637912035,0.01254562563426589,0.06609563993406482,0.09612308014184237,0.09559833584880835,0.05127471452578902,0.13448422998189927,0.09835988134145737,0.045050892792642114,0.19787100255489348
2019-11-26,0.03815269244078081,0.08987717479467391,0.03984236195683479,0.030027175042778253,0.012156863674681518,0.06719382937881165,0.09483279071282595,0.09594897932147432,0.0521548586897552,0.13498968482017518,0.09567052572965622,0.04720346517860889,0.2019495964050293
2019-11-27,0.03858106229454279,0.09042009711265564,0.040386980213224885,0.030024225264787673,0.012312971732353618,0.06677544469130225,0.0938887701893691,0.09576367765785107,0.05389427850022912,0.13487721979618073,0.09744886457920074,0.05061822086572647,0.19500819146633147
2019-11-29,0.03828156339732232,0.08959121629595757,0.04008737653493881,0.02964383945800364,0.011951891107310075,0.06619791113771498,0.09073338810703717,0.09247481482034345,0.05289514223113656,0.1362142100930214,0.09857486635446548,0.05175139009952545,0.20160238742828368
2019-12-02,0.03850668163213413,0.08958928659558296,0.04037071540951729,0.029489903431385755,0.012164789279268007,0.06433770925505086,0.08774060399737209,0.09336951717468764,0.05367810260504484,0.13245152533054352,0.10412135273218155,0.052268712967634204,0.20191110372543336
2019-12-03,0.040195792529266326,0.09185621812939644,0.04074881598353386,0.02895488548092544,0.012154744217696134,0.06430124570615589,0.08811335022328422,0.09549698751088727,0.05355628076940775,0.12630756348371505,0.10312796831130981,0.052614713460206984,0.20257143974304198
2019-12-04,0.042331986950011925,0.09516356065869332,0.04136590920388698,0.029367819102481006,0.012861480866013153,0.06253348681493662,0.0879548114608042,0.09336551900396443,0.053685308806598185,0.1217869132757187,0.10726590901613235,0.0530562499538064,0.1992610365152359
2019-12-05,0.043670888857741376,0.09680619016289711,0.042045623436570166,0.028602902358397842,0.012623534870726871,0.06387680848129093,0.08789695885498076,0.09329514921937516,0.05138231758028269,0.11654784381389618,0.10577827244997025,0.055251754261553286,0.20222176015377044
2019-12-06,0.04530397163907764,0.09911992624402047,0.04133145399391651,0.028088713623583318,0.012775056674945518,0.06441511402372271,0.0864169662585482,0.09206734947747464,0.05086151892319322,0.11400430500507355,0.10716970562934876,0.05679380986839533,0.20165208578109742
2019-12-09,0.04608465786586748,0.09790809452533722,0.04080581981688738,0.027236566552892326,0.012313504303347145,0.06635421679820866,0.08861117906635627,0.09110094295047019,0.0490374200977385,0.11712972894310951,0.10563819855451584,0.05592990126460791,0.20184982419013978
2019-12-10,0.047164830546535086,0.09863112792372704,0.04004080034792423,0.027397931506857275,0.01220822072136798,0.06880042748525739,0.0921133640804328,0.09226387221897311,0.04895049072802067,0.11639389991760254,0.10459619760513306,0.055861557647585866,0.19557730555534364
2019-12-11,0.04591625284665497,0.09492312297224999,0.038162334449589254,0.02650513993576169,0.011634026947103849,0.06957340791122987,0.09467372086946853,0.09020502100502199,0.047265572287142274,0.11899242773652077,0.10404167026281357,0.05638481434434652,0.2017225056886673
2019-12-12,0.04606794793071458,0.09539601504802704,0.038284679874777794,0.026906076818704605,0.012329006742766069,0.0695148829719983,0.09621675350354053,0.09127378486900853,0.047623783629387614,0.11872845739126206,0.10959953665733338,0.0574234651401639,0.19063560664653778
2019-12-13,0.04559499017923372,0.0948376938700676,0.03820508513599634,0.026562173571437597,0.011974917690349685,0.07008341389009728,0.09495434965938329,0.0918788501758172,0.04543085312470794,0.11428523138165474,0.10702982246875763,0.05723338648676872,0.20192920565605163
2019-12-16,0.0457898625121743,0.09542384892702102,0.03731386214494705,0.026478312769904734,0.012064003915020294,0.06915326582966372,0.09551274463301525,0.09145477771180595,0.04490635488182306,0.11385440230369567,0.10510899275541305,0.06126672234386206,0.20167286694049835
2019-12-17,0.044818806908733674,0.09378214851021767,0.03604362066835165,0.02654335943516344,0.01205732514963529,0.0728375242324546,0.10070776009815745,0.09449523555758788,0.04398721428588033,0.1107777439057827,0.10353552252054214,0.06551588531583548,0.1948978692293167
2019-12-18,0.04381330974138109,0.09236648082733154,0.035347912646830085,0.026975105400197208,0.0126322521995462,0.07336853597080335,0.10372839093615767,0.09394935492400691,0.043632745184004305,0.10886935219168663,0.10671253800392151,0.06793787311762571,0.19066615104675294
2019-12-19,0.04255470399002661,0.09148419350385666,0.034740996081382036,0.02683235500007868,0.012872212710499297,0.07340514351380989,0.10706714210682548,0.09540674833733646,0.04264101134613156,0.10875696167349816,0.10491236001253128,0.06878534965217113,0.19054083228111268
2019-12-20,0.04207368482893799,0.09116555973887444,0.03370853578671813,0.027472758642397822,0.012755812561226775,0.07349284500814975,0.10849043986818288,0.09651491111771975,0.042093345616012814,0.10716389641165733,0.10266023427248001,0.0687112433835864,0.19369673132896423
2019-12-23,0.04103544491445064,0.08987095132470131,0.033291575592011215,0.027699048654176293,0.012781518265182968,0.07246028110384942,0.11249131555377971,0.09378885504720529,0.04149181451648474,0.10426736995577812,0.10159633755683899,0.06738215181976556,0.20184334516525268
2019-12-24,0.04085804517235374,0.0901110127568245,0.03345559015870094,0.02785810283385217,0.013350706090022868,0.07356790308840573,0.11468842150643468,0.0948927150585405,0.042213148158043626,0.10397665575146675,0.10163408368825913,0.07266465369611978,0.19072898626327514
2019-12-26,0.03957366065005772,0.08786241188645363,0.03242087084800005,0.02741313986480236,0.013116188171898103,0.07538304135669023,0.1190085642883787,0.0958701780269621,0.042002576403319836,0.10340044647455215,0.09891283810138703,0.07409114129841328,0.19094492197036744
2019-12-27,0.03907037583630881,0.08720200955867767,0.032156433910131454,0.027103841956704854,0.013188343169895233,0.07381282704882323,0.11740097665169742,0.09428332985626184,0.041960331983864306,0.10333222299814224,0.09740657657384873,0.07411386668682099,0.19896886646747589
2019-12-30,0.039411445352743615,0.08841675370931626,0.03280852772295475,0.027476537809707224,0.013896861221746803,0.07371368401218206,0.119099676181213,0.09284452243073246,0.04292754298076033,0.1040444441139698,0.09817632585763932,0.0762546619400382,0.19092898070812225
2019-12-31,0.040894314282923006,0.09049745425581932,0.03261963650584221,0.0279628045624122,0.01422470220586547,0.07133498257026076,0.11703800403047353,0.0898803360760212,0.04301352640613913,0.10408766567707062,0.0977776288986206,0.08005838841199875,0.19061055779457092
2020-01-02,0.03961300197188393,0.08725787550210953,0.0318213427439332,0.027406430430710317,0.013812496493846993,0.07137438636273145,0.11660337755165529,0.09214817675747326,0.04167931294068694,0.10237914696335793,0.09556827843189239,0.07814056947827339,0.20219562947750092
2020-01-03,0.04043700626862119,0.08928745687007904,0.0318626313470304,0.02812806344591081,0.014380513039122888,0.0691890884656459,0.11598385647812393,0.08960197647138557,0.04172814870253205,0.10249027386307716,0.09561033844947815,0.0797392638400197,0.20156139731407166
2020-01-06,0.042468556925450686,0.09350762590765953,0.031798985134810206,0.02923763107974082,0.01512163113002316,0.06912840805016458,0.11780168217374012,0.09145235877249433,0.04208576716482639,0.10190761014819145,0.09608958438038825,0.07883903048932553,0.19056110680103303
2020-01-07,0.042685257276752965,0.09241594299674034,0.031048146169632675,0.028862800588831304,0.014983672825837856,0.06801884332671762,0.1138214267208241,0.09391274886220344,0.04174420339986682,0.1030232548713684,0.09542210325598717,0.08366898186504841,0.1903925985097885
2020-01-08,0.043307420859491685,0.09410776942968369,0.029525293782353402,0.029878484830260277,0.015713998315823118,0.06553603447973728,0.10999291760090273,0.09197962096213814,0.0402914053760469,0.10317484438419341,0.09259224757552147,0.08202608432620764,0.20187390446662903
2020-01-09,0.04306167723188992,0.09499349147081375,0.02803835514932871,0.029640860063955186,0.016592880386633625,0.0658035836648196,0.10845744471007493,0.09299044438457713,0.03954054312780499,0.10404123738408089,0.09445189982652664,0.0807264106348157,0.2016611397266388
2020-01-10,0.04380413024846348,0.09453018978238106,0.02719551883637905,0.029370880872011184,0.016815108638547828,0.06578696924261748,0.1073838806420099,0.09235055703193211,0.039208227396011354,0.10618891566991806,0.09349852055311203,0.08194902539253235,0.20191805064678192
2020-01-13,0.043579243817657695,0.09510959312319756,0.025818491354584694,0.029504503635689617,0.016806738477225736,0.0655989210586995,0.10727579738013446,0.09077061301304638,0.03877330953255296,0.10790531113743781,0.0967003621160984,0.08064400479197502,0.2015131115913391
2020-01-14,0.04283003678356181,0.09417320936918258,0.0249584399163723,0.029071299964562057,0.016873037921413925,0.06742944035213441,0.10786840424698312,0.09321571323680473,0.03852671124041081,0.1101902812719345,0.09884157329797745,0.08179520647972822,0.19422664046287536
2020-01-15,0.042482391795056175,0.09630406200885773,0.024571468029171227,0.028857865370810032,0.016797140306880464,0.0656149928458035,0.10548046088661067,0.09016984997842883,0.038209872972220185,0.10967536270618439,0.09992287307977676,0.08025969192385674,0.20165393650531768
2020-01-16,0.043548724837455664,0.09800901487469674,0.02397077903151512,0.03022807980887592,0.0175734393116727,0.0643916550790891,0.10302578067930881,0.09040098376572132,0.038022583816200495,0.11096631437540054,0.10119593143463135,0.07710004411637783,0.2015666574239731
2020-01-17,0.044113836104952495,0.09978319928050042,0.023782461881637573,0.03021016879938543,0.017932901359472453,0.06410109999123961,0.10159889679634944,0.09113376278646683,0.03842543624341488,0.11042253896594048,0.10002237111330033,0.07684961464256049,0.20162371098995208
2020-01-21,0.04406729510665173,0.10010495707392693,0.023585793003439902,0.02942665694281459,0.018832674354689515,0.0639300687937066,0.1015210004261462,0.09091197037523671,0.03855129648000002,0.10980678647756577,0.10012113302946091,0.07760402280837297,0.20153630375862122
2020-01-22,0.04372188442685001,0.09912607595324516,0.023494385927915574,0.02938355370424688,0.019148093723651984,0.06379288844764233,0.10089317955134902,0.08886444838235548,0.03876277413219213,0.11065317541360856,0.1038900926709175,0.07666748594492674,0.20160196721553802
2020-01-23,0.04377361311635468,0.09870738163590431,0.02341182567179203,0.029401129111647606,0.01953527194846174,0.06286159807350486,0.10016120052314363,0.08647634157637185,0.038612977042794226,0.11019944474101066,0.10855319499969482,0.07661012206226588,0.20169592201709746
2020-01-24,0.04412904113523837,0.09849356710910798,0.024556826800107956,0.03014043243601918,0.021853181045207747,0.06170455978717655,0.09798509644169826,0.08366140972161702,0.0405821786262095,0.11020777449011802,0.1106821671128273,0.07449798919260502,0.20150578916072845
2020-01-27,0.046208915393799545,0.09934850931167602,0.0247335160151124,0.02937787938863039,0.023423731038838012,0.06020572623237967,0.09407193732331506,0.0802849418706046,0.04205629164353013,0.10792912542819977,0.11521699130535126,0.0754327518865466,0.20170968770980835
2020-01-28,0.048931051838007986,0.10175779461860657,0.024857368133962155,0.030430266074836253,0.023762957312828802,0.05901490352116525,0.09041555278818122,0.07661351573619868,0.04508599797263742,0.10373998135328293,0.11815966069698333,0.07382011264562607,0.2034108430147171
2020-01-29,0.050955232178239385,0.10169507116079331,0.026042030565440653,0.03046953151933849,0.024170998003501153,0.05978068544063717,0.08638341569167096,0.07174620799346484,0.04727986343204975,0.1040811836719513,0.1222097173333168,0.07237667609006167,0.20280939638614653
2020-01-30,0.05438499569390842,0.10586421638727188,0.026437872927635907,0.03210781160742045,0.026244483182745172,0.058652496058493854,0.08043053338769823,0.06634541273151626,0.0506799834780395,0.10118783265352249,0.1249885007739067,0.07063858900219203,0.2020372837781906
2020-01-31,0.0569371286448586,0.10701668933033943,0.026193176582455634,0.03279206324368715,0.026998850817471977,0.06106183202937245,0.07885600183799397,0.06271782301837447,0.05247932421043515,0.10198377892374992,0.12420855015516281,0.0665449969470501,0.20220977663993836
2020-02-03,0.059584921511850554,0.1086367979645729,0.026995701156556605,0.03328633531928062,0.02754623495911801,0.06197086360771209,0.07666791453666519,0.05900424331543945,0.054818115569651125,0.09973450265824794,0.1224445253610611,0.06608858872205019,0.20322128534317016
2020-02-04,0.06010828247417521,0.10834508687257767,0.02677076617255807,0.033642212860286236,0.029542848179335123,0.06260036173043773,0.07445355865347665,0.05650804643473748,0.055970301013439895,0.09898118749260902,0.12557663917541503,0.0647748751565814,0.20272583961486818
2020-02-05,0.06210647815023549,0.10853241980075837,0.027997564058750868,0.03409947277978063,0.030811131997870687,0.06422632923349739,0.07212120126350782,0.05455540774769361,0.05646193027496338,0.10078618191182613,0.12143976986408234,0.06458527725189925,0.20227686762809755
2020-02-06,0.06385850569640752,0.10847375690937042,0.02921237228438258,0.03467734474688768,0.031226397959835596,0.06436489539919421,0.07130415149731562,0.05173792364998917,0.05716976039111614,0.09852770268917084,0.12509271651506423,0.06283613536506891,0.20151835083961486
2020-02-07,0.06495317324370262,0.10888133496046067,0.02837190395221114,0.0349623610265553,0.03166909207502613,0.0657320266473107,0.07268838574236725,0.049600864071544494,0.05796740790829062,0.09973496496677399,0.12352179735898972,0.05974113903939724,0.20217554569244384
2020-02-10,0.06484236156284169,0.11055894717574119,0.029036127775907517,0.03599841659888625,0.031153924515092513,0.06697985858190805,0.0765956454386469,0.046781988364546126,0.058157927449792625,0.09961362294852734,0.12175346612930298,0.05656541548669338,0.20196229219436646
2020-02-11,0.06576121354155476,0.11221737265586854,0.02949136132374406,0.03623593337833882,0.03175405945839884,0.06656343815848231,0.07728504931146744,0.0451570102497044,0.058799091074615714,0.09955335035920143,0.12066784650087356,0.05397727843374014,0.20253697633743287
2020-02-12,0.06593808809375332,0.1111750029027462,0.03193221259862185,0.03733256943523884,0.03386981999174168,0.06584467750508338,0.07714481585426256,0.04330242701671523,0.05896915895864367,0.09811250083148479,0.12296604961156846,0.0512064840644598,0.20220619738101958
2020-02-13,0.06743471606423554,0.11258956640958787,0.03406720254570246,0.03941805483773351,0.035849991895520364,0.06392657930264249,0.07385791742708533,0.040549060058037864,0.060943363700062037,0.09438528902828694,0.12471386939287185,0.050453864969313145,0.20181048512458802
2020-02-14,0.0676812960224197,0.11162599697709083,0.03421965539455414,0.039463897794485094,0.034952638953836865,0.06379557558102533,0.07453674501157366,0.03989722197716219,0.06090334812179208,0.09573978409171105,0.12744314074516297,0.04819931518286467,0.20154138207435607
2020-02-18,0.06728993550859741,0.11050545424222946,0.03365267589688301,0.038222303800284865,0.03430077676966903,0.06631358191370965,0.07701026894210372,0.03965166564944411,0.059970184601843356,0.09842834174633026,0.1253463953733444,0.047425223514437675,0.20188319087028503
2020-02-19,0.06587604214073509,0.10793680772185325,0.03321769591420889,0.03874212894588709,0.03654239876850625,0.06731134011643007,0.0794440827332437,0.03896900841355091,0.06042318549007177,0.0988135028630495,0.1248793676495552,0.046397576481103896,0.20144686698913575
2020-02-20,0.06849527076628874,0.10973946228623391,0.035301653854548934,0.04000286292284727,0.03855934376988444,0.06472236656118184,0.07593048735288903,0.03740578636343343,0.06073374785482884,0.097273800522089,0.12253551483154297,0.04717517383396626,0.20212454199790955
2020-02-21,0.06927870227227687,0.11293700635433197,0.03670595828443766,0.041777846217155454,0.039166360827948665,0.06222028517513536,0.07305008366529364,0.03562440767573207,0.06110675036907196,0.09613911435008049,0.12403267323970794,0.046299200132489206,0.2016616255044937
2020-02-24,0.07257131743535865,0.11526443362236023,0.036683196946978566,0.04104611296206713,0.03890347703563748,0.06108344994136132,0.0709506375453202,0.03448112106621011,0.06084214691072702,0.09695609398186207,0.12050164937973022,0.04867467433214188,0.20204167664051056
2020-02-25,0.056088109658594475,0.086079553514719,0.028258734848350286,0.031340560875833035,0.028703534105443396,0.04486492308205925,0.05190400307328673,0.025114315904193062,0.048795686569064856,0.07150416262447834,0.09275728315114976,0.03765029925853014,0.3969388008117676
2020-02-26,0.048896282240275465,0.07528987377882004,0.02473098561167717,0.02779209949076176,0.025249609555612552,0.03857420359854587,0.04273984187457245,0.02111640677314881,0.04328425731509924,0.06345074735581875,0.08021124228835105,0.0334002647548914,0.4752642035484314
2020-02-27,0.04972169808243052,0.07528410628437995,0.02574485829100013,0.02903421614319086,0.025749540947435888,0.03768196805031039,0.03884895756345941,0.020990414963307558,0.04554988723248243,0.06159718856215477,0.08130111992359161,0.03286161292344332,0.4756344437599182
2020-02-28,0.04956081208711112,0.07295316122472287,0.02619863348081708,0.029834520258009433,0.02595565144001739,0.03724191667279229,0.03687988457095344,0.022068085761588918,0.047108320984989405,0.06164433658123016,0.08214863762259483,0.032535371370613575,0.4758706629276276
2020-03-02,0.04953814260352374,0.07149192504584789,0.026021417882293462,0.029456117376685142,0.025312003050930797,0.038137332480982875,0.03607685718016,0.021558883042666822,0.0471594269387424,0.06357185170054436,0.08067651838064194,0.0330562524497509,0.47794328927993773
2020-03-03,0.04974549392973131,0.07186425775289536,0.026999420672655105,0.030836974456906318,0.02589825660470524,0.03888745404838119,0.033774222939973696,0.022316743943247275,0.04837246844545007,0.06213417649269104,0.08002961575984954,0.03455614987760782,0.4745847523212433
2020-03-04,0.0491375077946941,0.07081204392015934,0.02710089795291424,0.030952700413763523,0.02606488640230964,0.038596669834805655,0.03284026884502964,0.02189166929140356,0.04838648159056902,0.06445437483489513,0.07977917343378067,0.035864758491516116,0.4741185486316681
2020-03-05,0.049096122204173295,0.07039176896214486,0.027390051726251842,0.030791834741830826,0.02511106716483482,0.04079451790312305,0.03279971599840792,0.022042246086994056,0.048540978040546176,0.06403920277953148,0.0771684281527996,0.03666927795857191,0.47516478300094606
2020-03-06,0.048704238390018875,0.0704546995460987,0.027709636744111775,0.03151651285588741,0.02561230762876221,0.04044102854968514,0.033460085481056015,0.022689538333224846,0.049800939951092006,0.06237036921083927,0.07615948170423507,0.03728287927806377,0.47379828095436094
2020-03-09,0.04859623275260674,0.07017697244882584,0.028091021440923215,0.031189698725938797,0.02443714072505827,0.04022331817104714,0.03402971796458587,0.022730150860115827,0.04984471648931503,0.06315010078251362,0.07407452762126923,0.03826613891869783,0.475190258026123
2020-03-10,0.04733437322502141,0.06799483448266982,0.02711447197943926,0.030801157653331756,0.023633211535343434,0.042259372657281344,0.03561328437062912,0.023945968993484713,0.050970380939543244,0.06398861557245254,0.07135754972696304,0.03736242093145847,0.4776243567466736
2020-03-11,0.047325569580971207,0.06765151582658291,0.027768245339393614,0.03134785704314709,0.023415658999147125,0.042554290918633345,0.03396201707946602,0.02380284663108796,0.05122396480292082,0.06516216322779655,0.07166560664772988,0.03832415398210287,0.475796103477478
2020-03-12,0.0463140054474934,0.06664355248212814,0.026934117916971444,0.031156203150749205,0.023052108533738645,0.0433955414177035,0.034103959862841295,0.023903946354585058,0.0520777590572834,0.06546085774898529,0.07280262112617493,0.0373585993424058,0.47679674029350283
2020-03-13,0.04428043319021526,0.06337416060268879,0.025248394533991813,0.029431718960404397,0.02173332589736674,0.045309455187816636,0.03770850687869824,0.024058119715891734,0.052437573485076425,0.06823440603911876,0.07308794632554054,0.035574677772819994,0.4795212626457214
2020-03-16,0.04504702048798208,0.06433552354574204,0.02588366949930787,0.030104757100343705,0.022054886812111364,0.04551049407746177,0.036802676928346045,0.024012981843225135,0.05220967475324869,0.06810228563845158,0.07056870684027672,0.03699945174157619,0.47836785912513735
2020-03-17,0.0433933717871696,0.060875939950346944,0.024255573470145463,0.029379139095544814,0.0206790406286018,0.04611802840809105,0.041016035139909944,0.02618741023320581,0.05266315992921591,0.07123396471142769,0.07067993506789208,0.03277188707143068,0.48074653148651125
2020-03-18,0.043523306874885745,0.062108546122908594,0.024890413228422403,0.03016587384045124,0.02122207414213335,0.04645398249558639,0.03805098994926084,0.025522166860992002,0.052036496065557006,0.07231805995106697,0.0692683957517147,0.03384940754622221,0.48059027791023257
2020-03-19,0.04325311739285098,0.06340113207697869,0.024306752346456052,0.030125577375292777,0.02051516842620913,0.047931875348149335,0.03687671388615854,0.025190542144218852,0.051942639984190464,0.07275767810642719,0.07004935443401336,0.03225499279797077,0.4813944399356842
2020-03-20,0.042960966364262276,0.06244528889656067,0.024897458869963883,0.030715838819742203,0.020675691169162746,0.048335782637877855,0.03746122634329367,0.02409625326154128,0.051176509074866774,0.07242322489619255,0.07024479806423187,0.032600894942879675,0.4819660663604736
2020-03-23,0.04184050818603282,0.061336150392889977,0.02487643323838711,0.031132357940077782,0.020985095672949684,0.048953662351414094,0.03934560289490037,0.02420368545836027,0.050446376018226144,0.07356371246278286,0.0697047621011734,0.03199970275163651,0.48161194324493406
2020-03-24,0.04115780648626242,0.06146027073264122,0.024978608638048173,0.03170429244637489,0.0209310671503772,0.048135160098900086,0.04006842300004791,0.025459185975614675,0.050607355497777465,0.07417994067072868,0.06792012825608254,0.031439732387661935,0.4819580316543579
2020-03-25,0.04188351923639857,0.06177395395934582,0.026243884209543468,0.032998185232281686,0.021466885397967417,0.04773662893567234,0.03879433921829332,0.025039710794135316,0.050438402220606804,0.07402816452085972,0.06644080281257629,0.032976108603179455,0.48017941117286683
2020-03-26,0.04221508964528766,0.060612814873456954,0.026325745228677987,0.03356632627546787,0.02190364668931579,0.04670483978406992,0.037940350972348824,0.02529648811773768,0.05097956545650959,0.07439702972769738,0.0653084583580494,0.03395342547446489,0.48079621195793154
2020-03-27,0.04220936765977967,0.05993178896605968,0.027015240862965584,0.034185972064733505,0.022006188266095704,0.0474268132384168,0.038322556493221784,0.025384915861968692,0.05192114263772964,0.07313747368752957,0.06354699954390526,0.03512304928153753,0.4797885060310364
2020-03-30,0.041778378852723105,0.059186390787363055,0.02692747600376606,0.034937169030308725,0.02082930349279195,0.0474192989335279,0.03978260878357105,0.02569824446045459,0.05147665496915579,0.07340853586792946,0.06257420778274536,0.035485369898378846,0.4804963767528534
2020-03-31,0.041617785298694795,0.05909287743270397,0.027320235781371594,0.03575604557991028,0.021102182917820754,0.04624452908901731,0.038903472686070015,0.0255785477986592,0.05158944856375456,0.07398995608091355,0.061917572468519214,0.0361672081053257,0.48072015643119814
2020-04-01,0.04163730743002816,0.05899360291659832,0.027356406114995478,0.03628175482153893,0.021884569124085828,0.04432166717160726,0.03840095618797932,0.02594616431401846,0.0525801645591855,0.0748346783220768,0.061243392527103424,0.03648318238556385,0.4800361692905426
2020-04-02,0.04069016379671666,0.058628888428211214,0.02679340187460184,0.03683625608682632,0.021569225382700098,0.04402892965299543,0.039559203721000816,0.026543553618921578,0.053430231660604476,0.07342133410274983,0.06223579868674278,0.035589944943785666,0.4806730508804321
2020-04-03,0.04074989071359596,0.058111481741070746,0.026483293436467648,0.03698437660932541,0.02173474090086529,0.04404233051172923,0.03909403958241455,0.02639628958395406,0.05305683948099613,0.07544747442007065,0.06189758256077767,0.03561382703483105,0.48038782477378844
2020-04-06,0.040877143473699105,0.05881359502673149,0.026525286026299,0.0377047672867775,0.021882322173041757,0.042770047519297805,0.03822898452781374,0.026608288381885357,0.053308217972517016,0.07539932541549206,0.06274442374706268,0.03577079027891159,0.4793668031692505
2020-04-07,0.04125072689002991,0.06018225997686386,0.02787790298461914,0.038655342906713484,0.02229030337621225,0.04252514270046959,0.03668968560959911,0.026375381500747606,0.05297497920691967,0.07409544698894024,0.061211983859539035,0.03712109178304672,0.47874974012374877
2020-04-08,0.04081191313744057,0.059609397873282434,0.028241760656237604,0.03922566249966621,0.022132037724077236,0.04267660543555394,0.03576498742622789,0.02612164259162455,0.05350601766258478,0.07491089552640914,0.0605277992784977,0.03776358962059021,0.4787077009677887
2020-04-09,0.04080246657995303,0.05948366671800613,0.02913821991533041,0.039284318685531616,0.022274793378892356,0.04117978520662291,0.03490692441991996,0.025695889795224504,0.05453894007951021,0.07538319453597069,0.059535210579633714,0.039263827726244926,0.4785127639770508
2020-04-13,0.04010883546034165,0.05842502675950527,0.03004903718829155,0.03959646373987198,0.021665473008761184,0.039697331441857386,0.03408683800662402,0.026182813748846456,0.057009688951075076,0.07584002912044525,0.05878437906503677,0.04045023694634438,0.4781038463115692
2020-04-14,0.03990138613844465,0.0583700243383646,0.030287289060652256,0.03985367864370346,0.02168166050396394,0.03745338584994897,0.033534300555766096,0.026917015108756458,0.0579844331368804,0.07721417024731636,0.05861047580838204,0.04015960432589054,0.4780325710773468
2020-04-15,0.040222736013674876,0.05955935716629028,0.031027757935225962,0.04059977531433105,0.02185254784999415,0.03572227259282954,0.0326472021479276,0.027296555130487832,0.05699068251997232,0.07654030248522758,0.05960173830389977,0.04114377722144127,0.4767953157424927
2020-04-16,0.040282505660252356,0.06025361120700836,0.031210946291685103,0.04106233566999436,0.021502871389384382,0.03420433821738698,0.033114487276179716,0.027561006299720248,0.05809702984988689,0.07376191541552543,0.06004563868045807,0.04137140959501266,0.477531898021698
2020-04-17,0.03949101231464738,0.06057606115937233,0.03138366267085076,0.04078262373805046,0.02109624143340625,0.034189016406890003,0.032855824643047524,0.0281350281351024,0.05837866514921188,0.07418854236602783,0.059461284428834915,0.04192003607749939,0.4775420010089874
2020-04-20,0.03956075749902084,0.060230329632759094,0.032145694643259046,0.0414004847407341,0.021383391399285755,0.034468590581673196,0.03228539148549316,0.02758927740464969,0.05626934804022312,0.07586224265396595,0.05970025584101677,0.04273108057677746,0.47637314796447755
2020-04-21,0.039617670937877845,0.06084859669208527,0.03217161539942026,0.04213366955518723,0.021438105395645835,0.03453829245700035,0.032383968548674605,0.02785967648737824,0.057024193555116655,0.07204517908394337,0.060299626737833026,0.0424452867358923,0.4771941065788269
2020-04-22,0.03916518663572788,0.06005241721868515,0.03224491588771343,0.04265746846795082,0.020907023255131208,0.03468229238278582,0.033120361095643605,0.028254724078487926,0.056843407824635504,0.07310795485973358,0.058733755350112916,0.04249825663864613,0.4777322292327881
2020-04-23,0.03932127238240355,0.06040956899523735,0.03209102302789688,0.042939094454050065,0.021011293967603706,0.035633592637896075,0.032717363008123355,0.028156348048059953,0.056557712331414225,0.07264907285571098,0.05874812230467796,0.04348683916032314,0.47627869844436643
2020-04-24,0.03911190489452565,0.06054855957627296,0.03234883397817612,0.04317381009459496,0.021067563438555224,0.035465750142611795,0.032049946412735154,0.027965504193525705,0.05604609809815884,0.07189210578799247,0.05977525413036346,0.04378981813788414,0.4767648458480835
2020-04-27,0.03942736715507635,0.06028797030448914,0.031985107064247134,0.0426105760037899,0.020539707655552776,0.035920188146701545,0.03200127228483325,0.027695279995805323,0.05710288882255554,0.07238902002573014,0.06000857278704643,0.043227740377187726,0.47680431604385376
2020-04-28,0.039252116037641824,0.059308367967605594,0.03254877217113972,0.042454230785369876,0.02089629112451803,0.03751447616741643,0.031827774590055924,0.028626184789845865,0.05514439381659031,0.07289562970399857,0.06026179790496826,0.04352354370057583,0.47574644684791567
2020-04-29,0.038281583555180985,0.06041163876652718,0.032130653597414495,0.0418917752802372,0.020909229558310472,0.03602210841127089,0.03186330395110417,0.028282916169428064,0.0552863709628582,0.0738689187914133,0.0607661172747612,0.043079042062163356,0.4772063672542572
2020-04-30,0.03810739443833881,0.06059592068195343,0.032846173457801345,0.0418174497783184,0.020676666355575433,0.03610176308793598,0.03299924122111406,0.028269691254308782,0.05505750775337219,0.07423169948160649,0.060634049028158186,0.04246392883360386,0.47619853019714353
2020-05-01,0.03811264946270967,0.061008475720882416,0.032623466849327085,0.04254379570484161,0.020425802780664526,0.03462564552028198,0.0335180093505187,0.029186066557804223,0.0535086240619421,0.07487476654350758,0.06069807261228562,0.04248242676258087,0.47639220356941225
2020-05-04,0.03818098492029094,0.06186133399605751,0.03275364469736815,0.04372710734605789,0.020159648047410883,0.03277149214409292,0.03454724214971065,0.029864207417358558,0.054485713690519334,0.071302654966712,0.06156575605273247,0.0425788551568985,0.47620137929916384
2020-05-05,0.03749510489651584,0.06113425195217133,0.03300758674740791,0.043890480697154996,0.020355829226900823,0.03303113336587558,0.03559682753693778,0.02966277174655261,0.05281021445989609,0.0735045313835144,0.06137537285685539,0.041414549201726915,0.47672134041786196
2020-05-06,0.03803232255322655,0.06213276535272598,0.03319647777825594,0.04404362589120865,0.020986828790046274,0.03244949171203189,0.03484646918805083,0.029510466894203093,0.05279384106397629,0.0728293728083372,0.061905687302351,0.04169684574007988,0.4755758225917816
2020-05-07,0.038110205348129964,0.06068594828248024,0.03250338602811098,0.042645739018917085,0.021147295855917035,0.03317755275129457,0.03511456377018476,0.030050491174415585,0.05324174463748932,0.07299407795071602,0.062306903302669525,0.04160781912505627,0.4764142632484436
2020-05-08,0.03815268316102447,0.06057473197579384,0.032405844517052175,0.042119025439023974,0.02096483202185482,0.034213666988216575,0.035541715307044794,0.03043498414710939,0.051803259178996086,0.07408536002039909,0.062305089086294174,0.041165830567479134,0.4762329697608948
2020-05-11,0.037687883804574086,0.06033081188797951,0.0327388858422637,0.04149153456091881,0.020792795880697667,0.0349262759758858,0.035974105792411136,0.031150013227988892,0.05107595100998878,0.07484747767448426,0.06231809481978416,0.04086786508560181,0.47579829692840575
2020-05-12,0.0366253438329295,0.05966640934348107,0.03244667761027813,0.04031774252653122,0.020475342169811485,0.03475636090079206,0.036701865724171515,0.03175729921645143,0.052321672812104224,0.07444770410656928,0.06324618235230446,0.04128271751105785,0.4759546875953674
2020-05-13,0.03685003412447259,0.06104089468717575,0.03228733092546463,0.041497180610895155,0.0206144431620487,0.0339980661199661,0.037985968416614925,0.03061472842148305,0.05161793604493141,0.07371729537844658,0.06282328814268112,0.04065653495490551,0.47629629969596865
2020-05-14,0.03680597872335056,0.06148864403367042,0.031761006079614164,0.04193028286099434,0.021392797636508476,0.03319598943344317,0.03872143005282851,0.030457381688938766,0.05243200659751892,0.07153936997056007,0.06346015408635139,0.04066085927188397,0.47615410685539244
2020-05-15,0.037448012210916204,0.06247385144233704,0.03235002625733614,0.04259804710745811,0.020669660253042822,0.03313771533321415,0.03844058425893308,0.029667685328467995,0.05283057987689972,0.07008861601352692,0.06335668340325355,0.04093702360987663,0.4760015070438385
2020-05-18,0.038421562067742346,0.06264470964670181,0.03317150436341763,0.041172634810209274,0.019524475085199812,0.03375447990001703,0.037853418149461505,0.02966478356509015,0.052143198624253276,0.0701062723994255,0.0637469969689846,0.040587642416358,0.4772083222866058
2020-05-19,0.03837991850741673,0.06097189709544182,0.03424661569297314,0.041445162147283554,0.01975479831453413,0.03468067928806704,0.0373295415105531,0.030279282394963046,0.051349857822060585,0.07055156528949738,0.0630749836564064,0.04135923348367214,0.4765764713287354
2020-05-20,0.03950176560665568,0.06022577434778213,0.03452201522886753,0.04267572015523911,0.020094237982993944,0.03331608737207716,0.0378270598463132,0.030699894709732688,0.0509246964007616,0.06981551758944989,0.062232186645269395,0.04249187260866165,0.4756731688976288
2020-05-21,0.03925908722940221,0.06004706621170044,0.034933860413730145,0.042560001462697984,0.0199145638209302,0.03319538898686005,0.03932952899631346,0.03034475258823477,0.051048265770077705,0.06927866265177726,0.06221896857023239,0.042164428159594536,0.47570541501045227
2020-05-22,0.039735401375037324,0.06058901250362396,0.035209274664521215,0.04354138970375061,0.01991054593527224,0.030528092442182242,0.039932984438200946,0.030551722899440394,0.050214698538184166,0.06966710649430752,0.061372310668230054,0.04222758337855339,0.47651987671852114
2020-05-26,0.03991039163138339,0.06048605665564537,0.03565676528960467,0.04383062198758125,0.019162841502111404,0.029159874759352535,0.04097360485829995,0.03096709027458928,0.05017411783337593,0.06741025559604168,0.0624127522110939,0.04352127462625503,0.4763343513011932
2020-05-27,0.04023568831762532,0.060181787610054015,0.03588205240666866,0.04377369657158851,0.019214650616049767,0.029439101654861587,0.04087335099757183,0.03129893325358353,0.04958474822342396,0.06922111995518207,0.060864539444446565,0.043857095390558244,0.4755732297897339
2020-05-28,0.040262915745188366,0.05935398265719414,0.03620625045150518,0.044244765490293506,0.020118402800289915,0.028969297327057573,0.04095902168483008,0.03171611042259883,0.049175442382693293,0.06674717850983143,0.062350445240736005,0.044123649969697,0.47577252984046936
2020-05-29,0.03978504073838849,0.05785622745752335,0.03615196812897921,0.04433353915810585,0.019983972390764392,0.029653236898593605,0.042434526400757025,0.03194617451974864,0.04815977215766907,0.06820568442344666,0.06117616221308708,0.044016292318701744,0.4762973725795746
2020-06-01,0.03924779172066337,0.057515882700681684,0.035928765684366225,0.04434727802872658,0.02001583529636264,0.02979328521505522,0.043754155459464525,0.031420756601073664,0.04740766882896423,0.06840100213885307,0.062050943821668626,0.04458743408322334,0.4755292057991028
2020-06-02,0.038636642909295915,0.05656096935272217,0.03734331950545311,0.04517844989895821,0.020334357940009797,0.0288142737281305,0.0447255054510606,0.031376389997330986,0.04762269780039787,0.0663093775510788,0.061208227276802064,0.045306137204170226,0.4765836477279663
2020-06-03,0.03825041776945,0.055677630007267,0.037748781591653825,0.04524163007736206,0.020637507537321652,0.02804281075477775,0.04495637158615864,0.03154309727121927,0.048329025879502295,0.06735141053795815,0.0605184257030487,0.045385504886507985,0.47631738781929017
2020-06-04,0.038053070603382366,0.055074574798345564,0.03827017955482006,0.045676087588071825,0.021067069793934932,0.028427659402586868,0.045839251959114334,0.03127894265028317,0.0476971447467804,0.06841354668140412,0.058582048118114474,0.04580396227538586,0.4758164584636688
2020-06-05,0.037174526726266775,0.05656556487083435,0.03787857498973608,0.04585678651928902,0.021350044051359873,0.028841381990059745,0.04772933045969694,0.03222322079809601,0.04901067726314068,0.06744160354137421,0.05856493413448334,0.04664872251451015,0.47071462869644165
2020-06-08,0.03692963249359309,0.05553864687681198,0.038113903068006036,0.04536635503172874,0.021480249165324494,0.028660577051778092,0.04695189669073443,0.03147387382432498,0.0480832040309906,0.06792988292872906,0.05720774158835411,0.046613095328211784,0.475650942325592
2020-06-09,0.036665502628966354,0.055788929015398024,0.03809115588665009,0.04549614638090134,0.02201747587241698,0.027384980685746997,0.04821417598577682,0.03143216817170469,0.04809533432126045,0.06642689257860183,0.057301712781190874,0.047182393819093706,0.4759031355381012
2020-06-10,0.0368508898834989,0.05517440214753151,0.038164157047867776,0.04638560339808464,0.022497199030476624,0.025750995350244922,0.04927565345788025,0.03144639080041998,0.0497165285050869,0.06750642135739326,0.05583839938044548,0.04761843606829643,0.47377492785453795
2020-06-11,0.03800635444622458,0.056792572140693665,0.03915554843842983,0.04686299934983253,0.023665658655227163,0.025706474000617163,0.05212745804092265,0.03182164202430613,0.05031773149967193,0.07006972804665565,0.05746738091111183,0.04978519305586815,0.4582212567329407
2020-06-12,0.03610806702890841,0.05457755401730537,0.03677567951381207,0.04510776996612549,0.022742846261826342,0.024336618952656864,0.05025801697483985,0.03248718361671763,0.04962548390030861,0.06811696514487267,0.05696295201778412,0.04684485606849194,0.47605600357055666
2020-06-15,0.036789341497387794,0.0544824555516243,0.037996149808168414,0.04486356750130653,0.022491334649384954,0.025400961305422243,0.04857019402043079,0.03238219395052511,0.049640179798007014,0.06850553378462791,0.055876491218805314,0.04806191623210907,0.47493966817855837
2020-06-16,0.037448140236483594,0.05506702587008476,0.038105272501707074,0.04489974081516266,0.022481439169496298,0.02606478458328638,0.04567234334463137,0.031262029834056196,0.049749071896076205,0.06928049474954605,0.05742986649274826,0.048009336739778516,0.4745304524898529
2020-06-17,0.03767450437808293,0.05504733547568321,0.03814147710800171,0.04445130378007889,0.02269484473799821,0.027631612249751924,0.045092137191386425,0.03241184997039,0.049220014736056326,0.06860234886407852,0.0572393573820591,0.04771816171705723,0.47407504320144656
2020-06-18,0.038048390885342086,0.05464749187231064,0.03799956925213337,0.043720588088035583,0.022656158366589806,0.028228848405342434,0.043845034218247744,0.032443316908711495,0.05066634938120842,0.06920458376407623,0.05632292777299881,0.04795627221465111,0.4742604732513428
2020-06-19,0.03778783899506379,0.054634060710668564,0.03748109005391598,0.04341542199254036,0.022810078112524935,0.02728634246159345,0.04617738502929569,0.03311110889044357,0.05062785819172859,0.06765708103775978,0.056164220720529553,0.04822063632309437,0.4746268689632416
2020-06-22,0.038638189837729445,0.05416349694132805,0.03842403367161751,0.04297598898410797,0.022341474908171222,0.026667150070352363,0.045534394862261254,0.03391062261478055,0.052927860617637636,0.06661346554756165,0.05525103732943535,0.048735034093260764,0.4738172709941864
2020-06-23,0.039101410909825066,0.054652593284845355,0.03909384123980999,0.043133588135242464,0.022138477650878487,0.026112840507994405,0.0466199013433652,0.03384124840263212,0.051919886469841005,0.06478663831949234,0.055159231275320054,0.048736194521188735,0.47470415830612184
2020-06-24,0.039786174960863716,0.05530194416642189,0.03868852443993091,0.04330707043409347,0.02258599074848462,0.025586215674775304,0.0454682307317853,0.034059672523699194,0.0512990303337574,0.0653902180492878,0.05569087639451027,0.04792403057217598,0.4749120116233826
2020-06-25,0.040114829342746815,0.056188971549272534,0.03841828629374504,0.043909172713756564,0.022757848928449675,0.023853957430765148,0.04670542961939646,0.03445502404939589,0.05245555490255356,0.06224198788404465,0.056161028891801835,0.04775157570838928,0.474986320734024
2020-06-26,0.040784666626495894,0.056390457600355146,0.03862992711365223,0.04380102157592773,0.022196062043076382,0.024732634979227442,0.04615213533579663,0.034901536331142326,0.0522424042224884,0.06187628135085106,0.05598738268017769,0.04762687161564827,0.4746786177158356
2020-06-29,0.04119299456870067,0.057317613065242766,0.038380445539951326,0.04495839774608612,0.02231783036259003,0.02324155050682748,0.04612953056312108,0.03400736760590917,0.05350592583417892,0.059344783425331116,0.05724392756819725,0.04792957678437233,0.4744300305843353
2020-06-30,0.04188158225351799,0.05739562064409256,0.038893867284059525,0.04532723426818848,0.022306677908636628,0.023093468724982812,0.04370119307714049,0.0338157369059104,0.05495609045028686,0.058338613063097,0.05861994847655296,0.047884907200932504,0.4737850666046143
2020-07-01,0.043263254339217384,0.05882819071412086,0.039626340940594675,0.04489084407687187,0.02198156597733032,0.02336792389369293,0.041240095352986825,0.033658392400843694,0.05524726212024689,0.05754772946238518,0.05864978656172752,0.04795151650905609,0.47374709248542785
2020-07-02,0.04405882138271409,0.059383122622966765,0.03964520841836929,0.04473699703812599,0.02130998430366162,0.0235712475229775,0.03907823448898853,0.03351016773068523,0.056317920237779616,0.0579715333878994,0.05853405743837357,0.04828145280480385,0.4736012637615204
2020-07-06,0.0447216549157929,0.05942518785595894,0.039513752609491345,0.044358144700527194,0.020912130652868656,0.024358608870261377,0.03894638740166556,0.033555473330852695,0.056021354347467425,0.05747210085391998,0.05863102748990059,0.047603390738368036,0.4744807958602905
2020-07-07,0.045140353184797276,0.059966012835502625,0.04020880162715912,0.044183316826820376,0.021106986045197118,0.024148487758793635,0.03806748128663458,0.033324947172968675,0.056342996284365655,0.05713697504252195,0.05890224203467369,0.04697198085486889,0.47449941039085386
2020-07-08,0.045863491863383385,0.06097207963466644,0.04029405601322651,0.04509425684809685,0.020466156829206737,0.022758513305825546,0.037847372056785386,0.03292658009526121,0.057613505423069,0.05536406543105841,0.059133779257535934,0.047264665737748145,0.474401468038559
2020-07-09,0.04604564903283972,0.06139701008796692,0.0403690867125988,0.04457085132598877,0.02090527730906615,0.023020001438680993,0.03644460506802716,0.03278360790209263,0.057202715426683426,0.055566704086959365,0.059145188331604,0.04683659560978413,0.4757127046585083
2020-07-10,0.046934011406483477,0.06189045310020447,0.040090374276041986,0.045578642189502715,0.022043876969837582,0.02249618576756802,0.03567881108501751,0.0318831859387501,0.05835988521575928,0.0551146300509572,0.05915495753288269,0.04671783484518528,0.47405714988708497
2020-07-13,0.04774635167996166,0.06275512129068375,0.04091363772749901,0.045390785485506055,0.0230628409262863,0.022959286767490993,0.03509720180009026,0.032679366632999064,0.05944575667381287,0.055490657687187195,0.058273690193891524,0.04623706378042698,0.4699482202529907
2020-07-14,0.047965094026585574,0.062338075041770934,0.04106114245951176,0.045800525695085526,0.02328648711263668,0.022366389312060163,0.03350077172690362,0.03262816292580055,0.059521086513996124,0.05393888708204031,0.05944941863417626,0.04528580792248249,0.4728581547737122
2020-07-15,0.04802801826572249,0.06210849806666374,0.041658480279147626,0.045643304288387296,0.02411966041981941,0.022761538040049344,0.03308712435282359,0.03185899046267195,0.059601659327745436,0.05494343880563975,0.05875517502427101,0.04512467551976442,0.47230943441390993
2020-07-16,0.048922661094911744,0.0640742987394333,0.04190561417490244,0.04531713649630546,0.02367905623104889,0.022774449498820105,0.032376781511266016,0.032018022191346064,0.060123256593942645,0.05497752279043198,0.05900961756706238,0.044619887322187426,0.4702017068862915
2020-07-17,0.04916975146943514,0.06575627699494362,0.0421670051291585,0.04573338776826859,0.02389324131218018,0.022462295872946923,0.031972198227231276,0.03126785804512337,0.0603128045797348,0.05645851027220487,0.06004729792475701,0.0459816312417388,0.46477773785591125
2020-07-20,0.05300178956003947,0.06928792968392372,0.04537723138928414,0.04969689548015595,0.025876482005696744,0.024385253264358652,0.0338852696120739,0.032755132186548505,0.06648295670747757,0.060508963838219645,0.06289011165499687,0.05063487179577351,0.42521711587905886
2020-07-21,0.05998040314052559,0.08141799867153168,0.0537825133651495,0.058511827141046524,0.03086526282131672,0.02752056183521745,0.037901089399747435,0.03732172149101416,0.07792784944176674,0.06997006284072996,0.07362349852919578,0.06141160987317562,0.3297655940055847
2020-07-22,0.06577937650145031,0.0954084038734436,0.06376172974705696,0.06618715897202491,0.03498689465341158,0.030679076677324703,0.04230579074283014,0.042754802318563635,0.08736086189746857,0.07962798327207565,0.08458120077848434,0.06924201287329197,0.2373247265815735
2020-07-23,0.06704510067274896,0.09952520653605461,0.06632271818816662,0.06758328154683113,0.03618756828363985,0.03166260839836923,0.04325701938541897,0.04494693442870812,0.08984412997961044,0.08348537515848875,0.08781995624303818,0.0744644746184349,0.207855623960495
2020-07-24,0.06893648490149644,0.10190287530422211,0.06629677377641201,0.06888183802366257,0.036021175648784265,0.030465822218423,0.041971698421548354,0.04460241698052414,0.09000143706798554,0.0836725603789091,0.08635683357715607,0.07668440006673335,0.2042056918144226
2020-07-27,0.06988712641687016,0.10535283088684082,0.06751945167779923,0.06787400990724564,0.03597191096778261,0.029982687466724656,0.04016467845249281,0.045519149004951485,0.0878884255886078,0.08427258711308241,0.0844634748995304,0.07751757651567459,0.20358608067035674
2020-07-28,0.07157323631972759,0.1086282640695572,0.06822522431612014,0.06763793453574181,0.035148842365015295,0.02920147194550964,0.03725691662584722,0.04686135654013697,0.0846474252641201,0.08633089028298854,0.08439318388700486,0.07565753012895585,0.20443771183490753
2020-07-29,0.0723031854171495,0.11204813048243523,0.0696929533034563,0.06775920987129211,0.035287256630545015,0.02831151906946161,0.03519505023614329,0.04644807908020994,0.08464596644043923,0.08575369929894805,0.08360231965780258,0.07606736496090889,0.20288526713848115
2020-07-30,0.07254542422888335,0.11250212714076042,0.07049594968557357,0.06649044528603554,0.034480655235529414,0.028291617906393184,0.033992176979154465,0.046311253612543624,0.08413492068648339,0.08641975335776805,0.0827011451125145,0.07528200559318066,0.2063525289297104
2020-07-31,0.07252473337011907,0.11539747714996337,0.07196586318314076,0.06830598190426826,0.033853261252806986,0.027975031423636665,0.032059150348504775,0.045058642521428285,0.08264476656913758,0.08649179972708225,0.08431301936507225,0.07542293108999729,0.20398731231689454
2020-08-03,0.07098984059248323,0.11962485089898109,0.07369223982095718,0.07128418684005737,0.03345446614694083,0.02811907623278671,0.03170257169877004,0.04391018122382775,0.0814528577029705,0.08667020918801427,0.08286698311567306,0.07397509030997754,0.202257439494133
2020-08-04,0.06857426328397195,0.12031658589839936,0.0735243797302246,0.07321901023387908,0.035212985071120785,0.028413197698034763,0.030252286271206685,0.043027463884891405,0.07821916490793228,0.08787226285785436,0.08373408243060113,0.0755717433989048,0.20206256508827208
2020-08-05,0.067297223618516,0.12191660776734352,0.07401245646178722,0.07750532776117325,0.03597372923832154,0.028290742550922232,0.029095848950237268,0.04224723199611162,0.07670947015285492,0.08722314517945051,0.08192474544048309,0.07484228648245335,0.20296119153499603
2020-08-06,0.06488436679655933,0.12116613537073136,0.07524477913975716,0.0781883493065834,0.035492579048150216,0.029047531114355252,0.029637178203847724,0.04296743362954203,0.07537260949611664,0.08770653549581767,0.08109976053237915,0.0773251049220562,0.20186765789985656
2020-08-07,0.06271424552805911,0.12291072830557823,0.07449147179722786,0.080067228525877,0.034594795548764525,0.02912232769795651,0.02928386842540931,0.04280294341235731,0.07489649578928947,0.0882184274494648,0.08171554580330849,0.07685531973838806,0.20232660472393035
2020-08-10,0.05858400897250249,0.12504531368613242,0.07379563860595226,0.07983306422829628,0.03365243208390893,0.028266148722002525,0.03042285427945899,0.043560547313052214,0.07513684555888175,0.08924655104056001,0.08255550637841225,0.07739743292331695,0.2025036871433258
2020-08-11,0.056894518921762935,0.1269529514014721,0.07379084900021553,0.07917345091700553,0.033333486362244,0.028204342294719707,0.03092733395387768,0.04446413570325376,0.07475379779934883,0.08961027767509222,0.082736686617136,0.07708721309900284,0.20207094252109528
2020-08-12,0.05243787736299055,0.11778567656874657,0.06620242595672607,0.07367776706814766,0.03369813878671266,0.02538864310088229,0.02960274547804147,0.042132939607381556,0.0721904493868351,0.07995949722826481,0.07863665148615837,0.07139145769178867,0.25689570903778075
2020-08-13,0.05189084842477314,0.12051991969347,0.0653977196663618,0.07785484567284584,0.03484090986603405,0.02654219359365584,0.03104158303613076,0.044590780253440696,0.0721573531627655,0.08366022016853095,0.07939155548810958,0.07072049267590046,0.2413915604352951
2020-08-14,0.051629199409580905,0.12644530907273294,0.06487803608179092,0.07686229795217514,0.03489351617026841,0.027109226659680984,0.03364452390014776,0.04733635959921685,0.07793674618005753,0.08899218868464231,0.08323104977607727,0.07408066913485527,0.2129608929157257
2020-08-17,0.04980120992258889,0.126935151219368,0.0628796923905611,0.0758890986442566,0.03401528637041338,0.028025715067067837,0.03719679199275561,0.050012208907753576,0.08068199604749679,0.09115698132663966,0.08453449085354806,0.07395566403865814,0.20491572618484497
2020-08-18,0.04779302121460205,0.12598928660154343,0.06020864211022854,0.07437310963869095,0.03269120089680655,0.02838281320308056,0.03945684038553736,0.052108910056233526,0.08098585680127143,0.09186621513217688,0.08519870862364769,0.07344116121530533,0.20750422775745392
2020-08-19,0.04617837704572594,0.12703596875071527,0.05996215343475342,0.07678082659840584,0.031231679779011756,0.027597337815791434,0.04147651535749901,0.05278839968211742,0.08084481433033944,0.09495065920054913,0.08529030904173851,0.07259009629487992,0.20327286720275878
2020-08-20,0.044312192690358645,0.12653643414378166,0.05727415382862091,0.07427308410406112,0.03152995350683341,0.026594688359614337,0.043426904537409425,0.0513969425231835,0.08126993849873543,0.09685461558401584,0.08444940894842148,0.07328610047698021,0.20879557430744172
2020-08-21,0.043095528303274476,0.1283752828836441,0.05766350217163563,0.07372012510895729,0.030945194298692514,0.026611377377830082,0.04434554127910815,0.05109550368363216,0.08203059360384941,0.09926101900637149,0.08530379310250283,0.07322024814784527,0.20433228611946105
2020-08-24,0.04166457552355496,0.12787113413214685,0.05576477572321892,0.07102319821715355,0.030620639747940003,0.026325029453616366,0.04542151528839895,0.051503579887116756,0.08359838426113128,0.10214457549154758,0.0862166479229927,0.0751291498541832,0.20271681547164916
2020-08-25,0.04085066558336621,0.127340155094862,0.05544532686471939,0.07159949392080307,0.030073115533741656,0.02727802821363241,0.045104301475294054,0.05204426747704929,0.08430320248007775,0.1025301281362772,0.08573757708072663,0.0748340930789709,0.20285963714122773
2020-08-26,0.0392928962140104,0.1258230186998844,0.05480658337473869,0.07057674378156661,0.030168793108896353,0.02802703736300032,0.04687248863556306,0.05471518222159375,0.08294313549995422,0.10173390246927738,0.08719243481755257,0.07584888711571694,0.20199888050556183
2020-08-27,0.038645770519178765,0.12787367403507233,0.05445599630475044,0.07000901699066162,0.029041316812799776,0.027757569128378633,0.0472271168971929,0.05644972911100012,0.08089680671691894,0.10317193642258644,0.0850075513124466,0.07731078155338764,0.20215271711349486
2020-08-28,0.03690378398969187,0.12546677961945535,0.05262683182954788,0.07160778492689132,0.028141173180483748,0.027764370999075538,0.04935844630963402,0.05831917421699018,0.08185101971030236,0.1053164191544056,0.08377793878316879,0.07611579857766629,0.20275044143199922
2020-08-31,0.03643042443400191,0.12500179335474967,0.05358981005847454,0.07140286415815353,0.027679258768330328,0.02733273430692833,0.05101926608767826,0.058897897314614055,0.08010347411036492,0.10599524304270744,0.08331875130534172,0.07656612209975719,0.2026623636484146
2020-09-01,0.034947477691366656,0.1221056878566742,0.05315997377038002,0.07258559092879295,0.027067181872553192,0.026460970644664884,0.05516783786915767,0.06092584567564927,0.07826836407184601,0.11007361263036727,0.07961954846978188,0.07749383375048638,0.20212405323982238
2020-09-02,0.0341488999952162,0.12274124026298523,0.052735406905412674,0.07139285877346993,0.027045173022634116,0.026479824298313304,0.05788267051211733,0.061293360983074766,0.07839823737740517,0.11061587929725647,0.07857987731695175,0.07578004673123359,0.20290654599666597
2020-09-03,0.03331721181912144,0.11972254067659378,0.05317504480481148,0.07150709107518197,0.028811168907850515,0.025655561882777532,0.06065272310697765,0.06110206281319961,0.07494146078824997,0.11328767836093903,0.08075890764594078,0.07467900291085243,0.20238950848579407
2020-09-04,0.022629540275556793,0.0780196689069271,0.03667693100869655,0.049969159066677094,0.01966968417109456,0.017264682439174096,0.03953830870377715,0.04294945641156574,0.05377569459378719,0.07704616114497184,0.05454087071120739,0.05143908374011517,0.4564807713031769
2020-09-08,0.022301082484045765,0.07706126943230629,0.034941811487078665,0.04690316766500473,0.01936826362289139,0.017686320098292897,0.03893280468146258,0.04236847737747666,0.05269093737006188,0.07670334801077842,0.05458992607891559,0.04923414848744869,0.46721842885017395
2020-09-09,0.02228696549573215,0.07323034480214119,0.035532446205616,0.04788812026381493,0.019562333849899007,0.016580650102780224,0.03729655507959251,0.042001490533505145,0.05384560152888298,0.07361723184585571,0.05453450717031956,0.04907030053436756,0.47455344200134275
2020-09-10,0.022428279981750166,0.0736703597009182,0.03547703102231026,0.04811268076300621,0.01920966908437549,0.017796387562116676,0.037971962011579305,0.04350695302999839,0.05348996184766293,0.07303834781050682,0.054488730430603025,0.0473890982568264,0.47342056035995483
2020-09-11,0.02289605753212527,0.07430467382073402,0.03512912951409817,0.047633031755685805,0.018852072289882928,0.017741629657425408,0.03735006791175692,0.04265712705580427,0.05484021082520485,0.07106461897492408,0.05629714615643024,0.046964864060282704,0.47426939010620117
2020-09-14,0.023104348044762447,0.07389840111136436,0.035547605529427526,0.047187202423810956,0.019899717078442337,0.01779932118616436,0.03795157598160585,0.04170724827608865,0.054271620139479636,0.0700043149292469,0.05659408718347549,0.04680059254169464,0.4752339839935303
2020-09-15,0.024095668991458298,0.07549507692456245,0.035748060792684555,0.0474044568836689,0.019795186231203844,0.01882525533996109,0.03582585045642191,0.04138880569365142,0.055169859901070595,0.06954069286584855,0.055837564170360565,0.04686879739165306,0.474004727602005
2020-09-16,0.02441996285483583,0.07561476230621338,0.035248595848679544,0.04685640707612038,0.01943860895880789,0.018427208148076347,0.03669139509929664,0.041530329428945835,0.05461976453661919,0.07041884586215019,0.05604280456900597,0.04599081054329872,0.4747004985809326
2020-09-17,0.025346785300052944,0.07749366909265518,0.036335361376404765,0.047805897891521454,0.019882751888144413,0.018878463301439295,0.03489017335887183,0.040328683575967264,0.05533598624169826,0.0690671369433403,0.05606896206736565,0.0458319004625082,0.47273423075675963
2020-09-18,0.02617461405598078,0.07817408293485642,0.03675234131515026,0.04664355292916298,0.02034278719474969,0.018536004158878506,0.036431751108466415,0.041746214415405804,0.054624366387724874,0.06739696860313416,0.05498826578259468,0.046000329032540324,0.4721887230873108
2020-09-21,0.027139479163543,0.08018774092197418,0.03726531341671944,0.04643250405788422,0.02100313419250597,0.018738720075893944,0.03508128065495839,0.041050246565112046,0.05529982857406139,0.06447797566652298,0.05687496438622475,0.04633455798029899,0.4701142370700836
2020-09-22,0.027615512807824417,0.07876807004213333,0.036814458295702936,0.04615527540445328,0.02104252832905331,0.01685387067290378,0.03373768515793927,0.03873106280820195,0.05585502050817013,0.06555503830313683,0.05693458765745163,0.04587130695581436,0.4760655701160431
2020-09-23,0.028621354951110334,0.07936367839574814,0.03729925528168678,0.0463158942759037,0.0215265120506956,0.01754204524177716,0.030883716650714634,0.037355071181514175,0.055785296484827995,0.06573844179511071,0.056300919502973557,0.04778224490582943,0.4754855871200562
2020-09-24,0.02842620396872917,0.0774254273623228,0.0373360775411129,0.04744974672794342,0.021057800975904685,0.016668574775432887,0.03000318647191307,0.037681205148362554,0.05676587745547294,0.06682153642177582,0.057384049892425536,0.047575187683105466,0.4754051148891449
2020-09-25,0.028495220017020984,0.07661267705261707,0.037494565919041635,0.047196298092603686,0.020593337897298624,0.01762863206630936,0.02726002700292156,0.037190503707591915,0.05608601570129394,0.06685220152139663,0.05996525660157204,0.04777899868786335,0.47684626579284667
2020-09-28,0.02910405835118581,0.07668817564845085,0.03842659592628479,0.046157773584127426,0.020448186497014832,0.018125670606941747,0.024071852977613162,0.038089866127529605,0.05687122493982315,0.06839208006858825,0.058810173720121386,0.048878992721438405,0.4759353458881378
2020-09-29,0.029760427295423143,0.07792973816394806,0.03923163563013077,0.046075955778360364,0.020181431849414365,0.0187528039156998,0.021647936074805328,0.037305035594334866,0.05732080675661564,0.06837344393134118,0.058798791468143465,0.05015176199376583,0.47447024583816527
2020-09-30,0.03023745632654027,0.07793774791061878,0.03934437297284603,0.045088726282119754,0.01974693657903117,0.01998234629360649,0.01931702092733758,0.03685515593175239,0.056968427076935765,0.06839958801865578,0.0594211608171463,0.05043864846229553,0.47626240849494933
2020-10-01,0.03129432250352693,0.07846347317099571,0.03966265618801117,0.044492132216691974,0.01882544743893959,0.02011283474137837,0.019042362269465228,0.03608661500723827,0.05658509507775307,0.0700649455189705,0.05819992423057556,0.05192968249320984,0.47524049282073977
2020-10-02,0.03174858780030263,0.07762269638478755,0.04078606180846691,0.045513049513101575,0.017322517045613495,0.019991320414955105,0.01729513097634481,0.034586979549490596,0.05590611919760704,0.07028565555810928,0.06044387891888618,0.05346061959862709,0.47503737807273866
2020-10-05,0.032618632404864914,0.07775687389075756,0.041446865722537043,0.045104429870843885,0.016735005049122266,0.019833768467465162,0.017416146861251036,0.033092822020705626,0.05506931021809578,0.07086793556809426,0.06156300753355026,0.05343163497745991,0.4750635802745819
2020-10-06,0.03317032689392363,0.07711687535047532,0.041792283207178114,0.043862609565258025,0.016172954955982276,0.020672492727976353,0.017302632110659032,0.03431900618164434,0.05511808730661869,0.07087535709142685,0.061353108286857604,0.0533748771995306,0.4748694121837616
2020-10-07,0.033662258866115735,0.07803475745022297,0.04058414287865162,0.04449312016367912,0.0169466501180068,0.019483151833896352,0.0175945081293321,0.03310568569410464,0.054672443121671674,0.07260678187012673,0.06200316622853279,0.052395866438746455,0.47441746592521666
2020-10-08,0.03326788536960521,0.07797827683389187,0.040848123282194136,0.045124854892492294,0.016563001437680212,0.02091158821316874,0.01905075464037509,0.03215236258410244,0.054064581915736196,0.07157517299056053,0.06301643326878548,0.05236560925841331,0.4730813682079315
2020-10-09,0.034829741085536624,0.07997947447001934,0.04041612558066845,0.04578310176730156,0.016157852316609933,0.021003351864555774,0.01981278612420283,0.03117706068576922,0.053118292987346646,0.0730636939406395,0.0638069674372673,0.05204515270888806,0.46880640387535094
2020-10-12,0.03630161091359696,0.0835788905620575,0.04240927398204804,0.046136943995952605,0.016369648115869495,0.020844376961254518,0.021514220766039215,0.03140343876870873,0.056134268268942834,0.07668485641479492,0.06711029261350632,0.05479222908616066,0.4467199444770813
2020-10-13,0.040899330584443304,0.09338879473507404,0.04678385891020298,0.05028363093733788,0.01769333574484335,0.023476080791187924,0.024503964250470744,0.033998782568315275,0.059620069712400435,0.0846940591931343,0.07585666552186013,0.059783899784088136,0.3890175461769104
2020-10-14,0.04529613798858918,0.10110345780849457,0.053085581958293916,0.05670319050550461,0.0193985688905741,0.024058725652728263,0.028241567913755716,0.03579909620132753,0.06785976141691208,0.09689083471894264,0.08292286619544029,0.0672562476247549,0.32138397097587584
2020-10-15,0.051220753677353056,0.1152185894548893,0.0598320223391056,0.06046398058533668,0.02156151623439655,0.027149792966465823,0.030070786382020744,0.038195968997300156,0.07530116736888885,0.10527047887444496,0.0949821874499321,0.07659158743917942,0.2441411793231964
2020-10-16,0.0527173243226116,0.1211465373635292,0.06205782741308212,0.06418316066265106,0.021397113980583526,0.028577216948977656,0.03264441973497014,0.03904338143416908,0.07950249239802361,0.11145132556557655,0.09598554223775864,0.08094580881297589,0.21034786105155945
2020-10-19,0.05354761120215699,0.12469635009765626,0.062231897562742236,0.06438525840640068,0.020876507081356976,0.029670458212862273,0.031042713820716016,0.03931828988773134,0.08105662986636161,0.11307770237326623,0.09299474060535431,0.08297091498970985,0.2041309058666229
2020-10-20,0.05376301919886828,0.1261756144464016,0.06303870677947998,0.06626450791954994,0.021189056711409648,0.029150857358535377,0.030239471571076138,0.03896446350845224,0.08208378106355667,0.10987145304679871,0.08989071995019912,0.08340254575014114,0.20596579909324647
2020-10-21,0.05365755603884281,0.12665108889341353,0.06277931854128838,0.06509900391101837,0.02083762285519697,0.030455202263652302,0.030483001521861296,0.03988424917180851,0.08123893886804581,0.10961728543043137,0.09064825996756554,0.0846753679215908,0.203973126411438
2020-10-22,0.055096172654293694,0.12817552015185357,0.06379637345671654,0.06381849646568298,0.019826710097549948,0.030914494477359965,0.030794131114271296,0.03959915100940918,0.08081782311201095,0.10769117772579193,0.0903013065457344,0.08563592173159122,0.2035326987504959
2020-10-23,0.05618318218284912,0.12813715934753417,0.06367164999246597,0.06193990260362625,0.018727224414215017,0.03091924029107247,0.031976185524035826,0.04037486426882424,0.07886537089943886,0.11267059072852134,0.08865287452936173,0.08467117361724377,0.20321050882339478
2020-10-26,0.05659919468519092,0.12631215751171113,0.06415141373872757,0.06169445589184761,0.017750132821220177,0.0300611809879447,0.032535538126830944,0.03974476936837732,0.07885965704917908,0.11377037465572357,0.08982035592198372,0.08584882132709026,0.20285196900367736
2020-10-27,0.056154284294552784,0.12625139057636262,0.06447495184838772,0.0626030683517456,0.017587983706152954,0.02822314829037147,0.03424986438694759,0.03804048190014555,0.08027288988232613,0.1094961367547512,0.08912571519613266,0.0859877411276102,0.20753235518932342
2020-10-28,0.055540736287389335,0.1262124739587307,0.06509835496544839,0.063486597687006,0.017477338864637204,0.029019535604284385,0.035139597338275055,0.03775581465920084,0.07932605743408203,0.10784546360373497,0.09070800468325615,0.08840767480432987,0.20398239195346832
2020-10-29,0.035982098343151844,0.08020185008645057,0.042302852496504784,0.042255456745624545,0.011478231538922046,0.017506714048924545,0.02390553764980723,0.025930643593665082,0.05385073572397232,0.07211717963218689,0.060263200849294665,0.057711560279130936,0.47649394273757933
2020-10-30,0.036255324537251,0.07923902980983258,0.04176544733345509,0.04201710745692253,0.011139479627536275,0.01869625616276558,0.023800636982377908,0.026354257156209825,0.05331068225204945,0.07169570028781891,0.05977342277765274,0.05901531800627709,0.476937335729599
2020-11-02,0.03640490487998704,0.07779893241822719,0.041549158096313474,0.04269141927361488,0.011344893776299613,0.018531527133331414,0.02349974193584785,0.027324497142767256,0.05307193696498871,0.07158029079437256,0.061323519051074984,0.05836844854056835,0.4765107333660126
2020-11-03,0.0364815009070071,0.07679777629673482,0.041192442178726196,0.04322095885872841,0.011450513253817008,0.01940990731897436,0.0239311637926221,0.027875038975915346,0.05225513800978661,0.07145042642951012,0.06358331814408302,0.05723573341965675,0.47511606812477114
2020-11-04,0.03656517010790594,0.07765252701938152,0.04064853340387344,0.04298710525035858,0.011320259214403449,0.02043543109987649,0.024508842568866384,0.028964564363569423,0.05146459564566612,0.07106763869524002,0.06292174458503723,0.05640994943678379,0.4750536382198334
2020-11-05,0.03705474805649374,0.0784856654703617,0.04037102349102497,0.04275583252310753,0.011597759078529179,0.019792045577103144,0.025729604398657104,0.028875257689102797,0.05155651830136776,0.06933114826679229,0.06280475482344627,0.05605536587536335,0.47559027671813964
2020-11-06,0.037355528942771346,0.07823984026908874,0.040433214977383614,0.04326833039522171,0.0116275343182906,0.020360936316835953,0.026016400775915827,0.02932521260689498,0.051400026679039,0.06978726983070374,0.06182809770107269,0.056204524263739584,0.474153071641922
2020-11-09,0.03648802397356121,0.07629237584769726,0.040591441094875336,0.043104889988899234,0.01150991367107963,0.01959403875110528,0.027118091185184313,0.029477887838224602,0.052451752871274945,0.06841359958052635,0.060543221235275266,0.058191942423582076,0.476222825050354
2020-11-10,0.03612353704586439,0.07559666000306606,0.040645431354641916,0.044233113527297974,0.012258965244723186,0.019804078872231835,0.02711277803791745,0.03057814866124886,0.05161819644272327,0.06717888787388801,0.061247379332780835,0.058304033055901525,0.47529877424240113
2020-11-11,0.034966770105540945,0.0757190503180027,0.03987278826534748,0.04354543685913086,0.012570651637361152,0.01925003645165635,0.029459056415726083,0.03178775278533976,0.05219241976737976,0.06623107418417931,0.06118878349661827,0.057391807064414026,0.47582436800003053
2020-11-12,0.03484583149222544,0.07720407992601394,0.03887425251305103,0.04303531348705292,0.012560002221789546,0.020177973266834393,0.03183719198386825,0.033324248882627215,0.05061187967658043,0.06829958148300648,0.058638686686754225,0.05516756847500801,0.4754233717918396
2020-11-13,0.03454507642893532,0.07722455784678459,0.03871375322341919,0.04375730901956558,0.0129326180667249,0.01929591764070171,0.034031917314132444,0.033686063377653855,0.05185242369771004,0.06703439354896545,0.05773868411779404,0.0555868960916996,0.47360036373138426
2020-11-16,0.03396199054996032,0.0749174002557993,0.03936846293509007,0.04497548118233681,0.013144581993850579,0.018888761660962494,0.03430159757845104,0.03273953193789225,0.05096675679087639,0.06631612777709961,0.059187186509370805,0.05530591569840908,0.4759262204170227
2020-11-17,0.033895694891702986,0.07459981888532638,0.03922701589763165,0.0455904871225357,0.01315812283353921,0.019093167420524183,0.03440881374790479,0.03345054664422662,0.05224284008145332,0.06603506170213222,0.0594825267791748,0.0547450378537178,0.47407087683677673
2020-11-18,0.035117795245685104,0.07776998467743397,0.03986014388501644,0.04639802873134613,0.01328738911174696,0.019525917322062193,0.036761312917224134,0.03456162291149809,0.05350591950118542,0.06840483024716378,0.06044628545641899,0.055200277268886565,0.45916047096252444
2020-11-19,0.03596446000660762,0.07867777124047279,0.04058539755642414,0.046277981624007224,0.013414350132910613,0.019294360134833786,0.038938628196865464,0.03503299136917235,0.054563438147306444,0.0708513930439949,0.05986947119235993,0.05642831288278103,0.4501014530658722
2020-11-20,0.03983058113419702,0.08877316452562808,0.04528129659593105,0.05140291675925255,0.014784141170184738,0.022185839923326255,0.045114873450620506,0.039566255474626645,0.06026652380824089,0.08094508573412895,0.06404278054833412,0.062452716380357744,0.3853538274765015
2020-11-23,0.04892933293949682,0.10765704736113549,0.05581539794802666,0.06061193011701107,0.0185957329969483,0.026479638631544233,0.05257752043144137,0.04713529268110221,0.07270142510533333,0.09512125924229622,0.07452687844634057,0.07613070607185364,0.2637178122997284
2020-11-24,0.05304356880562864,0.11424006819725037,0.06133027635514736,0.06461902633309365,0.019872806367072827,0.027328030426525273,0.055077126195646996,0.04990867664836855,0.07631783708930015,0.10646292194724083,0.07790851518511772,0.08146179988980293,0.21242936253547667
2020-11-25,0.053793972014500466,0.11376436576247215,0.06244869530200958,0.06566962040960789,0.019230440203745047,0.026652902456975623,0.054811055117897925,0.051180310798685014,0.07850001826882362,0.10993255451321601,0.0780595600605011,0.08109553307294845,0.20486097335815429
2020-11-27,0.05214929904739165,0.11448548808693886,0.06259980127215385,0.0653623141348362,0.018650293972240207,0.026972938163858196,0.05656457597433473,0.0520550586716297,0.07651251032948495,0.11375624537467957,0.07765555381774902,0.08038080632686614,0.2028551071882248
2020-11-30,0.05117993142416708,0.11510648280382156,0.06315572150051593,0.06488150916993618,0.018023625497036733,0.026558695084399987,0.05878433816214965,0.05214462413147203,0.07308748438954353,0.11838028430938721,0.07695199251174926,0.07921731770038605,0.2025280177593231
2020-12-01,0.05063906101718203,0.11275964602828026,0.06510565057396889,0.06675572656095027,0.017983135472096023,0.025247741918860634,0.06040389914433035,0.051201911485109976,0.0714815154671669,0.11550493538379669,0.07705421820282936,0.07980291470885277,0.20605961382389068
2020-12-02,0.05032308588333763,0.1115095555782318,0.06613267324864865,0.06708167009055614,0.01752491409781385,0.02619365246744767,0.060642939959871,0.05269567862484905,0.07011923044919968,0.11492107585072517,0.07650256380438805,0.0812690868973732,0.20508385300636292
2020-12-03,0.048453870699654546,0.10862744450569153,0.06833938509225845,0.0700332298874855,0.019091236056866023,0.02593333575108847,0.06076629100880382,0.0541142171889021,0.06733746826648712,0.11599205508828163,0.07653251588344574,0.08195904567837715,0.20281991958618165
2020-12-04,0.04665029138072896,0.1072636067867279,0.06811198815703393,0.07044683322310448,0.020043786297290467,0.026736060484527435,0.06486274259241327,0.05586706887361572,0.06518411859869958,0.11669847592711449,0.07626579143106937,0.07927281111478805,0.20259641706943513
2020-12-07,0.04501205189671964,0.10385276675224304,0.06852466128766536,0.07007507458329201,0.020296903166541824,0.027654331128513832,0.0664884014036943,0.059177975029467686,0.06299200877547265,0.12033448815345764,0.07464895024895668,0.07870441377162933,0.20223796367645264
2020-12-08,0.043732385211160366,0.10129473805427551,0.06795689463615417,0.0715208075940609,0.02100477217288983,0.026410414078516277,0.0693871956471412,0.058474863426300774,0.06102310381829738,0.12432038336992264,0.07332732565701008,0.07938938811421395,0.20215771794319154
2020-12-09,0.04168572559847235,0.09921241402626038,0.06789664253592491,0.0703443169593811,0.021083924909044073,0.02733266870368265,0.07375621430255705,0.062128371685125215,0.05966448709368706,0.12459163963794709,0.07261480204761028,0.07770844176411629,0.20198034644126892
2020-12-10,0.04244319608005753,0.10062610059976577,0.06732545681297779,0.06992424540221691,0.020827691834006144,0.025357468389860926,0.07471463982546993,0.06273814452187736,0.0583129096776247,0.12686484307050705,0.0694531999528408,0.07761851847171783,0.20379355549812317
2020-12-11,0.0408204262295385,0.09988310784101487,0.06885245069861412,0.07179755754768849,0.022096339762290994,0.02514895554920322,0.0760942203205559,0.06205486264237692,0.05618274882435799,0.12753314077854155,0.06898148879408836,0.0785134807229042,0.2020412117242813
2020-12-14,0.04110464551938549,0.10264490395784379,0.06788207888603211,0.06943149529397488,0.0216817168946676,0.026142120261716962,0.07646751564607257,0.06332794274792378,0.054985763505101204,0.13072429299354554,0.06706742309033871,0.0763521671295166,0.20218794643878937
2020-12-15,0.041907106399912665,0.10366284474730492,0.06714280992746353,0.06689350157976151,0.021248154640844064,0.026615298339432946,0.07638689772611543,0.06430424714544784,0.05428834445774555,0.13188958913087845,0.06696141548454762,0.07641871497035027,0.2022810995578766
2020-12-16,0.04272404275029658,0.10581142082810402,0.06826327890157699,0.06529774293303489,0.021356931580501736,0.026342346598707423,0.07211243994315737,0.0643831491576421,0.05316589176654816,0.1323949784040451,0.06806506104767322,0.07617240101099014,0.20391034185886384
2020-12-17,0.04226686505735415,0.10464388057589531,0.06805124580860138,0.06482918187975883,0.022399286142126586,0.02626439484911778,0.07478872270876309,0.06626426774183329,0.052920082956552504,0.13221955299377441,0.06749385427683592,0.07605235651135445,0.20180631577968597
2020-12-18,0.041948562465290704,0.10523975118994713,0.06843527592718601,0.06392252072691917,0.02239331153905937,0.026770221556617634,0.07517723409482642,0.06537984002028593,0.05204381905496121,0.1331417977809906,0.0681710559874773,0.07566079013049602,0.2017158031463623
2020-12-21,0.04239814951638436,0.10528919100761414,0.07013358436524868,0.06286771520972252,0.02233674213159702,0.025709553129133235,0.07480236698220324,0.06438187183050274,0.05180351547896862,0.1311095893383026,0.06820116620510816,0.07894334346055984,0.2020232141017914
2020-12-22,0.04258122353137424,0.10644928887486457,0.07043207064270973,0.06388720013201236,0.021762638225887088,0.024901291708312633,0.07260181321180426,0.0633696961075529,0.05308233015239239,0.13286748379468918,0.06792835965752601,0.07776238322257996,0.20237424075603486
2020-12-23,0.04154390316801937,0.10461620688438415,0.07076185159385204,0.06235928162932396,0.02102032453178424,0.024638610686464623,0.07241907914285547,0.062432641770629974,0.05139357484877109,0.1360417738556862,0.06885459925979376,0.08158346638083458,0.20233469903469087
2020-12-24,0.040501109540753075,0.10475905984640121,0.07086130566895008,0.06479532346129417,0.0222188915362878,0.025079375927980506,0.07055524933412016,0.059418158501531336,0.052118776366114616,0.13370882719755173,0.07020189706236124,0.08401264324784279,0.20176937580108642
2020-12-28,0.04035542025418408,0.10355023965239525,0.06967313680797815,0.06398322097957135,0.02324543879073957,0.02545937615115541,0.06811622315253771,0.05747519388686513,0.05196646675467491,0.13603369742631913,0.07223046533763408,0.0864278070628643,0.20148333311080932
2020-12-29,0.04019405835036878,0.10576343536376953,0.06962710898369551,0.062847600877285,0.023311260738434213,0.02602417119134781,0.06620143268946777,0.05549893375851056,0.051680044084787366,0.13829988986253738,0.07136084102094173,0.08775604516267776,0.2014351725578308
2020-12-30,0.03905854363384833,0.10436378419399261,0.07218334339559078,0.06303932145237923,0.023730312655654017,0.0260084172121104,0.06563471691524683,0.053576995078164914,0.05281257331371307,0.13626395165920258,0.07048879601061345,0.09150407277047634,0.2013351172208786
2020-12-31,0.038230433747139615,0.10296278223395347,0.07332906685769558,0.06275175586342811,0.023631046912178988,0.026193334876782083,0.0652507020061421,0.0517535412362065,0.052845793589949605,0.13686248511075974,0.07171387877315283,0.09275910556316376,0.20171608328819274
2021-01-04,0.03768508101967427,0.10153400748968125,0.07759549729526043,0.06393548324704171,0.02274307595784819,0.02607617493822918,0.06281615830421287,0.049818847197336424,0.052654818445444104,0.13398058712482452,0.070147386752069,0.09901327826082706,0.2019996464252472
2021-01-05,0.039188395215205674,0.10502654686570168,0.0779556691646576,0.06450746133923531,0.02338936053083529,0.025057511751016826,0.057970658739759526,0.05184533117752963,0.053010450303554536,0.13288647085428237,0.06900192312896251,0.09754179529845715,0.20261840522289276
2021-01-06,0.039603689025034326,0.10424393191933631,0.07710074670612813,0.0645933873951435,0.023595723382508992,0.025156975339240616,0.05727292588308046,0.054368155831163986,0.05192759223282337,0.13249379694461821,0.07057166788727046,0.09645006880164146,0.20262135267257692
2021-01-07,0.04055885620057324,0.10700156986713409,0.07693255245685578,0.0617022380232811,0.023067765273633255,0.025603236286673336,0.05674320795114909,0.05595292239062601,0.050275804847478865,0.13318187445402146,0.06925016473978758,0.09757633730769158,0.20215347707271575
2021-01-08,0.041138608664346064,0.10868900641798973,0.07677178978919982,0.060178526863455775,0.022368324936029183,0.026147442659749488,0.05663900805921003,0.05727760226088918,0.0488001998513937,0.13066700249910354,0.06888521742075682,0.10064910165965557,0.20178818702697754
2021-01-11,0.0411413980257521,0.11083134934306145,0.07488729245960712,0.05868504047393799,0.022524755274099563,0.026200703908685518,0.05703205273989624,0.05966411968979557,0.04712112732231617,0.1313197672367096,0.0696152126416564,0.09884329177439213,0.20213386714458464
2021-01-12,0.040131358000292036,0.11253952905535698,0.07695997431874275,0.05943293459713459,0.0226665489115085,0.02553369156724834,0.05770461270467422,0.05995319410820912,0.048832216486334803,0.12630116939544678,0.06967205330729484,0.09730496779084205,0.20296772718429565
2021-01-13,0.03743990865958722,0.11187340244650841,0.07939861007034779,0.058294627070426944,0.022340136905325637,0.025239002436663327,0.058768352916285946,0.05960499688176313,0.04741339311003685,0.13196555078029631,0.06996195260435342,0.09525729604065418,0.20244274735450746
2021-01-14,0.03614608671081214,0.11551607847213745,0.07793114595115185,0.05966711938381195,0.023182054653302232,0.025258159003703717,0.05767261132345993,0.058632438121979644,0.048755015805363656,0.13046550154685974,0.07022042647004127,0.09452934227883816,0.20202403664588928
2021-01-15,0.035834745813644986,0.11710768714547157,0.07765307016670704,0.058247652277350424,0.02399415078911744,0.02484340764347106,0.05713613754369362,0.059314255024829524,0.048431072384119034,0.12793099582195283,0.07023435719311237,0.09704392813146115,0.20222851634025574
2021-01-19,0.03605515525157443,0.11736569479107857,0.0792813640087843,0.05882604382932186,0.024013807508003637,0.024040942027704126,0.05582256373859309,0.05848269277461924,0.04800056777894497,0.13053746819496154,0.07135227173566819,0.09404365494847297,0.2021777629852295
2021-01-20,0.034808320545437255,0.1187097266316414,0.07935850881040096,0.05726074576377869,0.023658407224517574,0.02507552117630176,0.05802675485397231,0.06094337235913656,0.047468021512031555,0.13194109499454498,0.07126701138913631,0.08935337290167808,0.20212910771369935
2021-01-21,0.034461670753125874,0.11886266022920608,0.08103786446154118,0.05864390879869461,0.024002399587158153,0.02501157184111715,0.056605585777333545,0.0618616379151085,0.045382479578256606,0.13343095779418945,0.07190163861960172,0.08521595969796181,0.20358163714408875
2021-01-22,0.03339429909254932,0.11833302229642868,0.08236729241907596,0.05788135603070259,0.024240076634831454,0.02475563439801718,0.05684030869911112,0.06309111011944779,0.044403376057744026,0.13490319848060608,0.0714451964944601,0.08614444993436336,0.20220069885253905
2021-01-25,0.03335774967547991,0.11841994524002075,0.08149536922574044,0.05730875134468079,0.024320709315022525,0.024682026365055697,0.05518804674475177,0.06425416021960864,0.046424148976802825,0.13598608672618867,0.07232096921652556,0.0842096146196127,0.20203241407871247
2021-01-26,0.03177600611495564,0.12028196081519127,0.08268603794276715,0.05702326782047749,0.024360919054687357,0.025299901088188824,0.0575205009205547,0.0663961484775136,0.04574364200234413,0.13378828316926955,0.07136632930487394,0.08166304714977742,0.2020939588546753
2021-01-27,0.031122679526129106,0.12177321836352348,0.08122443929314613,0.055459797754883765,0.025059195013103164,0.02621454889821493,0.05651428663963998,0.06617790420021094,0.0453957412391901,0.13600543290376663,0.07315654028207064,0.07973513677716255,0.20216108858585358
2021-01-28,0.029929523924982958,0.11488538309931755,0.07678674794733524,0.05366191975772381,0.023196845046672365,0.023908565654673808,0.052978715301014744,0.06301053964009781,0.04259698409587145,0.12934334129095076,0.06770617309957742,0.07522426210343838,0.2467710256576538
2021-01-29,0.03170744176179596,0.11989875212311744,0.08141695484519004,0.05674147717654705,0.024584656228064362,0.02626560806282576,0.05367042788275285,0.06652073929215589,0.04582130331546068,0.13467826694250107,0.07011247742921115,0.07686402462422848,0.21171784698963164
2021-02-01,0.03140730905042801,0.11615684330463409,0.07829680852591991,0.05589545071125031,0.02343477656140607,0.024573497451882708,0.04992964858547566,0.06272008722557416,0.044295838288962844,0.12323312610387802,0.06632868703454733,0.07487824857234955,0.24884968996047974
2021-02-02,0.023291726668384173,0.08392356932163239,0.05525898113846779,0.040041090734302995,0.016872417432042396,0.01891151085691014,0.0339439964733856,0.044370740856293625,0.03157898243516684,0.08828896656632423,0.048362329602241516,0.05376888699829578,0.4613867700099945
2021-02-03,0.02418122696489604,0.08426720649003983,0.05332459844648838,0.039589158818125726,0.0172895896983535,0.01880369104244295,0.03293845516436704,0.04450756318338733,0.03073335513472557,0.0894154205918312,0.04747648360207677,0.0530537735670805,0.46441948413848877
2021-02-04,0.025631887068936977,0.08718868866562843,0.0533087644726038,0.041582392156124116,0.018406777570540454,0.019237662053964044,0.034409581394584166,0.045824260999847155,0.031113862805068494,0.09139488190412522,0.05071738194674254,0.053270398452877996,0.4479134678840637
2021-02-05,0.02928191949231973,0.09461643919348717,0.056965519487857816,0.043996266648173334,0.020202271233366355,0.0208304637238367,0.037076899575936295,0.0494249223714176,0.032645552232861516,0.10378664955496789,0.05565736703574657,0.05781220942735672,0.3977035045623779
2021-02-08,0.0337859132909216,0.1097242809832096,0.0657735288143158,0.05071715340018272,0.02440246555819634,0.02404373463213112,0.04434394817994871,0.05782963965182795,0.03694101311266422,0.11850376352667809,0.06343990294262766,0.06639723032712937,0.304097455739975
2021-02-09,0.03621330138610688,0.11454533338546753,0.06886336952447891,0.053688324987888336,0.025916727002676155,0.02420356960296477,0.04587309002240545,0.058738150595322836,0.036706729978322986,0.12702999413013458,0.06531893536448478,0.0683898750692606,0.2745125651359558
2021-02-10,0.038810441280071474,0.12188720628619194,0.07332039549946785,0.05729748457670212,0.028069461019941854,0.025947865441008845,0.05194847778270741,0.06477091340152015,0.03915734626352787,0.13661164045333862,0.07271246667951345,0.07250128164887429,0.2169650375843048
2021-02-11,0.04059326826565553,0.12420900166034698,0.07529815696179867,0.05915407724678516,0.029241174923392066,0.026643461166030846,0.0524652522548422,0.06390997932737932,0.03908799588680267,0.13922106623649597,0.07368638087064028,0.07250914089381695,0.20398105978965758
2021-02-12,0.04034764443998142,0.12274512872099877,0.07654878124594688,0.057187226787209514,0.028486077481034044,0.026239615878712284,0.05410564008850542,0.06570247713030675,0.03874340746551752,0.1437065914273262,0.07262995261698961,0.07064149975776672,0.20291594862937928
2021-02-16,0.0412971782328043,0.12150750160217286,0.07878515794873238,0.05694390460848808,0.028320705846883953,0.027362404833483643,0.05424884670539996,0.06650385726070525,0.0382688170298934,0.14302159994840621,0.07284840270876884,0.06830864623188973,0.20258298516273499
2021-02-17,0.03996517191473288,0.11711150407791138,0.07822980172932148,0.05432561151683331,0.02780939688711186,0.028562788314050458,0.05634276008740926,0.06946071863843457,0.037248471193015574,0.14867687076330185,0.07221573516726494,0.06709328852593899,0.20295786261558532
2021-02-18,0.04059086244961918,0.11757785677909852,0.0788580272346735,0.05460611805319786,0.02757560043601117,0.028053839139847804,0.058405895809596584,0.06935276243984419,0.036162431724369525,0.15068477690219878,0.071497767791152,0.06402189321815968,0.2026121586561203
2021-02-19,0.04076755418184348,0.11732580289244651,0.07945275381207466,0.053290265053510665,0.027724303296649922,0.02866415476039972,0.062317074286829664,0.07401767375197395,0.035859661921858785,0.1531853511929512,0.07192075727507471,0.06392977461218834,0.19154490232467652
2021-02-22,0.03905649827696607,0.11475862860679627,0.07867898605763912,0.051922908052802086,0.025579685762445868,0.029030301623700617,0.062858892026793,0.07539290211107534,0.034783183969557284,0.15175514966249465,0.07287954706698656,0.06041445769369602,0.2028888374567032
2021-02-23,0.039808297733171114,0.1158618986606598,0.08147768639028072,0.051007171347737315,0.02488861076012334,0.027602236303328097,0.06303372121396933,0.07689903097865383,0.035172435082495214,0.14812714606523514,0.07466165092773736,0.058643049001693724,0.20281708240509033
2021-02-24,0.03909346214199729,0.11414789110422134,0.08095236346125603,0.04916758574545384,0.024084448651311697,0.02786415143238887,0.06538024144931569,0.08123853368339873,0.034231264516711234,0.1486266776919365,0.07630336130969226,0.05609591044485569,0.2028140902519226
2021-02-25,0.040440755807532015,0.11776750162243843,0.08008756935596466,0.04746873751282692,0.02576631747721798,0.026742118905488433,0.0663307249499212,0.08359141492890654,0.03414892926812172,0.14413932859897613,0.07796938954852521,0.05325542502105236,0.2022917926311493
2021-02-26,0.02711811688697736,0.07565229758620262,0.05122204087674618,0.03210419695824385,0.017022277659556374,0.017722105099009157,0.04402472501851662,0.05522519545872893,0.023625202290713788,0.09466307908296585,0.0504117815522477,0.03552508689463139,0.4756838917732239
2021-03-01,0.02687742424378854,0.07366111055016518,0.04972144365310669,0.032785309478640556,0.01699644887933278,0.01748776332401363,0.044910039104252064,0.0549112770830984,0.02321774382144213,0.0953933134675026,0.051517247408628467,0.03623837679624557,0.47628251314163206
2021-03-02,0.027774689281710608,0.07365025766193867,0.05020497366786003,0.03383367229253054,0.01742083936958814,0.01803361899985596,0.04332701304767852,0.054367526394915974,0.024241458252072336,0.0951938010752201,0.050541445054113864,0.03748701773583889,0.47392367720603945
2021-03-03,0.02834664762834791,0.07347744032740593,0.049307581782341,0.034624036587774756,0.017450448933302453,0.01698106021869119,0.04190720683106974,0.05328088513932912,0.02527797529473901,0.09529216960072517,0.05134633942507207,0.038051037862896916,0.47465715408325193
2021-03-04,0.02888313103783844,0.07271207198500633,0.048189593479037285,0.03409173097461462,0.01734327081600213,0.017096294300020354,0.042451190116889845,0.05454205037376827,0.025870871730148792,0.09387580454349517,0.05253115273080766,0.036797482147812845,0.4756153643131256
2021-03-05,0.029622150809103687,0.07361874356865883,0.047710967063903806,0.03395493049174547,0.0175123737998641,0.017572136337572354,0.04401062964773246,0.055590121467128564,0.02684030057862401,0.09107146114110946,0.05099580362439156,0.03687109723687172,0.4746292531490326
2021-03-08,0.03057929439977016,0.07496128492057323,0.04775957800447941,0.033450149931013584,0.01695325937461458,0.017149162902576443,0.0440459158755175,0.0566847270656579,0.026821739878505467,0.09030841067433357,0.051196726085618136,0.035657649487257005,0.47443207502365115
2021-03-09,0.031680129463109094,0.07391452081501484,0.04915377795696259,0.03302600309252739,0.01640882032879052,0.017230221735210095,0.043835516079332136,0.056980359472580844,0.028324253298342227,0.08905037865042686,0.0504862159024924,0.03549610525369644,0.47441368699073794
2021-03-10,0.031890426626374334,0.07302101515233517,0.04985930286347866,0.0338985376060009,0.016475002485385914,0.01721314554895912,0.044181355211412664,0.056187489391432165,0.028605695813894272,0.08846947625279426,0.050167601881548764,0.035826385766267774,0.47420457005500793
2021-03-11,0.0319859601990629,0.0730137761682272,0.047697704285383224,0.03361759390681982,0.01673381533088758,0.016758078720045512,0.04331553503704981,0.05614344292674502,0.02956486288458109,0.08952668085694312,0.05175461545586586,0.03511066734790802,0.47477729320526124
2021-03-12,0.03251529940578024,0.07247604764997959,0.048457997292280196,0.033166217245161535,0.017109029229539986,0.016564857137839617,0.043597355425720255,0.05554605092664424,0.030068326741456985,0.0871422104537487,0.054262548126280306,0.03427339233458042,0.4748206615447998
2021-03-15,0.03233729754229699,0.07409848012030125,0.0489874329417944,0.032055004686117175,0.017115672307423148,0.018215980957469215,0.04288782860618312,0.0567492938851986,0.03069329746067524,0.08483961597084999,0.05284511260688305,0.033968616276979446,0.47520636916160586
2021-03-16,0.03272249637044382,0.07416482754051686,0.04863136634230614,0.03157084938138723,0.017059403853766676,0.017871604525820928,0.0435424600319152,0.0564842266894706,0.0312947366386652,0.08528817892074585,0.050913077569566666,0.033206913620233536,0.4772498607635498
2021-03-17,0.03203615377730244,0.07420184276998043,0.048141055181622504,0.030963235534727573,0.018134905393073098,0.018107233922037124,0.04478208413208904,0.05747135929577123,0.03173587545752525,0.0857172466814518,0.0515692695742473,0.03266056496649981,0.47447919845581055
2021-03-18,0.0316727526516317,0.07538914307951927,0.04865935854613781,0.030167729035019873,0.019586119153977323,0.01828935499520199,0.04674740530390409,0.05803767930222623,0.032457920536398885,0.08499621152877808,0.05302693645935506,0.032125134393572806,0.4688442587852478
2021-03-19,0.03191290496269232,0.07378022111952305,0.04793795086443424,0.029912590235471725,0.020317260313000317,0.017157210170868353,0.04706535027954715,0.058808656448959516,0.03404944855719805,0.08177202641963958,0.05101718152873218,0.032778815180063245,0.47349037528038024
2021-03-22,0.031263430720734675,0.07348202504217624,0.04673422202467918,0.028653376922011375,0.020548347102904783,0.01717718786003708,0.04828287006812389,0.058535248435164,0.0340804198756814,0.08036302775144577,0.05087464947719127,0.03363701608031988,0.4763681650161743
2021-03-23,0.032198011586265805,0.07382611371576786,0.04756172709167004,0.028525125235319138,0.0204790670386938,0.01686617839304212,0.04784797598026671,0.05787832546962335,0.03518151678144932,0.07755600959062577,0.052069456898607314,0.034059920161962506,0.4759505748748779
2021-03-24,0.03296037006583248,0.07379962652921676,0.04665101505815983,0.02941060224547982,0.020141359520877346,0.01608603231688619,0.048513707112942936,0.0576868396300803,0.03522476777434349,0.07698421478271485,0.05295982006937265,0.034742623753845694,0.47483900785446165
2021-03-25,0.03325113652133212,0.07532152496278285,0.04617548100650311,0.028940712101757526,0.019709903170033627,0.016393485580638155,0.04899161300077139,0.05783153595995927,0.03611762523651123,0.07543943971395492,0.05263139014132321,0.03422274459153414,0.4749734103679657
2021-03-26,0.034359003896796025,0.07437390089035034,0.04835981763899326,0.03004505131393671,0.020541501023058472,0.01647207735470744,0.0479848682810939,0.05698002315704294,0.03596588708460331,0.07481036558747292,0.054362692032009365,0.0333177724853158,0.47242704033851624
2021-03-29,0.03429368951093466,0.0755808774381876,0.0501393910497427,0.029850255139172076,0.021257561140162196,0.016553123088246125,0.04694915593777864,0.05604454090310984,0.035419929586350915,0.07234649136662483,0.05413694139569998,0.03318016771227121,0.47424787282943726
2021-03-30,0.03365280437454743,0.07461847364902496,0.04976358711719513,0.02862080130726099,0.02154728652510691,0.017114595606548023,0.047629373439929165,0.056064711140433765,0.03423044849187136,0.07493656501173973,0.05396347087807953,0.03259821366518736,0.47525965571403506
2021-03-31,0.03333813069492493,0.07405204698443413,0.04960625730454922,0.027583472523838283,0.0214710081406686,0.017123965509394524,0.04843553373249847,0.055763922251605,0.03543491251766682,0.07741569094359875,0.05495068533346057,0.031805725581943986,0.4730186343193054
2021-04-01,0.03260872002593658,0.075882950425148,0.053279870003461835,0.02748784851282835,0.021730463498481355,0.01789572762725413,0.04952570881454221,0.055784103686807994,0.03579814713448286,0.08036629259586334,0.05508041819557548,0.033563056588172914,0.4609967052936554
2021-04-05,0.03092086127803668,0.07367251627147198,0.05278211832046509,0.026124401669949292,0.021361783886707286,0.01684964439818515,0.0477243792527986,0.05258677414553272,0.03400149270892143,0.08039286136627197,0.055057267937809226,0.03295069057494402,0.47557520866394043
2021-04-06,0.030521540348044596,0.07381660267710685,0.05355614423751831,0.026851882971823216,0.022299037301522873,0.017075897045914702,0.04812926315756272,0.05435270361337263,0.03287501186132431,0.0794396810233593,0.056870182324200866,0.032983255572617054,0.4712288022041321
2021-04-07,0.031358977604520534,0.07751656770706176,0.05753386281430721,0.029149159882217647,0.02438810280677899,0.01812058596649919,0.05000212175089018,0.05620687681769958,0.03627270273864269,0.08284099847078323,0.05927348118275404,0.0349224541336298,0.44241411089897154
2021-04-08,0.03416610150777331,0.08794275373220443,0.06620483174920082,0.03184708338230848,0.026708632146296908,0.020794607086764217,0.05956953119577975,0.06593051895346047,0.04078831896185875,0.09363228753209114,0.06801520008593798,0.039982829429209235,0.36441730260849
2021-04-09,0.03768728657901619,0.09975374862551689,0.0751314714550972,0.037489818409085274,0.02921110978649395,0.024154749030437017,0.06794324946159805,0.07400044492891186,0.04504054356366396,0.10608157366514206,0.07685018051415682,0.046010017208755014,0.2806458115577698
2021-04-12,0.03959596669560881,0.10733215995132923,0.08363862931728364,0.041291328333318236,0.032482454280725645,0.02667455524053537,0.0750030377760936,0.08159121270601374,0.04721910674124956,0.11877588480710984,0.08012894336134195,0.0487864101305604,0.2174803227186203
2021-04-13,0.03916257913255237,0.10827130824327469,0.08496796786785125,0.04144427590072155,0.03244169868970985,0.027098332216279174,0.0749508647004518,0.0821914074659551,0.04778839275240898,0.12492826208472252,0.08172012530267239,0.0498897036537528,0.20514507293701173
2021-04-14,0.03770357525170169,0.10852826982736588,0.08437642678618432,0.041685630939900874,0.032693116475591213,0.02767680948208806,0.07558436361306349,0.08166097069590919,0.04689165614545345,0.12641236782073975,0.08299281261861324,0.05019979830831289,0.20359425544738768
2021-04-15,0.03715680580909009,0.11291341409087181,0.08460412994027137,0.04117847308516502,0.03321643296355177,0.028548936282020064,0.0741344663302698,0.08149755712765608,0.045991630479693416,0.1247952289879322,0.0837914615869522,0.04928754698485136,0.20288392305374145
2021-04-16,0.03631052686785381,0.11216620802879333,0.08547224514186383,0.040582568012177946,0.03238963313897116,0.02894527041703867,0.07356726999794319,0.08129894699450127,0.04488008599728346,0.12442523762583732,0.08505877330899239,0.048284043185412885,0.2066192001104355
2021-04-19,0.03576764124918554,0.11348536685109138,0.08400361724197865,0.04093246851116419,0.0307225569607823,0.029882214992186816,0.07277726582065043,0.08491235506151913,0.0454759705811739,0.12582407742738724,0.08558504208922386,0.047934062965214255,0.20269736051559448
2021-04-20,0.03619276404309346,0.11697006672620773,0.08605202175676822,0.040312885958701375,0.03049952841217305,0.02978307268010738,0.07098654743971337,0.08585467612928213,0.04543492458760738,0.12244108319282532,0.08565100841224194,0.04726785188540816,0.20255354344844817
2021-04-21,0.03744420178580725,0.11777943074703216,0.08690306693315505,0.041674370691180226,0.028555551942361746,0.029821111456685402,0.07045788799158573,0.08805488614177523,0.04565053433179855,0.11785746812820434,0.08646248318254948,0.04639556184411049,0.2029434472322464
2021-04-22,0.03742946168073047,0.11860837787389755,0.08817524909973144,0.040744369477033617,0.026697279099666106,0.03016056442435371,0.06932427167396327,0.08914262009648048,0.04507429860532284,0.11829262226819992,0.08698799312114716,0.046170022897422315,0.2031928777694702
2021-04-23,0.039065648314343095,0.12099011912941933,0.09055275917053222,0.042967972718179225,0.02608882666320369,0.02952881828479299,0.06612853485428331,0.08756878749987056,0.04492401145398617,0.11897909492254258,0.08481942191720009,0.04549556411802769,0.20289040207862855
2021-04-26,0.03963724570403286,0.12117476984858513,0.09272880554199218,0.04393090009689331,0.025277679131443166,0.03005949234345131,0.064272917452422,0.08655339393305254,0.04450889900326729,0.11871218383312225,0.08542794808745384,0.04537098417058587,0.2023448169231415
2021-04-27,0.041836623914402085,0.12496654763817787,0.09439281187951565,0.0430528562515974,0.024028923489979093,0.03049026879406469,0.0603661706496041,0.08356665725326681,0.04428116828203201,0.11908731684088707,0.08548486344516278,0.046287573780864476,0.20215822160243987
2021-04-28,0.04136364167861899,0.12468933984637261,0.09278980642557144,0.042940735816955566,0.022864972331976575,0.031602841983482934,0.0612112355007298,0.08703141128275664,0.044086861051619054,0.11817139908671379,0.08478630855679511,0.04656552989035845,0.20189591348171235
2021-04-29,0.04244235248981028,0.12478970736265182,0.09044927284121514,0.042537135817110536,0.021901073566495198,0.03178493094079258,0.06076326670781782,0.08931556254694276,0.044391455501317977,0.11712775826454162,0.08608549535274505,0.04639452388510108,0.2020174890756607
2021-04-30,0.0425251274398164,0.12588098496198655,0.09182444587349892,0.04246308039873838,0.021189555067632426,0.03155041408583124,0.061917834304767896,0.09182915290275559,0.044335207901895046,0.11725209653377533,0.08621133454144,0.04561118194833398,0.197409588098526
2021-05-03,0.043724504262313245,0.1274034082889557,0.09320638924837113,0.04459060560911894,0.020619434107288014,0.030182059617287392,0.05911774497993747,0.08908596667345314,0.042816629819571975,0.11426597535610199,0.08751629702746869,0.04526692358776927,0.2022040754556656
2021-05-04,0.04277105453778489,0.12852105051279067,0.09249953106045723,0.04486690778285265,0.020513056182409527,0.029731289787664393,0.05863207718033436,0.08945775805684572,0.04202708303928375,0.11525990962982177,0.08904213160276413,0.04472891101613641,0.20194925665855407
2021-05-05,0.04462525291851591,0.13124555051326753,0.09397323057055473,0.045875019207596776,0.02155759007545228,0.029337174061256376,0.05550185308022151,0.08603881788843246,0.04079480040818453,0.1158682644367218,0.08928009830415248,0.04360076226294041,0.20230155885219575
2021-05-06,0.04456460907669424,0.13228728696703912,0.09432394467294217,0.04592281021177769,0.022289048172357794,0.029741008856463934,0.05337288425940869,0.08346818876882214,0.04045042041689158,0.11486002206802368,0.0911617748439312,0.04531256556510925,0.20224541127681733
2021-05-07,0.045570569509852984,0.1354701779782772,0.09569862447679042,0.04855222646147013,0.02292677851972478,0.0302244398919445,0.048824531756577014,0.07934705660803623,0.03914525732398033,0.1156490258872509,0.09094946980476379,0.04519075956195593,0.20245107412338256
2021-05-10,0.04427701761020586,0.13523233756422998,0.09582445062696934,0.04955088272690773,0.02231816715790238,0.0303005508862892,0.047323543861131155,0.07807210730540035,0.038121833745390174,0.1160819411277771,0.09272342957556248,0.04804856553673744,0.20212520360946656
2021-05-11,0.045387709090158525,0.13390262499451638,0.09451399743556976,0.04902481772005558,0.022098188545753673,0.030247903184638148,0.047008562460462144,0.07964212214289752,0.03805825524032116,0.11242140978574752,0.09212962724268436,0.048646397329866885,0.20691842436790467
2021-05-12,0.047397249548046715,0.13082314655184746,0.09295282177627087,0.05118388719856739,0.021696256881003607,0.030063050024955552,0.04687134957035823,0.08295999237341434,0.037416206952184436,0.11273431032896042,0.09264506213366985,0.04935641214251518,0.20390025079250335
2021-05-13,0.03429300071743313,0.09250784367322921,0.06490465998649597,0.03684730306267738,0.015221064506477333,0.021692392048367815,0.03399456659356019,0.06064604787751069,0.02829066663980484,0.08002964481711387,0.06473496984690427,0.0346964824013412,0.43214133381843567
2021-05-14,0.03692738681771175,0.09568761214613915,0.06743232794106006,0.04083058647811413,0.015783096659650653,0.022879702445021622,0.03547139801778485,0.06319275618334537,0.02925260430201888,0.08318533673882485,0.06921642553061247,0.037130017997696996,0.40301074981689455
2021-05-17,0.03322827980201026,0.08416635021567345,0.0591431625187397,0.03698193021118641,0.014381432354186074,0.020545343749560453,0.030726755942919227,0.05453843207682922,0.02611950011923909,0.0735903613269329,0.05865741726011038,0.034122666763141754,0.4737983465194702
2021-05-18,0.03371206146923171,0.08536732941865921,0.058168092742562294,0.03637471254914999,0.014629596698156533,0.020875521833321996,0.029862116035616282,0.053898162773156066,0.026478055212646723,0.07282954566180706,0.0609701257199049,0.03525389982387424,0.47158079147338866
2021-05-19,0.034848441479320515,0.0856417614966631,0.05859125964343548,0.036384586803615095,0.015129446996153817,0.021595525374581825,0.02984898734275134,0.05567854848579969,0.027607412729412317,0.07314168475568295,0.0629567014053464,0.03540051849558949,0.4631751596927643
2021-05-20,0.03593676480581678,0.08836687654256821,0.06097387745976448,0.03733484409749508,0.015412745779150683,0.023016127963212084,0.02960223752831439,0.05764836582210773,0.029594678711146117,0.07373123466968537,0.06438271068036557,0.0365840395912528,0.44741549491882326
2021-05-21,0.037637796220364096,0.08962793052196502,0.0627895399928093,0.03758391067385673,0.01588879789473694,0.023026135131202708,0.02916692885742691,0.057744379178048,0.02968733673915267,0.07354180105030536,0.06562632843852043,0.035982854664325714,0.4416962742805481
2021-05-24,0.044303997696292896,0.10469909645617008,0.07185721322894097,0.045590270310640335,0.017726004397282936,0.02681605611624054,0.031759437875422236,0.06693573824183012,0.03477918952703476,0.08428678289055824,0.07690194882452488,0.04305930454283953,0.3512849509716034
2021-05-25,0.04828220262118847,0.11026356555521488,0.0756304495036602,0.04949844256043434,0.019757849246041202,0.028239883737258074,0.031672810255804505,0.07001072096705449,0.03718426283448935,0.08971521779894828,0.08160855062305927,0.047561411187052725,0.31057462096214294
2021-05-26,0.054305883520689234,0.1225747149437666,0.08489600569009781,0.05496594272553921,0.022857131471613813,0.03138569381417415,0.033707218118848914,0.07790556344736163,0.04151546666398644,0.10069720596075057,0.09270180761814117,0.0534908807836473,0.22899649739265443
2021-05-27,0.056553477952593315,0.1271679438650608,0.08853979222476482,0.05608836784958839,0.023449113473190054,0.03298914227986849,0.03311035537017233,0.08081852294500731,0.04218468312174082,0.10162502117455005,0.09624323025345802,0.054121391382068396,0.2071089804172516
2021-05-28,0.056901681881322476,0.12865728698670864,0.08857398219406605,0.05643573962152004,0.023163418630961986,0.03356778858327871,0.031377294141390163,0.08413647522838268,0.041846174653619526,0.10114161260426044,0.09795831739902497,0.053347148559987546,0.20289308428764344
2021-06-01,0.059398725095385886,0.13028760626912117,0.08773508779704571,0.05600588098168373,0.0229763436443406,0.03346719632153761,0.0299933674912495,0.08421934048775218,0.041956417728215456,0.099659126624465,0.09683842733502387,0.05467487899586558,0.20278760492801667
2021-06-02,0.05865977721404505,0.12952377907931806,0.08762424327433109,0.055686283856630325,0.02236386924676914,0.03312715744266122,0.02920069268772636,0.08550394857092077,0.04140326399356127,0.09888346157968045,0.10153099820017815,0.05416180370375514,0.2023307502269745
2021-06-03,0.05833818023063344,0.13008979931473733,0.08692776784300804,0.054680312424898146,0.021958742651531794,0.03264933719891694,0.028915873402092986,0.08569239289700796,0.040833834744989875,0.09894761331379413,0.10491004735231399,0.05402888962998986,0.20202725529670715
2021-06-04,0.056575185418869724,0.13146467581391336,0.08589294664561749,0.05223109610378742,0.022248912631043182,0.03137817284189044,0.028142883115856422,0.08785047291942902,0.04024095227941871,0.10217934362590313,0.10491700619459152,0.05316412039101124,0.20371423661708832
2021-06-07,0.05661760646659815,0.13193022310733796,0.08398939520120621,0.0508301816880703,0.022337934277220483,0.03159981248765007,0.02819454135469641,0.08750449468858505,0.039975923486053944,0.10247046202421188,0.10601751804351807,0.05394418984651565,0.2045877158641815
2021-06-08,0.054131169219621,0.13234725184738635,0.08401620984077454,0.04937704335898161,0.02286388399151882,0.03150479679101235,0.02718397790320637,0.08788781508468144,0.039508940931409595,0.10585657618939877,0.10899116471409798,0.054082808550447226,0.20224836170673371
2021-06-09,0.05309559767628684,0.1308235865086317,0.08370875343680381,0.047735353000462055,0.022742706234332388,0.03173575866310312,0.02687042114837368,0.08776801863837722,0.039367015846073626,0.10805188864469528,0.11032718643546105,0.05631845761090517,0.2014552593231201
2021-06-10,0.05157435653418822,0.1303771197795868,0.08263412825763225,0.04613807015120983,0.02390006881679625,0.032675108679163324,0.02635079287048825,0.08929779126184804,0.039339949190616605,0.10685921721160412,0.11188372820615769,0.05693626403808594,0.2020334005355835
2021-06-11,0.05116068074845117,0.1306248288601637,0.08323515243828297,0.044964189641177654,0.02442679024986827,0.03288851038452005,0.026681291309392917,0.08998535325670573,0.03916431460529566,0.107179706543684,0.11062604188919067,0.05729449754580855,0.2017686188220978
2021-06-14,0.050364874874795615,0.12830195352435111,0.08486060127615928,0.04413703493773937,0.024761080565452075,0.033364441699945326,0.026327388529261954,0.08876623557437249,0.039052725024521354,0.10773794054985046,0.1119681179523468,0.05842234250158072,0.20193521678447723
2021-06-15,0.049012566070415174,0.12557329498231412,0.08513868004083633,0.04337607491761446,0.02445879662183188,0.03347576826639749,0.02686249082928498,0.09260958342890255,0.038847402483224866,0.10773994773626328,0.11249566525220871,0.05846793856471777,0.20194180309772491
2021-06-16,0.047087661542046175,0.12736608944833278,0.08298657089471817,0.0421788701787591,0.02420091446376684,0.03283468411745254,0.026667031907390993,0.0925471922452095,0.03844295255839825,0.11186919137835502,0.11264086961746216,0.059084417391568424,0.20209355652332306
2021-06-17,0.047413994591483544,0.1237047154456377,0.0795371450483799,0.0409061910584569,0.023469816298857006,0.03342668120389085,0.027945544557383073,0.09684614436657242,0.037858538888394834,0.11568525359034539,0.11225167512893677,0.058029695972800256,0.20292462706565856
2021-06-18,0.0450207974373356,0.1218876987695694,0.08014730736613274,0.03992544449865818,0.023379245183701335,0.031489771712310245,0.028212077818011494,0.09473410726133,0.036749549815431236,0.11899629533290863,0.11616311818361283,0.06046058367937803,0.2028339684009552
2021-06-21,0.04627075012650863,0.12149664722383022,0.0799590777605772,0.04134240597486496,0.024217625757191462,0.03134538358330126,0.028385499801174774,0.09413479313412391,0.03592831739224493,0.12025336697697639,0.11335624903440475,0.060857524536550044,0.20245235562324523
2021-06-22,0.045452980747294446,0.11521121561527252,0.08009112067520618,0.04104080684483051,0.023746026099057717,0.031635902788444706,0.028437850580689882,0.0944360456198039,0.03459539022296667,0.1250169463455677,0.11798970401287079,0.0590287740342319,0.20331722497940063
2021-06-23,0.048017622721371465,0.11296237297356129,0.08312312252819538,0.04372832253575325,0.022932799099386437,0.030809938317192476,0.027524601692499574,0.09081107578585232,0.03376348428428173,0.12465798184275627,0.11767619103193283,0.06127557093277573,0.20271691977977752
2021-06-24,0.047073560813837644,0.1081948358565569,0.08225321881473065,0.04460222739726305,0.021313124728508725,0.03266607045663026,0.02978316738342528,0.09518932459381749,0.033103450387716296,0.1247368223965168,0.11784211695194244,0.060714810993522404,0.20252725481987
2021-06-25,0.04932711151142399,0.10453993864357472,0.0825618863105774,0.044550903141498566,0.020203200351729577,0.03183198104378846,0.03163166147269294,0.09713532826111919,0.032249294919893146,0.12510915771126746,0.11789665669202805,0.060155326314270494,0.2028075188398361
2021-06-28,0.047884325298372235,0.1024952121078968,0.0806472584605217,0.045553320273756984,0.019103974513999766,0.03211343739927468,0.03395946069887827,0.09859946559300567,0.03233859399333596,0.12634302377700807,0.11624153107404708,0.06221363935619593,0.2025067239999771
2021-06-29,0.04738976734773139,0.10150009952485561,0.0798900131136179,0.045464339479804036,0.019123156878087143,0.03223585397166726,0.03489696835141558,0.09845579155292779,0.032106302911415696,0.12995341569185256,0.1149251252412796,0.0620418744161725,0.20201728343963624
2021-06-30,0.04491258514783034,0.09894425459206105,0.07944344468414784,0.044903360307216644,0.017622601848924547,0.030921492992621147,0.03734774463229087,0.09724445820088938,0.0312598486430943,0.13622691929340364,0.11862517446279526,0.06005277018994093,0.20249532163143158
2021-07-01,0.04567398168934318,0.09645249545574189,0.08274606689810753,0.04809476435184479,0.016521109625904272,0.030313791512516806,0.0385425556384746,0.09512929069692326,0.03110599350184202,0.13558525294065477,0.11600794792175292,0.061522617004811764,0.20230411291122435
2021-07-02,0.04437355919896539,0.09480273127555847,0.08222622387111186,0.047881539538502695,0.015787753834244002,0.030848949628192023,0.04199410053392398,0.09705919379431975,0.031077240593731403,0.13691918998956681,0.1125796228647232,0.062093660421669486,0.2023562341928482
2021-07-06,0.043307981392024075,0.09494865909218789,0.08240191638469696,0.04820302352309227,0.015911900843958902,0.031751316164348786,0.043018527729890364,0.09673663280439335,0.030889500258490445,0.1387860119342804,0.11025822907686234,0.061546558141708375,0.20223977863788606
2021-07-07,0.040623645102940385,0.09284318909049034,0.08390822783112525,0.04830756895244122,0.015836987636289202,0.031022366203468543,0.044380462890563875,0.09435599779382323,0.03010357995517552,0.14190275818109513,0.1148764282464981,0.059634499996900556,0.2022042989730835
2021-07-08,0.04040002195859884,0.09143785461783409,0.08825090527534485,0.04982331283390522,0.015692708738253458,0.0313344249937602,0.04397204308222626,0.09028495448088644,0.029845064040273428,0.13946758359670638,0.11676636040210724,0.06038814038038254,0.20233662128448487
2021-07-09,0.04266973054495331,0.093281289935112,0.09179225862026215,0.05235869288444519,0.016308178549544295,0.03145779251630802,0.045659044639586456,0.08932963068039346,0.029889638395980002,0.13389401584863664,0.1237246811389923,0.05862987041473389,0.1910052090883255
2021-07-12,0.04106138550590899,0.09055763855576515,0.0923340491950512,0.051004447788000104,0.01580006034925958,0.03290453161922411,0.04534933021838015,0.08965642665678235,0.028914793254807593,0.12882354110479355,0.12595781534910203,0.05555896665900946,0.2020769715309143
2021-07-13,0.041635317197367884,0.0904239721596241,0.09299153611063957,0.05392405092716217,0.016919371197046118,0.032669384634183805,0.044451963142063275,0.08615789762753057,0.029223622707650065,0.12892272770404817,0.1259901851415634,0.054852929711341855,0.2018370360136032
2021-07-14,0.04079788900240473,0.08752740174531937,0.09271441474556923,0.054516596347093584,0.01737362153954205,0.03312468891784874,0.048369584813752906,0.08934434111173442,0.02957623787224293,0.12430476695299149,0.12514884620904923,0.05561937429010868,0.20158222913742066
2021-07-15,0.04093799619054082,0.08551308214664459,0.09305091723799705,0.054743428528308866,0.01806995254394401,0.03336568739836885,0.051566757387638516,0.08852945463012088,0.029232683405280114,0.12218636572360993,0.12649314403533934,0.05447960030287504,0.20183093547821046
2021-07-16,0.04037299478896408,0.08761394694447518,0.09793396517634392,0.056846953183412555,0.018620218539068922,0.03240483442666751,0.055613785413322604,0.08952958919656968,0.029640002781525253,0.11745515465736389,0.12541393637657167,0.05771359354257584,0.19084098637104036
2021-07-19,0.040755890546811814,0.08775360807776451,0.09760570824146271,0.05480599850416183,0.01810832828028186,0.03185489820702507,0.05261237870539048,0.08419246565320329,0.028123530885204674,0.11930402517318725,0.12633308470249177,0.05619791578501463,0.2023521602153778
2021-07-20,0.04234133997145122,0.08943253830075264,0.09711468145251274,0.05687768906354904,0.017935555122283196,0.03064343719034941,0.054634059599862894,0.08233093506233313,0.029466952150687575,0.11346109509468079,0.12467130422592163,0.05740933232009411,0.20368109941482543
2021-07-21,0.044071919038209374,0.089686831086874,0.09732399955391884,0.05862212479114533,0.01883905606739713,0.032464588642188555,0.053489805128157285,0.08001035068470888,0.028750680619850755,0.11353653073310851,0.12197275906801223,0.05668228808790445,0.20454904139041902
2021-07-22,0.046207194181519286,0.08780879080295563,0.09555110111832618,0.060808001458644866,0.01916835362761411,0.033345543221406614,0.053341285131961055,0.07959786714550106,0.029308301117271184,0.11019216626882553,0.12420543283224106,0.057955820485949515,0.20251015722751617
2021-07-23,0.047147204575886545,0.08596724197268486,0.09439199790358543,0.060768832266330716,0.018937038317417353,0.03379242232806039,0.05561412403996542,0.0784872857849928,0.029652559850364923,0.10812656804919243,0.12721550166606904,0.058429522439837456,0.20146972835063934
2021-07-26,0.04843521978436414,0.08417044878005982,0.09307869151234627,0.06050416827201843,0.01789935865491561,0.034306205792527855,0.05850346867431995,0.07993279898503385,0.029681907128542663,0.10646279975771904,0.12613883912563323,0.05856039710342884,0.20232568681240082
2021-07-27,0.04765440940886308,0.08240046203136445,0.0971567839384079,0.06026834920048714,0.016982581161090592,0.033512583522155207,0.05990609159181304,0.07960114677670908,0.03011080580763519,0.10311220064759255,0.12663276493549347,0.06045035347342491,0.20221145153045655
2021-07-28,0.04659832452037449,0.08627751767635346,0.09707734808325767,0.05999929159879684,0.016391814253216452,0.03281117683319259,0.06381852021237933,0.07802979388816862,0.0295000902377069,0.1011519193649292,0.12613701075315475,0.06054612584412098,0.20166105329990386
2021-07-29,0.04631371527734736,0.08605544343590736,0.09869769513607025,0.05873376578092575,0.017349916774232456,0.032666113102747654,0.06496429293514439,0.07727405398089626,0.02937120832502842,0.10176106244325638,0.12506132423877717,0.06003315225243568,0.20171822607517242
2021-07-30,0.046840369926705,0.08576873838901519,0.0989263229072094,0.05953432396054268,0.018063604368036223,0.03135361898240667,0.06479446997813909,0.07663101895667346,0.02999718771316111,0.09930275157094001,0.12707049399614334,0.05995601639151573,0.2017611175775528
2021-08-02,0.04766609223816794,0.08550036400556564,0.09822756312787533,0.0579022653400898,0.018695838824824305,0.03183137999558401,0.06683066492016962,0.07407057843129525,0.0298328232485801,0.10191463679075241,0.12584114223718643,0.05984694771468639,0.20183971226215364
2021-08-03,0.046835095915236914,0.08336368277668953,0.09644620195031166,0.056457949429750444,0.019154417178704718,0.03258714122773139,0.07038162267276675,0.07640314370517416,0.02987897894345224,0.10165327228605747,0.12647561281919478,0.058148938603699206,0.20221394002437593
2021-08-04,0.0478832024902129,0.08302551060914994,0.09968409165740014,0.05487812459468842,0.02029192606330419,0.03256682438098011,0.06844778397101833,0.07529468571156776,0.029513463703915478,0.10316797457635403,0.12667406648397445,0.056452252343297,0.20212012827396392
2021-08-05,0.05016551570219132,0.07990293800830842,0.09957412630319595,0.055176470428705215,0.022016925349441153,0.03125332664634879,0.0667461442197066,0.07174936042813265,0.0312532864511013,0.10040386170148849,0.13221853971481323,0.057194458693265914,0.20234506130218505
2021-08-06,0.050133817064553735,0.07762297615408897,0.09982307776808738,0.05333967432379723,0.02453523936877211,0.032796292638759716,0.06476760026527018,0.07409021543972756,0.031623985385522246,0.10006638318300247,0.1333237484097481,0.05624077934771776,0.20163621604442597
2021-08-09,0.048633960666432684,0.07630064710974693,0.09974630326032638,0.051197855919599536,0.025514312348163058,0.033247097767749346,0.0644174101309801,0.0743239253441125,0.03131812447682023,0.10397026799619198,0.13535306304693223,0.05325842667371035,0.2027186334133148
2021-08-10,0.046568091812158305,0.07269592136144638,0.09876391142606736,0.04878543615341187,0.025777244592317318,0.03307459539573987,0.06486293540540089,0.07667052286093128,0.031672147940844296,0.10762229040265084,0.1383552595973015,0.052425664477050306,0.20272598266601563
2021-08-11,0.043970963107917885,0.07139558047056198,0.09455235674977303,0.04675329178571701,0.02542845688093216,0.03374824166378012,0.06847379330904743,0.08077245345812187,0.031619509728625414,0.11204453371465206,0.13751124888658522,0.05127504505217075,0.20245454907417298
2021-08-12,0.04203519643428848,0.06918281316757202,0.09283398315310479,0.04489513859152794,0.02503835956382581,0.032700952618586146,0.0700828428413189,0.08308228607397297,0.03192735973279923,0.11607543751597404,0.1399269163608551,0.04995275735855102,0.20226594805717468
2021-08-13,0.03949412455056045,0.07062633782625198,0.09142957367002964,0.043564223870635035,0.024603225256763395,0.032441412799697034,0.07167509562990233,0.08259304804910972,0.03311972180381417,0.1164247639477253,0.1398534208536148,0.051538923569023606,0.20263611078262328
2021-08-16,0.03774050073815971,0.06928834393620491,0.09114516563713551,0.04263218119740486,0.023627360137495047,0.032699067025694896,0.0725679106348764,0.08234712970358178,0.033725584577769044,0.11799910292029381,0.14154072850942612,0.05248924009501934,0.20219769477844238
2021-08-17,0.0364420925812798,0.06645528599619865,0.09209133237600327,0.0426015492528677,0.022967046823565696,0.032025144345145404,0.07257196979470279,0.08227165824537205,0.03416952092666179,0.11883903220295906,0.1456055834889412,0.051905110478401184,0.20205468833446502
2021-08-18,0.037746175939146906,0.06794998943805694,0.09486811757087707,0.04398552775382995,0.02379732739367384,0.031822944996888224,0.0715902064851747,0.08314900293090766,0.03486271461006254,0.11768436059355736,0.14937351644039154,0.05168487764894962,0.19148525297641755
2021-08-19,0.03859738548666787,0.0668097861111164,0.09181009605526924,0.04259612075984478,0.023072901925798205,0.031742094975481194,0.07100104403379248,0.08307589341115876,0.03403343406971544,0.11916145384311676,0.14622178077697753,0.04902290347963571,0.202855122089386
2021-08-20,0.03871215339111363,0.06755134835839272,0.09140842221677303,0.043481864780187604,0.022761108730564673,0.031243955059976437,0.0684125581289976,0.08427751844949576,0.03394704004749656,0.12019156888127328,0.1469902366399765,0.04742593867704272,0.2035963088274002
2021-08-23,0.0409300795089111,0.0695337899029255,0.09269690960645675,0.04315460845828056,0.02285674091245369,0.0308672512879097,0.0642859153781501,0.08250619205341288,0.03458860027603805,0.1166507750749588,0.14915409684181213,0.04931431338191032,0.20346069931983948
2021-08-24,0.041780470045009996,0.07019987404346466,0.0933030866086483,0.044514778256416324,0.02396205753890328,0.03147895531669196,0.0594186462680284,0.08120536390366392,0.034246154595166445,0.11605451703071594,0.15098902434110642,0.04859405625611544,0.20425300896167756
2021-08-25,0.04307080616544105,0.06989405900239945,0.09029423072934151,0.04358194321393967,0.024204433395167514,0.031928229273353634,0.05907557578605349,0.08279618375256562,0.03342720302753151,0.11852626129984856,0.15386185944080352,0.04712365176528692,0.2022155463695526
2021-08-26,0.04133404987111842,0.06803802773356438,0.0897549845278263,0.04310568943619728,0.025398845623666233,0.03232292490789383,0.059527603956232154,0.08428385749627339,0.032935550017282364,0.12251597344875335,0.15338291823863984,0.04557648580521345,0.20182310938835143
2021-08-27,0.04226175072854339,0.06990889459848404,0.08942932784557342,0.043179696798324584,0.024860417822161907,0.03230997299611147,0.06039067821947412,0.08341648470465426,0.032773062400519845,0.11988440975546837,0.15413372665643693,0.04533953182399273,0.20211206376552582
2021-08-30,0.04141036022392512,0.07105622217059135,0.08899759911000729,0.04241587724536657,0.02555188384757372,0.032021191732158095,0.06052643145482932,0.08180894888982645,0.03215798439923674,0.11968356519937515,0.15473717749118804,0.04341678796336055,0.2062159538269043
2021-08-31,0.04324051939741249,0.07395028471946716,0.08861495219171048,0.04169162940233946,0.026429516462776803,0.031505839892290055,0.0603685872837076,0.07957745679280137,0.03212657084222883,0.12207153663039208,0.15564892888069154,0.04266897905617952,0.20210523307323455
2021-09-01,0.04251722442108239,0.07400766462087631,0.08773933798074722,0.04140209853649139,0.027949601571803838,0.03187943916986704,0.061294284321269286,0.08019227580545163,0.03201708374544978,0.12130870372056961,0.1566403552889824,0.04129993440583348,0.2017519950866699
2021-09-02,0.042783955095713824,0.07344472333788872,0.08917739540338517,0.04081850219517946,0.028234807786794037,0.03202486924457659,0.05895680638799661,0.07793136129754341,0.03160710998345166,0.1219670057296753,0.16031604558229445,0.04102693861350417,0.2017105221748352
2021-09-03,0.04191679409375428,0.07360789999365806,0.09092386215925216,0.040246719308197496,0.028223345926069853,0.031801395010870516,0.05777835539848297,0.07740131806192921,0.03166913967579603,0.1211903527379036,0.16298312693834305,0.04049863303080201,0.2017590582370758
2021-09-07,0.04170447787279326,0.07381325736641883,0.09047172255814076,0.03914175182580948,0.027737228890894628,0.0325255292571752,0.05962774167526561,0.0808508551603115,0.03161051298957318,0.12108417227864265,0.15854827910661698,0.04090962819755077,0.20197482407093048
2021-09-08,0.04002952763087446,0.07073414847254753,0.08999784439802169,0.03787468411028385,0.029237812835848587,0.032207313419701046,0.060211169357774,0.08263539438599406,0.03107202905230224,0.12554167583584785,0.156595678627491,0.041090659145265815,0.20277205407619475
2021-09-09,0.03934360862628026,0.07128540128469467,0.09023000001907348,0.03835884165018797,0.028484646623637387,0.032320373408642314,0.06084654286175919,0.08449897970519764,0.03066986713092774,0.12381408885121345,0.15723251104354857,0.04098252356052399,0.2019326150417328
2021-09-10,0.03860082002392815,0.06884646154940129,0.08991331309080124,0.03696727342903614,0.02741095437735801,0.031819257708205484,0.06100111533317545,0.0849130009391077,0.030641129962168633,0.12745395228266715,0.1579932987689972,0.042065298091620205,0.20237414240837098
2021-09-13,0.039654831358664745,0.06912414319813251,0.0900498867034912,0.03668794967234135,0.029130879196348047,0.03218881874156807,0.061242456596326635,0.08569856929681396,0.03034351922105998,0.1285533994436264,0.1525144174695015,0.04240944217890501,0.20240168273448944
2021-09-14,0.039900359954700274,0.06861848682165146,0.08827403075993061,0.036200875975191595,0.029239878374536944,0.03293299325572807,0.06085903242595521,0.08523517442999147,0.030284697632305325,0.12862614020705224,0.15080461502075196,0.04674617098644376,0.2022775411605835
2021-09-15,0.042879423258761484,0.07005588486790656,0.08874827362596989,0.03536697272211313,0.028714570829996688,0.03323542558799346,0.06115616340456427,0.08506113188640008,0.0301580447005108,0.1285035341978073,0.1448667898774147,0.049038185458630326,0.20221564471721648
2021-09-16,0.044321460675679526,0.06973994821310044,0.0870035570114851,0.034734169393777846,0.027836615991535398,0.03338491617594119,0.060872370765940785,0.0865352321860593,0.029907501605339348,0.12898267805576324,0.14503711760044097,0.04984956597909331,0.20179483890533448
2021-09-17,0.046062539107757594,0.06785402819514275,0.08772582784295083,0.03306085234507918,0.02691447620913685,0.03281889408861556,0.06148569056515214,0.0866741005428068,0.028970671351999044,0.13479140028357506,0.14201752990484237,0.04936718996614218,0.20225681364536285
2021-09-20,0.04807225450836761,0.06879031360149383,0.08467088490724564,0.03376060873270035,0.025756446917359455,0.03281148151615838,0.062017890056796435,0.08862077644718572,0.028787629562430084,0.13387625887989998,0.14105110466480256,0.04931522998958826,0.2024691343307495
2021-09-21,0.04992841256217488,0.07047126144170761,0.08387174867093564,0.03493030667304993,0.02518848911913345,0.030850670819518554,0.06116436272247938,0.08527890926002346,0.029020508681423963,0.13541242852807045,0.14174027591943741,0.04783078394830227,0.2043118357658386
2021-09-22,0.052578151174220975,0.07292072176933288,0.08078103922307492,0.036893751472234726,0.024057293555713954,0.03172272486211138,0.05962789442173744,0.08346245480146237,0.028885744814760982,0.13360740393400192,0.14175136983394623,0.0503076346591115,0.2034038186073303
2021-09-23,0.0552584759761352,0.07628053352236748,0.08264781683683395,0.03843307048082352,0.024940305328451727,0.031747434282502776,0.05747757121698101,0.0793707464727234,0.029186954628676175,0.13057558760046958,0.1394423559308052,0.05106680151075125,0.20357235372066498
2021-09-24,0.056712291171093734,0.07649576142430306,0.08184024877846241,0.03789424058049917,0.02584676067770566,0.033794484040407545,0.056760559096761656,0.08042426320212784,0.028449642239138484,0.13412232846021652,0.13501791059970855,0.050187437981367114,0.2024540901184082
2021-09-27,0.05924411979344697,0.07748255133628845,0.08217957206070423,0.03863689303398132,0.026337129313066754,0.0340147958244712,0.05706391673038809,0.07944577690825874,0.02908443086780608,0.131934804469347,0.13200277239084243,0.049894686602056024,0.2026785671710968
2021-09-28,0.058452990337545786,0.07869751080870628,0.08112726956605912,0.03759241923689842,0.02625672702790425,0.034813764487951995,0.06280097318146431,0.08380914086203255,0.0287290163571015,0.13382552638649942,0.13030298352241515,0.05142759308218956,0.19216409623622893
2021-09-29,0.053513357469377,0.0705522544682026,0.07168445847928524,0.034474016167223454,0.02350795072580354,0.03075885236696969,0.057478215258831254,0.07539489169218445,0.026293632574379444,0.12278670817613602,0.11406540721654893,0.04653919730335474,0.2729510426521301
2021-09-30,0.05745679123519949,0.07804065123200417,0.07536188848316669,0.03796672262251377,0.024728545199671714,0.03219610939614785,0.06394080063717525,0.0807048355538111,0.028254622058011592,0.13031975626945497,0.1207858070731163,0.05372817888855934,0.2165152758359909
2021-10-01,0.05968823279570579,0.08124172091484069,0.07765739932656288,0.040037447959184645,0.026354591469761955,0.03175116550830577,0.06545030967772618,0.08287375922925336,0.02922009483445436,0.12851823419332503,0.11912788599729537,0.05313403867185116,0.2049451619386673
2021-10-04,0.060981140825603755,0.0812699779868126,0.07946666292846202,0.040407347679138186,0.026715716440541114,0.030965193436722948,0.06636987995604926,0.08206257265996139,0.029117345903068782,0.12691006064414978,0.11759256571531296,0.051834269613027575,0.2063072443008423
2021-10-05,0.06237598855422473,0.08339828625321388,0.078199128434062,0.0395217964425683,0.026309920606820823,0.030771316679533457,0.06675634935421329,0.08170408044818558,0.029152711061760782,0.12807845398783685,0.11537951231002808,0.05360503047704697,0.20474743843078613
2021-10-06,0.06328134049647875,0.08291147276759148,0.07634886950254441,0.0390506774187088,0.02521310415748381,0.0317970227556259,0.06913221203306393,0.08371244583107966,0.028404319914989172,0.12893199771642685,0.11384003609418869,0.05364465154707432,0.20373185575008393
2021-10-07,0.06548214592896091,0.08568718582391739,0.07759333774447441,0.03948761001229286,0.026217523762541006,0.03133737100384977,0.06800940696047064,0.08264162134401616,0.02828476307913661,0.12396614104509354,0.11559933423995972,0.05287567600607872,0.20281789302825928
2021-10-08,0.06578652674174386,0.08608949035406113,0.0766968686133623,0.038412266224622724,0.025303467479984222,0.031126781363922794,0.06881566388152435,0.08473352397387171,0.028118588658981026,0.1231620617210865,0.114158845692873,0.05483473390340805,0.20276116728782653
2021-10-11,0.06675171372614344,0.0864486999809742,0.07745833322405815,0.03949861563742161,0.024784662912270505,0.030411804039013647,0.06852503332528954,0.0857181212415938,0.02860341432970017,0.12107541635632516,0.11513158604502678,0.05297442637383938,0.20261819064617156
2021-10-12,0.06769139375471926,0.088991529494524,0.07488601207733155,0.03885350935161114,0.023986779186234132,0.03151569529737745,0.07087592852841595,0.08721432441348878,0.02879444039426744,0.11907836347818375,0.11372651755809784,0.05118656940758228,0.2031989425420761
2021-10-13,0.06817581254340883,0.0898115649819374,0.07469131425023079,0.03841261640191078,0.02359647186510223,0.031942234275018674,0.07132237156497609,0.0865366270296228,0.029002238693647087,0.11723073571920395,0.11169724240899086,0.054604307562112805,0.20297648310661315
2021-10-14,0.06886926260574704,0.09108174666762352,0.07412931807339192,0.03742534480988979,0.022960434192257396,0.03152302653392543,0.07191967720321343,0.08532153254188532,0.029429231747053565,0.11724731847643852,0.11140959188342095,0.05502306669950485,0.20366042256355285
2021-10-15,0.0706514638295431,0.09365169331431389,0.07453156560659409,0.038812344521284105,0.024005122353052143,0.031066951799031805,0.07042933938876957,0.08453103642811133,0.029666796582750975,0.11591964140534401,0.10905388742685318,0.05317570380866528,0.20450448095798493
2021-10-18,0.0712294872033274,0.09334628731012344,0.07163001522421837,0.03751547485589981,0.023751625928642106,0.03125870187246971,0.07134916336463988,0.08658779462678616,0.029802414390724154,0.121637724339962,0.10723011195659637,0.05208992958068848,0.20257125794887543
2021-10-19,0.071098377911283,0.09337299689650536,0.06899221539497376,0.03698687925934792,0.023312818677205627,0.030786596937134904,0.07182748473635456,0.08739413507745937,0.029254339169710875,0.12163774892687798,0.10925762727856636,0.05399724580347538,0.20208153426647185
2021-10-20,0.06882078244787113,0.09250612705945968,0.06734968721866608,0.03583765588700771,0.022711085841182664,0.03156513131706688,0.07421942457512927,0.09054409927918546,0.028674073796719313,0.12496135979890824,0.10747397541999817,0.05273456387221813,0.2026020497083664
2021-10-21,0.06869717074585235,0.09592169262468815,0.06579627320170403,0.036299113929271695,0.02241199090527477,0.030893693653930753,0.07468929328442471,0.09268353339765696,0.02934543091105297,0.12311569228768349,0.10574348494410515,0.05206618793308735,0.20233646929264068
2021-10-22,0.06674518568386105,0.09559910222887993,0.06277252994477749,0.03593614511191845,0.021607917799569342,0.030803854492628346,0.07839400863827706,0.09540341546510227,0.030139648506883533,0.12089988142251969,0.10790985301136971,0.05168123841285706,0.20210720002651214
2021-10-25,0.06392121367157824,0.10026482120156288,0.0595191340893507,0.035302473418414596,0.021464380552724018,0.03003335285078599,0.08227045327963509,0.09672917456783522,0.030003708321601152,0.12041498944163323,0.10683436803519726,0.0511762697249651,0.20206567645072937
2021-10-26,0.06102326401980882,0.0990197166800499,0.05616851076483727,0.03526907414197922,0.02244684936082795,0.029727593455204017,0.08489774800375756,0.0974527034488819,0.030148925352841617,0.1211661271750927,0.11052105873823166,0.05033380426466465,0.20182466208934785
2021-10-27,0.059407487118923186,0.10112317986786365,0.05470755398273468,0.0340426167473197,0.021635988891957857,0.029316182026949633,0.08523070586768142,0.09698940844044124,0.030792558402754366,0.12531939446926116,0.10818601101636886,0.051488278433680534,0.20176060795783995
2021-10-28,0.059050668554242056,0.09827070012688637,0.05523978099226952,0.033690576627850535,0.02121565080449219,0.028929612108294478,0.08586826413386177,0.09649908132195346,0.03139548654435202,0.1272977903485298,0.10898216366767884,0.05175434779375791,0.20180589258670806
2021-10-29,0.059423607369530985,0.09977085441350937,0.05712220892310142,0.03407625015825033,0.021636788718559074,0.0301570593050986,0.08481232571236177,0.09743024908150275,0.032489716436248275,0.12903376892209054,0.10799055024981499,0.05281368922442198,0.19324292838573456
2021-11-01,0.05742031241741667,0.09650891050696372,0.05914218053221702,0.03369507882744074,0.020199221881521547,0.029330209744630763,0.08281820648201688,0.09593735387184736,0.0326302633038722,0.12931778579950332,0.10866759866476058,0.052441736310720445,0.20189116299152374
2021-11-02,0.05599622787714562,0.09582393020391464,0.060785891488194466,0.03345290198922157,0.01972941523531979,0.029970235430007718,0.08397776920375435,0.09833217914908073,0.032671906740870324,0.12593313306570053,0.10913332998752594,0.05241932701319456,0.2017737478017807
2021-11-03,0.05420344463242621,0.0945487879216671,0.06120571680366993,0.03363821636885404,0.02027000136039181,0.02982629154995564,0.08300196858503739,0.09793751573984881,0.033331433706916866,0.12826871052384375,0.1077369824051857,0.05425960049033165,0.2017713576555252
2021-11-04,0.052460990764299706,0.09377655908465385,0.06210036091506481,0.03321721125394106,0.02011783072448612,0.029477206641907828,0.08414450466452764,0.09847707490328936,0.03333554078126326,0.12753330916166306,0.10904545858502387,0.05465763788670301,0.2016563057899475
2021-11-05,0.050924748201672546,0.09482593163847923,0.06189185492694378,0.03344344701617956,0.020810928135106543,0.03008856011893286,0.08546791214059227,0.0980155592018244,0.03393173855729401,0.12674802392721177,0.10730494558811188,0.055239752680063245,0.20130657851696016
2021-11-08,0.04878064173744008,0.093024493008852,0.06309283599257469,0.03283002469688654,0.020067450721351143,0.030037606785904104,0.08787041108509612,0.0962450374481735,0.03283840782241896,0.12702650874853133,0.11204271912574768,0.05422482304275036,0.20191903710365294
2021-11-09,0.04788478097553206,0.0913490355014801,0.0653848834335804,0.032281406596302985,0.01977406954483225,0.031004627676596997,0.08619697460559479,0.09656786822703829,0.03280247750226408,0.12383747994899749,0.11611691117286682,0.055219863541424274,0.20157960653305054
2021-11-10,0.047114502776151035,0.09433285370469094,0.06649048775434493,0.032162109203636643,0.01911417612009796,0.03143140554233561,0.08784676494658754,0.0943175887248648,0.03253525287145749,0.12219820991158485,0.11574040055274963,0.0551909327507019,0.20152528584003448
2021-11-11,0.047682994810246807,0.095329599827528,0.06606626287102699,0.03252617754042149,0.019325406570802884,0.032363661277383216,0.08686080105355529,0.09450215462364878,0.034168420045170934,0.11865007951855659,0.11362345069646836,0.05515570659190416,0.2037452846765518
2021-11-12,0.04715245239202144,0.09491515681147575,0.06801065951585769,0.0324094470590353,0.018850303124973246,0.03210050066152341,0.08703769648572432,0.09663278659445655,0.03453844190808013,0.11986746191978455,0.11285856366157532,0.053522101044654845,0.20210446119308473
2021-11-15,0.046562759742098156,0.0966107539832592,0.0692078337073326,0.03236405551433563,0.017791002837797443,0.0324096692781314,0.0882421288539291,0.09761307434085183,0.03563364896690473,0.11573144569993019,0.11488186120986939,0.050483161211013795,0.202468603849411
2021-11-16,0.04469488866407669,0.09423000067472458,0.06931183002889156,0.03164439368993044,0.01656177928618483,0.033163649911778136,0.09013013980263196,0.0994398987654442,0.03653392028063536,0.11538204550743103,0.11832081973552704,0.048206872306764126,0.20237973034381868
2021-11-17,0.04350577072436686,0.09400364086031913,0.06845334693789482,0.031460273265838626,0.01619287657323625,0.032209563468641275,0.09025530495702867,0.09822813315748569,0.03735551142599434,0.11953918412327766,0.11724158674478531,0.04885223973542452,0.2027025818824768
2021-11-18,0.042477361944045985,0.09340007677674293,0.07008666172623634,0.031552838534116744,0.016683472444266025,0.03260053630641089,0.09618892466523477,0.10351259754854639,0.038573110511060806,0.11865486800670624,0.1176888331770897,0.04764889813959598,0.190931835770607
2021-11-19,0.04132657509702842,0.09372342005372047,0.06851476989686489,0.030993564613163473,0.01632383997447029,0.03245064352300986,0.09832979688644983,0.10588753556517076,0.03889053035527468,0.1205117866396904,0.11471850275993348,0.0472451688721776,0.19108388423919678
2021-11-22,0.03923192070947259,0.09227248579263687,0.06961736343801021,0.03079083450138569,0.01569083399091866,0.031236205787615746,0.09807192552677861,0.1032100814507535,0.037501880223862825,0.12035842835903168,0.11768905371427536,0.0448211744427681,0.19950778782367706
2021-11-23,0.03787068882006217,0.09415318146347999,0.07129566483199597,0.030434840731322764,0.01584413382824774,0.032639358865591106,0.0962814866635334,0.10184691163329304,0.03890540205175057,0.12180663645267487,0.1132997751235962,0.04300584532320499,0.20261605679988862
2021-11-24,0.035616895646394475,0.09383854568004608,0.07141432724893093,0.030665720440447332,0.01618668962428611,0.03281165514707176,0.09465877098562814,0.10218754778413874,0.03897376204840839,0.1216315820813179,0.11661842167377472,0.04272156041115523,0.2026745170354843
2021-11-26,0.03383363784737483,0.09601685181260108,0.06796997636556626,0.030090673267841338,0.01596555012884302,0.03338268403417075,0.09531913420349056,0.10379029723636765,0.03949283562833443,0.12634067237377167,0.11410588324069977,0.04122778195887804,0.2024640440940857
2021-11-29,0.027205532493040075,0.07592429220676422,0.05100484415888786,0.02445277525112033,0.011861740686752142,0.02544059950250919,0.07425635041331802,0.07997095480905117,0.032319598912727086,0.0942972868680954,0.08477546423673629,0.03189233457669616,0.38659821152687074
2021-11-30,0.03180582448700857,0.0873173527419567,0.058045444637537004,0.028894790913909674,0.013757995132389489,0.03068273115742315,0.083821507035249,0.09127735120273002,0.03774570574751124,0.10626647621393204,0.09814873337745667,0.03710921052843332,0.2951268970966339
2021-12-01,0.032867366151234735,0.0889227457344532,0.05805470906198025,0.029695751331746578,0.014733398818982479,0.02960530918097106,0.08049401055597798,0.08649668440242575,0.03901435689767822,0.10184880942106248,0.09773178547620773,0.03790344540029764,0.30263163447380065
2021-12-02,0.03712238742495675,0.09785458445549011,0.062305305153131485,0.03233003914356232,0.017227375706380423,0.03259002644457461,0.08554115974664711,0.09069147466895,0.042716757860034704,0.1064143031835556,0.1060417577624321,0.04201284125447273,0.24715199172496796
2021-12-03,0.03586293730491778,0.08942315354943275,0.05785828195512295,0.029326721280813216,0.015469845268337857,0.031041755450531738,0.07623506920713581,0.08224697000501405,0.04004217908950523,0.09765411466360092,0.099106365442276,0.039310868456959726,0.3064217507839203
2021-12-06,0.04062676914041852,0.09852737560868263,0.06265150010585785,0.03139911163598299,0.01628631952582449,0.03376786677341492,0.0810173010158394,0.08650443766426541,0.04309189385967329,0.10647458732128143,0.10446363389492035,0.044388342462480065,0.25080086290836334
2021-12-07,0.04188806924980284,0.09852912053465843,0.0638245053589344,0.031601667404174805,0.015682534663458546,0.036311830186463466,0.08003648053492185,0.08710462691587093,0.04398820739006624,0.10748647078871727,0.10677874535322189,0.04602322690188885,0.24074450731277466
2021-12-08,0.035978307425836145,0.08241735622286797,0.054463182017207144,0.026769144646823406,0.013137225707371237,0.029867065394497773,0.06501012169439235,0.0694176483406265,0.035658197605516764,0.08639407530426979,0.08937935829162598,0.038284036330878735,0.3732243120670319
2021-12-09,0.03945879268810319,0.0894017793238163,0.06113297715783119,0.03056944292038679,0.015432967999409186,0.03255526741787733,0.06925273709415905,0.07545223021297236,0.03934880556771532,0.08811400905251503,0.09813496768474579,0.04380594603717327,0.3173400580883026
2021-12-10,0.036850585170912,0.08180519938468933,0.05510687455534935,0.027674929611384867,0.013939063726873613,0.029346013950587134,0.06426522386974369,0.06762713679913049,0.036392607376910746,0.0811654232442379,0.08918503224849701,0.03981592003256083,0.37682600021362306
2021-12-13,0.0408592697138328,0.0898021250963211,0.06069164387881756,0.02992801330983639,0.014723097813999608,0.03189586898415584,0.07178058913541889,0.0745096064654156,0.03905886211432517,0.08685268685221673,0.09835665225982666,0.04446155354380608,0.31708004474639895
2021-12-14,0.046584118472419965,0.10132915005087853,0.06891154795885086,0.03420351967215538,0.015725312134157222,0.033892750911777014,0.07820746103057914,0.07952352236003044,0.042766987811774015,0.09026685506105422,0.10808391571044922,0.05175998955965042,0.24874487221240998
2021-12-15,0.04736482408783473,0.10315890684723854,0.06981790959835052,0.03535913433879614,0.015999346064933206,0.03447101788208471,0.07798018330488503,0.07946585784172058,0.04362531868973747,0.0919998250901699,0.10767357498407364,0.05368959791958332,0.23939449191093445
2021-12-16,0.04961260201335804,0.10701601058244706,0.07168674319982529,0.036738218180835246,0.017369281005123048,0.035560514144086855,0.07696747850205839,0.07849049926762994,0.044439030112698674,0.0914626844227314,0.10752607136964798,0.05379818342626095,0.2293326288461685
2021-12-17,0.05305477344267615,0.1104115903377533,0.07257518544793129,0.0368576169013977,0.017832428192055615,0.036923001768978024,0.07871772085658861,0.08049527019071494,0.04511559446109459,0.09269374534487725,0.11108842641115188,0.05675905272364616,0.20747560560703276
2021-12-20,0.05503602737901936,0.10885523557662964,0.0724097192287445,0.03792336285114288,0.01765197607103062,0.038250935364272466,0.08097089737125032,0.07927084760017031,0.044076614908408376,0.09107618033885956,0.11199725419282913,0.056868361122906205,0.2056126058101654
2021-12-21,0.0569083621074201,0.11111778169870376,0.07321639880537986,0.037111835554242134,0.01699721447178195,0.03758493912972227,0.08074274211192503,0.07928349283322796,0.04423980889841914,0.0888282373547554,0.10954509079456329,0.05669211447238922,0.2077320009469986
2021-12-22,0.05676695208516271,0.10900301784276963,0.0719575084745884,0.036910926550626756,0.015906030588334195,0.03678888511638796,0.07544046182461273,0.07406888038584522,0.04251152226934209,0.08572780340909958,0.1067617267370224,0.056393358297646044,0.23176294267177583
2021-12-23,0.05836065354628275,0.10839119777083397,0.07209065780043603,0.03647084776312113,0.01597573788654021,0.03663015681811412,0.07490621423865633,0.07304766661395697,0.041380206297617406,0.08450769931077957,0.10599485784769058,0.056123273260891435,0.2361208140850067
2021-12-27,0.06109369701641274,0.1121462605893612,0.07426889277994633,0.03758327402174473,0.01700192609769573,0.03957196016765376,0.07815521671858434,0.07381135271249342,0.04130857593845576,0.086882783472538,0.10785319805145263,0.05617277733981609,0.2141500860452652
2021-12-28,0.06187186605963131,0.11360221207141877,0.07435787692666054,0.0375468784943223,0.017051790386671862,0.03955115756792207,0.0783273382498308,0.07306766849424981,0.04014598554931581,0.08691593036055564,0.1077725887298584,0.056562884524464604,0.2132258176803589
2021-12-29,0.06161465179820062,0.11702600643038749,0.07721584029495716,0.03688257411122322,0.016628237746304463,0.03885778708468361,0.08140358904117946,0.07090967123517711,0.04110074683558196,0.08694839924573898,0.10842283964157104,0.05678413175046444,0.2062055140733719
2021-12-30,0.061361715688003214,0.11908488273620606,0.07935449816286563,0.036517576314508915,0.0159345468634843,0.04005645755601357,0.08199344280355092,0.07285142901856503,0.04083221895853058,0.08377140052616597,0.10814478993415833,0.05642027761787176,0.20367676615715027
2021-12-31,0.06227584758037654,0.12117175236344338,0.08013278879225254,0.03764494620263577,0.01611684852939561,0.03806921988647662,0.08195124721477001,0.0708548945156311,0.0399256412521936,0.0832687072455883,0.10946600288152694,0.05606659632176161,0.20305548906326293
2022-01-03,0.062316642386142894,0.12227195724844933,0.07828967049717903,0.03659394308924675,0.016202212850710752,0.03886356579804442,0.08244592623235789,0.07310811779496636,0.03927031543571502,0.08311823084950447,0.10839893072843551,0.056423771940171716,0.20269672870635985
2022-01-04,0.061467285009147866,0.12077591046690941,0.0786021627485752,0.0353649677708745,0.015699068800056892,0.0412280236395894,0.08201252502122713,0.07443933028043795,0.03848450310761109,0.08624960258603095,0.10576617121696472,0.05656788516789675,0.20334258675575256
2022-01-05,0.05974767093794995,0.12653871700167657,0.07776563502848148,0.03487491738051176,0.01572081371195555,0.040430690980350195,0.08164004538236753,0.07448821556534621,0.038803646608721466,0.08603639267385006,0.10532326996326447,0.056209334172308445,0.20242063999176024
2022-01-06,0.052882861009110015,0.10851906836032868,0.06657813899219037,0.03076948020607233,0.013986624062512299,0.035776339341443905,0.07424399147046615,0.06662736427655105,0.035776462033391,0.07358495481312274,0.0876081109046936,0.049234109744429586,0.30441250205039977
2022-01-07,0.057025547845486455,0.1203632302582264,0.07109460569918155,0.03301459737122059,0.014893948397043565,0.039107860345639976,0.08243021226366168,0.07347031062432378,0.03831553255440667,0.085702308639884,0.09441495537757874,0.05296461768448353,0.2372022569179535
2022-01-10,0.06000986902562513,0.1255480617284775,0.07483689598739147,0.03418895155191422,0.015928916121505134,0.03959819976942143,0.08320792431018446,0.07632299115016199,0.04144314812729135,0.08620539009571075,0.09474484771490096,0.05697017293423414,0.21099464893341063
2022-01-11,0.0603197817306901,0.12477590888738632,0.07510596327483654,0.03518492355942726,0.01569525251446411,0.040175740324552935,0.08220525622206694,0.07765782663320131,0.042279165692161766,0.08974173478782177,0.09383205622434616,0.05813096892088652,0.20489540100097656
2022-01-12,0.059761371072719525,0.12300888299942017,0.07443573102355003,0.03444417882710695,0.015492869489896676,0.039460416847677496,0.0799259942575418,0.07677126039785395,0.041976357193198054,0.08895730189979076,0.09462121278047561,0.05692852083593607,0.2142159014940262
2022-01-13,0.05963053450284654,0.12441974356770516,0.07591663412749768,0.03593920636922121,0.015503965811341659,0.03885421376323528,0.07923999525960497,0.07705609538582507,0.04212460665730759,0.08902574740350247,0.09753465950489044,0.05814588386565447,0.2066087007522583
2022-01-14,0.06005561263423509,0.12340254783630371,0.07542625442147255,0.03563681300729513,0.015237245399937649,0.039065288026548475,0.08096554450033437,0.07659735568593558,0.04146741742733866,0.08973669297993184,0.09829736277461051,0.056542560644447806,0.20756930410861968
2022-01-18,0.059059565986528104,0.12258998900651932,0.0764691524207592,0.03504957165569067,0.015305611360613546,0.04121791715522107,0.08163505639630841,0.0788682884802581,0.04164863006444648,0.08798164241015911,0.09850531816482544,0.056569039821624756,0.20510025322437286
2022-01-19,0.055768941893004784,0.11349911913275719,0.06956212557852268,0.034082614444196226,0.014919670339397052,0.03752278843775549,0.0745130605520096,0.07328290777924433,0.04120339286746457,0.07696937397122383,0.0911933146417141,0.0541811540722847,0.26330153048038485
2022-01-20,0.05973053043290903,0.12006946876645089,0.0721733570098877,0.03486867714673281,0.016544673151417656,0.04079461814896561,0.07976707836892985,0.07821206517969426,0.042449511238373816,0.08193255737423896,0.09525286182761192,0.057000357657670975,0.22120427191257477
2022-01-21,0.06135836754016655,0.12146065831184387,0.07258266508579254,0.03607788505032659,0.01792831022609178,0.04245321757136189,0.08164664464515496,0.07884129941878122,0.04325124321039766,0.08446091786026955,0.09369978681206703,0.056087080761790274,0.2101519376039505
2022-01-24,0.06282300358173547,0.12298396602272987,0.07471345625817775,0.03832977339625358,0.019015310841377264,0.04201987908019404,0.08367913652338785,0.07861734224702097,0.0441285569104366,0.08282107822597026,0.09489380866289139,0.05875920802354813,0.1972155123949051
2022-01-25,0.0631323239245086,0.12102820202708245,0.07489374838769436,0.03773118518292904,0.017994469563014093,0.0412893884621667,0.08023720432282175,0.07713057139144812,0.0441122047486715,0.08308697938919067,0.09453297592699528,0.05899533182382584,0.20583541095256805
2022-01-26,0.06510185512548912,0.1214958481490612,0.07629144452512264,0.038798059336841106,0.019301473948523017,0.04034005312008944,0.07773654461500357,0.0771461907908531,0.04412694945931435,0.08449029996991157,0.09258148334920406,0.05669451393187046,0.2058953046798706
2022-01-27,0.06491707749961399,0.11908214688301086,0.07532385960221291,0.03843190092593431,0.020283428883812783,0.04148322335431267,0.07679238929564605,0.07787959780500771,0.04411538970889524,0.08818126246333122,0.09083624370396137,0.055802499130368236,0.20687097012996675
2022-01-28,0.06491166763091893,0.1196973443031311,0.07427948191761971,0.037554461136460306,0.02017337089477671,0.041762718220435605,0.07680008265740242,0.07918456239680989,0.045137292123399675,0.0902519915252924,0.08893890492618084,0.055252283811569214,0.20605581998825073
2022-01-31,0.06335193405537254,0.11667103841900825,0.07469988092780114,0.036631799302995205,0.020663348930416346,0.04287691768875597,0.07543562653126372,0.07834456756738532,0.04469012590125203,0.09124038517475128,0.08484866376966238,0.05370268188416958,0.21684302091598512
2022-02-01,0.05400384621221388,0.09868043065071105,0.06460647657513618,0.030175373144447803,0.017103751584585148,0.035440139972273244,0.06187813465073759,0.06514527159135497,0.03853561910800636,0.0791775545105338,0.07224945686757564,0.046601592749357226,0.33640236854553224
2022-02-02,0.054950919544215895,0.10210645198822021,0.06713619194924832,0.030792761780321597,0.017871395104280728,0.03585410354546781,0.06387283151388737,0.06521687994653344,0.03988732086727396,0.0798486489802599,0.0764881681650877,0.04772843383252621,0.31824588775634766
2022-02-03,0.05806571534464755,0.10850507616996766,0.07144162245094776,0.03304349686950445,0.018979302906275565,0.0387585894736084,0.06984814752992427,0.06903121674642013,0.04248408599523827,0.08297891225665807,0.08163936734199524,0.05029943212866783,0.27492502331733704
2022-02-04,0.04252630217525706,0.07705849781632423,0.05236269049346447,0.02517248932272196,0.014396906983276558,0.02870873741378368,0.051387486637987936,0.050930054180905945,0.03272819059784524,0.057535063847899436,0.058040990680456164,0.03765624612569809,0.47149634957313535
2022-02-07,0.04299651346700166,0.07815554663538933,0.05422148481011391,0.024715001694858074,0.015170730794313947,0.03069293774025752,0.0514767498310551,0.05182924491350018,0.033164183783810586,0.05621181894093752,0.058009604830294846,0.03864047266542912,0.46471569538116453
2022-02-08,0.046197439548348915,0.0835182562470436,0.057869044691324235,0.026583554781973363,0.01618402042924849,0.03284728869355184,0.05394088593345607,0.055353709291509644,0.036556112277321515,0.06093771029263735,0.060005145706236364,0.04183183871209621,0.4281750202178955
2022-02-09,0.053186969315665245,0.09500826969742775,0.06649290025234222,0.03043839018791914,0.018999540980312802,0.03873653846466603,0.06173940166911045,0.06377697983925171,0.042349737870972605,0.07025789935141802,0.06937792990356684,0.04893514439463616,0.3407002866268158
2022-02-10,0.044610053589902776,0.07936822399497032,0.05488648861646652,0.025206432864069938,0.015382486849792976,0.032086794757339374,0.04990509444707882,0.052158672746110746,0.0352843574131839,0.059121002443134785,0.0597839749418199,0.04092431291937828,0.45128207802772524
2022-02-11,0.04263739636662791,0.07571587786078453,0.052177523635327815,0.024799375981092452,0.015289207946178962,0.031403557553851866,0.048065302671884066,0.05014600724908114,0.03484076518798247,0.05346510829403996,0.056062052072957155,0.039393902942538264,0.47600393891334536
2022-02-14,0.04303069102150481,0.0753812912851572,0.05225401185452938,0.025352435931563378,0.015358683322476275,0.031008504347648725,0.048131315396782524,0.04988093713617765,0.03409461171831936,0.054574424680322406,0.055096675036475064,0.0392036434262991,0.4766327917575836
2022-02-15,0.0434300971392723,0.07481342628598213,0.05192806515842676,0.02566053196787834,0.014762824955190722,0.03195571510545925,0.04742388575939423,0.04971251917491308,0.03499295455403626,0.05511919232085347,0.05330936042591929,0.039930930733680724,0.47696051001548767
2022-02-16,0.044287041256434276,0.07487958632409572,0.05126128252595663,0.026581807434558867,0.015092946310041632,0.03165229477548017,0.045852686105007125,0.049916703019180456,0.035483312007272616,0.05621211407706141,0.05413191029801965,0.04049504268914461,0.4741532623767853
2022-02-17,0.044072422696127586,0.07405363917350768,0.05036168973892927,0.02688817922025919,0.015356680293379199,0.03300079899748596,0.04690533166728557,0.05096245078453663,0.03561895831371657,0.05748797720298171,0.05450168177485466,0.04028098601847887,0.47050920128822327
2022-02-18,0.043573973157195134,0.07267200760543346,0.04858514536172152,0.02680647261440754,0.015151391724749885,0.033318986903214665,0.04790011033491339,0.050957793360812076,0.03532007583416998,0.057838107086718084,0.05434587518684566,0.03999210149049759,0.4735379695892334
2022-02-22,0.045330821565459624,0.07714031487703324,0.05025683119893074,0.02778518758714199,0.015411133448082204,0.03498676897259756,0.05036784844031814,0.0523224305820694,0.036931785731576385,0.06138168973848224,0.057234072824940085,0.04143199473619461,0.4494191348552704
2022-02-23,0.05141847451138215,0.08803167194128036,0.057258734852075575,0.03281447757035494,0.01730059093053633,0.038969329319371936,0.05442532345037563,0.05739178940584662,0.04343949762405828,0.06716095954179764,0.06147693521343171,0.046386676281690596,0.3839255511760712
2022-02-24,0.04699760989940103,0.08031402714550495,0.052197379246354106,0.031486245803534985,0.01642088650936202,0.0371948570108195,0.04990825133953898,0.05292307270679739,0.041340288415085524,0.05971017424017191,0.05542625095695257,0.04318365082144737,0.4328972935676575
2022-02-25,0.05039929541375372,0.08467228040099144,0.0558515515178442,0.034461816772818565,0.01730840248761716,0.03993120014772522,0.05067011497523062,0.05495822780118562,0.04425308937206864,0.06431266511790454,0.05873715337365866,0.045482069812715055,0.3989621579647064
2022-02-28,0.04527355201830332,0.07619007267057895,0.04982167985290289,0.03109864741563797,0.01582674893114149,0.03631194139582803,0.04522055587964964,0.04970987624006575,0.038658659486100075,0.057431137375533584,0.053711834782734516,0.040603426098823545,0.46014186143875124
2022-03-01,0.04821645826796779,0.07972645536065101,0.052699319273233416,0.0338092252612114,0.0174841189637057,0.03836908191403019,0.048196860710016054,0.0518588160775737,0.0400196589413099,0.06108927563764155,0.057530464790761474,0.04310901015996933,0.4278912603855133
2022-03-02,0.056046119559677796,0.093429234623909,0.0611416719853878,0.0397408414632082,0.02069030941814649,0.043859542396066334,0.056475302782507696,0.05953823386409489,0.047536711895372716,0.06929177339188755,0.06599794211797416,0.049800309166312215,0.3364519953727722
2022-03-03,0.06229362161908085,0.10462745651602745,0.06915634796023369,0.046541902050375936,0.02374574181735838,0.04975207260962975,0.06056396336535776,0.06595274298996454,0.05277503313263878,0.07781438692472875,0.07266109306365251,0.05774588100612164,0.25636973679065705
2022-03-04,0.06729840249573922,0.11105875968933106,0.07489914111793042,0.050570059567689896,0.025687809360342227,0.05105664325701653,0.06215192944433099,0.06841786288257268,0.05640222873771563,0.0807227345649153,0.07487553893588483,0.06165034249424935,0.21520856022834778
2022-03-07,0.06751306105703545,0.11160565540194511,0.07472178675234317,0.050346077978610994,0.025170885683133904,0.05271119031499225,0.06525093069296836,0.06949603331621042,0.057370071695186195,0.08243519961833953,0.07639989028684795,0.06113356500864029,0.2058456778526306
2022-03-08,0.04892532667132325,0.07963702231645584,0.053796383738517764,0.03735699914395809,0.017521188122228182,0.03963517665121756,0.04885285180098364,0.0511729528068404,0.04352012524614111,0.05883893168065697,0.05602695127017796,0.04488067142665386,0.41983540654182433
2022-03-09,0.053360468898024926,0.08570983782410621,0.059466782957315445,0.04296044260263443,0.02002064340403926,0.04287046697254056,0.05327584206722804,0.05635802281182425,0.04864000105299056,0.06493828082457184,0.0617041302844882,0.047639860026538375,0.36305522322654726
2022-03-10,0.05704388179336366,0.09132254123687744,0.06440777666866779,0.04714326374232769,0.022641615697728313,0.04670308443150262,0.05643565763859435,0.06076454055414402,0.052968001132830976,0.07178010861389339,0.06267720307223498,0.05291859656572342,0.3131937623023987
2022-03-11,0.05365701752967596,0.08613682240247726,0.059437434375286105,0.04464271143078804,0.021213486594638554,0.04552240534193075,0.053504938798529265,0.056518969474057455,0.0514219026779756,0.06716975530143827,0.05912744123488665,0.05087762102484703,0.3507694900035858
2022-03-14,0.05341019989310673,0.08580477982759475,0.05844545140862465,0.04429806210100651,0.02045625331771994,0.046144795876352875,0.05409417563307706,0.05467543710584817,0.05115720180328935,0.0684383041691035,0.0596975480671972,0.04966251477599144,0.3537152886390686
2022-03-15,0.043326674053201765,0.06885427944362163,0.046293506398797035,0.0365807618945837,0.01647092669302328,0.03800794781138776,0.04308599486454483,0.04405241650998111,0.04222420114092529,0.05581280533224344,0.04777464065700769,0.039866605587303636,0.47764923572540285
2022-03-16,0.04308868993768851,0.06859726682305337,0.04683096930384636,0.03826181441545486,0.017121009075017922,0.0369036016690405,0.04161610623068075,0.042937279912980665,0.0432281585643068,0.056695664022117856,0.047628733702003954,0.039256461150944236,0.4778342545032501
2022-03-17,0.04227299216505287,0.0682393416762352,0.04674275703728199,0.039287570491433145,0.017489827329232988,0.037658237891093196,0.04221209862126525,0.04241135606723798,0.04383495463989675,0.057210081885568795,0.04796843705698848,0.038976152427494526,0.4756962060928345
2022-03-18,0.042085180895760035,0.06790056824684143,0.046525034308433535,0.040158743411302565,0.017408145567008936,0.03658518503081041,0.042037368657970295,0.04194097863226265,0.04418486678041518,0.0574019443243742,0.04858322651125491,0.03932122439146042,0.4758675336837769
2022-03-21,0.04119030215443438,0.06703802570700645,0.045970848947763446,0.040055256336927414,0.01768246657787298,0.036393273116953395,0.043071010020102565,0.042466315326074165,0.04466156584676355,0.057716678944416344,0.04852576712146402,0.03784744814038277,0.47738102078437805
2022-03-22,0.040415066902677134,0.06643073707818985,0.046125448867678644,0.04071659110486507,0.018311211740815736,0.037088092157843276,0.04323489948359516,0.04271084879199112,0.04625151245854795,0.05662850462831557,0.04798242538236082,0.03653311301022768,0.4775715351104736
2022-03-23,0.03963468348754251,0.06654537916183471,0.04587306566536427,0.04260174185037613,0.019186925580648405,0.03618359619212512,0.043415850964851545,0.043708323529880036,0.046516715479083356,0.0562941643409431,0.04749541343189776,0.03467050325125456,0.4778736114501953
2022-03-24,0.03931215624138353,0.06679250299930573,0.04548472017049789,0.043610227108001706,0.020297709666216156,0.03609648373821841,0.04417439758187278,0.04355643221519845,0.04801911232061684,0.05340294120833278,0.04733590553514659,0.035022581182420257,0.47689483165740965
2022-03-25,0.038342252258477316,0.06617215424776077,0.0453038539737463,0.04283091723918915,0.020131153551722215,0.03700860801199966,0.04505074947022845,0.04411901872147759,0.047581502702087164,0.05411591660231352,0.048211106704548,0.033686688356101516,0.4774460792541504
2022-03-28,0.038065982382071616,0.0650265246629715,0.04515267312526703,0.04285096377134323,0.01970795181551761,0.03727114304392032,0.0449291778773059,0.04448173094928905,0.04819596605375409,0.05583822885528207,0.048487488925457,0.033566698990762235,0.4764254868030548
2022-03-29,0.03780023050060173,0.06565556079149246,0.044566980376839635,0.04372440651059151,0.020450574518149623,0.03727773928247515,0.04685692347443755,0.044776342406304084,0.0488448265939951,0.058691934077069165,0.04870824115350843,0.03278138041496277,0.46986486911773684
2022-03-30,0.03684984414140864,0.06461109593510628,0.043596412241458896,0.04330378398299217,0.020500754263576226,0.03814433366789984,0.047099072508308915,0.04373133825925102,0.049033130635507405,0.05693745263852179,0.0483416460454464,0.03216955401003361,0.4756816029548645
2022-03-31,0.03638073492847482,0.06518393978476525,0.04314776323735714,0.04287308752536774,0.02018561401340957,0.0366090510884689,0.048501389360561656,0.04354425561334683,0.04988199272193015,0.05731205819174647,0.048213598318398,0.03117443583905697,0.47699207067489624
2022-04-01,0.03648515278110818,0.06584537178277969,0.04271841868758201,0.04400065913796425,0.020097606571161285,0.03590199950653243,0.049318795466336954,0.043651102169130415,0.05087534876074642,0.0562431073281914,0.047875629551708695,0.03127393126487732,0.47571287155151365
2022-04-04,0.035861900426073845,0.06558933332562447,0.044433433562517166,0.04381399750709534,0.01985124968496823,0.0372617763592757,0.04857384469367645,0.04345890251586528,0.051617682143114504,0.05456116478890181,0.04601060571148992,0.03133147060871124,0.4776346504688263
2022-04-05,0.03666624882806957,0.06570768058300018,0.04515045620501042,0.04555019214749336,0.019729172075640556,0.035722130162726275,0.04773406322225089,0.04349610844341907,0.05175463086925447,0.05405206587165594,0.04643571358174085,0.032309720292687416,0.4756918251514435
2022-04-06,0.037232976660868465,0.0658211961388588,0.04514263607561588,0.04687700644135475,0.01980025997287651,0.03662268433822931,0.047251379410445084,0.042823808927186846,0.05271535255014896,0.05187524221837521,0.04553881464526057,0.032203180529177186,0.47609546184539797
2022-04-07,0.03765107121497859,0.06627604067325592,0.044784752652049065,0.04713137373328209,0.01966146378990654,0.036736960361841396,0.047256021436398045,0.043398266299254654,0.053573541319929065,0.05063394652679563,0.04480769485235214,0.032615638338029385,0.47547324895858767
2022-04-08,0.03747789875643015,0.06529745608568191,0.04450335800647735,0.04676020443439484,0.01969158203687229,0.03637146178213015,0.04653734697671243,0.04344112760195103,0.05344335017725825,0.05204842463135719,0.04532568790018558,0.03172711655497551,0.47737497091293335
2022-04-11,0.03749461707417083,0.06647410541772843,0.04490521401166916,0.04678984731435776,0.020467723322125764,0.03580698515292937,0.04618859304878882,0.04422877697509211,0.054434328759089115,0.051017234474420546,0.044649622216820714,0.03150665238499641,0.4760363161563873
2022-04-12,0.03744762495909093,0.0664107583463192,0.04437110796570778,0.04705776870250702,0.02070249512964768,0.03506406112435627,0.045915106479103504,0.04458038785759637,0.05486358045600355,0.049004283454269174,0.04465931002050638,0.03262636810541153,0.4772971451282501
2022-04-13,0.037239396015415774,0.06613388359546661,0.04372492879629135,0.04718056991696358,0.020298128334027686,0.035093472437834804,0.04559022719181929,0.04493587277297415,0.05493446593172848,0.049406999815255405,0.04555122312158346,0.03301596734672785,0.47689488530158997
2022-04-14,0.03789635237141002,0.06619534119963646,0.04240602590143681,0.04669775813817978,0.02031115202104754,0.034350271628954945,0.045270487299748474,0.044821062845038284,0.05442925845272839,0.050929902121424675,0.04702991656959057,0.03385226856917143,0.47581018805503844
2022-04-18,0.038408580621320534,0.06641010865569115,0.04199736118316651,0.04563513249158859,0.02019376065770242,0.035389589303049716,0.045137769227559056,0.04511622361834959,0.05523208566009998,0.04928179350681603,0.04694311283528805,0.03394703008234501,0.47630746364593507
2022-04-19,0.038170549289200294,0.06531819999217987,0.042081907764077185,0.045161609351634976,0.019810922406824714,0.03576750772069772,0.04523258632509215,0.04640827463547019,0.05482238098047674,0.04951236946508288,0.04805358853191137,0.03277576975524425,0.4768843412399292
2022-04-20,0.03888575358887074,0.06571229249238968,0.041791060194373134,0.04460951313376427,0.01995260775495993,0.03658997046404409,0.04565759607654023,0.04735316289518341,0.05564325181767345,0.051224429486319424,0.04851067177951336,0.03224491905421019,0.4718247652053833
2022-04-21,0.039235033813462473,0.06948715671896935,0.042138001695275304,0.04472322165966034,0.020060506758197327,0.03728730983535513,0.04730896888890275,0.04732382477421062,0.056753607280552384,0.05207899692468345,0.049689706787467,0.0331426465883851,0.46077102422714233
2022-04-22,0.03817620349222537,0.06717833802103997,0.040387146174907684,0.04357180967926979,0.018936683539067366,0.036088547318701106,0.0462791901471018,0.046036518282309126,0.055135045759379865,0.05038961498066783,0.04871159326285124,0.03158840499818325,0.47752092480659486
2022-04-25,0.03804175190454302,0.06716397553682327,0.04043104983866215,0.04471698179841042,0.018898006998142414,0.03504539157318618,0.04694224789077275,0.04541757969498317,0.05555094256997108,0.04986614934168756,0.04880363568663597,0.03211728967726231,0.47700499892234804
2022-04-26,0.038590282936047694,0.06715245991945266,0.04142669551074505,0.044700369238853455,0.01834347596001713,0.03453694479327964,0.04582936318102817,0.043972718370317666,0.05506722843274474,0.052200950030237434,0.04733843840658665,0.031966331973671915,0.4788747549057007
2022-04-27,0.03854631568281306,0.0659882202744484,0.041376487165689466,0.04585474655032158,0.01788581693912512,0.03388792214033742,0.046414503144858975,0.044219924943186585,0.05584498401731253,0.05065440991893411,0.04769442901015282,0.033245478942990306,0.4783867418766022
2022-04-28,0.038500843857356234,0.06428112015128136,0.04044307731091976,0.044868706911802295,0.01755735875562703,0.035667314217607785,0.04562209243766713,0.0448429401021075,0.05575857600197196,0.05253725256770849,0.04727989174425602,0.033453735336661336,0.4791870951652527
2022-04-29,0.03916621720648337,0.06441541463136673,0.04175946749746799,0.046658195555210114,0.017640372100281708,0.03590128328236517,0.044078425206696005,0.04483664012517217,0.05552798602730036,0.05194982350803912,0.04640578236430883,0.03441178128123283,0.4772486090660095
2022-05-02,0.03837402981801112,0.06235412508249283,0.041660773754119876,0.04743904396891594,0.017808859363569594,0.036550244210408776,0.04461202796508719,0.045569701365687186,0.05611893944442272,0.050026648305356504,0.04820321537554264,0.0336701625958085,0.47761222124099734
2022-05-03,0.03859618282620296,0.061376139521598816,0.041340834274888036,0.046104025840759275,0.01772848218844736,0.03808800935078409,0.04364235698816614,0.04577683865689508,0.05418452234007418,0.05203782501630485,0.04780487678945065,0.03339200764894486,0.47992788553237914
2022-05-04,0.03899449981771319,0.06166236251592636,0.04239424020051956,0.04637021496891976,0.017023395375657023,0.03733164641281519,0.043618119403178744,0.04506984919909414,0.05481013981625438,0.050566625967621806,0.048329520784318444,0.03489114213734865,0.47893825769424436
2022-05-05,0.03929787850417554,0.061897435784339906,0.043014281615614894,0.04640179425477982,0.015893640206131997,0.03697128636524951,0.043541689802534124,0.04388717007931966,0.05383885274641216,0.05244636908173561,0.04860830828547478,0.03661216478794813,0.47758911848068236
2022-05-06,0.039159337269858166,0.05972905829548836,0.042455680295825006,0.04707515612244606,0.015603274108162247,0.037638981023613384,0.04331312095838058,0.04389519710465652,0.054109141882508996,0.05234904773533344,0.0498427364975214,0.03685542605817318,0.47797385454177854
2022-05-09,0.0393060615015278,0.06058951690793037,0.04264549799263477,0.0477676272392273,0.015414288755840744,0.0377337125623626,0.043372212238900865,0.04460460912019606,0.05489155105315149,0.050406978279352185,0.04912059009075165,0.03637433256953955,0.4777730107307434
2022-05-10,0.03903365715756788,0.05983697399497032,0.04191053695976734,0.04843488186597824,0.015448567520507338,0.03755886602272085,0.04519158100459837,0.04481450671300582,0.05526107428595424,0.050532460957765576,0.047548330202698705,0.035688025504350664,0.4787405490875244
2022-05-11,0.03923014078086897,0.0599476046860218,0.04196958430111408,0.047907587885856626,0.015730113996879246,0.03812634275210769,0.044822348880300386,0.04394471920581076,0.05503769107162952,0.05095853470265865,0.04728948157280684,0.03553411867469549,0.47950173616409303
2022-05-12,0.03931534194532667,0.05998976454138756,0.041523833945393565,0.048177465051412585,0.015840534253396397,0.03673741302751523,0.04445125020909675,0.04336660541078512,0.05511901481077075,0.05239250687882304,0.047935790941119195,0.036503109894692895,0.478647381067276
2022-05-13,0.03884428624190121,0.05824224501848221,0.04144681915640831,0.047625626623630526,0.015777653276373017,0.03734597217921305,0.043777963623222324,0.04240451490158357,0.05347467130050063,0.055458287615329026,0.04760047011077404,0.03741209134459496,0.48058940172195436
2022-05-16,0.039279144684929615,0.05838490426540375,0.042341898754239084,0.04768390953540802,0.016131774862367186,0.0398143033630447,0.042809046049907984,0.0433725139904638,0.0529553921893239,0.05480830073356628,0.04713067375123501,0.037099760957062244,0.4781883656978607
2022-05-17,0.039408786292454326,0.05923203304409981,0.04187348298728466,0.0475203275680542,0.015904298953415184,0.039568201925300174,0.04232094236142263,0.04248469557246946,0.05299790129065514,0.05499630384147167,0.04777751825749874,0.03589908517897129,0.4800164520740509
2022-05-18,0.03949229531023626,0.058619015663862226,0.04199059084057808,0.04776397868990898,0.016411256415718077,0.041413740535489296,0.042758599247523676,0.04294499964979544,0.05201133955270052,0.053871015552431345,0.048426573351025584,0.03631976526230574,0.4779768407344818
2022-05-19,0.03864901062539552,0.05718941763043404,0.042026295140385625,0.04929210469126701,0.016451673294384683,0.040275879065603704,0.044009171337976126,0.042888301340489224,0.053062522783875465,0.05044237552210688,0.04903723578900099,0.037041299790143964,0.47963473200798035
2022-05-20,0.0384635499691738,0.05717235803604126,0.04171051867306232,0.04939698874950409,0.016459690707867836,0.04053924096585888,0.043471859962435036,0.04198643976791381,0.05192489316686988,0.05137256756424904,0.051008673012256624,0.036937109753489496,0.47955610752105715
2022-05-23,0.03849687412398932,0.05658834502100944,0.0419148676097393,0.05035001710057259,0.016893086713654526,0.03991693377899423,0.04201187609824473,0.04097739157498879,0.05183152630925179,0.05127690453082323,0.05145416893064976,0.03758221417665482,0.4807057917118073
2022-05-24,0.03893846182970666,0.05659013167023659,0.04299343526363373,0.050907678157091144,0.017657869209832634,0.04182348910829603,0.04142312037216609,0.04128546734423857,0.0511293450370431,0.049675872549414635,0.05021801013499498,0.037722397595644,0.4796347379684448
2022-05-25,0.03969975977328595,0.05771735906600952,0.04287332445383072,0.05013878494501114,0.01736233151813398,0.042392499701014684,0.04119586802807547,0.03979047301367764,0.05062223998829722,0.05192431658506393,0.048904810845851895,0.03704445697367191,0.48033379316329955
2022-05-26,0.03964965081290206,0.056808040291070935,0.04269080236554146,0.04997258335351944,0.017618826082370732,0.043357880634292204,0.04193876506885097,0.03814045777395716,0.05084177469834685,0.053249227721244095,0.04844818618148565,0.037026248127222064,0.48025757670402525
2022-05-27,0.04024756222281774,0.05759826153516769,0.043154523521661756,0.04962161034345627,0.018339478341405167,0.04403172885122615,0.04222550504618834,0.0378169122020612,0.051593315042555335,0.052320871781557796,0.048312758468091486,0.03640520796179771,0.4783322513103485
2022-05-31,0.0406780113652621,0.05820903033018112,0.043566247820854186,0.04944648593664169,0.018401767482665577,0.04362233045366963,0.043108818882610575,0.03741223947098558,0.051071166060864925,0.051149282790720466,0.048175898380577564,0.03627695329487324,0.47888176441192626
2022-06-01,0.040692811145147625,0.057449985295534134,0.043479982763528824,0.04958757534623146,0.018954845882403325,0.04390350031355581,0.04271816299838509,0.03815486087794984,0.051392801105976105,0.05130971744656563,0.04748586900532246,0.03705648854374886,0.4778133988380432
2022-06-02,0.04113738226329957,0.05791047737002373,0.04317181780934334,0.05036414936184883,0.018774872933090058,0.0441892105511954,0.042682865678818696,0.03914928514869871,0.051729438826441765,0.04910664223134518,0.046302863582968715,0.03693714737892151,0.4785438239574432
2022-06-03,0.04094860234849609,0.05825515016913414,0.04285285994410515,0.049359320849180224,0.01791169831379502,0.045483930426658506,0.04369281393823883,0.039414247391853154,0.05163097735494375,0.04945726357400417,0.04629145245999098,0.036872584745287894,0.47782909870147705
2022-06-06,0.040800815695654434,0.0582690816372633,0.042875446006655694,0.05004618465900421,0.017619143657044666,0.04459371181131644,0.0444508616401972,0.0398220671571277,0.05209133680909872,0.04942504186183214,0.045315086096525195,0.03750612288713455,0.4771850883960724
2022-06-07,0.04032719473627857,0.05737934410572052,0.04255317486822605,0.049434252083301544,0.018356183818315053,0.044876305813582464,0.04419016673513969,0.04054779996451252,0.05293025514110923,0.04813364269211888,0.04550471846014261,0.037272543832659724,0.47849443554878235
2022-06-08,0.04122805636776601,0.05851213000714779,0.041669882088899615,0.049818224459886554,0.018664031214677124,0.04291177539178648,0.04291875293298357,0.03969643903509397,0.05280098635703325,0.05000623492524028,0.04584854766726494,0.03774753585457802,0.4781773924827576
2022-06-09,0.04118388054767763,0.05895389206707478,0.04121236875653267,0.05024444237351418,0.019199419195989265,0.04301339540944582,0.04404056643365504,0.040052478999893816,0.053517896309494974,0.047825591452419755,0.04560321550816297,0.037546423822641374,0.4776064395904541
2022-06-10,0.04192639285277337,0.06039044521749019,0.04241001904010773,0.05205402746796608,0.020134021706776473,0.042044371681481604,0.04591770699990736,0.04136160425207027,0.054951418191194534,0.04604524290189147,0.046389033831655976,0.03912382200360298,0.4672518908977509
2022-06-13,0.04044891673162443,0.058419793099164966,0.041035208851099014,0.05159135684370995,0.019097736291130474,0.041140363371823696,0.04574701719594234,0.04116859481061397,0.05428708605468273,0.04434790937229991,0.04569699652493,0.03880903646349907,0.4782099723815918
2022-06-14,0.04006479317114255,0.05697050131857395,0.04052590169012547,0.052154934406280516,0.019170174226174553,0.04102725140400594,0.04530910351120436,0.040561177719512106,0.05366465244442224,0.04514767825603485,0.04636998940259218,0.038527796417474745,0.48050605654716494
2022-06-15,0.04016748365851423,0.056794457137584686,0.04060960039496422,0.05260719507932663,0.01923189586723879,0.042160744956581196,0.043875987604730146,0.040655047185114944,0.05339888473972678,0.044919654913246634,0.047339776530861855,0.03847907818853855,0.4797601759433746
2022-06-16,0.04015084785365612,0.0567575640976429,0.040483081340789796,0.05273281335830689,0.019697603489429484,0.0418515792515791,0.04352167859442559,0.0392971332943091,0.05245484812185168,0.047565946262329815,0.04667692668735981,0.03902344331145287,0.47978652715682985
2022-06-17,0.040005080994127515,0.05660794340074062,0.03972698226571083,0.05368730574846268,0.019584188152333936,0.04187532023944414,0.045773457083525496,0.03952519277841127,0.05296536479145288,0.04907446699216962,0.04657332301139831,0.03991241306066513,0.4746889531612396
2022-06-21,0.039410755487107,0.0556853823363781,0.0391827292740345,0.05196593776345253,0.01888136326569594,0.0418206095987216,0.04483310252504467,0.03881707944307937,0.05174380876123905,0.04904841613024473,0.047723278123885396,0.03934583254158497,0.4815417051315308
2022-06-22,0.03953805242349464,0.05609535612165928,0.03998977802693844,0.052752356976270676,0.020036593725556884,0.04193346374581779,0.04335552517576531,0.03968158987575432,0.05213890355080366,0.04927665200084448,0.04574733851477504,0.04070063829421997,0.4787537455558777
2022-06-23,0.0393737313051858,0.05565352402627468,0.03954341746866703,0.05277563333511352,0.01967403670121435,0.04179429605209748,0.04247487774862631,0.03888974693663627,0.05201795361936092,0.04895504312589764,0.0467770735733211,0.0413519948720932,0.48071866035461425
2022-06-24,0.03932238703805151,0.0555523544549942,0.03925010375678539,0.05143221095204353,0.019252595702413798,0.04331305278456625,0.042799329016347976,0.038677907163540935,0.051084503531455994,0.050389378890395166,0.04804538115859032,0.04113660044968128,0.47974419593811035
2022-06-27,0.039008911880075915,0.05580277927219868,0.03930583111941814,0.051621957868337634,0.020259538963436442,0.04394421424537427,0.04213981198771606,0.03884734297203316,0.05045635253190994,0.051121946424245834,0.046393560618162154,0.04154655374586582,0.4795511901378632
2022-06-28,0.038162318005784714,0.05580733977258205,0.03849341832101345,0.05087021663784981,0.020266814273634637,0.044404534381754956,0.04288430297622607,0.03916363185130809,0.05124683026224375,0.05053680296987295,0.046988087520003316,0.04062480814754963,0.4805509090423584
2022-06-29,0.03800102511749141,0.05600440800189972,0.038794805854558946,0.050566557049751285,0.0203047467939907,0.04479672422612566,0.044532844456279363,0.03912512677233515,0.0526262816041708,0.04836713494732976,0.045719432085752486,0.04115120321512222,0.4800096690654755
2022-06-30,0.037677572609398344,0.055770381912589075,0.039361465349793436,0.050883461534976956,0.02097811512778236,0.04428044606993353,0.04439026521937102,0.03873424168492008,0.05256627630442381,0.04656864441931248,0.046104541048407555,0.041820960119366646,0.480863618850708
2022-07-01,0.03814178399176811,0.056181960925459865,0.039546563476324084,0.05095237269997597,0.02111656440868348,0.043072776918154435,0.04492539964245505,0.037794706232077147,0.05164159331470728,0.04775741072371602,0.046291257999837396,0.041324757412075995,0.48125287890434265
2022-07-05,0.038424020073689745,0.05593130923807621,0.039476019144058225,0.050013672560453415,0.02037789206417955,0.04398147166563149,0.045037047757380044,0.037052899343754574,0.051455617882311344,0.04761311812326312,0.0474442245438695,0.04139916710555554,0.48179354071617125
2022-07-06,0.03879144153738636,0.05527391992509365,0.0393079798668623,0.05089492648839951,0.020527891468330138,0.04447971158384121,0.04435328590353205,0.03691374548272073,0.05060355812311172,0.05027425419539213,0.045820969715714456,0.04080398641526699,0.48195433616638184
2022-07-07,0.03875566906409809,0.05464308336377144,0.03898112960159779,0.049550695717334746,0.02026921034645248,0.04675409527918077,0.04377293206387271,0.037639628526181926,0.050699503533542155,0.051386001706123355,0.045380749739706516,0.04033002033829689,0.4818372666835785
2022-07-08,0.03887688181746825,0.05448762103915215,0.03860207833349705,0.05024416372179985,0.01979967411222301,0.04824814637883037,0.04341404351206126,0.037269256654096236,0.0503291592001915,0.05312330089509487,0.046140995994210246,0.039392014220356944,0.4800726890563965
2022-07-11,0.037992247238454804,0.0539456307888031,0.03756251186132431,0.049216572940349576,0.018731848379648496,0.05028571281658856,0.044404614319112135,0.037953681206155034,0.050065615214407444,0.053458424657583235,0.045787299424409865,0.038827503100037575,0.48176833987236023
2022-07-12,0.03829812407648472,0.055280177295207976,0.03798326998949051,0.05037466511130333,0.01828304414805366,0.04963198968513893,0.04526305823199088,0.03759677043126057,0.05190954618155956,0.051022034510970114,0.04517986588180065,0.03852547071874142,0.4806519985198975
2022-07-13,0.03856602177298303,0.056513740494847295,0.037743618711829185,0.04967612624168396,0.017874558729751123,0.04938816334281455,0.04608999400936984,0.03714409359051825,0.05135396495461464,0.05042741950601339,0.04585525542497635,0.0380109716206789,0.4813560485839844
2022-07-14,0.03935318081049264,0.05755954906344414,0.03835483230650425,0.05034950897097588,0.018551184024571832,0.04841259685241539,0.045099531311909934,0.036320345558396916,0.05125154331326485,0.050313308089971545,0.04738781563937664,0.03648089878261089,0.4805656969547272
2022-07-15,0.03883369928271687,0.056164294853806494,0.03772322423756123,0.05092260614037514,0.01865940463137079,0.04896292879777775,0.04527820029650638,0.037072969452564664,0.050167099386453626,0.051310030929744246,0.04810931719839573,0.03585232347249985,0.48094388246536257
2022-07-18,0.038943442924569104,0.05583893544971943,0.03751721605658531,0.05123516768217087,0.01822292120611042,0.04992120851840696,0.04366763515092505,0.03646626683330343,0.0505295192822814,0.05257528219372034,0.04946836456656456,0.03556912466883659,0.48004490733146665
2022-07-19,0.0388583715257468,0.056250732764601706,0.03708252385258674,0.0512110136449337,0.01836470864300459,0.050793946846857806,0.04359590257219601,0.03720606384142879,0.05109719131141901,0.05251577906310558,0.04785206988453865,0.03496357463300228,0.48020813465118406
2022-07-20,0.03893396822370043,0.05654728338122368,0.03758935257792473,0.051507380604743955,0.01803634854185656,0.05248538157798066,0.04373220647379768,0.03691072977830068,0.05127210635691881,0.050294645689427854,0.04787774682044983,0.035118599981069566,0.47969425320625303
2022-07-21,0.03804088736049636,0.05736965164542198,0.03734166584908962,0.05203215777873993,0.016964240816234266,0.05090283319585751,0.044252741175373346,0.0374438664101433,0.053163071535527705,0.049650369212031364,0.047506389766931535,0.03480452671647072,0.4805276095867157
2022-07-22,0.03761865110264893,0.0577802911400795,0.03740047477185726,0.05272349864244461,0.01764004720555512,0.04879354654497092,0.044606501711033884,0.03659953829291727,0.05360764395445585,0.04965057037770748,0.048561349511146545,0.03452197797596455,0.48049591183662416
2022-07-25,0.03830255014518809,0.059226886928081514,0.03783552311360836,0.05221451967954636,0.017170319732847262,0.04752129352857537,0.04467646635710239,0.035866079249429285,0.053034693002700806,0.04920186661183834,0.050049570947885515,0.03408036567270756,0.48081985116004944
2022-07-26,0.03825516512904255,0.05945118218660354,0.03805958144366741,0.05217549204826355,0.016482140255393674,0.04864414872834573,0.04474748815183087,0.03682705793435126,0.05303332228213549,0.04804123491048813,0.05117990151047706,0.03393310159444809,0.4791701912879944
2022-07-27,0.039237741891383494,0.06073483601212502,0.039844881370663644,0.05334249883890152,0.016313619179961415,0.04858042304480818,0.04318185333380189,0.036245944950569785,0.05429794061928987,0.04726325869560242,0.05061156153678894,0.03274629376828671,0.47759913802146914
2022-07-28,0.03904413855553361,0.06040390729904175,0.03956742361187935,0.05283685401082039,0.016025297639265725,0.04992369378119861,0.043257339702098996,0.036896530756087745,0.053604083508253096,0.04672747254371643,0.0502310149371624,0.03170232214033604,0.47977990508079527
2022-07-29,0.03950656406987978,0.06154727339744568,0.03900144770741463,0.052501071244478226,0.015275931203323267,0.05002993780242378,0.04332348294435366,0.03676997963575914,0.054798511788249016,0.04579374343156815,0.05051640272140503,0.03209327198565006,0.47884238958358766
2022-08-01,0.03966491946337101,0.06178554594516754,0.03878778852522373,0.05240507423877716,0.014478849636302549,0.050092987386472033,0.04356910388642454,0.0368855636613187,0.05437949001789093,0.04548698589205742,0.050651295483112334,0.03237425200641155,0.4794381260871887
2022-08-02,0.03939609722975153,0.061254842579364775,0.03821679465472698,0.05196849852800369,0.014096831765486862,0.0501460713832671,0.04401321363162971,0.03702070234845785,0.05326528511941433,0.0466428317129612,0.05266539230942726,0.033072230219841,0.47824121117591856
2022-08-03,0.03902833812830231,0.06059644594788551,0.03742898963391781,0.05228594616055489,0.014233168421788988,0.0494804886996576,0.04369113031172702,0.03702326364229265,0.05395014826208353,0.04589123651385307,0.05256161838769913,0.033862188830971716,0.47996705770492554
2022-08-04,0.039020988228435624,0.061814775317907335,0.03758382610976696,0.050765647739171985,0.014400986967283558,0.048688782867162675,0.043023108599120084,0.03677621427246347,0.054556839913129804,0.045080380886793135,0.05482497438788414,0.034702875465154645,0.47876060009002686
2022-08-05,0.038074382910314244,0.062014372646808626,0.03567092157900333,0.05131928771734238,0.013727488425034374,0.04910515997442531,0.044318794385567094,0.037330678628296,0.053647089004516604,0.045713260024786,0.055487579107284545,0.03477795422077179,0.47881304025650023
2022-08-08,0.03698656964410159,0.06253402009606361,0.03425881490111351,0.05152706280350685,0.013295403062336142,0.04951375679779631,0.044329420095911766,0.03785130548971392,0.05463257618248463,0.04736895821988583,0.05432544499635696,0.03408532291650772,0.4792913556098938
2022-08-09,0.036358317930643834,0.06376094818115234,0.033844812959432605,0.050787977129220965,0.012624545188240077,0.04895470658988188,0.04554178667608237,0.038220776236615704,0.053504832088947296,0.04858274795114994,0.056109368056058886,0.03393866010010242,0.4777705192565918
2022-08-10,0.03590010860507746,0.06555471867322922,0.03365883119404316,0.04972481206059456,0.011766571230669242,0.05001062634189566,0.04755494432892515,0.03984067193617431,0.05515705682337284,0.0498018816113472,0.05541022047400475,0.03347810208797455,0.4721414864063263
2022-08-11,0.03556948088225749,0.06519576013088227,0.033639239892363546,0.049124669283628464,0.011170032012790366,0.04895645125271812,0.04725482325311248,0.039232539046157554,0.0546702329069376,0.0493493540212512,0.05408478453755379,0.03314699307084083,0.47860565185546877
2022-08-12,0.034220183728961115,0.06615225002169609,0.03405259978026152,0.0481712631881237,0.010940271735490548,0.04814164832409915,0.04723284413212205,0.040343482623007354,0.05663568414747715,0.04781785737723112,0.05441694632172585,0.03276085518300533,0.47911412119865415
2022-08-15,0.03430778844461635,0.06650820001959801,0.034076504223048684,0.048064105212688446,0.010307170401592458,0.048187711592231605,0.04887809947768371,0.04015767625197526,0.056424078345298764,0.047887219674885274,0.053575416654348375,0.03335178084671497,0.4782742440700531
2022-08-16,0.032895876598614746,0.06575177162885666,0.03342372663319111,0.0472834587097168,0.00953175401537205,0.047503713295088804,0.05066131583540549,0.04085807915374211,0.05685685463249683,0.04989291578531265,0.05441855639219284,0.03307745326310396,0.4778445303440094
2022-08-17,0.03270692024863102,0.06647762507200242,0.03416505288332701,0.046980798989534375,0.009186595996149372,0.046698810175348625,0.05290805366584479,0.04296793769251099,0.060068922117352486,0.049873487837612626,0.05738330557942391,0.033003801666200164,0.46757869720458983
2022-08-18,0.0318762036248625,0.06603361144661904,0.0335955485701561,0.04596419557929039,0.008792248516775913,0.04565094120963522,0.05251058643992792,0.04263730548707532,0.05936749503016472,0.049527928791940214,0.055747364461421964,0.03199326451867819,0.4763032913208008
2022-08-19,0.03217681822139422,0.06784393638372421,0.0344692861661315,0.047005464881658555,0.008676926733297919,0.04685525870809215,0.05456795372697023,0.044925660308374304,0.06122222989797592,0.05194404162466526,0.058391807973384856,0.03356805983930826,0.4583525598049164
2022-08-22,0.0315151731505825,0.06602941006422043,0.03387527130544186,0.045848398655653,0.008385641676452237,0.0454458604922479,0.05217259905898501,0.04335550268936039,0.05967158041894436,0.048074420914053916,0.05396302342414856,0.03284414354711771,0.4788189768791199
2022-08-23,0.03181175700820429,0.06609302461147308,0.03434557933360338,0.04657592847943306,0.008426361523542347,0.04418735843410104,0.05163720516385269,0.04401629318268281,0.060135788097977635,0.04786120243370533,0.053075342625379565,0.03373776245862246,0.4780964136123657
2022-08-24,0.03193056082747674,0.06613893732428551,0.03462615255266428,0.04614986628293991,0.008274356785488912,0.04450858567580553,0.0508793117304327,0.04377979896394848,0.05970270410180092,0.048285669460892675,0.052177692949771884,0.033978889323771,0.47956746220588686
2022-08-25,0.033000603446268074,0.06686341911554336,0.03574677109718323,0.046648820489645006,0.008024865899471578,0.04372462729058953,0.04946808111976182,0.04434828646702762,0.060027479007840154,0.04854628760367632,0.051431594789028166,0.035257027484476566,0.47691214084625244
2022-08-26,0.03325364806791953,0.0662344790995121,0.0357261773198843,0.04589954242110252,0.007977389878533714,0.04275141094431092,0.04844485188094723,0.043454031998238565,0.05871846340596676,0.04973426405340433,0.0530941016972065,0.036205686070024966,0.4785059213638306
2022-08-29,0.03324460827746893,0.06479159146547317,0.035793743841350076,0.04655495509505272,0.008091788802764555,0.04096754100607995,0.048437094745107066,0.044654673833359124,0.0592449739575386,0.05070113427937031,0.0521366648375988,0.036865046434104445,0.4785161852836609
2022-08-30,0.033265606210028234,0.06548297554254531,0.03549129944294691,0.04510216936469078,0.007911543318464886,0.04200710109371357,0.04887358599307401,0.045245347809245474,0.0597765363752842,0.04925637729465961,0.0531791977584362,0.03635388314723968,0.4780543863773346
2022-08-31,0.033812061576727004,0.06615964844822883,0.036156049184501174,0.04579463079571724,0.00797266778179626,0.03943597372031036,0.046935492786068345,0.04467488863648139,0.059894826635718344,0.05004141554236412,0.053015737980604175,0.037137508019804956,0.47896910905838014
2022-09-01,0.03408979418183957,0.0656113713979721,0.036538542993366716,0.04547078013420105,0.00824734975706889,0.04004802956221738,0.046268532966031194,0.04439919277610436,0.059462057426571846,0.05099616982042789,0.05309818834066391,0.037012825906276706,0.4787571668624878
2022-09-02,0.034585879371440066,0.06448358744382858,0.03587742932140827,0.04493464678525925,0.008478670174548064,0.04114398404092299,0.04438226104255438,0.04434903096206018,0.058631159365177155,0.05128464829176664,0.05438174083828926,0.03706179969012737,0.4804051458835602
2022-09-06,0.034773179770245834,0.06560295298695565,0.035097188875079156,0.04458682313561439,0.008368776166860315,0.040302801477196226,0.044166911581930715,0.04401571496758709,0.05778304859995842,0.05171163454651832,0.0559450775384903,0.03789299875497818,0.4797528862953186
2022-09-07,0.03456932983906569,0.06496283784508705,0.0347045473754406,0.04417606964707375,0.008385686983139884,0.043014554895512445,0.0429281786622413,0.044061873797669016,0.05690165720880032,0.051882994920015336,0.056786882877349856,0.037438185140490535,0.480187201499939
2022-09-08,0.034977534101113504,0.06529879719018936,0.03474251180887222,0.043681136518716815,0.008617127098973753,0.04258014241354431,0.0426477196615247,0.04303402584105651,0.05643087886273861,0.05141814909875393,0.058195396512746814,0.03813849724829197,0.4802380919456482
2022-09-09,0.03504276577478009,0.06531498543918132,0.03478670157492161,0.043501441925764085,0.008648433171906156,0.04349451854118343,0.042685827895082615,0.043027040874821586,0.05595337077975273,0.05224638618528843,0.056601669639348984,0.03859775178134441,0.4800991117954254
2022-09-12,0.03521879317018346,0.06511221081018448,0.03443143554031849,0.04349162429571152,0.008592657960523198,0.0442332637926711,0.0430372761259159,0.04307375288735997,0.055082439258694646,0.05159610752016306,0.058559437096118924,0.03886120952665806,0.4787097990512848
2022-09-13,0.03471283770190414,0.06497350297868251,0.03387370407581329,0.042862767726182936,0.008652343824861575,0.04351776908454212,0.04348882516766093,0.04285910092582821,0.05463456325232983,0.05129415616393089,0.059973398596048354,0.0387612447142601,0.48039576411247253
2022-09-14,0.033937750637899985,0.06226061023771763,0.0337291244417429,0.04317292273044586,0.008737209674671575,0.04362849648368865,0.04537676356299212,0.044186319965780284,0.05478583462536335,0.0513970997184515,0.05935285985469818,0.039120503887534144,0.48031447529792787
2022-09-15,0.033588860393189535,0.061970004439353944,0.033851368352770805,0.04347629770636559,0.00863565215376969,0.04314602375206959,0.046409179728059156,0.04338378503624494,0.05385072119534016,0.05112673155963421,0.05973412245512009,0.03960811197757721,0.48121914863586424
2022-09-16,0.03399925847971215,0.0624112531542778,0.03472533747553826,0.044304431229829785,0.00911375105092791,0.041772231938148253,0.04443090002544512,0.04378624449379007,0.05414139069616795,0.05190698113292456,0.05864694863557816,0.040408267825841906,0.48035303950309755
2022-09-19,0.0342996535793624,0.061995449289679525,0.03479149267077446,0.044364190101623534,0.009735022344695388,0.04178796951539425,0.04380639776871096,0.043386255669932615,0.05384519211947918,0.052167180180549624,0.057934659719467166,0.041227152943611144,0.4806593835353851
2022-09-20,0.034571021073084296,0.06217671856284142,0.03411066122353077,0.04357227310538292,0.009616425341456037,0.0412207995176459,0.04137918480760465,0.04288229681511311,0.053449895977973935,0.054425913468003274,0.059721825271844865,0.04091450683772564,0.4819584786891937
2022-09-21,0.03483468834932939,0.06222079657018185,0.03496026210486889,0.044416652619838716,0.010046543560780918,0.04122580522259796,0.041476873380569046,0.04311026620175014,0.054496017098426816,0.053658006340265275,0.05820665210485458,0.04126778319478035,0.4800796449184418
2022-09-22,0.03489045351257634,0.06377073600888253,0.03526710718870163,0.04483478963375091,0.01019045258892497,0.04064319516407977,0.04085295251689001,0.0422149499294461,0.05463824160397053,0.05285488199442625,0.057413529604673386,0.041798172146081926,0.48063055872917176
2022-09-23,0.03548659080538119,0.0639687318354845,0.03480781726539135,0.0459724485874176,0.010303137510511106,0.04134492024168139,0.0396755631298932,0.041917852196750614,0.055811457335948944,0.051395077258348465,0.05504452511668205,0.04315580986440182,0.48111605644226074
2022-09-26,0.035836337505984694,0.06462662667036057,0.03534291386604309,0.04599883258342743,0.010726178235958273,0.03930388022183706,0.03869550198980036,0.04187105937795561,0.05613346621394157,0.051394940726459025,0.054527797549962995,0.0448555164039135,0.48068695068359374
2022-09-27,0.036021284594823476,0.06294802092015743,0.03607002384960652,0.04536253064870834,0.010636578225532389,0.04019316249848544,0.03877584882729188,0.040989488156681554,0.05634293183684349,0.05176095198839903,0.054628728330135344,0.0447186067700386,0.48155184388160704
2022-09-28,0.03562148110474617,0.06227057985961437,0.036197932437062263,0.04581645801663399,0.010863363639149349,0.040016991626362144,0.0369031384578987,0.04007977754271277,0.05567062459886074,0.05375398080796003,0.056192515045404436,0.04398413226008415,0.4826290190219879
2022-09-29,0.035163391013318265,0.061765705421566966,0.03613663092255592,0.04576872438192368,0.010871641528830977,0.04031569025910357,0.03728887509181167,0.03918791280790703,0.054913510009646414,0.05458802953362465,0.05725790485739708,0.04564707018435001,0.4810949146747589
2022-09-30,0.03490214856939602,0.06174541264772415,0.03617266863584519,0.04546514078974724,0.010783438728593709,0.04158994123072261,0.03846675199805638,0.03974224656642402,0.05581973940134048,0.052150314301252367,0.05589626878499985,0.04600329101085663,0.4812626361846924
2022-10-03,0.034513102441027496,0.06300082877278328,0.035727192834019664,0.04513516128063202,0.01038354120049636,0.041551739350870774,0.03893185075724226,0.039249993632031986,0.055911469459533694,0.051988918147981164,0.05631557554006576,0.04604985937476158,0.4812407732009888
2022-10-04,0.034465790125882204,0.0637498639523983,0.036190624535083774,0.04468820914626122,0.010510326781711755,0.040906777522127416,0.03877274531600783,0.03769738421601439,0.05529295653104782,0.052692908234894274,0.0568285770714283,0.04767269790172577,0.48053114414215087
2022-10-05,0.0341599445657673,0.06306379958987236,0.03676065057516098,0.04462458491325379,0.010158783703046837,0.041449022727147164,0.03967326453363747,0.03756504365631397,0.05485335066914558,0.05216507464647293,0.05701211988925934,0.04742138758301735,0.48109297156333924
2022-10-06,0.03367029852712307,0.062100426852703096,0.036545902490615845,0.04472221061587334,0.010252291808730973,0.04240341162119421,0.039941053885401166,0.03796031750850091,0.0547007042914629,0.05302232876420021,0.05751827657222748,0.04703369364142418,0.480129086971283
2022-10-07,0.03366567544126031,0.062065837904810905,0.03630572333931923,0.044774962961673735,0.010148905409397457,0.04226079304958148,0.040490119932828604,0.03778174595348762,0.054362956434488297,0.053104156628251076,0.05709676146507263,0.046812587231397626,0.4811297595500946
2022-10-10,0.032877817304149556,0.060706356167793275,0.03605651929974556,0.04525701329112053,0.010146584686219562,0.042455823173122555,0.04185838305551126,0.03802706477875031,0.05519876927137375,0.052592127956449984,0.05599783807992935,0.047281057387590406,0.48154463768005373
2022-10-11,0.03296714327284338,0.06043440885841846,0.035951054841279986,0.04553564041852951,0.010086374307156554,0.04216210803897411,0.040692293823157935,0.03736266674040607,0.0552194282412529,0.0534504072740674,0.056128430366516116,0.04716669470071792,0.4828433632850647
2022-10-12,0.03295958651443716,0.06165863573551178,0.03689357116818428,0.045771282911300656,0.010431712267145343,0.04012338123570771,0.03964922057590119,0.036927247152999595,0.05458000563085079,0.054088035225868226,0.056836462765932086,0.04799068123102188,0.4820901811122894
2022-10-13,0.0325315643261046,0.06133071780204773,0.036353086680173875,0.04475764036178589,0.01069779662209953,0.03986947825296738,0.039388642591158526,0.03629070338387379,0.05479557253420353,0.05673140157014132,0.057279396802186966,0.04705147892236709,0.4829225420951843
2022-10-14,0.03230809908318246,0.061824487149715425,0.03636927865445614,0.04488762691617012,0.010811426152296022,0.040897813996298285,0.03900304604658604,0.03605432995811331,0.0537774957716465,0.057609048672020435,0.058863785862922666,0.0465928390622139,0.4810007274150848
2022-10-17,0.0317376612384022,0.061592817306518555,0.036539433524012566,0.045288851112127305,0.011092873545577753,0.040423418784848765,0.039356918315843356,0.03616704288989751,0.05343908667564392,0.05631265379488468,0.059319771081209186,0.0471413679420948,0.4815880835056305
2022-10-18,0.03141181007335945,0.06219077184796333,0.036795332282781604,0.045224756747484204,0.011053243823546489,0.040801393504716545,0.03878772720450829,0.03582688243430301,0.05337413772940636,0.056317256018519404,0.0579684928059578,0.048279089480638505,0.4819691240787506
2022-10-19,0.03155780722034205,0.06353457421064376,0.03781913332641125,0.04566876143217087,0.010707323557991444,0.039515217543203106,0.03779259103579378,0.03508200983483985,0.05221661888062954,0.05554354172199964,0.058982773870229724,0.04977846294641495,0.4818011879920959
2022-10-20,0.03210987211817269,0.06391413956880569,0.03873395659029484,0.046218544244766235,0.010837159455074286,0.03981955713161369,0.03754433227607183,0.03476626745574833,0.052836811169981956,0.055259803868830205,0.056987791508436206,0.0499567948281765,0.48101497888565065
2022-10-21,0.03234201164939776,0.0639274463057518,0.03847903609275818,0.04563092365860939,0.011025818519961029,0.04100501499865459,0.036642938102614056,0.03526423980525646,0.05358832776546478,0.05506391935050488,0.05657344236969948,0.04904445856809616,0.4814124286174774
2022-10-24,0.03180406743328312,0.06454544588923454,0.03915308341383934,0.04609261304140091,0.011452071641585704,0.040695547016230196,0.03571615793907288,0.034732207896537484,0.05338645800948143,0.05515267867594957,0.055014654994010925,0.050277639925479886,0.48197736740112307
2022-10-25,0.031733510832721024,0.06549443155527115,0.039835745468735695,0.04608151838183403,0.010822968365465613,0.04074675673073216,0.036090296380234935,0.034588987956573544,0.05340277142822743,0.0543231600895524,0.05346732214093208,0.05121980607509613,0.48219271302223204
2022-10-26,0.03156904706773389,0.06680423095822334,0.04068564809858799,0.04630395025014877,0.010726307698235437,0.04034435501143889,0.03689036552513762,0.03349009433580239,0.052984831482172014,0.05404915325343609,0.052231723070144655,0.05208853632211685,0.4818317472934723
2022-10-27,0.03149693182402942,0.06745408847928047,0.04096757732331753,0.045977314561605455,0.011597974604511129,0.038965556169569024,0.037594411010771725,0.033423018871945945,0.05185629017651081,0.055380548164248464,0.05211594402790069,0.052144425362348555,0.4810259103775024
2022-10-28,0.03174503463836871,0.06841920763254165,0.04097653366625309,0.04670212492346763,0.012211737356897068,0.03863425237050251,0.03857471731901985,0.033054919201370755,0.05180603861808777,0.053800375759601594,0.051033011823892596,0.05168535336852074,0.4813566982746124
2022-10-31,0.031875163050362865,0.06890018731355667,0.04077866226434708,0.04544554352760315,0.012043889241155981,0.03997587543226473,0.03900997610066028,0.03288861777975836,0.050972366333007814,0.05357699301093817,0.051367583125829695,0.05215029269456863,0.4810148298740387
2022-11-01,0.03141232966857697,0.06938885301351547,0.04021721258759499,0.045800245553255084,0.01224886190703014,0.04033246760895963,0.04005839826289694,0.03323633018105756,0.05104825496673584,0.053494352102279666,0.04970062971115112,0.05229559615254402,0.4807664632797241
2022-11-02,0.03129769459195018,0.06949216425418854,0.03967021405696869,0.0447500541806221,0.012222564071528375,0.04079926165213692,0.04091103299355368,0.03271679700747025,0.04993792921304703,0.0546625480055809,0.05029483512043953,0.05144376233220101,0.4818011403083801
2022-11-03,0.031024266316844695,0.06917265057563782,0.03927087001502514,0.04568472057580948,0.012376872518407467,0.03960563185282808,0.042043596742131054,0.033799208496663444,0.05163019634783268,0.0537803091108799,0.04911799356341362,0.05182262659072876,0.4806710481643677
2022-11-04,0.03150081588587739,0.0704606056213379,0.03854569718241692,0.045553088933229444,0.013502192118870581,0.03920094446752955,0.041753886558793064,0.034284137649834,0.05330573953688145,0.051933242939412594,0.04782472029328346,0.05057952329516411,0.48155542016029357
2022-11-07,0.03180206624121755,0.0709025226533413,0.03968816213309765,0.04538812562823295,0.013160919662671767,0.03869926319312071,0.04018627541830764,0.03424334117236327,0.05254652909934521,0.052230366691946986,0.04816431924700737,0.052016425877809525,0.4809716820716858
2022-11-08,0.0323043145673287,0.07186534479260445,0.03949232809245586,0.044660819321870805,0.01267266163856533,0.03813102982526288,0.040136468574242204,0.035206359733303924,0.05251557901501656,0.05255871247500181,0.04857281595468521,0.050833096355199815,0.4810504674911499
2022-11-09,0.032104971218636,0.07205107808113098,0.03855720274150372,0.044410742819309235,0.01247049687369941,0.037531323632083516,0.04082853995759646,0.034667582420519594,0.05155290365219116,0.0534702006727457,0.05056343302130699,0.0500760667026043,0.48171544075012207
2022-11-10,0.031687490855039614,0.07199726849794388,0.038075090199708936,0.045157136768102644,0.012895139925271693,0.03565547377411349,0.04187633625491749,0.034645505699397464,0.05201219283044338,0.05395576097071171,0.050822103023529054,0.050254587829113004,0.48096590042114257
2022-11-11,0.03126028437070012,0.07269062399864197,0.03842141814529896,0.04589328840374947,0.012887960255007335,0.03504777984071552,0.041478292213526655,0.03353615458084249,0.05159068331122398,0.05353069305419922,0.05006944015622139,0.05149514824151993,0.4820982277393341
2022-11-14,0.03146430334562496,0.07395227029919624,0.03941432945430279,0.04621956199407577,0.013096490086762457,0.03502128931704647,0.04047004369590077,0.03296424944142817,0.052151740342378614,0.053304573148489,0.050774703919887546,0.050779075175523755,0.48038737177848817
2022-11-15,0.03123557098397676,0.07374774143099785,0.03985614217817783,0.04598754793405533,0.01311577523056986,0.03493038219025948,0.03970231961609603,0.03332178837535178,0.053379238769412043,0.052362787164747716,0.051267717778682706,0.05105207562446594,0.4800409138202667
2022-11-16,0.031143421706354778,0.07381587699055672,0.039628409594297406,0.04564315602183342,0.013062162363481988,0.035993616495716196,0.0393252784298733,0.03229540949263523,0.053021549805998804,0.05431066267192364,0.0505389116704464,0.050891635566949846,0.4803299009799957
2022-11-17,0.03072642350409325,0.07349159494042397,0.03915826678276062,0.04529362283647061,0.012954362684880394,0.03591091810326361,0.03981572284184072,0.03127533194457684,0.05306898579001427,0.05390422493219375,0.05156305804848671,0.05114988759160042,0.4816876113414764
2022-11-18,0.02993801510455114,0.07207880020141602,0.03846046589314937,0.04413158446550369,0.013508581744375369,0.03766450269918096,0.039794378007832344,0.032154812035802394,0.054263651743531226,0.054393097199499606,0.05301674380898476,0.05037683621048927,0.48021851778030394
2022-11-21,0.03002509698960072,0.07228670418262481,0.03946616575121879,0.04258065223693848,0.013865946943849572,0.038706916519959125,0.038360650127864916,0.03125151989565218,0.05390308164060116,0.055595083720982076,0.054177870601415636,0.050376112759113315,0.47940419912338256
2022-11-22,0.02984145553072004,0.07329611331224442,0.039726271852850915,0.04201095849275589,0.0137309835355806,0.0389191582692547,0.03818932991843038,0.03127333138094794,0.05398402735590935,0.05544877219945192,0.055194173008203506,0.04958223104476929,0.47880318760871887
2022-11-23,0.029637682071594184,0.07243866324424744,0.03929113857448101,0.04199959859251976,0.013657444015690069,0.03999574901076812,0.038533616104487224,0.030662243644498766,0.053423700109124186,0.05621698182076216,0.05463237687945366,0.04926058053970337,0.4802502155303955
2022-11-25,0.028843026979756558,0.07325229197740554,0.03846173994243145,0.04212444052100182,0.014170573475532855,0.040058132886269956,0.03905219220810778,0.030500642766313212,0.05293894857168198,0.05649925731122494,0.05617092028260231,0.04864272251725197,0.4792851209640503
2022-11-28,0.02805849725294838,0.07419645488262176,0.037701578065752986,0.041497286036610605,0.013933014117092135,0.03972175834182963,0.03816144659476759,0.030585181100478743,0.05408449918031692,0.05538903214037418,0.05758757293224335,0.04961991086602211,0.47946377396583556
2022-11-29,0.028237006681749756,0.07446679398417473,0.03786718212068081,0.04192912727594376,0.01411676630092451,0.03812305054370881,0.03669233093339699,0.031261572089233705,0.05550750084221363,0.054146349616348746,0.05821939408779144,0.04978259950876236,0.47965034246444704
2022-11-30,0.027650506518969033,0.07509818747639656,0.03764061033725739,0.04117745980620384,0.014475920222097116,0.03955027517126837,0.03675243419627243,0.032397635981010885,0.054397231340408324,0.053442798741161826,0.05890435129404068,0.049430962651968,0.47908161878585814
2022-12-01,0.027784115939936172,0.07550773471593857,0.038006271794438364,0.04141411930322647,0.013952160471690789,0.03882436029848577,0.03593995273148458,0.03213273391973566,0.05467719361186028,0.053355074301362035,0.058800557255744935,0.0509321503341198,0.47867361903190614
2022-12-02,0.027037903400918672,0.07472764030098915,0.037347929924726485,0.04125371761620045,0.013392625800615754,0.03868224447996908,0.037318198479493955,0.031929294739463286,0.054517292976379396,0.05350859183818102,0.059154736995697024,0.051241569221019745,0.47988826036453247
2022-12-05,0.02722381839095327,0.0741373986005783,0.03719225898385048,0.04052387624979019,0.013334397839446056,0.03959131957585669,0.03656440694753673,0.03197234375067648,0.05463223159313202,0.053797409404069185,0.060476846247911456,0.05096331611275673,0.4795903980731964
2022-12-06,0.02720931678624101,0.07380985766649246,0.03703083135187626,0.04063081182539463,0.013808754853795513,0.039009132027831586,0.03683806007750423,0.032336999455899296,0.055183044821023944,0.05301664136350155,0.05989427492022514,0.051436033099889755,0.47979624271392823
2022-12-07,0.027425713432761078,0.07439735978841781,0.03709199279546738,0.03968821093440056,0.014042805315527217,0.03882171826239755,0.036207454243898415,0.0320698036993857,0.05566498227417469,0.051881815399974586,0.06138722226023674,0.05158897265791893,0.479731959104538
2022-12-08,0.027605659373040402,0.07304398939013482,0.03725904189050198,0.03901524841785431,0.013195265452052496,0.03904047270634692,0.03583580636721191,0.03135771964709999,0.0559197224676609,0.053421894740313294,0.06212277337908745,0.051219644397497176,0.48096275329589844
2022-12-09,0.028489615200812148,0.07438194751739502,0.03823935873806476,0.03846857156604529,0.012921015135166946,0.04022253146135881,0.03378982637668741,0.03157403426483381,0.05530137494206429,0.0535551380366087,0.06230233088135719,0.05166896879673004,0.47908529043197634
2022-12-12,0.02864399488249152,0.07390885427594185,0.037961609289050104,0.03759510293602943,0.013004221357905799,0.042381101179626054,0.03334390277622461,0.033050220977466085,0.05461438335478306,0.053401307016611096,0.06160040944814682,0.05060080289840698,0.47989408373832704
2022-12-13,0.0290327466757617,0.07345190048217773,0.03759506121277809,0.03642364237457514,0.012665575516608563,0.0437087538092328,0.03278740237445703,0.033751660933419816,0.0542302779853344,0.05573197789490223,0.06177331209182739,0.04942461177706718,0.4794230818748474
2022-12-14,0.02888654811245921,0.07291998565196992,0.0377787247300148,0.03566199559718371,0.012440903988524177,0.0438791242678235,0.03467312308328978,0.0340617048505548,0.05460509210824967,0.05595447877421975,0.06195889115333557,0.048973250389099124,0.47820616960525514
2022-12-15,0.029914254085238845,0.07487450242042541,0.038670041412115094,0.03501979745924473,0.012744558371034742,0.04290298277001057,0.03614221299471474,0.034458894667272054,0.05728869661688805,0.05764484815299511,0.06190459653735161,0.0504278302192688,0.46800677180290223
2022-12-16,0.029098163767771544,0.07262618690729142,0.03767670504748821,0.03460115473717451,0.011803959734574754,0.040410914741323724,0.03605100307648694,0.03363517865641121,0.056854064017534255,0.057026226073503494,0.061369499564170836,0.049951279908418654,0.4788956642150879
2022-12-19,0.029220172692412304,0.07259968742728233,0.037683844193816186,0.034045740589499475,0.01147488466157327,0.04065964938909019,0.03562440270183291,0.03423640454892816,0.05853696838021279,0.05471844356507063,0.06184214577078819,0.05012385621666908,0.47923381328582765
2022-12-20,0.029518553521909574,0.0724285364151001,0.037606658041477205,0.03462996818125248,0.012090429636815258,0.041005485074128954,0.034924940053466004,0.03425770064502398,0.05895454213023186,0.05497770756483078,0.060252179950475694,0.04997116103768349,0.4793821334838867
2022-12-21,0.029652487590668918,0.07044030725955963,0.036846280470490454,0.0346285717561841,0.011804798389177584,0.04261539128151526,0.034416609141634066,0.03472644959313218,0.058450644463300706,0.054804321564733985,0.059914269298315045,0.05075455605983734,0.4809452950954437
2022-12-22,0.029628998764748716,0.07019528970122338,0.03668863885104656,0.033524409867823124,0.011334848978515666,0.044298070638706125,0.035112868188661925,0.035103195618385284,0.05808435827493667,0.05524312118068338,0.060415469110012054,0.05068166702985764,0.4796890437602997
2022-12-23,0.02958214446870091,0.07039742171764374,0.03649473041296005,0.03323631510138512,0.010971624953493908,0.04339428502694318,0.036482070859409174,0.03497193593756478,0.059019746631383894,0.05686269942671061,0.06048579663038254,0.04917595535516739,0.47892526984214784
2022-12-27,0.029345632356677597,0.06990169137716293,0.03607678487896919,0.03290917240083217,0.01046894458813732,0.04381797643168284,0.036383721779712455,0.03542478696558256,0.05854698196053505,0.057755022589117286,0.060476355254650116,0.04875005856156349,0.480142879486084
2022-12-28,0.0300496843475214,0.07079869955778122,0.03649607393890619,0.03229088364169001,0.01030186206272905,0.04347103509871886,0.035995314412115856,0.0354557273817532,0.05968893691897392,0.058553409203886984,0.06017176881432533,0.04721093475818634,0.4795156717300415
2022-12-29,0.02992004548977416,0.0708380788564682,0.03672787770628929,0.03307675179094076,0.01036485921519592,0.04101938856993002,0.03693770614227869,0.03566187363807103,0.05983983874320984,0.05851020896807313,0.06027679517865181,0.04731279015541077,0.4795137941837311
2022-12-30,0.029758917619832383,0.07057733833789825,0.03645468577742576,0.03254077192395925,0.009765855559395752,0.04155670543004817,0.03782302846537942,0.03570455284291576,0.060174761712551116,0.05846721529960632,0.060195508599281314,0.047951073944568635,0.47902958989143374
2023-01-03,0.02984052565759505,0.06982770040631295,0.036290227249264714,0.03226655004546046,0.009475236497149453,0.041251927644452735,0.03762357338108515,0.03616229282445112,0.06076252162456512,0.057149825524538754,0.06043357774615288,0.04876875951886177,0.48014729619026186
2023-01-04,0.02968055008862791,0.07002056911587715,0.03576798159629106,0.03131785681471229,0.009370653316725352,0.04069834513893511,0.03844096757246458,0.03573364587397254,0.0600133053958416,0.05753689594566822,0.062202975153923035,0.047575784474611284,0.48164047598838805
2023-01-05,0.029848686210589292,0.06897202357649804,0.03597259148955345,0.03225526809692383,0.009692416749459554,0.040327398538556734,0.038423637060899726,0.03570774125542098,0.0589017853140831,0.05915860161185264,0.06283479779958726,0.047506177052855494,0.4803988695144653
2023-01-06,0.02992370190193174,0.06927567720413208,0.03678900599479675,0.03254387145861983,0.009722368812134442,0.03809907206505159,0.03783139313399886,0.035397878329782625,0.05884953811764717,0.059055863507092,0.06425534933805466,0.04743440002202988,0.48082188367843626
2023-01-09,0.029750330194446485,0.069015783816576,0.036708444356918335,0.03227260746061802,0.009806497190760766,0.03813206632348738,0.03823601666365199,0.034751089812239754,0.058973975479602814,0.05879174619913101,0.06592604294419288,0.04759679883718491,0.48003860712051394
2023-01-10,0.0298077033246388,0.06920505985617638,0.03646690547466278,0.032652488257735965,0.009585478237646683,0.038706086506272185,0.03822671686391921,0.034796662412279925,0.05839833468198776,0.05851238728500903,0.06391436830163003,0.048819521069526674,0.4809082865715027
2023-01-11,0.02977901720996119,0.06880356669425965,0.03649321757256985,0.03248675568029284,0.010059131962741396,0.04005973818848361,0.03811463270387847,0.035440472704270934,0.0588224932551384,0.057538112113252285,0.06292579844594001,0.04976382628083229,0.4797132432460785
2023-01-12,0.02999246683786492,0.06862298026680946,0.03641975820064545,0.03298763269558549,0.010002847845668938,0.04003271418996519,0.03760973658206783,0.03518519640319138,0.058515405654907225,0.057364076795056465,0.06301216259598733,0.05043352022767067,0.47982149124145507
2023-01-13,0.029460245761529967,0.06810732893645763,0.03592608831822872,0.033370185643434525,0.010270850100828177,0.04047478803222475,0.03933211680728057,0.034559292513955245,0.058236198127269746,0.05719023002311587,0.06135275438427925,0.05080485567450523,0.4809150993824005
2023-01-17,0.028976936450365188,0.06805983185768127,0.0350920170545578,0.03277424657717347,0.00999493027770928,0.041751188296257166,0.04038722186939836,0.03546694273210136,0.057527822256088254,0.055898057064041495,0.06307188794016838,0.05049243792891502,0.4805064797401428
2023-01-18,0.028456650906898064,0.06689437068998813,0.03424610421061516,0.03235951829701662,0.009935579636604786,0.04058436278337467,0.041550681602114815,0.03604719046777838,0.05921467617154121,0.05636894418857992,0.06325672194361687,0.05094400644302368,0.4801412045955658
2023-01-19,0.028665537315643874,0.06868327558040618,0.034665629640221594,0.03267087517306209,0.00955600940327308,0.039406306786986534,0.0424796486862661,0.035448170176082885,0.05747101306915283,0.05618860791437328,0.062135837972164154,0.053000903129577635,0.4796281814575195
2023-01-20,0.029165799404074023,0.06952066197991372,0.03495275713503361,0.032713928166776894,0.009660707003235559,0.04030510270695231,0.04373309075201899,0.036454042496989025,0.05967340543866158,0.05746085345745087,0.05900691300630569,0.052659788727760316,0.4746929585933685
2023-01-23,0.03034581675553145,0.06976251155138016,0.035989920422434804,0.03244574489071965,0.009651568105094377,0.04160151815885911,0.04359902217412124,0.03769358085884402,0.05728410556912422,0.057450079917907716,0.06031284779310227,0.05368795916438103,0.47017531394958495
2023-01-24,0.03276001129600914,0.07427162677049637,0.03794872537255287,0.03362278547137976,0.00981085262495629,0.04491820487892255,0.04740891051560947,0.04096924278219891,0.06162433698773384,0.059793451940640806,0.061628350615501405,0.05588477700948715,0.43935871720314024
2023-01-25,0.040029826882583386,0.08780331164598465,0.04416921176016331,0.040160295693203805,0.011522710759867216,0.05574672438251582,0.06027921672308985,0.04977929675464203,0.07174213007092475,0.07403059746138752,0.0730476014316082,0.06729756593704224,0.32439151406288147
2023-01-26,0.04508194329341375,0.09967116340994835,0.0492790587246418,0.046069085411727426,0.012992604577667244,0.06451358761933079,0.07075977314515214,0.058289785811530416,0.0816482923924923,0.08516935808584095,0.08184853941202164,0.07482630461454391,0.22985052466392517
2023-01-27,0.04634191438578252,0.10404531359672546,0.049221713840961454,0.04712087418884039,0.013198433848078039,0.06632691357954172,0.07532963504206265,0.05958974425137775,0.0818692147731781,0.0887708411552012,0.08200753927230835,0.07589345499873161,0.21028442978858947
2023-01-30,0.04541987415638058,0.10516534745693207,0.04832363873720169,0.046683357330039144,0.013156416910735302,0.06582424155130866,0.07722154527398839,0.060888604697720616,0.08388050273060799,0.08723390102386475,0.08375538140535355,0.07475960180163384,0.20768758952617644
2023-01-31,0.0458916431647026,0.10441652536392212,0.04835343323647976,0.04625499751418829,0.013175667755054122,0.06579823052416031,0.07742375231789307,0.06080229487433168,0.08452237173914909,0.08418811713345349,0.08298957943916321,0.07449133396148681,0.21169206202030183
2023-02-01,0.04317099612024826,0.0980259895324707,0.04532906748354435,0.043804631056264046,0.012023323485895254,0.060739242662930334,0.07151893009850455,0.056663674493237615,0.0811003640294075,0.07906055529601871,0.07896764278411865,0.06925570294260978,0.26033989489078524
2023-02-02,0.04214278710512502,0.09607916474342346,0.043167719617486,0.04167454713024199,0.012253292622148138,0.057508681440958755,0.06832334277680711,0.053269330027810466,0.0782989002764225,0.07393300007097423,0.07744266539812088,0.06608898863196373,0.2898175776004791
2023-02-03,0.04503223262699159,0.10380704998970032,0.04563488326966762,0.043343707779422404,0.013468720654038613,0.060284411016255035,0.06923004752500414,0.05626781857490766,0.08248233199119567,0.08050810680724681,0.0810269758105278,0.07027846574783325,0.24863524436950685
2023-02-06,0.03154698617622707,0.07217272594571114,0.03136035911738873,0.029632682888768615,0.009248883254397277,0.0415531339653171,0.04749321051120905,0.039083107282461074,0.05802842974662781,0.05498581428546458,0.0569500632584095,0.0489507831633091,0.47899381518363954
2023-02-07,0.0313075529760896,0.07214346900582314,0.031735990568995474,0.029707430372945966,0.009241479153925702,0.04135269319758663,0.0468567931333622,0.04006857786393336,0.059780994057655336,0.05500067719258368,0.05638519376516342,0.048573745787143706,0.4778454124927521
2023-02-08,0.03058292323657259,0.07226803302764892,0.030460418947041035,0.028732457454316317,0.009331385984473783,0.04155716499008122,0.046679123686058685,0.04059051333852519,0.0598913736641407,0.05583702647127211,0.05765267834067345,0.04833595529198646,0.478080952167511
2023-02-09,0.03056231728500105,0.07351412251591682,0.03061063326895237,0.02858749476727098,0.009604513283134431,0.041606398642215936,0.04608745062183441,0.04049734818609707,0.061435754597187045,0.053122515138238666,0.05733349025249481,0.04837734922766686,0.4786606073379517
2023-02-10,0.03047418140936049,0.07309886813163757,0.03115919902920723,0.027836923208087682,0.010151643342873839,0.04101930893411918,0.0461064813368365,0.04137780132358326,0.06255780532956123,0.05208787592127919,0.05752707719802856,0.04830133318901062,0.47830148935317995
2023-02-13,0.03141198439340069,0.07457485273480416,0.03204963505268097,0.026981499651446937,0.009958235607430588,0.040152463072445244,0.045252036907706204,0.04209918180987824,0.06413892507553101,0.05117733152583241,0.05782451704144478,0.0476285669952631,0.4767507791519165
2023-02-14,0.03157519635754813,0.07537944987416267,0.032807153463363645,0.026049585081636906,0.009315064888073899,0.04003543289109075,0.04502822739177272,0.04245157632588885,0.06430497467517853,0.051220360584557055,0.05948498994112015,0.047178443893790244,0.47516956329345705
2023-02-15,0.03305616529036683,0.07836172431707382,0.03346690870821476,0.026122878212481736,0.009369760351178157,0.04246490748737415,0.04703818585824369,0.04488140772018952,0.06809682250022889,0.05588883762247861,0.062042751163244245,0.048533917590975764,0.45067572593688965
2023-02-16,0.03827785732515725,0.08964473530650138,0.038010324165225026,0.029936749301850796,0.011211530119690316,0.0491529137827456,0.05430514644615218,0.051916557496351066,0.07726535648107528,0.0668496748432517,0.07317781895399093,0.05605484247207641,0.36419650316238406
2023-02-17,0.03834591445410211,0.08972584903240204,0.0385662380605936,0.02999527151696384,0.011594955083432446,0.049732816323376026,0.05405227685273282,0.05229834475417654,0.0785655714571476,0.06332922782748937,0.07054773718118668,0.056472063064575195,0.36677374243736266
2023-02-21,0.04457019046628101,0.10710159540176392,0.044291140884160994,0.035570201743394134,0.013850539046614508,0.05831508225746802,0.06495985607149954,0.06188344909503822,0.09064332023262978,0.07499062353745103,0.08493485599756241,0.06474107131361961,0.2541480898857117
2023-02-22,0.031560534347962486,0.0755346141755581,0.031232927925884724,0.02520855376496911,0.009503305879932889,0.04097381619212683,0.045512714579387034,0.04338655965064895,0.06448978111147881,0.051180633855983614,0.057369951903820035,0.04616252109408379,0.4778840780258179
2023-02-23,0.032062204224867406,0.07670658230781555,0.031721129827201364,0.025548163906205446,0.010090919664149212,0.04150840384318144,0.04704070235544826,0.04439879696562858,0.06572347655892372,0.05310226706787944,0.06051490157842636,0.047947145998477936,0.4636353194713593
2023-02-24,0.03276590931502508,0.07689289674162865,0.03282687198370695,0.02560337890172377,0.010178182787450928,0.042289173368772026,0.04741180462208039,0.04376487250225054,0.06571710407733918,0.051742478646337985,0.05836949795484543,0.048967456072568895,0.4634703636169434
2023-02-27,0.031915434183147975,0.0746238261461258,0.032439210638403895,0.025328828254714608,0.009970748315303446,0.041032674265443346,0.04585107933867309,0.04286045258039408,0.06419854983687401,0.04828656399622559,0.056244874745607375,0.04778457209467888,0.4794631898403168
2023-02-28,0.03221040258062917,0.07434844970703125,0.03244483545422554,0.025327979179564863,0.009749316695424958,0.0410506281277776,0.045959755715224836,0.04288714342212678,0.06371739730238915,0.048639485519379376,0.055409637093544004,0.047668003290891645,0.48058695197105405
2023-03-01,0.03299963527444856,0.0758745826780796,0.03239204362034798,0.02642228251788765,0.009908156351754372,0.04182292617588246,0.04714887924352951,0.04386362553443277,0.0658778578042984,0.04916755398735404,0.05556104034185409,0.04870916306972504,0.4702522337436676
2023-03-02,0.037029954264713186,0.08357893601059914,0.034916570968925954,0.028252848680131136,0.011000673679180294,0.04701460477153887,0.05243022989107402,0.0493020043297097,0.07388964965939522,0.052357370406389235,0.06022099778056145,0.0532111756503582,0.41679497361183165
2023-03-03,0.044967951368874284,0.0993924930691719,0.04106658697128296,0.03412281626369804,0.013945516191435737,0.057313108391463176,0.062432045075766496,0.05861748259451236,0.08766598403453826,0.06258250530809165,0.07254387065768242,0.06347719207406044,0.3018724262714386
2023-03-06,0.03362440802743603,0.07473149672150611,0.03189445436000824,0.025843221833929418,0.010225362444897001,0.04363631246596924,0.04659810626625305,0.04311054388650515,0.0651629351079464,0.04628007598221302,0.05297920554876327,0.04882758520543575,0.4770862996578217
2023-03-07,0.03286304027330722,0.07292143255472183,0.03226547446101904,0.025211722985841335,0.010398011321399992,0.043383197977527745,0.0476758305721706,0.04425341751831748,0.06392495706677437,0.04778458382934332,0.054578596353530885,0.04795706830918789,0.4767826676368713
2023-03-08,0.032725202806842726,0.07279107645154,0.03128672335296869,0.025720741995610297,0.01059837055836752,0.04032695441383112,0.04745614285277373,0.04409494886412855,0.06406510770320892,0.04870044905692339,0.05526967048645019,0.04796726256608963,0.4789973497390747
2023-03-09,0.031739876824761024,0.07205405905842781,0.031619630940258506,0.025934415683150292,0.011120905714424723,0.03994937589814072,0.048090194724335865,0.04429764494788948,0.06529484242200852,0.04870896255597472,0.05413249284029007,0.04750351309776306,0.47955408692359924
2023-03-10,0.031344860706546206,0.07177264466881753,0.03106752671301365,0.026717110676690935,0.011066619587855264,0.038432401181853496,0.049152044664126746,0.044048839494963944,0.0660285048186779,0.04788922993466258,0.05471360832452774,0.04761159159243107,0.48015500903129577
2023-03-13,0.031535024588222174,0.07277120128273964,0.031055640801787375,0.02692685634829104,0.011165198805801423,0.03828749217791483,0.049647022596714586,0.042921934019137,0.06518228724598885,0.047774196695536376,0.0555677130818367,0.04781404435634613,0.47935138940811156
2023-03-14,0.03354898430282045,0.07479167059063911,0.03285255692899227,0.02659118704032153,0.012068605505443664,0.039385475356903045,0.04772095490383084,0.043712115030067264,0.06774116829037666,0.048493318166583775,0.05657881274819374,0.05027509480714798,0.4662400662899017
2023-03-15,0.037444256707285996,0.07964830696582795,0.037089082226157186,0.02929485966451466,0.01371647440031758,0.043735700734396234,0.05036049473772301,0.04725950722166097,0.07031669020652771,0.05379723431542516,0.060405538976192476,0.05621156990528107,0.4207202672958374
2023-03-16,0.043840201009151515,0.0899517647922039,0.04277695827186108,0.03441999861970544,0.01571998528123366,0.051008675663251776,0.05733505023861731,0.05334825228600852,0.08184505999088287,0.06270788665860891,0.07048176229000092,0.06418250724673272,0.3323819041252136
2023-03-17,0.04661182294090764,0.093302021920681,0.04480489864945412,0.035883195837959646,0.01622099229740197,0.05729731471292325,0.06254742970059013,0.05761557686395609,0.08382527232170105,0.07020625974982977,0.07532919719815254,0.06621813699603081,0.29013791084289553
2023-03-20,0.050775509360586925,0.0997782826423645,0.04752455689013004,0.04033300192095339,0.01814716821045259,0.060256992211361646,0.06694942863220313,0.06146980610709143,0.09125854298472405,0.07734464043751359,0.08346598595380783,0.07131985798478127,0.2313762217760086
2023-03-21,0.05114938419452617,0.09995033517479897,0.04758903943002224,0.04139952105470002,0.017880973335111783,0.06305911085873958,0.07059809928810132,0.06401353712949512,0.09338134080171585,0.08226389214396476,0.0844237044453621,0.07121000960469245,0.21308103799819947
2023-03-22,0.05242608771934822,0.10011328235268593,0.0497168842703104,0.04047338319942355,0.018316567659268302,0.06452940715098521,0.07036075651483706,0.06345575221583796,0.0920805387198925,0.08534147087484598,0.082121342420578,0.07239132523536682,0.20867320895195007
2023-03-23,0.05257326711344614,0.10229116827249526,0.049906641244888306,0.041707030264660716,0.018270582597272343,0.06280090853324509,0.07288295081937246,0.0637253715329166,0.09060414656996726,0.08451062301173806,0.08011223673820496,0.0716161698102951,0.20899888277053832
2023-03-24,0.052204714901626835,0.09938348382711411,0.048518070951104164,0.04145470019429922,0.017768563471440936,0.06493573962507071,0.07289203150980565,0.06263093779635191,0.09183113276958466,0.0894789718091488,0.08028339222073555,0.07024376094341278,0.2083745002746582
2023-03-27,0.05352331405923536,0.09970947355031967,0.0495665293186903,0.04176250258460641,0.016296510982467004,0.06374000959040131,0.07258142406763302,0.06064647252101381,0.09065031707286834,0.09286082154139877,0.0790790244936943,0.07160924226045609,0.20797434747219085
2023-03-28,0.05432403197801232,0.10005279034376144,0.050304990634322165,0.04390243454836309,0.01700800119913861,0.06451669597809087,0.06932744278851946,0.05983538546362581,0.09145305678248405,0.08996450277045369,0.08113934397697449,0.07064320370554925,0.20752811729907988
2023-03-29,0.055213976870844304,0.09969775453209877,0.04964418075978756,0.04432121063582599,0.01632270688166404,0.06605422329230351,0.06854648917558617,0.059429760084563375,0.0891679659485817,0.09344301400706172,0.07937458232045173,0.0705739289522171,0.20821022391319274
2023-03-30,0.054797770664913516,0.099065163731575,0.05039544180035591,0.043253968749195335,0.01587286136068098,0.06773948925692821,0.06951859402947509,0.05963906478431049,0.08871359452605247,0.09447488188743591,0.07710433304309845,0.07175437361001968,0.2076704353094101
2023-03-31,0.053825109574109756,0.09895080924034119,0.04932732358574867,0.04286279086954892,0.014974204508963673,0.06720774844870903,0.0719986814011632,0.05966666830296905,0.08908452540636062,0.09424638655036688,0.07701137140393258,0.07301502674818039,0.20782934725284577
2023-04-03,0.052252647298638696,0.0978232741355896,0.04857880026102066,0.04424584470689297,0.015090047157158892,0.06558268926382879,0.07255575741030551,0.05752444897561464,0.08784610480070114,0.09619847182184457,0.07936611399054527,0.07263791412115098,0.21029788851737977
2023-04-04,0.053450658737054194,0.09839317798614503,0.05080723203718662,0.043957926938310264,0.014314722549285008,0.0651366547026555,0.0717730671651493,0.05727631726703084,0.08724436834454537,0.09577000141143799,0.07853250280022621,0.07629242539405823,0.20705095529556275
2023-04-05,0.05457525391368101,0.09851681739091873,0.05222762525081635,0.04444440621882677,0.014257066411111196,0.06415627141686855,0.07156533214048437,0.057108330475306876,0.09101243764162063,0.0957837026566267,0.07779275923967362,0.07793595492839814,0.20062401592731477
2023-04-06,0.05328698872816222,0.101405668258667,0.052484072372317316,0.04519305191934109,0.014242977744952335,0.06372905027164961,0.07050951711284484,0.05704009213841914,0.09543740302324295,0.09565961603075265,0.07558572217822075,0.07931598201394081,0.1961098849773407
2023-04-10,0.05179411474389273,0.09903776198625565,0.052962667495012286,0.04303610175848007,0.012879130865201205,0.06297141883987933,0.07015402165573566,0.05656088644409607,0.09390079751610755,0.09809372182935476,0.074566288292408,0.07744730859994889,0.20659575760364532
2023-04-11,0.050552482654545906,0.09833026304841042,0.054382515326142314,0.04271981404162943,0.012781292263733413,0.06380186285241507,0.06930608611168339,0.057661272459434795,0.09316635057330132,0.09921705164015293,0.07240998297929764,0.07899122908711434,0.20667980313301088
2023-04-12,0.049255634134120464,0.10036541298031806,0.05537237264215946,0.04215660844929516,0.012204179028296024,0.06265882435254752,0.06779287377059032,0.05693619960781628,0.09337144047021866,0.10154839158058167,0.07378698065876961,0.07814911901950836,0.2064019650220871
2023-04-13,0.04767091623016295,0.10232512950897217,0.054760436341166494,0.04149762997403741,0.011657122392513663,0.0641966183349723,0.06872236645944767,0.05796802684856335,0.0922934167087078,0.10370173305273056,0.07275834083557128,0.07643121629953384,0.20601707696914673
2023-04-14,0.04726499142073433,0.10310758203268051,0.05440635345876217,0.0419008044525981,0.011209213413681774,0.06526370968203991,0.07048419787515474,0.058435501533885235,0.09222035259008407,0.10335248969495296,0.07158398702740669,0.07473183982074261,0.20603899359703065
2023-04-17,0.044980838591623676,0.10276400297880173,0.05499428920447826,0.041454910906031726,0.011198808493507073,0.0636682961427141,0.07208534162770963,0.05940889755308998,0.09023677334189414,0.10630592852830886,0.06987008899450302,0.07613785862922669,0.20689397156238556
2023-04-18,0.043286548656485554,0.10032422989606857,0.05634295679628849,0.041421851306222376,0.010865334842832652,0.06531083207228221,0.0734252056826179,0.061314482121482786,0.0914779081940651,0.10375087000429631,0.06955775544047356,0.07681804597377777,0.20610399544239044
2023-04-19,0.0410110057237139,0.10001100823283196,0.056642844527959826,0.04193511195480824,0.010562296486768652,0.06369084971520352,0.07432187246088998,0.060727955794639146,0.09099634438753128,0.10702915415167809,0.06840738579630852,0.07840793207287788,0.2062562495470047
2023-04-20,0.03874291368958556,0.09742767810821533,0.05383941307663918,0.04143508211709559,0.010107946865938189,0.06367640084645246,0.07626907494623066,0.06280060615663582,0.0939091295003891,0.10863764435052872,0.07028027027845382,0.07648476585745811,0.20638907253742217
2023-04-21,0.03915698890405413,0.10147608146071434,0.05431765504181385,0.04173444772604853,0.01016310068521964,0.06494020042009652,0.07960563423990515,0.0631621193623337,0.09080425277352333,0.10782741867005825,0.07238694578409195,0.07919704280793667,0.19522807896137237
2023-04-24,0.036994617261687776,0.0988125666975975,0.05210308618843555,0.04072967742104083,0.009704464414065583,0.06273938919766806,0.07863224709836487,0.06311718927267887,0.09058337509632111,0.11109389774501324,0.07326123341917992,0.07585682049393654,0.20637144148349762
2023-04-25,0.036730191332164173,0.1010558120906353,0.051078619062900545,0.04092960327398032,0.009608637775549767,0.06161397868418135,0.07731864233146908,0.06337757298217675,0.09044650569558144,0.10899705328047275,0.07468516975641251,0.07746925428509713,0.20668898820877074
2023-04-26,0.03844467998061685,0.10488074049353599,0.052187686413526536,0.04287420702166855,0.009980902511622957,0.06203816962661222,0.07741810468238146,0.06280320176120498,0.08884242996573448,0.10979686938226223,0.0758600078523159,0.07918363362550736,0.1956893414258957
2023-04-27,0.03736530673852183,0.09968000426888465,0.050365428626537326,0.04133686721324921,0.009502437598191804,0.06334473394672387,0.0751958812452271,0.063511555521041,0.08879825472831726,0.1104114081710577,0.07562852874398232,0.07803798094391823,0.20682161450386047
2023-04-28,0.038945594274148475,0.10121576189994812,0.05249558836221695,0.042426232458092274,0.009878244971745432,0.06515123754215893,0.07287890762813909,0.06432066932311091,0.08546795547008515,0.10599435046315193,0.07649551033973694,0.07764087244868279,0.207089102268219
2023-05-01,0.03932589797759807,0.10178077742457389,0.05314768925309181,0.042096556979231536,0.009902642351188007,0.06553514084953349,0.07297733652128766,0.06382796091127574,0.08524883016943932,0.10291735120117665,0.07850034981966018,0.07719814404845238,0.20754132866859437
2023-05-02,0.04004521299275421,0.09989808425307274,0.05294160842895508,0.040918227005749944,0.01024073379817363,0.06844514217227697,0.07137845025535121,0.06373670480295442,0.08714385554194451,0.09996688589453698,0.07941757068037987,0.07594080865383149,0.20992671847343444
2023-05-03,0.04184897386514894,0.10446783527731895,0.054265452548861504,0.042790257569868116,0.010561796204753903,0.06750635851640255,0.073416439477025,0.06338680008993887,0.08401359617710114,0.10118090361356735,0.08156058266758918,0.07864265963435173,0.1963583707809448
2023-05-04,0.04252326326212437,0.10533891692757606,0.05218235515058041,0.04070299490122124,0.010119399501325965,0.06958882051985711,0.07572449455464784,0.06398546614042946,0.08374303951859474,0.1020430475473404,0.0814851127564907,0.07714563980698586,0.19541745781898498
2023-05-05,0.04361746299743992,0.10318915918469429,0.05182889439165592,0.040150044253095984,0.009512749193993742,0.06785250417597126,0.07375077236144278,0.06308478838565942,0.08212511762976646,0.09782325699925423,0.08307681977748871,0.07698396295309066,0.2070044606924057
2023-05-08,0.04418971594363299,0.10347680300474167,0.05226423069834709,0.04031015508808196,0.009798872182101449,0.06679220843361691,0.0725264554335304,0.06375707418545762,0.07848891615867615,0.10101628713309765,0.08355194479227065,0.07521158680319787,0.20861572325229644
2023-05-09,0.0449372437540422,0.10104206949472427,0.05234456993639469,0.039271441358141604,0.009579922510459938,0.06976165371597745,0.07296867880922608,0.06510085006618596,0.08011828660964966,0.09959312602877617,0.08412942588329315,0.07426672130823135,0.20688601732254028
2023-05-10,0.04505129790728404,0.10101027935743331,0.05015862863510847,0.03815607494907454,0.009173078801477174,0.07126835461240262,0.07375211758361466,0.06598996258995822,0.07897941321134568,0.10512574166059493,0.08305099457502366,0.07177053913474082,0.206513512134552
2023-05-11,0.04512734599109987,0.09938822984695435,0.04945353157818318,0.03731043467996642,0.00860881446727948,0.07199093105446082,0.07662697105872454,0.06679214281734343,0.07845909669995307,0.10589227452874184,0.08392248898744584,0.07023458480834961,0.20619313418865204
2023-05-12,0.04600263210457136,0.1007042519748211,0.049874792248010634,0.036972889507887886,0.008614870609727987,0.07054500920057763,0.07745301466553264,0.06633494007566423,0.07872616872191429,0.10202511064708233,0.08569053113460541,0.07011378780007363,0.20694200992584227
2023-05-15,0.04601486587903807,0.09981648176908493,0.04997895322740078,0.03637351380311884,0.008392854488940671,0.07071887518977746,0.07765866779533522,0.06745910692138998,0.07917406558990478,0.09948643743991852,0.08838572949171067,0.0699408382177353,0.20659963488578797
2023-05-16,0.046315500576455546,0.09891058579087257,0.04951232299208641,0.03549563044798561,0.008185240771028113,0.07025796291418374,0.07646264710310877,0.06894876342677989,0.07700356915593147,0.09973239041864872,0.09251551330089569,0.07006933465600014,0.20659054517745973
2023-05-17,0.04617367506492496,0.09361171573400498,0.048681347630918026,0.03515554010518827,0.008357822429315931,0.07064861695980654,0.07805798982269571,0.07044282235810755,0.07866270616650581,0.10120880044996738,0.09045836478471755,0.06930189654231071,0.2092387020587921
2023-05-18,0.04569008089979985,0.0924589455127716,0.048095889203250405,0.03416351801133714,0.008250345911919333,0.07280147895799019,0.08007278200020576,0.07202664136293375,0.07674099355936051,0.10318324081599713,0.09024974107742309,0.06825410276651382,0.20801225006580354
2023-05-19,0.045067251838621834,0.09013277739286422,0.048427154310047626,0.03379222430521622,0.008292915904707598,0.07189710409147665,0.07829381115848015,0.07227333226050714,0.07776363417506219,0.1051838293671608,0.09217270910739898,0.06978405714035034,0.20691920816898346
2023-05-22,0.043720381466998505,0.09048628583550453,0.048312798142433167,0.03376582898199558,0.008480279842339834,0.07215469130314886,0.07813956410966191,0.07169141057254577,0.0784970223903656,0.10432195998728275,0.0939133420586586,0.06985335201025009,0.20666308104991912
2023-05-23,0.0426045794633648,0.08991245031356812,0.04864761717617512,0.03323396920459345,0.008440727149629623,0.07160073305713013,0.07615109423263781,0.07096699060166198,0.07797922566533089,0.1072554536163807,0.09623166173696518,0.0700391486287117,0.20693632066249848
2023-05-24,0.043288276248204485,0.09240469858050346,0.04966048486530781,0.03439291621907614,0.008385664862661102,0.06712171019171365,0.0743583176187423,0.0690642710483262,0.07872781977057457,0.10599288046360016,0.09915080070495605,0.07064141929149628,0.20681071579456328
2023-05-25,0.04398821288970591,0.09260512366890908,0.04949392974376678,0.03586952904588543,0.00832837810582827,0.06505678512621671,0.07335526203701867,0.07005443620574017,0.08029353320598602,0.10439316257834434,0.09726697653532028,0.07109920680522919,0.2081954538822174
2023-05-26,0.045927746444343144,0.09297144785523415,0.049072811007499696,0.036825988010969014,0.008828839212235273,0.06518468072172254,0.07080013524893403,0.06956492923284952,0.08099499121308326,0.10472700148820877,0.09719710052013397,0.07035248428583145,0.20755186975002288
2023-05-30,0.045739664698465,0.09197980687022209,0.050167706608772275,0.03782645415049046,0.008777142213213551,0.06142528959899209,0.06696155777580408,0.06768475208219656,0.08212221786379814,0.1046526238322258,0.0936789870262146,0.07236112281680107,0.2166226774454117
2023-05-31,0.04652077520386957,0.09248229786753655,0.05075324364006519,0.03793270536698401,0.008845263767147848,0.061544443166349085,0.06534643471145571,0.0674111995787694,0.08168110474944115,0.10831575244665145,0.09799637049436569,0.07237924560904503,0.2087911605834961
2023-06-01,0.04681157300970558,0.09479297623038292,0.05052753761410713,0.03792285989038646,0.008698886813141904,0.06196675698156469,0.0635755242201073,0.06767542549276798,0.08159355893731117,0.10799632370471954,0.09974258989095688,0.07162678614258766,0.2070692002773285
2023-06-02,0.04632913893435191,0.09752200245857238,0.050682492554187775,0.03811975375283509,0.008747101814344838,0.060640418180264534,0.059903695249663616,0.06735551102759185,0.08028794415295123,0.10492907911539077,0.10546618700027466,0.06932657510042191,0.21069011092185974
2023-06-05,0.04572742558640534,0.09823851957917214,0.05089865736663342,0.03762982912594452,0.009070070724172829,0.06152279060333967,0.05833364752364236,0.06740092909229567,0.08014342673122883,0.10528134256601333,0.10541738122701645,0.06917300075292587,0.2111629843711853
2023-06-06,0.045990659929651304,0.09938939586281777,0.050909748300909996,0.039209143235348166,0.009677849661475158,0.060816080344375224,0.05605879933363056,0.06976731766904223,0.08163910992443561,0.10290551334619522,0.10616142004728317,0.06964462921023369,0.2078303277492523
2023-06-07,0.04472143705907037,0.09750779122114181,0.050074204429984094,0.03908468952868134,0.009451894683376238,0.06169600805733353,0.05592420271709617,0.07060504295594683,0.0821688998490572,0.1065781831741333,0.10495170801877976,0.0696468859910965,0.20758911371231079
2023-06-08,0.04286743894489611,0.09694469198584557,0.05083150304853916,0.038965317490510645,0.009708951686431534,0.06222135901916772,0.05603348120662037,0.07077705028739559,0.08310720697045326,0.10691578686237335,0.10581990480422973,0.06842479333281518,0.20738252997398376
2023-06-09,0.042228022675151425,0.09694131314754487,0.0516665268689394,0.038727327540982515,0.010282164349295898,0.06102341255173087,0.056852524986658534,0.0702399601605869,0.0816263772547245,0.10681114941835404,0.10762086063623429,0.0685741886496544,0.2074061781167984
2023-06-12,0.040685988687858735,0.09827680736780167,0.05010202005505562,0.039821570774074645,0.010461162235576716,0.06140239315573126,0.05720089660051286,0.07137363970169694,0.08244064077734947,0.10695342272520066,0.10869148522615432,0.0657296545803547,0.20686029493808747
2023-06-13,0.0396934469115001,0.09891915023326874,0.05138433389365673,0.041043367539532485,0.010326057165636726,0.05929956581676379,0.05638821063219819,0.07052420261475856,0.08357803821563721,0.10483931377530098,0.11070511192083358,0.0670643575489521,0.20623484253883362
2023-06-14,0.03722186581423763,0.0976730801165104,0.052718504890799524,0.03996634359937161,0.010048605865370774,0.062176859192550185,0.05728382597391431,0.07229576901510146,0.0825710367411375,0.10654110610485076,0.10920665264129639,0.06595847457647323,0.2063378483057022
2023-06-15,0.03562038588438945,0.09718967825174332,0.05280781388282776,0.03909915512194857,0.009742772410632127,0.06288071415619925,0.05815585311084544,0.07271318696701687,0.08111214525997638,0.10941661596298217,0.11026407033205032,0.06526004001498223,0.2057375729084015
2023-06-16,0.03416441512437061,0.0964494675397873,0.05424341410398483,0.03920383931836113,0.009229896211054012,0.0629430977627635,0.05864449348419818,0.07268196686530377,0.07864655703306198,0.10878881365060807,0.11311371624469757,0.06431645676493644,0.20757387578487396
2023-06-20,0.033567126735832176,0.09785679504275321,0.056838925927877426,0.03975357610033825,0.009187801237126259,0.06431739032268524,0.05782583040030627,0.07417398448574293,0.08007157929241657,0.10469433069229125,0.11380969136953353,0.06221416294574737,0.20568881928920746
2023-06-21,0.032841870809575194,0.09781711027026177,0.05666715241968632,0.04022255357122049,0.008791142355946312,0.06229692946653813,0.0586613071680306,0.07420315042997086,0.08103999458253383,0.1067452609539032,0.11252941638231277,0.06237085685133934,0.20581325888633728
2023-06-22,0.03298993992468766,0.10040947049856186,0.05744702145457268,0.03917641817824915,0.008590773513692973,0.06407829497475177,0.05637271163468398,0.07528426098535697,0.08232922032475472,0.1065131075680256,0.1099443033337593,0.0611211396753788,0.20574333667755126
2023-06-23,0.03228584133462409,0.09592875093221664,0.057834220305085185,0.04044393385993317,0.00929167817422467,0.06483042542822659,0.055617797994450234,0.07588889651597786,0.0812432300299406,0.10688759982585908,0.11116113662719726,0.061849914491176605,0.20673655867576599
2023-06-26,0.033310317814102854,0.09961207434535027,0.05695369504392147,0.04146081057842821,0.00949142072068998,0.062749322806485,0.05334810488524546,0.07447408470509487,0.08179489821195603,0.10425555258989334,0.11274115741252899,0.06296347379684449,0.20684509575366974
2023-06-27,0.031959709997119744,0.10064480006694794,0.054387783631682396,0.039983911369927225,0.009325626819430787,0.06493212080094964,0.05294047923976723,0.07506849963708113,0.08193871937692165,0.10544481575489044,0.1136655330657959,0.06367250829935074,0.20603547394275665
2023-06-28,0.03312526384922698,0.1007096752524376,0.05622223131358624,0.04169601973844692,0.009625370415066748,0.06564287894871086,0.04946938255435871,0.07337820709831125,0.08034166619181633,0.103269325196743,0.11535731256008148,0.06528883576393127,0.20587382316589356
2023-06-29,0.03260873010000385,0.10516815856099129,0.05532717891037464,0.0422720413072966,0.009698902575541447,0.06544149005785585,0.04889393320842537,0.07280118355456403,0.07942470163106918,0.10236467197537422,0.1151700422167778,0.06505185216665268,0.205777108669281
2023-06-30,0.03257595411990159,0.104011769592762,0.054704449325799945,0.0411481759743765,0.009772200916823338,0.06848455788567662,0.049443472166427326,0.07463088995617309,0.07801189571619034,0.09926724955439567,0.11748661696910859,0.06487038806080818,0.20559235215187072
2023-07-03,0.0323292976442767,0.10436585694551467,0.052006852254271506,0.04284299071878195,0.010228836293502575,0.06780592431314289,0.04930206975076849,0.07399037758651641,0.0755167182534933,0.10003690347075463,0.11931163817644119,0.0659521333873272,0.2063103884458542
2023-07-05,0.031300517720182344,0.10651172995567322,0.0495976272970438,0.04127905138302594,0.009962828160292859,0.07100870190188288,0.05239783524210271,0.07735598148080243,0.07505762614309788,0.09678378626704216,0.11870493441820144,0.06480503752827645,0.2052343726158142
2023-07-06,0.02953359457737399,0.10277422815561295,0.04927138015627861,0.04112620167434215,0.009825181098172386,0.07205345444381236,0.05466748180258154,0.07930707181818537,0.07581502832472324,0.09417377263307572,0.12108180075883865,0.06478936225175858,0.2055814266204834
2023-07-07,0.029722299599105995,0.1026560828089714,0.0495887778699398,0.04191234013997018,0.009673669757103199,0.07089071641676128,0.05608393466128288,0.07986299018542838,0.07743169590830803,0.08848425671458245,0.1154529646039009,0.0642260730266571,0.21401418149471282
2023-07-10,0.029417252344288335,0.10475844442844391,0.04975738972425461,0.043919059750624004,0.00947950016442487,0.07153846826404334,0.058811228621637034,0.0828975013085973,0.0773218598216772,0.08880867511034012,0.11232787370681763,0.06362643316388131,0.20733633637428284
2023-07-11,0.02974184645091853,0.10558434948325157,0.0497661218047142,0.04478472995106131,0.009709924403902193,0.07112923399545253,0.060764156417771,0.0836073105420306,0.07934155724942685,0.0862253524363041,0.1111750528216362,0.06159169375896454,0.20657868981361388
2023-07-12,0.02936861999420941,0.10428067073225974,0.04920446127653122,0.044796386477537455,0.009948574288756085,0.07026097225025296,0.06322714911462927,0.08403045116169423,0.07979463413357735,0.08608993366360665,0.11096221506595612,0.06105609387159348,0.2069798529148102
2023-07-13,0.02893745786200963,0.10137383118271828,0.048685255274176595,0.04401451435405761,0.00989859951256431,0.06923351334407926,0.0643311109677736,0.08228779470336445,0.07857803963124751,0.08443195298314095,0.1043066143989563,0.0595758244395256,0.224345463514328
2023-07-14,0.02822336226041955,0.10196390077471733,0.04778452068567276,0.043751574214547874,0.009900848419121467,0.0685372761450708,0.06487372259080874,0.08208369656482102,0.07721808478236199,0.0819665402173996,0.10068688690662383,0.05752026438713074,0.2354893356561661
2023-07-17,0.027405631946674624,0.09949874281883239,0.049018021672964096,0.04382197493687272,0.010333293877601157,0.07113948874175549,0.06621899645093965,0.08559195458738315,0.08147418200969696,0.08040476068854333,0.10247602015733719,0.056347199529409406,0.22626974284648896
2023-07-18,0.027025550748692773,0.10012750402092933,0.0502910241484642,0.04620807443279773,0.010554627060751543,0.07349940137937665,0.06688115164067429,0.08849652311963307,0.08294674269855022,0.08117744326591492,0.10510963946580887,0.057285238057374954,0.21039709448814392
2023-07-19,0.02652172161299742,0.09948057755827903,0.05143508613109589,0.04826771626248956,0.010916339007190778,0.07585721602663398,0.0681577847931301,0.09010272222632558,0.08599261566996574,0.07984433025121689,0.10127345323562623,0.05583219900727272,0.20631821751594542
2023-07-20,0.02570238425546112,0.09904569387435913,0.04990752376616001,0.04948989721015096,0.01095528033428952,0.0761862589046359,0.06740626593533942,0.09133891944335773,0.08703644089400768,0.0803436741232872,0.1015764519572258,0.05606076493859291,0.20495043992996215
2023-07-21,0.025561516897262316,0.10112700387835502,0.04897800274193287,0.04821802699007094,0.011277071831489849,0.07769993459805846,0.06692863500721753,0.09226390622727472,0.08721412904560566,0.07887811623513699,0.09724263995885848,0.05511676296591759,0.20949425995349885
2023-07-24,0.025184198961481385,0.10231741890311241,0.04917268455028534,0.049266492039896546,0.011509469934900629,0.07744437083601952,0.06563492580385458,0.09369423275939912,0.08691654317080974,0.08030425384640694,0.09814308434724808,0.055013345927000044,0.20539900660514832
2023-07-25,0.0250504714382938,0.1053857870399952,0.04914230816066265,0.04963365001603961,0.011763653287995801,0.07871203850954771,0.06536972275233062,0.09432117383423755,0.08795998618006706,0.07945681326091289,0.09556886553764343,0.05282440260052681,0.20481114685535431
2023-07-26,0.0246865485274002,0.10799493491649628,0.04846455380320549,0.048681104695424436,0.011682444042790684,0.07822931297123432,0.06531119051690251,0.09613824520748401,0.08740682154893875,0.07957533597946168,0.09535480290651321,0.05228412188589573,0.20419061779975892
2023-07-27,0.023993117002362042,0.10814703181385994,0.04899182505905628,0.04832591046579182,0.011385668388129488,0.07721698116511107,0.06541930401031255,0.09617823992258075,0.08990591503679753,0.07974931634962559,0.095545594394207,0.05073035247623921,0.20441077649593353
2023-07-28,0.023466872126811644,0.10253151804208756,0.047752820327878,0.046587219531647864,0.011285908620284602,0.07673146184533834,0.06433777269539256,0.09466770195799228,0.0900626853108406,0.07916378192603588,0.0921485498547554,0.051222581043839456,0.22004114091396332
2023-07-31,0.022828850616811103,0.10441060215234757,0.04616819843649864,0.04575978603679687,0.011326909844381738,0.07562640123069286,0.06326527791061239,0.09349299706620347,0.08809046819806099,0.0791411392390728,0.09338857382535934,0.05091429315507412,0.22558653652667998
2023-08-01,0.022769237428382993,0.10350994318723679,0.04657215364277363,0.04329143306240439,0.01181285898192339,0.07840828821063042,0.06632834280927913,0.09548904795464157,0.09209773503243923,0.08207768760621548,0.09292941242456436,0.054278374463319776,0.21043550968170166
2023-08-02,0.021988962249699463,0.10437071621418,0.045655662193894386,0.04246173410210759,0.011658780920343937,0.07897565923631192,0.06592414293101587,0.09446887135465865,0.09378945380449295,0.0820069320499897,0.08951760157942772,0.05368512347340584,0.21549634635448456
2023-08-03,0.018808056038181142,0.08925864845514297,0.0381331492215395,0.036179338162764904,0.009457592989457808,0.06358596757054329,0.054963975978959925,0.07952432669691482,0.07844976149499416,0.06658304035663605,0.07733976319432259,0.04432188160717487,0.34339450001716615
2023-08-04,0.019163851501485852,0.09113537669181823,0.03924875557422638,0.03867405070923269,0.010814100267066706,0.0676617942750454,0.05686325063106743,0.08300664796422712,0.08328266106545926,0.07022145427763463,0.0790042445063591,0.04598342590034008,0.314940345287323
2023-08-07,0.021841020135837573,0.10246793702244758,0.04327820986509323,0.043824161123484376,0.012583872460926316,0.0708981143310666,0.06133400775319764,0.0873836108063502,0.08929566107690334,0.07472664825618267,0.08788317963480949,0.04907970167696476,0.2554038554430008
2023-08-08,0.02332866975468715,0.11057140231132508,0.04462012723088264,0.04498966238461435,0.013395935474434495,0.07651264686137438,0.06465121281267941,0.09121396919247005,0.09238317385315895,0.07662525363266467,0.09087231308221817,0.0517724797129631,0.21906313598155974
2023-08-09,0.02400953792447371,0.11197292953729629,0.04489118084311485,0.04376177084632218,0.013228592760979829,0.07858085948973895,0.06609435302659979,0.09079872287325301,0.09323363900184631,0.08047215379774571,0.08981971964240074,0.0546416237950325,0.20849490463733672
2023-08-10,0.02441709769877285,0.11707008481025696,0.04518208336085081,0.04357526821549982,0.013905839899624971,0.07980592586100102,0.06961206664088486,0.09215928957912958,0.09284169487655163,0.08094452023506164,0.09118171110749244,0.05490888878703117,0.19439551830291749
2023-08-11,0.02429922823278936,0.11646958887577057,0.04341647811233997,0.0419201465556398,0.013860697360634866,0.08168282359838486,0.06891118509170138,0.09256310082269045,0.08900435790419578,0.07934346720576287,0.08914769515395164,0.05336974449455738,0.20601149201393126
2023-08-14,0.024665437299120897,0.12025127336382865,0.0422522684559226,0.04239693225827068,0.013513891824671198,0.08256979808211326,0.07050181638728006,0.09349027029294472,0.08851508200168609,0.07932919748127461,0.08721358552575112,0.05120534524321556,0.20409511923789977
2023-08-15,0.02535244452339409,0.12098090052604675,0.041342948004603385,0.04238485440146178,0.013298337267791283,0.08348814249038697,0.07111257175698427,0.09269753883837328,0.08695637211203575,0.07884519435465336,0.08700926154851914,0.051302123069763186,0.2052292764186859
2023-08-16,0.02618635541359744,0.12371865585446358,0.040866197645664216,0.042973458161577584,0.01392721650504054,0.08374061174690724,0.07284837289358351,0.09275373271668848,0.0869203306734562,0.07550599761307239,0.0887887142598629,0.0522782489657402,0.19949209988117217
2023-08-17,0.02607331619047848,0.12393954023718834,0.039740387722849844,0.041748609580099585,0.01380430740176788,0.08263577297329902,0.07244179570074731,0.09239066580673896,0.08538559153676033,0.07498331852257252,0.08729194700717927,0.05272011458873749,0.20684467256069183
2023-08-18,0.027378965673673504,0.1267094835639,0.03970712386071682,0.042824512254446744,0.014250462114010176,0.07880136035382748,0.07125789305541179,0.0913402754503716,0.08639723062515259,0.07362401597201824,0.08779131583869457,0.0535863384604454,0.20633102357387542
2023-08-21,0.0287436698901967,0.12920871004462242,0.04139688238501549,0.043520154897123575,0.014558432731881333,0.0760965596884489,0.06965365855330852,0.08933251978474868,0.08508483842015266,0.0736827839165926,0.0873506311327219,0.05473468005657196,0.20663647651672362
2023-08-22,0.029743990319552438,0.13021502420306205,0.04222738817334175,0.042619074881076816,0.01446173626442846,0.07809845171868801,0.06873335935209095,0.09032146688660347,0.08516795486211777,0.07265800423920155,0.08481755293905735,0.054997454211115834,0.2059385061264038
2023-08-23,0.0305932324862054,0.13054053857922554,0.04268491193652153,0.0422447320073843,0.014668552882174168,0.08017867803573608,0.07070582415365614,0.09137548248614458,0.08458240404725074,0.07274603582918644,0.085476553440094,0.05603270828723907,0.19817036390304565
2023-08-24,0.030529929626634634,0.12572407871484756,0.041142470017075536,0.04080296023748815,0.014481611886936108,0.07918253391981125,0.06942413241686704,0.08754173560960954,0.08166142255067825,0.07086629159748555,0.08200976178050041,0.0553687073290348,0.22126439809799195
2023-08-25,0.031202345665834484,0.1264311082661152,0.04093602746725082,0.04099720320664346,0.014684466293570075,0.07851216308772564,0.06884175620722814,0.08778843333952846,0.08316663205623627,0.06818067096173763,0.07779467664659023,0.05448601916432381,0.22697847783565522
2023-08-28,0.03259168926397464,0.12924364134669303,0.041738074645400046,0.04121940610930323,0.01405490690072959,0.07823191806674004,0.06980501011333828,0.08859389018345176,0.08220706284046173,0.07035993579775095,0.0809535663574934,0.05563563257455826,0.21536527276039125
2023-08-29,0.034365671032026236,0.1322752796113491,0.042823921889066696,0.041882679471746086,0.013349147812547812,0.0790721245110035,0.07040887970480866,0.08875944508685016,0.08365239500999451,0.06936426647007465,0.07798753567039966,0.05527520775794983,0.21078343391418458
2023-08-30,0.03413858461323773,0.12807903811335564,0.04126465916633606,0.040228519262745975,0.012488754326467521,0.07630597464740277,0.06885202002960397,0.08492490983072347,0.08095925524830819,0.06697388160973787,0.07231009975075722,0.05222199968993664,0.24125227928161622
2023-08-31,0.036662406124644956,0.13354511484503745,0.042075447365641595,0.04121928256936371,0.012374301935598454,0.07899296060204505,0.0697853740913427,0.08826985251702305,0.08341116085648537,0.0699184825643897,0.0745931040495634,0.05235681794583798,0.21679568886756898
2023-09-01,0.03837482678410549,0.13595066219568253,0.0413319980725646,0.04210413228720426,0.012239123897048464,0.08165587373077869,0.07318002476015302,0.09050936144611513,0.08341238051652908,0.06942128520458937,0.07490305155515671,0.054232886806130406,0.20268439948558808
2023-09-05,0.03859560226569396,0.13401120007038117,0.04045749437063932,0.04117351258173585,0.01181412132129651,0.08481354713439941,0.0741273045168553,0.09264687515217265,0.08116335645318032,0.06816388256847858,0.07405603714287282,0.052908382192254064,0.20606868267059325
2023-09-06,0.03904435006236593,0.13190205693244933,0.04016547556966543,0.04141440847888589,0.012392583323286566,0.08455304801464081,0.07368088018584266,0.09214412039158208,0.08294831588864326,0.06662541553378105,0.07126709222793579,0.05361387617886067,0.21024835705757142
2023-09-07,0.04122614618799005,0.13659598678350449,0.040350983291864394,0.04320533005520701,0.012597706006661902,0.08721771016716957,0.07722242276227612,0.09349548126256817,0.08312802910804748,0.06606910992413759,0.07024701442569495,0.05299507193267346,0.19564899802207947
2023-09-08,0.03949507220369401,0.13353324308991432,0.04126788098365068,0.04181722905486822,0.011689649213460029,0.08543567582964898,0.07643898519293249,0.0914316643285332,0.084117079526186,0.06631143856793642,0.06887931730598211,0.05329962819814682,0.2062831163406372
2023-09-11,0.03985820672754823,0.1327381081879139,0.04331630188971758,0.04040790870785713,0.011333127635483997,0.0841013990342617,0.07688297857595802,0.0907169300434207,0.08401951491832733,0.06742882309481502,0.07035900931805372,0.05298524796962738,0.2058524250984192
2023-09-12,0.03980505727445784,0.1341688171029091,0.04421691074967384,0.03968276074156165,0.011804526015212424,0.08326126635074615,0.07594577159800427,0.08988645112779707,0.0834273301064968,0.06736293509602546,0.07210556622594595,0.052726124227046964,0.20560646951198577
2023-09-13,0.04214283054461774,0.14009966254234313,0.046739797480404376,0.04022536827251315,0.01299771667323082,0.08192923665046692,0.07560247258241085,0.0891611400457828,0.0848043829202652,0.06728763887658715,0.07196705080568791,0.05269919075071812,0.19434349238872528
2023-09-14,0.04078655134978284,0.13628519400954248,0.04644447844475508,0.03834286173805594,0.013086039780847969,0.08035042062401772,0.07432215222707779,0.08923559223338628,0.08286939561367035,0.06709761498495936,0.07304162150248886,0.053037121519446374,0.20510094463825226
2023-09-15,0.04111162873374994,0.1388726957142353,0.04552460797131062,0.037634888757020236,0.012705230473872042,0.0813949353992939,0.07558687091024474,0.08979265289882594,0.08044059723615646,0.06620412543416024,0.07337932158261537,0.052385202050209044,0.20496724545955658
2023-09-18,0.04163685283091301,0.13978426828980445,0.04744849316775799,0.03754405295476317,0.012851798195880804,0.08055392280220985,0.07550227102237646,0.08761204373685186,0.08267001584172248,0.0642510375007987,0.07134069502353668,0.05336777046322823,0.20543678402900695
2023-09-19,0.042040850760200144,0.13988772705197333,0.04720295798033476,0.0371652839705348,0.012569004817021856,0.07968646585941315,0.07682647263465085,0.08782516597808634,0.08216347098350525,0.06495316475629806,0.07202321561053396,0.0545438539236784,0.20311235189437865
2023-09-20,0.04359637251758937,0.14160582572221755,0.0472347816452384,0.035700591700151565,0.012555379053692839,0.07899280935525894,0.07484874582034315,0.0875203300776823,0.0829043798148632,0.06430595992133022,0.07163020251318812,0.05365068018436432,0.20545394718647003
2023-09-21,0.0458884662194448,0.14636126011610032,0.04950018860399723,0.03661088333465159,0.012804109663778363,0.07746334969997407,0.07588428191891054,0.08646140131163964,0.08114020004868508,0.06414575576782226,0.07223281236365438,0.05694882348179817,0.19455845057964324
2023-09-22,0.03935574442652232,0.12282111868262291,0.042035006918013096,0.031390542583540085,0.010293357641332435,0.06684964820742607,0.06298759544650405,0.07339110190084686,0.07142499499022961,0.05365370358340442,0.058774232398718596,0.047669144347310066,0.3193538188934326
2023-09-25,0.045599871843650594,0.141218663752079,0.04896315038204193,0.035424771904945376,0.01144326211281239,0.07316653802990913,0.06907130655780414,0.08082758097354628,0.07829568013548852,0.06103358045220375,0.06664923843927681,0.05321414433419704,0.23509218096733092
2023-09-26,0.047770664067553884,0.14296643659472466,0.05155048370361328,0.037696887366473676,0.012155219898960467,0.07645765468478202,0.0686788042078204,0.08270904795442977,0.08163230121135712,0.062474435567855834,0.06600592345930636,0.05690314769744873,0.21299899816513063
2023-09-27,0.04859647752499221,0.14334037080407142,0.051652281545102596,0.03868437963537872,0.012467308883483241,0.07427134364843369,0.06869796211232551,0.08187323272194362,0.0832739681005478,0.06222035721875727,0.06385372071526944,0.0584600631147623,0.21260854601860046
2023-09-28,0.04859869090566153,0.140751164406538,0.05091184861958027,0.038034383300691844,0.01229874925613359,0.07691747844219207,0.0699689156615996,0.08368431386907407,0.08216461390256882,0.06559009361080825,0.0645908591337502,0.05776582472026348,0.2087230771780014
2023-09-29,0.049543475188893994,0.1406738318502903,0.049869805201888086,0.03903173799626529,0.012379848458343012,0.07486785799264908,0.0698231296572441,0.08287652024196301,0.08241612687706948,0.06728595914319158,0.06340324599295855,0.05988706275820732,0.2079413890838623
2023-10-02,0.049357135958143415,0.13663408458232879,0.048573434352874756,0.03871611799113452,0.012264488498905024,0.07496906816959381,0.07091445740125017,0.08299413058905092,0.0812971532344818,0.07080032979138196,0.06521247010678052,0.06051938571035862,0.20774777829647065
2023-10-03,0.04965504884803558,0.13352955356240273,0.04823567029088736,0.03881465401500463,0.012600482184285689,0.07702971324324608,0.06982956479698625,0.08311369180728292,0.08240053430199623,0.06941938404925167,0.06377789019607008,0.061218272894620895,0.21037554144859313
2023-10-04,0.047401025716103364,0.1259328007698059,0.04588722940534353,0.03740185163915157,0.012048838020916363,0.07254908755421638,0.06531309060579601,0.07772191001108944,0.07941259667277337,0.06312895803712308,0.05823806028347463,0.059258992597460744,0.2557055473327637
2023-10-05,0.047940984770092857,0.12654570937156678,0.04888022318482399,0.04029396018013358,0.011832699161069193,0.07658250853419304,0.06892666134473498,0.07967364547374149,0.08265762627124787,0.06606055460870267,0.06410640701651574,0.06413733251392842,0.22236169576644899
2023-10-06,0.04836782863937152,0.12788580507040023,0.049834879115223885,0.040891644265502694,0.011670320183700511,0.07918998375535011,0.07021545877398623,0.08012703866385511,0.08539748191833496,0.06514322087168693,0.06470027226023375,0.06561467386782169,0.21096141040325164
2023-10-09,0.04883366571315158,0.12745271846652031,0.050341833382844925,0.04108791472390294,0.011578596208722836,0.07948140874505043,0.06921937941385199,0.07889546198684254,0.0843054123222828,0.06475374903529882,0.06832048762589693,0.06580717824399471,0.2099222183227539
2023-10-10,0.04776002358143465,0.12362225204706193,0.048807370103895666,0.040475625079125166,0.0113271249122473,0.07712084278464318,0.06791351194924342,0.0749341908950493,0.08154871761798858,0.06484119542874396,0.06768277934752405,0.06561764739453793,0.228348708152771
2023-10-11,0.047434764017291006,0.12328535988926888,0.04811034370213747,0.04008244089782238,0.010880377024286857,0.08132425993680954,0.07122516468458873,0.07704655726121619,0.08197403475642204,0.0660919664427638,0.06695179711095989,0.06667735055088997,0.21891562640666962
2023-10-12,0.046491080915509644,0.12155548259615898,0.04685723911970854,0.039978902135044334,0.010646034305971597,0.08223363682627678,0.07360021084597204,0.07759222727413473,0.08124635964632035,0.06674032881855965,0.06949940812774003,0.06721110977232456,0.21634799540042876
2023-10-13,0.04333572618782657,0.110275499522686,0.042505812272429465,0.03828829545527697,0.009809838381515413,0.0765663743019104,0.06636941152306992,0.0708801624644357,0.07715807482600212,0.06006593029014766,0.05972578595392406,0.06299411058425904,0.2820249855518341
2023-10-16,0.04540061271463145,0.1154691606760025,0.04364875573664904,0.03988457154482603,0.009929952334594283,0.07886652424931526,0.06915294100256322,0.07304001723044191,0.08078199326992035,0.06343346843495964,0.061678512440994385,0.0653104443103075,0.2534030437469482
2023-10-17,0.045986112071772035,0.11540428176522255,0.047334236837923524,0.04068208197131753,0.01055646333317135,0.08344474658370019,0.0717695824290601,0.07624733064371245,0.08232198283076286,0.06758121387101709,0.06631550882011653,0.06805941686034203,0.22429701387882234
2023-10-18,0.044904777867246184,0.11696280762553216,0.048404764384031296,0.0408160462975502,0.010767166678823159,0.08646111339330673,0.0743515527384984,0.07804952709763632,0.08347763568162918,0.0681716339662671,0.06765566295944155,0.0677946649491787,0.21218262910842894
2023-10-19,0.043962611147624744,0.11565517634153366,0.04727909881621599,0.040788108855485915,0.010585253201447209,0.08430126681923866,0.07464902894620895,0.07684472575544969,0.0823865808546543,0.06850793203338981,0.06450986983254552,0.06683106757700444,0.22369927763938904
2023-10-20,0.04374779603266106,0.11408616900444031,0.046280873194336894,0.03965096976608038,0.010486685732956502,0.0861937440931797,0.07286755955092303,0.07605697297945432,0.08458442315459251,0.06847595693543554,0.06473525650799275,0.06620088927447795,0.22663271725177764
2023-10-23,0.04405870743617015,0.11639590263366699,0.0479564156383276,0.04143209857866168,0.010452848080712052,0.0844513587653637,0.07328571167285869,0.07505132921165014,0.08458478227257729,0.06931626927107573,0.06897784592583775,0.06872799471020699,0.2153087228536606
2023-10-24,0.044377096752798016,0.11566659435629845,0.049920404702425,0.04215002981945872,0.010231781419312469,0.08310167342424393,0.07438682481687024,0.07338224261515211,0.08338144049048424,0.07147840722464024,0.07153828763402999,0.07057232409715652,0.20981288850307464
2023-10-25,0.044926789313840663,0.11596384644508362,0.051471194438636306,0.041452132631093264,0.010283803987337059,0.08229896202683448,0.07395800808180404,0.07156690028522039,0.08126138485968112,0.0727911663474515,0.07378575298935175,0.07038369216024876,0.20985636115074158
2023-10-26,0.04305624284398846,0.11007460579276085,0.049506586976349354,0.040302003640681504,0.009919704832310573,0.07925384044647217,0.0697259319780537,0.06851510235311675,0.07866816967725754,0.06974695778917521,0.06955523304641247,0.0672984093427658,0.24437721967697143
2023-10-27,0.04524340927128865,0.11594766974449158,0.051077529601752755,0.04120990801602602,0.010622251906144697,0.08108463287353515,0.07190848124160532,0.06954212538778712,0.07805013619363307,0.07286358724813909,0.07511146701872348,0.06960043273866176,0.21773833632469178
2023-10-30,0.0466896533983336,0.11862473338842391,0.05054181925952435,0.0392047356814146,0.010355748894895456,0.08368222042918205,0.07278038842807266,0.07071352504487986,0.07979188673198223,0.07371763198170811,0.0734549961052835,0.07048809975385666,0.209954571723938
2023-10-31,0.047752240967767,0.11838098913431168,0.05117930378764868,0.03979754745960236,0.010423507598325266,0.08259028196334839,0.0720972586901647,0.0703777660156133,0.07892252914607525,0.07472858801484109,0.0748625010251999,0.07052569724619388,0.20836177170276643
2023-11-01,0.047840337995442364,0.11721279174089431,0.05214117113500834,0.03964805155992508,0.010198400770291549,0.08091314062476158,0.07164927094617557,0.06965545823899202,0.07717120088636875,0.0775377501733601,0.07488985154777765,0.07288177758455276,0.20826078057289124
2023-11-02,0.047763269071882775,0.11515825688838958,0.05085425991564989,0.038419211842119695,0.009716436481131829,0.07986399233341217,0.07146050525452416,0.06751556216373392,0.07484117075800896,0.07903734258143232,0.07717118775472045,0.0733986709266901,0.2148001253604889
2023-11-03,0.03211055434228509,0.07722127959132194,0.0339696304872632,0.025267757568508388,0.005992986328157102,0.05430823192000389,0.04803332166352163,0.044868895034528046,0.05075692981481552,0.05434316487517208,0.053247490478679535,0.049996694177389146,0.46988304853439333
2023-11-06,0.03165862979134424,0.07582929357886314,0.03381274519488216,0.025431397650390864,0.005957114943350206,0.05331154242157936,0.04658162377199311,0.04401060317758922,0.05050981938838959,0.05233857359271497,0.05066694589331746,0.0500111497938633,0.4798805594444275
2023-11-07,0.031420793546322656,0.07625490128993988,0.03344517461955547,0.02501111477613449,0.005968296810181961,0.054845160245895384,0.04746397719977704,0.04510456314828186,0.051454387977719306,0.05080433820839971,0.04897796222940087,0.05074049457907677,0.47850886583328245
2023-11-08,0.031870067698819504,0.07733717709779739,0.03286231830716133,0.025250334944576024,0.005837354621107948,0.05479712337255478,0.0481688229522371,0.04516881467072338,0.0511080414056778,0.049324711493682116,0.04962312830612063,0.05097662508487701,0.47767547369003294
2023-11-09,0.03146456229296586,0.07610592618584633,0.03484273385256529,0.02555845007300377,0.0057541148559041135,0.056148098409175874,0.04971602918347582,0.04643319976940834,0.05241066962480545,0.05135953871067613,0.0503789072856307,0.05356926023960114,0.4662585198879242
2023-11-10,0.0304853003835742,0.07300945445895195,0.034397548995912075,0.02556011015549302,0.005867346612303414,0.05553853139281273,0.047425607890143696,0.04558344024307424,0.05234283246099949,0.04819023535819724,0.05043440004810691,0.052905524522066115,0.4782596528530121
2023-11-13,0.030127070970043236,0.07333106473088265,0.03545103073120117,0.02545813089236617,0.0059880994357779825,0.05444910004734993,0.04636018780039972,0.044889803689814836,0.05092842243611813,0.05020153328077868,0.051182220317423345,0.05286487340927124,0.47876845598220824
2023-11-14,0.030414691014953022,0.07621157914400101,0.03697357513010502,0.0251975622959435,0.006183537222219293,0.05706561580300331,0.048034024130806686,0.04655345654398655,0.053128693625330924,0.05103805810213089,0.04981230180710554,0.055117112770676616,0.4642698228359222
2023-11-15,0.029387866829878283,0.07346696183085441,0.0372290825471282,0.02472259388305247,0.006035035132251209,0.05556768551468849,0.0471846578899191,0.044856378918054676,0.05173904486000538,0.04928635184187442,0.04792938120663166,0.055314920097589496,0.47728005051612854
2023-11-16,0.028574457085082904,0.071906728297472,0.036529659479856494,0.024575668573379516,0.006148098964496107,0.05669393390417099,0.04817225019510403,0.0463858654451144,0.0525424912571907,0.04874267481500283,0.04737969320267439,0.054859479889273643,0.4774890005588531
2023-11-17,0.028306001910454803,0.07233709245920181,0.037012243457138536,0.02420770628377795,0.005986703252520087,0.056417220085859296,0.048765288797609684,0.046268451017053104,0.052801383286714555,0.04691431145183742,0.04855227023363114,0.05444328300654888,0.47798805236816405
2023-11-20,0.02753042703923896,0.07130738794803619,0.03723862841725349,0.024579100729897618,0.005735747508924405,0.05692259594798088,0.04951238974993224,0.046491839481818786,0.05278448276221752,0.04707614746876061,0.04860825203359127,0.054585476964712144,0.4776275038719177
2023-11-21,0.02714531587571578,0.070881587266922,0.03847615346312523,0.024771358538419008,0.005975058530616551,0.05670332387089729,0.04890022625902457,0.04619534062725048,0.05230383761227131,0.04533529134932905,0.050311850197613237,0.05464680641889572,0.4783538460731506
2023-11-22,0.026715589555964314,0.07294966951012612,0.0390371311455965,0.02482140948995948,0.00623160968249632,0.056868457794189455,0.04962281335889873,0.04612087801738855,0.05277990885078907,0.04535216144286096,0.04908274561166763,0.054755259305238724,0.47566237449646
2023-11-24,0.026950618538397288,0.0740410178899765,0.04076464083045721,0.025560515513643623,0.006376122842664067,0.05815989673137665,0.04996391404503644,0.04736315731367054,0.05406748615205288,0.04692868646234274,0.04924953132867813,0.05553363785147667,0.4650407612323761
2023-11-27,0.028597026408929693,0.07976849898695945,0.04636027775704861,0.028463306417688728,0.007109483827735375,0.06435395926237106,0.05574330993296339,0.0533468388530677,0.056522251665592195,0.05032532585319131,0.056236210465431216,0.06008745953440666,0.413086062669754
2023-11-28,0.03331552530222268,0.09394179806113243,0.056247503869235514,0.03458464201539755,0.009040422075692334,0.07756374999880791,0.06730572855968368,0.06367617957500542,0.06597755774855614,0.060472249879967424,0.06885449662804603,0.07265590652823448,0.2963642716407776
2023-11-29,0.035164394206716486,0.10182229727506638,0.06189629398286343,0.03756407634355128,0.00977892331312873,0.08710189163684845,0.07421238581626,0.07014049647198953,0.07273686081171035,0.06586950611090288,0.07668666243553161,0.07846011072397233,0.22856610417366027
2023-11-30,0.03566331269961935,0.104185089468956,0.06659448109567165,0.03940259926021099,0.010677515895921807,0.08938642889261246,0.0765543931708251,0.0725049285323232,0.0739274188876152,0.06875370603520423,0.08470853194594383,0.08003700897097588,0.19760461151599884
2023-12-01,0.033905424477240945,0.10043768882751465,0.06523070521652699,0.03862044820562005,0.01001112984157011,0.09010107517242431,0.07725607773527195,0.07419824810648663,0.07168499305844307,0.06794901624089107,0.08735465705394745,0.07726254612207413,0.20598798096179963
2023-12-04,0.03193048035422645,0.09680864214897156,0.06577945128083229,0.03753647888079285,0.010200516266559313,0.08923379480838775,0.07634001321188962,0.07258933316943406,0.07065674886107445,0.06807902546133845,0.08470053523778916,0.07696021646261215,0.21918476819992067
2023-12-05,0.031275052769836796,0.09898744374513627,0.06377837434411049,0.03690943191759288,0.01009607366381644,0.09167015850543976,0.07653893105605078,0.07447754505389881,0.07080185562372207,0.06969175604172051,0.08862577453255653,0.0742296390235424,0.2129179686307907
2023-12-06,0.029900340530762293,0.09720059931278228,0.06470583993941545,0.03630879996344447,0.00992597238157078,0.09229882508516311,0.07863880729857727,0.07474012210052816,0.07015173435211182,0.06933464556932449,0.09598055481910706,0.07412339076399803,0.2066903680562973
2023-12-07,0.029528061819379482,0.09921019673347473,0.06203462369740009,0.03630734439939261,0.010150262861168536,0.0924545630812645,0.0786248888747206,0.07480139402300026,0.06952532306313515,0.07123242251109332,0.09882003366947174,0.07170186042785645,0.20560901761054992
2023-12-08,0.0285282799586156,0.09826510846614837,0.06424911879003048,0.035993448738008735,0.009989239652933435,0.09274108856916427,0.07701879645223642,0.07485755639613316,0.0693916380405426,0.07157428392674774,0.10095432102680206,0.07154302150011063,0.20489409565925598
2023-12-11,0.027657699684450775,0.09731837064027786,0.06416278332471848,0.03513415534980595,0.01029826956656361,0.0947931870818138,0.07573621197645224,0.07622486169859091,0.06872475743293763,0.0698670205892995,0.10562665909528732,0.06942663490772247,0.20502937734127044
2023-12-12,0.026561683912185784,0.09669899493455887,0.06357217952609062,0.03477564654313028,0.009808180857690552,0.09447681903839111,0.07661889492033858,0.07635678892552988,0.06857806444168091,0.07215925711207091,0.1075988158583641,0.06820853129029274,0.2045861542224884
2023-12-13,0.025733584305974944,0.09715753197669982,0.06263161525130272,0.034423634642735124,0.009927352062609173,0.09908441603183746,0.07837801208835238,0.07851764948595452,0.06923238188028336,0.07202410344034434,0.11172999143600464,0.06764040663838386,0.19351933300495147
2023-12-14,0.016785277138302312,0.06469244733452797,0.04254781138151884,0.022976028616540134,0.006255792573035812,0.06534922644495963,0.05296534968682707,0.05170145969751836,0.047051602974534035,0.048779288912191986,0.0742567427456379,0.046244920790195466,0.460394012928009
2023-12-15,0.01570627782545788,0.06266475096344948,0.04073919430375099,0.022383000468835235,0.005513409818887105,0.06237525269389153,0.05153416512774687,0.04966555809389117,0.04555641859769821,0.04848381404299289,0.07369976416230202,0.04554988071322441,0.47612849473953245
2023-12-18,0.015379310994909013,0.061683600395917894,0.04091908223927021,0.022664504405111075,0.005559298618114461,0.0619060181081295,0.0510060438401279,0.04944676514073283,0.046113821864128116,0.048914367752149704,0.07422212362289429,0.0465140737593174,0.4756709933280945
2023-12-19,0.015120407681793324,0.06103109195828438,0.04054451715201139,0.022235731245018542,0.005231329890943393,0.0627964697778225,0.05122566894508438,0.051142153848596016,0.04720338098704815,0.047573591209948064,0.07745340839028358,0.04651306495070458,0.47192920446395875
2023-12-20,0.014869641098905184,0.05956781804561615,0.041891316324472426,0.022574864770285787,0.004921504427720258,0.06316640451550484,0.05146388725147126,0.0514083116334179,0.04823312237858772,0.04832096011377871,0.0769112691283226,0.04824097231030464,0.4684299349784851
2023-12-21,0.015414465630041719,0.060790859162807465,0.04128510821610689,0.022324069985188544,0.004715708290225784,0.06140435934066772,0.05068652862165379,0.050294574130342086,0.0462733656167984,0.04898777264170349,0.07492645531892776,0.04831673800945282,0.47458000779151915
2023-12-22,0.015812429200743418,0.060717086493968966,0.041867989115417004,0.02227703481912613,0.0045304403970206405,0.06109136417508125,0.05063343963984437,0.04975089392531924,0.046491749584674835,0.05052798893302679,0.0740091010928154,0.048620580509305,0.4736699044704437
2023-12-26,0.017532814127163475,0.06422442272305488,0.044646027684211734,0.023361556068994104,0.004890291277462033,0.059954892843961716,0.05027441553184246,0.049999869243259984,0.047025692835450175,0.05141328973695636,0.07929436340928078,0.049739382788538934,0.4576430082321167
2023-12-27,0.019376470637651445,0.06843348667025566,0.04892590399831533,0.024986242013983428,0.0054469444948995974,0.06431695967912673,0.05387045786414184,0.053842135288165414,0.051177432760596275,0.05601575970649719,0.08414715602993965,0.05388088077306748,0.4155801713466644
2023-12-28,0.023599629736772522,0.07948161363601684,0.05732219032943249,0.029167046281509103,0.006774902732048282,0.07548251748085022,0.06353880197420772,0.06269670504275578,0.05938499793410301,0.06704214047640562,0.09554185271263123,0.06269391104578972,0.3172736942768097
2023-12-29,0.026134739530344397,0.08776311799883843,0.06416218169033527,0.033424484892748296,0.008316718525679435,0.0851218082010746,0.07119938141882046,0.07095262507049167,0.06783714517951012,0.07645636415109039,0.1070242665708065,0.07085264846682549,0.2307545065879822
2024-01-02,0.026329110469778705,0.08865907490253448,0.06635668203234672,0.034192410320974885,0.009457565055716443,0.08663061112165452,0.07364396338218704,0.07419866431769631,0.07133539393544197,0.07649720357730985,0.11051526442170143,0.07393000945448876,0.20825400054454804
2024-01-03,0.02589876457740594,0.09157980903983116,0.06479845866560936,0.033979493053629996,0.009143125808536467,0.08679175972938538,0.07264252564762685,0.0746382203664016,0.0723067857325077,0.07467749882489443,0.10948374792933464,0.07064641863107682,0.21341337859630585
2024-01-04,0.026828128447163913,0.094212107360363,0.06327308863401412,0.0336180305108428,0.009253924175430406,0.08409487977623939,0.07230364169377097,0.07453308346462376,0.07296304106712341,0.07590909143909812,0.10893226638436318,0.07061896473169327,0.2134597361087799
2024-01-05,0.026959441860157796,0.09813007116317748,0.06141408830881119,0.0351747480686754,0.009747906642895465,0.08585488125681877,0.07190289244839931,0.07564067495718127,0.07489552572369576,0.07473697736859322,0.10859105214476586,0.0681370697915554,0.20881469845771788
2024-01-08,0.027303151155114412,0.0997425839304924,0.06358532011508941,0.03566711216699332,0.009929541638252815,0.08542914539575577,0.07081652112600949,0.07583311516425865,0.07486318349838257,0.07625072840601206,0.10426049679517746,0.07078153491020203,0.2055375337600708
2024-01-09,0.02720383698646387,0.0993354707956314,0.06359877698123455,0.03467677696608007,0.009751430269643535,0.08573319613933564,0.07180207780382908,0.07374724813754555,0.0744402140378952,0.07798276534304023,0.10423965603113175,0.07092405557632446,0.20656449794769288
2024-01-10,0.028083147783318017,0.10092556178569793,0.06394646875560284,0.03562181354500353,0.009563019696256881,0.08716467171907424,0.07406385876185162,0.0748632078556966,0.07385431528091431,0.07774239219725132,0.10338781252503396,0.07121461257338524,0.19956910610198975
2024-01-11,0.026872257382204445,0.10085145682096482,0.06186891570687294,0.034196441806852815,0.008813942929328356,0.0846639782190323,0.07387014707693887,0.07442900419861953,0.07342279031872749,0.07980353701859713,0.10749501585960389,0.06957368403673173,0.2041388213634491
2024-01-12,0.025489314809251873,0.10000459402799607,0.06338451765477657,0.03447933669667691,0.009095671666538152,0.08329183831810952,0.07618531720652691,0.0740885574437213,0.07337051630020142,0.07854429762810469,0.1073057308793068,0.07084753885865211,0.20391277968883514
2024-01-16,0.024711274104164183,0.10381969660520554,0.0629871029406786,0.03538741685915738,0.009280595761474863,0.08195603638887405,0.07617856230198043,0.07488756225865778,0.07170596197247506,0.07790551148355007,0.10776557177305221,0.06970144882798195,0.20371329188346862
2024-01-17,0.024213165809346827,0.09988171607255936,0.0636400930583477,0.03524735369719565,0.009136937308158543,0.08114498183131218,0.07472323443493742,0.07420895299819855,0.07219767570495605,0.07681847168132663,0.10379577428102493,0.07065103873610497,0.21434061825275422
2024-01-18,0.02462050737446706,0.10045415312051773,0.06315277777612209,0.03495752636808902,0.008866527414757108,0.08115568533539771,0.07521265397130109,0.0741319600037091,0.07384606227278709,0.07933181347325444,0.10123982951045037,0.07216927111148834,0.21086120903491973
2024-01-19,0.023752604784060695,0.09836000725626945,0.061907070130109786,0.036911944625899196,0.009453282293531196,0.08395970612764359,0.07648949959271042,0.07568543602556783,0.07643638849258423,0.08071610033512115,0.09959728345274925,0.0705307587981224,0.20619992315769195
2024-01-22,0.02344049630321905,0.10095828771591187,0.05973638668656349,0.038396172248758374,0.009768036170995486,0.08134248182177543,0.07424784229434067,0.07467252790982534,0.0766551062464714,0.08335411613807082,0.09842698648571968,0.07240498438477516,0.20659655928611756
2024-01-23,0.02273642284164925,0.10113293528556824,0.06120383031666279,0.038834833167493345,0.010084278487850007,0.08010991811752319,0.07515169442775652,0.0740195575438161,0.07627469301223755,0.08463621716946364,0.09607761353254318,0.0748332180082798,0.20490480363368987
2024-01-24,0.022571112652751957,0.10093584284186363,0.05909921377897263,0.03919314064551145,0.010271455088662406,0.0814550332725048,0.0759991056709353,0.07663356416074282,0.07681349292397499,0.08386901654303074,0.0939121350646019,0.0749734841287136,0.20427338480949403
2024-01-25,0.021786135172237663,0.10193573161959649,0.05873590484261513,0.03875499404966831,0.010847647294823482,0.08040690422058105,0.07744694169295947,0.0772296848987244,0.07500498965382577,0.08599911741912365,0.09090608432888984,0.07673887610435486,0.20420697033405305
2024-01-26,0.021374502488203183,0.10399741902947426,0.05837305448949337,0.03809533487074077,0.011002801237784788,0.07923173382878304,0.07804866842090696,0.07717595289615868,0.0750540092587471,0.08527853367850184,0.09042835533618927,0.07740584611892701,0.20453378260135652
2024-01-29,0.020147465234856554,0.10395224913954734,0.05881701745092869,0.039318364951759575,0.011452598399045399,0.07967345565557479,0.07910513901836999,0.07838267283615945,0.07518972903490066,0.08515493851155043,0.08640120774507523,0.07828306183218955,0.2041221022605896
2024-01-30,0.01974631217648959,0.10382185280323028,0.05784966163337231,0.03949095613788813,0.011677596738548957,0.07790922746062279,0.0786437757902462,0.07769965558543675,0.07443787083029747,0.08617922915145755,0.08756976798176766,0.08092953488230706,0.20404456853866576
2024-01-31,0.018947508286518654,0.1084712229669094,0.05830688327550888,0.03835172052495182,0.011644360609388827,0.07664227783679962,0.0787853218529401,0.07793471401254574,0.07340898364782333,0.08419677959755063,0.08677834048867225,0.082931749522686,0.20360015332698822
2024-02-01,0.020064100192874256,0.11249541342258454,0.05988641194999218,0.03760779101867229,0.01207506664161837,0.07599818408489227,0.07667012503956912,0.0783356640278468,0.07475197091698646,0.08059444501996041,0.09077835008502007,0.08455578684806823,0.19618665874004365
2024-02-02,0.019520749305707064,0.10957352221012115,0.059159863740205765,0.037220822530798614,0.012047803495330101,0.07481340318918228,0.07485734851245347,0.07651659292543744,0.07420025542378425,0.07841717842966318,0.09211583137512207,0.08333715461194516,0.2082194685935974
2024-02-05,0.02063981754342361,0.11109800711274147,0.061340456828475,0.03654511560453102,0.012199338395461012,0.07450339794158936,0.07218315795006092,0.07557173876465342,0.07527709379792213,0.07815367206931115,0.0915536604821682,0.08413863256573677,0.2067958950996399
2024-02-06,0.02099503141428638,0.11000981777906418,0.061438558623194695,0.0348646268597804,0.012315191596514553,0.07527898102998734,0.07109020445782051,0.07592114423239682,0.07565204575657844,0.07663923995569348,0.09258679002523422,0.08400871977210045,0.209199658036232
2024-02-07,0.02102446777201905,0.10729206800460815,0.059674212336540224,0.03445321414619684,0.011244111171456161,0.07727878093719483,0.07150718671128722,0.07555271741669536,0.07678508087992668,0.07818709025159479,0.09265930727124214,0.08408244475722312,0.210259285569191
2024-02-08,0.020699978788858608,0.10765847265720367,0.059803157672286035,0.03389511576388031,0.010723652846639276,0.07916153743863105,0.07301372472213644,0.07716545073716699,0.07864119559526443,0.0772651283070445,0.09077530726790428,0.08594292104244232,0.20525432825088502
2024-02-09,0.020233223630735965,0.10724862366914749,0.059641777724027636,0.03360052249627188,0.010162424971552042,0.0791548527777195,0.07359551886016895,0.07856048846603728,0.0785253532230854,0.07705129943788051,0.091868544369936,0.08580646738409996,0.20455089211463928
2024-02-12,0.019589837735442473,0.10807275027036667,0.060221505165100095,0.03319856878370046,0.009682350556009033,0.07848780453205109,0.07485985907746162,0.0783252421211417,0.07824186608195305,0.07831142162904144,0.09034114256501198,0.08660161048173905,0.20406604409217835
2024-02-13,0.020132196871900022,0.11093087047338486,0.061113889515399936,0.03199358910787851,0.010049363572998793,0.0782633438706398,0.0758392570913216,0.07945390230391158,0.07804576382040977,0.076488505769521,0.0883223719894886,0.08568466156721115,0.20368230640888213
2024-02-14,0.014277897076575386,0.07664391025900841,0.04085946138948202,0.022301899362355472,0.006754522913787042,0.05401648059487343,0.052211679618185514,0.05463656080789647,0.05496695302426815,0.05312764565460384,0.059192069619894025,0.058225813880562784,0.4527850985527039
2024-02-15,0.01403832246646033,0.07377965748310089,0.039363828301429746,0.021689221321139485,0.006289126273886936,0.05355212390422821,0.05208808081821577,0.053794762853728174,0.05321144014596939,0.05248792548663914,0.058691906929016116,0.05593106858432293,0.4650825381278992
2024-02-16,0.014355953879866944,0.07321391403675079,0.03893575929105282,0.021731621795333923,0.00625888239370731,0.05313449651002884,0.05106672133571433,0.05240284994949977,0.052994102239608765,0.05224729725159705,0.05399137139320374,0.05547450855374336,0.47419252395629885
2024-02-20,0.015181067842686602,0.07535572052001953,0.039994566887617114,0.02212562966742553,0.006589924603819419,0.0530204638838768,0.050854889322890354,0.0529093798923503,0.053823592513799666,0.051051196688786146,0.05310253016650677,0.05523805022239685,0.47075299024581907
2024-02-21,0.016389457028680176,0.0788928784430027,0.04224868826568127,0.02347238447982818,0.007011204082360933,0.05510474294424057,0.05271240486848896,0.05473235815687279,0.05621662773191929,0.053882723487913606,0.05597852766513824,0.056491313874721526,0.4468666911125183
2024-02-22,0.01891491458838086,0.0914210669696331,0.04966486468911171,0.027197912998963146,0.007992515221379826,0.06580733433365822,0.06184731285471497,0.06539826920281921,0.06540077775716782,0.06238009007647634,0.062254324555397034,0.06622489020228386,0.3554957151412964
2024-02-23,0.019563627324832567,0.09315095916390419,0.05279867872595787,0.02768959616078064,0.007862088245535758,0.06656308099627495,0.0628279600920223,0.06662869593886071,0.06556370221078396,0.06310581201687455,0.06222723200917244,0.0694577232003212,0.34256085753440857
2024-02-26,0.022039064006718158,0.10825819745659829,0.06184292733669281,0.0316421433351934,0.008866077671944694,0.07506508529186248,0.07219970069612244,0.07588595667737366,0.07479172423481942,0.07260106410831213,0.07389600649476051,0.07837075591087342,0.24454129338264466
2024-02-27,0.023270645106990173,0.11185710951685905,0.065601447224617,0.03375693222042173,0.009072936212167981,0.07819414362311364,0.07396363880477992,0.07958705354361299,0.0803507424890995,0.07611157782375813,0.07436108589172363,0.08323821872472763,0.21063448190689088
2024-02-28,0.023282882309052864,0.11381726041436195,0.06679170690476895,0.03403269200352952,0.008882095694441716,0.07774744629859924,0.074403334808685,0.07966339794023494,0.07891356125473976,0.07666526609100402,0.0789276733994484,0.08214174211025238,0.2047309845685959
2024-02-29,0.02395868860519155,0.11751267835497856,0.06646921038627625,0.03397580861055758,0.008449097223758173,0.07644797340035439,0.07293250742521362,0.07865651142782167,0.07883012220263481,0.07564678313210607,0.07921181842684746,0.08361347876489163,0.20429530441761018
2024-03-01,0.023763265828739045,0.11978856399655342,0.06646143235266208,0.033354364222032015,0.007880454384179813,0.07629441544413566,0.0738109464740635,0.07865164015660522,0.07822645232081413,0.0760153082665056,0.07844817638397217,0.08361121751368046,0.20369373857975007
2024-03-04,0.0242556537658718,0.12197048217058182,0.06784119419753551,0.03375706883089151,0.008303564835489751,0.07461394518613815,0.07146122101101753,0.07646971672543046,0.07828078120946884,0.07605640375986696,0.0775739885866642,0.08295812867581845,0.2064578652381897
2024-03-05,0.02378215177059797,0.12331016808748245,0.06762593239545822,0.03331569347938057,0.00849644179179041,0.07538948804140091,0.07287460726174455,0.07811435947106649,0.07689198888838292,0.0782867253292352,0.07730236276984215,0.08163089342415333,0.20297917425632478
2024-03-06,0.024831828767756824,0.12745023071765899,0.06824536845088006,0.03262465000443626,0.008839085335508123,0.0736384704709053,0.07176413735650211,0.07639602607721,0.07357437163591385,0.0780745567753911,0.07725960463285446,0.08347585797309875,0.20382579565048217
2024-03-07,0.024726157792023428,0.12721847370266914,0.0678072940558195,0.032274142644018865,0.0085642312063138,0.07398239225149154,0.07056812731595255,0.0774432096917991,0.07195849977433681,0.07947903815656901,0.07937466576695443,0.0825870618224144,0.20401673913002014
2024-03-08,0.026228471192452397,0.13261630311608313,0.06801592037081719,0.03150653546035755,0.008609296046992832,0.07178215309977531,0.0660293208405939,0.07688192319755309,0.07072591185569763,0.08076848010532559,0.07846903577446937,0.08493985384702682,0.2034268170595169
2024-03-11,0.027483284960279342,0.13867800533771515,0.06627335920929908,0.0315205142745981,0.008559078844028001,0.07133213877677917,0.06563087504634968,0.0761385832555522,0.06880774684250354,0.08221357390284538,0.07578996792435647,0.08460749387741089,0.20296535193920134
2024-03-12,0.028381770026745735,0.13960735127329826,0.06674562059342862,0.031948768947040664,0.00890577929831018,0.0715664267539978,0.0641474600140132,0.07524287590810275,0.06637402214109897,0.08411621348932385,0.07566865235567093,0.08441880866885185,0.2028762400150299
2024-03-13,0.028828817470091472,0.14477203786373138,0.06409716233611107,0.031783623233786786,0.00874829307914382,0.0731130674481392,0.0640026610190084,0.07708244823189574,0.06287793219089508,0.08486474025994539,0.07609524503350258,0.08101346977055073,0.20272047817707062
2024-03-14,0.028550354854244554,0.14843940138816833,0.06393580362200738,0.032391164550790566,0.008915849819305776,0.0734010674059391,0.06256831478146108,0.07625066902416097,0.06163072101771831,0.08483860450796783,0.07461685240268708,0.0819582361727953,0.20250295102596283
2024-03-15,0.027385474021324362,0.14449386969208716,0.06349878013134003,0.03240540272236103,0.008492724509512151,0.07573285549879075,0.06318225844531575,0.0778428001901732,0.06322643980383873,0.08406165251508355,0.07265005931258202,0.08286839351058006,0.20415928065776826
2024-03-18,0.02901698078920898,0.15167153850197793,0.06339819841086865,0.032873321553051935,0.009036901374207318,0.07524904012680053,0.06353752216719358,0.0766402151734514,0.06252777203917503,0.08438573079183698,0.07335331216454506,0.08578804358839989,0.1925214111804962
2024-03-19,0.027086719229664703,0.14669969007372857,0.06267179735004902,0.03227880367776379,0.008190237730895333,0.07569893822073936,0.06379412613863736,0.07685980917014082,0.06275305226445198,0.08283823560923338,0.07227700538933277,0.08549577593803406,0.20335582196712493
2024-03-20,0.02773551011845985,0.15041492283344268,0.0608738049864769,0.031979217058687934,0.007865732430991024,0.07488078400492668,0.06326874612432967,0.0764270316312146,0.061918698623776434,0.08408046956174076,0.07332300841808319,0.0841690756380558,0.2030629962682724
2024-03-21,0.02694096053604156,0.1519710674881935,0.06111982688307762,0.03195262501685647,0.007422727368542148,0.07364158779382705,0.06358754849606178,0.0758416655918154,0.06183279566466808,0.08533719221595674,0.07360111214220524,0.08350098133087158,0.20324991941452025
2024-03-22,0.027536471249751848,0.15594245120882988,0.060847533494234086,0.03201383990381146,0.007734386672466264,0.07265967726707459,0.062006088996581,0.07463726444460547,0.06103028021752834,0.08564443793147802,0.07435684464871883,0.08291937299072742,0.20267135202884673
2024-03-25,0.026834192563550553,0.1527220770716667,0.061939748376607894,0.031356709067767954,0.007524972928265683,0.07254552915692329,0.06305949595749194,0.07472662067283267,0.059420520439743996,0.08755582086741924,0.07494557574391365,0.08464417308568954,0.20272457897663115
2024-03-26,0.026256426876673445,0.15273380652070045,0.06086932234466076,0.03062437828630209,0.007591588212480538,0.07381529808044433,0.061610785789984135,0.07829169394419395,0.059731903672218326,0.08706594083923846,0.07443103566765785,0.08419409021735191,0.2027837246656418
2024-03-27,0.02500316585059874,0.15124496668577195,0.06311806663870811,0.02967532404436497,0.007405236442174434,0.0733688622713089,0.0606472420977429,0.07757923807632086,0.06053750328719616,0.08625086883548647,0.07435915432870388,0.08768461868166924,0.2031257301568985
2024-03-28,0.025254311492915172,0.15209544450044632,0.06373205333948136,0.029349760871264154,0.00721098061783465,0.07286208271980285,0.058260412907316095,0.07770139328090106,0.0600416325032711,0.08678053396288306,0.07333217151463031,0.0901281975209713,0.20325106084346772
2024-04-01,0.024789245871198063,0.14976436346769334,0.06446526162326335,0.028829887572646838,0.006976076693971401,0.07128235176205636,0.05647059376473553,0.07819033153378267,0.06081809625029564,0.08862428478896618,0.07534662857651711,0.09209250137209893,0.20235039293766022
2024-04-02,0.023449394099491983,0.14245642423629762,0.06393803730607032,0.02786849779440672,0.006853941155607402,0.07458733841776848,0.058454166094697516,0.08097981423475176,0.06238206848502159,0.0881233919877559,0.0745239220559597,0.09320002943277358,0.20318298935890197
2024-04-03,0.023382986508139324,0.14345466420054437,0.06437678411602973,0.027643988091585924,0.006799527946819239,0.07356676533818245,0.058325173414006316,0.08006840988949744,0.0637876771390438,0.08837209900375456,0.07358648627996445,0.09377550706267357,0.20285995602607726
2024-04-04,0.02263996641724688,0.13856089860200882,0.06505725719034672,0.026827347957441815,0.006678035821575357,0.07571365311741829,0.06145982599528477,0.08255834619917798,0.06548145078122616,0.09008595990017057,0.07412702478468418,0.09900445640087127,0.19180578291416167
2024-04-05,0.022630125580091764,0.13937950506806374,0.06749000325798989,0.026874009117454987,0.006166581774298763,0.07324728444218635,0.06125513389112545,0.08026372078270291,0.06507661417126656,0.09023796098772437,0.07337047792971134,0.10161918923258781,0.1923894166946411
2024-04-08,0.021707097208152427,0.1332218535244465,0.06678758226335049,0.025958943229488794,0.005534758682312813,0.07359723150730133,0.06116016650855336,0.08039688804616016,0.06373789720237255,0.09164822266902775,0.07262764647603034,0.10014043524861335,0.2034812569618225
2024-04-09,0.02310466331053913,0.13751778230071068,0.06649351641535758,0.026154347939882427,0.005260238667211326,0.0725504219532013,0.059266750005419054,0.0781257170862606,0.06189933978021145,0.09371972165536135,0.07339504417032003,0.09944866262376309,0.20306377708911896
2024-04-10,0.023074885866024,0.13465968146920204,0.06526372171938419,0.02564342518307967,0.004940281801482804,0.07417066767811775,0.06219142246318228,0.07883289638560224,0.05950187630951405,0.09554584315046669,0.07425425052642823,0.09922882057726383,0.20269222557544708
2024-04-11,0.019781424107239154,0.11097609922289849,0.053655439987778664,0.021550590969854965,0.003989616759576186,0.06322708502411842,0.051757307646488115,0.06541673804164372,0.05182830598205328,0.07815658947220072,0.059970061853528024,0.08012275770306587,0.3395679831504822
2024-04-12,0.021759346403291958,0.12157850190997124,0.05858163833618164,0.02380403100323747,0.004271595246458304,0.0705648310482502,0.059244800828420985,0.07358983820492906,0.057017572969198224,0.08811358633683994,0.06652198676019908,0.08795938454568386,0.2669928431510925
2024-04-15,0.02096730760439556,0.11637252271175384,0.05649563893675804,0.023170935283997097,0.003909201182334421,0.06863503977656364,0.058501185899136665,0.07023543023769267,0.05668411534279585,0.08572320285020396,0.0610849890857935,0.08561444655060768,0.29260597825050355
2024-04-16,0.021222496375222555,0.11555187702178955,0.05635536015033722,0.022720224587828852,0.0038543415006271784,0.06894212812185288,0.05852240406913971,0.06976357461540914,0.058491620048880574,0.08387550469487906,0.05902074733749032,0.0857947051525116,0.29588502645492554
2024-04-17,0.023980047306614516,0.1260033942759037,0.05993411280214787,0.025418718557193642,0.004374529856364084,0.07196730002760887,0.06137403482982222,0.07380230478490653,0.061540867760777475,0.09295259056380019,0.06192830624058843,0.09004358612000943,0.24668021202087403
2024-04-18,0.025646024363201292,0.13179987743496896,0.06187736429274082,0.025878414082399104,0.0047391522553283496,0.07536177411675453,0.06572530439531103,0.07655067495724595,0.06511182337999344,0.09737160399090498,0.06459132013842464,0.09289544895291328,0.21245119869709014
2024-04-19,0.025678043808803962,0.12989825159311294,0.061616628617048266,0.026260026668023784,0.005118788686667664,0.07794281020760536,0.06606294232948962,0.0779333059124987,0.06521189473569393,0.09811113907489925,0.06563429646193981,0.09478427246212959,0.20574759542942048
2024-04-22,0.026255407524001483,0.13278579264879226,0.06215791627764702,0.02650878589556669,0.005362365785302714,0.07665223181247711,0.06643507335920837,0.07698853492997734,0.06532211117446422,0.10079811952309684,0.06892648972570896,0.09473353736102581,0.19707363843917847
2024-04-23,0.026325087031078453,0.12926997616887093,0.06138640269637108,0.025828650108451257,0.00523922606846039,0.07642812952399254,0.06558732357331003,0.07608128970918812,0.06575951315462589,0.10290043198037893,0.06632449915632606,0.0939250722527504,0.20494439005851744
2024-04-24,0.026935173709310156,0.13357411995530127,0.06006585471332073,0.025931076292908983,0.0050687169389776795,0.07670159712433815,0.06539605710799527,0.07591028104197033,0.06458083838224411,0.1023801869014278,0.06582828685641288,0.09205801747739314,0.20556977689266204
2024-04-25,0.027396920049125306,0.13462859243154526,0.05850530229508877,0.026324066402594326,0.0053777518941156895,0.07528406903147697,0.06469348848861571,0.07722358450685576,0.0634109027683735,0.10592586615821346,0.0658711651340127,0.09057950675487518,0.20477880537509918
2024-04-26,0.028040906143682775,0.13372699916362762,0.05702758580446243,0.02610320816238527,0.005120487868466838,0.07644913122057914,0.06484005860023956,0.07849215021071973,0.06501587256789207,0.10598519027698786,0.06442980072461069,0.08994728401303291,0.20482131838798523
2024-04-29,0.027998494357145808,0.13350901305675505,0.056791020557284355,0.026344127483753255,0.005225287337322371,0.07673920094966888,0.06489324908752678,0.07802623105369584,0.06804313063621521,0.10170049734879286,0.06408047662116587,0.09091138020157814,0.20573786795139312
2024-04-30,0.028037464975551884,0.13506212905049325,0.05602934658527374,0.02637362416862743,0.004890893878587299,0.07601206600666047,0.06435976136462056,0.07776251467721132,0.06651569195091725,0.10255782502936199,0.06693917429074644,0.09041196890175343,0.2050475537776947
2024-05-01,0.025459200937116577,0.12000290229916573,0.05008648782968521,0.02416567416585167,0.004480096426722824,0.06715216413140297,0.05748154709597024,0.06996000597269188,0.06125208958983421,0.08996904144296422,0.058855332899838686,0.08060828000307083,0.2905271530151367
2024-05-02,0.02803414151490724,0.1316368356347084,0.053446445241570474,0.026152838463895024,0.0047533687101017465,0.07210910394787788,0.06228534945131692,0.07585230227095234,0.0665078479796648,0.09701194851659238,0.06461915946565569,0.086166163533926,0.23142449855804442
2024-05-03,0.027756192633073874,0.12723388522863388,0.051487217843532565,0.025329328569932842,0.004594880919987432,0.06680943518877029,0.05674353255345288,0.07059067447712408,0.06498571708798409,0.09502078450750559,0.0620608267839998,0.08271024376153946,0.26467726826667787
2024-05-06,0.0278944875675295,0.12509336248040198,0.050212175399065015,0.02496423616830725,0.004569588854998941,0.06402072086930274,0.05351531173720723,0.06805380694582155,0.06342821903526782,0.09251586582977325,0.0634299498051405,0.07939471751451492,0.28290754556655884
2024-05-07,0.029575698167618646,0.1290963612496853,0.05224478803575039,0.026187451725127174,0.004809386066149201,0.06666176840662956,0.05358200397708135,0.07057421405498268,0.06648483499884605,0.09350165196228773,0.06578124854713678,0.08084235079586506,0.26065823137760163
2024-05-08,0.0317910465054652,0.13805951923131943,0.05485550723969936,0.028089632742194226,0.00507961216111461,0.0706235907971859,0.05521726649539094,0.07492823058330096,0.07137580886483193,0.0976166371954605,0.06724617686122655,0.08575166091322899,0.21936528086662294
2024-05-09,0.03192665254122016,0.137183990329504,0.05536638125777245,0.028289073908308638,0.005632738381521918,0.07355223596096039,0.0550257148052772,0.07869846278971782,0.07332387901842594,0.09877598106395453,0.06610098909586667,0.08751803897321224,0.20860587656497956
2024-05-10,0.032238577817729916,0.13903651237487794,0.05484014824032783,0.028735450956810384,0.005993668334653535,0.0726787991821766,0.0530791023390476,0.0801568735357348,0.07372006922960281,0.09897735712584108,0.06448901733383536,0.08869758099317551,0.207356858253479
2024-05-13,0.03275544245240312,0.1393427975475788,0.05552365891635418,0.02898227177101944,0.0059504735219103825,0.07392197698354722,0.05225034193017173,0.08143232073325243,0.07501980662345886,0.098913154611364,0.06365254912525416,0.08824817351996898,0.20400706231594085
2024-05-14,0.03277986537659423,0.13924378901720047,0.054314929991960526,0.028860266149786186,0.0060204116105939676,0.07290087118744851,0.051477874644577606,0.08092715026433801,0.07481045164167881,0.1021786566823721,0.06558679845184087,0.08721261397004128,0.20368631184101105
2024-05-15,0.03242904395222581,0.13776430562138559,0.054877505823969844,0.028866997757722855,0.005989271758074999,0.07377239689230919,0.05104703146240439,0.08218729235297069,0.07520555891096592,0.10141091505065561,0.06563321743160486,0.08743773698806763,0.20337870419025422
2024-05-16,0.03186491920247114,0.13737960681319236,0.05370556339621544,0.028903309557790635,0.005675953971820924,0.07365106642246247,0.04991185362263959,0.08192951872416447,0.0746897041797638,0.10307001499459148,0.06252695461735129,0.0873901255428791,0.20930137038230895
2024-05-17,0.032524468173819446,0.13687072470784187,0.054806239902973175,0.02927680044194858,0.005611517198331306,0.07345917373895645,0.04874337577812149,0.08211967397967879,0.07828543037176132,0.10568605032749474,0.06169049367308617,0.08698540925979614,0.20394066274166106
2024-05-20,0.032607992889554537,0.1358230598270893,0.05426260568201542,0.02930299135405221,0.005675265691942677,0.0755797989666462,0.04900392086849585,0.08435541150146389,0.0777953427284956,0.1034643080085516,0.062109091132879254,0.08742595240473747,0.20259422361850737
2024-05-21,0.03228596905721517,0.13431625813245773,0.05489111356437206,0.029307384089406696,0.005539068186746476,0.0762172058224678,0.04843873627987847,0.08505202283032424,0.07896375432610511,0.1044995529577136,0.060629671160131696,0.0877348430454731,0.20212439596652984
2024-05-22,0.03210952848941595,0.13292778879404069,0.05390777550637722,0.029137979869847185,0.005168583674290872,0.07776597887277603,0.049456573954436325,0.08672829309200925,0.07887214720249176,0.10423733908683061,0.06009317431598902,0.08740567862987518,0.20218915939331056
2024-05-23,0.03156523148338088,0.1282937504351139,0.05366730093955994,0.02881910185678862,0.005150011197836868,0.0767787329852581,0.04911159709868027,0.0866250846234113,0.07902628853917122,0.10756689440459014,0.06107361800968647,0.08869247138500214,0.20362994372844695
2024-05-24,0.03176375044611639,0.1234205611050129,0.05351447947323322,0.02791293270456663,0.0053264080494273,0.07587589994072914,0.048199401604743744,0.08748445859139711,0.07983983531594277,0.10861852243542672,0.05956370029598475,0.0897066704928875,0.2087733805179596
2024-05-28,0.03127773222098647,0.12075027152895927,0.053712344542145726,0.028641988203526127,0.005285194977342122,0.07458383366465568,0.04629858792764328,0.08626897516377383,0.08024322092533112,0.1134962422773242,0.06352206822484732,0.09079804047942161,0.2051215201616287
2024-05-29,0.03083053981883328,0.11527102887630462,0.05455370284616947,0.028320044816064184,0.005302576114874747,0.0757364884018898,0.046452572214931466,0.08698164730364048,0.08185338079929352,0.11489494126290083,0.06310680080205203,0.09297223910689353,0.20372402667999268
2024-05-30,0.03071751948698349,0.11402577459812165,0.05396169163286686,0.028733525224015465,0.0052235247561354115,0.07605554759502411,0.04627908037657562,0.08688193028619047,0.08106821477413177,0.11050814967602492,0.06272453982383012,0.09164415076375007,0.21217635571956633
2024-05-31,0.03045297546677652,0.11743553653359413,0.05285899490118027,0.028274490367402906,0.005029043348545592,0.07775743827223777,0.04885682008127503,0.08698563930383436,0.08260035552084447,0.10871646460145712,0.06443271096795797,0.09168406054377556,0.20491552352905273
2024-06-03,0.030640158233381953,0.11610620990395545,0.05353154167532921,0.029180091647140215,0.005004975029294201,0.07766633406281472,0.05020720506042018,0.08671940017703186,0.081973148137331,0.10913890078663827,0.06507568303495645,0.0911363996565342,0.20361993908882142
2024-06-04,0.03038589072804996,0.11835933551192283,0.051740339025855064,0.029783385905830073,0.004919936663069713,0.07646120339632034,0.05195105992024764,0.0847918200846701,0.08151732757687569,0.10938132368028164,0.06878677792847157,0.08843887746334075,0.2034826934337616
2024-06-05,0.03021577744674193,0.11551208943128585,0.051792966201901436,0.029425175260257674,0.00500068555187525,0.07608244344592094,0.052418930667272434,0.08376313036599062,0.07991107553243637,0.11441786326467991,0.07091190237551928,0.08761129379272461,0.20293667316436767
2024-06-06,0.030639035717034524,0.11384835913777351,0.0528331745415926,0.029354263861387155,0.004599714566582947,0.07524118348956108,0.05063362261773925,0.08210496057528634,0.0774894967675209,0.1164103675633669,0.0726921059191227,0.0891339585185051,0.2050197869539261
2024-06-07,0.029953919490926316,0.11209451481699943,0.055179423093795775,0.028920990712140337,0.004986007487327626,0.07629587799310684,0.04989238016565238,0.08162961505082507,0.07757572010159493,0.11669227108359337,0.07440313361585141,0.0893555000424385,0.20302066206932068
2024-06-10,0.026829007240531944,0.10277170315384865,0.052947453781962396,0.028051206212694524,0.004913633678992113,0.07584488615393639,0.04988902819786638,0.08001345446078752,0.07477658428251743,0.11185013838112354,0.07136686667799949,0.08555806651711464,0.23518797159194946
2024-06-11,0.026918561265320485,0.10532437413930892,0.056372611597180364,0.029871851938878535,0.005462758891824393,0.0771732896566391,0.05275592638578317,0.08222924962795694,0.07663714587688446,0.1153846561908722,0.07426416650414466,0.08634523004293441,0.21126018166542054
2024-06-12,0.02592107826781298,0.10598438158631325,0.057158549502491954,0.030162001388089266,0.005556843389996224,0.07809611707925797,0.055490237991390856,0.08273872624345664,0.07414209060370922,0.11886030733585358,0.0753726415336132,0.08600205183029175,0.2045149326324463
2024-06-13,0.02481428445202436,0.10685145407915116,0.05758800320327282,0.030062781012748018,0.005812611585480454,0.0790556974709034,0.0578937497723917,0.08310126849003314,0.07271347492933274,0.1209232598543167,0.07739630416035652,0.08438074961304665,0.19940634071826935
2024-06-14,0.022714981654125842,0.10558012947440147,0.057593515142798424,0.03142429606195947,0.005707632928191586,0.07874544858932495,0.06025382916088447,0.08250942413817715,0.07082114070653915,0.12020599544048309,0.07904700860381127,0.08166743591427802,0.2037291407585144
2024-06-17,0.021471827270241307,0.10359656140208244,0.05866312570869923,0.03180853440644569,0.006145106291025826,0.07883720770478249,0.06073540822004091,0.08146461736113224,0.07324474193155765,0.12166680544614791,0.08105700388550759,0.0784980297088623,0.20281104743480682
2024-06-18,0.020435469417498985,0.10374339371919632,0.05916360728442669,0.033201517444103955,0.006102396261911025,0.0810278169810772,0.06157191115945295,0.08279496343298423,0.07092579901218414,0.12221429646015167,0.08052977770566941,0.0751756027340889,0.20311343371868135
2024-06-20,0.01948148030812824,0.10282660573720932,0.06234635747969151,0.0345679732694407,0.006200269371646705,0.08181791380047798,0.0608193553210814,0.08237878135043512,0.0730997834354639,0.12146957367658615,0.07957548201084137,0.0723544642329216,0.20306195616722106
2024-06-21,0.017843907870962284,0.10400919020175933,0.06169451549649239,0.03325489538401598,0.005928055871891225,0.08394432663917542,0.06293133022578026,0.08381824401603204,0.07049054689705372,0.12387956529855729,0.08030337393283844,0.06926291212439536,0.20263914465904237
2024-06-24,0.01696707915848794,0.10276973247528076,0.06247177552431822,0.033252820430061544,0.005832948601781673,0.08263156414031983,0.06338298579039651,0.08300798121374556,0.07013986594974994,0.12984873950481415,0.08082003146409988,0.06626873314380646,0.20260571539402009
2024-06-25,0.01686684433438934,0.11062994748353958,0.06255964394658804,0.03411848187533906,0.006013493674022286,0.08209499195218087,0.06638874728031467,0.0839951697077721,0.06959970127791167,0.13013336509466172,0.08077153787016869,0.06591051071882248,0.19091757833957673
2024-06-26,0.015853754911454486,0.10790595859289169,0.05914953518658876,0.033002177711750846,0.005506443386609483,0.07941382154822349,0.06397129669041242,0.08258262902123086,0.0661188866943121,0.13537891954183578,0.0819561168551445,0.06680736914277077,0.20235311090946198
2024-06-27,0.01504361331801558,0.10830374658107758,0.056665476970374586,0.03379072068782989,0.005379322043218693,0.08136535659432412,0.06488735461172154,0.08384974649440338,0.06478489357978105,0.13913946449756623,0.08043105006217957,0.06353179067373275,0.20282748341560364
2024-06-28,0.01441077004850797,0.10751268416643142,0.05773766096681356,0.03403710798447719,0.005209406931239791,0.07996030300855636,0.06345650558202501,0.0820599454961977,0.06495250836014747,0.1397142842411995,0.08257938399910927,0.0661615826189518,0.20220784842967987
2024-07-01,0.013990702777047481,0.10672662556171417,0.053382575325667855,0.034276490987394936,0.0049731353567676,0.0832612968981266,0.0646832051875517,0.0841729080957192,0.06533648446202278,0.14050345718860627,0.08083483576774597,0.06531512066721916,0.20254314541816712
2024-07-02,0.013317455691365509,0.10581216961145401,0.0516542799770832,0.03361974472354632,0.004898636830353453,0.08732227087020875,0.06619824936956356,0.086743447917668,0.06317015737295151,0.1372715413570404,0.08048406839370728,0.06700665205717087,0.20250130891799928
2024-07-03,0.01320855483286767,0.10862729102373123,0.049578911438584325,0.03432209349994082,0.0049122031387421215,0.08798356354236603,0.07255734450474591,0.08884030192844836,0.0636202184483409,0.13725122809410095,0.08191041350364685,0.06597274541854858,0.19121512174606323
2024-07-05,0.012581016800488953,0.10822949260473251,0.04895306117832661,0.03343655068601947,0.004582452553138871,0.08838277235627175,0.07678687705460767,0.08841601509877375,0.06188012659549713,0.13973044008016586,0.08040184378623963,0.06516535133123398,0.19145398139953612
2024-07-08,0.012197747937385373,0.1102865532040596,0.046852624230086806,0.03270300620788476,0.004472639586639282,0.08730148002505303,0.0806036851291168,0.08876885801832568,0.06060107629746199,0.14070773720741273,0.08024617657065392,0.06411964893341064,0.19113877713680266
2024-07-09,0.011634599130207413,0.10904835909605026,0.04589131586253643,0.031653031626774464,0.004223116117507253,0.08505204021930694,0.08255201687324494,0.08790671111159973,0.058059862442314626,0.14470747709274293,0.08241749852895737,0.06562092676758766,0.19123307466506959
2024-07-10,0.011206399187039117,0.10746336281299591,0.04470424596220255,0.031263411261898,0.004028476480064214,0.08679147362709046,0.08586835551015497,0.09096048373413393,0.05682012978941202,0.14351111203432082,0.08212051093578339,0.0641852229833603,0.1910768359899521
2024-07-11,0.010678905752778434,0.10532378852367401,0.04154558144509792,0.03050791997957276,0.0036811808482811515,0.08464142084121704,0.08474981453261562,0.09026524906679753,0.05443794894963503,0.14688235372304917,0.08393196240067483,0.060691628605127335,0.20266224443912506
2024-07-12,0.010933774035581934,0.10874551385641099,0.04211543742567301,0.030549012198753188,0.003432426176335568,0.08371100574731827,0.08620528436733003,0.08997604146153595,0.05277007501572371,0.14486053287982942,0.08362317457795143,0.06034411042928696,0.20273362398147582
2024-07-15,0.01071787910809352,0.10792059749364853,0.041206122003495695,0.030302868971193674,0.0032787869035820092,0.08602206110954284,0.08825896363586949,0.09070869137317442,0.05152560137212277,0.14347221106290817,0.08322279080748558,0.06118849813938141,0.20217491090297698
2024-07-16,0.011084449475450064,0.11163017153739929,0.041416415199637416,0.031072337063233136,0.003117721945540275,0.0857253447175026,0.08871147311386665,0.09231737459151165,0.05002952516078949,0.14103218168020248,0.0813352033495903,0.06061505153775215,0.20191281139850617
2024-07-17,0.01120197355126198,0.1131849929690361,0.04259040802717209,0.03112047224858543,0.002946989186724558,0.08309832513332367,0.08753060245668162,0.09125311108078886,0.04890084005892277,0.14413384199142457,0.07950593754649163,0.06187312304973602,0.20265937149524688
2024-07-18,0.01183054692487726,0.11417276561260223,0.04267683122307062,0.031763207519543354,0.002785910247175316,0.08246209844946861,0.08842045890069024,0.0926284347519779,0.04794281590729952,0.14242922216653825,0.07697443217039109,0.06248224005103111,0.20343101918697357
2024-07-19,0.012030122138469147,0.11067796871066093,0.042935927771031855,0.03224522369564511,0.002704976723405572,0.08242798820137978,0.08800711518942564,0.09365589371956222,0.046500570885837075,0.1421726018190384,0.07739482969045638,0.06306030750274658,0.20618647933006287
2024-07-22,0.013022217364201616,0.11256880536675454,0.04340126793831587,0.032039767064998156,0.002892768134206314,0.08051138445734977,0.08661356691608599,0.09263347864818491,0.04477807395160198,0.14480337500572205,0.07670458033680916,0.06140345484018326,0.20862724184989928
2024-07-23,0.014065131434840339,0.11472616344690323,0.045644367672502996,0.03305723757948727,0.00288717607046447,0.08001166507601738,0.08583386103018711,0.0934294466291588,0.044552673026919364,0.14230552315711975,0.07489855438470841,0.0621311753988266,0.20645700097084047
2024-07-24,0.01493913753373377,0.1168273538351059,0.046111495792865755,0.03320122088698554,0.0029832458341285673,0.07857214137911797,0.08271008833784847,0.09239800752225875,0.04341329764574766,0.14627212136983872,0.0762987494468689,0.062131072580814364,0.2041420668363571
2024-07-25,0.01413678666801701,0.10593892484903336,0.04246948733925819,0.030325012765388237,0.002670354952962839,0.0690216064453125,0.07432245212047466,0.0841200117206089,0.03969597294926643,0.1304942786693573,0.06887108460068703,0.05692354366183281,0.28101047277450564
2024-07-26,0.01533361231978514,0.11474387794733047,0.04524252433329821,0.03305625455104746,0.0030272274593295735,0.07157799527049065,0.07913319822538974,0.0881992076220989,0.04133592639118433,0.14175980985164643,0.07478651031851768,0.059888558462262154,0.23191532194614412
2024-07-29,0.01628137092204618,0.11667009815573692,0.04690707288682461,0.03297956086898921,0.0029977723319271734,0.0671074341982603,0.07632324408304907,0.08571163156537712,0.04018192756921053,0.13535092771053314,0.07199064120650292,0.060794643312692645,0.24670367538928986
2024-07-30,0.018192123820882245,0.1253059446811676,0.05036808680742979,0.034881847258657214,0.0033097995822188864,0.0671356026083231,0.07557710676097837,0.08687892294520516,0.041205560229718684,0.14295046627521515,0.07277098894119263,0.06368711665272712,0.21773641109466552
2024-07-31,0.019404073071989814,0.13010253384709358,0.05239046905189752,0.035445601110404824,0.0034475493108180543,0.06733441427350044,0.0745123233806316,0.08636029101093001,0.04090096093714237,0.14378203451633453,0.07520522996783256,0.06464829668402672,0.20646623969078065
2024-08-01,0.018708540652449736,0.11902370229363442,0.049679269269108775,0.0324961050748243,0.0031149595229591045,0.06191358305513859,0.06405453864006212,0.07862775217387483,0.036514843441545965,0.13166911751031876,0.06975293010473252,0.058409333974123,0.27603533267974856
2024-08-02,0.016964105703220156,0.10048904940485955,0.04151426814496517,0.0274457361039822,0.002598103343881597,0.05095201525837183,0.05082296955403489,0.06405660249224229,0.029903327580541372,0.10735190510749817,0.058868742734193805,0.04833135306835175,0.40070182681083677
2024-08-05,0.016846873600165856,0.09505743458867073,0.03898930698633194,0.025870457875134888,0.002462527931928271,0.04798338413238525,0.048098200999293364,0.059030817852932314,0.02826217971742153,0.0959395095705986,0.056020567566156386,0.0453326340764761,0.4401061117649078
2024-08-06,0.01668829243640655,0.08877440169453621,0.03742304630577564,0.025342148463823832,0.002394691545815597,0.044061167538166045,0.04267120406632614,0.05509442807794542,0.027478951308876277,0.09074301645159721,0.05217574834823609,0.04263343699276447,0.4745194673538208
2024-08-07,0.017759925605756344,0.08811952248215675,0.038922643102705476,0.02614913451252505,0.0025297071315160125,0.0448895862326026,0.04043048464469763,0.05385649268492578,0.026794288773089647,0.09044395983219147,0.053194429352879526,0.04065088704228401,0.47625895142555236
2024-08-08,0.018843405073214116,0.08741778507828712,0.03919267747551203,0.026460428799327928,0.002755653461724705,0.045265596453100444,0.03811428383455233,0.054182374386013164,0.02789925169199705,0.0899701677262783,0.05381005220115185,0.04168852493166923,0.4743998110294342
2024-08-09,0.019471897007774252,0.0853274144232273,0.0390219371765852,0.02636094502231572,0.0028569836629207756,0.0472394609823823,0.038753806339855326,0.0549179709199338,0.02798552727326751,0.08813970163464546,0.05390897355973721,0.04198984168469906,0.4740255355834961
2024-08-12,0.020320668883928583,0.08560812771320343,0.038942791521549225,0.02609234628471313,0.00289490462292914,0.04845186667516828,0.03905740936901321,0.05489589413183715,0.028032817412167788,0.0858213908970356,0.052798910066485405,0.04139694049954414,0.47568591833114626
2024-08-13,0.02051114889013821,0.08506039977073669,0.03899250216782093,0.0258498088165652,0.0029263935669577635,0.04815001180395484,0.04016350418409438,0.05405491936566129,0.02790691228583455,0.08645755350589752,0.05329392030835152,0.04171105325222015,0.474921840429306
2024-08-14,0.021913251652284593,0.08608475998044014,0.04080916419625282,0.027304464715416542,0.0030148350609556116,0.047496276721358296,0.03981335250181104,0.05271371566366341,0.026871716789901256,0.08481881320476532,0.054751687496900556,0.04093636982142925,0.47347159385681153
2024-08-15,0.022839954408365414,0.08623751625418663,0.042220470122992994,0.027643472808995283,0.0030344852039263515,0.0464519721455872,0.039864582952311524,0.0507579703556484,0.026722100004553793,0.08541204705834389,0.05527750365436077,0.039793018251657486,0.4737449109554291
2024-08-16,0.023857761999386183,0.0858545407652855,0.042965246737003325,0.027894497208762914,0.003254720849832182,0.04758897600695491,0.039255791396299776,0.050785603267313205,0.027231168001890182,0.08421422243118286,0.054735560715198514,0.040594099648296834,0.47176780104637145
2024-08-19,0.024491684412197224,0.08676253408193588,0.04399245698004961,0.028479474544292317,0.003432321979543751,0.04928777338936925,0.04127686473654979,0.05191532979552029,0.027873027510941027,0.08740965202450753,0.05654512867331505,0.041040781140327456,0.457492995262146
2024-08-20,0.02743241543737458,0.09472434669733047,0.04820443950593471,0.03129932506126352,0.0038348655780074737,0.05505512021481991,0.04519852318451232,0.05719229468556257,0.029650389775633813,0.09277869239449502,0.06098662838339806,0.04357440881431103,0.41006855964660643
2024-08-21,0.03353914336844586,0.11512063071131706,0.06032097674906254,0.03853352847800125,0.004793421971946365,0.06545869372785092,0.05453866007238961,0.06797558061022375,0.03581795450299978,0.11045874953269959,0.07636894583702088,0.050607464462518695,0.2864662528038025
2024-08-22,0.03788672340154751,0.12787161394953728,0.06809070371091366,0.043061880129971544,0.005390241789871375,0.06859006620943546,0.056945813176931634,0.07199874809705023,0.04013638086616993,0.12133662700653076,0.08337284997105598,0.057502849772572515,0.21781549155712127
2024-08-23,0.03843815994521336,0.1280143938958645,0.06943765841424465,0.0436387015710352,0.005546748396399082,0.07016320079565048,0.05760573626420786,0.07255077518702535,0.03954258132725954,0.12247403860092163,0.08175606727600097,0.056178289279341695,0.21465363204479218
2024-08-26,0.03287151318643886,0.10743680894374848,0.05935863368213177,0.0362795088585699,0.004508698460815808,0.05781541652977466,0.04630167978197974,0.0589191140778917,0.03253412675112486,0.10187227800488471,0.07044324018061161,0.04642670303583145,0.3452322602272034
2024-08-27,0.03640225698237689,0.11905452907085419,0.06376763768494129,0.03992758854292333,0.005286222906978999,0.06361697539687157,0.05071066345801985,0.06401015330949722,0.03525350783020258,0.11192105039954185,0.07478296123445034,0.04879296496510506,0.2864734947681427
2024-08-28,0.03952300674059454,0.12913276106119156,0.06938782259821892,0.043350314648705535,0.005853440148654876,0.07028671894222498,0.05470804467502326,0.06899043439101149,0.03752438761293888,0.11940999999642372,0.07942600771784783,0.05186206437647343,0.2305450201034546
2024-08-29,0.04072660623467019,0.132183588296175,0.07029843106865882,0.04481198698922526,0.00643681801433349,0.06932708658277989,0.05392595485180536,0.06961363133848568,0.03803876843303442,0.12039197236299515,0.08158254623413086,0.05247421935200691,0.2201883852481842
2024-08-30,0.04121056718805818,0.1330190621316433,0.07402265667915345,0.046551493208971804,0.0068265425850976055,0.06915143560618162,0.053075588758495586,0.07167069703961867,0.039080150239169595,0.12137550860643387,0.08385171517729759,0.054079652205109595,0.2060849517583847
2024-09-03,0.04138792636473578,0.13308212757110596,0.07446745075285435,0.046447331173112616,0.007244415440560559,0.06871666759252548,0.05303596071705918,0.07151094310947706,0.03827363327145576,0.12248842865228653,0.08690177127718926,0.05338812824338675,0.20305520594120025
2024-09-04,0.04128267084031521,0.1293479360640049,0.07196755185723305,0.047096730704652146,0.007105252851539845,0.0650349834933877,0.05241538277616993,0.06921478649961266,0.037977848760783674,0.11587132811546326,0.08618505224585533,0.05271529592573643,0.22378518283367158
2024-09-05,0.04132657664818904,0.13049001470208169,0.07141571529209614,0.04812199578445871,0.007153276555267674,0.06709448527544737,0.05484908202908265,0.07057897514059644,0.03785408977419138,0.12039148360490799,0.08997549116611481,0.05264340341091156,0.2081054300069809
2024-09-06,0.04322100410032128,0.13209058567881585,0.07377788163721562,0.050072487344732505,0.007525771536271186,0.06557995919138193,0.05220958799686528,0.06814612655060834,0.038334079831838605,0.1184439405798912,0.0941114917397499,0.05214408896863461,0.20434295535087585
2024-09-09,0.04343636810416172,0.1290915973484516,0.07292363196611404,0.05050099238287657,0.0074114094197341275,0.06351294815540313,0.05066687673893675,0.06439824753501408,0.03792339731007814,0.11246141120791435,0.09361345842480659,0.050112050212919715,0.22394759356975555
2024-09-10,0.04555049701985645,0.12952061444520951,0.07421813793480396,0.05024205652589444,0.007592613632211353,0.06661915946751833,0.050087262894689386,0.0638993649833294,0.03828323502093554,0.11043274104595184,0.09485558196902275,0.05080219376832247,0.21789655089378357
2024-09-11,0.047929560517650495,0.13300531208515168,0.07630516141653061,0.052230378563399425,0.008010061374309351,0.06695304699242115,0.048648781656043735,0.06363513983240718,0.038179656490683556,0.1108523890376091,0.09693468660116196,0.05032011922448874,0.20699573159217835
2024-09-12,0.04935483297983208,0.13442886993288994,0.07687507458031177,0.05273935002041981,0.008291630526893634,0.06862279130145907,0.04730027629702001,0.0638164921916708,0.03769749086350203,0.10821946635842324,0.09770862981677056,0.050406749546527865,0.20453832745552064
2024-09-13,0.050380674708325836,0.1336924709379673,0.0763289626687765,0.05191736436681822,0.00862961872788226,0.06937975073233246,0.046466629458348764,0.06259918126114386,0.03773165587335825,0.1074387215077877,0.10045866817235946,0.04998549614101648,0.20499079525470734
2024-09-16,0.05169057113935125,0.13505729734897615,0.07911858297884464,0.05276055420399643,0.008772316637686118,0.06716625913977622,0.045425426337435224,0.05994474341687397,0.037495581153780225,0.10651842802762986,0.1022282026708126,0.0496191312558949,0.20420291125774384
2024-09-17,0.050605669309248744,0.13716919273138045,0.07710125520825387,0.05207347524119541,0.008505288053359728,0.0672431893646717,0.04554264967014312,0.0591971893355586,0.037350387685000895,0.10602767542004585,0.10570766031742096,0.05059214625507593,0.20288422405719758
2024-09-18,0.05023321059168708,0.13859422504901886,0.07679377719759942,0.051527560857357456,0.008420349015664463,0.06700050178915262,0.04549818873548013,0.05806341141157976,0.037121870834380385,0.10687634199857712,0.10584972202777862,0.05164649924263358,0.2023743361234665
2024-09-19,0.050395669148094235,0.13883835300803185,0.07515545785427094,0.05233249729499221,0.008509532838403899,0.06724253436550498,0.04605853443431727,0.059088670291997755,0.035593485552817584,0.10738537684082985,0.1066504843533039,0.05012925248593092,0.20262015163898467
2024-09-20,0.050777423457489944,0.1373568944633007,0.07460360899567604,0.05186951203504577,0.008307987680050921,0.06470926050096751,0.044836709842948255,0.05663540665972242,0.03499477850273251,0.1045569509267807,0.10545157641172409,0.050012321583926676,0.21588759124279022
2024-09-23,0.04961625895413881,0.13750555589795113,0.07514588832855225,0.05228853315929882,0.008411480286433815,0.06564878984354436,0.048678617439836105,0.05888836468113752,0.03530308036133647,0.10645618289709091,0.10733987912535667,0.050092441868036984,0.2046249270439148
2024-09-24,0.04922414572475411,0.13907700628042222,0.07463189549744129,0.051345769705949354,0.008227664541881197,0.06508791549131274,0.05075354556417437,0.0596561712048846,0.035596295911818746,0.10800139233469963,0.10566310286521911,0.05044818008318543,0.20228691399097443
2024-09-25,0.048659538241439294,0.1399333868175745,0.07468615286052227,0.05352077822317369,0.008218809263968474,0.06256002392619849,0.05212612516534456,0.057653025121294554,0.03448553392663598,0.10937725678086281,0.10590341910719872,0.04970194092020393,0.2031739830970764
2024-09-26,0.047553624992969466,0.13782655075192451,0.07634418047964572,0.05357857183553279,0.008278889185609017,0.06265449449419976,0.05301171722486124,0.0594901888132112,0.03413065019994974,0.1090253822505474,0.10573205724358559,0.048482742812484506,0.203890922665596
2024-09-27,0.04625575694625574,0.13687184266746044,0.07659502886235714,0.05320228200871498,0.008759031945741392,0.06058945348486304,0.053357138193828035,0.058856761084222595,0.034134870208799836,0.11006212532520294,0.1088856115937233,0.04929233314469457,0.2031377911567688
2024-09-30,0.04418610081737935,0.1366471316665411,0.07837210558354854,0.05398844740120694,0.009196445673766896,0.059317152667790654,0.053298806103091324,0.060251580628034415,0.03347668554633856,0.11138005405664445,0.10880853086709977,0.04890957344323397,0.20216735899448396
2024-10-01,0.042837116123427596,0.13244120106101037,0.0759499117732048,0.052537123765796424,0.009658678320829317,0.060018444713205096,0.05489919043806744,0.06226437069930757,0.033136448822915554,0.11348892822861671,0.11129765659570694,0.04964012010022998,0.20183084905147552
2024-10-02,0.043407080232809925,0.1345827829092741,0.0754699643701315,0.05498804171802476,0.010286084007109508,0.05786577658727765,0.053841883329917906,0.060876892850057554,0.032658209651708604,0.11406153440475464,0.11078904196619987,0.0495368885807693,0.20163583755493164
2024-10-03,0.042323443450220745,0.13163780830800534,0.07415686026215554,0.057119083602447066,0.01179497837127883,0.059006994031369685,0.05509051805525935,0.06252628245546799,0.032351664174348115,0.1147246539592743,0.10971667766571044,0.04829334104433656,0.20125769078731537
2024-10-04,0.04265847103877416,0.13222427554428579,0.07482988573610783,0.05798466869164258,0.012068349758583351,0.06009846003726125,0.05549190289983734,0.0641955895659665,0.032246108073741196,0.11036494895815849,0.10702934190630913,0.048813366983085874,0.20199463069438933
2024-10-07,0.042376167020599806,0.13084873370826244,0.07404255159199238,0.057836844364646825,0.012888554622058911,0.06295399516820907,0.05777336289882058,0.0675256168954304,0.03150007296353578,0.10802276358008385,0.10480841100215912,0.047714364156126975,0.20170857906341552
2024-10-08,0.04293603619763466,0.1310724202543497,0.07258471623063087,0.05791438723681495,0.013966383719127862,0.0625803193077445,0.059229075237723805,0.07046423768281489,0.03200826197862625,0.10396416112780571,0.10316740423440933,0.048254019021987914,0.20185855329036712
2024-10-09,0.04161035958411326,0.12854260727763175,0.06854195334017277,0.05700421395013109,0.01367200317053019,0.06419140258803964,0.06220453567024684,0.07395176120228922,0.03099464327096939,0.10371311642229557,0.10556807219982148,0.049408779479563236,0.20059656500816345
2024-10-10,0.04153998439364326,0.1292812116444111,0.06630488000810146,0.05540394722484052,0.01267530418815852,0.06384787289425731,0.06374816473757683,0.07492352388308347,0.03199450643733144,0.10514612346887589,0.10444638282060623,0.04906182400882244,0.20162627398967742
2024-10-11,0.03935317307011754,0.1258302077651024,0.06394320353865623,0.05369646919425577,0.013853642099965846,0.061326096206903456,0.06559630230654534,0.07425923977720945,0.03213631715625524,0.1075284156948328,0.11166332364082336,0.049049068428575995,0.20176452100276948
2024-10-14,0.039460554512672094,0.12546065002679824,0.06445197314023972,0.052097896859049794,0.014612045262133933,0.06136987265199423,0.06508924403963157,0.07495580496345973,0.03149656550958753,0.10735502317547799,0.1138157770037651,0.048249988444149496,0.201584655046463
2024-10-15,0.03848789993608186,0.12505670115351677,0.06307864226400853,0.05049058068543673,0.01532031020876623,0.0601521922275424,0.06645525351427466,0.075208501867208,0.03197831064462662,0.10570956952869892,0.11653861403465271,0.04957348797470331,0.20194993019104004
2024-10-16,0.039258330721430035,0.1280760236084461,0.059697145596146584,0.052231603278778495,0.014810966080143118,0.05835668370127678,0.067861813166191,0.07662720867792583,0.031192004680633545,0.10243763551115989,0.11778012812137603,0.04977031480520964,0.2019001454114914
2024-10-17,0.03786706293613342,0.12464669421315193,0.059005283191800116,0.05074051693081856,0.01475998045164637,0.060853118821978566,0.0681768425282712,0.07760097427850106,0.030957849696278572,0.10223029665648938,0.12161416411399842,0.04983975365757942,0.20170747637748718
2024-10-18,0.03783009058576674,0.1252215698361397,0.05631062015891075,0.05203372561372817,0.015759181392480136,0.06070528719574213,0.06791440773554527,0.07793986411223112,0.030843479558825493,0.09890575967729091,0.12438322007656097,0.05003871712833643,0.2021140545606613
2024-10-21,0.03687216046763488,0.12428412511944771,0.05411179773509502,0.05180339524522424,0.01722031604001959,0.05875287894159555,0.06728270119396243,0.07840371173019581,0.030493638943880796,0.10015499070286751,0.12900724560022353,0.04975012969225645,0.20186289846897126
2024-10-22,0.0352115961553288,0.11972739472985268,0.05492675267159939,0.05165626613888889,0.017854849169538944,0.06189353968948126,0.06775463909267714,0.0805058470874533,0.030872679129242898,0.09775162283331155,0.1268342524766922,0.05239712707698345,0.20261343717575073
2024-10-23,0.03363254097651751,0.11598916351795197,0.055022649466991425,0.05124773781280965,0.018230083999378623,0.06241566333919764,0.06905153699158433,0.08180543382530221,0.030678699258714914,0.09737392384558916,0.12878019809722902,0.05363502260297537,0.202137354016304
2024-10-24,0.03387579507761931,0.11638521775603294,0.0555357675999403,0.0506882325746119,0.01778221977839358,0.06255049835890532,0.07038025258547549,0.08257828695937022,0.03171936105936766,0.0975276505574584,0.12229465097188949,0.05627360697835684,0.20240845382213593
2024-10-25,0.03292492395682896,0.11507470160722733,0.05468744076788425,0.05042773499153554,0.017634521321408768,0.061721418797969815,0.07081966313390034,0.08365246836996806,0.031729981396347286,0.0974659314379096,0.12392408698797226,0.05784034244716167,0.2020967572927475
2024-10-28,0.03287985685523509,0.11727890893816947,0.053292053565382955,0.05196095346473158,0.01724401151339805,0.0592946944758296,0.07092260605620275,0.0827242690152545,0.0315480163320899,0.09977147597819566,0.12379604578018188,0.05672207474708557,0.2025650203227997
2024-10-29,0.03233514627925373,0.11535663157701492,0.0540672305971384,0.05131338140927255,0.017187000242297044,0.05911438707262277,0.06988379236827083,0.08299186559948861,0.031576594710350035,0.09980300329625606,0.1265874460339546,0.05762999206781387,0.2021535336971283
2024-10-30,0.03227098813295477,0.11467879936099053,0.053321593627333644,0.04959392761811614,0.016354778515350075,0.059998410008847716,0.07139768271926314,0.08562969754674228,0.031911257468163964,0.10021429937332868,0.12305639535188675,0.05941065885126591,0.2021615117788315
2024-10-31,0.030831839663065,0.11776477843523026,0.05050170160830021,0.04787997943349183,0.015449327047033634,0.058472579903900625,0.07067500237796036,0.08546391761745546,0.03173621455207467,0.09994017444550991,0.12934623509645463,0.0597233209758997,0.20221493542194366
2024-11-01,0.03135146345983024,0.11805402785539627,0.05083351619541645,0.04852195959538221,0.014635409063424731,0.05750248096883297,0.07040605815062033,0.08465393972517284,0.03152545765042305,0.09921782035380602,0.12880891859531401,0.06130368821322918,0.2031852900981903
2024-11-04,0.03109091469021106,0.11717289686203003,0.05020371824502945,0.04888158640824258,0.014779744652232373,0.0600340697914362,0.06972873470098317,0.08589384173931336,0.0319318512454629,0.09749238956719637,0.1273263305425644,0.062227115780115125,0.20323679447174073
2024-11-05,0.032403303232664805,0.1197779856622219,0.05145513936877251,0.04791214889846742,0.014109123346859853,0.05727298595011234,0.06815488921282356,0.08375899539577833,0.032114262226969004,0.1004736328497529,0.12427930384874344,0.06533577591180802,0.20295245051383973
2024-11-06,0.033112167026917126,0.11894786804914474,0.05055426098406315,0.04584928825497627,0.013535863955830507,0.058346549049019814,0.0671319979982794,0.08407568083397265,0.0317303279414773,0.10196163598448038,0.12345604449510575,0.06769300773739814,0.20360530614852906
2024-11-07,0.03435279618863803,0.11653990969061852,0.05277499929070473,0.04621636914089322,0.013036990005489635,0.060686373710632326,0.06544055023346473,0.08439976334923127,0.031157319154590368,0.10085504837334155,0.12283534407615662,0.06900099851191044,0.2027035266160965
2024-11-08,0.03297940850550152,0.11557577401399613,0.05103597901761532,0.04461189997382462,0.012414660014365708,0.05873401053249836,0.06567237792228867,0.08272012075748023,0.030657682567834854,0.09858759734779596,0.12622708231210708,0.06807986572384835,0.21270353794097902
2024-11-11,0.0320714624082834,0.11363807171583176,0.050142887607216836,0.04568464998155832,0.011598998447673736,0.06084065735340118,0.06882837579794163,0.08473224990231465,0.030049127992242575,0.09923031460493803,0.12810226380825043,0.07095800712704659,0.20412292778491975
2024-11-12,0.031097260685326766,0.11309063881635666,0.05144188664853573,0.04464682079851627,0.010938210800090432,0.06008419208228588,0.07051420024260473,0.08462581375304286,0.02974026892334223,0.10115124564617872,0.1268487334251404,0.07198489680886269,0.20383583307266234
2024-11-13,0.030770187647645563,0.11190478056669236,0.05072434321045875,0.04434195598587394,0.010570028684488975,0.05793331675231457,0.06880142115168972,0.08281112518274529,0.03014901131391525,0.09467071425169707,0.12487200796604156,0.07000225186347961,0.22244885861873626
2024-11-14,0.029820829771012924,0.11142736002802849,0.04993800185620785,0.04410013677552342,0.011486697699226944,0.05912977010011673,0.06975671381470328,0.08519136657513808,0.02990372935310006,0.09863831810653209,0.13015553057193757,0.0707515947520733,0.20969995856285095
2024-11-15,0.02942510333021673,0.11062568724155426,0.05069651380181313,0.04632254643365741,0.011978574399967634,0.059866806492209435,0.071242303697891,0.08640358944062232,0.031495424546301366,0.0974615503102541,0.12758264541625977,0.07207684069871903,0.20482242703437806
2024-11-18,0.03015128897097199,0.11319644898176193,0.05217307358980179,0.04750068662688136,0.012415710855854911,0.058720382675528524,0.0717911146189941,0.08683117667836751,0.032046304643154146,0.09495932050049305,0.12375339418649674,0.07123878002166747,0.20522230863571167
2024-11-19,0.03045561080887289,0.11174692660570144,0.05289342254400253,0.04625140428543091,0.012733247806279735,0.05942622013390064,0.07116756805288027,0.08473117537579836,0.031684413412585856,0.09753788448870182,0.12119225710630417,0.07364971041679383,0.2065301716327667
2024-11-20,0.03181826014755238,0.11469217985868455,0.05519495606422424,0.04589769691228866,0.012388858889499232,0.0595946416258812,0.07129719766251644,0.08499037660269212,0.03168426975607872,0.0968707948923111,0.11811801046133041,0.07308460399508476,0.2043681412935257
2024-11-21,0.032384328333331956,0.11415077969431878,0.05588930919766426,0.046443247608840464,0.012942196975779474,0.05916322134435177,0.07096620483448728,0.08607705279235223,0.031684774346649645,0.09720699712634087,0.11682529002428055,0.07260677218437195,0.20365980565547942
2024-11-22,0.03343730719512461,0.11367246732115746,0.057183795049786566,0.044986316841095685,0.012382221158735796,0.05800068117678166,0.06936796240395697,0.08623260890158627,0.031531026819720864,0.10083299539983273,0.11771517246961594,0.0711403414607048,0.2035171002149582
2024-11-25,0.03227975935804359,0.110358577221632,0.05749141722917557,0.0458473083563149,0.01251358540240446,0.058926721662282945,0.07083261395696674,0.08630472613898928,0.03102764645591378,0.10431836359202862,0.11430803239345551,0.07316619232296943,0.20262504518032073
2024-11-26,0.030874711992804827,0.10790814757347107,0.057217298448085784,0.04475787561386824,0.012176582445819229,0.05859961844980717,0.0729917721103007,0.08577227185616501,0.030299072852358222,0.10723455473780633,0.11666426360607147,0.07213210016489029,0.20337170660495757
2024-11-27,0.030744462273902862,0.10817000344395637,0.058057352900505066,0.044248579256236556,0.01239168220468816,0.059417154639959335,0.07187027089201745,0.08744226444369403,0.03075316143222153,0.10629895254969597,0.11714497059583664,0.07113816738128662,0.20232296586036683
2024-11-29,0.031540862673087845,0.11239299029111863,0.05835331529378891,0.04194470904767513,0.011706818664099394,0.05824830308556557,0.07005129721114312,0.0854526180484589,0.029732473380863666,0.10917416363954544,0.12088877707719803,0.06834518015384675,0.20216850340366363
2024-12-02,0.030277590281874822,0.11065107211470604,0.05995734855532646,0.04287450257688761,0.011201173692678878,0.06025457829236984,0.06978094931666554,0.08642814960369413,0.030605968460440634,0.10795274153351783,0.11908846795558929,0.06888707205653191,0.2020404040813446
2024-12-03,0.028906536594445597,0.1104686364531517,0.05958391278982163,0.04189938697963953,0.01036993968175146,0.06190802752971649,0.0697872615127892,0.08754282347373063,0.03106942931190133,0.10619176030158997,0.1190008819103241,0.07089549377560615,0.20237587988376618
2024-12-04,0.027352822722169278,0.10842562019824982,0.06021671965718269,0.04067969154566527,0.010310416145461864,0.06393324844539165,0.070581267468906,0.0903581804021318,0.03126647537574172,0.10568753853440285,0.11764667481184006,0.07174652293324471,0.20179479718208312
2024-12-05,0.026782158619192132,0.1108168087899685,0.06011524796485901,0.03977451212704182,0.00955291655237751,0.06388960480690002,0.06947448626219846,0.08966538205455751,0.0314460501074791,0.10519935190677643,0.11654859334230423,0.07466121837496757,0.20207367539405824
2024-12-06,0.02576749942298644,0.11000922247767449,0.0620121568441391,0.039066402800381185,0.009268301154740043,0.06475669275969267,0.07101393455526832,0.09159910564829765,0.03128245072439313,0.10905010551214218,0.11351418942213058,0.076449915766716,0.19620999097824096
2024-12-09,0.024116725260549997,0.1078304797410965,0.06151449158787727,0.03825929146260023,0.00900705083193536,0.06532462053000927,0.07118945636279506,0.09324413123173177,0.031115688709542157,0.1132564127445221,0.11743971109390258,0.0766876608133316,0.19101428091526032
2024-12-10,0.0232811497540645,0.11024091392755508,0.06284154057502747,0.037400888931006196,0.008533827416897033,0.0663124978542328,0.07132242734972002,0.09389197424091869,0.030886424938216805,0.11250066012144089,0.11284330785274506,0.07389645203948021,0.19604790210723877
2024-12-11,0.022529407381453304,0.1103642500936985,0.061188694834709165,0.03788248132914305,0.008119150910215821,0.06602833978831768,0.07069018148556942,0.09416025467123781,0.030599868204444648,0.1116759017109871,0.11088392063975334,0.07434577196836471,0.2015318125486374
2024-12-12,0.02214892442309786,0.11157770305871964,0.06047950088977814,0.03699403097853064,0.007748216222128868,0.06817462816834449,0.07248505367457661,0.09584702301020336,0.030507694045081735,0.11183080524206161,0.10812893658876419,0.07247732132673264,0.2016001671552658
2024-12-13,0.021638295877122005,0.11195491030812263,0.059548807144165036,0.03723069466650486,0.008224867843580341,0.06747609451413154,0.072539425088328,0.09563983135561607,0.029703691136091948,0.11459679007530213,0.1041046842932701,0.07505110874772072,0.2022907853126526
2024-12-16,0.020840284564322964,0.10950991213321686,0.05822598896920681,0.03663622345775366,0.008867822788338132,0.06897814832627773,0.07477569971948447,0.0976344024534482,0.029411539854481816,0.11911396980285645,0.09872452616691589,0.07513132244348526,0.20215014815330506
2024-12-17,0.020265193760582,0.11079007312655449,0.058893689140677455,0.03659724835306406,0.008815147050732008,0.06829052641987801,0.07646199775007752,0.09801311830472699,0.029241177951917052,0.12196477055549622,0.09586547017097473,0.07252096831798553,0.2022806376218796
2024-12-18,0.019918276491443797,0.11288567334413528,0.06015847325325012,0.03646161714568734,0.00886860516849275,0.06745564043521882,0.07874815532393135,0.09868398641261784,0.029830340389162303,0.1261615350842476,0.09529819637537003,0.07082034125924111,0.19470913708209991
2024-12-19,0.013574092723080966,0.07303824201226235,0.03865230232477188,0.024288886692374945,0.005550820641792242,0.044409409165382385,0.05125485888996373,0.06434490949146827,0.020428742608055474,0.08310071527957916,0.06152700185775757,0.045054980739951137,0.4747750282287598
2024-12-20,0.01382790629206152,0.07290376424789428,0.038702789694070816,0.024529873859137297,0.005525435785501287,0.044816403090953826,0.05082900409636917,0.06479300022713144,0.020612367358990014,0.08135089203715325,0.060194021463394164,0.04487755671143532,0.4770369350910187
2024-12-23,0.014658929525332454,0.07420544773340225,0.03933603540062904,0.025108800549060107,0.005670487395529555,0.04507971461862326,0.05000942298896636,0.06403759026127905,0.02105773307848722,0.08240897357463836,0.0571674719452858,0.046226589009165764,0.47503281235694883
2024-12-24,0.01513445804880167,0.07438096478581428,0.039077543467283246,0.025427109375596047,0.005618489971870133,0.04641828741878271,0.05010492831009437,0.06420593832622021,0.021774193039163947,0.08205105513334274,0.05448967218399048,0.04689677357673645,0.4744205892086029
2024-12-26,0.015886897987848415,0.07459619715809822,0.039570676535367964,0.025640547927469014,0.005678846612184074,0.046050036512315276,0.04962174510576176,0.06290003027868014,0.021737613459117712,0.08256079703569412,0.053360558301210406,0.04665469564497471,0.47574138045310976
2024-12-27,0.016304926692707156,0.07614023834466935,0.040914132818579675,0.02681967429816723,0.005898949180646262,0.0479084674268961,0.05263153518293624,0.06513114908016675,0.022842320357449354,0.0865431271493435,0.05269508808851242,0.04808220490813255,0.45808819532394407
2024-12-30,0.01687141786892745,0.07579133585095406,0.0404396515339613,0.026149818673729897,0.005418696301908632,0.04618129376322031,0.050574451467042716,0.06453613244496754,0.022165321209467948,0.08530006483197212,0.05021156519651413,0.04749031588435173,0.46886993646621705
2024-12-31,0.019387860162048475,0.0853312261402607,0.04458246082067489,0.028810013271868228,0.005980095063510582,0.04786962270736694,0.05495568900877288,0.06819789904387985,0.02403470273129642,0.09014099389314652,0.05368166044354439,0.05113475546240807,0.4258930265903473
2025-01-02,0.02414333799885,0.10370480269193649,0.054675786197185515,0.03509913561865687,0.006856572831535068,0.057260971330106256,0.0640967490242625,0.08146106540393312,0.02917614672333002,0.10778718292713166,0.06049087420105934,0.06308628357946873,0.31216107606887816
2025-01-03,0.028334104278301454,0.11950457394123078,0.061584777757525445,0.0397077645175159,0.007653334351514651,0.06366941258311272,0.07193162333669907,0.09024837858418344,0.03216488384641707,0.12142370045185089,0.06647491678595543,0.07288301959633828,0.22441951036453248
2025-01-06,0.029712237624689664,0.12204158902168274,0.06331373453140259,0.03985431222245097,0.007793102636213867,0.06438785269856453,0.07145729851799967,0.09193568461851882,0.03246252872049808,0.12550333887338638,0.06808937191963196,0.07553673461079598,0.2079122006893158
2025-01-07,0.030828610416592815,0.12266342341899872,0.06307032145559788,0.03937121136114001,0.007850336928572333,0.06450188085436821,0.07049325735724121,0.09350821592588385,0.032660600170493125,0.12362031042575836,0.06785599738359452,0.07897238209843635,0.20460346341133118
2025-01-08,0.031597488766474946,0.12312995195388794,0.06356173604726792,0.03945044334977865,0.007888530062508892,0.06462422721087932,0.06921206895377222,0.09286620832402921,0.03368939501233399,0.12236503213644027,0.06575395725667477,0.08050515055656433,0.20535579323768616
2025-01-10,0.0317356241924772,0.12211122885346412,0.06342327520251274,0.038356377743184566,0.007636272171545677,0.06401878334581852,0.06919756376992972,0.09264937392365376,0.03339065527543426,0.12196851372718812,0.06616330407559871,0.08490530923008918,0.20444374084472655
2025-01-13,0.03252008852420509,0.12468493208289147,0.06375713236629962,0.039260541927069424,0.007551762990241073,0.06448474936187268,0.06846496266895521,0.09263271450412632,0.03444743743166327,0.11562627851963043,0.06494135633111,0.08550328090786934,0.20612476468086244
2025-01-14,0.03305669439899628,0.125945857912302,0.06362764798104763,0.038826993573457,0.007444862629174764,0.06324665918946266,0.06674685830613036,0.09095993980197381,0.03356886748224497,0.12005782276391982,0.06557878144085408,0.08599607795476913,0.20494291186332703
2025-01-15,0.034283890966529465,0.12663555815815924,0.06542285308241844,0.040252803917974235,0.0075179100582667855,0.06442762985825538,0.06434937459153041,0.08926661198700625,0.034191209636628625,0.11521360278129578,0.064595066010952,0.08935891687870026,0.20448459684848785
2025-01-16,0.03203324384664512,0.1155741810798645,0.06003227382898331,0.03656605519354343,0.006955856216171341,0.05812019072473049,0.05772295760710229,0.07966369425605091,0.030934355035424233,0.10648746117949486,0.0607603782787919,0.08190887384116649,0.27324047684669495
2025-01-17,0.03438803411564404,0.12377261966466904,0.06370241604745389,0.03830874590203166,0.007599641827123272,0.061255200579762456,0.05887911010616733,0.08376546550738109,0.03287652670405805,0.11356787905097007,0.06667614299803973,0.08728894963860512,0.22791924476623535
2025-01-21,0.03602341309140158,0.1274328462779522,0.06485713198781014,0.03889234066009521,0.007530521653726652,0.06307922154664994,0.058307229263962944,0.08468241287837977,0.03381452583707869,0.1161231480538845,0.06924342345446348,0.09077086038887501,0.20924290418624877
2025-01-22,0.036099772203075454,0.1285915903747082,0.06451756656169891,0.038228184916079044,0.0071579940596603105,0.062012291699647906,0.05694226205191324,0.08313083246490809,0.03339792001061141,0.1148149199783802,0.06863323822617531,0.09034977331757546,0.21612363755702974
2025-01-23,0.03584446586429983,0.13055991232395173,0.06520132198929787,0.03893394721671939,0.0071190037179377445,0.06366806477308273,0.05644946844437264,0.08626500874486939,0.03476403383538127,0.11361252069473267,0.06766032986342907,0.09312340393662452,0.2067985028028488
2025-01-24,0.03611454681990711,0.13069095686078072,0.06630336679518223,0.04028861122205853,0.007040644407091179,0.06530804000794888,0.05561904319771784,0.08668651933502947,0.03552536093629897,0.11167713850736619,0.06644195318222046,0.09514237120747567,0.20316146016120912
2025-01-27,0.03516860248119258,0.13274093121290206,0.06508830673992634,0.04077939763665199,0.006719302451991993,0.06451551057398319,0.05470569400126202,0.08847277652930216,0.035509388567879795,0.11099664121866226,0.06439732518047095,0.09784971475601197,0.20305642187595369
2025-01-28,0.03603448635893205,0.13214922547340394,0.06481595262885094,0.040629749465733764,0.006501272446923246,0.06277011297643184,0.054517640264799105,0.08706835545801059,0.034633174259215596,0.11425521746277809,0.06473246458917856,0.09798934236168862,0.20390300452709198
2025-01-29,0.03593795087374492,0.13367927744984626,0.0634701568633318,0.04046424739062786,0.006244417772985855,0.06350465975701809,0.053242329567708246,0.0882435176568153,0.03477986054494977,0.11358567848801612,0.06414706446230412,0.09988391995429993,0.20281693637371062
2025-01-30,0.03772563983577974,0.13599997237324715,0.06332265920937061,0.040542355924844745,0.006648283548637934,0.06295590568333864,0.05075089557680581,0.08670541683487265,0.034556798683479426,0.11360911354422569,0.06358459629118443,0.1005689725279808,0.20302942395210266
2025-01-31,0.03829691665645711,0.13757232055068017,0.06109159179031849,0.03984085125848651,0.006763030266929526,0.062447637878358365,0.048020011547970046,0.08698821846189767,0.03362789140082896,0.11580818593502044,0.06282066404819489,0.1034373737871647,0.2032852828502655
2025-02-03,0.03946656996694742,0.1358616717159748,0.060022438690066335,0.04079079013317823,0.006934966457160563,0.06341355629265308,0.046582348341148896,0.08936500902357274,0.033775327587500216,0.11464949920773507,0.06069187149405479,0.10538139194250107,0.20306456089019775
2025-02-04,0.04027227552058843,0.13863676264882088,0.060152843967080115,0.04182757204398513,0.006705151237727591,0.06289145704358816,0.04507686706440275,0.08897386379710852,0.0332560773473233,0.11353014707565308,0.05919135566800833,0.1072486013174057,0.20223701298236846
2025-02-05,0.04112971905946381,0.1384625717997551,0.060077615827322,0.04283203696832061,0.006784703995468888,0.06306636538356543,0.044184177085521095,0.08966788537817276,0.03300129291601479,0.11460795402526855,0.05671898070722818,0.10655661523342133,0.20291008055210114
2025-02-06,0.041866650882525745,0.14103014394640923,0.0611003115773201,0.04449875606223941,0.0073579806127321845,0.06096972096711397,0.04321736049249374,0.08822051322490125,0.032369770528748634,0.1159132480621338,0.0557362912222743,0.10516343526542186,0.2025558054447174
2025-02-07,0.04372511027153507,0.1445835441350937,0.060653134062886235,0.044151801336556676,0.007833504312965011,0.05992986131459475,0.041882377912306444,0.08888897042697046,0.03188724042847753,0.11692402884364128,0.05683442410081625,0.10118466541171074,0.20152134597301483
2025-02-10,0.04491399209941971,0.14580022990703584,0.061125312373042105,0.04439924526959658,0.008398230945156548,0.05981352813541889,0.04022234334280341,0.09026365041979556,0.03256587111391127,0.1137874737381935,0.05575088504701853,0.10034280382096768,0.20261639058589936
2025-02-11,0.04497057866737357,0.14567205011844636,0.06073434315621853,0.04440872464329004,0.008963944352659148,0.06069383481517434,0.03980418648647266,0.09044680939642884,0.032326548965647815,0.1145394928753376,0.05446990467607975,0.10059689991176128,0.20237269401550292
2025-02-12,0.045215411554827514,0.14715389981865884,0.06153572276234627,0.04477588562294841,0.008660108590533965,0.061898539680987595,0.040113303250592834,0.09323250844871556,0.03266374245285988,0.11337530016899108,0.052753137238323686,0.09655504301190376,0.20206737518310547
2025-02-13,0.04536433902965999,0.14649370014667512,0.061872347816824914,0.0454723397269845,0.009148530411198586,0.06348057463765144,0.04097262088973537,0.09485274162029711,0.03257314171642065,0.10944844558835029,0.05309323538094759,0.09499874562025071,0.20222924947738646
2025-02-14,0.04562502502171952,0.1451384276151657,0.06332321427762508,0.046681329421699044,0.008782811721816585,0.06283883973956109,0.04157311261350518,0.0939621124140018,0.031994532747194174,0.11106067672371864,0.05191517602652311,0.09171316027641296,0.2053915649652481
2025-02-18,0.04356560003293364,0.14066002666950225,0.06308510079979897,0.046090534701943395,0.008706267404648572,0.06421120520681142,0.04444126163539881,0.09585374335171881,0.03179910792969167,0.11483803763985634,0.052332980930805205,0.09213734157383442,0.20227879285812378
2025-02-19,0.04173681324040519,0.13650634996592997,0.06216735914349556,0.04608424147590995,0.008380371475409376,0.06689678207039833,0.04711114965369436,0.09966553204229651,0.0314690925180912,0.11475087255239487,0.05334963016211987,0.08992823474109173,0.20195358693599702
2025-02-20,0.03965880993244717,0.1323225289583206,0.06135059036314487,0.047712516970932484,0.008019994061488234,0.0657837426289916,0.049943842735630815,0.10033132468822678,0.031709515815600754,0.11929535493254662,0.053629177063703536,0.08844735249876975,0.20179525315761565
2025-02-21,0.039739779181082825,0.13491794914007188,0.061226334795355795,0.04763809023424983,0.007405697358557362,0.06777691207826138,0.05278755794659382,0.10194677009534078,0.032031973171979186,0.11740621626377105,0.05286137815564871,0.08396096788346767,0.20030037462711334
2025-02-24,0.04039378874337842,0.13550166711211203,0.06143413484096527,0.04959907475858927,0.007307167424083971,0.06675991863012314,0.05326250892601738,0.09943126180777391,0.03219136563129723,0.11256040632724762,0.05432436913251877,0.08369105570018291,0.2035432994365692
2025-02-25,0.040861924198488886,0.1399176724255085,0.06287035308778285,0.049133670143783094,0.007421063086242441,0.06759289409965277,0.05622142419258687,0.09990415456993543,0.03219700041227043,0.11469405218958854,0.055553949996829034,0.08114846870303154,0.19248338639736176
2025-02-26,0.041916729321442504,0.13923780769109725,0.06435055285692215,0.04711323035880923,0.006570039581146858,0.0676829406991601,0.05461353682341752,0.09454557348282613,0.031224741227924825,0.11384239345788956,0.05677813086658716,0.0792219877243042,0.2029023587703705
2025-02-27,0.04378424741347846,0.14236154928803443,0.06627864353358745,0.0467924514785409,0.00708583230874833,0.06803109329193831,0.052687710001024256,0.09195127979813922,0.031062592938542365,0.11298813745379448,0.05828944556415081,0.07638839781284332,0.20229860246181489
2025-02-28,0.045124464642613306,0.14070507884025574,0.06628303900361061,0.04690735982730985,0.006927851065894153,0.06707935947924852,0.050824081728150894,0.09147182608790275,0.030671783629804848,0.11606860980391502,0.05823853798210621,0.073427115380764,0.20627087652683257
2025-03-03,0.04635193686550387,0.14032892435789107,0.06691197529435158,0.046263972856104375,0.006794087331073584,0.0699107937514782,0.05067798193408777,0.09010787212567148,0.030770375858992338,0.11686142757534981,0.05985698811709881,0.07193119525909424,0.20323246121406555
2025-03-04,0.04736028233356855,0.14052252024412154,0.06633430309593677,0.04799559433013201,0.007108958712126601,0.07201323192566633,0.05112201354800554,0.09059016163935159,0.031246213568374516,0.11607383340597152,0.05801628679037094,0.0685584306716919,0.20305821299552917
2025-03-05,0.048223072639146915,0.13685058951377868,0.06624368093907833,0.04788334304466844,0.008016025108657487,0.07218759367242455,0.05124609075318496,0.09149824586352988,0.030812650872394442,0.11639022976160049,0.0582363236695528,0.0695059634745121,0.20290617942810057
2025-03-06,0.049960302121652055,0.13834263160824775,0.06966270841658115,0.04707204159349203,0.008368061706722685,0.07374908132478594,0.04944933324190135,0.09053803133120404,0.03092022945638746,0.11317948400974273,0.05849939845502376,0.06727567985653878,0.2029830366373062
2025-03-07,0.04951004055691044,0.1340574897825718,0.0692920908331871,0.046972223091870546,0.008709919880586624,0.07179990159347653,0.05126268455815648,0.09027519278748368,0.031325765908695756,0.10806640684604644,0.055322886630892756,0.06733548790216445,0.21606990396976472
2025-03-10,0.05047079272364918,0.1339401289820671,0.06867046169936657,0.04772389670833945,0.008769681386662499,0.0751930532976985,0.052582032607782735,0.09173743023847862,0.030865914770402014,0.11066082268953323,0.055822258815169334,0.06695785000920296,0.2066056877374649
2025-03-11,0.04584873624569656,0.1194443754851818,0.061827129870653155,0.04456861587241292,0.0077205346433586895,0.0657219948247075,0.04911982604762013,0.08282041436989189,0.029036592738702894,0.1023226298391819,0.0493995375931263,0.064220280200243,0.2779493033885956
2025-03-12,0.04929937033933172,0.12633349895477294,0.0665331806987524,0.047911365143954755,0.008777128450681992,0.06979307858273387,0.05226628734498977,0.08833539714141078,0.03179634120315313,0.1094682402908802,0.05133900009095669,0.06991171687841416,0.2282353788614273
2025-03-13,0.051608962332607075,0.13017368018627168,0.06933087296783924,0.05188059192150831,0.009721647133996925,0.071038253698498,0.05164742787067631,0.08808657143624128,0.03223428935743868,0.11275164037942886,0.051250601559877394,0.07057717815041542,0.20969828069210053
2025-03-14,0.05172266351710721,0.1301981531083584,0.07002356871962548,0.05293591171503067,0.010303342982859221,0.07045182976871729,0.05220717425960704,0.08909182901988669,0.03396032596938312,0.11074769794940949,0.05059992074966431,0.07195695862174034,0.20580060184001922
2025-03-17,0.050888181892306684,0.12554822191596032,0.06803718842566013,0.05070129223167896,0.010014551476070643,0.07218076316639781,0.05097519104182151,0.08650388463102807,0.03175024762749672,0.10618921220302582,0.04776460193097591,0.0708591639995575,0.2285875201225281
2025-03-18,0.05058122685605308,0.12440182045102119,0.06642072275280952,0.05072431368753314,0.010026679541458704,0.0706261653918773,0.04925118915084585,0.08159304737898339,0.03160137641243636,0.10500012710690498,0.04509985744953156,0.07199825346469879,0.24267520308494567
2025-03-19,0.05256845713902418,0.12871352806687356,0.06811314225196838,0.051575418654829265,0.01064549716762766,0.07263097087852657,0.049897560173775626,0.08169487309439276,0.03245753473602235,0.10744161754846573,0.0451043089851737,0.07549424394965172,0.2236628532409668
2025-03-20,0.053912867336884315,0.12863937988877297,0.07021018490195274,0.05299972137436271,0.01033085465289254,0.07271084217354655,0.04763530463586676,0.08015208728802214,0.031931066419929266,0.10989238694310188,0.044978917203843595,0.07648004442453385,0.22012635469436645
2025-03-21,0.05626213896664165,0.13289225473999977,0.07369705736637115,0.05598787907510996,0.01085999723758757,0.07126808525063097,0.046352829910485484,0.07781954307473331,0.03284873804077506,0.11047680042684078,0.0442311143502593,0.0783143550157547,0.20898916125297545
2025-03-24,0.056566329972106824,0.1316525936126709,0.07308833934366703,0.056650815345346925,0.011106739210039508,0.07245570938102901,0.045160192811370695,0.07791612348570051,0.032052459521219136,0.11258172504603862,0.04356727227568626,0.08038898631930351,0.2068127304315567
2025-03-25,0.056932913451363906,0.13019597232341767,0.073447110876441,0.056693438440561295,0.011645769359127733,0.07468795604072512,0.04386995945513537,0.0792880273547972,0.03184428191743791,0.11015500016510486,0.0426497695967555,0.08284408003091812,0.20574573576450347
2025-03-26,0.05658581520436403,0.13222190737724304,0.07438248358666896,0.056466649658977984,0.011776095526307095,0.07193735730834305,0.042919664652679934,0.07730779389791902,0.03244054955430329,0.11135847941040992,0.04272558446973562,0.08620883747935296,0.2036687731742859
2025-03-27,0.05647016078413891,0.13172835856676102,0.07463677935302257,0.0574216284789145,0.012462734143545439,0.07270997343584895,0.04351576211945964,0.07810360841391617,0.03323168531060219,0.10907996445894241,0.0415236409753561,0.08342281058430671,0.2056928902864456
2025-03-28,0.05584838355968156,0.13227028772234917,0.07579935193061829,0.056291765067726374,0.01249018554757555,0.07283052327111364,0.04350047721448771,0.07945596175248734,0.03276749984361231,0.10872772783041,0.04147934718057513,0.08483740165829659,0.20370111167430877
2025-03-31,0.05602409576246572,0.1349911443889141,0.07750468738377095,0.05914107915014029,0.012883080829475979,0.07051692483946681,0.04536005227679141,0.08005910703039021,0.03406359665095806,0.10857268534600735,0.041416554152965544,0.08560935705900193,0.1938576102256775
2025-04-01,0.055736240103765586,0.13341172710061072,0.0767725445330143,0.05907885376363993,0.01172551141062872,0.0693000431638211,0.04268694419004415,0.07743258216750881,0.0342269292101264,0.10833063945174218,0.04072381360456347,0.08652395084500313,0.20405023097991942
2025-04-02,0.05737968835115943,0.13508195616304874,0.07989034578204154,0.059606000781059265,0.01230496907977141,0.06739788474515081,0.04125764110790282,0.07572034623904803,0.03358898982405663,0.10986408460885286,0.040911803022027016,0.08315347135066986,0.20384283363819122
2025-04-03,0.05835118657524365,0.13498120270669461,0.08125683553516864,0.061342521011829375,0.01286809561912996,0.06833958593197167,0.03876250629150864,0.07365133658292108,0.03291584607213736,0.110744509100914,0.040706092678010466,0.08254625387489796,0.20353403091430664
2025-04-04,0.038771610375101774,0.08581012934446335,0.0511776065453887,0.041146391071379185,0.008284070915241238,0.04528979151509702,0.025943559267787818,0.04940821793685259,0.023011550260707735,0.07333546131849289,0.027362077357247473,0.05487883500754833,0.4755806803703308
2025-04-07,0.038642297164481754,0.08238168209791183,0.05079347863793373,0.03980766795575619,0.008065874479426504,0.04609890466090292,0.026013448785567484,0.049564291303321004,0.023971744626760483,0.07410900071263313,0.027522976882755755,0.05527682863175869,0.47775180339813234
2025-04-08,0.03918565939898429,0.08239294067025185,0.05086319856345654,0.04026011433452368,0.007637994426191064,0.04679259124677628,0.025489494249909407,0.04862208125423386,0.025021999049931763,0.07326725386083126,0.02813215972855687,0.055664302036166194,0.4766702115535736
2025-04-09,0.038991449284063326,0.08158614821732044,0.049109698832035066,0.04134038519114256,0.00843439387545537,0.0456322232959792,0.024949413607621374,0.04819423850716777,0.026338308677077295,0.07429006397724151,0.029032057709991933,0.05548355504870415,0.47661806344985963
2025-04-10,0.03941039729950546,0.08386414051055908,0.0489691972732544,0.04175106566399336,0.008434281638164088,0.046961477817967535,0.025350956725308117,0.04648314115815673,0.026130210072733463,0.07390971705317498,0.02871162248775363,0.055283839255571364,0.47473994493484495
2025-04-11,0.03873160503388125,0.0812083624303341,0.0476952113211155,0.04229462333023548,0.008876386333681374,0.04849188700318337,0.025541304096643104,0.046634289009874055,0.02720897807739675,0.07232806961983443,0.02934066541492939,0.056136758625507356,0.4755118668079376
2025-04-14,0.038054066682191315,0.07961525581777096,0.04677116479724645,0.04253361709415913,0.009143604249034354,0.0479607047745958,0.02624276718842431,0.046955745674740076,0.027496358659118415,0.0730653990060091,0.029965526796877383,0.05579602159559727,0.47639976143836976
2025-04-15,0.03765010846340946,0.07854319997131824,0.04652679972350597,0.04335321392863989,0.0093336859745758,0.04781051550526172,0.027215611148507436,0.0469774789746511,0.02837237073108554,0.07282836269587278,0.029989052191376687,0.056139830872416495,0.4752597510814667
2025-04-16,0.03738701955092179,0.07645018249750138,0.04638229589909315,0.04379585701972246,0.009435649491031484,0.046470244857482614,0.027445997151979994,0.046664605134863105,0.02894873796030879,0.07265665084123611,0.03082804847508669,0.0560194231569767,0.4775152802467346
2025-04-17,0.036661555827677536,0.07543541714549065,0.04612410347908735,0.044449516013264655,0.009706091954850393,0.044718883489258586,0.027956609123682696,0.046838515646687284,0.029012174857780338,0.07594105061143637,0.0318637415766716,0.055899616703391074,0.4753927230834961
2025-04-21,0.03596138102749613,0.07298821322619915,0.04515129514038563,0.0449453879147768,0.010010319605317087,0.0455373396165669,0.02839006458035289,0.04696893818934509,0.029212145274505018,0.07579080406576395,0.032072812877595426,0.055769496411085126,0.4772017955780029
2025-04-22,0.03558571443103862,0.0724442970007658,0.04461670070886612,0.044480196014046666,0.01087093919923987,0.046918465616181494,0.029017628389372163,0.047625598304267845,0.03018661430105567,0.07509724851697683,0.032155100628733634,0.05573685951530934,0.4752646446228027
2025-04-23,0.035396127637987364,0.07055809050798416,0.04448493272066116,0.04484373852610588,0.010950227315836081,0.04580714690964669,0.029195968548567743,0.047152320161531945,0.03007977972738445,0.07648009303957223,0.032496303878724576,0.05521970838308334,0.47733556628227236
2025-04-24,0.03581666403645265,0.07019679173827172,0.04439935758709908,0.0445576585829258,0.010795411682042299,0.04600254744291306,0.029895223046348285,0.04740722906292234,0.030649197939783334,0.0780655700713396,0.03252647090703249,0.05452312342822552,0.47516476511955263
2025-04-25,0.03545261449295971,0.06924415193498135,0.04352990742772818,0.04477250799536705,0.010685233323218135,0.04721757811494172,0.030464873855163256,0.04653063476834731,0.031379647087305784,0.07828841153532266,0.03267891090363264,0.05397397316992283,0.47578155994415283
2025-04-28,0.035336702373716555,0.06866365224123001,0.04248853921890259,0.04457189850509167,0.010375531189747456,0.046724217804148795,0.030648883377272895,0.04637580565471726,0.03136170459911227,0.08131416644901038,0.033358929120004176,0.052980372309684755,0.47579959630966184
2025-04-29,0.03531286955984729,0.06808580979704856,0.04249198101460934,0.04524984247982502,0.01043572173863776,0.04599631107412279,0.03009333984974809,0.04628569832102478,0.03202856797724962,0.08024115655571222,0.034035158529877665,0.053706444799900055,0.4760370969772339
2025-04-30,0.03566264412392872,0.06765748113393784,0.042260176688432696,0.0449463564902544,0.010315160927993538,0.045902811270207164,0.030728719682909578,0.04645297423355928,0.03298500990495086,0.07880983985960484,0.035306332260370256,0.05314039513468742,0.47583210468292236
2025-05-01,0.035336644929814476,0.06621249318122864,0.04164851512759924,0.04403202719986439,0.010361907883706677,0.04638364925049245,0.031100003823783594,0.04781725170101936,0.03490202948451042,0.07753640413284302,0.03691454455256462,0.051819410920143125,0.47593510150909424
2025-05-02,0.03544559700501928,0.06550796814262867,0.04109822884202004,0.042554620653390884,0.009915035662107918,0.04813648972194642,0.0317186797406551,0.048835241669599225,0.03451051702722907,0.07830856442451477,0.036964749172329905,0.05138934776186943,0.4756149768829346
2025-05-05,0.0350600249881575,0.06492330022156238,0.04071887880563736,0.04238544441759586,0.009958188948776403,0.05019720061682165,0.03210194108580975,0.0491565508697823,0.03541708025150001,0.07742914259433746,0.03833149261772632,0.05009015724062919,0.4742306053638458
2025-05-06,0.03484818541408856,0.06526579074561596,0.03990940060466528,0.04215789251029491,0.009780356325395801,0.04979239064268768,0.032504734312444584,0.049196304863116505,0.0347339088562876,0.08027838356792927,0.038565341383218765,0.048060962557792665,0.47490634918212893
2025-05-07,0.03479486537144254,0.06612114533782006,0.039293411932885644,0.04166136328130961,0.009594217289109076,0.05037954798899591,0.0333978437451707,0.04880648219824035,0.0346258794888854,0.08099205642938614,0.038542269915342334,0.04717639349400997,0.47461450695991514
2025-05-08,0.034108147828931304,0.06552074626088142,0.03868661820888519,0.041403268463909626,0.009118706160826839,0.048732710629701616,0.03466066680029663,0.04916774819618528,0.034605363849550486,0.08119555301964283,0.0402778547257185,0.04652484878897667,0.47599775195121763
2025-05-09,0.03398051595174589,0.06550926566123963,0.03798810336738825,0.04146930873394013,0.009413975375511186,0.04918068586848676,0.035121688796070846,0.04987760767237841,0.03366130185313523,0.08305399715900422,0.03997010178864002,0.045716215297579764,0.4750572323799133
2025-05-12,0.03392552215296316,0.06509283594787121,0.03695290759205818,0.04173360336571932,0.009721825508263216,0.04837005659937858,0.03561015089720136,0.04976647916688677,0.03394005298614502,0.0857112817466259,0.04312464855611324,0.045012390986084935,0.4710382342338562
2025-05-13,0.03372630183299759,0.06492809653282165,0.036426675692200663,0.04059443771839142,0.009698664190031004,0.048812287859618664,0.03576689515453868,0.04965313417716981,0.034284036885946986,0.08502452746033669,0.04338528588414192,0.042536113783717154,0.47516352534294126
2025-05-14,0.03381942095803936,0.06734618358314037,0.03604416567832232,0.04061158187687397,0.009680753215472038,0.05016445154324174,0.036991253810238864,0.05024054322957596,0.03531935503706336,0.08525983616709709,0.04490192234516144,0.04441826269030571,0.4652022898197174
2025-05-15,0.03357401007062908,0.06820284277200699,0.03708291556686163,0.04027013536542654,0.009915078204870652,0.0515843368601054,0.03931417348006807,0.05214649573235004,0.03724637739360333,0.08806378915905952,0.045227814465761185,0.04528101123869419,0.45209103226661684
2025-05-16,0.035052230888138955,0.07267829775810242,0.03965837508440018,0.04192353989928961,0.010116703464511722,0.05336919547989964,0.04228888493083911,0.054357757322905084,0.03941043121740222,0.09225915893912315,0.04954472631216049,0.04902101494371891,0.420319664478302
2025-05-19,0.04191975682366582,0.08885326087474824,0.04924169108271599,0.04943993277847767,0.011549168322441261,0.06178401606157422,0.05100537945907444,0.06528127666858943,0.04866101508960128,0.11243748962879181,0.060626822710037234,0.05959707126021385,0.29960312247276305
2025-05-20,0.045929349054872046,0.09989512860774993,0.054442128911614415,0.054963717609643935,0.012529911836227824,0.0679380889981985,0.05582989332909705,0.07150247663796065,0.05370309678837657,0.1275101497769356,0.06959226131439208,0.06611133068799972,0.22005248367786406
2025-05-21,0.045671292435304524,0.10162316709756851,0.054701999947428706,0.055806739069521424,0.012244165136827157,0.07048255214467644,0.05778638310372166,0.07402218706497746,0.053811556473374364,0.13162102848291396,0.07045551985502244,0.0671330988407135,0.20464033484458924
2025-05-22,0.044266037837222424,0.09776917472481728,0.05229381397366524,0.05312065836042166,0.011323955448642665,0.06840973813086748,0.05523892581452543,0.07080947597540739,0.05387780843302607,0.12347437143325805,0.06449072659015656,0.06533303037285805,0.23959228694438933
2025-05-23,0.04559769558826545,0.10104792788624764,0.05350128076970577,0.05408827532082796,0.011257650075847891,0.07074815565720201,0.05781394243165679,0.07282560888421159,0.05456146858632564,0.13131116330623627,0.06629959121346474,0.06752793192863464,0.21341930627822875
2025-05-27,0.04752634917834122,0.10404116585850716,0.056170443817973134,0.0534120449796319,0.011023677938922028,0.07307613892480731,0.0592557080164422,0.0743329149011915,0.05638537667691708,0.13356245458126068,0.06572761982679368,0.07115591317415237,0.19433022439479827
2025-05-28,0.046737001770252105,0.10155274122953414,0.055543916672468184,0.05233733663335442,0.009619772987395515,0.07011674176901579,0.057721927016816464,0.07164136272891977,0.05495469784364104,0.13417009860277176,0.06509432196617126,0.07065402269363404,0.2098560482263565
2025-05-29,0.04783329802626142,0.10236616432666779,0.05586810037493706,0.05498621249571443,0.008975218817802855,0.06983772963285446,0.057931209827901495,0.0724686869758429,0.05522406520321965,0.1317361816763878,0.06521918773651122,0.07054208368062972,0.20701189041137696
2025-05-30,0.04775251656541642,0.10217163860797882,0.05592465177178383,0.05417529437690973,0.008483373277667993,0.06905070263892413,0.05737984880708922,0.07248607801957316,0.054923728201538326,0.136099411547184,0.06675696074962616,0.07039600312709808,0.20439976453781128
2025-06-02,0.04807439274879606,0.1010578766465187,0.05717655122280121,0.05503422385081649,0.007973494003739746,0.06776022939011454,0.05624454174866074,0.07319423174867783,0.053991215582937,0.13939676880836488,0.06746845468878745,0.06922470778226852,0.20340331494808198
2025-06-03,0.047852605294130865,0.10101176053285599,0.05748238749802113,0.054485670011490586,0.0074466208555424625,0.06918227141723036,0.05627861495443191,0.07567808997823633,0.053015230037271974,0.13834192007780075,0.06735093742609025,0.0682014912366867,0.20367236137390138
2025-06-04,0.04790504758529757,0.0999753125011921,0.058229757100343706,0.05365563780069351,0.007218203000918777,0.06911264229565858,0.05694906208490558,0.07598318517796691,0.05298882098868489,0.13977914154529572,0.06653976663947106,0.06925582885742188,0.2024075746536255
2025-06-05,0.04715221108696284,0.10040839612483979,0.058490071445703506,0.053773905243724586,0.0073142109115417854,0.06966924741864204,0.05984604155460253,0.07751430624394154,0.052315638214349744,0.14059465229511262,0.06684019044041634,0.06916523873805999,0.1969158887863159
2025-06-06,0.04717840216082721,0.1021936520934105,0.05582337863743305,0.05337808048352599,0.007105980836104919,0.06902870079502463,0.057883887554828206,0.07876175693009842,0.051634628884494306,0.14256435483694077,0.06641622483730317,0.06565688103437424,0.20237408876419066
2025-06-09,0.04704269260654392,0.10055597946047783,0.05606252104043961,0.052119546383619306,0.006896224201549117,0.07074947971850634,0.05896516931904152,0.08045047427204607,0.04914327207952738,0.14541360437870027,0.06695881336927414,0.06275288835167885,0.20288931727409362
2025-06-10,0.046929612928681405,0.101199422031641,0.0567975252866745,0.05176117978990078,0.00660911613014914,0.07135111130774022,0.0590248495926712,0.08204226984390832,0.04971000943332911,0.1436217322945595,0.0661524474620819,0.06248601377010345,0.20231469273567199
2025-06-11,0.046422693232300104,0.10065738558769226,0.05551298260688782,0.05127425147220492,0.006612459613267241,0.07540711592882872,0.06272469222514943,0.0858917761863733,0.04918487006798387,0.14756222665309907,0.06592631489038467,0.06154236793518066,0.19128086566925048
2025-06-12,0.04630381474806242,0.10111844539642334,0.05452178046107292,0.05039987415075302,0.006525775571583914,0.07595764584839344,0.06240385541138416,0.08706811697944694,0.04866008805111051,0.14768852889537812,0.0677107185125351,0.06086466982960701,0.19077668190002442
2025-06-13,0.04530251177733646,0.0995177038013935,0.05414781048893928,0.0502507989294827,0.006302543726428134,0.07577273081988097,0.06536359417760558,0.08751756286407134,0.04789603631943464,0.1497696578502655,0.06780511736869813,0.05922572314739227,0.19112821221351622
2025-06-16,0.04611316341345386,0.09986195787787437,0.05387822650372982,0.05082845687866211,0.006122644285539103,0.07415702063590288,0.06313464490252585,0.08682466659283872,0.0481266132555902,0.1427798479795456,0.06667936891317368,0.05928125828504562,0.20221212208271028
2025-06-17,0.04660464072094772,0.09857185184955597,0.054006955772638324,0.049248759262263776,0.006133246393016556,0.07460493184626102,0.06338869929365103,0.08691286636545588,0.04693932346999645,0.14657435566186905,0.06759969517588615,0.057498044520616534,0.2019166201353073
2025-06-18,0.04853708300552313,0.1015879474580288,0.05506977438926697,0.050196644477546216,0.0061982432562192715,0.07439850997179746,0.0636019538490448,0.08790229898148638,0.04676787480711937,0.1395250752568245,0.06796706467866898,0.056646134704351425,0.20160137712955475
2025-06-20,0.048222130265518894,0.09877090007066727,0.05369477085769177,0.047897402197122574,0.005896480313611186,0.07713478188961745,0.06497733940822599,0.0891999188501229,0.04539344497025013,0.14476632475852966,0.06937193945050239,0.054619567841291426,0.2000550091266632
2025-06-23,0.05011697664839598,0.10072606354951859,0.05409945026040077,0.04912015963345766,0.006034540339994976,0.07559340205043555,0.0630520673390091,0.0877536210388616,0.04529287479817867,0.14154694676399232,0.07153517603874207,0.053276044130325315,0.20185269117355348
2025-06-24,0.051441471479066615,0.101651119440794,0.05485034137964249,0.04852344458922744,0.0060748868448383675,0.07441174648702145,0.06344080884430917,0.08660743715601456,0.04507239125669003,0.1386183962225914,0.07387813925743103,0.05376198887825012,0.201667857170105
2025-06-25,0.05278795069455224,0.1017051674425602,0.05555054172873497,0.04729348933324218,0.006369426024113523,0.07333213072270155,0.06115228827853354,0.0851926420137163,0.044451541360467674,0.14220316857099533,0.07524186223745347,0.0527928575873375,0.20192695260047913
2025-06-26,0.051605979468887495,0.10167736560106277,0.056866439431905745,0.04746173564344645,0.006549904522588612,0.07336755832657219,0.059831022999051874,0.08454842769397874,0.04452582467347384,0.13759254068136215,0.07805424481630326,0.055858712643384933,0.2020602345466614
2025-06-27,0.05172952953779362,0.10291075557470322,0.057711698859930036,0.047099079191684726,0.006778019721104478,0.07180543700233102,0.057089226167144604,0.08335545415505301,0.044567863643169406,0.13936158418655395,0.079909947514534,0.05556707680225372,0.20211435854434967
2025-06-30,0.050140360243034185,0.10213216468691826,0.058816149830818176,0.04741804301738739,0.006830620496278428,0.071230838727206,0.056535321974753215,0.08179552462456403,0.04399271439760923,0.1415354624390602,0.07776799201965331,0.059099142998456956,0.20270566940307616
2025-07-01,0.0494900542864519,0.10412992909550667,0.05906406790018082,0.04848099891096354,0.007256744153250061,0.06999694993719459,0.05422659064427578,0.08093144497416933,0.0444429493509233,0.141023850440979,0.07836598753929139,0.060551272332668306,0.20203917920589448
2025-07-02,0.04702835937497962,0.10839833766222,0.0586839847266674,0.04744273629039526,0.007154861705378579,0.06975744618102908,0.051774425196174076,0.07851795749576418,0.04428961193189025,0.14457011818885804,0.07814546898007393,0.062238650768995284,0.2019980549812317
2025-07-03,0.04641679336351068,0.10895612090826035,0.059765932708978654,0.04812332540750504,0.007392462661274557,0.069330685865134,0.05130073117571214,0.07733888973211692,0.04412520276382566,0.14359945803880692,0.08027726709842682,0.06196400597691536,0.20140909552574157
2025-07-07,0.04481214612581628,0.10916336625814438,0.058463092893362045,0.04634811673313379,0.007220668764340843,0.07022872269153595,0.05135425138771552,0.07808027767052224,0.04351364364847541,0.14460568130016327,0.08349499702453614,0.060844136774539946,0.20187088549137117
2025-07-08,0.04545389226138852,0.10973932296037674,0.058503267168998715,0.04672727584838867,0.007214983632675498,0.06858738530427218,0.05204615035768327,0.07909980624880752,0.0444403980858624,0.14176790714263915,0.08361062556505203,0.060558637231588365,0.20225037336349488
2025-07-09,0.04331844176776176,0.10627094060182571,0.05812326520681381,0.04549629557877779,0.006984065837285414,0.06907350113615393,0.05158818302407013,0.08090145344906734,0.043911893106997016,0.1456158921122551,0.083112733066082,0.0634528674185276,0.2021504521369934
2025-07-10,0.04315905372689031,0.10679438114166259,0.06020835861563682,0.04645302090793848,0.0071450503031984525,0.06871611801907421,0.05329888380479168,0.08244748164628657,0.04430350959300995,0.14117396920919417,0.08100302815437317,0.06317237988114358,0.2021247684955597
2025-07-11,0.04193126871794171,0.10470646470785142,0.05954638347029686,0.044925878010690215,0.007198098910956574,0.06811518473550678,0.05362846888402224,0.08374813980751786,0.043425673898309466,0.14532703161239624,0.08346036598086357,0.06223561093211174,0.20175143778324128
2025-07-14,0.041531663410775896,0.10181565880775452,0.06017332449555397,0.044616751931607725,0.007459998532562828,0.0696878052316606,0.05461186253279422,0.08659580401187057,0.042410599719733,0.1443329021334648,0.0853206254541874,0.059897483140230176,0.2015455186367035
2025-07-15,0.04062596707914867,0.10363326445221901,0.06056523621082306,0.04433199353516102,0.007392665227553508,0.0688285319134593,0.05352043116337839,0.08559994880882389,0.04222889896482229,0.14223317950963973,0.08723548725247383,0.06219566985964775,0.20160872042179107
2025-07-16,0.04020485129746483,0.09997510388493538,0.06154713556170464,0.04476436115801334,0.00731281103154977,0.07019824041053653,0.057218067299800876,0.08932327677756895,0.042126886732876304,0.1374261975288391,0.08401561602950096,0.0638952411711216,0.20199218094348909
2025-07-17,0.03904494781979082,0.09756385311484336,0.061310532689094546,0.04444839749485254,0.007085005226605645,0.07043100921437144,0.059467834132431105,0.09057963076261952,0.04111640192568302,0.13944920152425766,0.0849069394171238,0.06257602199912071,0.20202020406723023
2025-07-18,0.03851888911449901,0.09564651697874069,0.06482906639575958,0.04566519819200039,0.006917580346704177,0.07024302249774336,0.06151338505770152,0.09158052837401306,0.041294205188751223,0.13459407836198806,0.08284957781434059,0.06449486538767815,0.20185307562351226
2025-07-21,0.03767231911451798,0.09541835188865662,0.0672338992357254,0.04573256429284811,0.006733462335113139,0.06887671379372477,0.06123030427502609,0.09272230902380141,0.04088203851133585,0.13457589149475097,0.08246353045105934,0.06488149762153625,0.20157711505889891
2025-07-22,0.036354334445920775,0.09444218501448631,0.0679381549358368,0.04510819967836142,0.006457162809777195,0.06805668929591775,0.06290414932740322,0.09367012561399513,0.04018570929765701,0.13602703362703322,0.08117818534374237,0.06600141823291779,0.20167667865753175
2025-07-23,0.035805865156328845,0.0956838883459568,0.07154036611318589,0.04477660860866308,0.006436560182837958,0.06737309535965323,0.061131144143838335,0.0920318727020339,0.039811073802411556,0.135909865796566,0.08025789782404899,0.06737456768751145,0.20186717808246613
2025-07-24,0.03484111848958875,0.09239122867584229,0.07428273931145668,0.04478130470961332,0.006283964194423497,0.06773687787353992,0.06212708612353701,0.09347482964525308,0.03826259169727564,0.14040136486291885,0.07835898771882058,0.06529661007225514,0.20176126956939697
2025-07-25,0.03413031816096605,0.09194653481245041,0.07633136212825775,0.04556049723178148,0.0063181243369202274,0.06624136585742235,0.06031568431793648,0.09303211313894018,0.03752957610413432,0.14344502687454225,0.07860638946294785,0.06468593627214432,0.20185707807540892
2025-07-28,0.03256511245003644,0.08831798508763314,0.07762850895524025,0.04454767219722271,0.005910398299328534,0.06610762346535921,0.05915633133798881,0.09161126345744126,0.036460534855723384,0.14949090778827667,0.08047596961259842,0.06566532738506795,0.20206235945224763
2025-07-29,0.03108160130170621,0.08521523848176002,0.08066742196679115,0.046481718122959134,0.00578858569631997,0.06558737568557263,0.057413642005373154,0.09081619723187088,0.03565141973085702,0.15160439014434815,0.0789882093667984,0.06871079877018929,0.20199336409568786
2025-07-30,0.029955117544381515,0.08370677456259727,0.08151194080710411,0.048252294026315215,0.005698298545305569,0.06447667200118304,0.058131097752665006,0.09015498054165398,0.03472243961878121,0.15248001366853714,0.08072974234819412,0.06834125518798828,0.20183939337730408
2025-07-31,0.0282291051296669,0.0794425368309021,0.07984569147229195,0.05108662601560354,0.00567318373277228,0.06487437011674047,0.056473154521055946,0.09230077615204842,0.03374569732695818,0.15587630718946457,0.07811991274356841,0.07172146141529083,0.20261117219924926
2025-08-01,0.028333042684023015,0.08087224140763283,0.08397779762744903,0.05393955148756504,0.005850066674984333,0.06487813740968704,0.056152100735136476,0.09075740760404649,0.03385269320569932,0.15402595102787017,0.08063923791050912,0.07567929923534393,0.19104247093200682
2025-08-04,0.029037966874623143,0.08357215002179146,0.080686404556036,0.052458514273166654,0.005475717978615258,0.06297176135703922,0.05307152237591808,0.08747409774326549,0.03225339534692466,0.1522275373339653,0.08127393648028373,0.07689730897545814,0.20259969532489777
2025-08-05,0.029284895745775863,0.08308978453278541,0.08002607002854348,0.053898734226822856,0.005258828557748707,0.06416026148945093,0.051925668541490035,0.08624494868902861,0.03139734715223312,0.15035076439380646,0.08071047365665436,0.08041638433933258,0.20323582291603087
2025-08-06,0.03127539325339708,0.08747088983654976,0.08249236345291137,0.05358191765844822,0.005175203573211462,0.06393057107925415,0.04866283017785324,0.08352748492116042,0.030657901102676986,0.14680505990982057,0.08346883207559586,0.08066611960530282,0.20228544771671295
2025-08-07,0.03229880338481177,0.08815573751926423,0.08055983558297157,0.05242904536426067,0.005003142967704832,0.06592856338247657,0.047626238174839484,0.08351579056118581,0.030186709156259893,0.14631447643041612,0.0844773918390274,0.08166162669658661,0.20184264183044434
2025-08-08,0.033507518834372266,0.08892938047647476,0.07849533557891845,0.05407489575445652,0.0047731516316263265,0.06762668704614043,0.045652471011792886,0.08349250006183837,0.029792486503720284,0.14423890113830568,0.08475343137979507,0.08241189382970333,0.2022513598203659
2025-08-11,0.03412039843017993,0.08994771391153336,0.07867693454027176,0.0522044975310564,0.0045989375270243825,0.06903516137972474,0.04631648779659745,0.08563472237889531,0.029497142275795342,0.14167156666517258,0.0830540269613266,0.08318122327327729,0.2020611971616745
2025-08-12,0.034151842745114,0.08967658281326293,0.07744120843708516,0.050569115206599236,0.004364335309391265,0.06860756468959153,0.0457721200120119,0.08572034432090855,0.02948008505627513,0.14637889564037324,0.08138216957449913,0.08415325693786144,0.20230246484279632
2025-08-13,0.03389605629373751,0.09146166443824769,0.07795982882380485,0.05060517750680447,0.004222719635445138,0.06807538187131286,0.04551194587086318,0.08598438095575034,0.02932067369110882,0.14201396256685256,0.08150092139840126,0.0876493763178587,0.2017979145050049
2025-08-14,0.03498795759062627,0.09471667557954788,0.07743520587682724,0.051766233146190645,0.004102451898452842,0.06761971353553235,0.04354853235269314,0.08441153805078745,0.028625725582242013,0.1417043074965477,0.08127570003271103,0.08763487711548805,0.20217107236385345
2025-08-15,0.03461577007972583,0.0959257572889328,0.07718894556164742,0.050907375290989876,0.004075006250168123,0.06750563336536289,0.043806384092933824,0.08614838622007248,0.029044189164415,0.1410818248987198,0.07992288917303085,0.08773791305720806,0.20203988254070282
2025-08-18,0.03463376800354787,0.09768323823809624,0.07685906365513802,0.05085368119180202,0.003989321714723104,0.06730627710931003,0.042908676572228896,0.08531534424731416,0.02943565552122891,0.142315112054348,0.07877172604203224,0.08783655017614364,0.20209156572818757
2025-08-19,0.033439583696368125,0.09642609432339669,0.07979868501424789,0.05105719119310379,0.0040645187534721575,0.06692669042386115,0.043413003706435485,0.08669372095165126,0.02937073619104922,0.14097552001476288,0.07633022889494896,0.0893776711076498,0.20212638080120088
2025-08-20,0.03497077767426156,0.10126763209700584,0.08348681181669235,0.04977511093020439,0.0041289137599592966,0.06588999121449887,0.04360865497724227,0.08588327950894765,0.028992025554180144,0.13637183159589766,0.07720183581113815,0.08614735528826714,0.2022757947444916
2025-08-21,0.03457760335958504,0.10307428017258644,0.08362816423177719,0.04957727752625942,0.00411438344440036,0.0651561735663563,0.04371538519669702,0.08684662767489026,0.02889881969895214,0.13485210090875627,0.0768855132162571,0.08678013160824775,0.20189355611801146
2025-08-22,0.035409032935648274,0.10796925649046898,0.08365568034350872,0.04869945608079433,0.004086379074657564,0.06408208508510142,0.04281060242394776,0.08775364360412681,0.028456566925160586,0.13588493168354035,0.07612074166536331,0.08296621777117252,0.20210540294647217
2025-08-25,0.03489900004463546,0.1075863741338253,0.0828322034329176,0.04664739016443491,0.003945420241509012,0.06070171573664993,0.03979447336475914,0.08370068848533947,0.027310131932608783,0.12858385294675828,0.07201403975486756,0.08073292970657349,0.23125174641609192
2025-08-26,0.03704519173341545,0.11146900355815888,0.08457645922899246,0.049715241976082326,0.004095435194526509,0.06336019556038082,0.039681554328815594,0.08938326597597239,0.029097769362851977,0.12744360715150832,0.0725646585226059,0.08262218981981277,0.20894541144371032
2025-08-27,0.03715120665337537,0.11229614764451981,0.0862551525235176,0.04938395861536264,0.004148983168311737,0.06389002418145537,0.03932950432441569,0.09050120909068156,0.02911516313906759,0.12689401358366012,0.07533433586359024,0.08338335417211055,0.20231694281101226
2025-08-28,0.03700049704286048,0.11181993260979653,0.08837760165333748,0.05138033144176006,0.003996987392140916,0.06358526127878576,0.038333687807876694,0.09135344060628547,0.028796188929118217,0.12729745358228683,0.07339655756950378,0.08273594379425049,0.2019260972738266
2025-08-29,0.03685432785261274,0.1108203537762165,0.09048623070120812,0.052549011260271075,0.004029007532852092,0.06310285669751466,0.03674082093277953,0.09256317052575884,0.02872939775697887,0.1252256765961647,0.07384097650647163,0.08356036357581616,0.20149777531623841
2025-09-02,0.03797596297840009,0.11577707082033158,0.08974762745201588,0.05197387561202049,0.004113968565188486,0.061782384174875915,0.03568810961029083,0.09470448837522519,0.028486083867028354,0.12261286452412605,0.07245516404509544,0.08244533203542233,0.2022370994091034
2025-09-03,0.038572359611795906,0.11785313710570336,0.08883348144590855,0.0520697895437479,0.004254463756409343,0.061629431089386344,0.03436658416256044,0.09515335011093384,0.027819652669131757,0.12248624265193939,0.07154488712549209,0.08365658111870289,0.20176002979278565
2025-09-04,0.039175099534319635,0.12259755358099937,0.08598952181637287,0.05177691392600536,0.0041993503063539,0.06027144910767675,0.03420882870840529,0.0961945924984752,0.027266359282657505,0.12180352434515954,0.07334108576178551,0.08132192492485046,0.20185378789901734
2025-09-05,0.0397280533191978,0.12376458197832108,0.08656620122492313,0.05260029025375843,0.003985781691584656,0.059561969339847566,0.03321239772826097,0.0945559296952597,0.026882817829027773,0.1191144272685051,0.07315855026245117,0.08481000736355782,0.20205898880958556
2025-09-08,0.039422893877495466,0.12311987951397896,0.08598384335637092,0.05399839207530022,0.0038350259349398284,0.05803097602911293,0.03307424208570246,0.0933101061150742,0.02610980593599379,0.12033517211675644,0.0754510797560215,0.08553553000092506,0.20179301500320435
2025-09-09,0.03961400724547985,0.12146098166704178,0.08321217522025108,0.053558528795838355,0.0037874105648878498,0.05826262052869424,0.03260331151918905,0.09293485624859592,0.02571460756007582,0.12333860620856285,0.07699562683701515,0.08674508891999722,0.20177215337753296
2025-09-10,0.03937808578942548,0.11946083381772041,0.08204887732863426,0.05235637314617634,0.0037701672592588054,0.05933600679272786,0.0330135947598464,0.0953490351856006,0.02595785274170339,0.12416809201240539,0.0784500040113926,0.08544821366667747,0.20126286447048186
2025-09-11,0.038800045492764744,0.11698272079229355,0.08133618757128716,0.0501311257481575,0.003678292985662068,0.059783192479517314,0.03350555890174132,0.09781211511430588,0.02618468019645661,0.12511058375239373,0.07903745099902153,0.08624232970178128,0.20139569640159607
2025-09-12,0.03772222183739373,0.11757008954882622,0.0799293015152216,0.0499285876750946,0.0035415071352041137,0.060064799024257806,0.03483871459833807,0.09947752550562328,0.026102145039476454,0.12394193634390831,0.07975352331995963,0.08528517596423627,0.20184446275234222
2025-09-15,0.03701029503614173,0.11620588973164558,0.0786424871534109,0.04976011291146278,0.003484705098039065,0.06037692364770919,0.03624301194235766,0.10047320468120624,0.026157219661399722,0.12367492094635964,0.07979515865445137,0.0870008185505867,0.20117522180080413
2025-09-16,0.036160295847669485,0.11541196703910828,0.07665491662919521,0.048402656242251395,0.003410745313155239,0.059878134552855046,0.03778179292110462,0.10132132203928919,0.025912704318761824,0.12498987838625908,0.0828041359782219,0.08625018075108529,0.20102127492427826
2025-09-17,0.03498186174649067,0.11089240238070489,0.07854069694876671,0.04726145789027214,0.003310738958895243,0.059906577807851136,0.03895132821275169,0.10230096765077068,0.02597025819122791,0.12537055760622023,0.08439626917243004,0.08660503327846528,0.20151183307170867
2025-09-18,0.033726533573716466,0.10773522034287453,0.07851692587137223,0.04568391665816307,0.003325418415288439,0.0592024787212722,0.03983762034071425,0.10487428494642828,0.025849709566682578,0.12688100561499596,0.08691211119294166,0.08594177328050137,0.20151300132274627
2025-09-19,0.03262400673690724,0.10562312826514245,0.07902973555028439,0.04574062786996365,0.003272679098251885,0.059109879471361634,0.040618732755877754,0.10669067245345865,0.025964707112871112,0.12583159953355788,0.08503239378333091,0.08870243802666664,0.20175938904285431
2025-09-22,0.031709059762751755,0.10389031916856765,0.07794587910175324,0.04572217613458633,0.003189122720178794,0.05876244415994734,0.04137515699804659,0.1075640726942149,0.026244458346627652,0.1266491509974003,0.08656814321875572,0.08894350565969944,0.20143651366233825
2025-09-23,0.03042132864756386,0.10207053199410439,0.076466666162014,0.044725966081023215,0.0031811315192744162,0.05870144736254588,0.04371640452729224,0.10987879826928389,0.02633250954095274,0.12833416685461999,0.08699669912457467,0.08740431107580662,0.20177004635334014
2025-09-24,0.030359644635967697,0.10411426797509193,0.07706012539565563,0.04413500912487507,0.003160276216513047,0.05729052522219717,0.044651246142507615,0.10790600216388864,0.026438483502715826,0.1270137198269367,0.08963254913687706,0.08675609491765499,0.20148206353187562
2025-09-25,0.029080506551501094,0.10153159126639366,0.07915050908923149,0.043324032425880434,0.003114048546572157,0.05666763058397919,0.04655303919122673,0.10975584438378708,0.02621092179324478,0.1283162146806717,0.08793113157153129,0.08688195422291756,0.20148254334926605
2025-09-26,0.029847756141673187,0.10404080152511597,0.08064182959496975,0.043303628265857694,0.0030949066388489045,0.05596539449179545,0.04533887292705163,0.10729637778024478,0.02681174559984356,0.1288822941482067,0.08755933120846748,0.08545723371207714,0.20175982117652894
2025-09-29,0.029493315574957712,0.10326579213142395,0.08248683996498585,0.04280457645654678,0.0029599381607379625,0.054338104510679844,0.04392661604244221,0.10901344307684972,0.026606672932393848,0.13109638094902037,0.08531630039215088,0.08698645420372486,0.20170553922653198
2025-09-30,0.02998310814283549,0.10382641777396202,0.0830040518194437,0.04299182146787643,0.0029045123534620744,0.05360858545755036,0.041963623376160795,0.10897471195452138,0.02688200755510479,0.1329514652490616,0.08663554340600968,0.08489323928952217,0.2013809472322464
2025-10-01,0.029372344235718016,0.10304539054632186,0.08343278989195824,0.04284176714718342,0.0028948289467155774,0.053716594784054904,0.04223195776166104,0.10884620877206252,0.027183239813894033,0.13406492322683333,0.0865567073225975,0.0843556459993124,0.2014575868844986
2025-10-02,0.029532465390867735,0.10297871232032776,0.08378266394138337,0.04312657080590725,0.002932762250975074,0.05326546431169845,0.04099655913145739,0.10690201563909536,0.02749412083067,0.13527244403958322,0.08892701268196106,0.08348686173558235,0.20130237936973572
2025-10-03,0.029420586431718476,0.1032447338104248,0.0825719352811575,0.043290379270911214,0.0029771447526258043,0.0524595080583822,0.04138611175886897,0.10509432147126745,0.0278693116735667,0.13660466745495797,0.09042444750666619,0.08332107551395893,0.2013357788324356
2025-10-06,0.029707970205546275,0.10539818108081818,0.08063938654959202,0.04334062710404396,0.002975205052995733,0.052335164888063446,0.04141340511365517,0.10238897697259866,0.027919031539931895,0.13880989700555801,0.09140278920531272,0.08211751691997052,0.20155183970928192
2025-10-07,0.02894614310604311,0.10366834104061126,0.07787338830530643,0.043344710022211075,0.0029534235039903934,0.05221429467201233,0.04155369419499273,0.10444900743576149,0.027728764060884713,0.14025418162345887,0.09091532677412033,0.08458222933113575,0.2015164911746979
2025-10-08,0.028915974958352207,0.105710419267416,0.07843858487904072,0.04448208436369896,0.002947482715622485,0.05190709721064195,0.041098261782365954,0.10293426105266708,0.02823062629904598,0.14039888978004456,0.0899212695658207,0.08374694101512432,0.20126810371875764
2025-10-09,0.02822742283978048,0.10508134886622429,0.07580427452921867,0.043860414251685145,0.002891299879298792,0.05200403647031635,0.04133712235327227,0.1042936552428106,0.028191841673105955,0.14110383838415147,0.08891998752951621,0.08725213594734668,0.20103261172771453
2025-10-10,0.02760988289168651,0.10422376096248627,0.07544875405728817,0.04471277855336666,0.0028481903712190616,0.05029446629341692,0.04019088210421806,0.10217157336453689,0.027923306869342922,0.14595429897308348,0.08939295560121537,0.0871298760175705,0.2020992636680603
2025-10-13,0.027642198909027728,0.10237020179629326,0.07291755899786949,0.04493285790085792,0.0028242629502443608,0.0470381542458199,0.03857994586598288,0.09571581669676359,0.028605953534133734,0.13695549219846725,0.08792828693985939,0.08481001034379006,0.22967926859855653
2025-10-14,0.023486400703759003,0.08434108421206474,0.05963413566350937,0.037503036484122274,0.002294202715514437,0.038679628388490525,0.029398730663785955,0.07317482861237554,0.023641013202723115,0.11538437083363533,0.07222144678235054,0.06766675729304553,0.37257436513900755
2025-10-15,0.027862824858883074,0.09810786098241805,0.07039194032549859,0.044246630370616914,0.0027651215885004634,0.041481416363967585,0.030189028666785057,0.07491362891372119,0.027586822886951266,0.12848005890846254,0.08382530212402343,0.07588343191891908,0.2942659258842468
2025-10-16,0.030064115251612122,0.10424075946211815,0.07405269853770732,0.04712106361985206,0.0030240285253904987,0.04412623137468472,0.028972784872916435,0.0731376370322085,0.02944478243589401,0.13401641100645065,0.08846905678510666,0.07767733838409185,0.2656530439853668
2025-10-17,0.03340953388337446,0.11183409616351128,0.07874204739928245,0.05033714473247528,0.0033168871580487647,0.04760049277101643,0.030136134185592488,0.0738698727479969,0.031873518927022816,0.14471083879470825,0.09431846514344215,0.08174739629030228,0.21810357868671418
2025-10-20,0.034837223346334587,0.1159038007259369,0.08094310760498047,0.05130284205079079,0.0036062820184532994,0.04883051679062191,0.029943036608205277,0.07284960661531166,0.03220437695272267,0.15020400583744048,0.09546164870262146,0.0788002572953701,0.2051133096218109
2025-10-21,0.035412162850500375,0.11640065982937813,0.08363015986979008,0.048974357545375824,0.00356224225898103,0.04786680714751128,0.0280247907491038,0.06640570514648925,0.0316233042627573,0.14918844252824784,0.09486495852470397,0.07399464659392833,0.22005175352096557
2025-10-22,0.03447477588795618,0.11308690309524536,0.0836716827005148,0.04747692160308361,0.0035378088084405237,0.04611538198660128,0.025772614821904582,0.06319174805685676,0.031235559121705593,0.1409334048628807,0.09428011402487754,0.06983291879296302,0.24639011025428773
2025-10-23,0.03715212856388863,0.12068747654557228,0.0869490135461092,0.05049973204731941,0.003911686257772473,0.04761468496872112,0.0256433749585554,0.061598757448972384,0.033666571229696275,0.14259696155786514,0.09954198226332664,0.07119582779705524,0.21894177198410034
2025-10-24,0.0379569483887245,0.12323224321007728,0.08963419981300831,0.051739750802516936,0.004137193082775425,0.04838301450217841,0.024860221752017252,0.059318424439664244,0.03415397747885436,0.14653025269508363,0.10159189105033875,0.06973253525793552,0.20872932970523833
2025-10-27,0.038911932456879225,0.1262055940926075,0.09404351450502872,0.05078023001551628,0.004326071174604884,0.04947954030503752,0.023771609922851232,0.056631950840771064,0.03470523890573531,0.14877229332923889,0.10013119205832481,0.06765643507242203,0.20458441078662873
2025-10-28,0.038679883678464755,0.12701762318611146,0.0943851888179779,0.04958100616931915,0.004470754858623138,0.05011531179916347,0.02399298606700384,0.055261259242869974,0.0350372445769608,0.1522512838244438,0.0997110903263092,0.06597268842160701,0.20352369248867036
2025-10-29,0.039729197497824664,0.12875996381044388,0.09647769257426261,0.04993095062673092,0.004730196783763496,0.04945642936072545,0.023100270190231954,0.05203859627387519,0.03667051012162119,0.14678051322698593,0.10283796489238739,0.06606352925300599,0.2034241884946823
2025-10-30,0.03756442750384039,0.12595551386475562,0.09722881317138672,0.0479934386909008,0.004810293709787317,0.05070901649160078,0.02312855560040781,0.053593072882424056,0.037749549956060946,0.14962923675775527,0.1014398030936718,0.06679383814334869,0.20340443551540374
2025-10-31,0.038363533409150816,0.1276329018175602,0.09535250067710876,0.045712413638830184,0.004771828481987405,0.04952578998345416,0.021811092212326955,0.05417265287586055,0.037316827569156885,0.1509285807609558,0.10112590342760086,0.0703202337026596,0.2029657244682312
2025-11-03,0.036804340196767524,0.12471841126680375,0.0934555284678936,0.0454391460865736,0.004683918391604536,0.05060156177351018,0.021850697841787614,0.056899696530066456,0.03809334828983992,0.14941148161888124,0.10067009776830674,0.07416975051164627,0.20320198833942413
2025-11-04,0.03743380959655944,0.12803958505392074,0.09354524128139019,0.04400293044745922,0.004689365016605862,0.05039917662070366,0.021359185665507673,0.060044715506030855,0.039887726702727375,0.14613542556762696,0.09713446423411369,0.07469588369131089,0.20263252258300782
2025-11-05,0.03786118212489509,0.12878786027431488,0.09191776439547539,0.04405048601329327,0.004737446981399884,0.0482099970409763,0.022179877439727314,0.06104617993695385,0.03944681261200458,0.1475236490368843,0.0946380577981472,0.07495319023728371,0.2046474903821945
2025-11-06,0.03847480538892807,0.12762751579284667,0.09080427587032318,0.0431008018553257,0.004690197566554666,0.050763153718435206,0.022403106464876466,0.06266749174231805,0.04082050558645278,0.14959572851657868,0.09180722013115883,0.07421312816441059,0.20303206741809846
2025-11-07,0.03992840750711242,0.13047506362199784,0.0904669176787138,0.04351842403411865,0.005154017923839582,0.04813251448795199,0.021552455113720902,0.06181705923054874,0.04024666412733495,0.1513686791062355,0.09202148765325546,0.07218602895736695,0.2031322807073593
2025-11-10,0.03971162782285731,0.12962835058569908,0.0889807853847742,0.04226086176931858,0.005178643547100137,0.05005319876800059,0.021436375183395563,0.06202887040970602,0.04032793465303257,0.14989821016788482,0.09272525385022164,0.07461326532065868,0.20315660834312438
2025-11-11,0.040781188413065904,0.13136523142457007,0.0897725734859705,0.041087078489363195,0.005207114311981264,0.051190281980962024,0.021512596835311548,0.062342309588744094,0.03912690767319873,0.1475774273276329,0.08840763568878174,0.07589450813829898,0.20573513805866242
2025-11-12,0.041140995018993466,0.13376831263303757,0.09084033519029618,0.04087063353508711,0.005387088564206444,0.05007997299690033,0.022493681105719608,0.06497681480745428,0.03827260294929147,0.1478007197380066,0.08600185737013817,0.07587976641952991,0.2024872213602066
2025-11-13,0.042053473396040174,0.1334167018532753,0.08997853472828865,0.03994555044919253,0.005419078565284785,0.049338170091505165,0.021728484676762784,0.0663115698848463,0.037463674298487605,0.15014519840478896,0.08664552271366119,0.07508501075208188,0.20246903002262115
2025-11-14,0.041698728740570165,0.13028713315725327,0.08641565702855587,0.039501383900642395,0.005374179215831632,0.04586867966936552,0.021217957853415646,0.06607351048702767,0.037842288438696414,0.14537018537521362,0.08163524270057679,0.07457000017166138,0.22414510250091552
2025-11-17,0.041993255581744826,0.13239185586571695,0.08622876703739166,0.0396938456222415,0.005709384275825613,0.04693644042199594,0.020708247827439408,0.06831416824412813,0.037813112256117165,0.15161201357841492,0.0842430166900158,0.07733197659254074,0.20702389478683472
2025-11-18,0.04283713904726962,0.1335214801132679,0.0843682937324047,0.04021468311548233,0.005578143183162609,0.04679515835159691,0.021106531381134275,0.06968744142644479,0.0381850945064798,0.15006879717111588,0.08228447064757347,0.07810687012970448,0.20724592208862305
2025-11-19,0.043641985774293166,0.13473243191838263,0.08550668507814407,0.040768754482269284,0.00542100614125598,0.046636444742762254,0.02066691558020146,0.07035001112218513,0.038237727526575324,0.152468641102314,0.08076037578284741,0.07683647312223911,0.20397258102893828
2025-11-20,0.044343221592071026,0.13349844589829446,0.08554387502372265,0.04316953420639038,0.005474121539587706,0.04591191260769847,0.02004849514290381,0.06902712465781935,0.03832755534676835,0.15203021764755248,0.08095811530947686,0.07762208469212055,0.2040452778339386
2025-11-21,0.04546834295147697,0.13562354668974877,0.08600959815084934,0.04543380383402109,0.0056077991307351025,0.04520193798925902,0.019707791710748702,0.06733919567186959,0.03792157230200246,0.14938976913690566,0.08032294772565365,0.07626431472599507,0.20570941567420958
2025-11-24,0.04595535367251617,0.13454195559024812,0.08671904653310776,0.04554481375962496,0.005525991790034013,0.04612945004555513,0.018951421813596346,0.06658923359509358,0.03703480699332431,0.14680134356021882,0.08276177160441875,0.07730114459991455,0.20614366233348846
2025-11-25,0.047642814086773025,0.13614009767770768,0.08771539628505706,0.046652776561677455,0.005557057771993179,0.04498515141349344,0.017205103055878013,0.06287171128835212,0.03572891005314886,0.14400729835033416,0.0840884443372488,0.07500306665897369,0.2124021530151367
2025-11-26,0.04920623798744135,0.13877402544021605,0.08950767554342746,0.047169522196054456,0.005550752077931165,0.04505004250931961,0.016402785550658373,0.06305470811804134,0.03561686296015978,0.14201922118663787,0.08393249735236168,0.0757610872387886,0.20795458257198335
2025-11-28,0.05099761294787353,0.13898738324642182,0.09022310823202133,0.047574421763420104,0.005588683309688846,0.04591596978643793,0.015669753213959404,0.06180424733523697,0.034903659240808335,0.14494186341762544,0.08249383680522442,0.07375886254012584,0.20714061558246613
2025-12-01,0.05172467869614543,0.14051215276122092,0.0926450714468956,0.04923417307436466,0.005418774405090687,0.04540817292690917,0.014993288618695288,0.06078453550008227,0.034128320275340226,0.14711668193340302,0.08121722303330899,0.0732848234474659,0.20353210270404815
2025-12-02,0.052403544287345484,0.14160726368427276,0.09344912096858024,0.04960935488343239,0.005145339107150449,0.046714358112694754,0.015039782203638908,0.06298602878276024,0.03397696553729475,0.14238266199827193,0.07879178635776043,0.07397057488560677,0.20392322540283203
2025-12-03,0.05286321160478842,0.14230947494506835,0.09452958367764949,0.049212878197431566,0.00492449563273496,0.04613109417714441,0.01513626709421807,0.06345320688976078,0.03399880559882149,0.14240383505821227,0.07792443856596946,0.07399263605475426,0.20312007665634155
2025-12-04,0.05314985631302012,0.14255386143922805,0.09635831378400325,0.04944999404251575,0.0046848604074904545,0.04601891343681928,0.015641095701417206,0.06615062248833273,0.03329593434464186,0.13983984291553497,0.07637264169752597,0.07423147819936275,0.20225258767604828
2025-12-05,0.05254014244904788,0.13937483131885528,0.0974720448255539,0.050571635365486145,0.004420845496542647,0.046174475514271764,0.01622070310246908,0.06749956792878624,0.032987862976733597,0.14001379162073135,0.0760328821837902,0.07442509941756725,0.20226611495018004
2025-12-08,0.05187457083876819,0.14011675789952277,0.09635217301547527,0.05059195421636105,0.004266408419742795,0.04600739802954194,0.01716902278413244,0.06899081649460115,0.032976001314818856,0.1397145628929138,0.07550486996769905,0.07411210983991623,0.2023233264684677
2025-12-09,0.051380001362812955,0.13766979947686195,0.09584928676486015,0.04955592527985573,0.004147800140415825,0.04670197791765531,0.01773479793302126,0.07082617768784907,0.03316051510628313,0.13743374049663543,0.07787192203104495,0.07545053362846374,0.20221753418445587
2025-12-10,0.05230147140796593,0.13904995694756508,0.09778853431344033,0.05042523704469204,0.004045584518866186,0.04593952276354685,0.017904675513665147,0.07173635393419672,0.03287122719921172,0.1351725921034813,0.07668723613023758,0.0737234216183424,0.20235418081283568
2025-12-11,0.051809781445530056,0.13618763610720636,0.09707251898944377,0.04990482442080975,0.003958889473595484,0.04569715519937745,0.018217028105773102,0.07347757705457028,0.03329258614685386,0.13327521383762359,0.07992608174681663,0.07490936107933521,0.20227138102054595
2025-12-12,0.050464316115048646,0.13411661125719548,0.09651707969605923,0.04901098310947418,0.0038317490652394425,0.04650199716488714,0.019246869695901482,0.07705961514865542,0.033474501955788584,0.13228420317173004,0.0796242080628872,0.07610093280673028,0.201766899228096
2025-12-15,0.05190601715733027,0.13609610870480537,0.09625462740659714,0.04863762333989143,0.0038372479201299824,0.0452712478738249,0.019586158130499597,0.07931146836741779,0.033844666508957746,0.1288730964064598,0.07885464578866959,0.07423089891672134,0.2032961964607239
2025-12-16,0.05146765240294258,0.13750048950314522,0.09648162908852101,0.047929737344384195,0.003885826484982502,0.0438575816593584,0.019772341401854198,0.08054611129345819,0.03378035526257008,0.12990641668438913,0.07948788665235043,0.07284881323575973,0.20253517627716064
2025-12-17,0.05257609982347215,0.14016151875257493,0.0979126162827015,0.04711112938821316,0.0038882877524784474,0.043293556169373915,0.019921644233397727,0.08380184366622867,0.03281169534893706,0.1277028113603592,0.07855466976761818,0.06982583701610565,0.202438285946846
2025-12-18,0.05410609906256543,0.1422395333647728,0.09885610528290271,0.04737567584961653,0.0038627524094614783,0.042879170326341406,0.02044505271611339,0.08609363931301725,0.032292211207095536,0.12601857930421828,0.07673191577196121,0.06657880283892155,0.20252048671245576
2025-12-19,0.05465689193239261,0.14064436182379722,0.09712997861206532,0.0477474819868803,0.003871338419997805,0.04219443949350534,0.020449961273764215,0.08628838833940389,0.03167169411899522,0.12650299817323685,0.07988483905792236,0.0662675142288208,0.20269012749195098
2025-12-22,0.056911647045762945,0.1453448310494423,0.09816116541624069,0.049023694917559625,0.003863833014588458,0.041783657043743004,0.01925638404510206,0.08596088787070358,0.0313969420036301,0.12474472150206566,0.07783760949969291,0.06364307217299939,0.20207156240940094
2025-12-23,0.05667743866564621,0.14499034956097603,0.09639779888093472,0.049113907106220725,0.00381306201537992,0.04115813688695198,0.018543314326570838,0.08575281528031269,0.03057999999728054,0.12892560735344888,0.07868564203381538,0.0636125773191452,0.20174937844276428
2025-12-24,0.05778655445746637,0.14598284363746644,0.09383690357208252,0.048908954672515395,0.0037552367948498143,0.04066026261589286,0.017940575678866644,0.08718695978765627,0.029887637833599,0.13158995732665063,0.07871453538537025,0.061827031522989274,0.2019225239753723
2025-12-26,0.05690023807454381,0.14792119823396205,0.09175609163939953,0.048184323124587536,0.0037073128146321464,0.039648671371014646,0.0183318804515638,0.09115147635540435,0.02960436592111364,0.1316887341439724,0.07888428270816802,0.06062249653041363,0.2015989065170288
2025-12-29,0.05539728970928319,0.14714532867074012,0.09210981577634811,0.047818695567548274,0.0036646485530637206,0.03857345759915916,0.0183929043126005,0.09104477347851443,0.029206321644596755,0.1351776249706745,0.07973568961024284,0.05993886180222034,0.20179458558559418
2025-12-30,0.054056625487524636,0.14634406752884388,0.09106672406196595,0.04797784611582756,0.003666768015237842,0.0379944003611854,0.01831114647876486,0.08913652031181574,0.02896298763807863,0.1375126965343952,0.08274980336427688,0.059373098984360696,0.20284732282161713
2025-12-31,0.05413647049956598,0.1487534422427416,0.09137667454779148,0.04846682995557785,0.0036339317118850188,0.03832101013122156,0.018063020136550634,0.08613033192499397,0.029242357902694492,0.13851720243692398,0.08322532847523689,0.05769786983728409,0.20243552327156067
2026-01-02,0.05453381151661638,0.1484600618481636,0.08876007124781608,0.04707261826843023,0.003608905438522392,0.03837464758207716,0.017944792523114473,0.0881782999479153,0.02902484474470839,0.1391865387558937,0.08490701243281365,0.0565948273986578,0.203353551030159
2026-01-05,0.05334483952916944,0.14611813686788083,0.08833139762282372,0.04669821802526712,0.003786814245073167,0.039960165635602604,0.017817131833396616,0.08905573540374742,0.029402176302392037,0.14092878848314286,0.0861377514898777,0.055513080582022666,0.20290578305721282
2026-01-06,0.052823640133482466,0.14362136758863925,0.08627960830926895,0.04612536001950503,0.0037953149753981565,0.04080250976548996,0.017562269576742652,0.09067896948791372,0.02899956067558378,0.14081919193267822,0.08902943581342697,0.05481917522847653,0.2046436071395874
2026-01-07,0.05274159728053451,0.1452073011547327,0.08553623147308827,0.04601661441847682,0.003844239192080856,0.04044806010842876,0.01741744034233097,0.08929971933893696,0.028659519215580076,0.14504967406392097,0.09012239128351211,0.05352978445589542,0.2021274298429489
2026-01-08,0.05253100061748093,0.1409820795059204,0.08180422335863113,0.04557646177709103,0.0038723757687581183,0.04022768568520405,0.017492232044306454,0.08914289950715978,0.028293849324109034,0.1511535793542862,0.09185751676559448,0.05504084266722202,0.20202526748180388
2026-01-09,0.05004509359242117,0.14176055900752543,0.07990471310913563,0.04487341400235891,0.004143053992139123,0.04037608330522744,0.017600609813552028,0.09047308317816327,0.028013608610490338,0.15469091683626174,0.0922804407775402,0.05425312891602516,0.20158530473709108
2026-01-12,0.04849691581397018,0.1395216066390276,0.0781360998749733,0.044728575833141805,0.004302474619049157,0.03969274339501681,0.016856662106561338,0.08741257369437302,0.027692681975895538,0.16167781949043275,0.09482913464307785,0.05492429137229919,0.20172841250896453
2026-01-13,0.046504039770033326,0.13856272846460344,0.07642055936157703,0.04454321246594191,0.0044366945141396386,0.03990275487776671,0.016806889923406666,0.0887565304521507,0.027415194595232607,0.16502366960048676,0.09537719935178757,0.054347151145339015,0.2019033908843994
2026-01-14,0.046219700340902926,0.1367426447570324,0.073457220941782,0.04469292089343071,0.004516956343519141,0.04091794280043359,0.016911006719288225,0.09063183564081445,0.02767135525937192,0.16355471312999725,0.09753774851560593,0.05576358325779438,0.20138237476348878
2026-01-15,0.046241462806944966,0.14233992472290993,0.07112980000674725,0.04388436321169138,0.0046489506338136975,0.040254419708617206,0.01689060887881073,0.08886224666875471,0.02749032704741694,0.1636621907353401,0.09789782464504242,0.055320145562291145,0.20137770771980285
2026-01-16,0.04484770041774997,0.13936547040939332,0.0693109653890133,0.044410547334700824,0.004865917906751704,0.04025024949669387,0.01665842756448832,0.0865864697790256,0.027223643846809864,0.1707449421286583,0.09995276182889938,0.054209272190928456,0.20157364308834075
2026-01-20,0.04433381528307567,0.14120873138308526,0.06721416711807252,0.04413769179955125,0.004974164665076763,0.04080275929059098,0.016327726264294816,0.08759010484570613,0.02718059273902327,0.17065971940755845,0.10045809000730514,0.053375087678432465,0.2017373651266098
2026-01-21,0.04474476645601637,0.1401312045753002,0.0663606122136116,0.044871192425489426,0.005013009952674707,0.03997962914991149,0.0163516514442577,0.08865002012136713,0.02662106932839379,0.1683567211031914,0.1019364446401596,0.054668791219592096,0.20231488347053528
2026-01-22,0.045365417499669825,0.13887758553028107,0.06502587273716927,0.04433652749285102,0.005090095845334553,0.04027509290026501,0.016496429497819598,0.08962362308467213,0.025908220512792467,0.1690177723765373,0.10114145800471305,0.05428081974387169,0.20456108450889587
2026-01-23,0.04740634984811063,0.14110558815300464,0.06372280418872833,0.045522112585604194,0.005179169938435635,0.04035775771881163,0.017025668552898665,0.09211001146813284,0.02584990208852105,0.16574836075305938,0.09624169990420342,0.057229789718985555,0.20250078439712524
2026-01-26,0.04821455590110357,0.138808149471879,0.06466219052672387,0.04546240502968431,0.00510100473319941,0.03905708857423633,0.01786527017766364,0.09235811116023881,0.02530905922758393,0.16730791330337524,0.09491743594408035,0.05950699709355831,0.2014298290014267
2026-01-27,0.049206089534822264,0.1366757433861494,0.06296424791216851,0.04490991337224841,0.0050308577229197125,0.03865971099367016,0.018442945371345765,0.09174586118757144,0.024798776628449558,0.168793722987175,0.09482098817825317,0.061427495628595355,0.20252367854118347
2026-01-28,0.049170826081920894,0.1370925661176443,0.06635511592030525,0.04461037088185549,0.0049473870194665535,0.03723037830100111,0.01814539135790163,0.09129705917848803,0.024376158602535725,0.1695908159017563,0.09342806860804558,0.061476793885231015,0.20227908194065095
2026-01-29,0.04841851249730542,0.13284251987934112,0.06745805665850639,0.04471035115420818,0.004990247327646991,0.035912967491185555,0.017821582574219265,0.09099552959077943,0.023672445904230698,0.17361050397157668,0.09363063722848892,0.0639266574755311,0.20200999975204467
2026-01-30,0.046959615246412054,0.13410727344453335,0.06745088398456574,0.04404260413721204,0.005017404666215697,0.035760142443814404,0.018372109549088834,0.09172786663404686,0.02334200994228013,0.17252502590417862,0.09510986804962158,0.06376945096999406,0.2018157124519348
2026-02-02,0.03222455308881607,0.09043099097907543,0.044911016896367076,0.030909332539886238,0.003243373116667314,0.02351891771129431,0.012556987406632913,0.06181690136046854,0.015533526631770656,0.10591125562787056,0.062331640347838405,0.043742337822914125,0.47286913394927976
2026-02-03,0.031893774859827494,0.08960121423006058,0.04446394853293896,0.03191232946701348,0.0032833138359736223,0.023301159082757296,0.01254727192004541,0.060405344114796124,0.015493070310913026,0.10639479979872704,0.06230959407985211,0.044003747403621674,0.47439044117927553
2026-02-04,0.032146168646069916,0.09012505672872066,0.044966860115528105,0.03190821004100144,0.0035458066316159885,0.022726802602142014,0.012039476666210724,0.05634192862431675,0.015163824940100313,0.10996060147881508,0.06425574719905854,0.043219128623604774,0.4736004054546356
2026-02-05,0.03267713576489832,0.09314383827149868,0.04659194052219391,0.03246877081692219,0.0036968421384452554,0.023460615651151782,0.011885044803890387,0.054142965862554425,0.015538728164392524,0.11206768602132797,0.06760622709989547,0.04444887544959784,0.46227130889892576
2026-02-06,0.03345740430039399,0.09275520741939544,0.045897232741117476,0.03292845543473959,0.0037362257114102347,0.023337767647024065,0.011730547537692714,0.05211011068284961,0.01539697275875369,0.11010160595178604,0.065205317735672,0.043867972865700725,0.46947516202926637
2026-02-09,0.033719368150971006,0.09384773187339306,0.0458244301378727,0.03290358572266996,0.0038578248270079384,0.02412073426338566,0.01114291151281801,0.048752397093700495,0.015467812448332553,0.10966453403234482,0.06381961703300476,0.042935770191252234,0.47394331097602843
2026-02-10,0.035272052367206895,0.09355400353670121,0.045894387364387515,0.034216886339709165,0.0038128771751509303,0.02436290231581779,0.010110931439246152,0.04455359253952338,0.015524509432725608,0.11234013140201568,0.06430527865886689,0.04155056960880756,0.47450185418128965
2026-02-11,0.03567933459964205,0.09278393127024173,0.04598571918904781,0.0348967463709414,0.0039304890987629905,0.025308426675042028,0.009792682958210541,0.04225098092102986,0.015899270928639454,0.11382519751787186,0.0637998826801777,0.04111948534846306,0.47472784519195554
2026-02-12,0.03693527435122892,0.09264664500951766,0.04643576256930828,0.03543641082942486,0.0041461306109153995,0.026653997325229283,0.009477947063186143,0.04049391499389952,0.01596447482588701,0.11514953076839447,0.06544259712100028,0.03980429135262966,0.4714130163192749
2026-02-13,0.03791355253631927,0.09186315611004829,0.047083844989538194,0.03644047407433391,0.004335362308181346,0.025746929730303236,0.009173455442761557,0.038003431682259683,0.015441154333529994,0.11258249431848526,0.06570559963583947,0.0397939907386899,0.47591657638549806
2026-02-17,0.03803507064199074,0.090278010815382,0.047188523411750796,0.03673054780811071,0.004275737816056768,0.02750400625219527,0.009029136151916185,0.03640062421665267,0.015869432684849017,0.11420899331569671,0.06444024443626403,0.03991583846509457,0.47612384557723997
2026-02-18,0.03987951548771509,0.09075380228459835,0.04901110827922821,0.03651877753436565,0.004429538659699439,0.027575199241937298,0.008793932699054352,0.03420693666818231,0.015683050789812115,0.11400418356060982,0.06493140608072281,0.039486768282949926,0.4747257888317108
2026-02-19,0.04152925879621279,0.09196616522967815,0.05169607736170292,0.03830759348347783,0.004772509250575397,0.028756495376393333,0.008760477769336639,0.033891184469337074,0.015995147651119625,0.11574174165725708,0.06746790036559105,0.03931433521211147,0.4618011474609375
2026-02-20,0.04696084729156471,0.10045344606041909,0.05752466097474098,0.04354856861755252,0.005573345170230582,0.033831344110268446,0.00992927820217684,0.03705469719653802,0.018005633777647745,0.13001007586717606,0.07707108184695244,0.043640461005270484,0.396396541595459
2026-02-23,0.05157466302082518,0.11084932014346123,0.06285892575979232,0.047750510787591335,0.006220807950459317,0.03809830154486917,0.0110434937439166,0.040436550294075245,0.020173190008790698,0.14437265694141388,0.08489663302898406,0.050570540502667426,0.331154465675354
2026-02-24,0.0591816726413267,0.12763679176568984,0.07168206572532654,0.05364559111185372,0.0072898240560894225,0.0439431943707234,0.012814391444991812,0.04533354980013229,0.023295197542756794,0.16401879787445067,0.09751830250024796,0.05915404632687569,0.23448659777641295
2026-02-25,0.061146573228490556,0.129735966026783,0.07507044151425361,0.05542338294908404,0.007621315877519308,0.045331248339368815,0.013465009993027976,0.04524200967369581,0.02390823801397346,0.17172517478466034,0.10260066688060761,0.06135611459612846,0.20737385451793672
2026-02-26,0.06327895556766752,0.1329684816300869,0.07894615083932877,0.054979968210682274,0.008193753011540749,0.045317387592106684,0.012689569975351844,0.04303632927534853,0.024127356395183597,0.16863389015197755,0.10485640615224838,0.059868603572249414,0.20310317873954772
2026-02-27,0.06375536066256035,0.13545206040143967,0.07856135740876198,0.054202997032552956,0.008648844813195212,0.04554909930453448,0.012446561837083082,0.040959316322781804,0.024665280983026606,0.16952794641256333,0.10378528535366058,0.05986209213733673,0.20258380770683287
2026-03-02,0.06397193540840132,0.13185599818825722,0.07933169603347778,0.053148564277216793,0.008852085219698047,0.0467920401751428,0.012164507083978648,0.039929611726428324,0.02496038865792798,0.1716684877872467,0.1047169029712677,0.060125993192195894,0.2024817943572998
2026-03-03,0.06324385189088133,0.13361593559384347,0.07696614041924477,0.05414010705426335,0.008914873105744191,0.04866690821377802,0.01197875555191743,0.040585255756635165,0.0247062055816059,0.16886446326971055,0.10602805614471436,0.060197139903903005,0.20209235548973084
2026-03-04,0.05542912537940623,0.11477448791265488,0.06655255816876889,0.04576282724738121,0.0072162748968873204,0.03894081651145313,0.009689574511478938,0.03250045886030382,0.020312824936991093,0.13735880255699157,0.0874515175819397,0.04920953921973705,0.3348012089729309
2026-03-05,0.05751816640972205,0.11866788864135742,0.06972023211419583,0.05079033421352506,0.007719411061986037,0.0416562871864528,0.01047048304585374,0.034302517232631224,0.020980770661844873,0.14214009195566177,0.09082759618759155,0.04993563108146191,0.3052705943584442
2026-03-06,0.05538108009944107,0.11056318208575248,0.06458900272846221,0.04777385168708861,0.007418730404707752,0.037392099735544096,0.00960567492627753,0.032270767568532754,0.019569928747660014,0.13262518346309662,0.08337452560663224,0.044741072505712506,0.3546949207782745
2026-03-09,0.06135527956885341,0.12324104160070419,0.0718454897403717,0.052521157450973986,0.00896684463870212,0.039623816030393756,0.011189106214267852,0.036252492309943915,0.022577709845791105,0.14561256915330886,0.09567589312791824,0.049595683068037036,0.2815429210662842
2026-03-10,0.06358745029648656,0.12492168173193932,0.07772608697414399,0.05609057107940316,0.009965063050275624,0.04184230529995716,0.011336744779704588,0.03827662251414523,0.02383728648565011,0.14844468533992766,0.10072504281997681,0.05283361971378327,0.25041279196739197
2026-03-11,0.06773713620948829,0.13206581473350526,0.08376046940684319,0.058365836180746554,0.01065017191354194,0.04233660373633654,0.011467987180041207,0.04155747961534484,0.026253440949949435,0.15228415578603743,0.10458119362592697,0.05533900260925293,0.21360071301460265
2026-03-12,0.06841640027765124,0.13018787354230882,0.08566634356975555,0.057807782851159575,0.011265121737639027,0.043809352770398394,0.011188682698275798,0.04436684859000941,0.02662599500908982,0.15204457491636275,0.10881410837173462,0.055447420850396154,0.20435950756072999
2026-03-13,0.06679811103948499,0.12656794413924216,0.08224988654255867,0.05812805918976664,0.010902243260771449,0.04226548474493939,0.012219421066009062,0.04572907280271306,0.026651329634478315,0.14803842604160308,0.10689343810081482,0.052459553256630896,0.22109704315662385
2026-03-16,0.06646283857069299,0.12613722681999207,0.08222989663481713,0.0602850629016757,0.011766096722940845,0.04287106322619536,0.01337683263597711,0.04945472374740305,0.026272784738102926,0.1511458322405815,0.10675075203180313,0.0530901663005352,0.21015673279762268
2026-03-17,0.06675596149143175,0.12625660076737405,0.0825887881219387,0.0601766100153327,0.01228199498596112,0.041773230975431376,0.01351772894881762,0.05009633772004154,0.02656705797999166,0.1492106094956398,0.10697376132011413,0.0510246466845274,0.21277670562267303
2026-03-18,0.06666798790791244,0.12564302906394004,0.08404681384563446,0.06108341384679079,0.012569564385604259,0.04185992612497671,0.01395472169876264,0.051538452562448,0.027045344110229054,0.14788023978471757,0.10948588326573372,0.0504936508834362,0.20773096084594728
2026-03-19,0.06165703568863314,0.11559984087944031,0.0769982248544693,0.056641528755426405,0.01166161986553611,0.03889333632677676,0.012889308140546164,0.049094494950712254,0.024868576183507685,0.13438249230384827,0.10175317823886872,0.04615089446306229,0.26940948367118833
2026-03-20,0.06319144039351592,0.11766474470496177,0.0795745648443699,0.05895536206662655,0.012933068052520013,0.03894448360636602,0.013582927805118671,0.05279434584339739,0.025228222129226197,0.13973815739154816,0.10882865786552429,0.046771645173430444,0.24179236888885497
2026-03-23,0.044530361579065494,0.08171261921525001,0.054060975462198256,0.041516152955591676,0.008808548811289185,0.02812817801503229,0.009640072805709998,0.038044604350551126,0.01851526660466334,0.09504135772585869,0.07178191095590591,0.03263127896934748,0.47558866143226625
2026-03-24,0.044571741675670754,0.07956677787005902,0.05328514240682125,0.04202859941869974,0.009005459384798442,0.02801336608822851,0.009963086028850477,0.039560023386675705,0.0181904155673692,0.09528364017605781,0.07032274156808853,0.03302626796066761,0.4771827280521393
2026-03-25,0.04463429879379337,0.07996415346860886,0.05310711041092873,0.04313652813434601,0.009201499357313559,0.0292288619855924,0.010352030658143895,0.04086578543425592,0.019393549009691924,0.09235254526138306,0.06732539162039756,0.03401949442923069,0.4764187753200531
2026-03-26,0.04395774279717788,0.07855394817888736,0.05128083452582359,0.04374810550361872,0.009130097661229719,0.02917598055291819,0.010757124644614712,0.042571454882645555,0.019597045706177596,0.09237929135560989,0.06894060447812081,0.03452686201781034,0.4753808617591858
2026-03-27,0.04391530330794069,0.0782096240669489,0.0503725528717041,0.044312503188848495,0.008965449845601015,0.029594124004057677,0.011522903252965299,0.04472456851103725,0.01973482696339488,0.09034137725830078,0.06824145019054413,0.0346870981156826,0.4753782212734222
2026-03-30,0.04344646755559154,0.07830587588250637,0.04934832341969013,0.04479224570095539,0.009039396653498599,0.029663309455088438,0.011752830712848272,0.04621075889200199,0.019767902985040563,0.0891936756670475,0.06687381863594055,0.03464257214218378,0.47696282863616946
2026-03-31,0.04388091763237156,0.0788602203130722,0.0491308618336916,0.04558044299483299,0.009346063659398496,0.029857272988522254,0.011751869120283942,0.04725646641701218,0.01996716535941232,0.08912822306156158,0.06520758643746376,0.03391667827963829,0.47611622214317323
2026-04-01,0.044325233460801174,0.07868800014257431,0.049362148717045785,0.04615623652935028,0.009531813863730499,0.0298052540150195,0.011955608686879237,0.04809734790731781,0.019972579136083368,0.08891078382730484,0.06459640450775624,0.03350597433745861,0.47509263157844545
2026-04-02,0.043840290697416684,0.07764245867729187,0.049039242416620256,0.046421146020293236,0.009686168849836817,0.029744518844216826,0.012599718289186868,0.048122236541030185,0.02040003272559261,0.0880897469818592,0.06504893898963929,0.034317430667579175,0.47504809498786926
2026-04-06,0.043478130477569724,0.07521149590611458,0.047746303305029866,0.0468000415712595,0.00958484594647615,0.02988087634286103,0.012695790991236322,0.04875493455388078,0.020209723323932848,0.08909191265702247,0.06596930921077729,0.033781264908611774,0.4767953634262085
2026-04-07,0.043362741093316434,0.07482483051717281,0.04765101000666618,0.04717365689575672,0.00995071930790612,0.03068192666340508,0.012825610489416484,0.04981242688273433,0.02068322503037052,0.08745567053556443,0.06602097041904927,0.033153052628040316,0.47640417218208314
2026-04-08,0.04307838779006072,0.07422049231827259,0.047979559004306796,0.04852956533432007,0.010403359326934059,0.030753977593593617,0.012260378994831456,0.05018872063260656,0.021181149278709198,0.08845219761133194,0.06289138868451119,0.031560928001999854,0.4784998893737793
2026-04-09,0.04320598131716995,0.07486164346337318,0.04866797961294651,0.04973601773381233,0.010813013589248221,0.031332170603161555,0.012918117257165917,0.05152690680191245,0.02185581362718949,0.08628359511494636,0.06237031444907189,0.032588289119303226,0.47384015917778016
2026-04-10,0.042946794747353675,0.07507921457290649,0.048347849398851395,0.0500782698392868,0.0105582320716616,0.031218931368107404,0.012596827084660589,0.051250161660723846,0.02227261651714798,0.08530657291412354,0.06188195012509823,0.03232389539480209,0.47613866329193116
2026-04-13,0.04216291010718383,0.07454071864485741,0.0474842831492424,0.05005239322781563,0.010770114609360882,0.030870722364761606,0.012345846204362233,0.05265242049716416,0.023119961895281448,0.08391450271010399,0.06472079455852509,0.03120124638080597,0.4761640548706055
2026-04-14,0.041897931992937565,0.07457760944962502,0.04746296107769012,0.051675889641046524,0.011219414956779339,0.030984046079083782,0.011886400042705603,0.052443308017829794,0.023048177160671913,0.08327795714139938,0.06496041417121887,0.030738522484898567,0.47582736015319826
2026-04-15,0.041740376493618746,0.07537416890263557,0.04696727432310581,0.05331546440720558,0.011676937241253248,0.03152049335184302,0.011306726794787458,0.05333796413045953,0.024157921914593317,0.08246614336967469,0.062346788495779036,0.029926986992359163,0.47586274743080137
2026-04-16,0.041993914538348776,0.07669190913438798,0.04639449864625931,0.053584716469049457,0.011795783902034174,0.03192082710442605,0.010983502625797037,0.05258153564270067,0.024397529699490404,0.08545009940862655,0.06215331852436066,0.03012186400592327,0.4719304978847504
2026-04-17,0.0433497340384287,0.08071957752108574,0.04880611076951027,0.05655011162161827,0.012776299937180014,0.034223631955808284,0.011424851459309516,0.057981143173816106,0.02644579440820962,0.08959906026721001,0.06576688066124917,0.03131976835429669,0.4410370349884033
2026-04-20,0.0428232700582738,0.08103250786662101,0.049273525923490526,0.056887789815664294,0.013162077837990439,0.03384290877510807,0.011356955194286833,0.05821972623338638,0.026497159645077772,0.09010896235704421,0.06825509518384934,0.03135276101529598,0.4371872544288635
2026-04-21,0.050073738882252174,0.09633715972304344,0.057730105519294736,0.06788961589336395,0.016076222768847615,0.039872406755790735,0.013726471880750778,0.07043991253606822,0.03154421249055304,0.1095651775598526,0.0825197532773018,0.03716207817196846,0.32706311345100403
2026-04-22,0.04439353070138115,0.08346012830734253,0.050700319558382036,0.060677070915699,0.014193494398864104,0.03513900915075965,0.012131841795143572,0.06386323043313827,0.028015282237902284,0.09716490656137466,0.0756518267095089,0.03371229842305183,0.4008970260620117
2026-04-23,0.045198431916726636,0.08695127367973328,0.051881203055381776,0.06166320219635964,0.01519082929976392,0.036998076702207075,0.012292990699275563,0.06618192255867328,0.029737266700249166,0.10040213987231254,0.07879166081547737,0.03549596071243286,0.37921502590179446
2026-04-24,0.04924595410929822,0.09612407237291336,0.05735507309436798,0.07057529017329216,0.01645222606155059,0.041646367774416146,0.013202585562154923,0.07568671489941678,0.03338285994250327,0.11340454667806625,0.08685443252325058,0.04153450988233089,0.3045353353023529
2026-04-27,0.052230626989799946,0.10423057079315186,0.060671784728765485,0.07623539194464683,0.018180546240220252,0.04510180548691665,0.013584557195982328,0.08015026230308778,0.035309698278433645,0.12165586054325103,0.09612859040498734,0.04639034755527973,0.2501299351453781
2026-04-28,0.05341950806477484,0.10886668413877487,0.06248288750648499,0.0787308782339096,0.020060638620409677,0.04782867486130158,0.013945679075923678,0.08632778617244945,0.03727430643339176,0.12890965342521668,0.10055037885904312,0.04853299297392368,0.21306999325752257
2026-04-29,0.05332862965925642,0.11213749125599862,0.06264170184731484,0.07773953974246979,0.020638508101823307,0.04704588389047899,0.013801098049859916,0.08714282446937957,0.03768777312943712,0.1330399952828884,0.10005313158035278,0.048826704546809194,0.20591672360897065
2026-04-30,0.051337729340374595,0.1099654771387577,0.06157609075307846,0.0775503620505333,0.021288273198373987,0.047395623659406284,0.013710261496722964,0.08953145679849683,0.038025053744786416,0.1337510086596012,0.10339772850275039,0.04912984892725945,0.2033410906791687
2026-05-01,0.05060814242817422,0.1113300196826458,0.06202746853232384,0.07738284319639206,0.022145948854287667,0.045784671765869686,0.012836510926474531,0.0863132065561734,0.036774444254115225,0.13429514765739442,0.10032815337181092,0.048087948188185695,0.2120854824781418
2026-05-04,0.04910150243111868,0.11109238192439079,0.061513496190309526,0.07971834391355515,0.022109553527190684,0.04687346904360652,0.012971667789574681,0.0894305860401369,0.0374096974497661,0.13526922315359116,0.1004524439573288,0.050009246543049814,0.20404841899871826
2026-05-05,0.04777704610364122,0.10764971375465393,0.05967453867197037,0.08124483972787858,0.022395861895088486,0.04702556510882232,0.013022566577202355,0.09109485498514527,0.03767326338856947,0.13755326420068742,0.10043672174215316,0.050291793793439864,0.20415996313095092
2026-05-06,0.04637460848542059,0.10844768956303596,0.05940757840871811,0.08090190142393112,0.022771183281226827,0.04552439779672568,0.012812224756440926,0.0903036523331096,0.03696086023992393,0.13555811792612077,0.10574248731136322,0.050081045180559156,0.2051142454147339
2026-05-07,0.0441746940952477,0.10525210052728654,0.05725541710853577,0.08037844449281692,0.022208851807576126,0.04320487818369543,0.012032025156498528,0.08596751877527406,0.03532478390261531,0.13142613768577577,0.10279681533575058,0.04870381318032742,0.23127447962760925
2026-05-08,0.04253241263417671,0.1026024989783764,0.05782460644841194,0.0826894223690033,0.021878878587181204,0.04284939689634939,0.012029855889463014,0.08775082588169063,0.036392415550653825,0.13062269985675812,0.09990731626749039,0.04966516345739365,0.23325451612472534
2026-05-11,0.04130547490400076,0.10382306575775146,0.05779331028461456,0.08213665336370468,0.021877877263242595,0.04197503426952949,0.0115967962202145,0.08504580603270125,0.03557103319326416,0.1304952934384346,0.10446053743362427,0.048454830422997475,0.23546426594257355
2026-05-12,0.04050295137881932,0.10521795973181725,0.06077189296483994,0.08696696013212205,0.022962941705664975,0.04388192379096836,0.011604931046576894,0.09045224550694897,0.037718391680391504,0.13234514743089676,0.10697511285543441,0.049314656853675844,0.21128487586975098
2026-05-13,0.038896959347737334,0.10640439987182618,0.06147855147719383,0.08987835794687271,0.022061178268959834,0.04445780285262231,0.011328542222152294,0.09206941794981346,0.037459485270665026,0.1320531353354454,0.10801340192556382,0.048097874596714975,0.20780090987682343
2026-05-14,0.03746541520542337,0.10698578134179115,0.06045184433460236,0.09062488228082657,0.022380044151158174,0.044901742144111266,0.011466176727424227,0.0926331882588018,0.037724277237430215,0.1320253625512123,0.11103378981351852,0.048630915209650995,0.20367656648159027
2026-05-15,0.03588785902709084,0.10775278136134148,0.060387101769447324,0.0908921092748642,0.023698222688072333,0.045275671787754844,0.011624879304834579,0.0931833241177122,0.03780618156306446,0.13434643745422364,0.10941024869680405,0.04721964448690415,0.2025155544281006
2026-05-18,0.02695906729132158,0.07927352413535119,0.04398836940526962,0.06732563748955726,0.016714911221746044,0.03338948700591118,0.008834575836799984,0.06942831844013338,0.02859573644818738,0.09794075489044189,0.08094351589679719,0.03508630134165287,0.4115197956562042
2026-05-19,0.028339247968206215,0.08490338176488876,0.046444172784686086,0.07307415157556534,0.018338398165633586,0.03609388190994878,0.00951432089011739,0.07444735968057525,0.030748811697412747,0.10459406822919845,0.09175754487514495,0.03839938417077064,0.3633452594280243
2026-05-20,0.02959302948835294,0.08680122345685959,0.04836659543216228,0.07556330338120461,0.019567700634266317,0.03735951188245394,0.010089187846410575,0.0755867524492361,0.03212055580806918,0.10673064514994621,0.08954637199640274,0.03953114151954651,0.3491439878940582
2026-05-21,0.02518941928970726,0.07451104000210762,0.04172799848020077,0.0640232115983963,0.017327840446748864,0.03153658050310355,0.008798394590877478,0.06341363449646184,0.027327179709391202,0.08977288007736206,0.0776680737733841,0.03326067999005318,0.44544306993484495
2026-05-22,0.02731623003172512,0.07893985211849212,0.04468989707529545,0.06776122227311135,0.01878794024444872,0.034190635913461165,0.009922817207661083,0.06782337036791244,0.02976108761795331,0.09556467160582542,0.08120898455381394,0.03520808890461922,0.4088252067565918
2026-05-26,0.030861787588254152,0.09048482850193977,0.0516610037535429,0.07633045241236687,0.022733256235730435,0.03932160897071526,0.011479962220444584,0.07709926136864453,0.033902653961558823,0.11187288910150528,0.09760203659534454,0.039375415071845055,0.31727485060691835
2026-05-27,0.030599676435464573,0.09087133407592773,0.05246667116880417,0.07606630623340607,0.023188079743248657,0.03867488827644365,0.011614360355865294,0.07697877039715947,0.03374060493661091,0.10965029671788215,0.10073035508394242,0.038934451341629026,0.31648420691490176
2026-05-28,0.03248536197392884,0.09784489050507546,0.057618328183889386,0.08193492740392685,0.02583410423869843,0.04166624398185377,0.012389332581363988,0.08376792577974009,0.03678867726412136,0.1237284429371357,0.11057442724704743,0.04208610244095325,0.25328126549720764
2026-05-29,0.033831735728194444,0.10261327624320984,0.061851562559604646,0.08486567586660385,0.027173342782823084,0.044921381043513973,0.01317595780005778,0.08694567002822798,0.03886898404598469,0.12887759804725646,0.11655004918575287,0.044255570694804194,0.21606918573379516
2026-06-01,0.03331410301646507,0.1046220451593399,0.0639114424586296,0.08381388336420059,0.028324266650890096,0.04568341088481702,0.01291719431099203,0.08668230989484904,0.03908322914649034,0.1313974916934967,0.11994994729757309,0.04539634734392166,0.20490431785583496
2026-06-02,0.032386276946304984,0.10479996278882027,0.06377462446689605,0.081393863260746,0.02981110187916656,0.04518399081870257,0.012437395314319666,0.08534616884947929,0.03849348355724942,0.13610860332846642,0.12056059092283249,0.04706338569521904,0.20264059603214263
2026-06-03,0.031348521359401006,0.1049510695040226,0.06452203840017319,0.07903946042060853,0.029790922968424737,0.0452889217158031,0.011918273676893066,0.08360320077004246,0.03834166859160178,0.13525251895189286,0.12467987537384033,0.048531769588589665,0.20273176729679107
2026-06-04,0.03191449060105853,0.10221456214785576,0.0653545156121254,0.07924108803272248,0.030002266079617358,0.04572875463952073,0.011666334776863962,0.08399381085406539,0.038943525032664184,0.13706996589899062,0.12016285210847855,0.05060298033058643,0.2031048208475113
2026-06-05,0.031197496940833958,0.10384827852249146,0.06495581567287445,0.07712927609682083,0.029915557867259322,0.045447168243964595,0.01125737117195751,0.08178899619490139,0.03849566121498356,0.13708003014326095,0.1245471715927124,0.0520233903080225,0.20231378972530364
2026-06-08,0.021319763078696142,0.06607956811785698,0.04292743764817715,0.05203727036714554,0.018480840399382893,0.029754600849213376,0.0073074258360861675,0.056004873381482766,0.02635130093549378,0.08828145265579224,0.08222655653953552,0.03475282788276672,0.4744760751724243
2026-06-09,0.02145380233878811,0.06635711416602134,0.04262300692498684,0.05151931345462799,0.018561070003456238,0.029530075475855712,0.00706787609099937,0.054384657418375684,0.02622618125169538,0.0868222638964653,0.08479511141777038,0.03561585396528244,0.4750436544418335
2026-06-10,0.022298990628786087,0.06647216975688934,0.043729919195175174,0.0522664837539196,0.019020668301434007,0.029024289515956526,0.006613186080574707,0.05411330199353692,0.026353356990148312,0.08654800355434418,0.0839132934808731,0.03426760919392109,0.4753787159919739
2026-06-11,0.023129432568797625,0.06757055819034577,0.04536174796521664,0.05349872559309006,0.019024845608146636,0.028326472594380904,0.00646746481566769,0.05387939559945813,0.026501370219921227,0.08470269218087197,0.08091398626565934,0.03575791344046593,0.47486540079116824
2026-06-12,0.023692011972700478,0.06775830686092377,0.04556182697415352,0.053675678372383115,0.019444070617907094,0.028141912555884118,0.006081712710440179,0.05231951143915072,0.026399683910130988,0.08484585508704186,0.08068039789795875,0.03677787408232689,0.4746211767196655
2026-06-15,0.025256821619874435,0.06939145997166633,0.0456917829811573,0.0540379598736763,0.01953442662618112,0.028070746823442506,0.0058724844035452865,0.05105928232492953,0.02614937557518715,0.08498374819755554,0.07967872098088265,0.03650790862739086,0.47376529574394227
2026-06-16,0.026235036947492497,0.06967835873365402,0.04578678160905838,0.05356482714414597,0.020081031454767206,0.028100004342383043,0.005491701430782747,0.0499950808323776,0.025672905592364258,0.08456287682056426,0.07985947728157043,0.037303514406085016,0.47366842031478884
2026-06-17,0.027200293207930316,0.07114012762904168,0.04640958271920681,0.05326335430145264,0.01978661441913552,0.02848088758393601,0.005105818022187058,0.049053324460596494,0.02515901666483842,0.0823417767882347,0.08005752190947532,0.03728630281984806,0.4747153878211975
2026-06-18,0.027831247312789565,0.07059250473976135,0.04715292304754257,0.05404018610715866,0.020421160177432184,0.02861631572838803,0.004998988516778447,0.049902189284445876,0.025619808843475766,0.08192798644304275,0.0780525341629982,0.03679542802274227,0.4740487277507782
2026-06-22,0.028611137468124957,0.07254463136196136,0.047941635549068454,0.05304941982030868,0.020999150187224556,0.02906986119600674,0.004755593071026176,0.04892617136697926,0.02522568732383661,0.08131150454282761,0.07703018859028817,0.036942651867866515,0.4735923528671265
2026-06-23,0.029798400464054176,0.07317196056246758,0.046255356073379515,0.05063391923904419,0.02111112185213777,0.030008020383985468,0.004339235388021478,0.0489816841564954,0.025278606875508557,0.08244133740663528,0.07433426603674889,0.038411745056509974,0.47523434162139894
2026-06-24,0.031028407342072482,0.07322684675455093,0.04683756567537785,0.05191999822854996,0.02004683962679472,0.029176953752028112,0.0041143446712373685,0.047696701825695166,0.024914669887220953,0.08351471424102783,0.07341951057314873,0.04010700732469559,0.47399644255638124
2026-06-25,0.03148568355778299,0.07207133173942566,0.04724450744688511,0.051214662939310075,0.01978501304693232,0.029227286414757712,0.0041108195977937355,0.04775419051318046,0.02493353277386632,0.08302097022533417,0.07324281632900238,0.03930320404469967,0.4766059875488281
2026-06-26,0.032663994345575806,0.07359268739819527,0.04727411195635796,0.05268067866563797,0.020486753178322915,0.030015588043502815,0.003965267206405087,0.04546813187724954,0.02442675147758564,0.08341608196496964,0.07249888330698014,0.03850849457085133,0.4750025808811188
2026-06-29,0.03347711528571597,0.07526814490556717,0.04574773721396923,0.05212952122092247,0.020852853267563275,0.029751187291819293,0.003946118057927351,0.043500127236507605,0.023604733859974657,0.08449211791157722,0.07453875541687012,0.0382984783500433,0.4743931174278259
2026-06-30,0.03455998226420416,0.07545366957783699,0.04599713534116745,0.05181530565023422,0.021322848583607622,0.031041228643759668,0.0037178419627768022,0.042102326221493055,0.023464976917603055,0.08619555607438087,0.07326391488313674,0.03822791874408722,0.4728372812271118
2026-07-01,0.03676244153554613,0.07885214909911156,0.04613639414310455,0.053547778725624086,0.02218585804614328,0.03338581862437025,0.0037658940190976155,0.04448328316150132,0.02430274505459238,0.08808103874325753,0.0752672277390957,0.04094369225203991,0.45228567719459534
2026-07-02,0.03736468786689464,0.08261964246630668,0.04584774859249592,0.05513684898614883,0.022299862559957973,0.03492199753577978,0.003786837420062028,0.045470267521179684,0.02473071926069679,0.09120197221636772,0.07836482152342797,0.04289767108857632,0.4353569269180298
2026-07-06,0.04386492034388194,0.09978197440505028,0.05201345644891262,0.06261584535241127,0.02561928816883565,0.04299278589748212,0.004971450245391651,0.056424702331738,0.02859466288718977,0.10789310559630394,0.0916165478527546,0.05346838273108005,0.3301429092884064
2026-07-07,0.04660553042979458,0.10634078234434127,0.052300700545310976,0.06727528497576714,0.028297671370111743,0.04468109213300693,0.005276361781754701,0.058216252500598385,0.02885081694112159,0.11273015365004539,0.09514118507504463,0.0559783361852169,0.29830586314201357
2026-07-08,0.04708767387999622,0.10721246153116226,0.05191890560090542,0.06700904369354248,0.027506249520235927,0.04370177313415269,0.0055028909511491975,0.059315750366234356,0.02866480986267561,0.11419879719614982,0.0951242670416832,0.056519177928566935,0.29623821973800657
2026-07-09,0.05055848060846628,0.11590382009744644,0.05613099150359631,0.07163620293140412,0.030867495591430226,0.048169324328563336,0.00605201232459116,0.06431359099105585,0.03128939749294659,0.12578924596309662,0.10426418483257294,0.06407803073525428,0.23094724714756013
2026-07-10,0.05154022124149567,0.12045673951506615,0.056210000067949295,0.07317358553409577,0.03260688906585187,0.04960337018687113,0.0063074031080734725,0.06793129192827259,0.03135235086301691,0.12888672649860383,0.10529336407780647,0.06359812244772911,0.21303996443748474
2026-07-13,0.052105110081467745,0.12345721274614334,0.055657728016376494,0.07406564801931381,0.03343516640854034,0.04950041645859073,0.006295742757235346,0.06843927024308574,0.031122968530689833,0.1309873044490814,0.10301917344331742,0.06660867407917977,0.20530557930469512
2026-07-14,0.051666623976190526,0.12341111153364182,0.05351784192025662,0.07221798151731491,0.03162347218064667,0.048744416515425826,0.006780784468183043,0.06874508362171454,0.03024030133456108,0.13131388574838637,0.10421245396137238,0.0691361665725708,0.20838987231254577
2026-07-15,0.05030207089936454,0.12486200779676437,0.052503203973174095,0.07134200185537339,0.03297740495714976,0.04898581315532482,0.006596757314444446,0.07013047130497299,0.03001714109850582,0.13140338957309722,0.10533660799264907,0.0688311442732811,0.2067120134830475
2026-07-16,0.05094909268877394,0.12821428701281548,0.051931117475032804,0.07054822593927383,0.03350480052217577,0.047595988453196014,0.006433570319322612,0.07043591584085433,0.0299286234221654,0.13476839810609817,0.10386779755353928,0.06728441640734673,0.20453779101371766
2026-07-17,0.051045314654418306,0.1300010859966278,0.04949628449976444,0.0695275604724884,0.03330358621548015,0.04585096745876456,0.006334919765885872,0.06854089396348151,0.02912225197724183,0.1377778470516205,0.10600159019231796,0.06763189285993576,0.2053657978773117
2026-07-20,0.051876140252777606,0.1312039688229561,0.04821430370211601,0.06929299086332322,0.03281874809180394,0.04703916597096196,0.006539769677010554,0.06998574632644576,0.029201129871944433,0.13561026155948638,0.106697678565979,0.06742498241364955,0.20409511625766755
2026-07-21,0.05153275326748261,0.1316040687263012,0.04595809057354927,0.06934994608163833,0.033757313070749716,0.047242966901961836,0.006220442840325547,0.07094735856817316,0.02830224079953041,0.13720632046461106,0.10683203488588333,0.06693287529051303,0.20411361753940582
2026-07-22,0.05304748608212524,0.13217561542987824,0.0446870107203722,0.06687674075365066,0.034324371401789476,0.046132680246513756,0.0058643948482540505,0.07119072415926002,0.028060274878225756,0.13729396164417268,0.10732169896364212,0.06576209291815757,0.20726297199726104
2026-07-23,0.05230037758512847,0.13201015517115594,0.04447980225086212,0.06577774062752724,0.03415338374491981,0.047503673102224295,0.005703359767276694,0.07392650146943502,0.0279623657821503,0.13745498061180114,0.10775480419397354,0.06716737672686576,0.20380549132823944
2026-07-24,0.0531571512794633,0.13080315738916398,0.042554336786270144,0.06550709828734398,0.036153309802188005,0.04780026063181708,0.0058689907863595184,0.07618206643848602,0.02767598367499886,0.13805851340293884,0.10647439509630204,0.06429449282586575,0.2054702252149582
2026-07-27,0.05216555338767197,0.1340923123061657,0.04280558899044991,0.06382303610444069,0.035177597481275316,0.04759645497847629,0.006059964241277171,0.07592305428279662,0.027614016235020244,0.13603186458349228,0.10800295919179917,0.0666162196546793,0.20409138202667237
2026-07-28,0.05366906042721933,0.13515493795275688,0.04140082933008671,0.06373004168272019,0.03479514264143546,0.04639902336169399,0.00575324271170814,0.07535908553940089,0.02752688793480047,0.13831454366445542,0.1091848760843277,0.06458566933870316,0.20412663817405702
2026-07-29,0.053422869357882166,0.13676922395825386,0.03985396437346935,0.06285171806812287,0.03408901330385703,0.0450055925952455,0.005584885146811302,0.07379272460842348,0.027061069618503096,0.14284210056066513,0.1107409879565239,0.06384314931929111,0.20414266288280486
2026-07-30,0.05399505933829829,0.13601407110691072,0.04035433530807495,0.06179689690470695,0.03278093273597449,0.04583213496638194,0.005587493159648104,0.07532410685799765,0.027278270361057365,0.13881976306438445,0.11416929066181183,0.06331543847918511,0.2047321766614914
2026-07-31,0.05254122518310585,0.1325740098953247,0.038824396580457686,0.06061229556798935,0.032852492868898506,0.04450021129966188,0.005296534889963312,0.07278483860120293,0.026244937966475847,0.13673821091651917,0.11252297908067703,0.06353711225092411,0.2209707885980606
2026-08-03,0.05456537060033391,0.13403764143586158,0.040411967784166336,0.06049040108919144,0.033872773302571345,0.046157526207045406,0.005717538693890134,0.07543477617881109,0.02591041899686388,0.14069361090660096,0.11156499087810516,0.06370874680578709,0.20743425488471984
2026-08-04,0.05452534978731301,0.13289090767502784,0.04060524664819241,0.058509085327386856,0.03379302164241551,0.045802760734801495,0.006035633548281893,0.07516694850481667,0.02574256020343455,0.1388892874121666,0.11548281162977218,0.06739083044230938,0.20516555309295653
