,X-GAT-DRL (Hybrid),X-GAT-DRL (GRU),X-GAT-DRL (LSTM),1/N,GMV,HMM-GMV,GLASSO-GAT,TC-MAC,JM-MPC
2019-01-02,0.4242323183773509,0.4125591163133141,0.4011532883283418,0.04999999999999992,0.49989627675381076,0.6638302978644249,0.1378203279517066,0.12057465833970853,6.141933489578477e-11
2019-01-03,0.014483419778418317,0.016407218761085106,0.012591337727172983,0.0021363599541793094,0.0007905305373595066,0.004410346558570327,0.07928284460810578,0.05655915974069505,5.968602348471741e-11
2019-01-04,0.014876391269483504,0.013505523254611778,0.014752555639236423,0.006517539426387713,0.0023670720289752298,0.0033106810283989817,0.1620377372223616,0.162393362131069,5.525540441864152e-11
2019-01-07,0.010913454462588646,0.015162159592355501,0.013455943299347203,0.008050850649230938,0.0031370316796775592,0.01189944357855747,0.27605842529020563,0.21420726414693828,6.326664192535247e-11
2019-01-08,0.011291876833993103,0.014261914150403237,0.011749001988252575,0.002498184025029146,0.0013515705560500683,0.002115170458040583,0.13947092570393982,0.12475943048835605,6.542172706347493e-11
2019-01-09,0.01413423287520917,0.013320663521564729,0.010556624043384014,0.00276116602284579,0.0012310475375957779,0.001611003005241992,0.09979927119617879,0.03114706769078998,6.875168490072525e-11
2019-01-10,0.010945559201938914,0.011811963398980625,0.009163173055051257,0.002681273946821057,0.0014226118194135382,0.002133973012797805,0.10003943060702927,0.03308109542418016,7.032781301763436e-11
2019-01-11,0.0111628034760308,0.012668990782875733,0.009402442924024727,0.0022667292342710837,0.001102684154236823,0.01825321657972384,0.11763731560373747,0.055853793895968416,7.341640836933117e-11
2019-01-14,0.018670904129309045,0.015246342673323792,0.013562213259748731,0.0015476607941418905,0.0007558022539116587,0.04393277280648309,0.07274446327807446,0.09201780412713513,7.237523427794379e-11
2019-01-15,0.012175358676723919,0.010779610714050087,0.011715102410011067,0.0014900678183545485,0.0010461996712371633,0.01913804611583338,0.10087913367511517,0.08250036529320673,7.094859075240656e-11
2019-01-16,0.022537368046194942,0.022291663046142003,0.020831564135372713,0.002523621538287113,0.0010828024134212416,0.06263269303873281,0.1159177995903633,0.10790693641060693,7.386957365240754e-11
2019-01-17,0.08383290689465676,0.0819576857250642,0.08086941016409166,0.0014360973064645316,0.0005415615465063895,0.18555638391114931,0.053863421070001014,0.03648082363489648,7.550601810457636e-11
2019-01-18,0.10647319652113459,0.10060092940108296,0.09785301114733494,0.001445277799569683,0.0005831061838635163,0.1657477258739803,0.040371626607855406,0.014906433949734505,1.3752540772848931e-13
2019-01-22,0.037968269992942213,0.035740826900961906,0.03367454801194296,0.002827709543447847,0.0014323815422626358,0.0416153652258124,0.04431626914112687,0.045900846448066954,1.3744907989554633e-13
2019-01-23,0.016747382915778677,0.012367628151390277,0.01700996860186527,0.0039877461319738905,0.0014343815528853445,0.003206761501137312,0.24943153147686198,0.1506975362163731,1.3752887717544127e-13
2019-01-24,0.014071900607715349,0.012863700239163268,0.012037034708081932,0.0012155763760773736,0.0003617827609499124,0.005523732352562692,0.08575862301080724,0.14589916747096904,1.3750112159982564e-13
2019-01-25,0.014871255587946521,0.008687691143560097,0.006109716715712328,0.001232807911544613,0.0009592402533040243,0.001272753066212803,0.060105342179673435,0.03900860703421541,1.3749765215287368e-13
2019-01-28,0.008878127301253895,0.0074911313843305655,0.007059673737352126,0.002858443465201428,0.0015763360996562483,0.0021609177613535462,0.09299986271185343,0.05029482945313017,1.3752540772848931e-13
2019-01-29,0.017124728086898102,0.009698571773098373,0.01209790711259728,0.0027438636543064623,0.0009591140034044375,0.001765555507559138,0.09881399647854579,0.09537482730889779,1.3751499938763345e-13
2019-01-30,0.01112876680572293,0.008698858119161006,0.009346180130070183,0.001820998333322471,0.0011639386415159096,0.001571667397636986,0.049826630396168796,0.05891787097177472,1.3752193828153736e-13
2019-01-31,0.014513002745181372,0.009795593518718296,0.00991494253771983,0.002884943471758744,0.001637769692951666,0.004755645039323074,0.11720282806411467,0.10273521324985806,1.3749765215287368e-13
2019-02-01,0.008866605078908033,0.007914475994910065,0.00859875874612227,0.0021627339530973858,0.0016322158480402364,0.002918400671108523,0.04461044749302801,0.041625653864900455,1.374143854260268e-13
2019-02-04,0.012195708402796806,0.007302653098347896,0.009313193042747083,0.0016591829154394763,0.001145246621917034,0.0012357685550167595,0.06264935346544145,0.09634236647659786,1.374143854260268e-13
2019-02-05,0.00795634041499527,0.007948380695108724,0.007896380606349892,0.0023303618757568242,0.0009439651178681898,0.0017197076286455813,0.05349736869630006,0.0563307703003781,1.374282632138346e-13
2019-02-06,0.010448221972920115,0.008260959103905282,0.007752020222950165,0.001532486669427506,0.0009550948562635235,0.0008189890622774656,0.043092455024830355,0.03138085967106413,1.373172409113721e-13
2019-02-07,0.012465932623230262,0.008225378486726432,0.008942331953224211,0.0016175945264680636,0.0006372629465379242,0.0005475338114941561,0.04686887732702512,0.08785971685486557,1.373172409113721e-13
2019-02-08,0.016560300858073352,0.008578249926330637,0.010489474938589465,0.0033940290952514662,0.0011564113548841667,0.0023233085985773453,0.07618881957348878,0.057657881640804674,1.3729989367661233e-13
2019-02-11,0.01625948804064491,0.0072986036041271145,0.006514044348804537,0.00099020944376578,0.0006425057168175795,0.0005298928752350248,0.040389053016268675,0.07477733515001636,1.3738316040345921e-13
2019-02-12,0.017537624904649086,0.005953377045802985,0.006574198128041475,0.0013314904992967821,0.0008382611101515371,0.0007282653961235221,0.04092314372561827,0.02653751504959569,1.3728254644185256e-13
2019-02-13,0.009694917763744775,0.0055595559056351215,0.005929001980814379,0.002810055452025416,0.0010820522668796703,0.002222070428289305,0.05339098112804221,0.06511750095451499,1.3733458814613186e-13
2019-02-14,0.011369133599973555,0.005678693387550715,0.006523962500150096,0.001632205951228094,0.00086525692166526,0.0009927648849930879,0.04312071723283793,0.06509951164593641,1.3728601588880451e-13
2019-02-15,0.007944144661784332,0.005458848296706087,0.005699927594384907,0.0008973304969532442,0.0010258128818478156,0.0010808652440472484,0.042229663756023196,0.04080892538227219,1.373103020174682e-13
2019-02-19,0.009968894958990714,0.006799975487220949,0.007043407399973983,0.002744989790488865,0.0013050351552070189,0.0017521889295334923,0.06821057575701155,0.05905205798808766,1.3733458814613186e-13
2019-02-20,0.0066726428287789494,0.006845614569215987,0.006876574676413565,0.0013818437064835737,0.0010432677943297344,0.00042527363536608396,0.029845343890057253,0.0482324300303259,1.3734152704003577e-13
2019-02-21,0.006771733904706603,0.0062261885405017914,0.006856129893931436,0.0013002130167547102,0.00043245854381625986,0.0005645984527149977,0.03291840963603525,0.04295185408953541,1.3741785487297875e-13
2019-02-22,0.007767173499329856,0.007250028724041413,0.010106636679351928,0.0012878007319187812,0.001498124553193524,0.0008413464440461541,0.04820306454786586,0.05644109142230436,1.3737275206260335e-13
2019-02-25,0.006937797389846813,0.007059309520067819,0.007210860193407079,0.0010922281686269117,0.0010144264573030836,0.0008353879028780367,0.04597031731201913,0.09994873168683695,1.3734499648698772e-13
2019-02-26,0.0153741118367984,0.007834312606711998,0.011004909705453038,0.0020669436289667,0.0008410812898382231,0.0010519621779041582,0.06414058285764396,0.07200061678850296,1.37324179805276e-13
2019-02-27,0.011567014260458598,0.007075058385172551,0.007778731565409322,0.0014145989701161085,0.0007067838269881034,0.0007039706804657805,0.05711523660080704,0.032552120057554736,1.373692826156514e-13
2019-02-28,0.012367648976825674,0.007725729836002046,0.009608825051971054,0.0017708938968779217,0.0015567279770411122,0.0013826796750731557,0.04741996695900262,0.05610421642588156,1.3730683257051624e-13
2019-03-01,0.009692326243275545,0.007530770552272646,0.008845303130255973,0.0011412247561464889,0.0007431727553740654,0.00042217039684697735,0.02815785929162462,0.03789606953157024,1.3730336312356428e-13
2019-03-04,0.016098164649274972,0.009646919054956331,0.013118621202826485,0.0032372561472485753,0.002136253626036812,0.0021196709017225574,0.06891450210849692,0.05966864069978053,1.3720968805586153e-13
2019-03-05,0.012413213136742266,0.008343852951595662,0.007862989224169992,0.0017780552732051882,0.0010782809905704469,0.0013287353600674855,0.07798471779936697,0.045835348114523,1.371680546924381e-13
2019-03-06,0.021231639435841006,0.007047708044859585,0.005910899424944385,0.0011667815895966063,0.00039203599440138274,0.00046311543442138623,0.028138543992978486,0.03634960371776358,1.3720274916195763e-13
2019-03-07,0.01905049891524655,0.007327607093778594,0.010556948896535055,0.002073847049073395,0.0007161182312828409,0.0015416480443499795,0.050947001649716786,0.05797703185260865,1.3726866865404475e-13
2019-03-08,0.016823459108844037,0.010925682168667069,0.015831976640142763,0.0032024745342104574,0.001094036942382505,0.00203852163638494,0.05787809722597135,0.0360378885546016,1.373103020174682e-13
2019-03-11,0.011187710544107495,0.011989902194460769,0.009810713279312563,0.0013740209102546391,0.0009844364138767948,0.0008473203876289689,0.06670804395654142,0.06986635489993606,1.3726172976014084e-13
2019-03-12,0.013651636694945169,0.01067980607452985,0.009370243407374067,0.004042969661173873,0.0010179830426808928,0.002416501270277753,0.11095764594975306,0.07706601680247024,1.3720274916195763e-13
2019-03-13,0.01164921370156318,0.009356762798376564,0.0057251133950186415,0.000984835367378832,0.001116685251219129,0.0006708711915126889,0.09032321614724317,0.05314797433098882,1.372651992070928e-13
2019-03-14,0.013404616803192737,0.006855180226968216,0.005097945755308248,0.0015538976404608357,0.0010145742932749823,0.0014134364654959746,0.029182291117784077,0.02583168363678769,1.3724785197233302e-13
2019-03-15,0.010530363940995381,0.005171295212361712,0.006239525363505522,0.0014129380516498466,0.0012971771402960186,0.0007431370054930349,0.060044477731071536,0.06948049654373083,1.3719581026805372e-13
2019-03-18,0.007862687174748919,0.00478735524866571,0.004850108189566974,0.0018320783335705332,0.0011162505461180063,0.0009011872130912594,0.04893470692315831,0.09092108887986496,1.3719581026805372e-13
2019-03-19,0.011501368673477475,0.005621440576425872,0.004378820386505733,0.0016346549370787541,0.00036109582253081865,0.0007628636788383906,0.03025784451040773,0.05364089577303621,1.3719234082110177e-13
2019-03-20,0.009508032042219113,0.005864644423276837,0.003914906584578338,0.0009466424056865444,0.0003770780541895124,0.0004840287853408957,0.022775071280736036,0.02192639484054763,1.3729642422966037e-13
2019-03-21,0.010886568569029434,0.007452271959331559,0.0076136817912013655,0.001908197400101251,0.0018118740404229985,0.0013612337137776675,0.07356018120928587,0.07609054558583865,1.3728601588880451e-13
2019-03-22,0.008198894423188358,0.005651620632416177,0.005032497462672059,0.0033341382970224834,0.0008621458025713047,0.0017553127220176021,0.16003846984758702,0.03143887447424869,1.3718540192719786e-13
2019-03-25,0.016013231744834724,0.017796553923146635,0.019996613815572724,0.006603158003458842,0.0024844418569009807,0.004544302438522245,0.19451575599115703,0.15120865948946866,1.3724438252538107e-13
2019-03-26,0.010600385883555528,0.017162839447349303,0.012043531483660923,0.0008935402601421907,0.0007810284949470185,0.0025529178641204068,0.12390238773779567,0.1454918542537243,1.372651992070928e-13
2019-03-27,0.012191234960469666,0.013187347859156187,0.007171086613828566,0.0016805628849633145,0.0005246509759425828,0.0010010263381074857,0.06004255130862315,0.021277149918040115,1.3717152413939004e-13
2019-03-28,0.015572744582443412,0.012918036784144488,0.007676862720807348,0.002105299892262269,0.0011963389964184043,0.0015122373698997014,0.061375068446849514,0.04756309840098771,1.3717846303329395e-13
2019-03-29,0.01736226728008162,0.013325609552403445,0.007665109340039342,0.002169974012091465,0.0010753317275310889,0.0006311342002637519,0.05142827911620653,0.03199211252286847,1.3714723801072637e-13
2019-04-01,0.010251743737221947,0.009730949015096963,0.005042035818974109,0.001531541242093759,0.0004744660565687268,0.0012216957089824104,0.055427809669828534,0.05892110206194201,1.3705703238997557e-13
2019-04-02,0.01689713542230022,0.011102467274602772,0.014508398806280753,0.004331416163121153,0.002128159879780207,0.0031829110517077744,0.07966244811793115,0.062156661781836056,1.3712642132901465e-13
2019-04-03,0.011573702539384076,0.00879916944044474,0.007580716476799336,0.0009878305855441777,0.0005004288539835597,0.00035589111516905344,0.06580729260583647,0.07410199519758008,1.3710560464730293e-13
2019-04-04,0.012863223929826523,0.010389356077892698,0.008842599152603705,0.0018552494394249858,0.0010735791829155038,0.0013625215357561192,0.0362514310565874,0.03897136178760298,1.370917268594951e-13
2019-04-05,0.019053611150321097,0.008904276659238089,0.006124046875694975,0.0009031163511889068,0.0004595019113061498,0.0003135957166921122,0.03359983359074945,0.03557733479881019,1.370709101777834e-13
2019-04-08,0.02091697977477939,0.008495960025624865,0.00549085353412303,0.0013105808595185939,0.0004866389024937839,0.0005965947703531425,0.04070783672906891,0.02285326471251617,1.3711254354120683e-13
2019-04-09,0.017931583417573577,0.0072639337722852654,0.005807594221414053,0.0010988239965340485,0.000649437331298984,0.0006570567312143557,0.02884968336857347,0.06068378031124105,1.3714376856377442e-13
2019-04-10,0.022709992737112297,0.0051438682160191,0.006760735698125593,0.0018497961725216297,0.0007762696427623714,0.0011275679105771435,0.04705021543768351,0.034567231935260075,1.3715070745767832e-13
2019-04-11,0.007750448965318612,0.004820937792107937,0.00650818915025444,0.0012402620777494655,0.0009477769487362238,0.0007364309256880101,0.048355280229915594,0.0727235741088749,1.3717152413939004e-13
2019-04-12,0.015060669125841641,0.004639304814862738,0.005954496473420495,0.001677913479586103,0.0013303740960720566,0.0008985153275198798,0.051203360087983596,0.10133869071557364,1.3711948243511074e-13
2019-04-15,0.009490508394848255,0.005190423608528699,0.006323846073239747,0.0018498439703548558,0.0010543235918622185,0.001685413708373585,0.03154197119359081,0.06056025696748789,1.3705703238997557e-13
2019-04-16,0.011907049148867565,0.004068571077672401,0.0048925977934243196,0.0009170231559169628,0.00041442112646879724,0.0006412500678525499,0.03508033771452492,0.04547488446855644,1.3710560464730293e-13
2019-04-17,0.01391104474663954,0.008838530724027,0.013244364792825739,0.002584729523406118,0.0012511647881939987,0.0010214050433189163,0.049086081473772865,0.04808284172062465,1.370847879655912e-13
2019-04-18,0.013814840500569008,0.007572894713699452,0.00890873191193747,0.0016033684336657222,0.0004397809132045744,0.0007487354684447897,0.04368237276506153,0.04716423923124334,1.3713336022291855e-13
2019-04-22,0.021652482375641487,0.0068323402288147,0.006095708218045004,0.0010177200200189584,0.00064625516707952,0.0006121688258919053,0.042008114033330116,0.03877215036337582,1.370778490716873e-13
2019-04-23,0.020356435104109862,0.007960723144366579,0.007495257004085022,0.0014498065020945791,0.0006942958501838834,0.0007758097364177588,0.03649991806503823,0.058511931813235094,1.3708825741254316e-13
2019-04-24,0.01018831754267458,0.008341558902796972,0.0058989830647600185,0.0023528535828880523,0.000894394973068306,0.0011444807791708058,0.05711514737528539,0.07968672074497335,1.3705009349607167e-13
2019-04-25,0.011487767681248892,0.008184461273186698,0.006263730084884006,0.0024817548190089883,0.0012119864111421205,0.0016092638599988457,0.050425607391380224,0.0638286672882735,1.3699805179179236e-13
2019-04-26,0.008670907947591233,0.007209632918954266,0.0048340979942580915,0.0008239245997377284,0.00035995152100790854,0.00048193772840795384,0.027944690141636013,0.04634484198346664,1.3701192957960018e-13
2019-04-29,0.012158268641236833,0.008328887025990559,0.008238478249649095,0.0015243666984661314,0.0011034422323960087,0.0008785541353235433,0.053809730193847605,0.05434822398825377,1.369945823448404e-13
2019-04-30,0.011085152565447242,0.006669594999870018,0.007880074210584823,0.0018027697485829691,0.0010227802161510658,0.0010573781998618832,0.04629177011290152,0.05678298652058441,1.369945823448404e-13
2019-05-01,0.013331625263041064,0.006674050001220061,0.0068535061524744294,0.0015134044034258165,0.0007640224818142829,0.0008909633693406878,0.04866285949864461,0.03977563501171099,1.3700846013264822e-13
2019-05-02,0.015040663955559749,0.006747814076795018,0.006888211557751785,0.0016052490589105253,0.0008915846979302419,0.001185549206000244,0.0471346953015518,0.05901963733407608,1.3697029621617673e-13
2019-05-03,0.014727084857979786,0.0060257054274287574,0.008435546282541399,0.001489535555759168,0.0011386467274933278,0.0009340294064620408,0.06172082593881424,0.020996214477367336,1.3696335732227283e-13
2019-05-06,0.010056609379620362,0.006037853871726487,0.00664799965113948,0.0024073782163306634,0.0010936576518658918,0.0015461510253864535,0.060884169611434814,0.10516594241248464,1.3685580446676227e-13
2019-05-07,0.011890084025715498,0.008352290354313587,0.009072618273356915,0.002653521226942089,0.0005850014687776783,0.0009901361221690014,0.06972693043654724,0.09534059301763002,1.3688702948932985e-13
2019-05-08,0.019422765181408546,0.013581095701927781,0.01887334065229158,0.004745386417393083,0.0016393824937564762,0.0033310089320668394,0.09422803808718139,0.10851014276174105,1.3693907119360915e-13
2019-05-09,0.013787919434169358,0.011609095722881635,0.010119942512676203,0.0007701544707330588,0.0007626168704251904,0.0021371551552794026,0.09819730913711774,0.12014114401877234,1.3694947953446501e-13
2019-05-10,0.015923330090014075,0.011129679650558852,0.008779920050138343,0.0020319516590339842,0.0007593116012099397,0.0013061040862136638,0.04963628220140199,0.03281076744399765,1.3690784617104157e-13
2019-05-13,0.013755393318543535,0.010836236462334628,0.006545058718072161,0.001358736290236258,0.0004398315448271229,0.0007933537583624467,0.05098679945586273,0.06519018586534928,1.369737656631287e-13
2019-05-14,0.024471633687511273,0.022612459440903347,0.02971684471299916,0.00758810664514592,0.002090872647216391,0.013869680401189346,0.12654041904054752,0.1746809397368104,1.3700499068569627e-13
2019-05-15,0.015924833560246467,0.020004212852123386,0.019123555697912128,0.002832829861522175,0.001077403515233723,0.009136973714994997,0.14727146396330262,0.18910607536802904,1.3700846013264822e-13
2019-05-16,0.02068037109323261,0.018246532316553245,0.012914618743750078,0.0014982514480521916,0.0012171948854515797,0.0034724911076659593,0.05907057146152608,0.029868589982787186,1.369945823448404e-13
2019-05-17,0.017601314626414927,0.016943294491302423,0.009268853003717607,0.0025200963116525643,0.001066656745450557,0.0018150961241205812,0.04908788647125162,0.033147301019952835,1.3694601008751306e-13
2019-05-20,0.01659390345082995,0.013794383959581862,0.012727665124382314,0.002527982346126993,0.0011211218342970955,0.0016478377181260283,0.08300290221334525,0.08384218046083439,1.369356017466572e-13
2019-05-21,0.011045599392614729,0.010733159597967029,0.012804363004759534,0.0021998329280694118,0.0007853903345884617,0.0014458663989451682,0.07610972007627848,0.04957304455344362,1.369876434509365e-13
2019-05-22,0.013737856742194115,0.011578722211855814,0.0088514641182631,0.0025394796592037652,0.000647636095717032,0.0014839187303771267,0.10774290364786361,0.09315157183799103,1.369945823448404e-13
2019-05-23,0.012814002997372374,0.010719837973998891,0.010643122987443422,0.0021724981410626565,0.0009664343282393831,0.0016356764664397256,0.07010190307460089,0.05980086084654592,1.3694601008751306e-13
2019-05-24,0.01608949152054278,0.00904578035930256,0.01836422421688006,0.004843106486412015,0.0022315235343007547,0.00382949580568551,0.10125889055427348,0.08227520553929282,1.3699111289788846e-13
2019-05-28,0.012227179115344575,0.010752227961449659,0.010756792015047997,0.0019323617431001236,0.0006951151706180688,0.0009768498270367669,0.10315095394623044,0.10769973494705827,1.3696682676922478e-13
2019-05-29,0.014841376753434544,0.011452739671037557,0.009324449205801309,0.002823032708806586,0.0012829386756728898,0.0019579267314356903,0.08301954280502463,0.04268253219708105,1.3706744073083144e-13
2019-05-30,0.009728422415987625,0.01132067029868498,0.010991969868404394,0.002257469164575303,0.0006215214859515277,0.0013065927826739895,0.04069255792009781,0.03844411252011328,1.3713336022291855e-13
2019-05-31,0.012752341625569569,0.011413620378688406,0.009195696907884913,0.0016229272386082405,0.001518789698674869,0.0012016129122409671,0.06950357609066585,0.062054222106702396,1.3717846303329395e-13
2019-06-03,0.01461097730627758,0.011547409901153296,0.01965310340222238,0.005449541090743436,0.0027466924885783434,0.004509491418233582,0.1119911818404308,0.11114828373614341,1.372721381009967e-13
2019-06-04,0.014649019169712906,0.012374817186789835,0.014274943245707213,0.002837830721512176,0.0017514118993232643,0.0020334072724852957,0.10561679742938886,0.06982382901170739,1.3735540482784359e-13
2019-06-05,0.013855081318116597,0.013172720711472885,0.01259303281404417,0.005063337692344169,0.0018662563138377823,0.004784450856449635,0.16466007320945905,0.09637752544570595,1.3720968805586153e-13
2019-06-06,0.012751156364068136,0.01201063242814368,0.0118010268261288,0.0032441477358642334,0.0013143658172609027,0.0020186573955230233,0.16342203194505936,0.06404427075609549,1.3706744073083144e-13
2019-06-07,0.014817477916463484,0.012221605567417899,0.008945364696383601,0.0017107908707585731,0.0011090111656603288,0.0013744822541185142,0.07587346294640337,0.0378383707799538,1.3704315460216776e-13
2019-06-10,0.013811207260971051,0.01120743548538625,0.008341907764820949,0.0017624475287891725,0.001491804266698539,0.0017307288593359257,0.0715083535258065,0.06626342721686794,1.3699805179179236e-13
2019-06-11,0.011864748014631355,0.015361877828247014,0.014294194743904485,0.0029435282035358487,0.0017531994613835511,0.002134561761324571,0.07902128352849722,0.060445109746439685,1.3692519340580134e-13
2019-06-12,0.013550251141837093,0.013458549349926727,0.01017014904555358,0.0014242945971737683,0.0003794108447121471,0.0004099565486558372,0.0706380973315333,0.05904948876059217,1.3694601008751306e-13
2019-06-13,0.014680253269240181,0.009093535676789815,0.008759061689769625,0.002392332271104386,0.0008640085447603618,0.0014225526475705984,0.0818156831914421,0.042887230233042486,1.3695641842836892e-13
2019-06-14,0.012281399679175705,0.009196419780641956,0.007525032330521736,0.001440737353870701,0.0010460182236990234,0.0007680980707618014,0.04732688306732573,0.05465390707503633,1.3693907119360915e-13
2019-06-17,0.010631820591489177,0.007446141661101351,0.00595694501526432,0.0019157775061398735,0.00041470138224985196,0.0006752415418386178,0.045261732061011375,0.05386587736664363,1.3698417400398455e-13
2019-06-18,0.012815730424894218,0.006907007656228309,0.004884546863499163,0.0016273842502960642,0.00036590439332769573,0.0006816961320876851,0.06072806200556391,0.04533571786652949,1.3693213229970524e-13
2019-06-19,0.00984671633320652,0.008481821533865945,0.006914796141715808,0.002532898636446325,0.0016239796259120685,0.0019017646276063773,0.10709505336604927,0.10612909690448644,1.3687662114847399e-13
2019-06-20,0.010684349120968065,0.007325585721180435,0.006340191604654927,0.0010488688459695597,0.0010116915888679337,0.0008686892059562261,0.06257884134235756,0.06748525283829473,1.368904989362818e-13
2019-06-21,0.010496132318439284,0.009632247009975389,0.010446511483397182,0.0026581073653769993,0.002460793608678665,0.001944474775769743,0.06314653446410247,0.08097252492418205,1.3700846013264822e-13
2019-06-24,0.011831237283725864,0.012019111198579614,0.014057492706642725,0.001919177809937972,0.0015505738964795596,0.001169367268098155,0.07652909151745983,0.14466786124220157,1.3711254354120683e-13
2019-06-25,0.010138301430244837,0.010712073182438683,0.011718698283155379,0.002212621719645168,0.0015441389293302903,0.0011614668796673408,0.04943193780189511,0.07945821249417039,1.3715764635158223e-13
2019-06-26,0.016834611519796133,0.01138744996522131,0.015490526885753777,0.0027921548953174294,0.0010148966193903358,0.0018377233840828834,0.08926594899644288,0.09948459239301222,1.373311186991799e-13
2019-06-27,0.014760712078590029,0.01022643668641506,0.012293499993717472,0.0026320211767644763,0.0013223225174340517,0.001124334094461174,0.05595909179271865,0.053636459377767585,1.3728601588880451e-13
2019-06-28,0.014498146259682937,0.009879746809624694,0.010043566989147924,0.0019876902701721627,0.0011679404019413796,0.0009378606493190393,0.08607325827858527,0.07332627494879328,1.3725479086623693e-13
2019-07-01,0.013342709223123462,0.008818235548235983,0.007818166104025763,0.001763304548212788,0.0005762236470621203,0.0009790016514814922,0.07262778798341438,0.046227297454926194,1.371368296698705e-13
2019-07-02,0.0185959670022371,0.010890563991246976,0.010611858730289702,0.0028568718786048317,0.001425044989351965,0.0015033620454793866,0.07875718009501623,0.027756438691014858,1.370847879655912e-13
2019-07-03,0.01741669727626073,0.012165747820649258,0.013643195806677253,0.0031265987509668247,0.0020169612155646124,0.0011629891698072881,0.07785996615887318,0.03430625339324232,1.3701886847350409e-13
2019-07-05,0.011631707784891199,0.010011266055592377,0.009219887760465163,0.0016128267633573265,0.0011757376959125967,0.0011755938902080034,0.06450894860380063,0.0466743465628376,1.37025807367408e-13
2019-07-08,0.01686846016482972,0.014083778980545015,0.020288045664525033,0.002011033156967948,0.0022376178285861813,0.001690022932204464,0.10064857806516145,0.13326202997490383,1.3702927681435995e-13
2019-07-09,0.012135444854891932,0.012439571380158962,0.012256448646475071,0.001654439304424861,0.0007497868073080066,0.0007948993650898995,0.109483733699381,0.06980477341207122,1.3695641842836892e-13
2019-07-10,0.023909626651946927,0.011414139494349534,0.010185028872082749,0.0012169602321535702,0.0004768609275898666,0.0006935863210563118,0.049352192883971656,0.04795875936091101,1.369945823448404e-13
2019-07-11,0.01989127001623381,0.012125608305263514,0.008835549203173351,0.00264965034123206,0.0019994617989447347,0.0017242350534349825,0.061950819038091146,0.05301174712236183,1.3708131851863925e-13
2019-07-12,0.014526749236115064,0.011821324748465131,0.01638594400306249,0.002035137015719883,0.0019100793773798815,0.0016396344521084389,0.09767688254413942,0.09486703538502952,1.3712642132901465e-13
2019-07-15,0.011454432629129324,0.01104195599320718,0.008986263456524823,0.0011240107992343054,0.0006036085928234596,0.0005502916457575381,0.06448973026188928,0.0826702458848537,1.3709519630644706e-13
2019-07-16,0.0239605091728708,0.009851996983171732,0.007700391098364458,0.0014355312685246646,0.0008232563309514757,0.0009389529947248087,0.03474536034395503,0.024980043425525334,1.3705356294302362e-13
2019-07-17,0.021744072895053167,0.009034929584027854,0.008471467182166688,0.001120349738606738,0.0010416077534606866,0.0005800394277848666,0.05405038603433401,0.05487561851189775,1.3702927681435995e-13
2019-07-18,0.022305485936740026,0.011426169962261524,0.010031930164549271,0.003090387320603738,0.0022719170637222307,0.0024953633170065577,0.0987005672477585,0.051437488102282505,1.3707437962473534e-13
2019-07-19,0.020161471140185395,0.010129501866290162,0.007615523753390113,0.001506748881828425,0.0011377247705528643,0.0007632993577317876,0.05570561371177189,0.04347813560081415,1.3713336022291855e-13
2019-07-22,0.015985397287048366,0.0100090857105382,0.010529543186298894,0.0021052701342392788,0.0012001106097055086,0.000694144790478844,0.07390802873129373,0.08764654836543628,1.3711254354120683e-13
2019-07-23,0.009815781172549502,0.009444055744176703,0.006631259695033651,0.0010284162153663956,0.0006325994186975158,0.0007522933286653358,0.0574115604612145,0.08309447770144077,1.3711254354120683e-13
2019-07-24,0.01639696656831537,0.006981623272804322,0.005030685262569043,0.0022292460327412097,0.0010272662871243063,0.0014404889370349813,0.0423725417546925,0.026690009246310653,1.3704662404911971e-13
2019-07-25,0.010002842906615985,0.006211398801006855,0.004557490616304927,0.0016952875661226524,0.0009274229622992493,0.0009650034915161915,0.04168607785262828,0.02322386768856729,1.3703621570826385e-13
2019-07-26,0.015461163411411799,0.006145309003913253,0.008507298078068617,0.001433747713430862,0.0010883859967514096,0.0007770304195223868,0.08690961509858366,0.12198211763417102,1.369876434509365e-13
2019-07-29,0.0074716220134078085,0.004573126542040803,0.006418479696765779,0.0014943137865798609,0.0006161349203166906,0.0009703944697663208,0.04962287485589234,0.12187926117753464,1.37025807367408e-13
2019-07-30,0.011474432562312677,0.00465029734855432,0.005498694596334945,0.0013559127343213337,0.0006035227773706601,0.0006783986778515177,0.036851913525879555,0.037194734737669086,1.3699805179179236e-13
2019-07-31,0.009682735458640488,0.00658971358827961,0.007666673290994931,0.002370565603613199,0.0006104634583618995,0.0006940305856132815,0.03350859498847325,0.0238279580955884,1.3705703238997557e-13
2019-08-01,0.017262848736318698,0.010675498341293665,0.01532246177538139,0.0027747246386700328,0.0016772265311180115,0.0022211092784681246,0.07833842636204766,0.08446797377635645,1.3701192957960018e-13
2019-08-02,0.016350487851867643,0.014737230639813179,0.018548879957770454,0.005887277060757673,0.004071866664525863,0.004515915090457344,0.12161510351811815,0.06022769754110413,1.3714029911682246e-13
2019-08-05,0.024687801624998545,0.014989817475523115,0.016932462589099632,0.00304315125588777,0.0011542753193858797,0.001968633966353444,0.10187082317891356,0.0603350891581373,1.372721381009967e-13
2019-08-06,0.04074674175796704,0.025280460081719653,0.030192282195211428,0.00838800595351305,0.0032772992184823017,0.021846691082590578,0.13003900916742242,0.1283200996551631,1.3759132722057643e-13
2019-08-07,0.015491057691607343,0.02273979168017486,0.016177708766031647,0.0019557954626373553,0.0018500029958992234,0.006244260175831216,0.19808645631469102,0.19019628808810923,1.3753928551629713e-13
2019-08-08,0.021203118208533288,0.02588272126259576,0.017276733384092264,0.0023034208768642206,0.001104448530304036,0.01334471648322277,0.08720545982933843,0.06505214387677916,1.3754275496324908e-13
2019-08-09,0.02652385701756335,0.025181666988136835,0.019698862515616256,0.0034680405211293813,0.0012799327587129045,0.016773013071606585,0.09003878247813847,0.07708355310546233,6.753742703979881e-11
2019-08-12,0.018451936141332118,0.020501546117894336,0.015691309120438146,0.002116676575497904,0.0008822270939873329,0.009836711562569999,0.15598114034791816,0.11310748405825419,6.605637564716105e-11
2019-08-13,0.014204720883548938,0.014796325409637165,0.017164258152549072,0.004353193401707353,0.0029280266311652696,0.00802799526929465,0.12300728803478914,0.08526185060916322,1.3763643003095183e-13
2019-08-14,0.014517253621759835,0.012609238112368092,0.010306494664147382,0.0042123960808129884,0.0018969015212755187,0.004177151004237696,0.16720700611967704,0.12363415659216397,1.3753581606934517e-13
2019-08-15,0.11332835713543506,0.10778603218185219,0.10187171977171246,0.007594247077871076,0.0032712377215030467,0.15434094728163883,0.2055748391069574,0.20215607707422528,5.5882617977509597e-11
2019-08-16,0.03885315942056365,0.03850620406637071,0.03623206525424874,0.002069537935883818,0.001774697871297653,0.06092851247758765,0.18717169832860756,0.1711121594578727,5.5465489839923166e-11
2019-08-19,0.013467026601009341,0.016625300551655772,0.00937490331574537,0.004186272614432218,0.0014239749526705396,0.011303021103252986,0.1233419684345175,0.06060201604441484,5.970015801159967e-11
2019-08-20,0.0474504384113567,0.04382712790932005,0.04159392825838993,0.003633778095235296,0.002332313531597325,0.058635550197373695,0.12222733829027303,0.05323896682612552,6.368525498623434e-11
2019-08-21,0.024673766686872038,0.02268863450328302,0.020633719574839705,0.0027495195795892505,0.0016957871855977386,0.02256177236672514,0.1415618108164291,0.06926963854870605,1.3761214390228815e-13
2019-08-22,0.011326846738925294,0.013800803895967223,0.01076619711578008,0.0020957200687010125,0.001120634521756114,0.00339066548785099,0.11991619751299061,0.08960529430316155,1.3749071325896978e-13
2019-08-23,0.01186912015978813,0.013079064744908265,0.01120805558368176,0.0014191044422085242,0.0010223305334032505,0.001400809758008697,0.08762270477477256,0.05383828933429731,1.3750112159982564e-13
2019-08-26,0.017871833578818778,0.015025314857247913,0.013609968588152024,0.006878696184355479,0.0032480539282507123,0.00568390906284557,0.1644387958251313,0.15288526186703522,1.378550051889249e-13
2019-08-27,0.008940846413203609,0.013557228409925137,0.008585926270815041,0.002457324322269895,0.0008249144419937591,0.002995373635314245,0.21239431620044358,0.17310450546251208,1.377127578638948e-13
2019-08-28,0.00996721328780906,0.010051476010438662,0.010123877314818609,0.002836080958512767,0.002126173777162389,0.002652723053332286,0.11629895229362082,0.04529355414856535,1.3781684127245342e-13
2019-08-29,0.01335239877544632,0.01020721483694838,0.0067631159826807025,0.001522615098477037,0.0006913680916389111,0.0009565236464209959,0.08437580778861256,0.03885295474779525,1.377960245907417e-13
2019-08-30,0.015439766011005562,0.010681016704438212,0.008397221805679107,0.0035039562725676723,0.001114836863916415,0.0021782165473319495,0.09374109500268002,0.039429138527894494,1.3762255224314401e-13
2019-09-03,0.011029496824208403,0.010041065642409048,0.009813584130236547,0.0015825711376803442,0.0007742811418369361,0.0009156469766584748,0.0951159021140693,0.05837643050009578,1.3761214390228815e-13
2019-09-04,0.012253402516499538,0.006512095039093281,0.009689271264055908,0.0029074400910415674,0.0011741262839265524,0.001486181787257785,0.0986029202699519,0.05756478739081746,1.3768847173523113e-13
2019-09-05,0.011001388596798757,0.008309998481829842,0.010380206632747812,0.002851293487689255,0.0015587718878830527,0.00263566011932415,0.12192030706051411,0.09332120204745253,1.3767459394742332e-13
2019-09-06,0.015242051378626994,0.016803912607771594,0.022621991879403044,0.005680365305529678,0.0035406831172669823,0.004104127987148468,0.17718430654581577,0.10627754019430842,1.3740397708517094e-13
2019-09-09,0.011857131830565562,0.015130656167135447,0.014470922972769773,0.0014593555957016363,0.0010116172139220414,0.0008991579930382288,0.19628059250624286,0.11638908115891262,1.373692826156514e-13
2019-09-10,0.01692711145148018,0.017841543863816985,0.020085822615815402,0.0030118716830664985,0.002339295158349949,0.0026757650685504484,0.08904944914646183,0.07693651461816761,1.3735193538089163e-13
2019-09-11,0.012758305076359194,0.018915131327376614,0.022752055249443494,0.003027204230663688,0.0025306749208340454,0.00253303546832438,0.06261020756087983,0.04058032753998074,1.3727560754794865e-13
2019-09-12,0.017545414207324812,0.021080488887838263,0.01571678597402563,0.002713559440186704,0.0008064630343428463,0.0013780269880280618,0.10735318208851348,0.08913993596810152,1.371888713741498e-13
2019-09-13,0.021889130329587843,0.021143976717746777,0.012475797883030843,0.0017180582675130687,0.000920746044189303,0.0011202419264017126,0.04719611314418783,0.040183342982205585,1.3712642132901465e-13
2019-09-16,0.022217578778972864,0.01670996548950456,0.019864786527870902,0.003098158912158859,0.0028420099382729705,0.0025763398502707327,0.13073555048875032,0.1020471793438654,1.3708131851863925e-13
2019-09-17,0.018723278756677265,0.021122671554843948,0.015720061594365904,0.004307679764365684,0.0027440404001030493,0.0028055658017028607,0.19940772197927284,0.1291235983104438,1.3720621860890958e-13
2019-09-18,0.017969308858570555,0.019303051468158368,0.015323424308503914,0.0021132210659516176,0.001086345833458977,0.001319745831912071,0.14380242695747697,0.0627474553098799,1.3711601298815879e-13
2019-09-19,0.017654023005427774,0.019096719183166334,0.012752356866735665,0.0014748373565387496,0.0007596925747178824,0.0008120190610710311,0.07703985738876509,0.03305978131311466,1.371680546924381e-13
2019-09-20,0.020526983349871162,0.01740953841524854,0.010077576885863141,0.0012918699291352004,0.0007371326177999728,0.0008086474078306084,0.04829833423374411,0.027541064297027063,1.3717152413939004e-13
2019-09-23,0.01571750745601587,0.015523782156895307,0.010760733034174758,0.0025377660903888946,0.0022052868941837187,0.0023575811605538967,0.10535284320295726,0.06985820854116813,1.3730683257051624e-13
2019-09-24,0.018556353946913552,0.01447135506450474,0.007754307887179936,0.0007488457659757738,0.0005164617306018753,0.000428362455244869,0.08277013460244968,0.06804767836212691,1.3735887427479554e-13
2019-09-25,0.025165522303007025,0.016184749379992498,0.013622938670928226,0.003515957176649931,0.0018956421081945183,0.002875552176194596,0.07619800424148038,0.06986244776025478,1.3748724381201782e-13
2019-09-26,0.025575623121827852,0.009419692611792617,0.011958328737480404,0.0034428392145242695,0.0026759334201080227,0.002570303460021121,0.14918941570730643,0.08737838342077567,1.3728948533575647e-13
2019-09-27,0.011702714959064803,0.012252750775841294,0.00938156568221948,0.0017377270774243114,0.0008138567939851229,0.001132271928799292,0.09354897888410099,0.09524295798681905,1.3733458814613186e-13
2019-09-30,0.021487004746830997,0.013206409695445422,0.010549133912311553,0.0018852426285034946,0.0008699817692104626,0.001316413685223516,0.07608021039003653,0.061349090819232954,1.3735887427479554e-13
2019-10-01,0.024060111721162954,0.011469860445645366,0.008663931209699754,0.0022362468484107556,0.0014267753992803496,0.00106321306225806,0.08634591894666092,0.049635582126484404,1.3724091307842912e-13
2019-10-02,0.019968035513956227,0.012106029422399044,0.011030973333654773,0.003158891037012619,0.000899174797315538,0.001864998396139113,0.11769377836441672,0.06484569584783115,1.3740397708517094e-13
2019-10-03,0.018747490682412223,0.015552599605039394,0.018290189807505814,0.0036140403603914725,0.0014630018675137325,0.0029710713624686302,0.0920459942309793,0.06123793583731858,1.3758091887972057e-13
2019-10-04,0.019398770822386738,0.015102380825164846,0.011980709587052812,0.0017091514929268928,0.0015019345997280724,0.0013738590294988863,0.09113931319576883,0.11784940560674995,1.3749071325896978e-13
2019-10-07,0.015072368095809807,0.013718194281200186,0.010278909008987537,0.0017123629365814255,0.0014170391208047,0.0018078219719322134,0.05445856672035149,0.041718664408521317,1.3745601878945024e-13
2019-10-08,0.01921783224736953,0.010226832785318218,0.00812912327132764,0.0012083804019876326,0.0013961200982000217,0.0010384232253587316,0.07694959127850784,0.10277451113180432,1.3740050763821898e-13
2019-10-09,0.015356643906343956,0.01276836091390535,0.014615725498170373,0.0032174759940715378,0.0010592389255253284,0.0022744290190506015,0.11534477296542875,0.05999626883553322,1.3759826611448034e-13
2019-10-10,0.012173366896709841,0.010092971833429155,0.008412124668092566,0.0018523418474639536,0.0008445693868305122,0.001769701033972049,0.09639932592962515,0.10759558678661096,1.375566327510569e-13
2019-10-11,0.01489595304873513,0.009668287385198062,0.012429170380004642,0.0032465300928993523,0.0023648711211042284,0.0029431729676738802,0.0912625643334598,0.06384137510459535,1.3737969095650726e-13
2019-10-14,0.014395761445717855,0.012612946013620657,0.013762676382391984,0.004511150018668059,0.0020911869568864252,0.0034625102190250986,0.07521250942791707,0.06164884775657633,1.3728601588880451e-13
2019-10-15,0.014722081125922803,0.009698417952698662,0.007907554619366073,0.0015149950176577345,0.0010776816931581854,0.0011257708989444366,0.10209239467055316,0.09629912905446911,1.3732764925222796e-13
2019-10-16,0.011404590675654927,0.012515571133275755,0.010807890013104534,0.0035406677724634517,0.001814550038561347,0.0026474913055177665,0.11181846604774556,0.08725609639172063,1.3715764635158223e-13
2019-10-17,0.015569511327166571,0.011095112659788103,0.007372551090824166,0.0007309514618041094,0.0005592338954604277,0.0006318437879392379,0.05978424096888415,0.07345243731247467,1.3717152413939004e-13
2019-10-18,0.015259112207797404,0.009857500285665389,0.006558604807170791,0.0011846076045478118,0.0005086821718447328,0.0007361739914542322,0.049681196063011225,0.022801297530118295,1.371229518820627e-13
2019-10-21,0.021389939477463944,0.006110227115974951,0.007087540372405253,0.0015522483305649912,0.0003784715217284209,0.0009656245332537956,0.040317615697664844,0.052398803622160504,1.3717152413939004e-13
2019-10-22,0.010564828254654468,0.006860728890632483,0.005532088489991866,0.002756986617484608,0.0012060275276131768,0.0017140158186406758,0.08128429798518937,0.04100951818331998,1.3706050183692753e-13
2019-10-23,0.020164507142308746,0.00562232919018595,0.0061669129500635834,0.0013706585062878487,0.0008239983583715885,0.001102622404822608,0.07326753933932276,0.041244222267858635,1.371298907759666e-13
2019-10-24,0.01609228184774235,0.004966399881452169,0.0045266165839432364,0.0010713897322123453,0.0006142980046491548,0.0007191041522659562,0.023805478237926704,0.0200441649114447,1.371368296698705e-13
2019-10-25,0.01423872560696599,0.004481123687535744,0.004605661241644709,0.0013866045845262118,0.0009032004963163756,0.000897278626222624,0.018622625826399113,0.009630110172368237,1.3712642132901465e-13
2019-10-28,0.012187862269899786,0.006559518077732864,0.006404085462361461,0.001999140843351156,0.0008349208768756125,0.0014128713652450404,0.027919548426463475,0.02897439883335138,1.3713336022291855e-13
2019-10-29,0.01355535574279752,0.009617794616783202,0.008154550783410059,0.002872592608140115,0.0015582708211013467,0.0018226843432120813,0.0545519126828735,0.03358220470773886,1.3700499068569627e-13
2019-10-30,0.012338054081890848,0.007938523324708822,0.006611635187412713,0.0013479082475530146,0.000605428886488554,0.0008688673764577555,0.056424054703226104,0.0359522009197133,1.370327462613119e-13
2019-10-31,0.020308616945131024,0.009422422908949606,0.0058974407986689325,0.0017031145636743489,0.0018479800734223929,0.0016995570414102684,0.0662221371212534,0.04288891366699596,1.3700152123874432e-13
2019-11-01,0.014267551945695595,0.011290792412806049,0.01046038422191444,0.002804398016856967,0.0022499516002568907,0.002617175740465029,0.05325578321200676,0.035342507406755486,1.3712642132901465e-13
2019-11-04,0.007758221515826955,0.009100869932533933,0.007773800147524927,0.003170048089063744,0.0012739434175069089,0.0022611443617008673,0.07049416065552896,0.06187441603557233,1.3705356294302362e-13
2019-11-05,0.02248746132517922,0.0098492218474275,0.010354154974182872,0.0029537453128886393,0.001829440686369445,0.0025203241198080836,0.06746542365238954,0.07444256485326817,1.369807045570326e-13
2019-11-06,0.015402951700934902,0.013515398122884067,0.01890362167931301,0.0029216559933473163,0.0021642008272144304,0.0016185803033924259,0.07177042534683144,0.05829788850296687,1.3703621570826385e-13
2019-11-07,0.015597719251040938,0.013122793918697414,0.012840295128713269,0.0018693689570343577,0.0012765196023051713,0.001673142862854355,0.0974227629675119,0.0869604528806251,1.3698417400398455e-13
2019-11-08,0.016606728907310433,0.013230189521299101,0.01707402153351495,0.0035535974629915187,0.002904153391736245,0.0027569814430721323,0.13640637799586167,0.09765652524487146,1.3695641842836892e-13
2019-11-11,0.013346858975328621,0.013124514415805347,0.011350945164830487,0.0015366046162865188,0.0008453863320197544,0.0009428679255384546,0.11326955386335524,0.08316620362730734,1.3690437672408962e-13
2019-11-12,0.02021758972085414,0.012279597928199262,0.008870257158475094,0.0009951916196603086,0.0004702339390841957,0.0005930136946363635,0.04098404621282596,0.026061703656223074,1.3688009059542594e-13
2019-11-13,0.013487459315541614,0.0098603678416223,0.007729370292069407,0.0011858906766810534,0.0005636738128281026,0.0005635517147605906,0.029614806090654516,0.030668506053166178,1.3689396838323376e-13
2019-11-14,0.014639029316490476,0.00894802056400254,0.006927089480961259,0.0017735496527965036,0.0009219420995624977,0.000905869735198605,0.032560203991843166,0.016378976462595802,1.3684192667895445e-13
2019-11-15,0.009912238295653585,0.008468333339290623,0.00751296182339786,0.0017723245602406235,0.0015322504969124066,0.0016536096212179181,0.04679709576795576,0.046826594435817645,1.3687662114847399e-13
2019-11-18,0.01285425872171013,0.007746401892483545,0.006136145617110296,0.0016056186508562748,0.0006464112484471322,0.001312207597730389,0.05739474064914037,0.04402098525234895,1.368835600423779e-13
2019-11-19,0.012898649966369666,0.009452999358993786,0.008174010946690635,0.0012916379074907405,0.0006028865486586342,0.0008569916703635978,0.043124574588762614,0.039651423946998735,1.368523350198103e-13
2019-11-20,0.012633071141551905,0.010030184746250115,0.011245180156290769,0.0014034357838566061,0.0010379271730104156,0.0014910857472982767,0.030745285435187387,0.015129248959897998,1.36800293315531e-13
2019-11-21,0.01933056654192598,0.011612128543169582,0.008992186955653413,0.0023414418880299895,0.0015386879260868504,0.002007465919865327,0.07507991763688607,0.03053666684760432,1.368904989362818e-13
2019-11-22,0.013029637329264585,0.009408265833360288,0.007247498026125872,0.0016320800406775388,0.001113062582854497,0.0009826377573316433,0.06230960450450988,0.04755777270061399,1.3688009059542594e-13
2019-11-25,0.013186680354666826,0.008754034949561418,0.006063230621412299,0.000905637859507237,0.0005046265850890957,0.0007055388157909131,0.048609195301807816,0.0543616953907103,1.3688009059542594e-13
2019-11-26,0.015716932466516603,0.007873387814520122,0.0064981702654660495,0.0025712582285650765,0.0009453866553526394,0.0011507724727583609,0.052813847977890606,0.051101273176453244,1.367933544216271e-13
2019-11-27,0.013244363810636336,0.007986914924788785,0.006051700917525939,0.0014549395887997682,0.0008929132049456546,0.0005673035706268488,0.03217410399122601,0.03904853684689723,1.3681070165638687e-13
2019-11-29,0.0136813573797132,0.00609910073695443,0.005333545561396579,0.00175626965255668,0.0008942320102814378,0.0011944050760950911,0.0415011337545972,0.025010148376712633,1.366892710130685e-13
2019-12-02,0.012891716599660338,0.00794779607598733,0.012718282454656015,0.0023553633503185095,0.0011487913594897085,0.0010744016429138194,0.07562019660323263,0.0792595851083224,1.3667192377830872e-13
2019-12-03,0.01499371004631309,0.007464211195004696,0.010899611378103883,0.0022351037673352114,0.0016670940074192098,0.0016653748889327146,0.09003043999878262,0.04789374537038339,1.3677253773991538e-13
2019-12-04,0.017259046402050622,0.008532147250913854,0.00985383084300826,0.0035469096449516208,0.0029347127930351214,0.003494376112485409,0.14753279454241425,0.09706241088007077,1.3689396838323376e-13
2019-12-05,0.01754437968515793,0.0071978760658757395,0.0062273081042713285,0.0025461320290610656,0.001449785499150174,0.0023686650755030975,0.08261542832205647,0.05672065830635471,1.3683498778505054e-13
2019-12-06,0.013451138533234383,0.006500257402055639,0.0048216669837869,0.0009487161301532307,0.0006874620714003403,0.0009842857884512723,0.06523008534461724,0.04440513531371036,1.368315183380986e-13
2019-12-09,0.01590916322972811,0.0068001738931941415,0.005188447396088669,0.0028459673269986066,0.0013574940819495822,0.0019248939820435793,0.09193312953376351,0.055220004847939944,1.3678988497467515e-13
2019-12-10,0.015447078558155853,0.006867523162740692,0.004478413090930633,0.0010247860977319403,0.00029184392684220494,0.0006087260812865644,0.04564935785487143,0.053167317977633945,1.367864155277232e-13
2019-12-11,0.015642250213114918,0.006305634730581221,0.004564645768771971,0.0009641386492578383,0.00045198021188489645,0.0006372524509488178,0.04083109834140504,0.05997512161777553,1.3681764055029078e-13
2019-12-12,0.01761574674538571,0.00604728187532121,0.005125762008115002,0.0021470434096788546,0.0013433575342393536,0.0008890422345334871,0.04772367119276695,0.049893150061501954,1.368453961259064e-13
2019-12-13,0.023535312837340613,0.009800286865474598,0.01317382290581213,0.004316774888542936,0.00234588463919722,0.0033761407535486997,0.09470241686193252,0.060959828939053586,1.3690784617104157e-13
2019-12-16,0.011844384622169893,0.007411656019348134,0.007578804004265765,0.001643985478821823,0.001661741415280385,0.0014388588986470982,0.1306802168923901,0.07153268403659459,1.368835600423779e-13
2019-12-17,0.01953058667488918,0.008731933487361945,0.00779633416697791,0.0026616981176742285,0.00137196121726022,0.0023218438324408234,0.07519792090509156,0.038095649623250474,1.368835600423779e-13
2019-12-18,0.014859878153171802,0.008831530620710145,0.00617754834228105,0.0016755575871453404,0.00036416876989080096,0.0007206438426843249,0.041619666250349796,0.042385297378588364,1.3686274336066617e-13
2019-12-19,0.013926285282631661,0.00891275722315425,0.005433666983403179,0.0015028523137425448,0.0009322416910285649,0.0011611773892850588,0.04560484056996751,0.022376603050516718,1.3693213229970524e-13
2019-12-20,0.012884720549556607,0.007368410186306032,0.004103603342763239,0.001147476868682079,0.0005207787185219372,0.000723369527840025,0.0428509463211927,0.022400654473182922,1.3687315170152203e-13
2019-12-23,0.0172572405217176,0.006040004018205126,0.004961389037013435,0.0008429836854306066,0.0003257055782731662,0.0007089926845941295,0.02128491103941301,0.03344445788914169,1.368835600423779e-13
2019-12-24,0.01648373742009691,0.004773092612020832,0.004642194913526342,0.0007658557020854967,0.0003324421630601109,0.00043622210126451446,0.027298002036113222,0.030579815678853824,1.3687315170152203e-13
2019-12-26,0.01143953031542108,0.0044470916013568335,0.004760808745210565,0.00102000797673122,0.0008393821540944684,0.00041633275302889477,0.023406910535646367,0.015617380023358515,1.3690437672408962e-13
2019-12-27,0.012881422240919213,0.004907179016360812,0.005276268309369674,0.0012289781834375485,0.000931971280509487,0.0008722816360843581,0.023368663290635545,0.03637412575814695,1.3691131561799352e-13
2019-12-30,0.014605934627278749,0.005454415309674916,0.004938631933944002,0.000841571388982422,0.00032395729719402567,0.00046605833751895575,0.01883497753282738,0.04915802341479819,1.3697723511008064e-13
2019-12-31,0.011049012038698939,0.0076355788621580755,0.007159413732466828,0.0014248408545833244,0.000648160083460587,0.0010076129652700793,0.042998165479553783,0.049660164691057704,1.3694947953446501e-13
2020-01-02,0.020853184500532508,0.005266794572696878,0.005273236283650845,0.0019464166347644071,0.0014390851162414608,0.0015785640944391385,0.07369324734042362,0.03794510929841497,1.3692519340580134e-13
2020-01-03,0.009082693039841652,0.005950408512304184,0.006425818726812202,0.003061214805226642,0.0017440540573026345,0.0017125505170581875,0.08381675831182658,0.08162525119788952,1.369945823448404e-13
2020-01-06,0.02064301840900722,0.008050702605332461,0.012674302363263215,0.004562478297736969,0.0025559843237303436,0.0027608814203113202,0.09595690133383737,0.06580650357448527,1.3701539902655213e-13
2020-01-07,0.012093603327772737,0.006640163329996179,0.007686288776780516,0.0016731555870989276,0.0010427737723999186,0.0011015255100385918,0.0653565552251448,0.06910782626161663,1.370847879655912e-13
2020-01-08,0.0208716877658058,0.005879213549553465,0.007143653298046548,0.0011556875291918317,0.0007282690751688248,0.0005715940053054509,0.040037132481766165,0.035887708426400086,1.369876434509365e-13
2020-01-09,0.014731780442168602,0.006064809083333797,0.00824205281313357,0.0025832303596658307,0.0014862651607737694,0.0016559186943315995,0.06785254045280201,0.03711870038178105,1.3700152123874432e-13
2020-01-10,0.010912468110227664,0.006328581337569887,0.005890300658416668,0.0016363529553975742,0.0010047073688288662,0.001102539813372207,0.05027292523160002,0.04063076866741674,1.3697723511008064e-13
2020-01-13,0.010158346014162056,0.005605099081955739,0.003971124849396558,0.0018881382287961879,0.001183410158848711,0.0011690182449848273,0.038293336546462296,0.03549178340031405,1.3701886847350409e-13
2020-01-14,0.017838357616299667,0.007053037913177118,0.006539007008956374,0.0032934728245403652,0.001050561273771524,0.0014620716309089482,0.09682198343124243,0.03510251341039759,1.3690784617104157e-13
2020-01-15,0.016383902048711346,0.005368650293729721,0.004123523828940963,0.001388301090081652,0.0007421474093278126,0.0008623488683097492,0.056300006828768435,0.04946211116114787,1.3690090727713766e-13
2020-01-16,0.01156181359004541,0.005514087151978488,0.004463861519601051,0.0017464534967885498,0.0010462263496973166,0.0008392291787430201,0.028188821266888247,0.028775772654020048,1.3690090727713766e-13
2020-01-17,0.008938673859339458,0.006365917747312655,0.004636850940460029,0.002308831133127305,0.000659298466648839,0.001440014420216471,0.03989944441666469,0.013247555476452923,1.3680723220943491e-13
2020-01-21,0.011206026098572883,0.005925573475031999,0.004513590932844697,0.001419343776942368,0.0008796153974778839,0.0010257378034730041,0.042036220974739566,0.026970166190697042,1.368384572320025e-13
2020-01-22,0.009946647507587359,0.007852546107843614,0.010337661789852324,0.0033716696294142437,0.0014468319819624204,0.0019660514250203973,0.05821971120054541,0.05434116264797663,1.3682804889114664e-13
2020-01-23,0.012473160263116685,0.008761537734526498,0.009610849433968552,0.0017000879340910088,0.0005760001353363209,0.0008216656695146727,0.06174819121281026,0.046022278926057196,1.367482516112517e-13
2020-01-24,0.013234500859517124,0.009882406156603034,0.011065231421514058,0.002107499745116162,0.0010060956473604567,0.0013253793755499464,0.028599327768308293,0.02427711935157857,1.3675865995210756e-13
2020-01-27,0.01745255940325625,0.012622477520699792,0.015954956291954644,0.0028986939512946064,0.0015618171451774947,0.0026943924433060983,0.04718900157249245,0.05653362430683605,1.366892710130685e-13
2020-01-28,0.019305365999002372,0.017455781043734797,0.023990908314866655,0.0059401498544296855,0.0025766426266863158,0.004545637546397478,0.13475003192857615,0.08608510767389177,1.3669274046002045e-13
2020-01-29,0.017364057660959394,0.016766269358125904,0.013676457347727614,0.0030628013169274673,0.0016321923317882913,0.002977327688490843,0.1556077201495307,0.13650648072343968,1.3667886267221263e-13
2020-01-30,0.020314175769784358,0.01657041443925017,0.010098995603128644,0.001872327944405186,0.0014495738094147993,0.0015269489527078223,0.07159299913374056,0.045734890989625,1.3669274046002045e-13
2020-01-31,0.018185485286800845,0.015266255022107494,0.010053541107465761,0.0017771493082756953,0.0003610154275849013,0.0005807965526870176,0.06643861751445959,0.02293746273323838,1.3667886267221263e-13
2020-02-03,0.016235954809984236,0.016447401689233337,0.019552417562418108,0.004832547012447196,0.0018016445463494037,0.0034833824888315782,0.0818787126574893,0.10610990124689423,1.3676906829296342e-13
2020-02-04,0.014659639823252055,0.014132614300351832,0.013144503172678545,0.0032498522208730327,0.0011066238880274673,0.001781883378140067,0.19448370468261442,0.10913696478855286,1.366441682026931e-13
2020-02-05,0.01578685504090984,0.01368574390434612,0.012330195323135777,0.005522807186086484,0.002454904022102204,0.0040546730802742004,0.14455329826428598,0.08706159620807814,1.3652620700632667e-13
2020-02-06,0.013226885795078145,0.014312170798214474,0.01143135504780433,0.0030187359818354548,0.0015489783844397946,0.0027562932858191287,0.11728264632844225,0.06781536611850317,1.365157986654708e-13
2020-02-07,0.010520646162559787,0.014086626399810547,0.008128428797490785,0.0011273274065011288,0.0009142994414589546,0.0009774841377856373,0.06822852115211915,0.04616346553487432,1.3652967645327863e-13
2020-02-10,0.017204580241377165,0.010578797873048596,0.008828670147241879,0.003041024529996793,0.0016592440078484864,0.0023180331390841107,0.08863961974091032,0.05709845090965795,1.3659559594536574e-13
2020-02-11,0.008919416618838319,0.010348957341418524,0.006703736872845728,0.0018882530007501772,0.0008859782801591195,0.00109884165116569,0.1507541642309718,0.059843363365348956,1.364637569611915e-13
2020-02-12,0.013726480861622004,0.010929678386578786,0.00563022264281774,0.002171884686847779,0.0008257861561207117,0.0009538912326452865,0.035428312744699854,0.03799235936335691,1.3647416530204737e-13
2020-02-13,0.013267333032780312,0.011479026346684407,0.005726440784117393,0.0024595815506110175,0.0010409573567587414,0.002014645085451623,0.04219446110339455,0.027799149472616087,1.3646028751423955e-13
2020-02-14,0.009062110096995684,0.008703563522956155,0.005763199245970646,0.0018270401531261249,0.0006556892266786991,0.0005499672091350566,0.03938158195134407,0.03317641232323092,1.3647416530204737e-13
2020-02-18,0.012528667640127533,0.007262275851077788,0.004653665775607869,0.0012903326332220147,0.00078555775370098,0.0006499920501916196,0.025216135084511336,0.03419736992401045,1.364568180672876e-13
2020-02-19,0.009844732602139066,0.00742891056884951,0.006406332477056774,0.0021974468033347863,0.0014626084264980105,0.0011600370096434003,0.034182503186898736,0.02560208768542448,1.365088597715669e-13
2020-02-20,0.013231444842325102,0.008863662310562435,0.008343940233646274,0.0022836981135778284,0.0009466822541629304,0.0012949196840556629,0.049152409002195245,0.023970489438089233,1.365157986654708e-13
2020-02-21,0.01414989870719494,0.0082183146211935,0.010859604149271767,0.0030841649971781043,0.001208266199050023,0.0015155267354070797,0.053786304863573255,0.03427697924061968,1.3653661534718253e-13
2020-02-24,0.015165832433497228,0.0120252909675562,0.016004790265663073,0.0036102817226621037,0.001958745735662816,0.002566053978528091,0.12217418110759928,0.0502303979544366,1.3661641262707747e-13
2020-02-25,0.1923750545027597,0.18170588070797739,0.17510378138102278,0.008706440216204252,0.002988793562117588,0.295094728766194,0.15526861252463312,0.17431788663812106,7.479530189646866e-11
2020-02-26,0.07442409849915109,0.07854118947655539,0.0789283651830704,0.0058144993930320035,0.003111452213102759,0.2508346676227128,0.09690324973167924,0.06658306361231521,6.849741260306352e-11
2020-02-27,0.011238166102441282,0.010442856549284205,0.011756546993309575,0.002678743429139839,0.0011453843854208508,0.022180722579793154,0.1593627011992187,0.14286552437105202,6.81139485092519e-11
2020-02-28,0.013135835222170864,0.01173740360134833,0.013004175576572671,0.00924267374848809,0.003456816142917798,0.02270430848191527,0.24266018316176519,0.31580829033996605,5.693309365617516e-11
2020-03-02,0.009885007947930912,0.017036124512907685,0.012925638172011903,0.006466281917510405,0.004199259248694872,0.004153384685164693,0.16310223466159418,0.28950157843465013,5.339862579889498e-11
2020-03-03,0.010956185572444932,0.008932577166459177,0.011106351309158883,0.008065527201988304,0.0031562870958286695,0.00587292012021123,0.3557023878881087,0.22415818050232644,6.142351210991492e-11
2020-03-04,0.00894576946125433,0.010082976787568155,0.011465513638127362,0.007103494951450344,0.004290569303255778,0.004331648494548916,0.3560326903539607,0.20538934337282422,5.488379889451167e-11
2020-03-05,0.011818218565884298,0.00799293223999175,0.009477345262206968,0.007900454498669225,0.002445086300465103,0.0033648561904979753,0.2829956496958039,0.23901027803104258,6.323621487558384e-11
2020-03-06,0.012327359636053817,0.010583383091239445,0.011924314272220132,0.008392505153324223,0.004333756399856843,0.0038709781918199087,0.22898451398988126,0.30775928052248547,5.386551274466633e-11
2020-03-09,0.008660645399230896,0.010653428103858765,0.010953967056821558,0.00807955835497292,0.005794116736751412,0.0039452938097403675,0.1475354395405233,0.0999287757595543,4.634009842519049e-11
2020-03-10,0.014019031388261285,0.01379027963575311,0.013488906746107204,0.018386510966136728,0.009483046645525305,0.009366573671276752,0.4228565253043648,0.6005097300391778,3.20565414491103e-11
2020-03-11,0.011203536692862412,0.010772976731781198,0.009821099917896528,0.014890416428175499,0.008426371571484074,0.007748488467010298,0.6235345319792855,0.43406630341829355,4.355664440236495e-11
2020-03-12,0.011215681668442303,0.009109862077417553,0.009747158257345633,0.008270518979185362,0.00682745146380115,0.004225839536245446,0.4288574274802269,0.5079222985242258,3.746744928201373e-11
2020-03-13,0.014266516255742146,0.022116468874136413,0.01568804658881893,0.01995830919605559,0.010848599836531914,0.010156307082467975,0.16583272247181696,0.16361252183693073,2.4850774216211846e-11
2020-03-16,0.013536550946998276,0.019557448203172362,0.016436963881859074,0.01751314615640557,0.008481610986831263,0.008663809082037018,0.5642410982818677,0.844777812088411,3.5645687790353264e-11
2020-03-17,0.017034639510127965,0.02835748929906392,0.028891468052726278,0.03207563406716688,0.011843082681261205,0.013733737869218643,0.47973270057949335,0.868600363361127,1.700034210627699e-11
2020-03-18,0.01031273912995645,0.010967589696773217,0.01303196841543285,0.019495793619002166,0.010614161820776468,0.009778155885562804,0.4646413724197484,0.5067226803711685,2.5423729094198322e-11
2020-03-19,0.012435093064420118,0.013384823032282134,0.01538039416909313,0.010236831185717762,0.009993130819123388,0.004919674387078896,0.34604472528431884,0.4725129886444111,2.1084044232733135e-11
2020-03-20,0.006983259415563404,0.009954228413664685,0.010695959574446842,0.008334491622494292,0.006205659549358592,0.0037457538054004916,0.41063575120235607,0.7018791254450842,2.2303086461006316e-11
2020-03-23,0.00796616555286902,0.009599736159829455,0.008628128974282485,0.013833938271061575,0.009406779774467723,0.007915651197445878,0.3346581829681959,0.42324888222766066,1.696795134953355e-11
2020-03-24,0.009700854094008737,0.010176678926729707,0.009637716476281444,0.013627343672199527,0.009817095036325489,0.004369656163594593,0.18084926604436,0.4953579458791181,1.3008327054420121e-11
2020-03-25,0.012600341789683046,0.022014668512496578,0.0220089744841706,0.015965501077567466,0.009195792040948461,0.00809159560508901,0.412033953288077,0.4863392254587757,1.8481497582323314e-11
2020-03-26,0.007409131770801146,0.006379376235598278,0.01587682062849407,0.008703321775535601,0.005489189179884309,0.0037720046015000267,0.15567077478860344,0.287077704626407,2.0626254176869807e-11
2020-03-27,0.010658023978751515,0.008728921589038017,0.011507109528375751,0.011690029120885771,0.0048299114808230716,0.004414663312347272,0.17809459680742332,0.21695379567132528,2.5544979326275197e-11
2020-03-30,0.009067641852383918,0.007297704046000704,0.018388508072552934,0.010063864164995842,0.0033054955248088187,0.0033821528410752097,0.2539007120782538,0.5421280899048877,2.1507587377733728e-11
2020-03-31,0.00739887360615496,0.006193009019442003,0.008468860512445888,0.0054602807550337765,0.0026236830249496915,0.0027525730855221878,0.20632040144904623,0.4619591388321318,2.3823172601300513e-11
2020-04-01,0.009062836596312695,0.007277586663385375,0.008888034685775582,0.003739573153121366,0.0030591934920596235,0.0016094196405818644,0.2654316212228015,0.5107534453750178,2.3753120997893618e-11
2020-04-02,0.011931188969368539,0.008911393365379803,0.012142966942159543,0.011399536847553862,0.00522162020157945,0.005140406267783047,0.4159642740278244,0.5598141598540842,1.8229653897527953e-11
2020-04-03,0.007377741453874073,0.005246117259502324,0.007336251703275528,0.004212178562063955,0.0026085848092270115,0.0020439291914555718,0.48894496421462597,0.6338596535694198,1.921346762245868e-11
2020-04-06,0.00811186196628325,0.00625061260935042,0.009000289507934325,0.006093071447415756,0.002245148716099625,0.0018561400588188014,0.3492453323430247,0.3538066562311066,1.7569279364693102e-11
2020-04-07,0.011062976708485195,0.008864638995632071,0.012128441372503329,0.013117170434275724,0.0060841517760718234,0.0064707369089535335,0.44282666589112313,0.4750900211012835,2.2779077235579592e-11
2020-04-08,0.005803486196500107,0.004693568787487107,0.004540062867789454,0.0021174391499305736,0.0015155893192551648,0.0012854239030138442,0.1641466244863889,0.30651135905209126,2.3815855537678843e-11
2020-04-09,0.007584282292107017,0.0065259469876887966,0.008993718536616775,0.00877291002230434,0.003737358706187089,0.0030267578257744078,0.11366830933175973,0.2909094318637754,2.7811381669851087e-11
2020-04-13,0.008400862427421274,0.008010337491268806,0.010305870280033446,0.010084766973420048,0.007433057134446519,0.004375909539822382,0.0896815814166812,0.3261415679922397,2.920723732313668e-11
2020-04-14,0.009094530339852667,0.007886840294293406,0.009101137361338914,0.006405347663781542,0.0027348930943461897,0.0017876348187436137,0.30291005427304063,0.5245095715754987,2.7321919032763375e-11
2020-04-15,0.008212420882103205,0.007290468967453695,0.008943286259405495,0.006670767435320815,0.0020513748654609953,0.0028385125103808483,0.2681672198615853,0.41675140504256836,3.054371339183959e-11
2020-04-16,0.011556335457685427,0.009731464340773866,0.009729199732963243,0.008254196103377832,0.0037454531263942216,0.003284426884579654,0.49487136136598064,0.4552481081854588,2.5554443977560126e-11
2020-04-17,0.006240573292439594,0.006069916007009582,0.006669850798041188,0.002952102875518177,0.0015119117384339421,0.0011224491269736104,0.27622709194620154,0.457432864103749,2.5215548399293297e-11
2020-04-20,0.010484600554655023,0.00833973548444847,0.01027018340473779,0.007727455907442671,0.002642693199550089,0.001510762060262272,0.2189307866124613,0.2457644478865591,2.945102842155656e-11
2020-04-21,0.009676197271093498,0.007286381028924355,0.00948480524368682,0.004545783403230766,0.002418819002062655,0.002018547919389324,0.41496943207357556,0.3368039879940957,2.657522812921087e-11
2020-04-22,0.009038913152848368,0.007866365639795161,0.010923847993063073,0.006558356393763946,0.004163522209379553,0.004257486854129128,0.1914138465628116,0.21975676714066233,2.3562828771472866e-11
2020-04-23,0.007437177237446508,0.006635854362358975,0.008098419437351245,0.00457607390330711,0.0030694471857467547,0.0027656522236843527,0.36647290519250475,0.3985125060993736,2.5757600913278722e-11
2020-04-24,0.006999189253160998,0.005340963347970474,0.006562341623292997,0.002180698486182589,0.0012388732136488691,0.00045293711962880864,0.20387687379414113,0.12171468869361232,2.4991536617946508e-11
2020-04-27,0.009260969192076465,0.007667255375080272,0.009089358788765614,0.003942440351305296,0.0013053740019434781,0.0011202838935525795,0.2179533995840835,0.10978686816087849,2.601766024845631e-11
2020-04-28,0.01038085322349466,0.011053479803081178,0.012134625140150703,0.007578091981258021,0.002982700945072997,0.002017830620294447,0.1732332276423423,0.1328922193691448,3.01591564222381e-11
2020-04-29,0.01007812204769746,0.0100111729541142,0.009816418344861714,0.003012047133116383,0.0016348739449385617,0.0017888977720962452,0.22392399448339156,0.14604051455657002,2.998403261789129e-11
2020-04-30,0.008272640845103539,0.010510876630099756,0.009358059026263799,0.005925759446890631,0.0030783641813390506,0.003407066334325666,0.23024433350794524,0.14079898456351,3.3720529840630675e-11
2020-05-01,0.011947629568028603,0.010742959558744044,0.011679446695287195,0.005179350089143692,0.0026148557183351432,0.0012251092085197393,0.29490333657175444,0.28560584218897545,3.239832360724115e-11
2020-05-04,0.013060782902299797,0.008190991149691445,0.01024568419407452,0.007140766474376621,0.0027430381709105628,0.002766785254706733,0.24345197861668472,0.16292428493355962,2.7699207511000523e-11
2020-05-05,0.00925433485230263,0.00548833400161419,0.006906196955883607,0.0022891484352984756,0.0010336644103882014,0.0010849870403086773,0.19646843011498666,0.3412820469600176,2.8162402965214994e-11
2020-05-06,0.0072959154442162975,0.0061110811263968496,0.007692818895309142,0.0027483138455459896,0.001981308498379423,0.0017199922333447416,0.10922368277176482,0.06305433074233717,2.9072005219843433e-11
2020-05-07,0.0101840442373751,0.007039701291656401,0.011213750456997126,0.0028755589520163896,0.0029110371938912433,0.0014588714981660332,0.19433729542220712,0.2481683420563466,2.948180588546734e-11
2020-05-08,0.00750207992846263,0.006043516058673271,0.006481476250168159,0.0021947734402661123,0.00258087123218484,0.0014120815997747463,0.14731260558070366,0.26081075326615444,2.979887864240638e-11
2020-05-11,0.008362753780765148,0.0092804501493382,0.011051989043652875,0.006049545525273467,0.0023859696596373907,0.0021218396395027293,0.1731317776650499,0.16562514888353705,3.371121437556468e-11
2020-05-12,0.008075582808729623,0.009777275495189452,0.010830267070287015,0.0022260656086575403,0.0017688945868557023,0.0013212340371768826,0.20482115566021078,0.11820446390273812,3.3847421393451427e-11
2020-05-13,0.012554879623522858,0.010337712290342537,0.01320735762163738,0.007113415626043694,0.0020726720651774427,0.002131035682879057,0.4941822858157689,0.1216790792496513,2.956701897205427e-11
2020-05-14,0.009933716877710497,0.00962831062362178,0.012564822111121855,0.005010085222794905,0.0016668675278947505,0.0015521729773255847,0.10034151360069983,0.05076702584746495,2.6975841699306002e-11
2020-05-15,0.00848438517749534,0.008196771286374879,0.00923465278755122,0.002836196253569387,0.00232209333053125,0.0013788344468137915,0.17858994080223162,0.18487917613388527,2.664544626607146e-11
2020-05-18,0.008640240517890141,0.009455448156129226,0.006877981136623745,0.0026855596966090106,0.0011187703196009363,0.0010009893803040466,0.09921566862018548,0.047361675294884484,2.6505554695521738e-11
2020-05-19,0.011444267045541407,0.011471255086695276,0.012456411606562771,0.010281827323984333,0.003783594138275298,0.004815638356524405,0.3038822250368329,0.2447101081125398,3.314026136846948e-11
2020-05-20,0.009651050228605584,0.008430244411260224,0.009018375326727992,0.0036426155667994703,0.001065636438568576,0.0010061680200699598,0.21347151927746041,0.2520409619746281,3.099232329106805e-11
2020-05-21,0.007014846554697182,0.01253063691976064,0.008613075583094217,0.003398092925118175,0.002278401872321964,0.002591447148585972,0.1540869221594265,0.1735697803742576,3.280594199073228e-11
2020-05-22,0.010516044407569827,0.008461357945005667,0.010031387257938097,0.0027220500807162984,0.0013616729889861972,0.0012077267240162457,0.16236727994000366,0.13159741887380524,3.228103548358341e-11
2020-05-26,0.009586460643773036,0.01097284973462712,0.007065876257083281,0.0028437558534510077,0.0010558193574220613,0.0011802283175018303,0.11513196210687995,0.07782888727190125,3.179563209942948e-11
2020-05-27,0.009790762180182388,0.017170459403564375,0.01065267788473274,0.00686590581691994,0.002246798033830301,0.0015434708680577016,0.17967157144027956,0.112717257695259,3.635293455150901e-11
2020-05-28,0.009752236057821391,0.01120784055850201,0.008353974612791217,0.00422462750328792,0.0010163745043493726,0.0012448216733942853,0.08421001197466672,0.06378328778009468,3.865262276914194e-11
2020-05-29,0.00901213252629147,0.01308554104998429,0.007660891377319855,0.0026468077431769793,0.000616834627016504,0.003302501373952038,0.257727822305916,0.0877961002208695,3.824436947685861e-11
2020-06-01,0.008745874844030926,0.006325452064959988,0.005768530836276641,0.003219985868324622,0.0017684800520244687,0.0022933129009453206,0.11812615124796721,0.07355485554813385,3.7612531145203576e-11
2020-06-02,0.009229404917829365,0.006254331162666481,0.006245361441656515,0.00381738160498276,0.001111238160150941,0.0016071542127659142,0.11798848284698502,0.060748366504354855,4.0514192695129125e-11
2020-06-03,0.008102675061539787,0.0058172074466077165,0.006027229420469746,0.0028300273857639197,0.001479026117667678,0.007763536985014514,0.058474721837824005,0.023942349816411183,4.2864382182594696e-11
2020-06-04,0.008623761640788426,0.01759176828037684,0.013289091001461195,0.0066327281627342125,0.0025656358673957283,0.011109592399275154,0.19910316677328627,0.07135339681631421,4.8956009385259236e-11
2020-06-05,0.011878723862620169,0.011421320365556384,0.014633168009269518,0.002612329456410954,0.0019840657801760875,0.024744827893465528,0.15251805825695888,0.11971066595215193,4.807720194177634e-11
2020-06-08,0.011408074148743851,0.013938933466809111,0.016969416585603532,0.007201003958204451,0.0027932903003378196,0.05179926703387784,0.15261723483258857,0.1733689545732235,5.556560420116874e-11
2020-06-09,0.009811507284242906,0.008483457919064467,0.006759838056269352,0.003282752358874992,0.0013498773705648208,0.007536225420869483,0.08157986384745762,0.11075408366164849,5.823078824684913e-11
2020-06-10,0.011663977375818509,0.010390693801012778,0.010463574957372325,0.0043101139851795325,0.001946515872302186,0.019827209182058735,0.2583014269910979,0.17482320229421108,5.443591757914312e-11
2020-06-11,0.018578343636782672,0.02078446212332367,0.021708250135407565,0.00539776664858066,0.002644295296043259,0.06779945622588798,0.21061938290919077,0.07856698694887336,5.028253854955089e-11
2020-06-12,0.013341424880064696,0.019425231573925547,0.018464709524601535,0.0128842668775069,0.005471695002093122,0.09298697593603261,0.2739263195770783,0.5225741640200059,3.844322429835678e-11
2020-06-15,0.009366865832156564,0.008680024550674214,0.005682294790264986,0.004741453898050044,0.001590658805615899,0.0013435952011971789,0.3851280349474653,0.5481302590924378,4.265414063620021e-11
2020-06-16,0.008560668742668007,0.008785279330645065,0.00679211185400808,0.0035055796921737922,0.002059690719175934,0.0020011201730751917,0.12186560818536149,0.04170163735144722,4.370730513625354e-11
2020-06-17,0.008557974433453906,0.007435925006057602,0.008207213537350256,0.004588613321799918,0.0018537313811548776,0.0016225288514588126,0.1385157370814813,0.060218513462218445,4.784463450424603e-11
2020-06-18,0.008627008955562168,0.010109079222434102,0.007531835828145322,0.00302826033867485,0.0007888867908452228,0.0007877155089356039,0.16221116513906064,0.09135983409575374,4.6753097920904096e-11
2020-06-19,0.00693870956846572,0.009689650461221368,0.006371405458538372,0.0017753674780350281,0.0012337078155221833,0.0006001295601086858,0.10876348321649361,0.13890550328903584,4.537496073320213e-11
2020-06-22,0.008926452251861743,0.005195653911063026,0.006740522064875925,0.0023558315909648284,0.0009917751305873886,0.0004473104987955388,0.1182881596882371,0.06329607721675282,4.3723514392413065e-11
2020-06-23,0.008723373801634638,0.005135001975605731,0.005125063717242133,0.002573129692080546,0.0011302784520525466,0.0012045289530301694,0.1721523666383396,0.0724016235629687,4.494897162810041e-11
2020-06-24,0.006584908706311407,0.005313066857810087,0.005275493528819361,0.002387830894629843,0.001056105936615423,0.0018730403075346493,0.06788262549838994,0.039041698927418045,4.5872316362105536e-11
2020-06-25,0.010637270485508832,0.011461681708380033,0.017049712410561683,0.005942543229373848,0.002608851948742137,0.0027011066165707753,0.35261701411304613,0.24980365167215482,4.108581530548605e-11
2020-06-26,0.009384326750428176,0.008606354013985216,0.009441020293453157,0.002621957605402056,0.0009102511207830496,0.0008921776634367292,0.18997186035038244,0.2619641616195422,4.2801814176263164e-11
2020-06-29,0.011945315011667502,0.010087957285117105,0.014968225376542682,0.005100303469633985,0.0020613453691632026,0.002112681166064979,0.15354553711144542,0.2178353060839613,3.8685873948729466e-11
2020-06-30,0.009576423733894621,0.01012487901095908,0.010891232785937172,0.004197158221842218,0.0014921457153398425,0.0013405205569405037,0.21256718801835336,0.20249568005939497,4.1181898169373454e-11
2020-07-01,0.009165793966365018,0.010264656392780751,0.009155243039811974,0.003264277777246097,0.0015979796040068814,0.0015894805228466005,0.16103116972133297,0.03471228410405473,4.2633722940887964e-11
2020-07-02,0.008484301105093347,0.009772557600466376,0.007396014508028584,0.0031863632267685876,0.001103496658080956,0.0015297977391503922,0.08444433307389208,0.043610032009784444,4.4647858327140355e-11
2020-07-06,0.009917821994418766,0.00964594790127466,0.006499043517307261,0.0021609774559641984,0.0007872913006348925,0.0013610786298773477,0.0663952353905718,0.025603562493809538,4.581032428396803e-11
2020-07-07,0.007683649434068932,0.010954684179970095,0.007999672388643932,0.00478017522500971,0.0017365116398225123,0.005300413158118633,0.1433290175499115,0.09504581563385305,4.921649199296496e-11
2020-07-08,0.010001840171331884,0.008951672240898163,0.011296259168586438,0.0044953483405859584,0.001803019388278117,0.002609612033518011,0.2633605303639029,0.1946130100087613,4.488495686238991e-11
2020-07-09,0.007672162501406158,0.009389431339837693,0.006597652999215421,0.00310654549098615,0.0013807092514818249,0.0032817974341122088,0.12175450568636499,0.16250562300452626,4.691259533617931e-11
2020-07-10,0.00990883856899536,0.008502277330056299,0.008832154036050241,0.003717336252126155,0.0021258785597365365,0.012083718018206593,0.13001597597242318,0.08529535086072315,4.478152570985827e-11
2020-07-13,0.00970382654375288,0.009381732303734357,0.00769762084253485,0.0028402288979574933,0.0009878730026465518,0.03037342152380304,0.11591767082235731,0.08503795224391994,4.6199526843038186e-11
2020-07-14,0.008396430286408768,0.007045282320173778,0.009845635642617803,0.002595050894084322,0.00136869008543145,0.01620598529051801,0.10885744763709237,0.13031155790252427,4.400134770432551e-11
2020-07-15,0.008384038923819417,0.006386899101699236,0.005868854636058458,0.0020862273629448855,0.0013342905099104374,0.0007236049280852164,0.12356713622022308,0.13909782849459423,4.5217302124811454e-11
2020-07-16,0.007129666030451859,0.006512208454075718,0.004758470330803217,0.0035075499702554233,0.0011398652451921846,0.007837049467464618,0.1098109878518763,0.02186150508682635,4.7493741578419346e-11
2020-07-17,0.010566911291249603,0.010168311923249884,0.011369063439689672,0.0024736639358535414,0.0011567744327040095,0.025583255371166496,0.077797250981258,0.0756997703927996,4.5656235736490913e-11
2020-07-20,0.0388206575943042,0.03864154374774831,0.03814828648888075,0.0014885957707881994,0.0008549805047293439,0.11742473989283193,0.06614030521071979,0.06859367423858738,4.659685831631677e-11
2020-07-21,0.0941762276671971,0.09154146979680507,0.08983233836898381,0.003158951947864898,0.0012336855694856875,0.19409061200164285,0.08430883368181953,0.05949906900772097,1.3743173266078657e-13
2020-07-22,0.09147608267006457,0.08630870953724243,0.08296622281874333,0.002658753064287707,0.0014256817981123761,0.13343425244837923,0.09896619901627075,0.025861633363822654,1.374664271303061e-13
2020-07-23,0.029344444160392953,0.02773572293363106,0.02804001784480567,0.00204187747105003,0.0013151407959202037,0.03212226637294665,0.05895238352230305,0.027061174287691215,1.3752193828153736e-13
2020-07-24,0.015612564422865679,0.013635191776905429,0.017829650805401446,0.003542286949179088,0.0016515634556176762,0.005025433742634001,0.17108325860758822,0.10357057503696551,1.3771622731084676e-13
2020-07-27,0.013070810432478324,0.011245199216581124,0.01314446366624262,0.002377640953243637,0.0006959522734774036,0.0014030096985098738,0.09218596980636738,0.05220369256903684,1.378550051889249e-13
2020-07-28,0.015042182498962414,0.013047701160023673,0.01240453637576202,0.003221503466825995,0.002096671423246915,0.0029508406894414503,0.10674119309119964,0.09221339362118172,1.378099023785495e-13
2020-07-29,0.012323487317851819,0.012636152636831068,0.012034407935876464,0.0035711663431458457,0.0013619412520254456,0.0029312052097296305,0.0617188696035282,0.08074846782141155,1.3791745523406007e-13
2020-07-30,0.01413806534019981,0.012153561691353398,0.00897338693875131,0.0028203789955231,0.0014736573456269175,0.004258834212733398,0.0869312829686646,0.10570792259788742,1.3779255514378974e-13
2020-07-31,0.015282835502022718,0.010743772068141358,0.01057952656121405,0.0028212988249020562,0.0011474498868781237,0.0029129824298990466,0.0881392779030548,0.11157851543807255,1.3777867735598193e-13
2020-08-03,0.013550012204141388,0.010421934550730528,0.010228873756339052,0.0034719324957076664,0.0011730858935048057,0.0017973072837103826,0.06465983001470714,0.03968180817318271,1.378099023785495e-13
2020-08-04,0.01342282234585492,0.010052263147115747,0.008691048675926362,0.003703011613001156,0.0009709365000055714,0.0017883529063461765,0.08161587133061429,0.03592110788948845,1.3772316620475067e-13
2020-08-05,0.011191634042932578,0.010370916444008362,0.009456021292081226,0.0023712902103660075,0.0019752634773696374,0.0012988897512530306,0.08259777149041733,0.05640887482274225,1.3780643293159756e-13
2020-08-06,0.012987638089348622,0.010781668566698105,0.010024489901393683,0.0030240474726116948,0.0013571708358756655,0.0018138026925918938,0.049984424008128595,0.05581289468368742,1.3775439122731825e-13
2020-08-07,0.012790911706025008,0.010536029920324444,0.00853967938568482,0.0017896285220228084,0.0016166177303872597,0.0011703570509614472,0.04256013241611094,0.04361575967394924,1.37848066295021e-13
2020-08-10,0.014057365927693716,0.010160346709903092,0.015489205032974135,0.004002798272208036,0.001869564213869032,0.0013719598833528837,0.14397605684377796,0.11321441455772496,1.377058189699909e-13
2020-08-11,0.009076511653139411,0.009819886175922677,0.01130951488116474,0.0017076413754253672,0.0008058161716151854,0.001069736706072658,0.05391444032046302,0.08761365071521263,1.3767459394742332e-13
2020-08-12,0.05424823459772503,0.049930000381554165,0.050405158688223616,0.004557137649420284,0.004359423672454172,0.0605385225871054,0.08923233919171818,0.15213035219205556,5.0202945967026125e-11
2020-08-13,0.020805850271152695,0.01977951246112884,0.020200337140025122,0.00456953713652275,0.001605224461750664,0.01910843554027327,0.1130741713790279,0.16944437345258012,5.4170314067736314e-11
2020-08-14,0.034795350366420605,0.030943617765105645,0.034255419724020214,0.002956111546490392,0.002140247993419428,0.03370899366880011,0.11316732576310735,0.08475382582923663,1.3739703819126703e-13
2020-08-17,0.017634010098797837,0.016925786481857174,0.01765361033980482,0.000912211149948397,0.0008179329697577339,0.008308982416208699,0.08273419426188258,0.053568860852014136,1.3735887427479554e-13
2020-08-18,0.017306219381075367,0.014171899102556068,0.01364086365004063,0.0024508750582084987,0.0021225653757312455,0.003296008732947911,0.10164296944646625,0.08220275332846344,1.3743173266078657e-13
2020-08-19,0.015403766649195813,0.01413706715341859,0.011825711068352642,0.0019101599891570079,0.0012137789557318832,0.003708907472166816,0.07315630582445017,0.0657823843033392,1.3749418270592173e-13
2020-08-20,0.01789442134421813,0.0145214122998033,0.014198687452872321,0.0032118810116492508,0.0022793535911849816,0.004332374518399636,0.1343917061358224,0.12838735451025596,1.3734846593393968e-13
2020-08-21,0.012620088532609453,0.013478137336491492,0.01113478339277954,0.002169200693010735,0.0014268443911763557,0.0041537681302292314,0.07706383005799146,0.13253925019290871,1.3738662985041117e-13
2020-08-24,0.012295896538544928,0.01231025001590125,0.011000593037879407,0.0023861523582460117,0.0010424551329747233,0.0015897280011860676,0.0514177839995278,0.02807388544675221,1.373103020174682e-13
2020-08-25,0.0121221732303041,0.009390057577047802,0.007828194783198761,0.0024526460893970134,0.0008523522729499439,0.0019051060383605053,0.04633023384090603,0.03611875613230949,1.3717152413939004e-13
2020-08-26,0.012990480821364846,0.00966498806286133,0.008907000796153575,0.001923468949897783,0.001205872413001499,0.0018257934737006178,0.05207187591868445,0.03530155209342142,1.3715070745767832e-13
2020-08-27,0.01185533786396471,0.010756622423245463,0.008208980890546126,0.0031173689644280467,0.0013844183662959347,0.001979549733932251,0.0597200712446165,0.033918194362177724,1.3714029911682246e-13
2020-08-28,0.01524689542883995,0.011716619035565283,0.013716975519254623,0.0029501603550272856,0.0022702890622024055,0.0020300007346483245,0.13506220969481283,0.10387542482450418,1.3703621570826385e-13
2020-08-31,0.011063401748019954,0.012967433499919839,0.009313839804800097,0.0017933163043620318,0.0014845205930688733,0.0010377701905222541,0.15785313222697384,0.11495727791004065,1.370917268594951e-13
2020-09-01,0.016233967678912525,0.014496087490072895,0.013112471333253061,0.0033612484008970975,0.0010438073616232686,0.0014881227270945395,0.0837400169276846,0.06472828756095073,1.3711948243511074e-13
2020-09-02,0.012446937190684303,0.012902732520223873,0.010963734809679639,0.0025349939951172934,0.0017397620562302177,0.0017578363662129459,0.05860578346027902,0.07326387364109996,1.370778490716873e-13
2020-09-03,0.017461211756936004,0.011783012208246532,0.012607732792287241,0.003978022913270499,0.0018120748860095235,0.0019472916735851365,0.1751276318665655,0.027829416574356274,1.3686274336066617e-13
2020-09-04,0.25123123862946495,0.24144262920792894,0.2328927754334078,0.006543280230861266,0.0025281557213737565,0.44754663580568954,0.17158857022905494,0.18198522333607867,5.409628647812248e-11
2020-09-08,0.014069639685769863,0.015449324408222031,0.012895843347147981,0.002416684067210767,0.0027013790291914946,0.04064397655046788,0.11562488717690593,0.10611948330412171,5.489882159981363e-11
2020-09-09,0.011630711034685614,0.016770060021295143,0.013637919075591528,0.005918403941958299,0.002630921845199841,0.06037871307569258,0.16734872006073456,0.09237434181049585,5.0069875329183944e-11
2020-09-10,0.008488635622991517,0.017793095938756314,0.008340415142493967,0.0035274111297006402,0.002081903155382956,0.0025340850645275592,0.19458463355644695,0.20281496538011096,5.322925086814756e-11
2020-09-11,0.008710601667648947,0.008617193525686642,0.009817009532503751,0.00347079717666033,0.001502484472065044,0.0019743004330735293,0.14481599637750003,0.16754160419858355,4.986663859618545e-11
2020-09-14,0.007967528513486343,0.008280085428895073,0.007382407406687689,0.0020952257001023364,0.0005892734436530368,0.007623331089009805,0.082504117053495,0.1274414069944823,4.9669886259540164e-11
2020-09-15,0.009582112698374279,0.009646639183598402,0.008949210587491898,0.004196137921113549,0.001202775726151603,0.007505919689184681,0.16014358593449501,0.08721677727012031,5.316206502792298e-11
2020-09-16,0.00696658100065293,0.00891319317554639,0.007077330955313786,0.0022090806541025312,0.0007878367883575339,0.005119651175593173,0.062337019060380985,0.05307736092259331,5.5398380327531527e-11
2020-09-17,0.010314093197537538,0.009614475978833092,0.00943511415564943,0.002671770701383462,0.0009910127608725252,0.01624926951436658,0.16449049932250387,0.056073332301046566,5.5350425631761624e-11
2020-09-18,0.009211193228539595,0.011250752679357916,0.012900729070816153,0.0031766958689245436,0.0009419229903057196,0.01670687154346428,0.05501073809575048,0.05969414038222025,5.310234196809205e-11
2020-09-21,0.010905803070048365,0.009735407959272895,0.012515912849612227,0.002886075302476039,0.0008524725226789935,0.008430705262189513,0.040266220097998795,0.03266917730799532,5.072189196431154e-11
2020-09-22,0.012375334408563022,0.013054417722591865,0.015004601572026951,0.005946444152463759,0.0027464466886651007,0.04481958456009168,0.12893326152179002,0.1012069301973056,4.742532408452682e-11
2020-09-23,0.010774708243708745,0.01058082141268978,0.008857689288350169,0.003118989506756341,0.0008137513831140431,0.015005661794054348,0.19254681840057314,0.16605809645079597,4.8818265402372774e-11
2020-09-24,0.010045535957850621,0.0113059990450671,0.010108638070355813,0.004865384388372557,0.003116674352931857,0.014968926611452781,0.18584629863547808,0.21228026903924113,4.534133832279075e-11
2020-09-25,0.009114766021827174,0.011220477752303691,0.006597388198790677,0.0013280829594474464,0.0007750251902677349,0.008267975417408788,0.13226977032885306,0.2005722925421125,4.5199101406101505e-11
2020-09-28,0.008599955405926538,0.010227788972858008,0.007955399444401299,0.004227875247632483,0.0008562701590416582,0.0030742788709931463,0.0923224472737541,0.07208944221048288,4.785407833884925e-11
2020-09-29,0.006805746105112788,0.009171869201957311,0.007838271149559655,0.0033744099420519452,0.0019865229007068838,0.007617461601968771,0.10431148905189436,0.09135425185361802,5.103200501066496e-11
2020-09-30,0.00723590632532687,0.00820383018641057,0.007057979971473553,0.001897901458619053,0.0008128837291911017,0.0062564766608659535,0.11728862315183722,0.12891653346064433,4.9816577946115714e-11
2020-10-01,0.00906702982417212,0.007954456569311031,0.005892829569453641,0.0029413559738885806,0.001508644145623089,0.009366153886401284,0.08428950603061901,0.09404957127888616,5.1981502435793914e-11
2020-10-02,0.008919825767391708,0.008541495364167073,0.007865334919392964,0.003093138159278634,0.001273230058552708,0.0019279759391848995,0.15673411434294,0.057061814900796516,5.4268881055641316e-11
2020-10-05,0.00937273132809977,0.00865103517973733,0.011123958594255069,0.003824617135643228,0.0013429099738148356,0.01362902795158559,0.14676697737949979,0.1313071849220288,5.4112190422950235e-11
2020-10-06,0.009518205352475727,0.010930995918522094,0.015589830713413952,0.005460173031824243,0.00290064527181745,0.018198897290683216,0.17568367809800836,0.131139158529509,5.894170915232699e-11
2020-10-07,0.009318205518619237,0.010737239053399242,0.012041306893882685,0.003237140899066099,0.001493215868162636,0.01230150319446406,0.21867359979797807,0.14130865882795735,5.739925548753355e-11
2020-10-08,0.008213478554295621,0.009872606331613248,0.00941571909606637,0.0037273365241241377,0.0011458311125294436,0.01417456352070825,0.13489946380295065,0.1220412777097247,6.075239269986987e-11
2020-10-09,0.008830647798058158,0.009946638770923326,0.007482580033303996,0.001703337009989786,0.001049418446629659,0.016203745527495723,0.05959757048791423,0.03360491300632858,6.253396064859196e-11
2020-10-12,0.02152203521769608,0.02335522202005804,0.022879362740176247,0.0024765436172932975,0.0015794194039238242,0.0776087649675921,0.062293733319734625,0.030404793172283485,6.280295380967083e-11
2020-10-13,0.05625531117596352,0.05406300456210544,0.05385704772062756,0.0031070618495165625,0.0016308158387570392,0.13565261165760523,0.11088125647637162,0.03746654105891104,1.367343738234439e-13
2020-10-14,0.06927619373023093,0.06605451967571292,0.0656964930855129,0.0028696781235474852,0.0014633377873038203,0.12710869023466387,0.11142244302108875,0.10348547471197556,6.322935230951288e-11
2020-10-15,0.07787677732288681,0.07259100807122322,0.07024905518101421,0.0024433682470116,0.0007012214511782476,0.11136298523279002,0.09694800401117173,0.05542595318888904,1.3687662114847399e-13
2020-10-16,0.03608887699154111,0.0323917213559666,0.031639405045106636,0.0021129677309757247,0.0005259126938387017,0.038561515475070106,0.0541232382409373,0.04193675445863575,1.3691131561799352e-13
2020-10-19,0.015281901172570033,0.010107765613326844,0.008379569299646915,0.0013429772143021407,0.000686717820686083,0.005572727763261119,0.049043689079071265,0.028664684914742396,1.368835600423779e-13
2020-10-20,0.014292831030060793,0.00940498676256797,0.01238758143024823,0.0028495242574455223,0.0010041952605918947,0.0018831697506242668,0.1562298643206545,0.11473948556825539,1.3701192957960018e-13
2020-10-21,0.009082471714951062,0.007544547113381825,0.0063160515245560735,0.0020761125298030952,0.001316541860860119,0.002090193204598773,0.09498478150578289,0.111080447269988,1.370396851552158e-13
2020-10-22,0.01211022848457983,0.00624896029938359,0.006097982930114834,0.001524801650403966,0.0008537802446333826,0.0007827914296945742,0.05822839719318033,0.05027790610269156,1.370327462613119e-13
2020-10-23,0.01288008508701533,0.006805269660609672,0.008654777994873058,0.0022875325464323595,0.0016258145337199555,0.0017616896818241766,0.08104329191234756,0.03573407570738576,1.3697723511008064e-13
2020-10-26,0.012239927211998505,0.007053953724050796,0.0074291140454217225,0.0014600018832926082,0.0008756626556454166,0.0007879499738286082,0.04672243112907756,0.0455981191937191,1.368523350198103e-13
2020-10-27,0.015030113650292904,0.013075312199654406,0.0161161791963711,0.0042486822173394,0.0017913938653823353,0.004124068526208104,0.1143517307605622,0.15742610979071517,1.3705009349607167e-13
2020-10-28,0.01202678134840825,0.012682353194944724,0.012806260794713822,0.002972546632025952,0.0011309805825716868,0.003209543401660156,0.07695654771757196,0.14151026991391358,1.371368296698705e-13
2020-10-29,0.26871700628918116,0.2631994854993023,0.25530647021329084,0.005998443772034789,0.0033546428639079293,0.5471567849614046,0.15812428410705368,0.212299203100846,5.073340705874507e-11
2020-10-30,0.00850511998385392,0.007019841811536906,0.00510036072092022,0.004072532322433271,0.001791803424983552,0.00870156885844017,0.22916999062836146,0.2071061650964517,5.436425268290357e-11
2020-11-02,0.008301843866648218,0.005545998613533101,0.006230336025969224,0.0029605953238609206,0.0018740373819576082,0.0030092218926871493,0.22307156375941162,0.10577502619826255,5.255600121767401e-11
2020-11-03,0.007433271297731668,0.0062074446252785576,0.006263103648928412,0.0028643168282465326,0.0017882572100930076,0.007535061414885117,0.11054347182263555,0.16844654162454706,5.4591654113922417e-11
2020-11-04,0.008265427802539397,0.007177691821530108,0.007744554708876149,0.004620398491132181,0.0017113072866770443,0.002520309500685787,0.11470211439354952,0.0698590410972629,5.876106892732658e-11
2020-11-05,0.008722512685171931,0.006854606833351468,0.009653417770447459,0.0050399440934859804,0.003837396889032127,0.003292603716783713,0.14881335238466895,0.12893905237266895,6.035652186375806e-11
2020-11-06,0.006414042687703481,0.0065891959688975585,0.0077553363941822,0.004913630075313556,0.0022924718778137352,0.002094180644020081,0.1441307784188602,0.08359301203978971,6.334133217933413e-11
2020-11-09,0.008994394716208262,0.006875769372367217,0.007862752043797192,0.0018357261207808187,0.0014262153188335925,0.0019489045697955467,0.1382992737512794,0.1492237608278788,6.417854442331006e-11
2020-11-10,0.00997897712516069,0.01902094900686821,0.016346428709636856,0.009725990103578476,0.004935803262146614,0.00379674304014209,0.19871445663273957,0.14130853533616503,7.421473158242264e-11
2020-11-11,0.011014903031839043,0.011733330983603003,0.012545210402943091,0.004660384645229956,0.0014111894294075872,0.007034228952279164,0.1880768073460831,0.1323506750947851,7.543671937115803e-11
2020-11-12,0.01259721283271827,0.012969429630888202,0.008373115957623408,0.002335179879395577,0.000997997617010202,0.009605219794099448,0.1570637647550549,0.09191064640962189,7.736801477253863e-11
2020-11-13,0.012970237940046786,0.011791543544816787,0.009852268765110445,0.004052081849857808,0.002379852702483233,0.007749704687998504,0.14586915544304424,0.14186967814923443,7.187060668822909e-11
2020-11-16,0.011679325575232009,0.009812533652312298,0.00659693287679806,0.003931651054679075,0.0010835076587310988,0.01214977493881739,0.1606374234513454,0.15011643751750575,7.693039955070091e-11
2020-11-17,0.006889246963895025,0.0054444388804346785,0.004860571980799628,0.0027291052236900065,0.001198433451670105,0.003739986796441527,0.08981644830632877,0.05535732455584251,8.100130635679825e-11
2020-11-18,0.016823623430333712,0.019179329709817405,0.01679496460784061,0.0014493257352819408,0.001033309754739916,0.07138980025503498,0.10306891348222376,0.0727329214715187,8.016481575778833e-11
2020-11-19,0.014790795681107801,0.011985253401834072,0.013917951115002066,0.002710399310062457,0.0008641247938596606,0.028000051429244954,0.17927938355466272,0.09420018201182112,7.674625865372597e-11
2020-11-20,0.06379823059762689,0.06365738905331075,0.061943981901642055,0.0012252578693818517,0.0010518861549220736,0.15633347191673108,0.07188304503210127,0.11160291205495701,7.753458985959583e-11
2020-11-23,0.12166035549261267,0.11549801977810097,0.11249069997297852,0.00204648623640815,0.0011881048105676288,0.2043661056414226,0.06446215273788344,0.05671765151027806,1.365539625819423e-13
2020-11-24,0.05233753576592731,0.048219471488721445,0.048359878537651904,0.002548593044382985,0.0016194899770287298,0.06172037285360833,0.16224532515011295,0.04312148781067312,1.3646722640814346e-13
2020-11-25,0.017227901271875734,0.010885911778286244,0.012612728073666677,0.0049417137759946925,0.002195028081870466,0.006689480410154424,0.1137808217564467,0.06333916090820724,1.3638395968129657e-13
2020-11-27,0.012065614722024273,0.00958736565531019,0.009340843958101402,0.0013410131064975697,0.0005309416522227323,0.0027433854619300277,0.09317117690292456,0.07761993747182896,1.363666124465368e-13
2020-11-30,0.011405398633855545,0.008261327153197733,0.009007569192418836,0.0021935511446962846,0.001514291231969968,0.0010324899703671488,0.06121327327913937,0.042439019133023025,1.3637355134044071e-13
2020-12-01,0.019121983634805412,0.013549201002602426,0.01765705886065754,0.003888655628070309,0.0008245982183357632,0.002686816326175653,0.1284303710146141,0.11046028615606096,1.363076318483536e-13
2020-12-02,0.014755919079556364,0.01255625852573819,0.015632562601991636,0.004964054295165249,0.002393657736937207,0.002984686762620228,0.13168983838463832,0.11486382251456058,1.3633885687092118e-13
2020-12-03,0.017519331611626526,0.013478467428266342,0.012690008594582266,0.0017291275833494837,0.0011785969184593204,0.0021688599049339364,0.10054520785055154,0.09155130802071923,1.3636314299958485e-13
2020-12-04,0.01469458866579465,0.011304088054834283,0.010091584118655201,0.0016099801388144014,0.001237197976906705,0.0009291196576346087,0.06572910431157467,0.042649838269115906,1.3640824580996025e-13
2020-12-07,0.01622919992855145,0.013476094343927788,0.013986170192684427,0.0036916536576883166,0.0019389389310749921,0.0029763335665163215,0.1756454651398948,0.05554523219847084,1.364117152569122e-13
2020-12-08,0.011889440139173788,0.012025465765552006,0.011052887087194898,0.0022997053335339843,0.0016947107077839127,0.0013707809698848199,0.11703666283891105,0.06316951104476284,1.3640824580996025e-13
2020-12-09,0.014133810694320088,0.009534197231646432,0.008788707451103172,0.0013925515128408866,0.0007383671144288349,0.0008774476710712825,0.05994782049177858,0.03386414629104807,1.364047763630083e-13
2020-12-10,0.015242314742329033,0.010374926647282966,0.013953160815981237,0.0026740470666934066,0.0016997153515315247,0.0016993295105920132,0.10743742161644429,0.11505607787506658,1.3640824580996025e-13
2020-12-11,0.01308574202916154,0.009896120593806863,0.00814168095322684,0.002383385284433763,0.0014962011471320795,0.0012189267060301351,0.08225272855736313,0.13339140652289516,1.3642212359776806e-13
2020-12-14,0.012834961942691478,0.00888128837745708,0.00629416205959011,0.0011573108532420412,0.0005992892665823758,0.0009228527360956825,0.057132386345948985,0.055393232269352034,1.364186541508161e-13
2020-12-15,0.010599411385408573,0.00821731153915363,0.005878183558411154,0.001461311804004023,0.0006545883490542209,0.0007935067321479947,0.033004223991492485,0.022997529344916466,1.3639089857520048e-13
2020-12-16,0.013319569053399585,0.008991631178750435,0.00769878113869559,0.0031950617393498235,0.0016837784501458736,0.0029136816343874068,0.12602395743839367,0.08580397728201836,1.3639436802215243e-13
2020-12-17,0.010549093248218304,0.007201120868683087,0.005593580014301223,0.00145590881341532,0.0007249756782267231,0.0018684062279914087,0.07009625683771607,0.0762969874181972,1.3638395968129657e-13
2020-12-18,0.0069791862157856654,0.006578791127507205,0.006709145822920462,0.001956911949594582,0.0013061913834764701,0.0012936397094627495,0.033097152651119455,0.05415498853524092,1.3647763474899932e-13
2020-12-21,0.010937514774684288,0.007868684848032534,0.008860688377535455,0.0017277388099534718,0.0005177188416592051,0.0007097621252062159,0.07318651030237422,0.07346425031661023,1.364568180672876e-13
2020-12-22,0.011646628165043495,0.008756587535551374,0.013060004416967674,0.0021399937365429306,0.0009403138454483794,0.0011082790774734372,0.059936612346056385,0.044368304760612404,1.3648110419595127e-13
2020-12-23,0.012015472987640906,0.008877897469064666,0.011809714059773307,0.002619471600081469,0.0010819410651650126,0.0010733064476694278,0.04746727260863848,0.05682092935662057,1.3637702078739267e-13
2020-12-24,0.012896539144250267,0.007698735186960211,0.008963242171551231,0.00301471494814428,0.0012428417025100585,0.0016742263484384658,0.0659675752627871,0.023372004365077456,1.365088597715669e-13
2020-12-28,0.01214733904615612,0.007298885379623502,0.0075507979862606935,0.0011336514105803816,0.0007722768512194349,0.0004995299431310601,0.041599700988963484,0.03119147428711669,1.3638395968129657e-13
2020-12-29,0.01247214543506465,0.0074879144339047065,0.0067465503016871774,0.002109384735018094,0.0005443990991902816,0.0011767479617852523,0.05740272082093391,0.02558238468055332,1.36352734658729e-13
2020-12-30,0.011509806368351505,0.007611806817220461,0.01065291724144866,0.002577229374809843,0.0004058653582532384,0.0005755812056791064,0.06709810676409504,0.038375441909169486,1.364186541508161e-13
2020-12-31,0.008163955643258551,0.006972617636086654,0.006930874927979983,0.0017620709642654359,0.0007878953177111274,0.0004835556252261909,0.04494404790044415,0.0437649064905478,1.364637569611915e-13
2021-01-04,0.013724372997622325,0.006815363772581691,0.0058046817397722356,0.0014494477428657407,0.0005081194817028241,0.0005540719534351695,0.027844164331388484,0.024483946216081527,1.364949819837591e-13
2021-01-05,0.01570602325158995,0.012165557116894345,0.019775313231480053,0.004797693013264853,0.0015551032566139447,0.0018471350833620202,0.12973112106206455,0.10568352588544279,1.36651107096597e-13
2021-01-06,0.014059055342512648,0.012768492630272323,0.011286119028586183,0.00420314811664764,0.001649698197926997,0.002647788340520059,0.11807269268545983,0.10560103496228919,1.3671008769478021e-13
2021-01-07,0.016228277520340242,0.011997794631600629,0.017629407263669,0.0055902361953133264,0.003105671877250004,0.002903721565378009,0.15754435820930465,0.0973253040343304,1.3662682096793333e-13
2021-01-08,0.013655065951193113,0.011724282546437651,0.014043706742201161,0.0038923803316005534,0.0013777491206314843,0.0030678149280510027,0.11629159661868523,0.1068957806379762,1.365990653923177e-13
2021-01-11,0.014333898263049136,0.012186099101202235,0.01216465794935212,0.0047260938547377535,0.002378291105251773,0.001677925564927339,0.08302034057987681,0.05286082213716994,1.3642212359776806e-13
2021-01-12,0.014763045083962315,0.011653492801269625,0.012641654583461481,0.0022132340902884864,0.0009904385383533402,0.0009736305882637996,0.11337541162320756,0.0928632564279557,1.364498791733837e-13
2021-01-13,0.012791483535672558,0.01206332077244869,0.008330020920454026,0.002731509537622176,0.0011973479603456048,0.001169386473395409,0.08037963393588485,0.1149781682863091,1.36501920877663e-13
2021-01-14,0.012554227663008585,0.009168346860407265,0.0064439891189954305,0.002280522329943843,0.001722974195796139,0.00143450638560146,0.09600077821263266,0.03916031028402189,1.364186541508161e-13
2021-01-15,0.012532665726248856,0.008569431976700115,0.005460693049824661,0.0034229810333094995,0.0013120974626557827,0.0014812902498089761,0.10963090440020454,0.04275438748236322,1.364186541508161e-13
2021-01-19,0.014706171311720573,0.009287750281450253,0.01199770386539832,0.0039041617054313554,0.001676630867446479,0.0019300212799028785,0.0950734417876323,0.06511783319241485,1.3635620410568094e-13
2021-01-20,0.013203049906157158,0.0072865311772012335,0.007525782638306911,0.002428747341839045,0.0011175207807879628,0.0012192894368108522,0.08372859185024982,0.10630779947196205,1.364047763630083e-13
2021-01-21,0.012666243081286988,0.00869976224542703,0.008132170057901617,0.0038285115021652327,0.0016507898165637742,0.00237318100799008,0.09387569218755767,0.04124652749493095,1.364047763630083e-13
2021-01-22,0.012226783032633349,0.007555382656694085,0.007900230309649038,0.0015936517410336873,0.0009059822009789252,0.0018349665489609448,0.08444191684960531,0.07628970508865492,1.3643947083252783e-13
2021-01-25,0.01244087392261337,0.007366395117226192,0.010372330298259232,0.0025366735194415,0.0012731432484710285,0.0013719857599230117,0.07353937575748841,0.026463918561449206,1.3633885687092118e-13
2021-01-26,0.014842564018696842,0.008344103590217835,0.00848755785069875,0.001827313235747155,0.001664594749182582,0.0013848277735733741,0.09466939261770912,0.05733797598799978,1.3631804018920946e-13
2021-01-27,0.011008963273621577,0.008347128172107135,0.007085467462606823,0.0013835710162465806,0.00039991962007963607,0.000566330472102019,0.03739313763329951,0.048721192156179045,1.3629375406054578e-13
2021-01-28,0.043980961427889285,0.04156883436317932,0.04060759832764348,0.00544754575087842,0.0015199854271203716,0.04792700784294876,0.14948430342018657,0.1535642452144866,1.1282608181062415e-10
2021-01-29,0.0355306715296563,0.03446356358884659,0.03136877841856691,0.0022004968715614998,0.0009614513634925664,0.03984109828073066,0.1283219600239016,0.15079641125819415,1.36352734658729e-13
2021-02-01,0.0376228923283676,0.034979890355470014,0.03579802476053488,0.004304448120427733,0.00127600645763555,0.042380635115610965,0.1229941823710337,0.1456159517450176,1.0878508163725265e-10
2021-02-02,0.2152864062264217,0.20656691299639549,0.2032104489727764,0.004368797338102762,0.001921160492566684,0.41913204057037845,0.19891272382111616,0.19300642894471717,1.1684731654471037e-10
2021-02-03,0.0121662672548912,0.010549174798441202,0.010975219461497371,0.0038501189921991835,0.001685539925668334,0.01629474900955045,0.09112428213888295,0.07433044499805035,1.2433350529694742e-10
2021-02-04,0.018321336706324465,0.01915254370158704,0.01804774289121005,0.0017004116969986313,0.0011122805385320312,0.056713526840163106,0.09960810524682644,0.0625351447145138,1.2637234661494468e-10
2021-02-05,0.05046953767047173,0.04835213586867525,0.04811982238507259,0.003362157543114308,0.001632603595507617,0.12445847348311707,0.12174777112873117,0.048792538169318736,1.3239313464974423e-10
2021-02-08,0.09251368549422781,0.08925025679236571,0.08660491543175179,0.002170734588016962,0.001275142231394213,0.17172354828289121,0.07455836024865296,0.06026270062827242,1.3630764919558835e-10
2021-02-09,0.030717915045137507,0.027088129510383106,0.025456865560094695,0.0023545156817087118,0.0016019906854514271,0.04222381946427065,0.060213066606176216,0.04930037890995671,1.3818425223521835e-10
2021-02-10,0.05728435359419087,0.053462338554574065,0.05202815258161082,0.0014149446948038338,0.00045757594377148777,0.07321749942101669,0.04282381188256642,0.06025593368030394,1.3620354843979499e-13
2021-02-11,0.01866366746530638,0.014792653058298733,0.012951939505376178,0.0016211803251279383,0.0009637029574028165,0.012681980946150223,0.033340231959748924,0.017522971746984868,1.3626599848493015e-13
2021-02-12,0.013412021204955684,0.008137137122226735,0.0061196565978423045,0.001994718043709501,0.0010660784136189076,0.0017358930532933334,0.0745961138647986,0.021281155362488355,1.3619314009893912e-13
2021-02-16,0.012847351082953342,0.008659128065929311,0.00841218867727607,0.0022400969156423506,0.0016593376916088857,0.0022807747497629164,0.03932875030256216,0.01592367996552841,1.362243651215067e-13
2021-02-17,0.016992049574866972,0.010992156531384762,0.015902714624880156,0.003168415406309487,0.0026603542945381363,0.0022730178004070007,0.06885470576430985,0.07812286446066449,1.3624171235626648e-13
2021-02-18,0.010696678789180186,0.010055860883507463,0.012861214768535897,0.0020513118340023395,0.001162924034769519,0.0012510827944990693,0.13734352485786386,0.07753606166187854,1.3625905959102624e-13
2021-02-19,0.019175345976137254,0.008682555764084622,0.011551467206105287,0.001648974883335437,0.0006972086959491173,0.0007016981327356101,0.0585170105701253,0.059594648544047724,1.3631804018920946e-13
2021-02-22,0.02008662179387691,0.008491061765049492,0.01161424350896598,0.003030713109338515,0.0018233982196782846,0.0018267790163992554,0.13076009194913035,0.052255981707686285,1.3631804018920946e-13
2021-02-23,0.015640670459785865,0.013921702728599166,0.015415685209571336,0.005093669459686909,0.0022131404926146,0.0024192603030050415,0.1521907681304902,0.05886378000006988,1.364047763630083e-13
2021-02-24,0.012176084536268766,0.014594543924466278,0.010586175299071483,0.0015400919450438283,0.0005473259511219983,0.0007531973382677057,0.08750651631244755,0.10169427851117922,1.3639089857520048e-13
2021-02-25,0.014597267464919994,0.011373480988018889,0.008353899678787163,0.003510392610678731,0.0011863969950877292,0.002157076447393217,0.11534533207558059,0.03714627359579816,1.363596735526329e-13
2021-02-26,0.26991080029429126,0.2522753449546844,0.25413501979657155,0.0033815747265900017,0.003970352790893601,0.5475183060127541,0.12857989279735707,0.3791311355859699,1.44069638163824e-10
2021-03-01,0.010991754472280565,0.01114698046739206,0.011890942144324453,0.006169643480948332,0.004702496981269501,0.012465962800258018,0.14252355499248087,0.3361930503510703,1.360385692983357e-10
2021-03-02,0.00892942868527567,0.009287172658838291,0.00923147884604338,0.006831148969986753,0.0019688996415847095,0.015187086252978047,0.19497466387670187,0.12011443449113819,1.4948245766199797e-10
2021-03-03,0.01006882336745261,0.008387951939092444,0.007964463186023608,0.0033266081096268857,0.0007377875740863072,0.006430589921466589,0.24273604242553323,0.1587573069521809,1.4281001728400078e-10
2021-03-04,0.008832146390191755,0.007996733841399659,0.0089718675203714,0.002839373721349979,0.0024050946950623,0.0038873856624293676,0.14786081836578147,0.09506711584852579,1.417939515802047e-10
2021-03-05,0.011231883111685942,0.007979133766148817,0.009180546620141661,0.003533054619126813,0.0021559835090271674,0.0027307632440357523,0.08913553390617476,0.06224888948666888,1.3528467929235788e-10
2021-03-08,0.007598160132514835,0.007126367553434783,0.007271945966104037,0.003622075108920951,0.0015213986044754347,0.001712434477297444,0.18654011080530064,0.20189882422567185,1.41427244915171e-10
2021-03-09,0.00956755289950901,0.008248362942380502,0.010248582178364106,0.0038590413116322206,0.0022722892474064706,0.002022485625035971,0.17011702458359235,0.1979391145006661,1.41358140470782e-10
2021-03-10,0.007385709979986592,0.008135438917784303,0.008123464296468893,0.004031277595702598,0.003136283262278327,0.003827262627657749,0.19542212906064652,0.2354745924357295,1.4559028982397137e-10
2021-03-11,0.008128349483321418,0.007247395755035526,0.00702352869145489,0.0018941086836539653,0.0009585734178608632,0.0025480551147536484,0.10848369688809226,0.1021272500849881,1.4676848278383225e-10
2021-03-12,0.007543221835945121,0.006215997295255344,0.007558877697451273,0.004634167561251262,0.0014824439210639737,0.003706348759810637,0.1666271560439617,0.08336181228137882,1.5768603783827828e-10
2021-03-15,0.01014727648390039,0.012353333531761917,0.012376459627461436,0.0039335014277650585,0.002743523658380796,0.0032225928586061213,0.15430472178264326,0.1693131435755336,1.634163256103438e-10
2021-03-16,0.0076911040775075375,0.010672370101800051,0.008104157626398734,0.0017430099857556544,0.0010897087223664017,0.005358777662491549,0.11463044462684029,0.16999824060934057,1.6577221886859839e-10
2021-03-17,0.009546737126893124,0.009084666485114867,0.008882458358100687,0.001873895170367762,0.0006506217932972494,0.013413311009220361,0.09344588185540545,0.07638093924598635,1.6512892095366105e-10
2021-03-18,0.012085480925780814,0.012575731237419622,0.010656730662882469,0.0015403858671463808,0.0009317860147283104,0.03944343355803344,0.060645589330356686,0.03598812247222149,1.6754528320284123e-10
2021-03-19,0.009528625204917339,0.02076510989449066,0.014384490521104295,0.005207247374449504,0.0030477665910209335,0.06012905490882101,0.191635650677069,0.37619044449302325,1.6187799364852928e-10
2021-03-22,0.007973683444379903,0.008267262676571092,0.008031910565194922,0.0026797235110896794,0.0015062385859666012,0.0039626084664517655,0.1344849962428356,0.3716739995087236,1.6030119592835845e-10
2021-03-23,0.00812844752023667,0.008031612282474874,0.008061868376121318,0.0025638564059769914,0.0016470283956181975,0.005329693716884232,0.0813771122822149,0.033485439401742964,1.5955633689279658e-10
2021-03-24,0.01004108098185249,0.00968614145920753,0.012767618442209592,0.0053616713260760535,0.0019913985246526,0.006764342559401245,0.11577138415951786,0.13577257218796182,1.5080172180437224e-10
2021-03-25,0.009568490815787978,0.010661187466383592,0.012310703374239496,0.004960827005458239,0.0016072456341120576,0.010971358130143284,0.11040397703909119,0.04647496315773565,1.4096798381380005e-10
2021-03-26,0.01048153132743504,0.01970422445273328,0.011634807467699512,0.0038181121677560714,0.0015880278024799522,0.032623011002561736,0.23667766838240362,0.07394437422375533,1.4817308144343677e-10
2021-03-29,0.009164524531394526,0.013129790671377237,0.014305074802791373,0.0046722754051705465,0.001765231344611003,0.041175029965753465,0.11851287549358243,0.08235802660333427,1.5919411275322481e-10
2021-03-30,0.010253940330084173,0.00834984224322546,0.009176475810125194,0.0026928690241463105,0.0015390112629577396,0.0026416768269501923,0.1919582677936697,0.13395713597214284,1.5732978114746388e-10
2021-03-31,0.009611946427965038,0.009642708583658005,0.010876300089275473,0.003062093403513891,0.0018569695265799081,0.02705934981482589,0.11515533357878345,0.05423684130821913,1.607021772598305e-10
2021-04-01,0.014357123603566151,0.015431157214567452,0.014919890365238993,0.002905219681066981,0.0017815741888330798,0.05063909074141339,0.09469556108331988,0.07087012408749668,1.6129537289133467e-10
2021-04-05,0.019433639843824284,0.019676510811206752,0.019771878490121256,0.002070115325902157,0.0027218275295058615,0.07688576339980846,0.09382758365871106,0.11705431896902756,1.638247558444217e-10
2021-04-06,0.010921987289016468,0.00812194210958501,0.009168091541319487,0.003694717029626121,0.0014149472829063372,0.03144920713148336,0.16558404476116023,0.12253170222695942,1.7085584683163013e-10
2021-04-07,0.029015678955818323,0.030599916090947542,0.03207735104440142,0.0019573311016364905,0.0014546063974031553,0.10245371019119658,0.17808556087638353,0.05594760898550442,1.6741057845548468e-10
2021-04-08,0.07867734685354813,0.07541271002631174,0.07464265860747381,0.0024459784152410582,0.0008836831008677576,0.17330398160728946,0.07880817538365552,0.06457026915724431,1.6565491686715283e-10
2021-04-09,0.08229337418818486,0.07923766951630559,0.0769968101861199,0.001573036066298425,0.0015643616063522295,0.1402623915468593,0.05888084410040412,0.07332578345400105,1.360682400086688e-13
2021-04-12,0.06367667411244585,0.05890815574673214,0.05705628547030126,0.0017836576684418168,0.0009832650173233358,0.08015763047697946,0.06546763813347078,0.07279405380845513,1.3604742332695707e-13
2021-04-13,0.018927780711721357,0.01607671179061155,0.01297529719261627,0.0012833686732919292,0.0004328870282267875,0.01198432346642711,0.05845766228572959,0.024349939354462866,1.3596415660011019e-13
2021-04-14,0.01103074243499155,0.008543432804224515,0.006571006146310468,0.0014217685923946163,0.001559582471703708,0.0016364676385223192,0.0632253794476946,0.05911429213911714,1.3598150383486995e-13
2021-04-15,0.014649523862739272,0.009624940088862607,0.009414000724366812,0.0030147940804333417,0.0011086359507253933,0.0017951164916413377,0.07853509298000894,0.060714915797065186,1.3602660664524535e-13
2021-04-16,0.011367825971038557,0.009499968524625523,0.01077410620900517,0.002134300714316008,0.0025844868282786735,0.004164782313801455,0.100348567661018,0.1313552279150757,1.360231371982934e-13
2021-04-19,0.013680957166219972,0.00988586277621976,0.009769905553103376,0.001863098365238132,0.001330215405313009,0.00383109152738412,0.10683401292807534,0.1276712535264292,1.3608558724342856e-13
2021-04-20,0.012015699854907937,0.008858292777975426,0.009656556688732939,0.0014481075477955213,0.0007078078226941604,0.0008236271242299208,0.10219203597501651,0.033193238861558165,1.360821177964766e-13
2021-04-21,0.016917203868043136,0.011536934430693944,0.015351906298970305,0.003604393244931954,0.0009608205810581737,0.0017143161617323506,0.048977109031790325,0.03974767674011428,1.3616885397027545e-13
2021-04-22,0.012909004048622158,0.009010477984371174,0.009470414708731714,0.00240489533041819,0.001210358383365916,0.0015312146338021615,0.1077945234925873,0.08628559703646926,1.3609252613733247e-13
2021-04-23,0.016529518536343425,0.010525230940333469,0.01272060896774237,0.002136684450897826,0.0009894463404246498,0.0020019363475748714,0.11318379125808473,0.0885370545380288,1.3615497618246764e-13
2021-04-26,0.011486208524407014,0.009265743341443932,0.008942944225404238,0.003028698187578477,0.0009939272442011638,0.00202923183504146,0.06625779841920673,0.07326965720791342,1.3613762894770787e-13
2021-04-27,0.014391177802301591,0.008099950904744243,0.007096865273666431,0.001396743720385285,0.0006223141024511182,0.0010569469433887773,0.052178943106298295,0.04858312803757717,1.360682400086688e-13
2021-04-28,0.013544450774784292,0.007298407360964106,0.007760821926768467,0.0014595180273636668,0.001315462215399164,0.0013022310420112517,0.0488861602344775,0.048795643756434325,1.36127220606852e-13
2021-04-29,0.011802472556405385,0.007068179351146052,0.005918252037474523,0.0009238537564111443,0.0003940851572689969,0.0004938399789511489,0.05061117799966218,0.05277867991075982,1.3615497618246764e-13
2021-04-30,0.011498410988273127,0.006291429527145646,0.005930258719067556,0.001828357664525028,0.0007594354992528829,0.0012339087522330455,0.04251401683917273,0.024292228375567902,1.3614456784161177e-13
2021-05-03,0.017779799474210184,0.006508296018098643,0.00962172792783339,0.002955379547120253,0.0008339907859829621,0.0014341213811351645,0.05710178368221645,0.06788530097223143,1.3609946503123638e-13
2021-05-04,0.010750719773364554,0.006482433312687845,0.005786135811691124,0.0022170651167890687,0.0012404086291436963,0.0008290112450076865,0.045431282792242525,0.06881985200707821,1.3623130401541061e-13
2021-05-05,0.013350152179672576,0.010861256105926493,0.013558591593109376,0.0038037190328512396,0.0013876208260208823,0.0019761912408314637,0.08299454961106104,0.07832064520599427,1.3625212069712234e-13
2021-05-06,0.011028331330774398,0.012930039866223358,0.013667659133601573,0.002208246389018058,0.0005623196952198419,0.00042678997248165874,0.061900986895717935,0.06627204349225133,1.3630416240140164e-13
2021-05-07,0.015439333023694263,0.012884733737326803,0.009636306840138548,0.0019135954928044124,0.0013603308161807641,0.0010426451298420972,0.04904785035223949,0.034867627121795045,1.3631804018920946e-13
2021-05-10,0.014915611514590737,0.011771106188695396,0.008419465095905023,0.00244353358263958,0.0012332067914815183,0.0015079384559868016,0.05174668882518709,0.029281881143776084,1.3634926521177704e-13
2021-05-11,0.013936879532697715,0.013417196485744593,0.015431890555016425,0.0036728038798782905,0.0018733947234274122,0.0034728079791725873,0.10764953343662369,0.1547328786552477,1.3648457364290323e-13
2021-05-12,0.012719895623301055,0.011776487812688485,0.014279780181205029,0.002175756658471993,0.0009953508180628968,0.003625273643534333,0.06866384657391536,0.08991913616131668,1.365088597715669e-13
2021-05-13,0.22564260225364494,0.21589436518616142,0.20824077845426311,0.004736470161522892,0.002196723882280556,0.37809877474312403,0.09174607868289383,0.13514794098082977,1.4866075731534423e-10
2021-05-14,0.029307467392021225,0.029177369380118934,0.029460045688191838,0.0032998741703639672,0.0014700571402328612,0.06934353946110956,0.1881328968459846,0.16507457614646978,1.5319004745273368e-10
2021-05-17,0.0739385701093586,0.07604578926675551,0.07625538269976019,0.002947298361839358,0.001999089284144431,0.22473736903168576,0.11092495279500045,0.09875872293849426,1.5966925698274181e-10
2021-05-18,0.008881016556707906,0.008716701795291434,0.005898052774887055,0.001957921140580028,0.0012494227670117918,0.01744790463402149,0.1398746195366907,0.14355328745752724,1.5795494426318335e-10
2021-05-19,0.01162160346743552,0.01338107009907961,0.013120840030782848,0.00211575790992595,0.0008540197825818779,0.04477419534878692,0.060637380941227226,0.036120265749178114,1.5900421604375659e-10
2021-05-20,0.018774086466909874,0.018924809515750766,0.0198382764568381,0.00197037574225694,0.0010802341419453034,0.05065868611843503,0.1329307412264275,0.057813375501229024,1.5812565840045423e-10
2021-05-21,0.010676469088004886,0.009740268137711129,0.010192028750553004,0.0022779666049028424,0.0018439145217517762,0.014234753272728528,0.10041200941995784,0.12032604663489876,1.6150332460274086e-10
2021-05-24,0.09027847671699003,0.08802593449069704,0.08679587187407663,0.0015953362850241806,0.000652532905549081,0.19774155907900537,0.08266826251668094,0.09414227987605156,1.587194958796445e-10
2021-05-25,0.03961666480682789,0.03697047054935754,0.03562280487640511,0.002179127498732808,0.001196200093992148,0.06786935786968339,0.0892453402873413,0.05967463984705346,1.6296474239507752e-10
2021-05-26,0.0813564192019485,0.0770729270788928,0.07485702958257738,0.002203584239383466,0.001523442656547191,0.11486246642899263,0.07122934407262997,0.04223260594546085,1.3648457364290323e-13
2021-05-27,0.023802042548880936,0.022026508876865386,0.019643609346176268,0.0019316612894376417,0.0003907074023519034,0.023298197313568126,0.08170066587589046,0.04341834634800142,1.3644294027947979e-13
2021-05-28,0.012450049019869968,0.009075037850429405,0.005063959033645602,0.002040366554010825,0.000869631050171052,0.0035102084987099933,0.04098770427433438,0.03395136847141648,1.365157986654708e-13
2021-06-01,0.00819754553695281,0.006868358205308661,0.002945355432893966,0.001189628847779567,0.00041236596267748345,0.0006345354008996923,0.030884908971019094,0.026750951044439263,1.3644294027947979e-13
2021-06-02,0.008074707920001912,0.008865930270643124,0.005639779963736181,0.0037568619754573887,0.0008794354441163261,0.0013488704335802703,0.055507077639153156,0.040610720837883515,1.3650539032461495e-13
2021-06-03,0.008501391866183918,0.007783188367988504,0.005406099200547872,0.001046160142193775,0.0006025036049677097,0.0002699515312882534,0.038993314519954074,0.03809193755269189,1.3654008479413449e-13
2021-06-04,0.011540933478934257,0.008421182410692079,0.011414904650473134,0.001951372591899224,0.0016842073140003397,0.00122993367087829,0.07925847826460664,0.13036095135659545,1.3645334862033565e-13
2021-06-07,0.010470385811132302,0.007946280492211084,0.007645091508634239,0.001783956725307255,0.002352772434366333,0.002307263653427765,0.10966950665276964,0.15986320446272498,1.3648457364290323e-13
2021-06-08,0.009126327495421093,0.007038625006103136,0.005524753896517361,0.0020251167925933664,0.0004856225251062897,0.0019306260692681788,0.06444851922766617,0.09803120429809795,1.364047763630083e-13
2021-06-09,0.008138611598225109,0.006684412988645629,0.005406071853699621,0.0020654621650246993,0.0012436794706221937,0.0010106104965807165,0.03852453645700198,0.0330348991522196,1.363666124465368e-13
2021-06-10,0.011673353737873626,0.006876145065167105,0.005557073963593531,0.001594437037890549,0.001190507698239843,0.00128580422147762,0.03402696065836368,0.024023149249318844,1.3640130691605634e-13
2021-06-11,0.009186125782218123,0.007370572045606561,0.006266601693123919,0.0013463223299380322,0.0011508723597378908,0.0008023163691115491,0.03942344870488927,0.10003847515531725,1.3643253193862392e-13
2021-06-14,0.009714732594851996,0.006795180765773562,0.006619076655056004,0.0018005806260945403,0.0009057797523205274,0.0006599307252144119,0.05254993705163713,0.06697818756320846,1.3627987627273797e-13
2021-06-15,0.010496456597287733,0.006678812838993289,0.007483296383007351,0.002019075132758001,0.0013206378048430762,0.0014262272033439393,0.05446970052398137,0.0429886669728625,1.3626599848493015e-13
2021-06-16,0.012586498886738679,0.007098004396790621,0.007577502269183536,0.0014290460103889707,0.0005706848095078107,0.0006928567756382923,0.05140844013458259,0.02641035121500764,1.363076318483536e-13
2021-06-17,0.014952701054725407,0.006951326955389333,0.014916953373374758,0.001671030508986003,0.0016201988672931728,0.0011471146548725035,0.057172694904377874,0.07352521457372967,1.3623130401541061e-13
2021-06-18,0.018823877443485796,0.009486825230918816,0.01767488581969331,0.005321465385561615,0.0031755901762892313,0.0026082892192778127,0.10397735482926655,0.0716397239762708,1.360231371982934e-13
2021-06-21,0.017186675153207424,0.014703917944165345,0.01809694265644011,0.005218959879418512,0.002582758473941551,0.0032665583044036843,0.1590303458330616,0.05951347756483748,1.3612375115990005e-13
2021-06-22,0.016179086805081448,0.011612361559332419,0.012922110397298037,0.00444507051749473,0.0023884946110066534,0.0035252438859081415,0.18571471958925778,0.08126707335422523,1.3616885397027545e-13
2021-06-23,0.015239978028831641,0.010791334509967174,0.00801414865581864,0.0015659673254913437,0.0006911216395264895,0.0008089297160884052,0.09642343787806425,0.09425075042341516,1.3605783166781293e-13
2021-06-24,0.017517267180088877,0.009962528085381728,0.007223242958522705,0.001378744310860533,0.0005389290839372866,0.0005776025395503411,0.0682513631015951,0.030858502130056913,1.360821177964766e-13
2021-06-25,0.016885143984025384,0.009606076611082901,0.0067073288729172,0.001922944506550138,0.0006622122608235746,0.0008933339339734812,0.06651398692570591,0.049237492723117234,1.360231371982934e-13
2021-06-28,0.014843286999823757,0.010483504353516476,0.006844858730139343,0.0019267439693561733,0.0012470178511939834,0.0012822418788816991,0.057259370877285866,0.05883172695014825,1.3610293447818833e-13
2021-06-29,0.008936970291699587,0.007818791481941178,0.005904590978798025,0.0021369362288195873,0.0013963119217681882,0.0014478692422417064,0.07773024343247706,0.033548295350677146,1.3603354553914926e-13
2021-06-30,0.016533458814943225,0.006012657363761942,0.006069521024454626,0.0014240487814660835,0.0007398278952029446,0.0003709562420683687,0.05324594821385229,0.02970469649177937,1.3604742332695707e-13
2021-07-01,0.016103083099970345,0.0077112090796647255,0.005763155637734425,0.0017934177256660744,0.0008985136759190254,0.0007474605900757328,0.0336357662930725,0.0202290792015034,1.361584456294196e-13
2021-07-02,0.014863861577773623,0.007150499833316974,0.005386800173623667,0.0013716232885683313,0.0005385174561753944,0.0008709354615878517,0.032207582663918155,0.024591219275707354,1.3610987337209224e-13
2021-07-06,0.013466684859106145,0.008123273785952189,0.00559893851656104,0.0018517490187123717,0.0013508715723160307,0.0012376706030159301,0.03700312629899962,0.042950697196585265,1.3610987337209224e-13
2021-07-07,0.017419920407229256,0.011361941886483411,0.01640463672807572,0.004634757808050005,0.002019230439156958,0.002537290982674481,0.0944361966614311,0.07459236572660996,1.3599538162267777e-13
2021-07-08,0.013648177818818014,0.011486372773296945,0.013486750859560831,0.0021640037057597053,0.001336757481760599,0.0013196492116823264,0.04945789171867898,0.05665186511395559,1.359398704714465e-13
2021-07-09,0.025523930482196228,0.0138828859955411,0.013157607536041938,0.0031328997949142956,0.0008792501568882189,0.0016339037136404555,0.0820069246050669,0.05752677551488923,1.3595721770620628e-13
2021-07-12,0.02507077036870567,0.01091134514179961,0.011376549044588125,0.004395079057494734,0.002018135992940793,0.0030923046260114954,0.10846364827089791,0.07320623397762754,1.359710954940141e-13
2021-07-13,0.01590807179858315,0.009803509338944291,0.007363252491239952,0.0011433189245367292,0.0002889750544900009,0.0006352426999788423,0.07565807694944335,0.08116870096093126,1.3595374825925433e-13
2021-07-14,0.015337681134342024,0.009826294199605587,0.013089230097425205,0.00247853700839748,0.0012537441947092316,0.0009014114392585815,0.07629487572914935,0.08426598639856879,1.3604048443305317e-13
2021-07-15,0.013664232969736576,0.008621315780021798,0.010207913496411291,0.0025340179639140384,0.001872282194355797,0.0015351672120313374,0.06758092464310439,0.06946814331861251,1.3609599558428442e-13
2021-07-16,0.023941754669618804,0.008691256391904864,0.007360148499598972,0.0022287094344883712,0.001391993032796788,0.0018936318119167114,0.08068974169730561,0.03150933336011633,1.3608905669038052e-13
2021-07-19,0.022660500914835735,0.00839712576477113,0.010115074728415139,0.00199287096187873,0.0009231355973826289,0.0009902687467274207,0.07364784091138271,0.07444803818523522,1.3609252613733247e-13
2021-07-20,0.01583585135193204,0.014173771906490088,0.018188544634036276,0.00616688356093819,0.0033803112534667883,0.005664672377677201,0.1750770044390262,0.0906296437300154,1.3600578996353363e-13
2021-07-21,0.01665309455686088,0.010981895900669085,0.013134602243030702,0.004531050621022319,0.0015031261790284473,0.0034945897248330965,0.192524865938202,0.1349356477277256,1.3597456494096605e-13
2021-07-22,0.012710351947838903,0.009172822832661158,0.011007246932973645,0.004068514110708146,0.002066759290467828,0.0031312014821167503,0.17203964038445463,0.04026512706625366,1.3591211489583088e-13
2021-07-23,0.01245197569098652,0.007414889318110211,0.00840783919157316,0.0022790464729390003,0.0012675419361767872,0.001150358650687127,0.1062178691963869,0.04442267151648026,1.360231371982934e-13
2021-07-26,0.014815736784239402,0.008798526538897861,0.007166837517684309,0.0029931159937352236,0.0009972856796539248,0.0018724810069215027,0.10270057752940946,0.0327407120793672,1.3596415660011019e-13
2021-07-27,0.011574884167191133,0.01065785503309903,0.008984029981001207,0.0018750945695239288,0.000630502966716335,0.0008389821089987684,0.10213709047804946,0.06033718673359785,1.3589823710802307e-13
2021-07-28,0.014739422516567343,0.009260414609863332,0.013099066225277123,0.003440784232106503,0.0015386662827117877,0.0023946837846264266,0.07639874549232595,0.048425891061060204,1.359398704714465e-13
2021-07-29,0.010827077153514667,0.009192854900493245,0.008127440974501002,0.0026588202523266866,0.0006174517589652919,0.0005819802299576501,0.08224015008670424,0.05751161024805731,1.3597456494096605e-13
2021-07-30,0.011301467032401744,0.009870947665650226,0.006828747061549468,0.002485552710639799,0.0016278492182249366,0.0019347833496450376,0.0777273808651269,0.027419463868162085,1.3603354553914926e-13
2021-08-02,0.011652976823171585,0.008805330442195638,0.005746463642438595,0.001967428615700942,0.0010334606143512842,0.001396503382998926,0.058578292619225494,0.042933619120234655,1.3596762604706214e-13
2021-08-03,0.013782738202233386,0.008839826766892581,0.0069430060090868275,0.002200709695816483,0.00136187003235855,0.0019121915949846025,0.06203795014112531,0.03441534764034854,1.3597456494096605e-13
2021-08-04,0.011831570623409365,0.008015905296564147,0.005584333518905558,0.0014816420122324286,0.00042184267520584807,0.0009195727180741559,0.03742491383496047,0.026476686550407275,1.3591558434278284e-13
2021-08-05,0.017185134126054758,0.008354047272779563,0.010385653654354843,0.002175890763395673,0.0008265960921921963,0.001275351142808676,0.06466964855035871,0.060462473265386375,1.3595027881230237e-13
2021-08-06,0.012922250510994474,0.00819974106758971,0.007868446977305552,0.0032407471314228886,0.0013522855495102964,0.0023577239444852443,0.08469264646879326,0.05085493972247936,1.3592252323668674e-13
2021-08-09,0.019066790863667922,0.012046931444716542,0.018380602709011866,0.002940611992314157,0.0030370460976560337,0.002000630017244996,0.10221736282671182,0.1132731159752622,1.3580456204032032e-13
2021-08-10,0.015789296168422663,0.011844444710072736,0.01622111115671924,0.0021520532384780716,0.001696580189906201,0.0010007934440925152,0.07020314910052712,0.06857729892404715,1.3575945922994492e-13
2021-08-11,0.017632399931536688,0.010583058758933707,0.011252698563777691,0.002121707708487526,0.0009906995911544384,0.0013166472242669863,0.10456912630427369,0.05084698638667122,1.3575252033604102e-13
2021-08-12,0.012965792453249289,0.01174066930056133,0.008993146855100439,0.0017053921044516418,0.0011712548461516462,0.0005986600875767201,0.06250951937857044,0.04308760403240064,1.3581843982812813e-13
2021-08-13,0.013390306928715845,0.010872351315626319,0.006028316813990886,0.001270825524486971,0.0004169183999926487,0.000833064188124575,0.03559563343170618,0.030334135539250167,1.3581150093422423e-13
2021-08-16,0.012983161177348384,0.010265450678092525,0.0073444983504353575,0.002653718626161025,0.0024357196534273333,0.0018015497734369126,0.07939082425301588,0.059878683392845286,1.3585313429764767e-13
2021-08-17,0.014136748405229937,0.009514956429469531,0.006019690904369031,0.0017976751160424798,0.0006312495991951187,0.0005824256792419752,0.07296214526988092,0.0528577623742008,1.3585313429764767e-13
2021-08-18,0.020897401100955712,0.009613963365208242,0.010408463986374421,0.0024656483206621296,0.0008181696991781311,0.0012210813792376042,0.08214752338486808,0.07576323099320355,1.359190537897348e-13
2021-08-19,0.018110200345322413,0.011217517080326325,0.013260450097853071,0.0023902424399744396,0.000945505728830302,0.0017604707810901289,0.045163867755965315,0.025531330840335386,1.358427259567918e-13
2021-08-20,0.011172944910013135,0.011672619759377386,0.011449123157026536,0.003522168814409067,0.0011603230375707325,0.0012972762937709832,0.07331654930476256,0.03328321636413075,1.3579762314641641e-13
2021-08-23,0.015639105504977914,0.011047802067021073,0.010897327577043484,0.0029053514372033157,0.0010086411522236267,0.0017355414373654283,0.08632914170435313,0.05325919791946876,1.3572823420737734e-13
2021-08-24,0.012382338481242908,0.0115028873345743,0.011611298587314672,0.004023692045431522,0.002405049444047171,0.0034246714629223634,0.10965618715146144,0.07214133362604158,1.357455814421371e-13
2021-08-25,0.012903355753413748,0.009100804140741952,0.008144160903427195,0.003532596947113449,0.0012279674326199324,0.002213980860415448,0.0781766301607586,0.06828301957430719,1.3580803148727227e-13
2021-08-26,0.01402532803113841,0.009240104002341622,0.007856263619855097,0.001726158341976751,0.0014433411435353402,0.001607793389796664,0.06120660178983579,0.025022152994947443,1.357837453586086e-13
2021-08-27,0.011710369632759548,0.007018185403803998,0.006480693099494439,0.002043432192570846,0.0006002792062427441,0.0011737403965950092,0.05785007125758755,0.04011870812793244,1.3584619540374376e-13
2021-08-30,0.014180860965200198,0.010132446461300374,0.008522918544355076,0.0022018826978992337,0.001943739981511031,0.004412686013654929,0.09028231409860396,0.12497466104405217,1.3590170655497502e-13
2021-08-31,0.015203089383184109,0.008296322804305275,0.006752672043957022,0.001623456630847557,0.0008126810870146656,0.0036838173961417824,0.05289951826746899,0.10837522233608501,1.3580803148727227e-13
2021-09-01,0.011267827989056964,0.007139706445864547,0.0048800219274910345,0.0017501188153007177,0.0009070121316844843,0.000908614879661719,0.04294551868831177,0.025160142870734183,1.3577333701775274e-13
2021-09-02,0.011613106140462907,0.00608670349499995,0.004811512171162455,0.00241784952840466,0.0003507168470908585,0.0003771498964051439,0.03483557814270194,0.03638429792823857,1.3576292867689688e-13
2021-09-03,0.009527562133887111,0.005149558114547283,0.004460713534883715,0.0016062135310185369,0.0008784670262352455,0.0008064751716894295,0.03301818343135528,0.03296596062826296,1.3575598978299297e-13
2021-09-07,0.014251510423799216,0.006456144895492462,0.0056310158425486225,0.001879888334264647,0.0013219603180189936,0.0011950991993089901,0.041081779195734434,0.04882892330673505,1.3576639812384883e-13
2021-09-08,0.013173770360179854,0.009429994872879655,0.01254145570312513,0.0025728425795950305,0.002039836059702252,0.0009138554895551079,0.08849643774883668,0.07807840633124505,1.3578721480556055e-13
2021-09-09,0.0084915298640857,0.0059074771608670935,0.007072783594701597,0.0027891070366150086,0.0011255075120476356,0.0011282497796748464,0.11242403533643723,0.08202071246824967,1.357455814421371e-13
2021-09-10,0.011779172485606027,0.0067513256798582295,0.012007213689628263,0.002720764063592701,0.0016828998014547006,0.0019799311688741164,0.09574592948059663,0.020539505999056053,1.358219092750801e-13
2021-09-13,0.013167435048680131,0.006942128863406928,0.012956062034892527,0.0023427690220766684,0.0014858460838409312,0.0014138077068030844,0.06355366482553232,0.0636284497625774,1.3583231761593595e-13
2021-09-14,0.011077631924213115,0.007192482612058554,0.009281339839985215,0.0011683482135220885,0.0009590543605773669,0.0007032993312224644,0.07071672451635926,0.08904586777456427,1.35828848168984e-13
2021-09-15,0.013293780738343702,0.00920206697340328,0.009663347823859272,0.002487796474292432,0.0015989343447438205,0.0018241517552413215,0.04663295194025452,0.049968327132411915,1.358739509793594e-13
2021-09-16,0.012135864079322217,0.007884747127747633,0.006274964656903556,0.002430460817247175,0.001094943587186755,0.0018849530882797678,0.07561113847614073,0.034230249047073835,1.3586007319155158e-13
2021-09-17,0.01815931373817441,0.007597554205111007,0.007622248177831756,0.0023814574191364235,0.001775342985803504,0.000819532472238185,0.08428465653918842,0.08442099066073208,1.3579762314641641e-13
2021-09-20,0.013749674335956788,0.009151435352065685,0.013347085958789648,0.001982130674480345,0.001045167690206389,0.0013030246773849427,0.10668440124313316,0.03808599167607238,1.3580109259336837e-13
2021-09-21,0.017169898056636206,0.01205322043166281,0.017832471927588116,0.005729223646602742,0.0021959173176317355,0.003827418640578771,0.12081455676672445,0.07156424419609048,1.3586007319155158e-13
2021-09-22,0.01683106886104761,0.012192718352622974,0.011325447709142933,0.0014204273018675675,0.00055435228892874,0.0007573971993828426,0.12196312609844526,0.13076791087318276,1.3590864544887893e-13
2021-09-23,0.01302260287164431,0.011811989933695205,0.008433517730384471,0.002295650856028883,0.001303329353613966,0.0017896369957350576,0.06194524552975975,0.05451123659810344,1.3589476766107111e-13
2021-09-24,0.01990388200210671,0.012290500519189191,0.016380005337406776,0.005188306492174916,0.003416040627974162,0.004267444090232385,0.13887485153787268,0.08412392093361135,1.3586354263850353e-13
2021-09-27,0.014652935129411303,0.01146199628130606,0.012841209600141974,0.002243312096222,0.0011074790409045408,0.0011417144976158624,0.1430486384914389,0.08239327184816703,1.3590864544887893e-13
2021-09-28,0.021678352555042732,0.011677163765926205,0.012637061590336557,0.0029812577492163497,0.0008901228833387481,0.0011707007164496713,0.06603674998077065,0.0596261133972668,1.3595721770620628e-13
2021-09-29,0.07861893879920676,0.06357114767102187,0.06108270497733024,0.003367101084340532,0.0028183861508660393,0.08216605811277672,0.1183962361587485,0.27112962628917703,1.360231371982934e-13
2021-09-30,0.05789963705922667,0.05298306339553403,0.05159136926493674,0.0014725424497004577,0.00043592935036948293,0.0709572819022886,0.08503890424327902,0.250141589382981,1.3594680936535042e-13
2021-10-01,0.021548089786424883,0.017300841987068116,0.016800591769443797,0.003370130765780875,0.001419439500010386,0.011104591215176434,0.08828471144519616,0.049552867431408375,1.3610987337209224e-13
2021-10-04,0.013647839106608651,0.011014277480909598,0.009323630652755256,0.002271786433226182,0.001672195380436578,0.0024107766357538037,0.08285639551363151,0.09244072048263144,1.3604395388000512e-13
2021-10-05,0.012528926656728289,0.01582421119954222,0.015435196382312033,0.00374976214086354,0.0012749197052529366,0.0027670180138176935,0.11868318565744225,0.12555646976426318,1.3625905959102624e-13
2021-10-06,0.013489222297905012,0.013072080016273153,0.00951298652346992,0.003437049152297797,0.0016328702215565702,0.0028001792397516025,0.18443296361695855,0.09266526978134332,1.3618967065198717e-13
2021-10-07,0.014776468767139816,0.00931097659626998,0.009009802494631335,0.002694636927132725,0.000927304492500341,0.0014153479035199017,0.0746039631796042,0.027977165713240222,1.361792623111313e-13
2021-10-08,0.012936697139625138,0.010780642694403349,0.009513462975096887,0.003917734597577757,0.0017729298759232375,0.002621415128907256,0.06688571414951841,0.04892927854906678,1.3617579286417936e-13
2021-10-11,0.011557343819411314,0.010478573880924194,0.008485465610112075,0.001668537623048763,0.0010907462744285125,0.0009503660083553753,0.08260805923271493,0.062197604547949446,1.3619314009893912e-13
2021-10-12,0.012411848991421552,0.008067741635043204,0.010121590259864036,0.0012792813425964167,0.0008291516583615915,0.0008801010254246014,0.07875381843998337,0.0254519829053721,1.3625905959102624e-13
2021-10-13,0.00947628361974236,0.008037262416541738,0.008706744412172701,0.00248521157978783,0.0019903957715705087,0.0019753096918121785,0.08777637430718224,0.07994383511088385,1.3619314009893912e-13
2021-10-14,0.011701689427969841,0.008997903352222916,0.007101688163767507,0.001795623596554101,0.00196039219606122,0.0014422433252935473,0.06377085402998228,0.0407856389515567,1.3626599848493015e-13
2021-10-15,0.013210512514231101,0.010630946070586839,0.00676477577735069,0.002498611770898461,0.0013983362507183112,0.0024679823585776347,0.1324309302689512,0.043582280396629224,1.3614803728856373e-13
2021-10-18,0.01483465993536438,0.01250784584944139,0.011789603896334698,0.003318915817106735,0.0018015635307345058,0.0024137557969455066,0.10712466043955757,0.08729216164511097,1.3616191507637154e-13
2021-10-19,0.010505214455716286,0.011886708690421646,0.00819577306341492,0.001637976249006197,0.0007484275096073544,0.0012994598821728315,0.03829241885045356,0.05032252819838121,1.3615150673551568e-13
2021-10-20,0.014133687769951164,0.012752232652630733,0.010994457721102132,0.0025744146067630397,0.0018111027239755835,0.0024214397776556517,0.05334725865770994,0.05404550199988274,1.3617579286417936e-13
2021-10-21,0.012798548798264513,0.011713993626657045,0.008036217494719203,0.0025102173864211194,0.001141771991751808,0.0012396925022042824,0.049865227868463126,0.04182046223597389,1.3613415950075591e-13
2021-10-22,0.018307666841686932,0.011600259335475382,0.011230258688119155,0.0018430135305738601,0.0008677082356167348,0.0010830652068219604,0.06227012910874448,0.05118705268163792,1.3605783166781293e-13
2021-10-25,0.015617962377745973,0.009432187530670526,0.009757656021764424,0.002145627632121172,0.0015586086785215683,0.0018517418711008077,0.11639837874104338,0.04107011024274403,1.3611681226599615e-13
2021-10-26,0.015705493676882794,0.009123926497036871,0.006235688324666919,0.001626614542350302,0.0009064585255584102,0.0010574000626185464,0.05476339887541139,0.021456196825569672,1.3609252613733247e-13
2021-10-27,0.013213617479117434,0.008638653564506278,0.004949417992537285,0.0017688353802521387,0.001134558049361148,0.0010956947019196792,0.042681686932338994,0.03433481545842552,1.361133428190442e-13
2021-10-28,0.012841175446726286,0.012425355570955091,0.015170370541499539,0.003999494488556313,0.0023505629646485603,0.002968429770612624,0.09034935910142279,0.057817176443647256,1.3609599558428442e-13
2021-10-29,0.01917494927923865,0.01039125749813018,0.008766046544040238,0.0030817367903056073,0.000840992811818947,0.002065085934160693,0.12427236332930887,0.07446943656336782,1.3596762604706214e-13
2021-11-01,0.019537799609675936,0.0114319025030005,0.009886958749143115,0.00244847391667425,0.0008779175095194637,0.0009407772418647785,0.056822053784451786,0.058230719535265284,1.3589476766107111e-13
2021-11-02,0.012268704106639883,0.009605954732766753,0.009392981773316277,0.0027424779218407774,0.0009451041282848617,0.0012138081200835026,0.06316750070290153,0.046345711000705316,1.3595374825925433e-13
2021-11-03,0.01354671107128314,0.00948684161617631,0.007661015976933419,0.0014688562161558547,0.0008917611162447938,0.00040427710540809814,0.08094011632255742,0.022902927105841984,1.3586354263850353e-13
2021-11-04,0.012320691518082802,0.009881804793009432,0.012640340161107048,0.0042534980723981375,0.0021751036775416463,0.002601019056090249,0.14133558324425957,0.06951382487700866,1.3578027591165664e-13
2021-11-05,0.012389052472732268,0.010984426021321509,0.010559501379428423,0.0027604817981545585,0.0019816720280530723,0.0012869062208927665,0.1434224603361726,0.0614814443888549,1.3565884526833827e-13
2021-11-08,0.014061115170353461,0.011770200553027963,0.009952483682687922,0.0023779079984182494,0.002409744327284047,0.0016617153470983345,0.07751616657529556,0.05885280043390971,1.357455814421371e-13
2021-11-09,0.013227350557250047,0.0089713773014361,0.008546541261930479,0.001535187465985216,0.0007762813937412387,0.0008002728625731575,0.08826535748623306,0.08668516845018148,1.3585660374459962e-13
2021-11-10,0.015286528763112572,0.009221863319044562,0.007101383867885598,0.0023398914112127828,0.0017073327438309465,0.0018491196939405745,0.04966437789206774,0.03261968533966734,1.3586701208545549e-13
2021-11-11,0.011484829624411596,0.011018930333763222,0.016715860703453034,0.002672566600659919,0.0031807433880800436,0.001709013384818239,0.13781143706676402,0.15056920997323578,1.359398704714465e-13
2021-11-12,0.012835500273819276,0.01104470299264597,0.01196732864502959,0.002172163023436105,0.0008003060501141203,0.0011870281093893926,0.08321684152579369,0.1532294987854585,1.3592252323668674e-13
2021-11-15,0.012134893210606793,0.008352311878795702,0.008453812784061484,0.0015232675796757883,0.0006982215620081161,0.0014451104895741819,0.05453512719546664,0.02545554748262956,1.3595374825925433e-13
2021-11-16,0.01485582853596527,0.008331834518040482,0.010951309683639388,0.0016323060808447198,0.001628059972670751,0.0017090616339816797,0.08746828729506967,0.06870253841389291,1.3599885106962972e-13
2021-11-17,0.01282179502468655,0.006589109414392659,0.0063989571818059785,0.0015003500726223917,0.0007370019766542743,0.0009174850417777873,0.0627016984212101,0.04816654014516182,1.3587048153240744e-13
2021-11-18,0.021223735634464332,0.006309064689446552,0.007070800105538559,0.002510012710820575,0.0015658643526334456,0.0017139902117235318,0.056588304493985754,0.0362720031983802,1.3592252323668674e-13
2021-11-19,0.011386963711406305,0.006181948261477081,0.006360230019135318,0.0018426336989304792,0.0007925271091382812,0.0009860161611491684,0.05274498185170926,0.01998722208182061,1.3587742042631135e-13
2021-11-22,0.020817421034664187,0.008641223773716119,0.010430872674146593,0.0029431485390120707,0.0016561370061866816,0.001928937630177712,0.08171427849114928,0.0378235571049527,1.3589129821411916e-13
2021-11-23,0.016230863774597752,0.008329537452109953,0.013486916136272833,0.0023232961349466605,0.0028023840786452346,0.0017597167836488933,0.1333664914319517,0.11309386720319381,1.3586354263850353e-13
2021-11-24,0.012328834950602862,0.008326928624388275,0.012100648975385445,0.0027033953048103618,0.0022628584416507103,0.0021618465200198386,0.06457075202023888,0.09029307408732802,1.3583925650983986e-13
2021-11-26,0.011950339601837917,0.00807215171678623,0.009232487603928499,0.0022375296944374054,0.001764830045289815,0.0016600923716590728,0.1276004476152128,0.07466306651684237,1.3576639812384883e-13
2021-11-29,0.1818215582700929,0.16315533714908703,0.16367903627150837,0.00985317651423498,0.004425209601983469,0.27537989063717966,0.22527246322180802,0.21045697423307766,1.6971920396846585e-10
2021-11-30,0.09076267832853616,0.08509907431659339,0.0844758101340172,0.002829201795072893,0.0011541280710447347,0.16310554495795726,0.2138347691415976,0.22530829722541307,1.7571043925412866e-10
2021-12-01,0.017893924230198588,0.017581759100857804,0.017741240009715466,0.005089350584550997,0.002540820572051066,0.012549119543317663,0.1553359746624059,0.131613543810196,1.6569158545198803e-10
2021-12-02,0.057823420907955336,0.053215368119575314,0.05269881468605806,0.004087996644954316,0.0010834111877377507,0.07984550198559445,0.08982546539713568,0.06280227203859332,1.3575945922994492e-13
2021-12-03,0.061224522416381655,0.06640382600375783,0.055832040316165746,0.004049941777585192,0.0013073075275554732,0.0856163754176748,0.1873065087767173,0.11695642220032976,1.6902002020202644e-10
2021-12-06,0.056491202766099854,0.05875289698146743,0.04746671194505877,0.0043358293863149724,0.002198990551947815,0.07169020318141767,0.1995961774792902,0.11006355995341155,1.5832312544317162e-10
2021-12-07,0.022614022748825215,0.02543628142034085,0.01923149667993267,0.004240172120639922,0.002146140092884245,0.020144420099226904,0.19679331324432608,0.07476077794726452,1.6897947277549896e-10
2021-12-08,0.1344792600184132,0.12774138941412977,0.1249528006165734,0.004943570913723223,0.002065357255977605,0.21252170531625098,0.15211373148981977,0.11484813203417181,1.8170722912436155e-10
2021-12-09,0.05662614467714807,0.05368946851334929,0.05137630791786772,0.0027055966045459456,0.0021351955975191603,0.10119130244361707,0.09387326792086534,0.10539572560471595,1.8856165240332956e-10
2021-12-10,0.05779898260079451,0.055884902243271695,0.052643741900204724,0.0031691483062649406,0.0016126641060889245,0.10629138448604918,0.15321630851237386,0.12539331312004026,1.8079309577201386e-10
2021-12-13,0.05878045235515368,0.05739057310160606,0.05499084472731253,0.0018520036012043758,0.0010482694860808675,0.10791187519400006,0.0961128037461971,0.15939405547502808,1.8195956894007104e-10
2021-12-14,0.06929205534054246,0.05984324967935375,0.059285016927297395,0.004346687339371311,0.0019189168823651535,0.09386013549023746,0.10574179843604928,0.10055610163724696,1.7416613637410983e-10
2021-12-15,0.017770289239781835,0.01567554229659205,0.017802764194600078,0.0016327415922194471,0.0012354814436345168,0.01864377008740841,0.15226805345117073,0.0887139033763195,1.715683706215998e-10
2021-12-16,0.017123475105497145,0.013927479851197832,0.012344264692916575,0.003941518324340948,0.0015216956339655573,0.011091615135708308,0.13064890592099707,0.13876427346743878,1.7993102147118023e-10
2021-12-17,0.027402299417988385,0.019805392182579862,0.024451687590235544,0.0038828827352410736,0.0012482331202058944,0.020507506309134747,0.17599466796599092,0.09183614688235617,1.3585313429764767e-13
2021-12-20,0.016694430470123076,0.01507065351651595,0.015612404096505366,0.0029278427525691667,0.0014562161752585817,0.006214258515557724,0.12549967915306476,0.04501831977017014,1.3573517310128125e-13
2021-12-21,0.011174863705774097,0.010000619758191125,0.011044050628123121,0.0018548469280147,0.0013748720159050798,0.0014819783363855961,0.10799005728864106,0.09839550588617355,1.357906842525125e-13
2021-12-22,0.028982320252079186,0.02634069833160565,0.02628575700262234,0.004477614568534773,0.0019293667658347481,0.02886457998581209,0.1773115599235953,0.1879706372021166,1.7663517176691457e-10
2021-12-23,0.011915509607995029,0.013585549418661741,0.010127299606392182,0.0017983838873292732,0.001468225657794291,0.005936282412123842,0.09069896355157807,0.058615973256993616,1.797046504659061e-10
2021-12-27,0.02557723697594761,0.025065705405051958,0.021100335795782774,0.001957599588145967,0.0011340369692950589,0.02456133171185482,0.08529495786261812,0.04067656373193819,1.8370209173279584e-10
2021-12-28,0.010217143233721608,0.0117749593121006,0.007575569986593233,0.0026363571972641137,0.001168203519946433,0.0021158784561571566,0.11989055411816332,0.06140642970123984,1.899223382728632e-10
2021-12-29,0.016651767036422405,0.01567149353313613,0.010774085202494893,0.0010661187021549987,0.0006740651127134078,0.007831365270590238,0.0807120203696324,0.07943259576856251,1.3571782586652148e-13
2021-12-30,0.01716614988945996,0.014211791133809082,0.010624721052308517,0.0017992582613806096,0.0015400755446015636,0.0024727279425253088,0.08431366808635189,0.04707742751201538,1.356345591396746e-13
2021-12-31,0.013737124525889908,0.011725888622618875,0.00573523597348577,0.0021850749108592304,0.0014314095091944791,0.0018081776433922906,0.10578435793256033,0.05192163622760439,1.3571088697261757e-13
2022-01-03,0.011325045363986054,0.009522126997135599,0.005442905682103453,0.0013155370317749007,0.0006713042478651841,0.000756184421161618,0.03650265303661114,0.035867518784510735,1.3569700918480976e-13
2022-01-04,0.01768659142176628,0.014332637346624544,0.019344710759952963,0.004959464217219087,0.003823382653796563,0.004109904241511029,0.18894993976897828,0.11362128382870758,1.3571782586652148e-13
2022-01-05,0.014237921534066247,0.013559832088577469,0.014868175619505191,0.0021792275816415255,0.0010464266817125153,0.0014318854605057804,0.20490233979455094,0.10378145528627018,1.3581150093422423e-13
2022-01-06,0.09998747859061088,0.10475954514603406,0.09902842195239789,0.004962682391802357,0.0017611173734881206,0.1472408866097409,0.11628349522677386,0.2197292881860446,1.8741975332803307e-10
2022-01-07,0.06815153390446382,0.07490079872587208,0.07192724641379283,0.0018815327106853907,0.0010682582106842612,0.11137668978391506,0.10587336136514529,0.20802750608070952,1.895223353254316e-10
2022-01-10,0.03190285489760164,0.026705679591932503,0.02655932288274937,0.002436618723989689,0.001338096218651532,0.029229371034327815,0.06112098220246245,0.047965314522919425,1.360161983043895e-13
2022-01-11,0.016075274651874305,0.01049723148208263,0.009516437847953207,0.0013915123642749688,0.0004775210056049149,0.0052305333706821715,0.07516994280455955,0.0494425813881798,1.3594680936535042e-13
2022-01-12,0.015479247130985235,0.014064077397869856,0.012832311818414488,0.0026300103297524774,0.0019783522542986204,0.010081081262511674,0.09877662062292501,0.09679289581574221,1.8885282920821922e-10
2022-01-13,0.015170906260353922,0.011296336464059663,0.009308604691162311,0.002217383766247444,0.0006870420876519535,0.007620825557386773,0.048864445729021974,0.09718478964459668,1.3611681226599615e-13
2022-01-14,0.014221212478636381,0.011186565621828792,0.012657673094655852,0.0036155032107985374,0.001664582384814013,0.0033221584725208315,0.11172298630776104,0.11769756984177004,1.3606477056171684e-13
2022-01-18,0.012730958285802618,0.010168099297293589,0.010559234470753302,0.0027333736067602366,0.0022909047748195794,0.003613185820182447,0.17015136975477618,0.05221037168175354,1.3616191507637154e-13
2022-01-19,0.056820392739190886,0.05398782277120562,0.05111744798142241,0.003925059705594661,0.002706981178466946,0.06773412670155216,0.11014568998285712,0.11333128835872994,1.7914927527562519e-10
2022-01-20,0.04325544784929072,0.041233293784056026,0.03986953504461958,0.0038080254633167596,0.001695357203634953,0.05239358989956908,0.14408013405091347,0.13821599826697503,1.7038799537960614e-10
2022-01-21,0.01813260625213895,0.016467092415935847,0.01934693022461752,0.0031197408577897726,0.0009793193842871587,0.012422534507988584,0.06062392155881695,0.04089220917894973,1.3647416530204737e-13
2022-01-24,0.026273886305413545,0.014238025807105545,0.017638575118196605,0.005288024226877831,0.002036762214235468,0.0049100705765421394,0.08761305560104235,0.05145632578142696,1.3652620700632667e-13
2022-01-25,0.01935433744336979,0.013084696891377808,0.013511015893652676,0.003282680063350682,0.0010925904659910813,0.00308168417662266,0.21201999576947478,0.08179980051774308,1.365990653923177e-13
2022-01-26,0.013615301558208018,0.011120098056313893,0.011640680446384413,0.0029985204051441797,0.0011353356026204933,0.002084256606429735,0.12582287389750677,0.07672535700883146,1.366372293087892e-13
2022-01-27,0.016676406152591545,0.017312931852786092,0.011789251422376726,0.0026726514895266326,0.002318141934443685,0.0017638750368904933,0.17124166205208474,0.05751977746761894,1.3666845433135677e-13
2022-01-28,0.014613853656977186,0.010244339825362644,0.015329694136561389,0.004164504560699146,0.0023467288743917202,0.00338577324368831,0.16644090607342601,0.054528111530042264,1.3666151543745286e-13
2022-01-31,0.019013184338879448,0.02691740994028801,0.018270625743126778,0.005591609645875746,0.0012765990747343945,0.01125174730443846,0.26953124421606295,0.1209961123262983,1.51683065413577e-10
2022-02-01,0.12160950939274784,0.11418048082103696,0.11160867834390797,0.005569209570930489,0.0015095272185631523,0.16999949290577787,0.08891660901036355,0.037217438216706276,1.6436440056222246e-10
2022-02-02,0.020797610357862782,0.020958641537693706,0.018335268208673206,0.0019297321501713788,0.0007810785352965399,0.03133069042661607,0.1779794971689725,0.07712437387388624,1.671358954014046e-10
2022-02-03,0.04294293075261214,0.040644507432323985,0.03827317583046088,0.002083573506057909,0.0008435999237219344,0.06540823969366312,0.05961184920752487,0.053381079527253274,1.6863484220142055e-10
2022-02-04,0.19380285343843048,0.18972021564933322,0.18439684159569505,0.004164138640391862,0.0023343148406314114,0.41516059184411186,0.18913583768797482,0.23541963132961713,1.6105310834957365e-10
2022-02-07,0.013023130941183961,0.013379688094669783,0.015242434214328979,0.0034964628688626542,0.0024889380103766145,0.032114019623216444,0.17304575109903703,0.12790004634133617,1.6485757550754876e-10
2022-02-08,0.03744986763230616,0.03662765958953698,0.03613835744236973,0.0014123420203824982,0.0006587258227333798,0.10241086729974894,0.14936250746024254,0.07753340277490181,1.6295001112331953e-10
2022-02-09,0.0868970242957161,0.08375540194395595,0.08176282289906704,0.0034309080847930926,0.0013397083336826104,0.17792935452486727,0.10400415796382845,0.040637357141722105,1.6826672694092437e-10
2022-02-10,0.11311967517886898,0.10895032497411876,0.10805160764781356,0.0034582334088727323,0.0013353267076124547,0.2413089196430907,0.0992490624208748,0.08879887899046737,1.780387365313274e-10
2022-02-11,0.022123776709881464,0.02800098483140918,0.027867254352497556,0.002461150165710975,0.0031041695891088936,0.12164365962988395,0.17965702877913994,0.31944902455927365,1.735371291111676e-10
2022-02-14,0.007995093656526253,0.01621549959144524,0.010603390275480231,0.006884858126290819,0.0035926035220476167,0.009420424356744072,0.2110582576105803,0.2016735393811307,1.5773288231102356e-10
2022-02-15,0.009343423666316904,0.01565678979119591,0.008110295182642353,0.0022654007683274857,0.0021056134208810853,0.009591791359168215,0.2057003286426955,0.0679347262419948,1.5694014490752473e-10
2022-02-16,0.010303372569227181,0.009176915506437202,0.009407122280067627,0.006640608755617304,0.0023714005716223008,0.005512396737428727,0.1868004523043928,0.10400947597178536,1.7185031869759726e-10
2022-02-17,0.008052573027266004,0.010992507714313685,0.008258744526923295,0.001231886804937271,0.0011775433216277748,0.03146066233829278,0.20740728852874746,0.09619352220950418,1.7137492813734667e-10
2022-02-18,0.009878646483879585,0.016719739762400383,0.008958030030966822,0.006142251725972193,0.002194465167201655,0.014492470619940453,0.18928034300159824,0.1387414573948696,1.5752815371583573e-10
2022-02-22,0.026723583008446055,0.029045044700367794,0.02583555519446241,0.0028197801145291163,0.0013212107289392555,0.0883791100525986,0.10833892342330506,0.10814172865504745,1.510610248001143e-10
2022-02-23,0.06629538175136247,0.06498626255414644,0.06393113330295788,0.0033687810655560133,0.0009397742762928187,0.15561026433330793,0.0800139258402971,0.042736375602590644,1.4468733156025593e-10
2022-02-24,0.04705252283005444,0.04029167703421716,0.04607211322092319,0.0039378909236084045,0.0026563125872963566,0.10970913197605014,0.09701422956249553,0.11010464487621063,1.385727990688146e-10
2022-02-25,0.03269220001830512,0.03129937968420402,0.03313099610333291,0.005761581192607126,0.001677152670581421,0.07883206800127797,0.21989564982657198,0.16300450762154778,1.4227911904196588e-10
2022-02-28,0.06331184305804785,0.06221114900861876,0.06248903331729074,0.005608602657180724,0.001374264559418291,0.16026197390192437,0.13358788058536344,0.056538227101983585,1.542756269956591e-10
2022-03-01,0.031385411428484104,0.04360356629409767,0.03339210920805816,0.005084724159724836,0.003414386724378258,0.0935295182891597,0.2068873594823022,0.06015304414762522,1.4270008091843422e-10
2022-03-02,0.09135058358850157,0.08668935594947522,0.08524720895662907,0.00725930546817842,0.003651404119411907,0.18381919630498778,0.18632483271075823,0.10843752446036237,1.301869584358073e-10
2022-03-03,0.07889252493709897,0.07493771308782485,0.07109570416426597,0.00803089137592019,0.005388787555004795,0.1204975060671366,0.2960480471151091,0.1516918376203998,1.372200963967174e-13
2022-03-04,0.04168708043402555,0.03913973918783341,0.03877055925336412,0.004638959047103895,0.0018518457475093723,0.0487850392731279,0.22064143104566628,0.13936958582371953,1.3734499648698772e-13
2022-03-07,0.01741345402988824,0.018698320779215315,0.019917423081702613,0.007696783268923882,0.004102277002507397,0.011642370470261067,0.11715603971331945,0.0828712148080242,1.3759132722057643e-13
2022-03-08,0.21170024880647817,0.20211067329514246,0.19513283518010047,0.007785899865608896,0.0033114887931322426,0.3428397786047098,0.22228800860639208,0.21760238862614542,1.1372898456318836e-10
2022-03-09,0.0563464473146057,0.05672247687875862,0.05464512576670984,0.004497612194797121,0.0026362519233761655,0.11935194242637093,0.2180105704468716,0.2234307091129489,1.1262735882811015e-10
2022-03-10,0.049247850134295036,0.04710245739439959,0.04628778655730421,0.012354109883265678,0.0054320345916687544,0.0839767854705984,0.3114848723327074,0.1651047067929134,1.314926223461299e-10
2022-03-11,0.037387408773533984,0.036034352229328895,0.03705448066652585,0.0028197724543524497,0.0025227646846577734,0.06092790534820962,0.20517993431126355,0.17149788068622085,1.3160361342356985e-10
2022-03-14,0.010824557361959333,0.01073252156900455,0.010875210788974623,0.004004009051855467,0.0015428696934835279,0.00511810591509268,0.17453728908885416,0.06706065532175216,1.248825869104575e-10
2022-03-15,0.1204565884385929,0.12258383630418142,0.12037133678266225,0.003661115084446255,0.004308703104739509,0.3353954406945555,0.1580446691313579,0.19107589194252744,1.267863487808274e-10
2022-03-16,0.009511823660172282,0.010166144710022442,0.014124939200413012,0.005617817306537924,0.002435462926945438,0.008822449302999302,0.22392233914987228,0.28331564332577086,1.3476949070612143e-10
2022-03-17,0.00841220534414534,0.010705285460634286,0.014975426655710614,0.008484399780389208,0.002940512470624204,0.01711428958228222,0.21308998108295682,0.18131215925828686,1.5020749227767638e-10
2022-03-18,0.006009826985847264,0.009991347191910301,0.012259321703417887,0.004462825493368086,0.0031376567600773383,0.0028107342334094537,0.1605113224615331,0.11913600574384761,1.532429252937284e-10
2022-03-21,0.008382920472505969,0.010981144685472463,0.01114578006146481,0.003066001128744618,0.0018760288721446912,0.0012744322630656368,0.11068451214147179,0.08489134279738138,1.5695914012958667e-10
2022-03-22,0.012804782724415037,0.01439995619481729,0.0133615419141473,0.005082075087803152,0.00434871436990481,0.0039297324591106575,0.20875864951432196,0.2511967592390823,1.5625903349025805e-10
2022-03-23,0.008568216641507425,0.011563726018962876,0.01131379015870601,0.004222719944093921,0.0020187539196607216,0.0027359742655034954,0.17624037656140892,0.211976947310924,1.6564289870291127e-10
2022-03-24,0.01271620300410194,0.010665364115323716,0.009120755586125339,0.006133861160846382,0.0035464898124444545,0.005429334798590572,0.3003672496171821,0.15713789961643135,1.52272302406109e-10
2022-03-25,0.008862102239581782,0.007626968879388019,0.007863452803304843,0.0036689840741301327,0.0017101346856803763,0.0038834625437052872,0.23269719762331714,0.11185718178811832,1.5891880172924644e-10
2022-03-28,0.01065486679254076,0.009693073529478678,0.009845617475048734,0.0032201749152251796,0.002416689081496927,0.01251173216152866,0.12319371001810778,0.12948836727611818,1.6461307664195068e-10
2022-03-29,0.013036164527778749,0.015836070037926853,0.017004287466668874,0.005298656358441664,0.002972699048333025,0.04351373527841942,0.14607076773249467,0.07836078282157727,1.7057035991974168e-10
2022-03-30,0.012795139779714785,0.016444185405452234,0.01835878039077495,0.0036851803508507544,0.0020110933900637454,0.06503147524078584,0.20608270176272878,0.1639805668221391,1.8127423867531078e-10
2022-03-31,0.009549399066835933,0.009218532479784616,0.00923611596650736,0.003846805252881398,0.0018575660450250177,0.01672489202721948,0.1974357886706882,0.16576442536518604,1.7238748969972129e-10
2022-04-01,0.010819181575710208,0.01060289310107828,0.008463276233781052,0.0034622806893196897,0.001471214399074714,0.01338290504501088,0.17178374785615796,0.112321341070356,1.6488472739939475e-10
2022-04-04,0.010224719638407417,0.007925280728208531,0.006485183562838956,0.003224507657686747,0.0011167896942133315,0.009929613102785412,0.17844043704871568,0.1883316097089722,1.7260831305931923e-10
2022-04-05,0.008107329657029871,0.007481039912759035,0.005796516423645015,0.0034956963758980483,0.001955022634995973,0.009298860367783397,0.11363874369674669,0.05587860234917334,1.7515161196413054e-10
2022-04-06,0.009950218585649782,0.011506662888433706,0.009717122031090021,0.0026676791924702126,0.003779502352886673,0.024215422244074088,0.19744497482913387,0.3707558310751716,1.7425394460701682e-10
2022-04-07,0.009353944852323716,0.009381247276617119,0.008901080596305113,0.0029250620890864318,0.0018907744124818013,0.0026354405633469673,0.11582683176902528,0.22430046348663316,1.7305080285412444e-10
2022-04-08,0.006331573723150704,0.007403444519344523,0.005130308740814066,0.0021287240568578156,0.0011906242865832887,0.007794347822783163,0.11247448754533343,0.11567807698645019,1.7164646440304132e-10
2022-04-11,0.009571546883337808,0.00885873571329385,0.008920249358609522,0.002959241556136319,0.0022264730684920077,0.012522691757809953,0.05932560149098025,0.07935985024769676,1.718413467077795e-10
2022-04-12,0.008068360384471493,0.008143193937740718,0.009284874973259801,0.002482401317281266,0.0027465835910713437,0.017377068431634547,0.10035753740290365,0.08480140883222106,1.678005338845434e-10
2022-04-13,0.007129939400819732,0.00956873639968232,0.007694074717286792,0.0032934518745895078,0.0020185519829901844,0.01834591536800714,0.16931390910194588,0.16297680911712348,1.6327543483907192e-10
2022-04-14,0.00822294499150147,0.008821343869716452,0.008635339841233738,0.0028614263680984547,0.0017859304496558044,0.019910682819692,0.12258502599683345,0.07117516048966847,1.67686399488165e-10
2022-04-18,0.00818245559969136,0.007331384807514857,0.008919950681724628,0.002915662103660642,0.003173903149935336,0.0032440370710159787,0.14255098662919216,0.2169372897489518,1.6682266332224138e-10
2022-04-19,0.008241195512145534,0.0073670560961890145,0.006333566499363309,0.0019188399043886528,0.0012700560131879445,0.013403655738955692,0.07297500661790318,0.13318325968549186,1.6539091970968478e-10
2022-04-20,0.012077963332970464,0.01216927543089921,0.013090487590019009,0.0065069335037145695,0.002862128528588253,0.03491803353143995,0.268980612676173,0.07815412877890168,1.7955946104986076e-10
2022-04-21,0.01437437189051527,0.01622093537478979,0.015920774829477697,0.003307967789040328,0.002648852565221914,0.047497441685242475,0.2809060565264522,0.1013306507254429,1.765630523731243e-10
2022-04-22,0.017226340095335486,0.02062951244950815,0.018391893885991453,0.0028503332718321783,0.0019757516381761226,0.08547106634990613,0.15044364173585484,0.2194390218830704,1.7098159346695674e-10
2022-04-25,0.009685616836411235,0.007633508304869449,0.009983107025668856,0.004264644170547657,0.002482645623486266,0.00919385370080665,0.11716161210243707,0.05798406197556225,1.629382496981524e-10
2022-04-26,0.010681455062459955,0.009755109481362045,0.007331272135789976,0.004046595608419579,0.002731663775126021,0.012599569522188719,0.17774898275312606,0.2118798835758498,1.6239911845850052e-10
2022-04-27,0.01188506079919278,0.009270140400814633,0.010530150091369758,0.008012451964715783,0.0022218301850203542,0.012039913535591865,0.1836848374724934,0.19883484624624626,1.4593298791609755e-10
2022-04-28,0.009835333264565855,0.008615581630488369,0.0066316573506079125,0.002989256059897284,0.0021927745531555663,0.016454201074948913,0.2597781974870288,0.11968940034769356,1.4963813174673213e-10
2022-04-29,0.007131595654832223,0.00855929987369357,0.008057646782560768,0.004283444709247131,0.001812248714347388,0.019248775429246766,0.12236481089176734,0.1850320880051053,1.5896520211278187e-10
2022-05-02,0.00970831665596103,0.008899640359298034,0.011331398443053127,0.007239805874585677,0.0032268989055655715,0.0027593622992438944,0.29066988091016965,0.3583144074325072,1.4681583726527947e-10
2022-05-03,0.012264876469835474,0.009043491697504425,0.011828258969549258,0.0051367474911360594,0.003212902539197869,0.0034376765204655268,0.24852551321217115,0.2350689204865195,1.4928918865009244e-10
2022-05-04,0.00863490806975912,0.008811755123102673,0.008713376128671799,0.0021270201678171563,0.0013632369500519818,0.000955393464930365,0.12388812113973442,0.12377463606651895,1.5242116249702953e-10
2022-05-05,0.0077690479669925375,0.007938130188621648,0.010944578599611147,0.004490933067902644,0.003009005345181272,0.005376029393268308,0.16577222171899242,0.22121006950340932,1.5765522567989798e-10
2022-05-06,0.009347637883356191,0.009321349028630379,0.012228625066395068,0.0062886634876455835,0.004797469736026863,0.0033228161362760535,0.3369431862851339,0.5959238357822052,1.4518315716305352e-10
2022-05-09,0.008529355352119994,0.00799311162610762,0.008015956716102845,0.002337399598105895,0.0022644489502362157,0.0014378811178582644,0.1587829097052394,0.41970974353584867,1.4173399259798103e-10
2022-05-10,0.010260867019909452,0.006962770726251656,0.01143261434756351,0.009021788097247817,0.004428781255330868,0.004746457983013643,0.2832597856355878,0.2818405957063185,1.25310397475209e-10
2022-05-11,0.007609361223797237,0.007273828991672705,0.006835731323155946,0.003154393446281413,0.0017097424241629574,0.0011094029995613083,0.2929823272562337,0.3723099892304703,1.2379196626111089e-10
2022-05-12,0.008082673563835612,0.00756949596443079,0.007954290451466544,0.006265419612722624,0.0032986108958540363,0.0030779207466370257,0.22455774849057927,0.18943439873873702,1.1454095658058883e-10
2022-05-13,0.009587318493132244,0.007417963264622682,0.006194415191947597,0.0024033882984273933,0.0011733160379945415,0.001116798225294409,0.2145163648614922,0.14416051588522902,1.165654621437806e-10
2022-05-16,0.010245098315977247,0.00820594496347416,0.008776780507608311,0.007998006913828147,0.0027032395402229077,0.003405340094529789,0.3015894551198941,0.17108691286229502,1.3183823477369572e-10
2022-05-17,0.006536894879255217,0.006358260832640078,0.006114880108471603,0.0027250280216568196,0.0014644302278693949,0.0018116829520789964,0.313276614978141,0.1471731795155203,1.2757533224272422e-10
2022-05-18,0.009280822793424518,0.008985305057125487,0.009416033216837247,0.007333006935426621,0.002451428489283383,0.0030087952008458806,0.3157281879305006,0.1352089382671458,1.4123609920480007e-10
2022-05-19,0.011656322452931394,0.00869829798331528,0.012369450085035016,0.00908014678445851,0.0033040617397138475,0.004327990122961087,0.4077993325017572,0.27232880573818,1.2366643820094225e-10
2022-05-20,0.0065224936552167375,0.006626784972272898,0.006411271103156003,0.0030764032645951844,0.0016096020705511672,0.0012107358405639935,0.20524873150234396,0.33425022431304613,1.2184907596801686e-10
2022-05-23,0.00532260136424958,0.005583324050070034,0.005017100155512429,0.0017451677957471406,0.0014653207801919965,0.0013202932359958918,0.08788437970220749,0.051861344413540754,1.2121401452014346e-10
2022-05-24,0.009166958403281245,0.0067638826924835025,0.006683522194228857,0.003987967425423754,0.0023494079195087924,0.0023751442563120706,0.13292465793804806,0.07863126717062194,1.286845421888394e-10
2022-05-25,0.009671535760808732,0.008524800761520982,0.009444438499160662,0.005284248492836333,0.0031208829327256005,0.003448420733247256,0.35235551503342116,0.0825242059297254,1.2121839990109073e-10
2022-05-26,0.008358999532944595,0.006469324281537426,0.0071559380600637185,0.002586179431050835,0.002042991355043119,0.002421973067954196,0.22087195426027068,0.12804908381301267,1.2380128866507079e-10
2022-05-27,0.007526678482783616,0.006406322127652478,0.006929714371141256,0.004437503260448179,0.002059883633006251,0.002848191749065062,0.1498128712002144,0.04647348436226262,1.2983682878831004e-10
2022-05-31,0.008435326587611442,0.00663143750216773,0.006877046540002439,0.004598690291291119,0.001974477078736013,0.0029866542726480335,0.17701482657758713,0.06583487089244285,1.3894687136972728e-10
2022-06-01,0.008812981912376784,0.00976744180175004,0.009537963291782378,0.002531963341214312,0.0028675960576587003,0.0021910478507447826,0.18201829916438744,0.2734090640446895,1.4225709152326793e-10
2022-06-02,0.007380607689953407,0.007807671088740029,0.006839304702915517,0.0019884337981172506,0.0013054890898337454,0.0018144772633511383,0.14894560387914133,0.11420854205308255,1.3859851460962247e-10
2022-06-03,0.008828423556500768,0.007832713534086693,0.006221754699691362,0.004074519348744747,0.00235685004658068,0.0036808563599815243,0.19344030267001544,0.18637504220011766,1.4547884771842767e-10
2022-06-06,0.010405505924595647,0.008416453214635638,0.01024237498846382,0.0034574378858950802,0.0017173623437397758,0.0018529333967674249,0.29294818196609257,0.27127767034708083,1.392947354683649e-10
2022-06-07,0.008962340987537351,0.008917052094319644,0.008942646022839009,0.00303021819493067,0.002504625805352002,0.0027245899833858527,0.18673147871979695,0.11573629517682868,1.4412699159138675e-10
2022-06-08,0.009351623904914846,0.006821748638994328,0.005048634005269242,0.0017780428917942154,0.0016684129370007298,0.001226799743201187,0.13813942750241853,0.12936801623628438,1.4595504665981807e-10
2022-06-09,0.009616875179907619,0.00849661893421281,0.010717708414843279,0.0032681115146408826,0.001778679426185681,0.0011510028917837856,0.1458623322991905,0.18468377183280982,1.4151127145090037e-10
2022-06-10,0.020194743259473784,0.009267639800015182,0.013685817589880325,0.005317534833574937,0.0018326548107573716,0.0017264903648778398,0.15701493934822555,0.09192671378944106,1.307231128899744e-10
2022-06-13,0.016928868153056397,0.008305305909481666,0.010598072184948333,0.005144925828979997,0.003402281208582154,0.0025502433525289147,0.09496258832331614,0.13501971705697852,1.217322805058263e-10
2022-06-14,0.008037493315687436,0.008244970719444739,0.009404359259510909,0.004635901675170327,0.006729546227412899,0.004239828841930211,0.10511254337170958,0.5496342513274033,1.1277471664850047e-10
2022-06-15,0.00888276840789936,0.005725549401573167,0.006767371693517372,0.0029322904009344633,0.002312963165515865,0.001967116985574415,0.22727625001256566,0.699957484395818,1.1523672988067446e-10
2022-06-16,0.008003529422056534,0.0075737487186084695,0.007790269661115843,0.0021290465813733686,0.004022820868697825,0.0030597543980204977,0.17103598832308167,0.28276577270189535,1.175696276445315e-10
2022-06-17,0.0148481087609988,0.009754646352483546,0.011964413526445996,0.009107505306152244,0.0025814973750428595,0.0035373950393351025,0.3053160599031993,0.339526365028138,1.0250410242829133e-10
2022-06-21,0.012803224531218066,0.008594685423979703,0.008556197096821204,0.0038770330360615446,0.0019282410414878793,0.0013211025040471389,0.3467484248501248,0.3158832705756348,1.0583355025683971e-10
2022-06-22,0.008997777794883269,0.007989970563523742,0.00831266954608343,0.006316836419284204,0.002534683334369103,0.0024206028903444032,0.22948882030203785,0.20880458723369238,1.1588244253069035e-10
2022-06-23,0.007744804586528696,0.008333727014465418,0.009993825904250509,0.004773367591022412,0.003526732062218431,0.0032938167762308753,0.179255644270763,0.12064487072362573,1.1155789486627654e-10
2022-06-24,0.008664042222448449,0.008683760768996233,0.010370242698318741,0.0038077246822997082,0.0023514902708669716,0.0019834840003483205,0.16888786273679263,0.075602762976379,1.1543708003380893e-10
2022-06-27,0.008574308387878891,0.008153967890520062,0.010660685594115399,0.007085278376768402,0.0022411006345789313,0.0029864802564465104,0.1392805398484137,0.09546748268649817,1.2842912844313048e-10
2022-06-28,0.008936347581362473,0.009287181900769173,0.008517955420539767,0.0015708336697419223,0.0016796406895765244,0.0013305877669111633,0.19459345895376245,0.17989093024512534,1.3015378705349967e-10
2022-06-29,0.012724793944926992,0.009602460422136892,0.010120563167783987,0.004653173028422622,0.001728906255346809,0.0022634901045146664,0.3818171485311451,0.10556440608439002,1.2302320273605005e-10
2022-06-30,0.007354940424563515,0.0073979895710489536,0.008638101473149796,0.0029915549810417066,0.002331842073672357,0.002546517422690773,0.21993903389506647,0.165691587263911,1.191013676571373e-10
2022-07-01,0.007131824422812955,0.009163033825485178,0.009947226786660929,0.003478640154558864,0.002124687834089867,0.0029334771446145737,0.1019714373152751,0.09074683836254249,1.1664465227045895e-10
2022-07-05,0.0069047047434764395,0.008773119996641873,0.008108258170153853,0.0025606390887527516,0.0024632771339680717,0.002154429563779452,0.15741630383395122,0.13916809692801185,1.1713890274434036e-10
2022-07-06,0.012864752275452987,0.012218010213847278,0.012739724818901182,0.007553567402494424,0.003957303540505779,0.0027927858360464438,0.14585335276544836,0.16220037700276796,1.1957539125528882e-10
2022-07-07,0.007936675340461389,0.009952896697303346,0.012128379831337138,0.002910471268042711,0.0028676756342892805,0.0025917162039915355,0.15401421619747807,0.116424394719797,1.2370404353645448e-10
2022-07-08,0.00862606621702706,0.009338528662355803,0.010633933219897983,0.005817906548887489,0.0031846967587107677,0.005012559530471804,0.1431493991723271,0.20480517473366353,1.2985906447382511e-10
2022-07-11,0.00941738649679311,0.008831505937145153,0.008191895819450646,0.0019420000027132386,0.0016050818005330808,0.0037112091121587814,0.12364253712703883,0.13834636265719302,1.303105609529176e-10
2022-07-12,0.0129599122922401,0.009940999569866733,0.011961482806816918,0.005138629778782565,0.0024480904990250595,0.00346586768209029,0.25422493604424723,0.17166869022359504,1.215255708564289e-10
2022-07-13,0.009304692912872847,0.008266379366183553,0.00797876766362636,0.003987284123189716,0.0023054262199630774,0.004237084343372087,0.17524449849501353,0.11942361819002759,1.2041121918993092e-10
2022-07-14,0.008339802576462569,0.007723583259695618,0.0071523696989215044,0.0022194446963751113,0.0017551125484375576,0.014303862747259689,0.12065761314160532,0.1336238428784029,1.165350836662693e-10
2022-07-15,0.009523830184408721,0.007841172631379342,0.008229648403402717,0.0019608875096520997,0.0019899292751237195,0.006996812452811395,0.18391684902568478,0.15247115752739504,1.1647446201967782e-10
2022-07-18,0.008917638458336524,0.007817882925050725,0.0076311975055118,0.0030279857353996548,0.0021516612458221934,0.012371105353035514,0.23515902156109342,0.17750305278478656,1.21240548850432e-10
2022-07-19,0.01043928782302414,0.009102615982085274,0.007684939557962923,0.003288134417173419,0.0020994811921566828,0.01050019452999899,0.17023910257547636,0.15513656432663744,1.2142651120705672e-10
2022-07-20,0.009700956975085707,0.007847570435517665,0.00948525450167911,0.006172549241523273,0.002142687279124213,0.013825675404458379,0.22768719693249279,0.19131631355780793,1.335553265202627e-10
2022-07-21,0.0100787433053748,0.006640368841769974,0.007346219941325853,0.0030629942794536125,0.000998680162173838,0.006730157847026063,0.11740748966729515,0.1012078247504338,1.3545789837032807e-10
2022-07-22,0.00972414936091787,0.007398172083099727,0.006821495611514769,0.00259569656137789,0.0036638790487869216,0.0050498508748943296,0.21178813768754123,0.15157454565018427,1.3501697676554514e-10
2022-07-25,0.011628140775074092,0.0086328771079227,0.010896419955819657,0.004577159842404338,0.0027948911938500153,0.011427341511425987,0.20627702429510295,0.17215177716932611,1.2880251032409973e-10
2022-07-26,0.010510595622014349,0.010444010416554428,0.00729772305608554,0.0028286332286820773,0.001801491091644261,0.024944790109201347,0.1591748443746614,0.05182006170550215,1.3160506712184272e-10
2022-07-27,0.013446890031488499,0.00971732181419372,0.011988879348347758,0.0029004217463379986,0.0010064279907088067,0.003158779039471224,0.17559960143604178,0.07546615456832284,1.2821689890363253e-10
2022-07-28,0.011226626132715337,0.011589443567248102,0.012686429836178131,0.005161761126320857,0.0031296675502973026,0.04174163684739335,0.21300755466617752,0.21332457731657772,1.3525260425528707e-10
2022-07-29,0.0077424193418223364,0.005672552058547102,0.00585657427381959,0.002348874249883094,0.0023540354869105943,0.002175992326786887,0.11763084800125305,0.06453634103883658,1.3909549900770202e-10
2022-08-01,0.007294645010924661,0.005039353431482946,0.006079401117491926,0.0026673549200647018,0.0010773830626415936,0.007018025251019311,0.08792506991905033,0.06276893230528188,1.4223326336160191e-10
2022-08-02,0.009895482038043035,0.007165689108185621,0.008556093479317666,0.003337191868616883,0.002727449134823652,0.021459274260717885,0.15355413240784158,0.07661461654137544,1.3673520649071236e-10
2022-08-03,0.009404388150567334,0.01281039079062173,0.012513029024656086,0.0026422460317634955,0.003055239014609498,0.0251086367298037,0.1626467674863598,0.1964590100666561,1.3833090575787743e-10
2022-08-04,0.008226703492361372,0.0076758100251410775,0.008002747654833695,0.0032443801318484816,0.0027410164565536835,0.002744897883806852,0.14005190045269314,0.2545207956427154,1.4029432823803312e-10
2022-08-05,0.010171185095517721,0.01127371335545707,0.00850343258424998,0.0022811141924602707,0.0015111335285281492,0.01802202203929431,0.10176691923275583,0.08524219081902844,1.3918332805729072e-10
2022-08-08,0.011046412430052006,0.01169166177337727,0.010280253965678441,0.0033246956873783096,0.003614055218054066,0.008098626550841032,0.14411955304003493,0.19790846294734468,1.4613837570620625e-10
2022-08-09,0.009130962374337326,0.009080172230012486,0.007281348117444217,0.002405465794742198,0.0022229922572376518,0.012712204078900804,0.1592154959209873,0.1900879923792855,1.441982956651433e-10
2022-08-10,0.014004956914880934,0.012471167455559212,0.014143134287898693,0.0022770263533188895,0.0013841618797559058,0.031138744429167458,0.1356100065418333,0.12090738310977919,1.4301110989878296e-10
2022-08-11,0.012483086436913782,0.015577762924224317,0.013927204588403502,0.0042843865056932245,0.0027350084210057465,0.05559500083894592,0.16792133151772956,0.18337266014894146,1.5260463379074274e-10
2022-08-12,0.01010267031129049,0.014337575574488282,0.009578444219201579,0.0032600293769243366,0.0030246688906813684,0.015150274776661404,0.15170621766783365,0.20376258650049253,1.5661698674063196e-10
2022-08-15,0.009145638436394495,0.00996595347581415,0.007329230405253383,0.0025647043516253618,0.0024608209716764718,0.015351267425496385,0.12945666474267498,0.22507023261490997,1.615415648470453e-10
2022-08-16,0.011862196125823943,0.010343901559928505,0.009019996151696562,0.0025704672065276005,0.0013303720112133725,0.023602443607174596,0.1411667613031246,0.1346400410285368,1.644715787174622e-10
2022-08-17,0.01608821330921392,0.01567055030375706,0.014546542523836437,0.001286189717012727,0.0010356586101465976,0.05075941848781239,0.10843070454241674,0.05641174768134766,1.6473393829596894e-10
2022-08-18,0.011672021984064748,0.011650813682146712,0.012752670446738954,0.0016735979444704799,0.002291271304252313,0.04315175495885795,0.2309763527987354,0.1553757555673237,1.6374732819679494e-10
2022-08-19,0.019503879992556494,0.0215166462961239,0.020571917198437602,0.001974756205622402,0.000856092143995003,0.0732476102151037,0.12968885743937492,0.185248207656242,1.6153426860010534e-10
2022-08-22,0.018711517530922248,0.021837964958706903,0.0223517470931553,0.0020644095591586392,0.0029460890421722655,0.10345261285796022,0.1325074585604067,0.21875010533102657,1.5840198944183648e-10
2022-08-23,0.008710747476207861,0.01186779288420255,0.01255801146515335,0.004104970444818792,0.002089298125955142,0.0032363614130745885,0.11464669215623861,0.04604605911302743,1.500122560893491e-10
2022-08-24,0.008045390461417862,0.010964346013063809,0.009107421535971466,0.0023935374577827365,0.0012512233119607592,0.012374790200709473,0.1086612383613467,0.16681093052513862,1.4766460623705235e-10
2022-08-25,0.010569118631153776,0.01229952569660574,0.007863345879144733,0.0018459471307310862,0.0012230969719731156,0.024177303171093047,0.06811641658091283,0.03833609426849881,1.5023570928973662e-10
2022-08-26,0.011629655478793395,0.010706361177070498,0.0093766927334727,0.0030137548548005016,0.002678016499297028,0.03268958910951836,0.134186729143488,0.11704575292084902,1.5579624049189e-10
2022-08-29,0.011121830026585611,0.01899817728062921,0.012432348688378754,0.006491642239646676,0.003173810115000656,0.005681216823961014,0.19600520004791172,0.2773293345788884,1.424525462867532e-10
2022-08-30,0.00849076322989022,0.007419918911392305,0.00689818341101042,0.002250757621735655,0.0018842015058798873,0.002834810084957615,0.17624114560591092,0.18735431045852047,1.4008913820640068e-10
2022-08-31,0.009718120823261713,0.006802111510732882,0.00834198886159059,0.0029332339334428997,0.0021801829454115807,0.0016491551171265776,0.09174175829153079,0.07369746010689462,1.3595819609024673e-10
2022-09-01,0.009308901425294228,0.006207442528851304,0.00610564425015371,0.0017300827509220962,0.002189193526335651,0.002789124034342288,0.11875717628603884,0.05803873469172645,1.380183953236802e-10
2022-09-02,0.010933892086225062,0.008689535597285702,0.008062306128158909,0.0031993587336086454,0.0029686677242196755,0.0025780128749479936,0.0880503281401066,0.10670134060742742,1.4103512455121425e-10
2022-09-06,0.009194187744985111,0.00891994812719405,0.0077467784716345215,0.0037213416221068135,0.001537149477082694,0.020721385313694076,0.290693408171256,0.1062953939219681,1.3328563600034649e-10
2022-09-07,0.009540283068800929,0.006668571223882499,0.006009052358021761,0.0028288646171819587,0.003223978266592713,0.002370645336720574,0.2022692218025906,0.1519949750765064,1.3762960215935038e-10
2022-09-08,0.0077767150253828425,0.010508460822856957,0.00912052790229485,0.003728710416181301,0.0035575686705740044,0.02379097944027665,0.16914900369066718,0.29790895011550883,1.4193607400514452e-10
2022-09-09,0.0053514421975694075,0.008641001530404046,0.006597502101425389,0.0024542394081467633,0.0015896827713347862,0.011129448871444455,0.16429055160728917,0.17249947879085795,1.4526882474719116e-10
2022-09-12,0.0076954850312240305,0.008472541762716192,0.007167697374099305,0.004171132156064905,0.0019437981174934762,0.015256579577830772,0.17543775112672505,0.15442073213837784,1.516189153394354e-10
2022-09-13,0.00741722639217472,0.010102371426459754,0.0063738727840379,0.0032304605946942636,0.0015211278695165397,0.002141924110260665,0.06665630425580645,0.06679292623044505,1.582890069018461e-10
2022-09-14,0.011659888989489496,0.01145512810512084,0.014095738240971984,0.00811150861349478,0.003625800358990042,0.0034194769255492612,0.2936464156288473,0.436637849486298,1.4036923706717275e-10
2022-09-15,0.007499209308966101,0.007033236088546649,0.007420807030262695,0.0017428087474226917,0.0008997049515689894,0.0006743477812539265,0.19718412634042,0.4070151878381062,1.39653035663434e-10
2022-09-16,0.010244318092772084,0.007829430072914386,0.010067581005074936,0.0031655405261211064,0.0026217856858917876,0.0018084886483876908,0.1691918726505487,0.2034315408453906,1.372075161820696e-10
2022-09-19,0.006081392934844906,0.006504441108031634,0.005709990425509872,0.0023342587086921454,0.0013240249498553858,0.0011970049014835503,0.11409617086647539,0.1428516236284696,1.3454721711769757e-10
2022-09-20,0.008576142221359245,0.005707016916701358,0.004896757889910267,0.0012822745061096402,0.0007758537716315349,0.0012413627581035556,0.09806276724270777,0.09864553952066597,1.3591928624268057e-10
2022-09-21,0.01074512512613449,0.008153291213851957,0.009087952224314263,0.0021333686062758733,0.0021393260970419964,0.001657900876065471,0.15938297124122508,0.23771772909459155,1.3198146742166017e-10
2022-09-22,0.008751330114692594,0.006656096441905369,0.010227075554160386,0.00488004099968567,0.002196306236953884,0.002509890000139777,0.14736828497850288,0.11141604175675471,1.220770116938663e-10
2022-09-23,0.010154733490638444,0.008000308472403754,0.009505375667541418,0.0034663717412214065,0.0038724014299219315,0.0034640411305586344,0.1690080800079015,0.1374554882066476,1.2204984592423251e-10
2022-09-26,0.010541502297015323,0.006353658658184829,0.008909744554514687,0.004639164382179893,0.0033185761925078423,0.002429618697610574,0.1561182014725117,0.1318700166945262,1.1588604381662648e-10
2022-09-27,0.008569841460422317,0.006487663722184072,0.005820766261972372,0.0024008763033089575,0.004082842322218531,0.0035003783525045544,0.17337127456718346,0.2699777800432114,1.1528459090137666e-10
2022-09-28,0.008492660523920566,0.00561611573054601,0.005909390134177859,0.003711888638208795,0.0035033668258575247,0.0037998745959805904,0.10229785516250182,0.24110726214806782,1.1684802084244161e-10
2022-09-29,0.007111236180089811,0.0063255578720169915,0.009076160793920934,0.0022979823153854995,0.005883584029182597,0.005415432614542579,0.18929669572973132,0.4478578906028824,1.1607744279662491e-10
2022-09-30,0.0119589293148507,0.009318265407847687,0.010189319074522307,0.004529263404267063,0.0020283557010631077,0.0019130886063971695,0.2568702627063032,0.46961879370504744,1.079709273377194e-10
2022-10-03,0.00791824927994822,0.007397303321740589,0.006180424390301641,0.002979258252645979,0.002018329042338862,0.001348136185915766,0.13091019844442592,0.13704000654810794,1.0876699541029211e-10
2022-10-04,0.007534930274637983,0.006072104706323822,0.0075337140538237184,0.002023858892980304,0.004352118753505458,0.0026597942240999695,0.24821728311388166,0.4581801051369056,1.1065461047454761e-10
2022-10-05,0.010891433000454823,0.007508473503528135,0.007815173609953317,0.005786212366514297,0.0036649595882301085,0.003156114264919662,0.22083141754259739,0.11416112625112382,1.205822143524049e-10
2022-10-06,0.009061485669364374,0.007282515672760883,0.007257835649070313,0.0030016966704954767,0.0021919611910669393,0.002487988262797707,0.23098203044881718,0.3888525626711784,1.1909667002596436e-10
2022-10-07,0.006822638802200356,0.007880642390995011,0.009180398554430575,0.0029148669757182374,0.0012552975075688136,0.00137650916507921,0.19358331034820664,0.06686225674554652,1.1407689723408332e-10
2022-10-10,0.009751980208813526,0.007958552899522112,0.010032325996767334,0.005058596480487766,0.0030807039137398873,0.002737156201112502,0.14992367215168695,0.21841854801992144,1.0648399870194503e-10
2022-10-11,0.0077489088631333,0.00847715806416842,0.008821956734615628,0.0014822914995355277,0.0028299030278435486,0.001360671662506533,0.23801227988405999,0.22763057154973124,1.0708361281031031e-10
2022-10-12,0.010009477721356923,0.006771723035867367,0.006782802534302237,0.0035657454423426507,0.001240706126486401,0.001593536379196639,0.1444782829169364,0.18446597020960157,1.0561912455742117e-10
2022-10-13,0.005909292445773009,0.005432052170709486,0.004614834280235927,0.0015726862995590618,0.0009094662724699859,0.0009447638000857666,0.09821294500733221,0.08024506135124473,1.0303337003025881e-10
2022-10-14,0.007189867299631165,0.0065433770645195784,0.006652592564073042,0.005824109308785158,0.00193502782129767,0.0025582909044581646,0.25644361816007305,0.15776244837584924,1.1117828185858158e-10
2022-10-17,0.00837866414769432,0.007421880845613471,0.007844865584198488,0.0037078611252276197,0.0027890531922486594,0.002379056569597913,0.22875324584372847,0.4005736881058966,1.0567861863375327e-10
2022-10-18,0.006681803325930477,0.0077562115485839845,0.009675068375707781,0.00683318199640074,0.0020644086392548854,0.0024174162800347466,0.23814341206091133,0.4710571805512152,1.176959953108625e-10
2022-10-19,0.0073776960831618945,0.006808603357870551,0.008145002487249533,0.00232647557782302,0.001236160052673885,0.0009586476056492538,0.13707546227120337,0.10159128158177286,1.2043394753691317e-10
2022-10-20,0.010580499265174393,0.008486100897630165,0.00993955353624789,0.0026129594297465003,0.00326226930596666,0.0023485536628716254,0.16318232660856885,0.30887411916662033,1.1827340495873528e-10
2022-10-21,0.008520868769193182,0.006922729333540568,0.008055032259771965,0.002252954916591783,0.00238888920169409,0.001615531124240906,0.10711359990992061,0.12605522794318658,1.1954113740553218e-10
2022-10-24,0.006554230000281633,0.0069791506532903055,0.00852702765318454,0.004736982996298329,0.0027504946432176823,0.001781843859480763,0.21605064147019554,0.2389304746202081,1.261236740046634e-10
2022-10-25,0.007160647590124375,0.008522673119267429,0.008222340358215152,0.003710005707682408,0.0010721125449879164,0.0009984327054478838,0.10803399332870942,0.11027969888548324,1.2536377838601176e-10
2022-10-26,0.008049465977626836,0.008668340977707125,0.009456330426716562,0.0043076795737647874,0.003957972631221452,0.002751133327053355,0.1968823121893987,0.1748523461334542,1.3094805795255127e-10
2022-10-27,0.00930973133968959,0.008387329786102137,0.009682952714077679,0.0037323377698615726,0.002316684180118157,0.0022834377514978957,0.2612449859405518,0.14389250699805478,1.28099378327029e-10
2022-10-28,0.00893772147261836,0.008815316302612064,0.010438350340167763,0.003194060559924286,0.0018699150117138675,0.0023870431688462297,0.11809368508808056,0.04783565742157404,1.238853915286331e-10
2022-10-31,0.009320597600944766,0.009421950086344815,0.009474938229019219,0.00640638946906838,0.002253556126719238,0.002878892995644288,0.3183879345217605,0.07271476178624259,1.335797548962514e-10
2022-11-01,0.007868932710285687,0.008675640936682136,0.00918876607558322,0.0016577206349657342,0.0019471257479945748,0.0011328459966670433,0.18332140328913682,0.18573850633916858,1.347243983040869e-10
2022-11-02,0.007608781985747359,0.007610941657771808,0.00782471605919243,0.0032308686943103154,0.0021714205906926774,0.001661492843800285,0.2010506757151143,0.1554425517690068,1.3289233255497912e-10
2022-11-03,0.013148673576182445,0.010927013712360389,0.013931515504641676,0.0057077708283493275,0.0021530364917158916,0.0024309903514994832,0.2440759096142195,0.2537603887859971,1.2337000518392038e-10
2022-11-04,0.009967710990389535,0.008913484343181143,0.00885358961413865,0.0020791204072677025,0.0014408416380928316,0.001908035670522844,0.14263552646992358,0.12521527406772,1.2290645931556377e-10
2022-11-07,0.009599871190703818,0.00797718112795727,0.008575119185047313,0.006731559512715701,0.003989011904639655,0.0034144560763595525,0.2439138600876233,0.2008634177301684,1.304278664238101e-10
2022-11-08,0.010225060806066328,0.005322761272651049,0.006688396852843091,0.002445826132612884,0.001608692513037819,0.0018593096990817443,0.12351745798672972,0.14201709738765803,1.3437460866239093e-10
2022-11-09,0.0077807642550703285,0.005806742606023327,0.008241962684816861,0.002758517040885866,0.002603096954137933,0.0018665432750735148,0.09475384151406419,0.06632322771762547,1.3309366109215404e-10
2022-11-10,0.00976656588619636,0.010972627955246653,0.013763524596503682,0.004316792365918386,0.002476383975963729,0.0026837714985651832,0.1954806960266854,0.24640216981427931,1.261902006499671e-10
2022-11-11,0.015014056981806388,0.01105781474370382,0.012257781390870987,0.008189435782288729,0.008221634617083395,0.005527720705417615,0.3485560626460277,0.6292922317002185,1.415584004182957e-10
2022-11-14,0.008857748385914792,0.005062756762975314,0.0052588633767533975,0.004023326855173995,0.0017598908003608014,0.0020120090748049864,0.18252880461693716,0.42118399223898706,1.4647704923986815e-10
2022-11-15,0.008098902895724739,0.008568449837931046,0.009783022439741095,0.0023999432078383454,0.0014406657865401215,0.0010967649531034194,0.19681698285716007,0.3921984158340286,1.4111853699483312e-10
2022-11-16,0.008926016265333774,0.007381748558568024,0.0065907742626121636,0.0019616936786210418,0.0027424716788029737,0.0016359539508566327,0.14731556972167706,0.4163574155404194,1.4329437636462217e-10
2022-11-17,0.007304814235577767,0.006487000362427277,0.009079451574771764,0.0044368792857082395,0.0029906312086519144,0.002651301602501178,0.21706277534206747,0.28962742386601886,1.3487963176905815e-10
2022-11-18,0.010294097074705013,0.006114686550696968,0.007741334345330105,0.0018379296934729755,0.001999757963284924,0.0014878918791873391,0.1884788677359464,0.2395672836934813,1.3670440474067291e-10
2022-11-21,0.010166576297167752,0.006032787062948375,0.006602890329445593,0.0024306261515852842,0.0013630370948402026,0.0009872356488372423,0.25358851065678,0.14626832820308194,1.408432433180895e-10
2022-11-22,0.007877830602917375,0.006475856021811968,0.00699362129585292,0.002026872335442277,0.0008566589047652567,0.0007747364690336052,0.09741317212724096,0.054947949403371034,1.3915374061368446e-10
2022-11-23,0.008459122589142689,0.007514523588288061,0.006235008346772516,0.0019025396190396615,0.0023388234849322574,0.0013311057176238485,0.15215993713614218,0.1379970855111161,1.4001915599193282e-10
2022-11-25,0.006304094070441546,0.006812678716962388,0.008106590164265886,0.0023626021562735133,0.002546617631747642,0.0016044595184372852,0.09861854117417068,0.05263132618651203,1.3940176790683267e-10
2022-11-28,0.007454117289753511,0.005821667709147374,0.006258473132505332,0.0017606670547684264,0.0008023994854360542,0.0010928311619534683,0.0947788739658185,0.0976743315266754,1.406381816559943e-10
2022-11-29,0.011282429584913937,0.009398100653182074,0.011438709939362827,0.0033058044196976055,0.0020289998697037223,0.0013195464360550798,0.37665534827463987,0.24394378570831052,1.3377165000716396e-10
2022-11-30,0.008301450484436342,0.006352769629800454,0.005361305767728846,0.0037677722609975456,0.0019224042623152229,0.0017188855843235807,0.13762964110663972,0.19603714170793612,1.3889772665365285e-10
2022-12-01,0.008478445400177689,0.00820502843610792,0.007751767582779889,0.004269830283332825,0.003443500462094503,0.004237719815645462,0.25643189526123955,0.3230724417444165,1.4740360321230384e-10
2022-12-02,0.007419071539105685,0.005007684874574205,0.004170699802590952,0.004326082040471219,0.004284407887797784,0.0027095642632011738,0.16104358405563107,0.19039377316507153,1.3988705332979023e-10
2022-12-05,0.00813163562531415,0.004183572759203354,0.003973097078302807,0.0022962123276294294,0.0016667775390972806,0.0013412774329999745,0.15620964131552412,0.0836094016864682,1.388137070568174e-10
2022-12-06,0.0056407173705713895,0.006369452082464181,0.009177394260956723,0.0024111994205479603,0.003460107619659021,0.0027852236498669674,0.345399446843793,0.501850879066926,1.3627625417012013e-10
2022-12-07,0.0087079904779164,0.00683550927732302,0.009214677306404833,0.004242593690938629,0.002100336020972366,0.0027009814316954293,0.14756048538263225,0.35397142445717433,1.2979856425787695e-10
2022-12-08,0.005717896483801543,0.006872814420852982,0.006401416737328939,0.0034180484627569993,0.0031406845070533636,0.0024677072196669925,0.13576461321771288,0.1657375545827157,1.2421021156061585e-10
2022-12-09,0.00870677932948691,0.008455652355161204,0.005874773740413819,0.0026062588109609028,0.0009971717787167606,0.0020130258345575774,0.14557593137455038,0.08506821802836298,1.2902449594842658e-10
2022-12-12,0.008180828193598253,0.014019423410642584,0.00936167257190403,0.0027448782531928964,0.0030933189639645677,0.0018400255500387347,0.16151593266533204,0.18342364424569854,1.3003793528088003e-10
2022-12-13,0.010613501611475912,0.007631160676088561,0.007371556689694038,0.0029106972338922774,0.001370793086135489,0.0021043755965262775,0.16950385318358013,0.16444618771931951,1.3351654504223376e-10
2022-12-14,0.006286408016696896,0.010336265103544821,0.007255478825371381,0.0016780297720290493,0.002697377452775201,0.0035238471220837356,0.12968819577892882,0.14233350845047263,1.3412828833714308e-10
2022-12-15,0.018950735577672843,0.009610769975736472,0.005948546911297809,0.0021096090220969893,0.0009824172756748091,0.005109516046132806,0.16757009122825123,0.1683348487807057,1.3131125700671653e-10
2022-12-16,0.017604968620117463,0.017035736359447662,0.013918289900801054,0.005302545131604691,0.0026324510136054675,0.004727152577501841,0.12266100551730257,0.13120078525118473,1.2246748407052088e-10
2022-12-19,0.007694928001152082,0.007793727876216792,0.007857334995340396,0.0030262718413102477,0.0020460790774495556,0.0015184371842416424,0.17557115277270757,0.0934869775463945,1.186449410939261e-10
2022-12-20,0.009410395498023489,0.010426501202318235,0.0069618001706847924,0.0023723677789516673,0.002511160798742064,0.0018449478225068122,0.11128932722336786,0.063726161089777,1.1837524016566903e-10
2022-12-21,0.00973204472616467,0.00839363118072694,0.007793921457812279,0.0031070665108146114,0.002937928771380749,0.005580905065488506,0.08265804337327681,0.08251684185561335,1.2007332281238625e-10
2022-12-22,0.006661957686685369,0.007872069514052062,0.005922445892376149,0.002185395901664819,0.0016493502095777074,0.005951152927291946,0.1558483319846004,0.15507263143696054,1.2393079965034026e-10
2022-12-23,0.01139595155807799,0.014875592370842902,0.00887002043329495,0.002782855444342265,0.002018618901698267,0.0019663479689777355,0.17829978123352463,0.18081006609154543,1.2109920705105637e-10
2022-12-27,0.00690379220124632,0.008491702201504627,0.005569477964967901,0.0026596849885663423,0.001996972593365374,0.007458971749003516,0.13766628638304348,0.13441013355283324,1.2405919000424426e-10
2022-12-28,0.00990564119430532,0.009725533622446051,0.010297342687654438,0.004282540248396242,0.0034612696814048374,0.008214965037941896,0.11207522666357254,0.13527787291090337,1.26763991664669e-10
2022-12-29,0.009414772708017466,0.007397036257174439,0.007481567104269875,0.0021427680356518666,0.0017546079940889974,0.013288372318139976,0.14345445835631254,0.13078340655105192,1.2233411852968779e-10
2022-12-30,0.007061408626965401,0.007921785613977942,0.006837297277197761,0.0033442302678130392,0.002337792982289354,0.003583099708493764,0.17434092043272992,0.27167311794737975,1.2865471535339346e-10
2023-01-03,0.006467658545012638,0.0071813066283860595,0.00697144009120834,0.002564769911952716,0.0017559724381649648,0.0033869415230843468,0.11699317007052672,0.16646058549287235,1.2640731170132646e-10
2023-01-04,0.008929017038749999,0.007622650222949551,0.007237113340874668,0.004041451002425041,0.002896509222353089,0.008922354629497274,0.14936909323083092,0.06310970461151161,1.2392205317457439e-10
2023-01-05,0.007428746349093865,0.008751093048503942,0.010045148025066163,0.0034960851720093958,0.002681483687355341,0.00928605043993019,0.1528932928508589,0.13158403815611824,1.2889140796334964e-10
2023-01-06,0.010129604410733517,0.011250441271452352,0.010537927850364613,0.0033161400320648876,0.0014717468152755564,0.001152374344715453,0.17784114616069108,0.19065981048419017,1.2355538467345717e-10
2023-01-09,0.007891570096633969,0.00669091209216576,0.00826330631531883,0.0024629471891385035,0.004046373348198712,0.00331706209329457,0.2412990916381696,0.27186268179444106,1.2815616970418553e-10
2023-01-10,0.008721458860193565,0.005200627195123176,0.005269164304019291,0.0012359410173771665,0.0010684739012040453,0.0012514280059040001,0.1800030307380695,0.17809883754642766,1.2782369954167372e-10
2023-01-11,0.007931268478448172,0.010955500348806262,0.006291858815094325,0.002935656154923,0.002078943812670936,0.002657780899705406,0.11903979402685286,0.1085088173476449,1.3304114754308927e-10
2023-01-12,0.006888920702266596,0.01141474546736795,0.0064194614099384985,0.0032851976862000934,0.0027181192482695765,0.004545909994498137,0.21132171794443835,0.1511699433888459,1.377124837775856e-10
2023-01-13,0.008241999361276054,0.006304886864806565,0.006223538943217912,0.002064747165261588,0.0027967713807875577,0.0018109133143438254,0.11311586589506899,0.08957874296815663,1.3728825021264157e-10
2023-01-17,0.007785405604839607,0.009873003660291223,0.007437230547674097,0.0029365132895392485,0.0017247318849264153,0.006647616708415761,0.15226631441637634,0.17922664187301068,1.3853540883901339e-10
2023-01-18,0.008471464081665872,0.012224061765220413,0.006892862285700614,0.0017250081908226633,0.0013012921889653847,0.007343569862181992,0.13067217741539716,0.04749086585048614,1.4030155162658708e-10
2023-01-19,0.011805818923765332,0.009580221382084125,0.011149829126527351,0.005152988432724999,0.003777589159085698,0.008678767198741836,0.20950803627906786,0.10166285385760365,1.3059325496000973e-10
2023-01-20,0.012493610583237063,0.01584251053378733,0.010636974669285145,0.0031425979121287376,0.001687481382228647,0.025635823451026087,0.12140687302443183,0.08359747215380979,1.2801900511894004e-10
2023-01-23,0.01158170687118298,0.01654728439606936,0.008453210313986829,0.005047021425517023,0.002468932676448659,0.019036160158665525,0.23001240596361888,0.07657257065261026,1.3805226406482518e-10
2023-01-24,0.030721093227980122,0.0303644226939745,0.03124805518048591,0.0029193977563089085,0.001064094999455805,0.09628560215048616,0.13637209575203046,0.07839713220626432,1.4324761168915678e-10
2023-01-25,0.11461360766209254,0.11151483173468527,0.10999924929323371,0.0019009344016335736,0.001841411511962833,0.2343739085182502,0.09805847801665132,0.04303409270350352,1.3805623311213822e-13
2023-01-26,0.09438364751872855,0.08812063313099147,0.08481042718509926,0.0009609005980650565,0.0005157861668687703,0.13139507277237905,0.1477260364543989,0.05137545412402287,1.380805192408019e-13
2023-01-27,0.021244687536312284,0.0193208312292185,0.021755721261794557,0.0031493307358228737,0.0013551240846543453,0.019626149400671155,0.06466345044688769,0.06287433823558312,1.3800072196090696e-13
2023-01-30,0.01414459999932249,0.009062451360341835,0.010847675198322682,0.002413161919680565,0.0009207632366838595,0.0030511142918359132,0.08049833820474439,0.05261528583589309,1.379001079993003e-13
2023-01-31,0.02328345753781031,0.01697650295187708,0.017933082155210712,0.0028336647973464246,0.0014343921893628145,0.01416991543718315,0.22563789875359572,0.1580699937896587,1.4492478050964763e-10
2023-02-01,0.0504969872216444,0.036596490181180844,0.036838997967553334,0.003219725696997758,0.0019937136295808096,0.04682599978541267,0.13496740078169125,0.22559780389883866,1.485916251153796e-10
2023-02-02,0.03388927087123859,0.03069231471025664,0.03138156709463267,0.0027131820557963413,0.0030157711693139205,0.04216516511206929,0.11369928083042449,0.06197377705579756,1.5071189782278616e-10
2023-02-03,0.040594531701602946,0.03846258996204171,0.04112426879424373,0.00591089908881777,0.0017798524041233309,0.056538422329373006,0.18318468652343153,0.09247265943086298,1.6073110550851588e-10
2023-02-06,0.22735161618455782,0.2116140976582484,0.21727311707842994,0.0025470880270360916,0.003855482176619912,0.4954947521949332,0.19467007457111132,0.3545019877392972,1.6108879508092144e-10
2023-02-07,0.010210560092726273,0.007551661263576946,0.008661303431370816,0.0017866138981933732,0.0019762450350230415,0.006643507451549772,0.10217052196339116,0.19139938565663586,1.5747318379832898e-10
2023-02-08,0.006840236984896679,0.009446108804060261,0.008412406535987207,0.0035821793058555818,0.0016594106840456392,0.0037756727453606546,0.13943549901310043,0.16599804810506197,1.6131190827550768e-10
2023-02-09,0.010464239047641492,0.008754794555065913,0.00888696351463632,0.002977949815485152,0.0010433943913238377,0.006569348047307036,0.132440182394807,0.10920995129228998,1.555547045339889e-10
2023-02-10,0.007791069965477021,0.008522403749573118,0.008060483848033827,0.0018940066863219196,0.0019492745443600423,0.0026420436991511976,0.13528907013005506,0.08815416938418882,1.5591489210819987e-10
2023-02-13,0.010289343818462502,0.0097990977598645,0.0091591241573865,0.002946885181929204,0.0021067870645877494,0.02347955925789826,0.08784811981870938,0.06327699051430738,1.5680576628818166e-10
2023-02-14,0.00643402548546229,0.011522717493819971,0.006573146916808428,0.002527620172728978,0.0014659593028931448,0.007551395411919984,0.12317762555588752,0.11875126343456226,1.6178729883575826e-10
2023-02-15,0.025919825546503943,0.026965073433461006,0.026704143733413295,0.0013611037554596625,0.0007700777011862256,0.09133963295783266,0.07001150001948697,0.06076274222915266,1.6145630318820103e-10
2023-02-16,0.08698030986216625,0.08422399287423274,0.08302258118238906,0.002869162374875389,0.0017473815520903956,0.1942394191069324,0.12591229166550214,0.04687281176030369,1.6603744767973438e-10
2023-02-17,0.01040942503350287,0.009523499842668069,0.01060700503746478,0.0022965890954463122,0.0022376712954345875,0.002871428324260507,0.14462168028245456,0.13105327154184812,1.6438892608272582e-10
2023-02-21,0.1127314851238361,0.1060983592052408,0.10487705152528073,0.002480168343693988,0.001255694355972631,0.17857818519103272,0.09355315304637005,0.1495853198344937,1.3754275496324908e-13
2023-02-22,0.2208840363252404,0.20564394586793694,0.20987615758892594,0.003258318390627936,0.003757197236749614,0.4648144001615372,0.1085869006559822,0.2464226555158707,1.5520525836754118e-10
2023-02-23,0.015943856573425567,0.021342277562971163,0.01891279523883174,0.0026378594817725518,0.0014433582297305042,0.062277960331410365,0.09942535254015379,0.23218701437988515,1.5258453875399702e-10
2023-02-24,0.006644140501673649,0.008769115769162783,0.0062615197522054526,0.001115682981669211,0.0018271778641957372,0.0031378283159101752,0.11060300082707433,0.09310254669069615,1.5336643066632405e-10
2023-02-27,0.0149563423955481,0.019571600465522365,0.019567733668066252,0.0024864259858107737,0.002176972799389111,0.08685806424145434,0.1300599266063028,0.24665043995308902,1.4842854376140302e-10
2023-02-28,0.005812730392027338,0.005901662020273102,0.007458973317254763,0.0011810194671385693,0.0008768519932865319,0.013947228304621556,0.09278197776819289,0.23127637198960663,1.4960663263785534e-10
2023-03-01,0.012305134331130873,0.013787552670356442,0.013167836139694439,0.001527282844234673,0.0007602546242733352,0.04914847164919179,0.07270671846855649,0.0991226368371821,1.46551798474448e-10
2023-03-02,0.05398292779107091,0.05373433049036906,0.051046493639332266,0.0042991522551704756,0.002222327991386034,0.14662291792291368,0.08474669973102456,0.09253878800379305,1.4785706686781808e-10
2023-03-03,0.11454983203225629,0.10238036830652723,0.10759035488251759,0.002119085388380397,0.0012600448975913442,0.21540919247340812,0.08565715342404696,0.07839554273273586,1.3776133012122216e-13
2023-03-06,0.1782448495630326,0.17020431159288996,0.1722310373333561,0.0017773658905028758,0.0034655726861855867,0.3997623396243464,0.15612887264538067,0.2441482621835917,1.5377558254536794e-10
2023-03-07,0.010053234434620542,0.012555186946104168,0.008193228010087423,0.001462425655059156,0.0011470208597627951,0.006735514509833411,0.10144237393090574,0.2583613104953183,1.5350336973751766e-10
2023-03-08,0.010330036583424755,0.01792196380758218,0.010776105107142702,0.0035579222345547,0.002553390576390059,0.03838376690288055,0.13091986024241145,0.15048711085728847,1.469758967309609e-10
2023-03-09,0.007769945954887921,0.016024438908249863,0.007718241724973715,0.0017293702390135876,0.0005755862065048205,0.015677457401250393,0.14669142895187098,0.16006370575979673,1.5041802178816788e-10
2023-03-10,0.010274848085798207,0.016863745986223817,0.009689355107517467,0.005282803031387798,0.001703731616103275,0.012886740072674045,0.15079240496731483,0.14263146048104558,1.3854912356281446e-10
2023-03-13,0.011188444550798201,0.01100922732824866,0.01325233673688952,0.008587373217012757,0.005356523476607212,0.025539767488843828,0.2275711409283577,0.12126043368268076,1.2068676613630203e-10
2023-03-14,0.01842167630211646,0.019255520902785823,0.019448609323318634,0.00398326306468972,0.002437933137247815,0.06240354933408978,0.19633746210818348,0.10816829264176162,1.179905270709547e-10
2023-03-15,0.04566592477354957,0.03973487348887305,0.0428220772852027,0.005613063007789909,0.002877289692039938,0.12226659445753767,0.16426463465917168,0.107686503191746,1.2667931287291267e-10
2023-03-16,0.08871231215541277,0.09105449919311429,0.08563779300151592,0.006416285122480533,0.0035208028043775333,0.17658860519834108,0.18173132803248038,0.10787881768945673,1.182722982051576e-10
2023-03-17,0.04305514790841057,0.03997398187073159,0.0364074872846231,0.004572677165280793,0.0018009136762489088,0.06435681533390727,0.1935669182168532,0.10305731724258452,1.245505504288147e-10
2023-03-20,0.05909644351569556,0.05536300582652467,0.0554728773165841,0.005990673740218035,0.003611852192877737,0.07816634521518259,0.20559366988685235,0.11955126627738277,1.3792439412796398e-13
2023-03-21,0.023700733512437715,0.022617906044340684,0.019434389048856953,0.0029855642652898695,0.0013397594192475105,0.019097872302073667,0.15128689750318897,0.12185207860747213,1.378550051889249e-13
2023-03-22,0.017048647016064893,0.015505690259070268,0.015227437736379756,0.004759454675968222,0.0027595295946229842,0.0032255715730851427,0.15191961733749845,0.07714625136617884,1.377960245907417e-13
2023-03-23,0.014406763966370542,0.015765614299257682,0.018597515884354102,0.006860953027023699,0.0029657015923976837,0.004037212836920541,0.2041116117929779,0.09801036409625954,1.3801806919566673e-13
2023-03-24,0.01504451572459781,0.013191893795437903,0.009801747779648895,0.0027697682622398537,0.001475671009546891,0.0019192020746186817,0.20423379846687814,0.12173280106772155,1.37997252513955e-13
2023-03-27,0.012746163576543896,0.014711438834399834,0.011515778378073587,0.002885249366715442,0.0010335622930096892,0.0011713261318624978,0.15250247973480352,0.031885297132563564,1.3792786357491593e-13
2023-03-28,0.015091446867587472,0.019611886920344587,0.014520975634412575,0.004465306687282122,0.0037270273972309564,0.003833533394022147,0.1901092056791161,0.15920813955649243,1.3801806919566673e-13
2023-03-29,0.014031625614664357,0.013711661745353598,0.009752240628542592,0.001992516100484565,0.0008085603685444719,0.0007036894928869754,0.1478380207941213,0.16216659308020467,1.3798684417309914e-13
2023-03-30,0.011141895187427744,0.01133784812481253,0.008253698793014044,0.004077512628030841,0.0016467370866961191,0.003409391467937521,0.13266792760421303,0.08496257348649774,1.3796255804443547e-13
2023-03-31,0.011870234166157578,0.008995782113291767,0.008338139227596558,0.001762646370524909,0.0013085892684009098,0.001210694929192482,0.08743941474196831,0.04074822515393329,1.3788276076454054e-13
2023-04-03,0.01516583638487981,0.016401301428986763,0.010148059160033278,0.003048689311556746,0.00270077521919586,0.003470568535961996,0.10367603217461396,0.06770823210445466,1.3773357454560653e-13
2023-04-04,0.012867684983624863,0.011270255781609497,0.008227565173769744,0.002180153063357504,0.0015773512181322697,0.0029054714598828473,0.14517105927393156,0.07622861791922224,1.3788969965844444e-13
2023-04-05,0.015858265826188926,0.007520466447830087,0.009774110198107519,0.002643017430964345,0.0018495375993897814,0.0019952616969553254,0.1379704821593389,0.05347547035777508,1.3795908859748351e-13
2023-04-06,0.01567379478689597,0.01299583988844889,0.012030706243386296,0.0026877617364206713,0.0014972361415891236,0.0024645783030872166,0.08303366858457399,0.04454670942515626,1.3801113030176282e-13
2023-04-10,0.019293044974817285,0.009859156396105538,0.007078735950471054,0.0015981988697105487,0.0007265091405082366,0.0010972420486414195,0.06911780008195857,0.07136123838998762,1.3799378306700305e-13
2023-04-11,0.015511844711551995,0.008774244913380965,0.010811396838583173,0.0025368519390828737,0.002339920867271583,0.002407446379639236,0.14007216233371694,0.12434917274156274,1.3795561915053156e-13
2023-04-12,0.012324331967746177,0.008651075510313806,0.008238522544688941,0.001491895491281904,0.0007713612374394513,0.000826161845446929,0.0966587924103,0.09480645435257555,1.379833747261472e-13
2023-04-13,0.012712003393762512,0.008439030623437904,0.008813504733674989,0.002291460544638281,0.0008577891536857496,0.0013173385754143233,0.06936034821850892,0.03813449847802204,1.380423553243304e-13
2023-04-14,0.009764559138829464,0.009668784595120699,0.009699043854944384,0.0038077120449138274,0.0019069533963356707,0.0030610971960926916,0.12050446749693138,0.07050884968121734,1.380423553243304e-13
2023-04-17,0.01431945195019177,0.009749205588636716,0.013737473443344977,0.0022608911663144077,0.0018998221430221497,0.001140615371770186,0.09483346483818948,0.1306858423102728,1.380041914078589e-13
2023-04-18,0.014575198560742459,0.011413269455760254,0.012660622440310557,0.003362975806841806,0.0017715894449267743,0.0017123342288303909,0.17069870769271647,0.046822559797089505,1.37997252513955e-13
2023-04-19,0.011285406191520504,0.010561041824771961,0.007655152440452395,0.0010956354459271955,0.0006475712906042579,0.0005323683713030523,0.17359070978363245,0.07325722822896782,1.378931691053964e-13
2023-04-20,0.01613028360927049,0.011280368312194273,0.012519745239137106,0.0018516532956318124,0.001137314364966435,0.001084398339126149,0.1103549751301965,0.05950278059375018,1.3788276076454054e-13
2023-04-21,0.02349886778164035,0.00945150975105773,0.008083872482960629,0.0024816863733660988,0.0015368568862875953,0.0023230836653408615,0.14394449708902993,0.03739323353745937,1.378411274011171e-13
2023-04-24,0.023443615948346673,0.009121587471125441,0.007491938066065432,0.001850067368817765,0.001219444729315145,0.001158436160832154,0.07336079399373037,0.03740026421069635,1.3784459684806905e-13
2023-04-25,0.01029837340410685,0.00918294875816664,0.006473254556292751,0.001602138410072687,0.0013604171025340343,0.0010964563131727629,0.07789532301683771,0.039578966321124995,1.3791051634015616e-13
2023-04-26,0.026296699213963087,0.014077631206307544,0.01597884448457732,0.005651399434919574,0.002575502519756107,0.00435805866285081,0.0963884342593789,0.1346273667777343,1.379903136200511e-13
2023-04-27,0.020906914162731542,0.00986194284173322,0.008692309811126658,0.002286784485758822,0.0017904522212450525,0.0013613798532953344,0.1426291081197352,0.08545834612699679,1.3786194408282881e-13
2023-04-28,0.01506976602286815,0.011500298759113556,0.01109031414838035,0.0051490543451952475,0.0018150899575443366,0.0043383698125642025,0.12302659623019754,0.09683078478523735,1.3775439122731825e-13
2023-05-01,0.008423903139074327,0.008226054725366033,0.007975699755514706,0.0016463034780030902,0.002252676251159852,0.0012981410629219164,0.19400856734041247,0.06567552546936281,1.3778561624988583e-13
2023-05-02,0.01627254137824064,0.01009711185065695,0.011914662875488861,0.003017462529832683,0.0038085686612626068,0.003887150310486604,0.20133675695651623,0.20497678905608163,1.377058189699909e-13
2023-05-03,0.02732467278069014,0.018011953471402362,0.015514991715480247,0.006810618924150233,0.004485842580869958,0.006333056781959871,0.2596937946367926,0.14276122828150128,1.377647995681741e-13
2023-05-04,0.013805374797757671,0.017558207428038233,0.01125601980816727,0.002528044665221371,0.0015198213736813827,0.002333778648214699,0.11785192243422413,0.11498963916548774,1.3781337182550146e-13
2023-05-05,0.019249629034078668,0.010077619634839281,0.009574565275637225,0.002691634424739929,0.0014106029796168004,0.0013221519363362183,0.10195552625639648,0.04412425378453044,1.3788276076454054e-13
2023-05-08,0.01414340915728186,0.012103667812358469,0.011948660124837387,0.005605992004084598,0.0022723879384951152,0.005304882188679294,0.18812415768152127,0.10065748184169569,1.377439828864624e-13
2023-05-09,0.015987600083904662,0.011802062068836114,0.009845823822020155,0.0020009092230284034,0.0020140187537095004,0.002613969679845862,0.14205427573790078,0.12011793558185253,1.3787235242368467e-13
2023-05-10,0.014312149998603437,0.008567239831657136,0.00620353045824566,0.0014267559847058603,0.0008332210249720577,0.000998432588320117,0.09993370524389283,0.09125085849734241,1.3782724961330928e-13
2023-05-11,0.009521828518574593,0.007099519060430945,0.004782145814902339,0.0020828441701990774,0.0019403958782619386,0.0010279639272291973,0.09203443802029292,0.068065569172425,1.3786541352978077e-13
2023-05-12,0.012903477721809092,0.00828106430929946,0.00977599740819253,0.0028840321173467867,0.0017114347194076194,0.0021054714984256916,0.13657080223180115,0.0663932537345346,1.3768500228827918e-13
2023-05-15,0.013724018832237738,0.007455460781020107,0.009607694836938501,0.00146890983801011,0.0015199173696152442,0.0009504920422572364,0.10255110878730041,0.08097142356581319,1.3771622731084676e-13
2023-05-16,0.010636523757941848,0.007832527801586619,0.009228195079888153,0.003171782517327311,0.0015192337137665034,0.0020033831212908464,0.07827836417700901,0.08208684952935504,1.3775439122731825e-13
2023-05-17,0.01572590013209445,0.0186814513824077,0.013581625336326803,0.002473220665081474,0.001604128845377404,0.0017647664724522896,0.10657401881733033,0.11976970789522805,1.3774745233341434e-13
2023-05-18,0.013429661429673816,0.019470034539400903,0.00935726429764086,0.0033981637768575323,0.0011480414648955346,0.0023787339661656874,0.09400022989814871,0.13936907069716722,1.37698880076087e-13
2023-05-19,0.013015236253182233,0.010378446141772186,0.010183996497995496,0.0033725252661825633,0.0021103420058124983,0.0027293567567351364,0.07994621081194715,0.07455217223842145,1.3752540772848931e-13
2023-05-22,0.012258649764544587,0.009451679518466921,0.006788822704798986,0.0016688358067922238,0.001182750108981731,0.000948905929244411,0.139619698513577,0.05429123441540262,1.3758438832667252e-13
2023-05-23,0.011857399321573606,0.010276397025670781,0.00736518950857408,0.0018916947568708986,0.0006705596937860372,0.0011427424253888292,0.06293920742844242,0.02801424202951497,1.3753581606934517e-13
2023-05-24,0.018082363982652228,0.01228537765277009,0.018043226594640065,0.0031721718426066248,0.0008309160094542633,0.0022848340736249606,0.10788490252599207,0.10437095678763393,1.376086744553362e-13
2023-05-25,0.014246499950782695,0.010708065125212145,0.016003897791864556,0.0020035713561128016,0.0013371030273460862,0.0007140125010753252,0.08303189678650162,0.0828438341605365,1.3767112450047136e-13
2023-05-26,0.015144866941446716,0.009495385928200548,0.00949248897059871,0.0031456361949813647,0.0017958815358739006,0.0027772221302315905,0.17396169858589905,0.0698981694650501,1.375566327510569e-13
2023-05-30,0.01777272212905104,0.013389407026502532,0.014205190330950548,0.002515483097194633,0.001870924405054978,0.010356319060827306,0.14352712139125182,0.12371940514752518,1.374664271303061e-13
2023-05-31,0.016619260838093654,0.013428949880348998,0.018460544567775124,0.0039369124032008,0.0021934252173060626,0.008342204253246773,0.12787850594038846,0.09104465186244204,1.3736581316869945e-13
2023-06-01,0.013690358184949186,0.009952248069470693,0.012610574428730282,0.0030067060165297824,0.0013605533189849023,0.002786468298579048,0.08655100786952258,0.049439713601091194,1.3734846593393968e-13
2023-06-02,0.015078440698761315,0.01059545895544097,0.012330506960508341,0.0023570320832962816,0.0014665920268083703,0.003866586141634986,0.09612610728533667,0.09931274585293234,1.3739009929736312e-13
2023-06-05,0.015196967613486753,0.011738954677122071,0.013847448206441529,0.005869371502731632,0.0025942751509581987,0.004190006133293428,0.19306585589563457,0.0861598032710857,1.373172409113721e-13
2023-06-06,0.017617708772427253,0.011621375839703492,0.011532217161352994,0.0015874087999165898,0.0006034699456952271,0.003473002906708679,0.13538841703562085,0.13460772621084632,1.3733458814613186e-13
2023-06-07,0.009621435429322388,0.008865022338529075,0.009617071792916187,0.002553228431464674,0.0006687392894729693,0.0006927391417136645,0.0747929020091826,0.06762737180620648,1.3726172976014084e-13
2023-06-08,0.013534110111661182,0.015115723635903943,0.019471477307582506,0.004291209569587055,0.0026934410862297442,0.0020228455296166154,0.13753239805696493,0.13651239541386978,1.372790769949006e-13
2023-06-09,0.013456014338452265,0.016002753261807466,0.009171399960462442,0.0021822479466346856,0.0021623631108809442,0.0009424569198915884,0.2037262882581099,0.14129767079030878,1.3724785197233302e-13
2023-06-12,0.008698935905590783,0.013798042539331017,0.0070009469872357455,0.001514380647487254,0.0008044933537134375,0.000994300924457054,0.06523473100284222,0.08599613599063527,1.373172409113721e-13
2023-06-13,0.013623401746404296,0.009359833999107977,0.00676603233266473,0.0021749231567675387,0.0010487759465507439,0.001655002562513694,0.10013067756645488,0.044502149870010756,1.3719927971500567e-13
2023-06-14,0.01685788177476325,0.009818117958824606,0.008586916613768333,0.003590760809185828,0.002073343275961294,0.002857834818343081,0.07383017462316438,0.06052956928671573,1.3715417690463028e-13
2023-06-15,0.011340505238075994,0.0085885111416973,0.0064126216222844725,0.0015919421638556017,0.0009380989540267708,0.001022996807637851,0.1292358230564823,0.05259115103369698,1.3715764635158223e-13
2023-06-16,0.01197549126878224,0.007707208877898568,0.007715532275627224,0.0014116638393224176,0.0022652532599671243,0.0022623755289183454,0.11664447546677414,0.12047985043508398,1.3718540192719786e-13
2023-06-20,0.014143282574803209,0.007905427056608781,0.008624815371718397,0.0014200106919188757,0.0010770361839370177,0.0016749027058589369,0.09556296913208293,0.12828048780884943,1.3724438252538107e-13
2023-06-21,0.013099865497125177,0.007083767036593027,0.011655018587313793,0.0031181690746422894,0.0014006016382951758,0.0018503015517375373,0.0790483677695284,0.04781286405687446,1.372270352906213e-13
2023-06-22,0.013868119929360708,0.010530412418668419,0.01311843168403542,0.0021411193750526525,0.000868233972958928,0.001968805701574247,0.07838685202110725,0.04940073443339555,1.3730336312356428e-13
2023-06-23,0.013347580896672068,0.0067741928671846115,0.008887061244411949,0.002794471410046011,0.002348658667771696,0.002288401901966713,0.12025833703700675,0.08389486461121806,1.371680546924381e-13
2023-06-26,0.014542048354644052,0.008318580767322888,0.012262545833083654,0.003922200066166864,0.001518532407959439,0.0025192455306374322,0.11778498143135982,0.06319995687944494,1.3722356584366935e-13
2023-06-27,0.013523032259713774,0.010997050103749927,0.014258817993382628,0.0020088124043573657,0.00047472828937765823,0.0013810983751542608,0.10221976877557823,0.07015967085946948,1.372339741845252e-13
2023-06-28,0.014273928074039665,0.011199084254213582,0.01131931445022248,0.004082910085855512,0.0013917964363486036,0.002653628790121774,0.14320703174222657,0.040946953256557374,1.3714376856377442e-13
2023-06-29,0.009096832446116896,0.009760829595132777,0.007415621649748928,0.0014244844793563013,0.0010722683206882474,0.0007886616384003327,0.15015915775443203,0.05036441334992414,1.3705009349607167e-13
2023-06-30,0.018168442104937836,0.009360592092952372,0.011206918539720346,0.0029422074096356957,0.0025291932608893994,0.002640975144790786,0.14371924398278732,0.09759479851493205,1.3697029621617673e-13
2023-07-03,0.014185018600689154,0.010461672798535394,0.008240082970950916,0.001529480697292522,0.0019688186750425607,0.0023041379018395387,0.14559293833779632,0.1363148593661311,1.369737656631287e-13
2023-07-05,0.016997614406704675,0.009224854792515742,0.006387748705033424,0.001792814845073959,0.0009759515068078678,0.0010243733881823524,0.07010553977640117,0.0814564840309445,1.3702233792045604e-13
2023-07-06,0.013974493864086801,0.010005653698638213,0.011304678775577413,0.0020457265327080837,0.0016177083663439814,0.001436933403295707,0.08248333847675379,0.07751805866891795,1.3706397128387948e-13
2023-07-07,0.016955686707862246,0.013669933034355314,0.020017722882335685,0.002304003682372935,0.0023423378047982123,0.006841619285706255,0.09500429690531088,0.08564938561385162,1.3701192957960018e-13
2023-07-10,0.015969655964573535,0.013523110251041175,0.013298625183495935,0.0027261412553836323,0.000992673055589023,0.006625269480072547,0.12321861787373985,0.1571227239861508,1.371819324802459e-13
2023-07-11,0.012918190077164615,0.009258669418675373,0.009311548169749561,0.0014117571438939103,0.0009064545460419498,0.0009778759384368326,0.08484656981342706,0.046152907128952016,1.3711948243511074e-13
2023-07-12,0.014184721275031559,0.00907025123483341,0.008539627443746929,0.0015573260693924132,0.001220482369610411,0.0017348517094189545,0.049393087124084724,0.03942900921692908,1.3711254354120683e-13
2023-07-13,0.023506285123910852,0.017762358580428912,0.01889538628767815,0.0018157857517157872,0.0024537059675404918,0.01753324915126444,0.08773222205196425,0.11647355652087177,1.7394671467108047e-10
2023-07-14,0.015584915293309312,0.01819752751228109,0.013047826707470091,0.0018672349434599167,0.002200080708399901,0.012967136732966433,0.10049038245784958,0.08656852546951962,1.7657256906611352e-10
2023-07-17,0.018308804502511256,0.012853630668291283,0.014057714449390163,0.001163007928671099,0.001508901684878957,0.011058700151013609,0.1483331677064043,0.2164885401806742,1.771458708887952e-10
2023-07-18,0.01798291006263597,0.016720249671131747,0.01601816076107717,0.0017493723874737396,0.0005548477979586035,0.016842612332150574,0.09095783574770314,0.1410929732740946,1.369807045570326e-13
2023-07-19,0.014636776099412278,0.007632505961710509,0.006981341802058444,0.002528023633496017,0.0014543552835298255,0.0030244674650436064,0.04955627722806086,0.03467739935743021,1.369737656631287e-13
2023-07-20,0.011089804913970642,0.005939538860314266,0.005329998977921162,0.001704327240595195,0.0014240717437687344,0.0016386842322119043,0.04952914805034474,0.05346810207392154,1.3697029621617673e-13
2023-07-21,0.015519707624836825,0.00940850766546664,0.015054394257412586,0.0019128969433475293,0.002211633720456176,0.004479406160885583,0.10144631909956905,0.15766603608523222,1.3711948243511074e-13
2023-07-24,0.010748608531906794,0.009484712926245522,0.009443650348522754,0.0011524608187843885,0.0004723052686838057,0.0032676712165267243,0.05056191849706143,0.14381163630343757,1.37174993586342e-13
2023-07-25,0.0101631023644496,0.008435282515377774,0.00509833508278047,0.002770034701811308,0.0010537061819383153,0.0016217415164203283,0.0589046182077828,0.026717690842991283,1.3720968805586153e-13
2023-07-26,0.010105335432186488,0.007549770844901234,0.005037870498114969,0.0017350550822405747,0.0006881274677148732,0.0009878662220794427,0.04632187958191343,0.021329665231933186,1.371680546924381e-13
2023-07-27,0.01303422010527475,0.008157383940610979,0.004476515498839611,0.0014413681785448926,0.0009264216960523569,0.0011405514070405446,0.08248447985720206,0.022975311869462337,1.3720621860890958e-13
2023-07-28,0.021543626812757656,0.01953918629431542,0.02282065199413024,0.0026250679094690435,0.0032999574891002708,0.014073392019637426,0.17358457312926207,0.1800727223128165,1.3719234082110177e-13
2023-07-31,0.012351683026633099,0.015736075418406364,0.012457867658217197,0.0024536224906129625,0.0015261548159888954,0.00784517733786839,0.15270502411528428,0.21303869936578637,1.8256761380452957e-10
2023-08-01,0.022303542469350245,0.018073305050018043,0.01558146130429805,0.0010758742198200139,0.0005620117634345615,0.016020096045727572,0.07194585929755325,0.07826456581963906,1.3719581026805372e-13
2023-08-02,0.013482738280139198,0.010909321207562477,0.015123797761332857,0.0020679280683805687,0.0023769089488433434,0.004817058504555523,0.13336644085940486,0.15449445177791254,1.855026236785573e-10
2023-08-03,0.12608053498450503,0.1188039131598309,0.11306181658286776,0.003096652627398666,0.002141552839128468,0.18096532772695462,0.14647037545573136,0.10783999302808449,1.7964650600443832e-10
2023-08-04,0.030353057140744093,0.027996788547778234,0.02704095630145481,0.0028028563425402733,0.0028493224280686726,0.049208907906533775,0.12960466978863144,0.14268967279329708,1.8163809692439692e-10
2023-08-07,0.05877723275370259,0.05597817260891068,0.054762556055448,0.0029088542683939553,0.0026081021973011305,0.08698360032336536,0.2611981289786227,0.12522017908611321,1.744687068427897e-10
2023-08-08,0.037344525479162775,0.03338710551416413,0.03184305819737228,0.002547083939373883,0.0012640753361615059,0.042956824049029396,0.09938030879038644,0.04889652395998142,1.8020484410241622e-10
2023-08-09,0.017250772219344773,0.015010207662453373,0.016520116075351574,0.0027925893587498127,0.001657548946357338,0.010871551731735506,0.07938460623089463,0.06055450735579082,1.3723744363147716e-13
2023-08-10,0.022819745980095747,0.0112861386427435,0.013679260890701178,0.002126343778686625,0.0008483625646257525,0.002735475820047979,0.09241556478988976,0.04063153979772762,1.3725132141928498e-13
2023-08-11,0.023095453951527175,0.0094991052385557,0.008448665712838933,0.002148153675698275,0.0022436395751675195,0.0021733423238338785,0.14935644667604928,0.09432109082751858,1.3724438252538107e-13
2023-08-14,0.011978891710299646,0.007881558729927036,0.009182971990625607,0.0016762017067365811,0.0008390353689482231,0.0007764945362675354,0.06682310208254669,0.06851645085478417,1.372651992070928e-13
2023-08-15,0.008402930950000085,0.00791398657681933,0.006649732694490653,0.0017177118357913704,0.0006845602767110224,0.0012188336696177262,0.04345657769110861,0.037713892752247326,1.372131575028135e-13
2023-08-16,0.01727060365374345,0.007323647894487589,0.009166011099508866,0.0019509513185633279,0.0014287187253391978,0.0014317063255260697,0.06882755884228439,0.13465274976025135,1.3725132141928498e-13
2023-08-17,0.013675252339761596,0.008834958806416396,0.009319033551151198,0.0013202021257373783,0.0014281692541858728,0.001080901697809869,0.046247014063246064,0.07514340914305855,1.3728948533575647e-13
2023-08-18,0.012464556793190263,0.008423349811521614,0.013297323423763413,0.0019031552881348252,0.0009554273466166888,0.0016933290557709364,0.060474765107912054,0.0863747784489646,1.3735540482784359e-13
2023-08-21,0.010417984655317809,0.00815337454544564,0.007214274308232102,0.0013560486232747568,0.0008145638151343466,0.0008287264266865445,0.06932886507111785,0.09668686190009576,1.3734499648698772e-13
2023-08-22,0.013224613811022384,0.007458143635265237,0.007952101420712907,0.002909348324877707,0.002004443421361923,0.002674506434017849,0.13901065504044588,0.07486341966982345,1.3732764925222796e-13
2023-08-23,0.014261004513873904,0.006281325668284088,0.004534023689527175,0.0011240407344500908,0.0008467944328193151,0.0010785439877589622,0.11647500843025638,0.07484865281039833,1.3735887427479554e-13
2023-08-24,0.02595550373538334,0.02666324621674388,0.02591824873218753,0.0019516078445705187,0.003467293188873419,0.02743963813844256,0.12724596637771501,0.1946797305989647,1.6469884137060298e-10
2023-08-25,0.014475965447772896,0.013216604834769052,0.016582960510901943,0.002778443672238222,0.001543002364400666,0.003916320102578338,0.13743079931039745,0.22454213193149006,1.6055087814770275e-10
2023-08-28,0.021343032933371024,0.01811635963561376,0.018713627170448877,0.0014904468650061634,0.0009746617624139364,0.02134946933721498,0.11437730622443529,0.14935693124818783,1.6183680090486874e-10
2023-08-29,0.00963699672697314,0.00931000524129767,0.007331320339706818,0.001679252008481201,0.0007680886067986816,0.004605596757051949,0.08652761511751975,0.04818837516418143,1.3735540482784359e-13
2023-08-30,0.032756680142512165,0.0305743514777584,0.02967123671787294,0.00174143801643354,0.002196280953801983,0.0342226898087062,0.1000167875071972,0.1238323661494479,1.6950688422334714e-10
2023-08-31,0.02725293700732081,0.02419805739813109,0.022474790314852937,0.0011488068889045494,0.00038825920683685863,0.02793434277906534,0.0796944822599764,0.1674380211132584,1.7055192674808595e-10
2023-09-01,0.018607021380279556,0.013375896071009669,0.010939030516385125,0.0017967913027082602,0.0007067205731604876,0.007885368647830383,0.05935340743571166,0.04565180309335816,1.3726866865404475e-13
2023-09-05,0.017562123353632435,0.00911186528564598,0.008750420816719272,0.002946772423149023,0.0022534310855986937,0.0030448218962273147,0.09055820093155184,0.0752427487367871,1.3728948533575647e-13
2023-09-06,0.012970242646616087,0.012410423115246526,0.016439949722786874,0.002252969682128299,0.0022793376045578584,0.00356433578028864,0.0772146900694882,0.09275436994956837,1.3732764925222796e-13
2023-09-07,0.020890033662784576,0.009003924851390777,0.008922965884542593,0.0012497243006015096,0.0008862057185651201,0.002916037726934671,0.09063953939144623,0.10491322116589519,1.3738662985041117e-13
2023-09-08,0.01908411817434355,0.006683448522850552,0.007977558471257645,0.002429195684642796,0.000833161063946555,0.0015579328659702713,0.07494596160839173,0.04043914862534204,1.3740050763821898e-13
2023-09-11,0.012085020725787538,0.006117841763374134,0.00490258260682612,0.0007900929528001852,0.00041144329925295157,0.00047755260436618547,0.05686668031523755,0.032032419415333975,1.373692826156514e-13
2023-09-12,0.007492599184369776,0.0063372382213575384,0.00420092243667341,0.0024454474068811016,0.0010552037742777767,0.0018653888154140474,0.06469587228046689,0.046599864027854,1.3741785487297875e-13
2023-09-13,0.022131721372467415,0.007062676228788355,0.00793677386026705,0.0016621965265559563,0.0008647895396422655,0.0014524390562230076,0.06683861733416181,0.0481581861509693,1.3738662985041117e-13
2023-09-14,0.016877984067774625,0.007396768655347087,0.005080850363530785,0.0016622887367865602,0.0004988960476066229,0.000477260405572311,0.04157326995490982,0.030788479441643125,1.3743173266078657e-13
2023-09-15,0.010264344036615834,0.005856121090572054,0.006627932463844683,0.0031248100014081223,0.0010814231352309974,0.002047266011754113,0.09526596801349782,0.04654663301853472,1.3745254934249829e-13
2023-09-18,0.01304878195323223,0.008936863629459196,0.013554966889134662,0.0021634758665365905,0.001393550667144165,0.001609025717941109,0.14384225556870375,0.10558006704074493,1.375184688345854e-13
2023-09-19,0.009687963713439973,0.008092944698583111,0.007285205715888245,0.0015910334001076956,0.0008062275793928427,0.0005568923773057899,0.054476562865213476,0.09098568939713124,1.3754622441020103e-13
2023-09-20,0.01226361627005795,0.0057214812578901325,0.005008228272810751,0.0009355025399397296,0.0010664787995637872,0.0005667492149067935,0.05357648410257162,0.05529375203525666,1.375184688345854e-13
2023-09-21,0.02165046025700993,0.008190730516357662,0.012035758645883621,0.0022828712091812475,0.0008629849797167062,0.0018176918290963024,0.09649580380531267,0.03668951132668596,1.3757744943276862e-13
2023-09-22,0.12248948329401514,0.10530006850701794,0.09992437427895494,0.0033471413716597634,0.003233826965626191,0.1471592328313593,0.12736781402267489,0.18304901104228527,1.3768500228827918e-13
2023-09-25,0.08393298881556803,0.07986487068200807,0.07706565108266032,0.0019008440564020276,0.001189155731140399,0.1188280001085588,0.111366841950473,0.21502975542461034,1.3768153284132723e-13
2023-09-26,0.02673711332041918,0.021548009210894368,0.021714716397364848,0.0026526929904215624,0.0029189858723726505,0.02442334283601706,0.17577894873778804,0.11805577609556477,1.3770234952303895e-13
2023-09-27,0.014638763001811623,0.007714432396006167,0.00889256656076931,0.002845742661661238,0.0013272098397421816,0.0031710943933386977,0.22886323302797465,0.0733489841765512,1.3774745233341434e-13
2023-09-28,0.015222503744723784,0.010438828001727875,0.013802450157291524,0.002219649188134415,0.0015625279818117922,0.0074211127101219505,0.11451957638601137,0.08239538517881373,1.3779949403769365e-13
2023-09-29,0.008713289441321109,0.007483577853358121,0.007629831849926401,0.001730722082418687,0.0009309687660967996,0.0007551013874772756,0.06160999773396778,0.09962737433037597,1.376086744553362e-13
2023-10-02,0.011527614906053637,0.008412870823098667,0.012379395745294479,0.0015566000620531803,0.001117201379474057,0.0010685734003960052,0.06288769269049896,0.0882568564528631,1.3753234662239322e-13
2023-10-03,0.01519442788626053,0.010637286764826498,0.016187447533470768,0.002760549876789968,0.0027258428884366376,0.003053500586909105,0.13126735996331376,0.12513241457731702,1.3753928551629713e-13
2023-10-04,0.04459725720251198,0.041157158703056675,0.03873782583881966,0.002204960693803243,0.0031609426394354893,0.0504578710397517,0.12118884502899063,0.08776524349813908,1.3763989947790378e-13
2023-10-05,0.03468327089348286,0.03206514811895294,0.0379473362831589,0.0037291240588384414,0.002583631618075525,0.040741441420275665,0.13238773300903034,0.24561217347775033,1.3743867155469047e-13
2023-10-06,0.01365677186620921,0.01412366361000455,0.018181636801787648,0.0016199913526094636,0.0008319778479565132,0.011517295029781247,0.09068466702504939,0.08653431972279839,1.3737275206260335e-13
2023-10-09,0.010083695849266435,0.010166045830160859,0.01065770312938078,0.003403507943212057,0.0018835135632042648,0.0029670087307805816,0.0847944333735401,0.07340753641162497,1.3739703819126703e-13
2023-10-10,0.021300499205814345,0.023527539340049173,0.02203964178249527,0.0033147865254023745,0.003813166959013048,0.019309267130382442,0.20621251220805345,0.13503624036000078,1.5932529601192513e-10
2023-10-11,0.01609565823776777,0.020953622201564465,0.013818627298067699,0.00258587391574,0.0005143639329846697,0.009865953511889496,0.11359749989530107,0.09503143215771763,1.6494745846973302e-10
2023-10-12,0.007801299926318876,0.010245532350732344,0.010757245407681408,0.002439882051348638,0.0024525691581556083,0.0036706498796316143,0.14891998269876597,0.05346580166342937,1.6520136994491175e-10
2023-10-13,0.06423308213823886,0.060498524733220205,0.05816605268368311,0.0029453841599567446,0.003226083810805558,0.08106079834382954,0.18387987588637728,0.25853150839607253,1.638980132168122e-10
2023-10-16,0.028385208535926198,0.03939905126491064,0.03035457741926311,0.0057404830603185394,0.003932422624054349,0.03869828343992822,0.18393489301815008,0.2127183099575059,1.5251241242131286e-10
2023-10-17,0.031521492113765495,0.027600268015554336,0.026827928924270966,0.004235307830248648,0.0022443986025463686,0.03552854541210822,0.17939931045412336,0.10976304787558652,1.617966177702712e-10
2023-10-18,0.019876186831400557,0.01798308050960807,0.01603618214577126,0.002266344088332088,0.0021357163793349,0.011659896598195774,0.08149233448321522,0.05483444862328113,1.3761214390228815e-13
2023-10-19,0.01769364704551448,0.019758173249035883,0.017383088079702232,0.004127060811384933,0.002378018426699595,0.011436194901447799,0.21455701565961477,0.0717034113451881,1.5487853707862875e-10
2023-10-20,0.011555858032806857,0.013940573248988614,0.013892433122953829,0.0037328645109829736,0.002957518496885509,0.0032182959715428747,0.0972422655300616,0.03514477966590065,1.4908995912832346e-10
2023-10-23,0.02198431326401209,0.018157620178330638,0.018814110954045504,0.003621309509655758,0.001394319509306798,0.013047466850164686,0.12006599596952934,0.07667733271856587,1.3800766085481087e-13
2023-10-24,0.014275184572164123,0.013996085311454808,0.011939967851939176,0.0026197851806193315,0.001853878691274553,0.005197610739399219,0.07426667572040678,0.0652862061669609,1.3800072196090696e-13
2023-10-25,0.009562367698390885,0.018308057601816783,0.009037871634637276,0.002380382428696766,0.0018421331897080673,0.0024045900781766326,0.11757955934581896,0.05613892882307975,1.379521497035796e-13
2023-10-26,0.03523118139777601,0.029322770041426482,0.0302977457187448,0.003932181210927754,0.0034211738882571723,0.037352472415544166,0.10819236967211905,0.19334480658750905,1.3709943597062235e-10
2023-10-27,0.028771811593731288,0.029474164154857464,0.028980376409577523,0.0044843543486374,0.0023335899082953877,0.03118454913727996,0.11161304822906237,0.15645806736319573,1.3426967176988214e-10
2023-10-30,0.015043350211854562,0.013273152150860598,0.012337983928124987,0.002975099149542172,0.0013995190334953795,0.008213939587097301,0.11785875049742782,0.07046294609283368,1.3825052214144762e-13
2023-10-31,0.01097400992700705,0.01754669979957143,0.01130890045791324,0.003760819301738161,0.0015122502933468947,0.0023332279525102666,0.18535111072755586,0.03958940826967907,1.3809786647556166e-13
2023-11-01,0.007923020797681608,0.0108365440109225,0.009218011320927404,0.0027521182834586155,0.0010296140688772163,0.0014961465024334682,0.08682827527266737,0.04199332294897928,1.37997252513955e-13
2023-11-02,0.016172957692547955,0.015070136889192492,0.013297477320668,0.002312162351203864,0.0035127451742520592,0.006582267666514064,0.21682889798402635,0.128405941496126,1.3794174136272375e-13
2023-11-03,0.25772240991950346,0.24684367684758834,0.24154133613010148,0.003314632484230834,0.0032253593036515927,0.478473799314388,0.17264043101232596,0.108089881464598,1.4819225707674022e-10
2023-11-06,0.015680949938228484,0.016759343075813823,0.01789598755225253,0.0032763177224958487,0.001795308561808346,0.060299130028196216,0.06682984041249995,0.06464484464262359,1.5541438969091104e-10
2023-11-07,0.009219871439392248,0.008697605097375037,0.008710385389481903,0.002831548589991892,0.0018337366578447464,0.0038089330201260554,0.25195112753329146,0.20675041181556136,1.5620119434012203e-10
2023-11-08,0.0076523097665993035,0.011044702588066732,0.012464622483116907,0.0035871023368968386,0.0023874893872717195,0.02106251835474141,0.18720481789083507,0.13559967119316768,1.5382801976659977e-10
2023-11-09,0.014719520266770864,0.017568532956428507,0.020179992209328985,0.0030254484549418273,0.002155293298756005,0.05287124873308642,0.07663071756987522,0.04619863132662824,1.519641530667304e-10
2023-11-10,0.01529279490164714,0.014929307683836773,0.015825236273261052,0.0026595918469416724,0.0031610562505846674,0.06266697372523618,0.1869292121913113,0.20060090863733465,1.5041579787267167e-10
2023-11-13,0.008551713898819674,0.0077721415723734505,0.006976255339510494,0.0026479461651850375,0.0017151460427101881,0.0024297946145610512,0.13351785990022666,0.1971831901334419,1.5613042803064303e-10
2023-11-14,0.017803487989323186,0.016722414523034506,0.015927213074102577,0.0017528673697162003,0.0009091294496400661,0.06228379459124177,0.11348137894141408,0.07152973913004967,1.5386791493710028e-10
2023-11-15,0.018741659318030825,0.026150647044577514,0.022035506384633866,0.005795991058505576,0.003970265237665858,0.08678160164742243,0.2848225443431245,0.18626018657999438,1.6701979729805139e-10
2023-11-16,0.008740340371186992,0.016128596037297025,0.006280817683537557,0.0022459080271936133,0.0019263977883430615,0.002537750232314876,0.21336912837105673,0.22830080537922712,1.722367491685528e-10
2023-11-17,0.007713491893293754,0.008007560662671411,0.010104648744969219,0.004056046361424828,0.0025476102253689154,0.003516326121700038,0.17893561239353045,0.11311296088079285,1.6621973242259003e-10
2023-11-20,0.006282117349133383,0.007960012119543792,0.006959898183220238,0.0023497459558575184,0.0010188359029181038,0.0026238682367834827,0.13842363249356732,0.08916340662186673,1.6700452479256889e-10
2023-11-21,0.006358174186157926,0.006008037841881838,0.005450140837544019,0.0018152427221263118,0.0013347693606896192,0.00278848820684532,0.06592089126387253,0.03302192788650183,1.7020585288407553e-10
2023-11-22,0.010407728572110307,0.00752353338087962,0.007286852771787681,0.002382955447131768,0.0009055180152529642,0.01749072233351078,0.11990292066769581,0.1528710052999672,1.645455507959248e-10
2023-11-24,0.012643443181360611,0.014886050554376546,0.013912360026178901,0.0016985014575475604,0.0008654306799592898,0.054511706845361885,0.10930965780305475,0.056979398780901656,1.665419434304649e-10
2023-11-27,0.05240915174082076,0.05163700805724701,0.05055125509864474,0.002283229571587643,0.0017874753029677628,0.14086605423667334,0.16808823609300333,0.08041504895012086,1.7002533755916538e-10
2023-11-28,0.11607279756452575,0.11150250712045054,0.11034515035992325,0.0027237023680625194,0.0023940201495919796,0.21504633819509672,0.11219220570396331,0.08413468960695146,1.3734846593393968e-13
2023-11-29,0.06688593648252765,0.061855521419779035,0.06009739915689651,0.001830269444106948,0.0014516305452342353,0.08940652383204875,0.0795319220130172,0.04653932098481093,1.374213243199307e-13
2023-11-30,0.03252510209658472,0.020659856232925593,0.019999634215291114,0.0019409689021521181,0.0018393896235402983,0.020079263429727292,0.04604808914073847,0.03493361895053202,1.3735887427479554e-13
2023-12-01,0.02302008875249547,0.009432196749982937,0.01169833487288414,0.0024944155912419025,0.001894283718867901,0.0028962028713136415,0.12015356909782901,0.1320400672990067,1.3730683257051624e-13
2023-12-04,0.017672694318708458,0.021370424597520137,0.01794941788473624,0.0036408744557218445,0.0032637666244158354,0.01361435279492216,0.09773851588411901,0.17791528688511912,1.3733805759308382e-13
2023-12-05,0.018559980431277892,0.012992351649491318,0.01843018287452321,0.002712492851888855,0.001849732339244993,0.0061736942241085195,0.13387777110418767,0.1739605978337097,1.7213280800731923e-10
2023-12-06,0.016610754091790966,0.01209194064008132,0.013179542719263712,0.0034218961425755354,0.0027088252350614475,0.006464222078788229,0.1162317819565419,0.09973669862859089,1.3711948243511074e-13
2023-12-07,0.01386838091088632,0.017450749582814964,0.012339160780815626,0.002845687811800446,0.0019155771407090836,0.003084993051086648,0.10745418225926313,0.038610680715470136,1.370847879655912e-13
2023-12-08,0.013261249981050193,0.009769291432949617,0.007447824314754774,0.0018366889632963346,0.0007783941489977065,0.0015801728888366266,0.08875660169788782,0.04546025685756102,1.3700499068569627e-13
2023-12-11,0.01568892592131263,0.007624020760215044,0.010178762229065396,0.0025931866161143374,0.0019855808018422933,0.0019078897682315,0.18226773941467272,0.11520498066117815,1.3695294898141697e-13
2023-12-12,0.014072672315270623,0.007291147338111881,0.00843601157221649,0.0017944143099301937,0.0009552577558843582,0.0009166446536032664,0.11596282084104263,0.08018015362204611,1.3687315170152203e-13
2023-12-13,0.022319395921154256,0.007430638453296112,0.01050768700563791,0.0017820400634220787,0.001061052597422991,0.0011647782169527806,0.10053465295208086,0.03924793673802751,1.3678294608077124e-13
2023-12-14,0.2697873427189704,0.24715111398209175,0.2519492271784156,0.0034595953626502737,0.004367608106396936,0.498471722056758,0.22708626222162837,0.24398717831712585,1.8023117026588764e-10
2023-12-15,0.022410497221895066,0.012463550351483638,0.012201741520830247,0.004134540145605423,0.0032057192397515503,0.05017680950318974,0.07971227646775034,0.11294280567575306,1.833700413733652e-10
2023-12-18,0.0063513113819723315,0.006176402249199813,0.008269343179451358,0.002363326801289159,0.0008244118010404096,0.00837799337679362,0.12791849839910668,0.1835442719109345,1.802617326240874e-10
2023-12-19,0.010115159127280017,0.009590479153577582,0.007341336251068241,0.0018240134086676615,0.0012837504921005911,0.030755166865414803,0.11000806557440293,0.050177029889741785,1.8154138956005816e-10
2023-12-20,0.006864276846738754,0.011131069609494722,0.006315882589403557,0.0014813006964242495,0.0011110344374004168,0.020543706721534057,0.1459560767759843,0.10105509315028587,1.8479661204051645e-10
2023-12-21,0.012768175190439063,0.013563261686411083,0.014123865535136332,0.003942811142908724,0.0015068957616085346,0.03865149748532711,0.11336948558189508,0.1922247508844469,1.7536904567405642e-10
2023-12-22,0.0070176475531474785,0.007487854533283321,0.008553069977693272,0.0031784666897825276,0.0012046938197741595,0.0016134715392427154,0.12712407732733613,0.12380974318380349,1.832455090444718e-10
2023-12-26,0.019015235057740366,0.019985505267278252,0.018136767319130255,0.0015428815195563592,0.0007243112208005576,0.07331984364872242,0.07486278865493683,0.0667591562942409,1.8492240724810038e-10
2023-12-27,0.04069665598133999,0.03919669003021076,0.038543695203527316,0.0014774733624894482,0.000997431084436576,0.10939963443892506,0.051785958615636674,0.055290084491768955,1.8730177825387884e-10
2023-12-28,0.09718266573471482,0.09491005897953841,0.0932515973544137,0.0016550953269994298,0.0023063947611283203,0.19202055297403073,0.1037886568338359,0.04740446599190281,1.3674478216429975e-13
2023-12-29,0.08723705597810141,0.08108106249578935,0.07812642823546394,0.0018693790688612058,0.0012982753143875275,0.12105392982722238,0.08630584426744073,0.09208058900712837,1.3664763764964505e-13
2024-01-02,0.026051945051642367,0.016375813161128596,0.019087976709179524,0.001869438070568899,0.001230491579023369,0.017710301261551976,0.08450573886874099,0.05439447902926917,1.3671702658868412e-13
2024-01-03,0.019153458671768216,0.009667728281726578,0.016008811445048093,0.0020418503392032467,0.0014389505679670309,0.0029417124327613645,0.08098421972612821,0.05951072158711344,1.875319587119062e-10
2024-01-04,0.015872260757350938,0.009530179315852668,0.016377004534291258,0.003941996849249237,0.0013794630794267862,0.0020354761912309335,0.1178152459117648,0.038982337791913194,1.7809684976777262e-10
2024-01-05,0.01707964404882561,0.010689388096157288,0.01294394569705309,0.0014427808099832587,0.0019607479689934945,0.005709964874347919,0.13593653974491093,0.07830052914024435,1.3687662114847399e-13
2024-01-08,0.015707429709474672,0.007075728223391998,0.008968584586374949,0.0014465643459330019,0.001313320576236995,0.0029068637862061193,0.06868939416286136,0.06359169609412103,1.3690784617104157e-13
2024-01-09,0.015145131995373904,0.008670716803589999,0.010644687201707024,0.00379797027879631,0.002292026940495775,0.0034112253204999533,0.1140034167742459,0.11962295941529155,1.3675172105820366e-13
2024-01-10,0.016083135236379997,0.007589661939209695,0.009863841306967313,0.002582908308353865,0.0007667333481889357,0.0017212143355658659,0.08235682770637795,0.10182325734187463,1.3679682386857905e-13
2024-01-11,0.018022474393356133,0.0069280296330266585,0.007551701119259592,0.0017221982521329199,0.0009039599661262614,0.001393351915505432,0.08975715592246088,0.033937075344846176,1.366580459905009e-13
2024-01-12,0.011279665214412265,0.0067578846472628904,0.00732779479640754,0.0019718376355515807,0.0011940560505868281,0.0009956037683605035,0.1026309823516208,0.030698797958072392,1.3678294608077124e-13
2024-01-16,0.010297686171497863,0.006354567482247603,0.005858160243237199,0.00120878945350264,0.0009110876665817918,0.0006382471373250264,0.07057707598348087,0.0393289470655658,1.3677600718686733e-13
2024-01-17,0.018043831145139754,0.016279087934184013,0.021811404159416802,0.0024764751543289443,0.0026956448039851862,0.008688823780514845,0.15951680867025306,0.18379026554784367,1.3673090437649194e-13
2024-01-18,0.01376337285834193,0.011306852557181599,0.01837877856039215,0.0021454811712897995,0.0011022130118781815,0.0034264912683473607,0.11487305670224872,0.09073653742629362,1.3676906829296342e-13
2024-01-19,0.01587197332577337,0.013083411524814775,0.013322227941491946,0.0029141163912572154,0.001415330319365346,0.00478951578934768,0.06847562623747486,0.114132775292852,1.3673784327039584e-13
2024-01-22,0.013019241116011604,0.010790803391661953,0.00999448358571368,0.002784206102281049,0.0009261394018166968,0.0020613869866657163,0.06272840188881246,0.03241838916468753,1.3665457654354896e-13
2024-01-23,0.01426663294418722,0.009650492996944132,0.008154585778903881,0.0020570360625082884,0.0009668197828466608,0.0013941597747075586,0.06934409897740615,0.03525590188287204,1.3660253483926965e-13
2024-01-24,0.01322790832258541,0.009814533767090447,0.007010297703385198,0.0021875905850845534,0.0012147412511073008,0.0014078726587522796,0.06517159336561751,0.05579321810508314,1.366060042862216e-13
2024-01-25,0.014265071575004177,0.01126695745339098,0.008925973917160431,0.0031215365377946502,0.0012705968388475118,0.001240317514211436,0.04839218525712056,0.03276064708502906,1.3668233211916458e-13
2024-01-26,0.013253563234224348,0.00984573214897374,0.005646294487989291,0.001262850912736875,0.001407891481177858,0.0010145289858526048,0.11128684724378249,0.07118752196212438,1.366892710130685e-13
2024-01-29,0.012452102517017689,0.008705192395295087,0.006399245170345351,0.0010401865891487352,0.0006007045382030834,0.0007222976694653356,0.06944988906810205,0.07990681192118573,1.367031488008763e-13
2024-01-30,0.012504539248082133,0.007658262302224809,0.004185196487645667,0.0020996187248737974,0.0018813562667614925,0.0016142141350203292,0.061520653739141604,0.08387133263859811,1.3663375986183723e-13
2024-01-31,0.011669604856639532,0.007245542751736757,0.007318479170589569,0.0023375731051789653,0.0011332899386460931,0.0015194646684496306,0.052753005242979024,0.059844922113095236,1.366580459905009e-13
2024-02-01,0.022862264956296403,0.014336561834333194,0.020661476153896654,0.004172134877387698,0.0018711521182469045,0.003839806681204267,0.08851529822655471,0.11808084812299638,1.3681764055029078e-13
2024-02-02,0.022146427149654035,0.016197374952492277,0.01565428433477626,0.0024926843258357284,0.002830661665932691,0.004335481124115041,0.13829293871414858,0.15416108450805727,1.3667886267221263e-13
2024-02-05,0.015350124861677566,0.009667339246597816,0.012495184993835675,0.0037050466054550646,0.003478808861046869,0.003810062415330115,0.16816638111217358,0.18573670700773096,1.3656437092279816e-13
2024-02-06,0.013804965736196963,0.009602168942883382,0.015127899444158899,0.0030587394625450487,0.0027541463629113796,0.003517653010320855,0.10538525927246509,0.052237563504783924,1.3657130981670207e-13
2024-02-07,0.012594634042926578,0.008533331733084324,0.007582825237029425,0.0021887154178452453,0.0014505209205549657,0.0010040663119388392,0.17024916880885618,0.17089009693631502,1.8816240926478045e-10
2024-02-08,0.012898517519137209,0.01168623389419025,0.007871764509522296,0.0017584070628571188,0.000886073486995369,0.004212383089701031,0.08271463646470503,0.06426619339696515,1.3657477926365402e-13
2024-02-09,0.00974510585305546,0.01017858401038041,0.006291430679506703,0.0023222250510346668,0.0010687481255072682,0.001479963474507241,0.1025661239734497,0.0435271077247163,1.3660947373317356e-13
2024-02-12,0.012937260721847843,0.009936773834315672,0.005667542444249685,0.0020145482852737748,0.0007487023905332171,0.001436349682697025,0.05599491776809503,0.04161260383714963,1.3654008479413449e-13
2024-02-13,0.01038771605093688,0.00867854401224275,0.006405346959387005,0.001864607049097064,0.00040364106074628956,0.0007632980558799916,0.06781226588311887,0.02902283512776311,1.3660947373317356e-13
2024-02-14,0.24654819069146844,0.23277602556590066,0.22807557698331524,0.0028507167077914328,0.0031941764584865343,0.4341202953970732,0.14107048041035464,0.3252032385857449,1.948818467711888e-10
2024-02-15,0.016410905190864467,0.018086467670636968,0.014542739767492397,0.0028639221300287357,0.0013555535407777128,0.04188873124064657,0.12385003922282962,0.3428960781382153,2.0195420682989074e-10
2024-02-16,0.012000287719658356,0.012614221110661322,0.014678270144359759,0.0029971850594785673,0.0010367686112678258,0.044325541281479294,0.08415426135212209,0.031833797088400215,2.0870257258498448e-10
2024-02-20,0.010027867035075582,0.0068249928342031165,0.009818791895356657,0.0022560869097803873,0.0013090544459850727,0.01821823844297544,0.09532284438253995,0.10950361354292246,2.059187022285247e-10
2024-02-21,0.024506296544746453,0.026103683501595098,0.026915193136692307,0.002340503350980093,0.0008099058665385475,0.08559980752587164,0.09213737296588945,0.056421557265833464,2.021114907380106e-10
2024-02-22,0.09174121346859249,0.08949314231762448,0.08669167090129093,0.0015233606048492485,0.001043824823857373,0.20154360380031805,0.10790325734381931,0.06030440723386051,2.0404198122769834e-10
2024-02-23,0.015614529731976756,0.015253951635809495,0.01518553596819854,0.003274997191102573,0.0013921573924120842,0.0221831339543194,0.14135746061508758,0.08273208387850259,2.1063491575934457e-10
2024-02-26,0.09783167442923044,0.09316072659852477,0.09059831309842015,0.0019657672440528337,0.0017847751595870685,0.1487503307119582,0.0801368349377883,0.057857892519306675,1.364117152569122e-13
2024-02-27,0.03489378790871102,0.03244790370428495,0.030822885767227227,0.0016533307467213529,0.0008550312851084424,0.03774893860878116,0.06356714092668485,0.035312534713861345,1.3647416530204737e-13
2024-02-28,0.011931190824621277,0.009966639457901702,0.008482711103635071,0.001669118237450598,0.0009715721512923443,0.005474324673347336,0.049213166339387424,0.03443707313852014,1.3651926811242276e-13
2024-02-29,0.008804687108443957,0.007569460431798046,0.007092304855477315,0.0024858440673871524,0.0009079774386357295,0.0017119001940586955,0.054409480177639136,0.02559715597291585,1.3648457364290323e-13
2024-03-01,0.008471847625357607,0.006839662604111908,0.005452457473168389,0.00140549985000743,0.0010008676308879507,0.0009909858360808719,0.04658696264722899,0.04429854958006728,1.3646028751423955e-13
2024-03-04,0.01170070194902042,0.008184112446629966,0.008256302301069694,0.0017928129945521815,0.001897206743088662,0.002842404129051417,0.06425282278748025,0.08496677089042082,1.3642559304472002e-13
2024-03-05,0.011043499140925228,0.007618109339661902,0.008408488358822177,0.0021816726124267785,0.0011997084615873723,0.0023299163160108273,0.053383570273093796,0.10307866818008397,1.365539625819423e-13
2024-03-06,0.013108319134646542,0.011601822565222552,0.015056410706106648,0.003993619187901101,0.002219972363033699,0.003380715402858927,0.14310662960316897,0.08850323970763288,1.3664069875574114e-13
2024-03-07,0.01147307450964863,0.0107343675688611,0.008926225416306065,0.0013970015209292322,0.001151322743073978,0.0009704051821343077,0.1091438893374352,0.10018031916847488,1.3668233211916458e-13
2024-03-08,0.012935623999900652,0.009175191691027184,0.007783009266000357,0.002082180170319546,0.000919477764367705,0.0014155184375175798,0.07141355556441906,0.021689128850853705,1.3663375986183723e-13
2024-03-11,0.013981449660507173,0.011259033222647685,0.012527977500714809,0.0021402632248011047,0.0007688384642604217,0.0015004321643993204,0.0831194788258193,0.06212813146197453,1.3667886267221263e-13
2024-03-12,0.01624127476687823,0.011671371900402981,0.008606550294403277,0.0015291937837255132,0.0004467087846289581,0.0005966172316315308,0.050485845188181146,0.03267829863431805,1.3677947663381929e-13
2024-03-13,0.015417509664949458,0.009533760935110608,0.009312745289717055,0.0033328997928339585,0.0017260865852622715,0.0023287381852903936,0.08544698179092036,0.040566043145680554,1.3664763764964505e-13
2024-03-14,0.01223386504873628,0.009159754418205575,0.008353167845643373,0.0021174252548465666,0.0010702668497363814,0.0011744171035457458,0.09090064552054852,0.0566546210139253,1.3673784327039584e-13
2024-03-15,0.015458596581257478,0.009677989126738283,0.015300672511875387,0.002302881553881385,0.002160066182924615,0.0017698561951076635,0.11447456248441241,0.10708023136985718,1.3682457944419468e-13
2024-03-18,0.020506312346779857,0.00734405642340138,0.008925035254178128,0.0015938201210108083,0.0006584914013774458,0.0011954131571990964,0.13004130189549792,0.09135307360919327,1.36800293315531e-13
2024-03-19,0.018134801196236987,0.007871081648828123,0.006495199215718575,0.001736141433699101,0.0008424156968021721,0.0016251245181894123,0.03456563600689651,0.03856066131505357,1.368315183380986e-13
2024-03-20,0.009569464867808512,0.006918427516734006,0.005698472977065582,0.0011176352786016613,0.00074320365158823,0.0004083408650648504,0.03658822150866524,0.02173251212221077,1.3682110999724273e-13
2024-03-21,0.012352760741368745,0.007149403852073008,0.0067781390388045775,0.0026300580631618553,0.0012479845289713352,0.001437875597353816,0.07683066604409755,0.052464886199293945,1.367343738234439e-13
2024-03-22,0.011481762146621702,0.005626300993678168,0.0060525976689509995,0.0014387772068800639,0.00043371344626091224,0.0006355552286931502,0.042605319003238835,0.0734515177412624,1.3673090437649194e-13
2024-03-25,0.01124738954919631,0.008574140566182343,0.009888036295731838,0.0028481931476906086,0.0015166899813652995,0.0017705749975312566,0.06384302938911793,0.055859037271526635,1.3671702658868412e-13
2024-03-26,0.010035303146781764,0.006195858679807697,0.005685101902412179,0.0015695628488146401,0.0010546306908335184,0.0008163035666784409,0.03488627611502659,0.03483302417926754,1.3672049603563607e-13
2024-03-27,0.011345626597303917,0.006183582475373024,0.006469319780819147,0.0011500038013617722,0.0005973785559584328,0.0008739905122140616,0.025588852033496708,0.027021153925459108,1.367551905051556e-13
2024-03-28,0.010793622756354777,0.006874544898622052,0.008702461442892193,0.0027075317551431763,0.0016483823048253493,0.0015508515194861384,0.08263506974281508,0.10694256309954853,1.3669967935392435e-13
2024-04-01,0.01014183923236511,0.006308352675030669,0.008175728500585646,0.002195055562321406,0.0012680227568950824,0.00098385821377466,0.050647026267147524,0.09465146674889097,1.3675172105820366e-13
2024-04-02,0.016486353744402958,0.011051576638044729,0.015490781188682714,0.003403472732532109,0.0029209727763537833,0.0024768887345384513,0.11261271821599253,0.10892358254765515,1.3688009059542594e-13
2024-04-03,0.010205237814563308,0.011673742015288171,0.011983547557026556,0.00335299886923706,0.001433236034529642,0.001262191678457301,0.16614415035875346,0.06925293741524491,1.3697723511008064e-13
2024-04-04,0.021802019175274058,0.011113732181077463,0.0075170772204094325,0.0016141380351773135,0.0009720192515526397,0.0006547420027659365,0.07216200071536427,0.07178231981592871,1.370709101777834e-13
2024-04-05,0.015918384489357423,0.0103860476862363,0.014706735788514095,0.0028480868974478865,0.0011752678313493067,0.0022017446842167564,0.09797140253216848,0.07904640386894339,1.3716458524548614e-13
2024-04-08,0.022304436783891057,0.011272539328715215,0.01070471547900011,0.003087609787016006,0.0023389467144290994,0.0028288825007600858,0.1478414141134507,0.047840143188656696,1.3715070745767832e-13
2024-04-09,0.013854137271348502,0.00986460628908791,0.005696679890013758,0.0016328148786468114,0.0005350441633015846,0.0005880017551996541,0.0488096297826587,0.05168234860804725,1.3719927971500567e-13
2024-04-10,0.01151123027825971,0.008257932633430139,0.005564322876242161,0.0016165122826083747,0.0013946393280114713,0.001095636768619919,0.05565679747080558,0.03904333362006862,1.3715417690463028e-13
2024-04-11,0.13433976827926233,0.12692948035286894,0.12114462507738502,0.0038589629389845295,0.0036503019523339655,0.1860716518601977,0.13849940247946657,0.2159622819288846,1.8973941168232145e-10
2024-04-12,0.07142101269757821,0.06833378916681002,0.06553202663771795,0.002857424967861448,0.0017308887219674054,0.11301818988148975,0.12652240072998694,0.2155871439381639,1.9162679429363116e-10
2024-04-15,0.026987718522307323,0.024788248020205704,0.026684476064659495,0.004523393212749735,0.0015704326865460046,0.037323457285828525,0.16281939770070092,0.11558320717792321,1.8225719544684438e-10
2024-04-16,0.010512351224675795,0.00833214168817319,0.011682278033905327,0.0035937310336009998,0.0031067018159652644,0.0036997728546901516,0.10757264182396446,0.0765578015127836,1.7545380426309265e-10
2024-04-17,0.05034658227193343,0.04803502804332157,0.047284169822256035,0.0019834805300663477,0.001075066513714687,0.07010158822693376,0.07219472343658914,0.09828929674088063,1.3754275496324908e-13
2024-04-18,0.03616247615832541,0.032502319935708256,0.032884799378548865,0.0034725687768888056,0.002023352036609476,0.03911787042416269,0.10425611182992375,0.05372645976283674,1.3754622441020103e-13
2024-04-19,0.012183355947887328,0.010924230887629957,0.01123052288659036,0.001173929885684516,0.000931664167844561,0.0062786189356111004,0.059049888814342186,0.04639115039501649,1.3752193828153736e-13
2024-04-22,0.01929701045008829,0.00931818412650503,0.012050212954339947,0.0025591848812290194,0.0008323470665332377,0.0021209836602936777,0.11415210712769215,0.05102853942862292,1.3765724671266355e-13
2024-04-23,0.017901402132796344,0.010244379170215753,0.012619712594957542,0.003483156801796908,0.001746325154901074,0.0016162234667339332,0.20005156302012256,0.06330084040765109,1.3741785487297875e-13
2024-04-24,0.010815015164995287,0.01171298359882093,0.010763388809942199,0.0025908916292203543,0.0008790791886833977,0.002055341388572842,0.1098608139834228,0.07671654583768454,1.3733805759308382e-13
2024-04-25,0.013880846753851409,0.009408232138195888,0.007923966191707097,0.00119081072489393,0.0010063059011956818,0.0013736309303103472,0.07611153151860488,0.0838349055176166,1.3741091597907484e-13
2024-04-26,0.01272660223427117,0.007371209609754528,0.00555986304259441,0.0017279707169026645,0.0013196159843374181,0.0007846435830978537,0.06283838351243129,0.04292253607477189,1.3747683547116196e-13
2024-04-29,0.009519264878336573,0.007996362448271212,0.0067571053040255905,0.001936862797516599,0.0010656873509897872,0.0013860851233393357,0.07027314975683192,0.11244415745454665,1.374664271303061e-13
2024-04-30,0.009797101823890566,0.006580225590378184,0.005614328335196204,0.0014651067413817692,0.0012399727423349277,0.0006544753143789086,0.054486950067035654,0.032649410762562156,1.374213243199307e-13
2024-05-01,0.08321175086591259,0.07227525457945885,0.0742067777740826,0.0022994761296179014,0.0025390001916670716,0.10589176103176086,0.1200032966381829,0.3457403520815524,1.8318654579352334e-10
2024-05-02,0.05903266821584776,0.04957858230092417,0.054456081353824126,0.0024469596826029796,0.0017207623274074304,0.07970299564756052,0.09537301888308727,0.3113397839604691,1.7999302742710555e-10
2024-05-03,0.035243515595627134,0.03337023645542163,0.033354727424220985,0.003001305973504273,0.001441469103385839,0.04346753273442873,0.07697520164130114,0.10351013933673733,1.8848575131236167e-10
2024-05-06,0.02197876003267337,0.021560050569895017,0.02029871091367568,0.0019685100745685732,0.0018702056960720227,0.026570099407202785,0.07189254667285497,0.027601798064026312,1.926629099313626e-10
2024-05-07,0.022685076645613974,0.02250942515819951,0.020145107363339704,0.0021646146268832836,0.0014256236905380586,0.030512009873536687,0.06652816301145123,0.052197222719383,1.9336807502434716e-10
2024-05-08,0.04124323967112892,0.03958961678678034,0.036868313208764464,0.00143956063872943,0.0007653766159309102,0.050367413225099134,0.07302767602246178,0.08082034738029006,1.9450791671760115e-10
2024-05-09,0.01538396926290854,0.01554813226950336,0.011693031938058821,0.001081758938967621,0.0009621045732192102,0.01058643923927359,0.059527992342194705,0.08141172171725317,1.3711948243511074e-13
2024-05-10,0.009930869333274566,0.009298112737414729,0.006418104800477395,0.00230858806488167,0.0013628177612978018,0.0014039488462108472,0.08290251420804258,0.08095737111143768,1.371368296698705e-13
2024-05-13,0.009255065477527408,0.009958919427425706,0.0076375089581351445,0.0016565746576506085,0.001123952322645714,0.0024319027499915694,0.0642629944656227,0.07269643943612683,1.3724785197233302e-13
2024-05-14,0.01019588437978003,0.008945312490719762,0.007894806841479782,0.001413155143312514,0.0007973531601096686,0.0008781006534907121,0.044903069311487846,0.05237150673912504,1.371680546924381e-13
2024-05-15,0.009322131078716657,0.00924055141578448,0.007135055414152469,0.0014039686613731839,0.0011745608377185315,0.0007859165236519635,0.04132787669592917,0.045952463161906376,1.371229518820627e-13
2024-05-16,0.01403368389123669,0.010361751960560203,0.009649768821641714,0.0013955874316851913,0.0024542533262042806,0.005579773922592265,0.09398497421839767,0.1472274802698312,1.3711254354120683e-13
2024-05-17,0.012193633027589421,0.010588314163407414,0.008794845375402779,0.0009326460667512387,0.0006069897249356321,0.004421085434954142,0.08656715018175519,0.18502592292155087,1.3714723801072637e-13
2024-05-20,0.011012439465901403,0.009679438566943477,0.00689510642277851,0.0022048207672857867,0.0015270528831812095,0.0012032195886949107,0.06236362537492098,0.03335909511010549,1.3725826031318888e-13
2024-05-21,0.009114530002154935,0.008386522755129166,0.005568885508691298,0.0015861423752399212,0.0007530877199035422,0.0009878819080762196,0.05208302668484412,0.02708299062634017,1.3721662694976544e-13
2024-05-22,0.007676471555996545,0.006591101878477214,0.005375794136652932,0.0012113102300519776,0.0007612563829521911,0.0008182824622844532,0.04370908391858246,0.025540109755777658,1.3725826031318888e-13
2024-05-23,0.012238905171365048,0.007652797092060971,0.012971450603522056,0.00255921671353055,0.0016790962001667887,0.0009703832323478181,0.08623615234163748,0.10571332131134503,1.371229518820627e-13
2024-05-24,0.012831352043222877,0.012055476536653353,0.015392625366163851,0.0026565898370902244,0.001798535595139167,0.003884987625507076,0.07683480895598924,0.09160801950725529,1.3714376856377442e-13
2024-05-28,0.012816668113054267,0.011758328565049853,0.009699548333381908,0.0015253824680719341,0.0008316922685300664,0.0030821400025910564,0.08084261910374949,0.1850884788764235,1.3710560464730293e-13
2024-05-29,0.018362548483664993,0.012796030147500114,0.013096438691111706,0.0029447290562569367,0.002404197082710744,0.0026440671026241166,0.07606036165656317,0.08125180903254221,1.371819324802459e-13
2024-05-30,0.01463914588557592,0.012310512121502113,0.011975899792064624,0.001730721579180694,0.0020000315988294723,0.00751402082415485,0.06274295247261907,0.17863397678762954,1.3720274916195763e-13
2024-05-31,0.018661884937643206,0.010336786149780772,0.013954974530086076,0.0035111230401181914,0.0017376034095941384,0.0072853684936377335,0.11852818190210775,0.2027901991744463,1.3712642132901465e-13
2024-06-03,0.00882370380188802,0.007961783144664156,0.009042276634499597,0.003037159811156896,0.0014283168025157722,0.0013358757518543902,0.0859015996692293,0.05256441443156239,1.3705356294302362e-13
2024-06-04,0.014427019969474176,0.008722718193182799,0.012635756713992929,0.002898700745256104,0.0023799958086774754,0.00207984652026566,0.08234115525820315,0.022213491237951844,1.3703621570826385e-13
2024-06-05,0.012681823458107023,0.009747068299377876,0.015270472357658663,0.0034109771287834448,0.0017942574409155272,0.0018350127109524193,0.11495887930147852,0.04054115943592823,1.368835600423779e-13
2024-06-06,0.018550310535523064,0.011572473438602486,0.011145473314482218,0.0027024460486579985,0.0015898243311119956,0.002454719148970904,0.08444594778026442,0.08882666250415158,1.3692519340580134e-13
2024-06-07,0.014552253123483192,0.010578060866938587,0.007793965518870664,0.0019061241553313887,0.0009668195325520504,0.0021709276864258567,0.09424763678941069,0.09115960474009578,1.3702233792045604e-13
2024-06-10,0.03291668162853087,0.030539350489166693,0.0321366238721476,0.002931669984165379,0.004078385209196479,0.033227296938020366,0.16299929258395948,0.176207174563991,2.031096540955346e-10
2024-06-11,0.025658950676459936,0.025240009258365705,0.023189662699707802,0.0020268243434440475,0.0013385645433481221,0.025646068343435614,0.15615439852405694,0.1720156748333334,1.3690437672408962e-13
2024-06-12,0.013455124133284202,0.015375328839795473,0.013288383642475051,0.0022753430856163465,0.0013825436313282397,0.006525483054558939,0.09369907929872463,0.02058850291488984,1.3690784617104157e-13
2024-06-13,0.018669506448391188,0.0126623945715385,0.008224686347160396,0.0015707167580298262,0.001424552999851632,0.0026939931429008574,0.07296495813371288,0.07264787023573102,1.3686968225457008e-13
2024-06-14,0.020465107346541576,0.01276073261804309,0.012686366616207607,0.002968466317632687,0.0020089096870351364,0.0037858398267466703,0.07516541182913694,0.06678830556366067,1.3681417110333882e-13
2024-06-17,0.014080129342215456,0.011579120251960253,0.014753909019142388,0.0027981064200514466,0.0015756587897799088,0.0018301274414766447,0.09996105811212928,0.04456380132169755,1.368523350198103e-13
2024-06-18,0.01293725844227459,0.009096955584235405,0.010168297741005543,0.002921812653695212,0.001714386889573338,0.0024766925961746916,0.15099429207531892,0.038916248112473684,1.3676906829296342e-13
2024-06-20,0.012926253078460587,0.008349505579283956,0.0067062886890639235,0.001061752141627563,0.0013229491394689862,0.0008527947647338103,0.09475161411032604,0.06045931723101687,1.368523350198103e-13
2024-06-21,0.014440609742463122,0.00834188456180083,0.008375410959721557,0.0016940934636415217,0.001326474851633253,0.0009547947332444403,0.05589061270359245,0.05964079789068183,1.3696335732227283e-13
2024-06-24,0.018001385640514383,0.0069870239971267,0.006281870848376302,0.0019704468477781747,0.0013044115167689114,0.0006460741361929571,0.13464660177974014,0.022023252435657094,1.368835600423779e-13
2024-06-25,0.023748173980264013,0.009230453383081694,0.01345453237315349,0.0020807951703928004,0.0008495358520617821,0.0013011749414942365,0.05603447257525653,0.03432395121918408,1.3690437672408962e-13
2024-06-26,0.025601404267622953,0.00876937725710181,0.01056853539774729,0.002306493349152332,0.0007689192566425662,0.000976103986058274,0.07276147432065012,0.019539762687831107,1.3678988497467515e-13
2024-06-27,0.01602807559879344,0.006967121858239616,0.009031472813351002,0.0018922971940272884,0.002102061650693089,0.0018229128471217478,0.097251825818117,0.07733023143315951,1.3675865995210756e-13
2024-06-28,0.012152583571456687,0.006123502674144333,0.004704910276041542,0.001598668690988625,0.0010154740233772573,0.00044949324796883484,0.1058095121926518,0.09604527373024546,1.3687315170152203e-13
2024-07-01,0.016375563671848094,0.008977404540342817,0.010459628681840975,0.002359566564475536,0.0021365371842414654,0.0015854620073489935,0.09908870451717174,0.08624324010000467,1.3687662114847399e-13
2024-07-02,0.017508478273412485,0.009172487360466955,0.011073102543243691,0.0033119184014080497,0.002472275773719555,0.002900189365575968,0.04770173224631641,0.025779987719210695,1.3690090727713766e-13
2024-07-03,0.022408105057305873,0.010532201766410365,0.00633566312058847,0.0011731208946463706,0.0013065460571389576,0.0011230654600139106,0.1262572835439013,0.08126960372246053,1.368384572320025e-13
2024-07-05,0.012860390993827905,0.011009124713567329,0.006202405958619082,0.001958909891456806,0.0020676489355441617,0.0011714812375811807,0.059120943719882066,0.049104015044149865,1.3691478506494548e-13
2024-07-08,0.014158757562070176,0.010116794715051902,0.0056302904160645826,0.001493727832233907,0.0017217156093981296,0.000821087271683571,0.062458128896883666,0.025856580696497995,1.3691131561799352e-13
2024-07-09,0.017260692093775787,0.008296415776473318,0.008645339820803247,0.002267403320173618,0.0013070463096238692,0.0007886130084736839,0.19343190552217937,0.05349042401412583,1.3680376276248296e-13
2024-07-10,0.010858168500349161,0.006183726610537307,0.00616894861053544,0.001213958143570247,0.0007856856048559667,0.0006588909015299906,0.04329805841657787,0.03515003236201062,1.3671355714173217e-13
2024-07-11,0.02087337627544985,0.00613665375730478,0.004803196357736654,0.0018663371694543837,0.0008058405152241002,0.0011527131712547947,0.054130039009009014,0.06427885124790782,1.366892710130685e-13
2024-07-12,0.01563927260836628,0.012305250571417948,0.020849810618349264,0.005160597576071041,0.0022908123581780954,0.002714957586521729,0.13549806295204922,0.08752152087843458,1.3679682386857905e-13
2024-07-15,0.012684395385361983,0.012585099220443782,0.013083819019303031,0.0016157193792968177,0.0008954971814874836,0.0006756934497097076,0.067173907123849,0.09098272009283004,1.3671008769478021e-13
2024-07-16,0.01485298299743663,0.009814609795092969,0.010650149504431158,0.003394223679019176,0.0017064241540453635,0.001820005280994771,0.11486561181576124,0.07419174680493061,1.3663375986183723e-13
2024-07-17,0.012760756882522362,0.009917045894870117,0.009317152397371464,0.003648307772502579,0.0023996617884323437,0.0018487481792224217,0.08464940348410771,0.10719217991485852,1.3665457654354896e-13
2024-07-18,0.012649787589205739,0.012336812123624216,0.022430627026517165,0.0038417030399063717,0.0011338506612505435,0.002685941014902031,0.11659656220126384,0.13879455599424878,1.3678988497467515e-13
2024-07-19,0.011202883027438824,0.012089852220260103,0.01409211269798694,0.0014743422329506692,0.0013976689164098433,0.0021813210513267345,0.07177202069680841,0.10258961597321492,1.3673784327039584e-13
2024-07-22,0.01788226741371499,0.011113955816473429,0.012888269661609563,0.001874195283998785,0.0019280138788197038,0.0017642076771343337,0.0797128199815053,0.06859916772590133,1.367413127173478e-13
2024-07-23,0.011742180940279009,0.013245148711778107,0.010298326006473723,0.0028238704492963285,0.0008179963064300292,0.002135933175179023,0.06487588655598438,0.1249590141463149,1.3666498488440482e-13
2024-07-24,0.01321525687830447,0.013688615970317869,0.011359193035671924,0.0018223765755908256,0.0006369019378344568,0.002760500759973091,0.08216347564522594,0.07077637620163307,1.3658171815755793e-13
2024-07-25,0.07501704948662205,0.07129452141727652,0.0673339396691145,0.00403351598026104,0.0021160923460660517,0.09391054437721957,0.13325912208953666,0.15052119917378917,2.1453778684121794e-10
2024-07-26,0.05016472297472045,0.04753491672436063,0.045961635246016576,0.0031210126300496854,0.0014709069466208964,0.06522261771316552,0.08667290499000566,0.13865628100146102,2.1376980741116824e-10
2024-07-29,0.021585289293133924,0.019168624394305327,0.018375394187751304,0.002531725089231378,0.001852244527685718,0.019291452537438625,0.11263355478457067,0.095228894019276,2.1978934297561814e-10
2024-07-30,0.03398802543110707,0.03134197928407452,0.02649388833481154,0.0017731187950943625,0.000739480015515884,0.03452944367019945,0.06489314766513828,0.09406948888733213,2.1825766888250442e-10
2024-07-31,0.018609440502540646,0.01655233565453971,0.015686035124020604,0.002333430069739746,0.0010402485647073895,0.011542917726508888,0.07453852350398162,0.031688907872415684,1.366892710130685e-13
2024-08-01,0.07179275007353265,0.06658563743250015,0.06517255980922,0.003863152284967024,0.0028877539864455605,0.0856842060812893,0.13383056798321372,0.16547023196178406,2.1617007489593831e-10
2024-08-02,0.1231301539342196,0.11823815820770942,0.11364737957370927,0.0061995537856160965,0.0017668396901720038,0.21872678103018686,0.1395139565956407,0.2205976659058091,2.0552246016158904e-10
2024-08-05,0.038789429283544195,0.037154388333757546,0.037547985105951566,0.0074079181704783115,0.004565210838750963,0.0911226933276064,0.16374252549288562,0.06939908759325693,1.8973293422486215e-10
2024-08-06,0.03206077869359999,0.03304291023754995,0.037241591023776575,0.006474682075292858,0.0022344382605367632,0.1501360591083911,0.14478436485349971,0.1239545904391526,1.7367075832996903e-10
2024-08-07,0.012327796696366921,0.011851029892987312,0.006976268301169685,0.004726725622025182,0.003120945648469412,0.008067785344640373,0.2420961689550023,0.17503641379409463,1.8593146119960657e-10
2024-08-08,0.010381063318267806,0.006754167974554167,0.007018911643415919,0.00283302717523954,0.0014390131067507678,0.010931606234835689,0.19287212799782738,0.09925096218873486,1.845296693225862e-10
2024-08-09,0.010294464653682342,0.008786414767901927,0.009164467238131423,0.00489116821506131,0.002435577531576457,0.020693655410770076,0.14738453598677287,0.14451748645540716,1.9489884706125338e-10
2024-08-12,0.00834556073554907,0.008045634629362046,0.006248722714528784,0.0010088705166471715,0.0013545383544205582,0.0053216744809247984,0.14855781236638926,0.10351872907104749,1.944842342727071e-10
2024-08-13,0.007646086004548566,0.008972564732752151,0.0063975508546255475,0.00239201021854301,0.0015466613741593716,0.011001112019559486,0.11183764990751262,0.062112371032417554,1.8828785405822224e-10
2024-08-14,0.010535601991692747,0.008059940550821678,0.006777759595055134,0.003428826660512113,0.0019310227638443679,0.01179878411438045,0.21271621974736696,0.1093097988992362,1.9619367241929808e-10
2024-08-15,0.008293423957955152,0.008813681830503583,0.006490381002064729,0.002102204620315032,0.0011074389057062384,0.02368136165319157,0.07154998328995868,0.09621491073452822,1.9626717612242217e-10
2024-08-16,0.008947708824915294,0.007710509561573845,0.007221874946851349,0.004708690197284385,0.001709528726029566,0.004392946500947018,0.17794681212671284,0.07404995750214481,2.059338741200456e-10
2024-08-19,0.017029192491086392,0.01936619027536272,0.018472638133435602,0.0022335828937586413,0.0015684411218346902,0.06704168771146769,0.10635092104461322,0.05916678604336353,2.0359919652990222e-10
2024-08-20,0.04628058169079088,0.04493515191945806,0.04477978670261501,0.002577884200300709,0.0009568245262672109,0.12232903113078128,0.08524991194981438,0.030751211649289085,2.1032946218024762e-10
2024-08-21,0.12373006533641721,0.11774233472941202,0.11542126521415474,0.001939835739631697,0.0011821077592307325,0.22385692031465468,0.07702899446274636,0.07368797983621343,1.3675172105820366e-13
2024-08-22,0.06813072288841106,0.06294662221547655,0.061260949352047164,0.0016100091038512288,0.000567703158041444,0.08821966532347361,0.04711857613827165,0.04987568980406822,1.3665457654354896e-13
2024-08-23,0.013251017768763185,0.010537357493956812,0.01348927013902963,0.0022214571718445417,0.0019155691642076026,0.004027729817795997,0.17719356959031185,0.14560027678297444,1.3662335152098137e-13
2024-08-26,0.13274205541891368,0.12511099762654615,0.12176545171139905,0.0032287906142447614,0.001953349492770866,0.19066548569091174,0.15281956407023212,0.23188988338063515,2.172894954244331e-10
2024-08-27,0.059386071913258176,0.05636151395605522,0.054638796713181725,0.0016900134551789056,0.0008203099753096874,0.09618753377692252,0.11232040694183668,0.20017485250177605,2.140977256592791e-10
2024-08-28,0.05623273500750581,0.05262324396754835,0.05089220599029256,0.0012846054589959327,0.00048561405162456437,0.07545529681534664,0.06749761501315685,0.03162792620662176,2.1461574878367529e-10
2024-08-29,0.016636012391509906,0.012200018786411509,0.01589465988219759,0.0015711519735036525,0.0011409117914032436,0.01277929527368794,0.08546034224129484,0.07622917908630211,2.1281338150047624e-10
2024-08-30,0.017447107348346324,0.013357905733880451,0.014381117276805295,0.0017872135230706798,0.0008540652672252373,0.01368507556754891,0.0732937663260517,0.07678196708968656,1.3671008769478021e-13
2024-09-03,0.01522579362284327,0.00962083977460248,0.010238723619678636,0.0031523411966834017,0.0018239941498656427,0.003807381616863884,0.11618462853528448,0.07653671119766792,1.3663029041488528e-13
2024-09-04,0.02565825270122432,0.021756474131196114,0.02341187695888151,0.006506957800823832,0.0025568721490405446,0.019907404642722074,0.22682504934284559,0.14345735984358415,2.0790990803987164e-10
2024-09-05,0.021721711948427664,0.019595538225566426,0.01828972951358612,0.0021439468787450705,0.0018326721156976273,0.016267801892126663,0.1152881150001093,0.14511756984589835,1.3667539322526068e-13
2024-09-06,0.01555152610835991,0.010671973750865345,0.007822488941479935,0.0014587668714491214,0.0011167133342571158,0.0030980062575098445,0.0753260906956019,0.029328360778180684,1.3672396548258803e-13
2024-09-09,0.024655369117381427,0.022030209822786372,0.023726610594187143,0.0043985231078890324,0.0017410400824018663,0.01917991401215087,0.11377123629915793,0.13197758895377315,1.922476414173424e-10
2024-09-10,0.01648740173891819,0.014909673437971244,0.011690995201328725,0.001894099404911885,0.0009117777359440862,0.006506080603902368,0.11059169614623734,0.13853652696603957,1.9659367536672967e-10
2024-09-11,0.01806851148838623,0.015995847637662756,0.015347677783668034,0.0028735017610781247,0.0014323336731862045,0.011083245440570424,0.08704934087397816,0.04754193159873252,1.3663375986183723e-13
2024-09-12,0.013833183968124852,0.009908916910510775,0.009683041367316611,0.0026372036719972333,0.0009828724524854413,0.002533831640010493,0.06212452086064433,0.03516400527826659,1.366060042862216e-13
2024-09-13,0.013169615272532626,0.008989889438677713,0.009226971441257432,0.00298016439158557,0.0021291728603527234,0.002523841579754536,0.08739493185473096,0.03329670970457769,1.3668233211916458e-13
2024-09-16,0.011472589576300696,0.007908879683260081,0.007993226084329452,0.0021969953341024404,0.0009380915802692446,0.0006731491238859269,0.06348683691509967,0.06417348198638335,1.3663029041488528e-13
2024-09-17,0.011778062485046824,0.007667207772867965,0.006367600106727486,0.0012800080328913138,0.001244146774621752,0.0015868776352619498,0.05503053971059772,0.02896684913459512,1.3666498488440482e-13
2024-09-18,0.008256731251509176,0.009161387411927,0.007664844747039259,0.0018148509379048924,0.000906942273198713,0.0007241606015768631,0.055719942751730756,0.04804417663415463,1.3658518760450988e-13
2024-09-19,0.011869219409823972,0.010971481344009056,0.00996152213037257,0.0012338190563674634,0.0017693992574190729,0.0013002202762950829,0.05919355773063739,0.05142746966279932,1.36651107096597e-13
2024-09-20,0.01941897772730212,0.019114641491453487,0.016679346601413243,0.004716514813924273,0.0023569736893391136,0.013580193626084088,0.14526027200049269,0.1212253450920332,1.3668580156611654e-13
2024-09-23,0.019204435274976867,0.015817887132735454,0.014348862057639255,0.0018927757563612438,0.0009064759015417259,0.010440435768214481,0.12706602081058024,0.103211223279666,1.366892710130685e-13
2024-09-24,0.009506062613682604,0.010376186504111724,0.007961995620636018,0.0015715544292393274,0.00046294553264815484,0.0020651556823214515,0.04855825902477645,0.02865690608030157,1.3672743492953998e-13
2024-09-25,0.011648620953540054,0.011188286134866596,0.008366246669454538,0.0036124282879282585,0.0014830441989685987,0.0011707418723388694,0.0527957393378017,0.05025652516047592,1.3683498778505054e-13
2024-09-26,0.0116651112914009,0.01145770789805905,0.009983393054337649,0.001624396763154845,0.0014151913590932427,0.0012779433069453293,0.08095788227509404,0.107368454040322,1.3679682386857905e-13
2024-09-27,0.010444756083005888,0.012522765877060938,0.010536038947585036,0.004120168516016771,0.0007983466681416005,0.0009226259794716536,0.08105983907003664,0.09741727823042277,1.3681070165638687e-13
2024-09-30,0.015083102433635476,0.009725814306163556,0.0064810624835661915,0.0021076533658892296,0.0012408787335442734,0.0012642328547265893,0.11477990932911539,0.045713537131695334,1.3681417110333882e-13
2024-10-01,0.012805089014372073,0.008900442241683165,0.008878318751484404,0.002181311943081181,0.001055676132467449,0.000969575990626433,0.07530938147244826,0.037667014991408954,1.3673090437649194e-13
2024-10-02,0.015026388745248013,0.007051231380350244,0.010792779479269177,0.0042382331835116305,0.0019609323726058237,0.00260101561441823,0.1607857442455965,0.05871748480596021,1.3692172395884938e-13
2024-10-03,0.013640809618581332,0.007324869212040263,0.0068418301512627845,0.002251761230259691,0.001109666194149454,0.0012631127309351278,0.09787723852157346,0.05804403196737038,1.369356017466572e-13
2024-10-04,0.014887909374260022,0.009254857735661268,0.012283981147728365,0.0024520122527635427,0.0016458999860864943,0.001669538277849191,0.09518752715372616,0.07449005030657155,1.370396851552158e-13
2024-10-07,0.01603458537485687,0.01151968990193744,0.015163941279163947,0.0036599168696076143,0.0020694916124437803,0.003050830679703224,0.08565811392357911,0.056718056991010804,1.369425406405611e-13
2024-10-08,0.015055548124777968,0.012636373657262704,0.015427758951881329,0.0024822738250109486,0.001649297753830218,0.0013203254439342197,0.11257214390460488,0.06757099060675012,1.370396851552158e-13
2024-10-09,0.017937318259862958,0.013347888349323739,0.012894375710396647,0.004147039452242381,0.0014317057460791083,0.0015999548104563446,0.11069961526959333,0.0651591070997793,1.3691825451189743e-13
2024-10-10,0.01485861553412211,0.012773911626592907,0.011662809688208564,0.002028556686555945,0.00126960887941753,0.0015697753588481509,0.05602103771152809,0.05685944982392884,1.368384572320025e-13
2024-10-11,0.0171914434055693,0.010902367460388206,0.009693060093588448,0.0023164643456434486,0.0012271608273418883,0.0010540804388684442,0.07680924232669142,0.031182631596413463,1.3692519340580134e-13
2024-10-14,0.010741872846820483,0.010090341673535307,0.007324475961187261,0.0024772104314770838,0.0009852866850444783,0.0010587200378385725,0.07089910161803586,0.040344235175907434,1.3691131561799352e-13
2024-10-15,0.014250909953561316,0.010268222126524614,0.010759320789829196,0.0023463888968024357,0.0008476590035541101,0.0013512743179407557,0.09992399857666329,0.03915490467640881,1.3678988497467515e-13
2024-10-16,0.018107718492428638,0.013405703313800916,0.017899168702739544,0.005144086950686341,0.001973952168219865,0.0030502164027137544,0.10136704550364625,0.07720849171064972,1.36800293315531e-13
2024-10-17,0.014181583012458903,0.011764995554035606,0.010061950309023938,0.0018056944849833417,0.0008200005476535755,0.0007539926712712549,0.0901035040280169,0.09521704521051995,1.3668233211916458e-13
2024-10-18,0.016561399751364832,0.010346768700787538,0.011978637460551434,0.0020937812147253515,0.002139041406859337,0.0019514438287611083,0.0900747007447564,0.09890939451603842,1.368315183380986e-13
2024-10-21,0.012722432265320504,0.01022818284324858,0.008273960545363498,0.0020525267172554346,0.0009225635627141165,0.0008863827694009527,0.08216940263791643,0.08538236308314166,1.3681070165638687e-13
2024-10-22,0.016535240951860333,0.009957350894643946,0.021021816742271097,0.0031395138879458245,0.0025249302078220594,0.0023581122676225672,0.10372799349992105,0.13426608443422014,1.368974378301857e-13
2024-10-23,0.01280754066328008,0.013216249653442702,0.014004124188631723,0.002112210827880198,0.0012952486263516233,0.0010717086715344708,0.10616495902107093,0.11260553930924695,1.3692519340580134e-13
2024-10-24,0.015887457369585817,0.0106743456935606,0.011698340056174667,0.002173906594268832,0.0013539515232216786,0.001221552831416271,0.08476054180084541,0.11011883234780762,1.3695294898141697e-13
2024-10-25,0.009242336382414248,0.009883052498415267,0.0075387709101497665,0.0011912823535304706,0.0010857069357151506,0.000666376716693289,0.06337076489806082,0.12437642732224621,1.369425406405611e-13
2024-10-28,0.012367729286204037,0.008754627075322638,0.007438866651160329,0.0016573217858398756,0.0009312175871967457,0.0010360072429837154,0.05739364766468678,0.05090982588746991,1.3703621570826385e-13
2024-10-29,0.012625266176447525,0.007689694523283772,0.009088081578951636,0.0029111687076881013,0.0012908890187561905,0.0016697514941262503,0.1319143800238674,0.044493561167593045,1.3688702948932985e-13
2024-10-30,0.013791586467923864,0.007244644368298012,0.0076332856702655775,0.0018395654313960036,0.0008691673366296825,0.0005985945527606477,0.08095067113601309,0.03695272826836747,1.368904989362818e-13
2024-10-31,0.01294091419475164,0.007547779097581242,0.005892444294845571,0.0023246056858563027,0.0010525472097811196,0.001164769364201661,0.06335443067438941,0.031076677503749418,1.369807045570326e-13
2024-11-01,0.014535267938857743,0.012076087493748177,0.01931649285690739,0.004265613937381313,0.001888617483124233,0.0029194601428566285,0.10094745145209438,0.11376458939907878,1.3706397128387948e-13
2024-11-04,0.013718801021535007,0.00793140112705766,0.010330496655569035,0.002985931949728869,0.0021020305466882866,0.0023953213438407247,0.1777253940170809,0.07579342615405381,1.3702927681435995e-13
2024-11-05,0.01495720734064549,0.008409300130068006,0.008299844413124674,0.0023753572204666465,0.002241481915782788,0.002178683452820176,0.17267574756706533,0.10096051241893908,1.3702233792045604e-13
2024-11-06,0.011591382042834966,0.009995216387208756,0.007287350790840796,0.0024250128861614886,0.0011968593384928303,0.002365225236915736,0.08145927771822238,0.041816479944397515,1.3694601008751306e-13
2024-11-07,0.01673713085362699,0.015493833608865772,0.02013894897749207,0.010048712505085648,0.00501630406158674,0.006231239903198901,0.2867465652146223,0.1600561295689385,1.3662335152098137e-13
2024-11-08,0.019756883366207015,0.022965557184132304,0.017698565861191222,0.002338636011656306,0.0027182206701552533,0.00956411709430995,0.24078765771727748,0.20589062388122326,1.3668580156611654e-13
2024-11-11,0.018253435187068852,0.019908138196352475,0.020160248666606657,0.004697134993452978,0.0016559412108234773,0.0076479333870609085,0.11485268126899768,0.10807969843781243,1.3663029041488528e-13
2024-11-12,0.014778514622619083,0.015999732664884463,0.01705519467188194,0.003123323810419555,0.0021212247739130423,0.00117850609198606,0.09025752401032366,0.06820276843237234,1.3645334862033565e-13
2024-11-13,0.025497003385387927,0.022691513187338454,0.024175253922817337,0.0027768887318890267,0.0022171767716523587,0.017916170108393397,0.11392595660981797,0.11540658247697189,2.4116316929556625e-10
2024-11-14,0.020390043791594557,0.019903161094137634,0.01882537634326481,0.001955345288991682,0.001531277446721714,0.014134599349301193,0.08974797982194924,0.133940070375085,1.3634926521177704e-13
2024-11-15,0.01568286232469547,0.013838809855571779,0.011913804683733969,0.0020826595141919257,0.0006953488965741947,0.004375600332194569,0.10541318534169646,0.07889358033060641,1.364186541508161e-13
2024-11-18,0.01620182042555366,0.012066718022187433,0.01798656349399757,0.002992738370849471,0.0010870493054322941,0.002487256671552157,0.12874653374493888,0.0563499293383547,1.364637569611915e-13
2024-11-19,0.011502219376472696,0.013164416826530448,0.012302665997508249,0.0026187938975318903,0.001985518182871876,0.0020206770778850042,0.09773673362509824,0.12328278140033504,1.3665457654354896e-13
2024-11-20,0.01206502080303894,0.017050421579669135,0.008610387620724455,0.0012437889000122826,0.0009910575397567348,0.0015980400845837708,0.07317642310475908,0.07754749643963399,1.366060042862216e-13
2024-11-21,0.011383388848422424,0.010135812361666514,0.006783762398642393,0.000763922605229006,0.0006326688937512584,0.0008536494983012574,0.06212074167900551,0.03565902300672854,1.3657130981670207e-13
2024-11-22,0.012940310304087207,0.009332406254139836,0.007035250046958781,0.0021166854117161196,0.000948572877984575,0.0010572677010125884,0.0785741366784098,0.03424557836356065,1.3666498488440482e-13
2024-11-25,0.011738920042280837,0.006961187883574149,0.006794801816178424,0.0021809705524490977,0.0008987940624887395,0.0004116635713054289,0.04995489139187635,0.04405023307801098,1.3666498488440482e-13
2024-11-26,0.014531703934224205,0.01813349928815275,0.014297124295152633,0.004880760543326847,0.004175044177751425,0.003354306948312622,0.14553470973658142,0.09127731755368222,1.3643600138557588e-13
2024-11-27,0.011427830872003884,0.009073178980452663,0.009731789917819802,0.0017667419452868302,0.0007843585425507044,0.0011154158305575555,0.10494041254959305,0.10859428418780499,1.3643947083252783e-13
2024-11-29,0.015505121974062158,0.01662319811076541,0.008978843211737962,0.001755802604875692,0.001176557461503833,0.0015294222417862957,0.06965895696429812,0.03996702151671115,1.3638742912824853e-13
2024-12-02,0.013497021512308052,0.012150237757897605,0.008105654564748944,0.0018810117733881956,0.0016615965378460706,0.0012289974365427595,0.059318853979809294,0.03979117583935085,1.364047763630083e-13
2024-12-03,0.018643548733674884,0.011802737480551448,0.010718624493533922,0.002378125260509553,0.0008912608449132095,0.0009372060764324805,0.0848908244138434,0.049055129869868944,1.3638049023434462e-13
2024-12-04,0.014155794800326891,0.010400386139541817,0.007967433323486197,0.002178845812792325,0.0012969975505028575,0.0015559448978107774,0.18038510579394723,0.044240013280863015,1.364047763630083e-13
2024-12-05,0.01302756946135592,0.009498596521239838,0.0067908440600561075,0.0016992934772694368,0.0015001681874539036,0.00135374587268451,0.09422917870710919,0.05377846766166063,1.3633885687092118e-13
2024-12-06,0.018808665540042173,0.008373037298134772,0.008358895940018483,0.0016495278376668088,0.0006498613116398978,0.0004877286982297957,0.07328724294380985,0.052827090981107314,1.3634926521177704e-13
2024-12-09,0.017742007310426862,0.008793537099531203,0.007440195304114184,0.001306514955028093,0.0006848685166947787,0.0007439760178344503,0.04420596278017663,0.030078789169383984,1.3631804018920946e-13
2024-12-10,0.017262259403054113,0.008071431605893737,0.00696878432445143,0.0033520331545648097,0.0016008058476198635,0.0012850994866552188,0.10881424219642452,0.0496813617881269,1.3638395968129657e-13
2024-12-11,0.016880293386156008,0.008580775455766947,0.009345326254960096,0.002583729050442289,0.0010103949157224722,0.0006964475219196488,0.05229747959542301,0.03223817304418277,1.3652273755937472e-13
2024-12-12,0.014291435574224437,0.008687213198170082,0.008750789763544948,0.0030025201756428074,0.0016756731505724078,0.002495944023029215,0.05150190600886673,0.05640795369647591,1.3651232921851886e-13
2024-12-13,0.013818033764467167,0.0073259510868979695,0.009497686701485365,0.0017557202328764288,0.001979345108550704,0.0009585052984576964,0.07547470827348299,0.12584552282347364,1.3653314590023058e-13
2024-12-16,0.017012820606469786,0.008086171542512618,0.011993863277861087,0.0019009282735237762,0.001861899152331611,0.0014443156044690638,0.04282241490382286,0.07514673635211462,1.364117152569122e-13
2024-12-17,0.011541509198077234,0.00725089338258538,0.0079030687119494,0.0019920226893855447,0.0007480012291300726,0.001084269381607834,0.088003900271668,0.06757024263816847,1.364047763630083e-13
2024-12-18,0.017926635702777898,0.005739421399418519,0.008198251352494279,0.0013285159236799751,0.0007665996963497119,0.0010363729000567748,0.05095683795864445,0.044262295165925815,1.3642559304472002e-13
2024-12-19,0.2765413426519141,0.2567138040668085,0.25347265296408106,0.005459597675917714,0.0035199166391591493,0.5501915796019727,0.13067832164479926,0.44262336444575645,2.2021627923973774e-10
2024-12-20,0.008082511833484844,0.011113891501678498,0.008184263928041313,0.002079070446923202,0.0018326123694302671,0.0072761127029612235,0.12309033819679031,0.41428893008278483,2.1922482232317186e-10
2024-12-23,0.006470771902650893,0.007037632165641084,0.007244574119078204,0.0018311008373606483,0.0014978294383360341,0.002762463539408367,0.13132036759722693,0.13732912467886008,2.2142094061039508e-10
2024-12-24,0.0063193082349140605,0.007304489684639698,0.008052726807458775,0.0024481348523345756,0.0014296326671317699,0.01332613086700575,0.07728952289020125,0.0859671458457689,2.2789388431920798e-10
2024-12-26,0.006594518836469526,0.007553292344231169,0.0060086837376005,0.0015442645484256834,0.0010141204316412088,0.0022683334871264594,0.06600969747918697,0.06445726707617645,2.3162432388756926e-10
2024-12-27,0.02054632348508747,0.011614443873742246,0.00754065247994847,0.0015120973702992396,0.0005886878547539697,0.03522159176282412,0.07762165938982435,0.12387171978713603,2.3171541768673976e-10
2024-12-30,0.017196301414397548,0.007466523997515693,0.010995730651038742,0.0021857386657338287,0.0015797410987222662,0.0013340459094115624,0.09917437945650218,0.12919328338382413,2.2797360527126997e-10
2024-12-31,0.04448541263520391,0.03776308532614058,0.040022528836363584,0.0033141048761623215,0.001636898660733157,0.11473608129963149,0.10800859138994198,0.07357885889148671,2.1988141862827604e-10
2025-01-02,0.11378674986764366,0.11638481751098065,0.11282532415165747,0.001935828505511758,0.001047058225269676,0.23813066917319126,0.11657057354190117,0.050414636089335066,1.3672049603563607e-13
2025-01-03,0.08764057517016914,0.08267855647995877,0.07996187850835346,0.002049489958379634,0.0012683966123193486,0.12076049847235355,0.04817142057138914,0.028892490242232793,1.3674478216429975e-13
2025-01-06,0.022738756686408377,0.01978837085934278,0.016383372106087073,0.003700599070758724,0.0011924602317571716,0.016867467646744953,0.15616996838497893,0.03833259811864332,1.3670661824782826e-13
2025-01-07,0.014401377447014724,0.012031153057422396,0.009445200271268928,0.0023152747307540536,0.000778073709878682,0.0033624391004263205,0.04780841717614173,0.03787778621120921,1.3666498488440482e-13
2025-01-08,0.010534874222527616,0.009686383398250962,0.013678396658012995,0.0026020711860640575,0.0019920458399076205,0.0017682395530999612,0.12001129998679816,0.1044411522930004,1.3681764055029078e-13
2025-01-10,0.008543861187999425,0.008991437855388446,0.007077657629889858,0.00114090726021248,0.0005175753825129429,0.0007891414473278314,0.050968672686807145,0.11120031332995754,1.3671355714173217e-13
2025-01-13,0.014542618811814078,0.013616156795354245,0.012853074890107785,0.005089341914969958,0.002498235811202569,0.003367123449984206,0.10393866620671263,0.16263523984347106,1.3700152123874432e-13
2025-01-14,0.013765944104305428,0.011608893175761362,0.007635751256253073,0.002073817044964253,0.0009492201554258562,0.001980930345450043,0.13452687330571084,0.13396360328037696,1.3701192957960018e-13
2025-01-15,0.011513940378851761,0.0088262452601536,0.006031453900686331,0.0019302228349981007,0.0004837153150650927,0.00044332899094126936,0.05829679169741493,0.046900859629749256,1.3702233792045604e-13
2025-01-16,0.07095717046833414,0.0658703751957809,0.06448483313636452,0.0021088195163392123,0.0031619123356157594,0.08280815717878963,0.14417510315495596,0.19113782289707684,2.1352831655607751e-10
2025-01-17,0.045910052467966436,0.04247496282487144,0.04094591463975676,0.0021885660765243384,0.0008704550126824395,0.05853732191377026,0.09990469523234786,0.18176857187392503,2.148973464455306e-10
2025-01-21,0.020440166483305107,0.019776487556078283,0.017024713961296577,0.0023079350896953107,0.0007552149338633637,0.019425528823945715,0.13196671561627085,0.06551591842497125,1.36800293315531e-13
2025-01-22,0.013668933267692779,0.012083423006146116,0.01096156756982129,0.0029976786972692807,0.0019026068028388978,0.008232996272577918,0.08305458204181447,0.12761106702950917,2.254349831809499e-10
2025-01-23,0.017016931923964772,0.013288500016924484,0.0146270466330998,0.002478609976620069,0.0010582782100869896,0.010396545328395384,0.0941701513379772,0.14153510227310512,1.3686968225457008e-13
2025-01-24,0.01173905601228604,0.0090997047265271,0.008417290904156426,0.0018989418972212638,0.0009980761357290741,0.002288078015391798,0.05028227564357048,0.07358963604687313,1.3681070165638687e-13
2025-01-27,0.011688771514263351,0.006174530436607878,0.0058399918024258065,0.001525303714007685,0.000824844173187808,0.0010383811854914235,0.07215461381026121,0.01655607182597143,1.3681070165638687e-13
2025-01-28,0.015701966024901644,0.013517125433847772,0.020125171522130877,0.005692521018008594,0.0023897658398938813,0.004224808835193229,0.12183039157516613,0.10462967417534512,1.3680376276248296e-13
2025-01-29,0.010955363337762192,0.009874131754442989,0.011586894573989292,0.0025617604265231603,0.0009618238452215405,0.0016037966795964353,0.11785558457981,0.10419454447233097,1.3683498778505054e-13
2025-01-30,0.0115796144024723,0.010037520922861568,0.009974389692813918,0.0011950652966699615,0.0005502434259231896,0.00043819249346307277,0.04910550748821564,0.03802256287797507,1.3682804889114664e-13
2025-01-31,0.01163257617350329,0.0094513528958284,0.007602956185964439,0.0024756602309797537,0.0011731827506524888,0.0008422806418270562,0.0734343345552285,0.07124290875711795,1.3686274336066617e-13
2025-02-03,0.016191759169924762,0.007841911005031815,0.006867584217199995,0.0016685545827955992,0.0009394500392941689,0.0009283498911122666,0.08663112523868256,0.09354089666625069,1.3687662114847399e-13
2025-02-04,0.012162777200775915,0.00868946483909239,0.010738672733140992,0.0029139809138070683,0.0012540914992406932,0.001775689982896032,0.0963555355514403,0.039116701456473765,1.369807045570326e-13
2025-02-05,0.011310816749369136,0.007754545039277102,0.008222016633347613,0.002443270634176972,0.0010567317388058828,0.0012038379119021882,0.07941655327748734,0.06625860396932381,1.3697029621617673e-13
2025-02-06,0.011234201204590006,0.006987891204382446,0.007121941991695023,0.0023260478481226463,0.002124816561527935,0.0016484496815992935,0.06764914861106879,0.04207887564557666,1.3694947953446501e-13
2025-02-07,0.01235284145275221,0.0073257191608664006,0.006534237240665331,0.0013401908409902547,0.00046681973035714726,0.0009477941761128481,0.07602036229856152,0.07647790169028841,1.3695294898141697e-13
2025-02-10,0.012787251063298219,0.009892950129487871,0.012485385898189783,0.0019620733004232643,0.0013362116432613681,0.001039554921079433,0.11133768019310242,0.09148721354185878,1.3701192957960018e-13
2025-02-11,0.009310047973748908,0.00813492432240635,0.005949969970081153,0.0027341490246681546,0.0018500431310745423,0.0017047707577914132,0.07813183877288615,0.11186840211263507,1.3704315460216776e-13
2025-02-12,0.010192522358003176,0.007038722297512272,0.005202667766423379,0.0017674701981551313,0.0010419403661650782,0.0009749749565301797,0.04222470902824947,0.06291755966096875,1.3711254354120683e-13
2025-02-13,0.012193541482923074,0.009239894583029176,0.014021036173309895,0.0025484394988000703,0.0020440746325203975,0.0016005916944144857,0.10690725761001456,0.07049507219503207,1.370917268594951e-13
2025-02-14,0.01384282758850396,0.011458589281464131,0.011854196061829986,0.0014182883546175265,0.002389243265463291,0.0034263177775429128,0.15022346232431827,0.14423247309352338,1.3708825741254316e-13
2025-02-18,0.014725351748040894,0.011474099179079794,0.011119468029011117,0.0019298444702637932,0.0012617438866462077,0.003047158245965396,0.07692957189067144,0.11349762058187507,1.3698417400398455e-13
2025-02-19,0.01435297002425773,0.012096020804726534,0.012648863672147573,0.0029747926013051554,0.0020938694503984173,0.0021287426543631447,0.0879972324517219,0.037355398122349184,1.3705356294302362e-13
2025-02-20,0.01660643866140183,0.011102363207546508,0.009158616556417063,0.0012900773918237338,0.00043325354881111947,0.0005364204180642738,0.06911195391138994,0.06407872836832834,1.3709866575339902e-13
2025-02-21,0.012580562449586868,0.007145893115155797,0.006794432564535132,0.0017937688522052866,0.0005882522842315494,0.0009614743806307949,0.05919992422290341,0.033658543285688854,1.3710907409425488e-13
2025-02-24,0.017449449451046595,0.011694613861096614,0.019028195477543926,0.004761155726031162,0.0019720694976755335,0.003879296744997708,0.11090614350309594,0.13211388452251419,1.3719234082110177e-13
2025-02-25,0.021023974040619026,0.013350297122566218,0.015117989961148664,0.002681505674214296,0.0008655101721833253,0.001568304569970956,0.09257619293738735,0.10600667873822185,1.3730683257051624e-13
2025-02-26,0.021305487362685404,0.013633310812516342,0.01569311838761336,0.004228884664476545,0.00278406313373716,0.003180997321043583,0.09574518185330841,0.07450825962108532,1.3711948243511074e-13
2025-02-27,0.017464705526328627,0.014179877840644223,0.010254578792981181,0.0013682955321867654,0.0008460296952552563,0.0008065139251958,0.07221103310228476,0.06929615637506895,1.371680546924381e-13
2025-02-28,0.01591624437605689,0.015662990104848652,0.017161561235534646,0.004040051059800452,0.0021461485984981955,0.0034769756304199465,0.1572520186273894,0.12263777535556972,1.3723050473757326e-13
2025-03-03,0.014786515280871887,0.015626116693141505,0.01356554477824704,0.003616051160502079,0.0020991698050600964,0.0031436362241339917,0.15873920882719383,0.13857431818154675,1.3709519630644706e-13
2025-03-04,0.01926991144797598,0.016202386898882724,0.017290565093275347,0.005329897685099533,0.001731418008515766,0.003314572189635316,0.14152100983882082,0.11721873100538276,1.3724091307842912e-13
2025-03-05,0.012074187390676522,0.012948592794660882,0.010635063192413129,0.002940607586786423,0.0017444233696260005,0.0018258678660300713,0.13575565679795581,0.08493150065554579,1.37324179805276e-13
2025-03-06,0.016131558902825048,0.012567406583613138,0.0117919115247308,0.004781697582175511,0.0014542157305623472,0.002636330020037173,0.11693821238294896,0.06972477105282973,1.372721381009967e-13
2025-03-07,0.02297305321974097,0.015922245038946126,0.017232530035124767,0.0037895171099691025,0.001432095434540871,0.01135357112085346,0.1218445282910551,0.1698335666445156,1.3741785487297875e-13
2025-03-10,0.017925694781523876,0.015347450182362245,0.01389609932938636,0.0018138030628121055,0.0007157666634286289,0.009470971610922915,0.11527472450157386,0.16550172271007946,1.3738662985041117e-13
2025-03-11,0.06925178315054872,0.06662384958995424,0.06275513967557836,0.0065189745928592585,0.002444038931680456,0.08731497741438783,0.1480208082065015,0.170382153436395,1.8401081006147457e-10
2025-03-12,0.050663346348042385,0.04828224238950355,0.04573714855226174,0.002711488677334492,0.0016965621615226648,0.06588330034009166,0.14367262079352422,0.1309850460972203,1.813390097804568e-10
2025-03-13,0.0231671267582448,0.0215029077064689,0.01907953138085066,0.0020501476314613784,0.0010641934674790543,0.019898705644564425,0.07964247113142384,0.05476741275531716,1.3762255224314401e-13
2025-03-14,0.016670054973048593,0.01185198521506498,0.01676298058765796,0.004359951321286443,0.002193007156552489,0.004867052678436956,0.1469112743158218,0.08420512598381306,1.3776133012122216e-13
2025-03-17,0.02936648078920172,0.024445037662371646,0.024487948507467584,0.00513049394735763,0.0013975482239422532,0.024602668502991504,0.22854805784998705,0.13360200053297716,1.8434873419459485e-10
2025-03-18,0.018889864583283265,0.01968543093185316,0.017261360024737833,0.002183534721513246,0.001025501521911398,0.018437083873110535,0.06520548003334188,0.054527789096449966,1.902952968813043e-10
2025-03-19,0.024143734781951597,0.02157483007029032,0.021852415048907954,0.002704606350869332,0.0010389787986686842,0.023277867010845162,0.15075562817904312,0.09447123269926207,1.831890750203513e-10
2025-03-20,0.01337038828982772,0.013005930426091019,0.007987816545238915,0.0017008187504535394,0.0013579220377139046,0.00406821406420357,0.10062087122221,0.10447426905980028,1.8457509479152812e-10
2025-03-21,0.020890898888554516,0.01739407015173382,0.013464697136982656,0.0014460091877705333,0.00042906754671845695,0.010830483841025305,0.0711132650712161,0.0720261185396229,1.816577027691224e-10
2025-03-24,0.013583962208839302,0.012995850814234535,0.009691482649220018,0.0016737885606457822,0.0011050601715200973,0.0031333575820170745,0.06544645762231804,0.04631896248988783,1.376607161596155e-13
2025-03-25,0.013488710967730352,0.01193739118152477,0.011010325377575797,0.004812019830707413,0.00195501604365749,0.0037061978698822986,0.17483562394383237,0.0826479379575697,1.3752193828153736e-13
2025-03-26,0.011471016000118966,0.011615048017532704,0.00903404186458992,0.0017524952629965687,0.0005156146814040291,0.001796092347735459,0.14279281839435148,0.06630867453656812,1.3756010219800885e-13
2025-03-27,0.013498690957049761,0.007287946788376562,0.012397368290266135,0.0024215984340260344,0.0013071285331873812,0.00160407016114656,0.15086304898903855,0.1269297691595372,1.3771622731084676e-13
2025-03-28,0.011610801285244223,0.008874522932355055,0.008415008107116925,0.0019166919208099473,0.0010027000926453621,0.0017869717141555722,0.06155377917650558,0.10247563345423945,1.378029634846456e-13
2025-03-31,0.023903322015592587,0.010641216304518105,0.014019035952400078,0.005624311619119825,0.0025136591252494477,0.0044115574310548645,0.12796957270878737,0.1129659761162484,1.3788276076454054e-13
2025-04-01,0.020024287574475812,0.00886354750118971,0.008019620159539715,0.0029439234899510044,0.0019497490831144357,0.0014629164424565942,0.1417719920219219,0.11768278069895133,1.3804582477128235e-13
2025-04-02,0.015338421629308699,0.00893870105427056,0.006406690828189747,0.0011239222189668302,0.0011893188968912088,0.0008416155474382759,0.07761685101337008,0.0331026705911348,1.3795561915053156e-13
2025-04-03,0.012844731765194134,0.008482962470548444,0.005980547454572585,0.0017258974433436713,0.0007528465517029473,0.0011126266977335097,0.0757496502030774,0.024529282378797305,1.378862302114925e-13
2025-04-04,0.26753809068837464,0.2615528090084696,0.2534150583503638,0.010387716040550797,0.00435502100008712,0.548154951890735,0.25434851264764247,0.3208360289903477,1.5005019796121566e-10
2025-04-07,0.01054667118190446,0.012350715605307197,0.016593456976029087,0.011899618629069623,0.005498654115869873,0.00560392121556689,0.17036777473474154,0.19746415079119944,1.2722841877255142e-10
2025-04-08,0.012289502860781319,0.01626077700777435,0.013154947314386286,0.00483343328932774,0.004760999690490213,0.0029319114326013507,0.33933056669908784,0.30805345900360465,1.270304694767077e-10
2025-04-09,0.011859912957702386,0.007643924759523901,0.009234927348954905,0.004003831698937033,0.003361958581994067,0.0019672359341707576,0.22061294204589443,0.11916090128790313,1.2140123281656479e-10
2025-04-10,0.016941507774857305,0.01468790604676741,0.014041972487256343,0.015699658622884916,0.00813914392638853,0.009676111612777517,0.37801104535619595,0.655854757523592,1.5033262829033944e-10
2025-04-11,0.009979915735849169,0.012456242923048966,0.01034101391497717,0.006582319673190326,0.005529858674367784,0.003440279674076742,0.20557787583812023,0.7231915904050122,1.3636809736983224e-10
2025-04-14,0.008566593932983944,0.010969338470087377,0.00860455718704472,0.004117485564610113,0.002511695330345654,0.0025615981060139047,0.19104457816167603,0.5606310967608548,1.423411111201034e-10
2025-04-15,0.007093761248649477,0.00959882706991171,0.006447612653606313,0.0020773841677149685,0.0017715135860406704,0.0016017722987629137,0.14018017511834993,0.14336045864372804,1.4767403966331472e-10
2025-04-16,0.006491091446831586,0.00828030875820653,0.005038195180572082,0.0012895323512595591,0.0009727349246213204,0.0007131467975818532,0.14139553323854298,0.115759152054311,1.4680319460058655e-10
2025-04-17,0.009900129165081779,0.008546665865655051,0.006883858654823096,0.005798807747695228,0.002880271232869087,0.0025045929123062964,0.40037306994125893,0.35082115615230636,1.3453987229850028e-10
2025-04-21,0.007300941882524654,0.006894767220713143,0.005851650507090684,0.0030770250611565422,0.0013783938798620687,0.0010006117328896856,0.2723078412940233,0.17792770071778646,1.3969934931079564e-10
2025-04-22,0.010604153073565822,0.01029057594292769,0.009858625427146814,0.005183756263708213,0.003811532017678815,0.001833496316574195,0.3089156643920303,0.3143585871020741,1.3029202716730026e-10
2025-04-23,0.009978929088524633,0.006918290914350726,0.006900525019153836,0.005360044182484841,0.0018496657052761063,0.0018204321288258839,0.39151347285366145,0.3339986550604495,1.4184869251421262e-10
2025-04-24,0.009090197212428082,0.008665157237493277,0.007369892913209454,0.0041212986267298996,0.0023260754555428148,0.001656696512064445,0.1165923184995304,0.06354205691507549,1.5008611714550923e-10
2025-04-25,0.009170744309075881,0.007091632768410681,0.007295086012891648,0.002620070992458,0.0026879321037450725,0.0020251192578438285,0.1626907708981177,0.1606386786107563,1.524572412758829e-10
2025-04-28,0.007753387570430927,0.006145825003152155,0.006215544404831875,0.0021174164068037543,0.0015011211397560416,0.0010366487024690565,0.13619191509113757,0.1448281853602452,1.5415331511281494e-10
2025-04-29,0.007084958923759968,0.006164550239541695,0.005843830786322881,0.001765402538081405,0.001483143821545087,0.0010625727593373214,0.10682201560276113,0.1026607062983063,1.5266773262245792e-10
2025-04-30,0.006530733337321565,0.007683919262394192,0.008813748690997584,0.0021906271760269574,0.0015622720329507745,0.001146846302248779,0.08469671442639995,0.05288289452288786,1.560461100613697e-10
2025-05-01,0.008967820977725258,0.008329230120417506,0.012332417139716322,0.0023907346507201777,0.0019181271325518462,0.0011662535607992214,0.10977603349282691,0.12416646276248104,1.593457553406008e-10
2025-05-02,0.009171463419325,0.00888195174735617,0.0085684083339164,0.00303867119026667,0.0020192892246431535,0.0018978903017444336,0.09378754685954926,0.062353651913609046,1.662459614415468e-10
2025-05-05,0.009901110803671181,0.009291268148017852,0.009440418082596078,0.005083003494360555,0.0017948538688517112,0.002578991136817228,0.11575327237365844,0.108967839563999,1.783224366780356e-10
2025-05-06,0.00975252074299069,0.008753611766328441,0.0071359265156450595,0.0032080403705907826,0.002013610167336817,0.0023012345214789426,0.141668510193344,0.10623870344569915,1.727749991686789e-10
2025-05-07,0.010240116691416442,0.008902008398100621,0.006070853594938148,0.00393847450435144,0.002257299555720383,0.003285632907089892,0.15717008981465314,0.06929913427499317,1.6236122168944433e-10
2025-05-08,0.01026581395772827,0.00687546173900231,0.006418704166463706,0.002975607426625178,0.0015088393788015516,0.003997333186400822,0.12363248354419862,0.054307433648966466,1.642967220605307e-10
2025-05-09,0.01118967177643547,0.015220386176570807,0.011771855437101538,0.004189870372733356,0.0027707402043636573,0.010344025554145103,0.11618397169489078,0.12175108285582556,1.7164178411910314e-10
2025-05-12,0.010071414779474475,0.01092242600019496,0.010242808413558468,0.0016527357683006408,0.0007386679690893556,0.02541143627071408,0.1438123100636103,0.09419998442890862,1.7162168214346352e-10
2025-05-13,0.011966211558515235,0.011844392685283006,0.015129178277599867,0.007705977678733482,0.0032838882539140447,0.029086979916877476,0.1986283319956199,0.11574381759511673,1.9091208475208177e-10
2025-05-14,0.01593383996924882,0.015313973682729427,0.01763841432706076,0.0026072366342074424,0.001248385602109725,0.05085886424508664,0.13736120333027696,0.10239022888932707,1.9014611413181726e-10
2025-05-15,0.018709103942245654,0.01905901278275567,0.02007340833064375,0.0025074062041117243,0.0019512449746556721,0.045750847550403616,0.09463824086194228,0.10047875669713706,1.9515390345392625e-10
2025-05-16,0.03212924411888925,0.03252953489870074,0.03141128677217938,0.0026724349004427633,0.0021692536071051703,0.0856695868224715,0.14609807224592017,0.1157514501602384,1.9502358061807001e-10
2025-05-19,0.12052733355647491,0.11498176422213358,0.11206683074884545,0.002060074043091692,0.0009755926421050074,0.22733489951825386,0.07132527387040041,0.049583757175904686,1.375184688345854e-13
2025-05-20,0.07910998604524103,0.07428636011351093,0.07202432791620755,0.0016818014369835155,0.0008789104825755736,0.10595913225192569,0.07154573269396232,0.060077594062565944,1.3761908279619206e-13
2025-05-21,0.022651260461826785,0.022598688724343625,0.016460678850836758,0.0027677927767976243,0.0017415964928496936,0.015136657889520145,0.0621361164726584,0.030401453384635256,1.3770928841694285e-13
2025-05-22,0.03661413482571284,0.03323219680649613,0.034832484506624184,0.004109817706558612,0.002972901223157215,0.03587222138696324,0.16412650692916264,0.16451379541671002,1.8695316128525263e-10
2025-05-23,0.02770126863393174,0.027817675060044615,0.026426215657151298,0.0017265199122080757,0.001220788149810908,0.02946071825802325,0.0852073266274833,0.17037481376526048,1.8660517228652473e-10
2025-05-27,0.0237664203973934,0.016834631429917847,0.012884920556511997,0.002323898134596533,0.0016090619625118592,0.007641887166966207,0.08496665828752824,0.03199382421175819,1.3797990527919524e-13
2025-05-28,0.025307243991764955,0.013042817518072953,0.010076583102636288,0.005156305839053119,0.0029817530051692515,0.006426713890442871,0.20878722334815403,0.1006394271800007,1.3771622731084676e-13
2025-05-29,0.014614237939829397,0.011026080334958695,0.009457780000284792,0.0012189286710727332,0.0008448317111915228,0.0028032921917450215,0.1115226508696094,0.12390621033966723,1.377439828864624e-13
2025-05-30,0.009035014264744113,0.010194639120188344,0.007806292244764372,0.0011862348985520674,0.0013962339673003422,0.0023065197955373746,0.07089878387078422,0.10093196559663986,1.3772663565170262e-13
2025-06-02,0.01157488918964986,0.009961911229567081,0.00841963102673855,0.0019448106084551525,0.000837479635041202,0.0013423149938631214,0.06856967467723472,0.03706013619235918,1.376537772657116e-13
2025-06-03,0.014321791287243557,0.00689820060744553,0.008595626959228924,0.003746504689101572,0.002757150243758757,0.0023640603771649437,0.09054623775176754,0.042337022090542326,1.3780643293159756e-13
2025-06-04,0.009914586550504829,0.006643278319736208,0.0073722019532095175,0.0025464235331000284,0.0008838871353260188,0.001266433680873528,0.0865436880449271,0.044231674187287545,1.3777173846207802e-13
2025-06-05,0.013506139798342887,0.008553626849352043,0.009258640037481414,0.002227484077104283,0.0022053203429899405,0.0021032436568771814,0.12839523149405313,0.05456490513361906,1.3778561624988583e-13
2025-06-06,0.017826304527219748,0.007937284521046143,0.007231953848487167,0.0014635045156693935,0.0009499480817315631,0.0008576493306076618,0.08788802580237125,0.06563734018340721,1.3779255514378974e-13
2025-06-09,0.014190130911569279,0.008577144372463388,0.012053616300327799,0.0038868075744293087,0.0026052394182129357,0.0032214496842595925,0.17761535561886083,0.07269601629089406,1.3768847173523113e-13
2025-06-10,0.009198475414304805,0.00844729092183711,0.008112402287167697,0.0010626755020733056,0.000508591460529852,0.0004184313405141124,0.10587176244469813,0.08693741621711919,1.3768500228827918e-13
2025-06-11,0.019552708889114364,0.007021323236721255,0.005725523665185225,0.0012967933611951477,0.0007980697396607393,0.0007884876961416519,0.04873673121343765,0.021147107135184036,1.3767459394742332e-13
2025-06-12,0.011326822962695712,0.005765842631345078,0.005223979479888028,0.002237939617333741,0.001248382512139481,0.0014467209073451368,0.049562712078718804,0.02455104240184603,1.3777520790902997e-13
2025-06-13,0.01238358286425451,0.005230908217767494,0.005669142283974492,0.0017304208436050156,0.0018536038468377966,0.001199505760767214,0.05515967507715454,0.04961285458041621,1.3780643293159756e-13
2025-06-16,0.023443457601316005,0.011921342202899237,0.01246337470980065,0.004765961223440814,0.0024717974730666366,0.0022752513139381965,0.15040773948557867,0.16056685780128038,1.3803888587737845e-13
2025-06-17,0.015189987404821073,0.006417083071337126,0.006802289091654691,0.003478023405965855,0.0018460841885631096,0.0022937339090306204,0.13515660827044945,0.1358318297167731,1.3788969965844444e-13
2025-06-18,0.013142296179884633,0.010691382216706426,0.013594508271667591,0.004126698784536753,0.0020768044390285668,0.0027702875989704004,0.12855827538284115,0.05360047059043353,1.3803194698347454e-13
2025-06-20,0.01687843271602918,0.010466800488900524,0.008869997700757214,0.0008679036131815018,0.00043292676636750747,0.0003172488483541087,0.09927049172685791,0.0808271010766658,1.3796255804443547e-13
2025-06-23,0.012440303638314113,0.010899988623431982,0.008857560970268723,0.0014117033589249386,0.00045900724106892236,0.0008668951316886005,0.05691720732342993,0.04906228531003755,1.3801113030176282e-13
2025-06-24,0.013187321187492426,0.010531847871655302,0.013584071533426362,0.0035802953486009023,0.0015573303528207086,0.0020848794186006537,0.17935966171499676,0.08045628286595687,1.3785847463587686e-13
2025-06-25,0.017243358517681752,0.012302333426603116,0.016471561834931134,0.004590365538605548,0.0021460892741974966,0.0019739601931471644,0.09313750594436192,0.05357535799136098,1.3759479666752839e-13
2025-06-26,0.015486803709806821,0.013779928653820949,0.01873866861613298,0.0027032113480743164,0.0003502138817262755,0.00048325342541017356,0.17939355939888746,0.09544143320684495,1.3763989947790378e-13
2025-06-27,0.013257636097829808,0.013295045057721796,0.012589140615370966,0.0018990524861544344,0.001087086114838396,0.000837041428771592,0.06567095657722474,0.08120729587856237,1.376086744553362e-13
2025-06-30,0.01707466120978776,0.012851544464679482,0.009960733285986397,0.0023976094495951547,0.0016713650061346993,0.0011209087146996778,0.06089349812469139,0.06772450092665397,1.375184688345854e-13
2025-07-01,0.014673965652599869,0.01095436421752211,0.007204358548778432,0.0013181330326877544,0.0016725786917477267,0.000835862194264173,0.08659376788324176,0.06387517641267625,1.3752193828153736e-13
2025-07-02,0.017282467398893307,0.009237375637520622,0.007611886399433787,0.002036070133675384,0.000975257398956384,0.0010650813479444398,0.047593438982754234,0.04912600749321362,1.3756704109191276e-13
2025-07-03,0.009296729827246166,0.008093371130823866,0.005773711676834411,0.002205345807933551,0.0013118415622534589,0.001839117078145595,0.06148183703686061,0.03337440078531678,1.3762949113704792e-13
2025-07-07,0.01319301500919135,0.007375381051258864,0.005946221481017169,0.0022525972484803425,0.001301850039030951,0.0017975853416722636,0.07132797182958277,0.0292093845708725,1.375115299406815e-13
2025-07-08,0.012390956241841358,0.0073810101591552605,0.009118078642646367,0.0019373443021836814,0.0014895628514460892,0.0009693026897157232,0.06734725262920019,0.10564940237861094,1.3757744943276862e-13
2025-07-09,0.015658412203549334,0.007296509971246899,0.007243375429813889,0.0018508692463268528,0.0008772231939740291,0.0006530282223060217,0.05039638676238698,0.1059603931164557,1.375566327510569e-13
2025-07-10,0.011136263773387731,0.006464831224012507,0.005265409949839758,0.0016048116124781284,0.0015505816490134078,0.0010221728485879495,0.09666981094825713,0.05961589430083212,1.3749765215287368e-13
2025-07-11,0.011707402347154536,0.005373624265939146,0.004185155925967897,0.0011348262464312142,0.0002988745943804043,0.0004846982328881318,0.051874750874663825,0.058199873677271766,1.375115299406815e-13
2025-07-14,0.012754161669373137,0.009514581284706008,0.012909177205036083,0.0028440151007321085,0.0021360955705880674,0.0017872350192733167,0.0738332462468537,0.07493828689972115,1.37549693857153e-13
2025-07-15,0.010419540368663563,0.007711946112851091,0.006157791286091107,0.001491482621030639,0.0006866001756443954,0.000712975601709575,0.05269520363321859,0.07842502440327156,1.3753928551629713e-13
2025-07-16,0.015365684640765478,0.009399895692296116,0.014098802275183082,0.0025396834067671348,0.0011698585247821487,0.0006915319263107483,0.06742306790489785,0.09209378442097196,1.3759826611448034e-13
2025-07-17,0.011178335023119454,0.007415416118489204,0.008282587015911686,0.0011243651318819936,0.0005787420526349235,0.0004066716463424152,0.057752361756077154,0.10031888379417073,1.375705105388647e-13
2025-07-18,0.0140949990229434,0.006755717245694055,0.006329873803114885,0.001916824359261958,0.0007404581727584046,0.0011759406131840809,0.03451330511460916,0.022331488140692572,1.375115299406815e-13
2025-07-21,0.0088496395107688,0.005420815051565551,0.005678558141243661,0.0011597641375236181,0.0004909423151213044,0.0004647428334631439,0.03912581703453198,0.03304924638173733,1.3759479666752839e-13
2025-07-22,0.013222617874961507,0.0060816852377491805,0.004885877227935783,0.0017063285034799175,0.00169080401534197,0.0009613566852570289,0.04203997472425039,0.04316926359813722,1.3761214390228815e-13
2025-07-23,0.010066764133106263,0.00704161645570785,0.0063932952126752925,0.0022255818278736975,0.001153017537804657,0.0008822953281700226,0.07486927642456245,0.05114239473623154,1.376156133492401e-13
2025-07-24,0.01520617474093206,0.007069863402029014,0.006127665650723987,0.003873949564519301,0.0014117036298624595,0.0015724498463363483,0.09580872019770656,0.04796150163371947,1.3749765215287368e-13
2025-07-25,0.011179595628270261,0.005900787534881944,0.007542476787484008,0.0016773944795403298,0.0006582965481455548,0.000456400745431759,0.07149380962857414,0.05365761700584304,1.3751499938763345e-13
2025-07-28,0.016730405812985644,0.006807284037757604,0.005829981526705447,0.001955977924918438,0.0011963777168201243,0.001001249102536822,0.04217118151756895,0.045493444866272936,1.3744561044859438e-13
2025-07-29,0.014140051774758,0.00713711415773992,0.010739019223804675,0.002780460630754704,0.0011821241638275883,0.0011021785177420993,0.06175778568496704,0.05729438500711146,1.3739009929736312e-13
2025-07-30,0.01229633149210617,0.00825274631686246,0.008533524314948308,0.003164161105464691,0.002281236115637204,0.002344095183560611,0.10780151654865844,0.08097031039171702,1.3743520210773852e-13
2025-07-31,0.01797457818297672,0.007552346084399397,0.011528963762976591,0.0019616087595704587,0.001504736237546345,0.0006696341856489272,0.11305590811967925,0.11026666599971904,1.373762215095553e-13
2025-08-01,0.0247567959786057,0.006428233627299193,0.009916876911417261,0.0024773454156515745,0.0005904742795645473,0.001064093253980253,0.04412494949742272,0.04681988633247865,1.3743173266078657e-13
2025-08-04,0.02698240406090735,0.013932815632621314,0.02002309325345613,0.005640088687505908,0.003550736184459036,0.004835656207904858,0.15991195490970353,0.08887712609248047,1.3756704109191276e-13
2025-08-05,0.0159686240624242,0.014972941895293784,0.014074972464900925,0.00324449948480645,0.0011353001484364364,0.0022695420273273793,0.2129640077674364,0.13090396329126616,1.3748377436506587e-13
2025-08-06,0.015880874811476594,0.013751633175316354,0.01263714814868929,0.001647547313332741,0.0006564123350193659,0.0013722291689488453,0.07424604334701174,0.0766079281949936,1.375184688345854e-13
2025-08-07,0.018561195356452787,0.013185514698451053,0.010041207966092902,0.0022833258467975723,0.0008028079832771383,0.0014417726293605234,0.05767627568722228,0.03080290294982287,1.374213243199307e-13
2025-08-08,0.015041142537511251,0.011628889561051504,0.0068148046423403,0.0018218935922763857,0.000736791700351832,0.0004666874010113275,0.041952069046675616,0.015352998001095788,1.374664271303061e-13
2025-08-11,0.014757250600520123,0.009511812735482121,0.007152633518899903,0.0019388907736098068,0.0008004705165129458,0.0015036252024177733,0.062494827801456446,0.06305742290235408,1.3752193828153736e-13
2025-08-12,0.014027977196348174,0.007892739124004755,0.007529555375542607,0.001586297699492492,0.0010244217498596344,0.0004557782712207675,0.04813880078714348,0.0468212335473066,1.3744907989554633e-13
2025-08-13,0.011657679222489085,0.009226855906799869,0.009193036139351709,0.003784360065619982,0.0008122844612963095,0.0019082977611526845,0.09194697805333717,0.06963981131959364,1.3729642422966037e-13
2025-08-14,0.01210994645969407,0.006924469250436901,0.006479246451766842,0.0020744176699580286,0.0011991503975242214,0.0009814165339770936,0.08264386351420241,0.032007829165473685,1.3729642422966037e-13
2025-08-15,0.011436571190675255,0.0074947680590493684,0.009885705234570429,0.0020483740646074916,0.0012800449487802967,0.0008915635657823481,0.07940244275795345,0.09219066954158232,1.3724438252538107e-13
2025-08-18,0.010780259406542276,0.005910765123964172,0.0069997039398686746,0.0015640509320486023,0.0009085920309233317,0.0008927862090826275,0.043086441156617646,0.05919655391090904,1.372721381009967e-13
2025-08-19,0.009820965233690665,0.005758636773564025,0.0061877766320534286,0.0010839498323746352,0.00046098287007422217,0.00039657015763631633,0.026343106586711067,0.018771366151566292,1.3724438252538107e-13
2025-08-20,0.0180844421889452,0.00767358266403864,0.012113040188420104,0.0031327501222261633,0.0011183297878746376,0.0017779179068245676,0.0734174435553403,0.044205382464183304,1.3728948533575647e-13
2025-08-21,0.010880399243487816,0.008169315930969322,0.009026962249429808,0.001865584230960303,0.0010765556807250918,0.0009654283272884326,0.043160938508123456,0.04884242522518413,1.373692826156514e-13
2025-08-22,0.014045397513480638,0.008111059345167634,0.007405081751408667,0.0011633397227369252,0.0010566110728484654,0.000773161860914923,0.050916285626690636,0.054474687496106254,1.3745601878945024e-13
2025-08-25,0.034651903519737765,0.02942062851957501,0.028533690589091637,0.0033107939001612435,0.0020207456316420685,0.031181411010458494,0.15202279813830571,0.18888555967499523,1.373172409113721e-13
2025-08-26,0.029685928186768906,0.022844711255308306,0.0222954976845662,0.0015913383565360484,0.0007785839489621049,0.024289801308699906,0.1056619976790677,0.19530281182435255,1.3735193538089163e-13
2025-08-27,0.012907125886468052,0.010074314504066791,0.008412077341121774,0.0017632808349590523,0.0008541064755001184,0.005887584953144703,0.05928038156229877,0.08039859151653148,1.3729295478270842e-13
2025-08-28,0.012549519701830228,0.007201784112137746,0.005375124275336365,0.0011729183727121825,0.00037290099456460007,0.0008242694733776613,0.035714623533273246,0.020214715383074938,1.373172409113721e-13
2025-08-29,0.01083922955181254,0.006189662296629929,0.00433727149823627,0.0011625436511846499,0.0011335819738833226,0.0008999846945115526,0.038693163294650355,0.04026108688400819,1.3735193538089163e-13
2025-09-02,0.013486028458206373,0.007611571274027768,0.011199000798353741,0.0021810141271114344,0.0013020926468973644,0.0012841303245687999,0.09655010447736913,0.09633597339831887,1.374664271303061e-13
2025-09-03,0.011270202224513757,0.009155743148328708,0.013286434319998758,0.003821986567713348,0.0022291685608479854,0.0014664604045673654,0.07514832557844406,0.04524588396317823,1.3767806339437527e-13
2025-09-04,0.015512943512583196,0.007621378746372044,0.007704609917026794,0.0018112800016258854,0.0017388889603533048,0.001406182938243466,0.08199189857251436,0.0941203227949932,1.3767112450047136e-13
2025-09-05,0.012336584506713981,0.006863225016675825,0.0072669705584939345,0.002425709284429374,0.0016452052117666024,0.0013368381097323143,0.07963160944875648,0.023940565355156106,1.375705105388647e-13
2025-09-08,0.014480731083813442,0.007169390692475177,0.00968191298916462,0.00264173065752997,0.00236436916377406,0.0021556266979001065,0.043086613633718164,0.02618635842042514,1.3754622441020103e-13
2025-09-09,0.011916862574215092,0.006844204535736231,0.008662966284071802,0.002100646716804176,0.001808144702479002,0.0013235778366958706,0.05860170174746906,0.029203226450559467,1.3759479666752839e-13
2025-09-10,0.00963648896354272,0.00579923359901624,0.006650973443818824,0.0014300233823938482,0.0008379494968656059,0.0008932248975658155,0.05975155446315428,0.07521221773277159,1.3758785777362448e-13
2025-09-11,0.008888886287254486,0.005960246928808209,0.00596654874339359,0.0012125605599833528,0.0009353317923929355,0.0006527660016496235,0.029034202355796578,0.04603647850760643,1.376017355614323e-13
2025-09-12,0.011382997861490812,0.007114762613562986,0.007410742498742066,0.002971667345028968,0.001190651109538426,0.0014217219350215551,0.10815033519590078,0.06310881548343497,1.3757397998581666e-13
2025-09-15,0.009345836205809541,0.007013116667466251,0.00602589226836572,0.001590328138205574,0.0008334879255088477,0.0009162931905621204,0.09248997493212457,0.08759648711449508,1.375705105388647e-13
2025-09-16,0.010127586170879757,0.0065284618750526685,0.00432249104866792,0.001434586074763801,0.0011334754863848878,0.0008014022101766888,0.04158881662452983,0.06981626305074881,1.3769541062913504e-13
2025-09-17,0.010291218475048304,0.006295337277595502,0.0045352246057221105,0.0015652351006490359,0.0006159770647973568,0.0007970181554183206,0.0316260182865022,0.05375899916055693,1.377058189699909e-13
2025-09-18,0.011751603703943885,0.005966365808765711,0.005679405979620468,0.0012951493552295149,0.0009574400928925363,0.0005075930067248841,0.047170456443977805,0.039806138103354094,1.3768847173523113e-13
2025-09-19,0.010556040742292081,0.007398928393454793,0.007739198495443784,0.0030538305083715606,0.001465810765073623,0.0020772288622193415,0.05280491595953796,0.05195448621931072,1.3756010219800885e-13
2025-09-22,0.01010023529997879,0.00619440452919793,0.007313023477938102,0.002159428263179386,0.0009244594178647069,0.0009679131838769481,0.046157036731324354,0.02330773300962386,1.375635716449608e-13
2025-09-23,0.012357817233420498,0.00709352069102531,0.006673223027897132,0.0020116592971800157,0.0013395061268411624,0.0011293793098130585,0.04831473146482908,0.03315762220755124,1.3761908279619206e-13
2025-09-24,0.011183731417804255,0.005585561802258653,0.005073792799108465,0.0020005957343590466,0.0012191696783757943,0.0016079202331042348,0.05820934251370417,0.03540389585230275,1.3769194118218309e-13
2025-09-25,0.012687024867782956,0.00594975167131348,0.005399656489375084,0.00146413326218537,0.0011896033611963992,0.0007668136368611223,0.07249514205025034,0.07099696825758509,1.3768500228827918e-13
2025-09-26,0.011391791210534328,0.0055004708549757685,0.006288103417926558,0.001651091408370893,0.0007225226038707444,0.0007606902440619495,0.031931920699264406,0.03767761246658081,1.3777173846207802e-13
2025-09-29,0.010423726361367654,0.0052306447219922225,0.005315412707235579,0.0017157689583215674,0.0006519283245285916,0.0007813849763441983,0.05650850516510678,0.0664219503111826,1.3778561624988583e-13
2025-09-30,0.0076963888589162725,0.0048174152580339035,0.004370373716198148,0.001913807318688697,0.0017011960968817887,0.0008932993070172032,0.05351971210417197,0.026690935437014573,1.3780643293159756e-13
2025-10-01,0.00892773616794539,0.004349078203446136,0.004134569309411034,0.00143037873484346,0.0007051880905818218,0.0006226827488976329,0.030042710843396613,0.047401487525369455,1.3776133012122216e-13
2025-10-02,0.008187193408223593,0.004667164963921538,0.004246327129543862,0.0009854216750262296,0.0007202565569570617,0.0005445793149378204,0.030205750865858333,0.04033664367165715,1.3783939267764111e-13
2025-10-03,0.00683710762661891,0.004499725939212796,0.004635936860396508,0.0015241494131564212,0.0006042418677632666,0.0006791390866867428,0.05119237140114362,0.04376171865693669,1.3773877871603446e-13
2025-10-06,0.00903647581252955,0.004666637031740506,0.004300362180219211,0.0018343549408481319,0.0007104779601647098,0.0004769371398394534,0.02490316114432448,0.023205408183431534,1.3775265650384227e-13
2025-10-07,0.009578983862209232,0.007264508625074162,0.007012967682097819,0.002898401782180475,0.0018624557765625556,0.0018129021317478057,0.044620279726585284,0.04200325219362831,1.379157205105841e-13
2025-10-08,0.009441845753727513,0.00470132771989846,0.004067943267044748,0.002418174123312182,0.0010069255050043527,0.0013365608737196922,0.05960999285996195,0.04420481381828976,1.3795388442705558e-13
2025-10-09,0.00866812382233769,0.00498936357012815,0.00495218168687764,0.002627146910753532,0.001354713688293901,0.0012198957554817099,0.04430137775989324,0.05293733198191432,1.380267428130466e-13
2025-10-10,0.013091944929568005,0.005989982941648162,0.008357765407808733,0.0020178047563177703,0.0014936821348925633,0.0005988546572369877,0.08818599584334888,0.09885971456761349,1.3792612885143996e-13
2025-10-13,0.03238017798340383,0.02553086766762851,0.02899314116506696,0.007815510580536672,0.0029812831525941066,0.027038458315509002,0.16558702350501342,0.11409730424711324,1.3812909149812924e-13
2025-10-14,0.14526752354861303,0.1357789162607614,0.13239075788724525,0.004394648620862036,0.002599032009553043,0.22233717802711034,0.15451204012077296,0.20755323011688903,1.9000231596399964e-10
2025-10-15,0.07840220772254772,0.07405713722585533,0.07129089041812736,0.0028772402048636916,0.0010887846340848094,0.13359848315102857,0.08472022857357096,0.09517381992947824,1.8931068171412768e-10
2025-10-16,0.031020413711804435,0.02807343080026379,0.02543649143778671,0.002704734392178082,0.0014782539098941517,0.040171538414536065,0.08513349767619445,0.04304383418584878,1.9199917523915477e-10
2025-10-17,0.05081468340543843,0.04586122614420437,0.04495554301407542,0.0037710099393552868,0.0021663587563621823,0.06099938843882789,0.11920148194859215,0.06836280706681644,1.3837542223171795e-13
2025-10-20,0.022872150821043633,0.018150884876527544,0.016257556636952563,0.002275198240177627,0.0013192276222246694,0.012414906927436001,0.1432327606862061,0.05157500477408019,1.3824184852406773e-13
2025-10-21,0.024248205733507614,0.020372535814694566,0.018260482385682526,0.0031730067756996078,0.002765809973697136,0.015822330756854783,0.08074365768450073,0.1072404163641911,1.8774744432736856e-10
2025-10-22,0.02692508383638832,0.02460057454978005,0.023702346377495753,0.0051935423980616485,0.00442945494318894,0.030316303116904413,0.12826945125676814,0.1542712384796199,2.0030855099606448e-10
2025-10-23,0.03213218923983748,0.027881046963258792,0.028960906415905853,0.002294559511298311,0.0006848922272093008,0.03252828111604824,0.12164558759394235,0.0944172765875094,1.9704999611180885e-10
2025-10-24,0.017935315009271875,0.015878234340812154,0.013330199429750297,0.0026218495513344597,0.0013603085180474068,0.010239630826970998,0.08025527874935827,0.04796896035599911,1.3807531507037396e-13
2025-10-27,0.01641256067813746,0.011626403075457085,0.008496661520206478,0.0018795733138207427,0.0006068795973596969,0.003724209567485047,0.05021055889391144,0.026448308681956086,1.3804409004780638e-13
2025-10-28,0.011885573203608028,0.010548759203621702,0.007825055959611906,0.003239365448588903,0.0019411985664495438,0.0018548264542054063,0.1327170366240829,0.053963177676056906,1.3780643293159756e-13
2025-10-29,0.015707887343195143,0.011233222450871742,0.012775797249984122,0.0026437147110014367,0.0009007240659309381,0.00106717483642668,0.09791408301292726,0.04754974595484264,1.3768847173523113e-13
2025-10-30,0.018458570042372797,0.014673098586102804,0.019135686866009062,0.0029847387130776948,0.001712102985253827,0.0017453711789022059,0.06505316275499969,0.06678688653680506,1.3774051343951044e-13
2025-10-31,0.01592981123287902,0.01240305429665602,0.015125491481494219,0.003149862040025729,0.0017053027334054025,0.0018013807214202246,0.12227216587051734,0.05068947847249929,1.379001079993003e-13
2025-11-03,0.014026554034867036,0.010870874330963665,0.009829150823125186,0.001711061579504701,0.0009116396191853279,0.001350920551309365,0.06948926298521543,0.09084859187422245,1.3783418850721318e-13
2025-11-04,0.013252465379274787,0.010390754691999179,0.008385049623611116,0.0015307128624536606,0.0006954792398849766,0.0011660898643579532,0.06370735319281352,0.03179090872657418,1.3792612885143996e-13
2025-11-05,0.014030672727276993,0.008692410610935866,0.015797851951693954,0.003999921774279401,0.001966933227330694,0.0026722848140554555,0.12071295036400302,0.12306343223341616,1.379295982983919e-13
2025-11-06,0.012388120733928972,0.009506385277313605,0.009843119670791392,0.002956815270963642,0.0017346545747539334,0.0018382441817860183,0.1303446408018673,0.12194561178978573,1.3792786357491593e-13
2025-11-07,0.016317119589673915,0.009635738477504166,0.016086846688120868,0.0035064223641368963,0.0015148282198826663,0.0027060341074332476,0.18716137447493705,0.06367295830532392,1.3797643583224328e-13
2025-11-10,0.012494088159495046,0.009985579839621509,0.009447119424651136,0.001865528768817161,0.0005678889687281883,0.0007818339518178879,0.12338642281090761,0.07055062257401405,1.3801633447219075e-13
2025-11-11,0.015361582394082885,0.011449839619484311,0.009892024846914283,0.0038381629966315195,0.0026279768148105695,0.004036213100390663,0.09548230594509302,0.06492795903654869,1.381169484337974e-13
2025-11-12,0.01621761244383948,0.00932300343852789,0.006271839114102494,0.0013170457553115522,0.000957122878583951,0.0024013972493763212,0.07758187396879838,0.04716146010072903,1.3810654009294154e-13
2025-11-13,0.013675634110609717,0.007251542134887335,0.007058263473585312,0.002066797026931577,0.0011783971816591912,0.0009959124583748197,0.06972599941418384,0.03323712217760774,1.381776637554566e-13
2025-11-14,0.022288069709201302,0.021562170262238816,0.020224317068168574,0.0028303414366678548,0.0018028670022955293,0.020623260619843042,0.13729172526350414,0.2427077518909438,1.3835460555000623e-13
2025-11-17,0.022192097922947372,0.018288981970459497,0.016720021895790003,0.0018239426363473796,0.001554192117897038,0.017656364541660707,0.11948087750911637,0.20973696101675526,1.381915415432644e-13
2025-11-18,0.010478926930283298,0.0071483229567401345,0.010724567069550156,0.0029418827688036733,0.0011952664267578942,0.001504576715802984,0.09534980150558534,0.07429356235018214,1.3815684707374487e-13
2025-11-19,0.012519456076072267,0.009789115785067906,0.01377800496673257,0.00282866106499758,0.0008714244578859611,0.0036046450010977123,0.07041220774223671,0.04923502513011346,1.3827133882315934e-13
2025-11-20,0.011216859430651652,0.007096853101004552,0.007426852231891627,0.0016701784110902534,0.0006284575639680189,0.0009235079394164399,0.0837067723721441,0.03270529977717773,1.3827827771706325e-13
2025-11-21,0.013772517633954711,0.010283890955596339,0.014967822254382288,0.004080606799830265,0.0012290731629750022,0.003247237082814858,0.11781140676998034,0.09811588624421971,1.3835113610305427e-13
2025-11-24,0.009519604695595076,0.012659576364548172,0.011461067798023633,0.0035724070662333657,0.0010909715462007732,0.0012692691593416783,0.18238053685595995,0.13818250652130729,1.382366443536398e-13
2025-11-25,0.015604430756526576,0.01505066756028052,0.013382992588526354,0.0033222222881719374,0.0019065296732941358,0.007422276278326606,0.07708279541056302,0.03674953793046938,1.8881575990226107e-10
2025-11-26,0.010563662461895326,0.013612485809439592,0.009227920497568591,0.0025104196992005445,0.0008876927686475519,0.0034507522821194897,0.044734828649970984,0.03596034526960888,1.9451971457196127e-10
2025-11-28,0.014779720261007715,0.011977549625728166,0.006849915669108128,0.0014417930220143108,0.0013023575499924557,0.0012737814764230949,0.0638260929365048,0.03074809659153178,1.3814296928593706e-13
2025-12-01,0.00999144819756651,0.011127759542228118,0.0067633484043321005,0.0021650804910803984,0.0015423779158065436,0.00301963209809537,0.059201805006718136,0.041800592735249185,1.3815337762679292e-13
2025-12-02,0.01582999634848325,0.011797005670139579,0.014479558103164116,0.0020576029866982634,0.0018078699255465913,0.00127123407455582,0.06606704105218955,0.1096274660551789,1.3826439992925543e-13
2025-12-03,0.010270328457885817,0.011402666971921434,0.008687527816869257,0.0013743633576483935,0.0006224531426440122,0.0012981240580299497,0.04852236119203614,0.0923932040803247,1.3819327626674038e-13
2025-12-04,0.008824352467780081,0.010207074767500882,0.006993203414742698,0.0014266493354818319,0.0006496835081453584,0.00040749094140375464,0.04501215222084996,0.032470230231675674,1.3813603039203315e-13
2025-12-05,0.009580905290619302,0.01081039170619443,0.00784424968415183,0.001251607729791146,0.0008203696749690878,0.0009647199844065498,0.03260541884375505,0.02898199774158693,1.381030706459896e-13
2025-12-08,0.011019953221476184,0.010479871264222795,0.006831102864831526,0.0014958746236047038,0.0007446048232850244,0.0009731358736674047,0.026545392190059636,0.01867606185777444,1.38146438732889e-13
2025-12-09,0.009322303555888607,0.010007893203266033,0.010025934747559282,0.0010890756248252628,0.0008732537239131873,0.0005549628913272688,0.060286399510890785,0.048977001507504905,1.3811521371032143e-13
2025-12-10,0.00993135738182338,0.00804267015568448,0.0076692812762190156,0.000906607096965939,0.0004674591323834619,0.000423664516447241,0.038921028619969655,0.04856041374749341,1.3821235822497613e-13
2025-12-11,0.008798245851904116,0.007269450707995301,0.007340716360247017,0.001434465649478224,0.001020429899871238,0.0006330955069643522,0.05980537093395768,0.07347948534951143,1.381256220511773e-13
2025-12-12,0.011002625851158321,0.006280383200779877,0.00536760785841023,0.0021068431181724065,0.0007865220618648673,0.0006704618973377029,0.03555474000227392,0.059382209946589416,1.381689901380767e-13
2025-12-15,0.015121591792445835,0.009280528249758519,0.011468151866317897,0.002653405602840185,0.0018823486277061922,0.001680902855798473,0.08569889309453964,0.14031125425834307,1.38297359675299e-13
2025-12-16,0.010259134268382653,0.00856804820560399,0.007596032483649385,0.0015264290924627,0.0003645883763395482,0.0009955593720125896,0.050481776828610415,0.12658057940061918,1.383407277621984e-13
2025-12-17,0.013019734349343138,0.007891561988073184,0.006785176612212991,0.0020559580785771275,0.0008630072220538029,0.0011624149091678244,0.05836205504220102,0.028504524453113956,1.3831470691005876e-13
2025-12-18,0.01424881316146957,0.010311689773266824,0.012149122726461847,0.003428834637413225,0.0010574148457308313,0.0019124735281615926,0.12114071084002738,0.06812036850550832,1.3851073066284414e-13
2025-12-19,0.014026727648037468,0.00949710059200267,0.0077299254811496,0.002333999151185741,0.0011752834992011746,0.0011636405689729352,0.0899728463358112,0.07929732196727388,1.3839276946647772e-13
2025-12-22,0.011934841665888879,0.006151450975540412,0.005689503476076713,0.002730838973555791,0.0008788020184429628,0.001986338314120078,0.05891838821280983,0.032982019139928674,1.3829389022834704e-13
2025-12-23,0.009097304930638653,0.004579669451346276,0.004583771886733185,0.0025201300357979226,0.002043997578885785,0.0013963887984009748,0.06183931408311487,0.02725024328887111,1.3845521951161288e-13
2025-12-24,0.010652127374050907,0.005303299834167134,0.004720454778458952,0.002036887471640908,0.0012798575729326721,0.0009301631035063677,0.036887368486688485,0.025767929948087288,1.3855583347321954e-13
2025-12-26,0.011415756451286809,0.006744518066438676,0.004527662263806413,0.0009455403929563011,0.000982799874374174,0.0005702153008059518,0.046140704972111694,0.036629767716197234,1.3853848623845977e-13
2025-12-29,0.008497572829542598,0.007110329944706885,0.004544688079169058,0.00149560393015849,0.0008820098142792883,0.0004955545101708585,0.0317084872706538,0.03316555928007078,1.3859052794273907e-13
2025-12-30,0.01204448982792932,0.007814903118381197,0.006141288445998046,0.0035966141731464327,0.0031541866028415833,0.0011965576723389215,0.0912154087486563,0.0816128061248209,1.3833552359177048e-13
2025-12-31,0.010633797150001177,0.007351246946315717,0.005415022215853172,0.0013180642153918648,0.0005187799573263312,0.0007142753513989592,0.06482879859439147,0.06808244529845534,1.383424624856744e-13
2026-01-02,0.01109636047014176,0.007093089231176593,0.008973561713201513,0.001255422273944512,0.0015828730208112501,0.0012131300341393732,0.06562056430375345,0.1032804489654928,1.3838236112562186e-13
2026-01-05,0.012739633218869723,0.006714559998569093,0.005485433276200552,0.003006536346434774,0.000458786718063071,0.00047929695528987193,0.06880014191874796,0.11412968010883247,1.3840664725428553e-13
2026-01-06,0.014899235640501806,0.008656109070736292,0.006839749099350539,0.002976586654483755,0.0023627962804400804,0.0021733456797334754,0.08604665008148231,0.06747869852549879,1.3850726121589219e-13
2026-01-07,0.008772715945749649,0.006459914323763294,0.004773786180436613,0.002280195983093987,0.000994657814989472,0.0018910879615276048,0.05770150016646133,0.06807720266392174,1.3853501679150781e-13
2026-01-08,0.013649117564602731,0.005414206932470396,0.007453937961757163,0.002081630059464025,0.0010912204389455832,0.001085162423901013,0.06629783876059989,0.04954157431226814,1.3846389312899277e-13
2026-01-09,0.00991908141687078,0.0062585227043587405,0.0058785350770324835,0.002546024943573817,0.0011437981078161927,0.0014149261802439443,0.05950826917860327,0.04278316129973862,1.3851766955674805e-13
2026-01-12,0.012957926253340874,0.004981543466781371,0.004166716578768203,0.0014003494505932315,0.0012254366628104746,0.0012625759988592893,0.03972229227331509,0.04863609698778372,1.385055264924162e-13
2026-01-13,0.008528952105464213,0.0059010082616767125,0.004598909513949404,0.002765698169929165,0.0016711491933086883,0.0009500693801780688,0.048596349159314024,0.03439024724709396,1.3863216130616252e-13
2026-01-14,0.011476729774057936,0.0046360776613075085,0.004968789279544418,0.0015460981571716395,0.0005714001649093888,0.000709019642663425,0.03509498081824504,0.03177922179501774,1.3864256964701838e-13
2026-01-15,0.012292311089496976,0.006366490507536365,0.008304152057411732,0.002106857955409873,0.0012022701873351306,0.0013810402492140754,0.046699733107730165,0.04118680804232415,1.387310405442932e-13
2026-01-16,0.013320789356678641,0.0052436291808213445,0.004717175975403462,0.0019898744062517223,0.0008159893011008567,0.000855579479062244,0.0839498576772898,0.028633584752717222,1.386477738174463e-13
2026-01-20,0.010395450597947487,0.005879806341272198,0.006728142461247438,0.0015995503106818049,0.0010181764292246562,0.0009210169692528472,0.03494344177233916,0.02950417333041591,1.386113446244508e-13
2026-01-21,0.01568060348626559,0.010674196853787864,0.015534206138494855,0.00576607879767025,0.003288115008042674,0.0028956562480102533,0.186868232447843,0.15171539593908898,1.3896522821355006e-13
2026-01-22,0.01298780785792869,0.010443310949496052,0.009305610654650109,0.0022487221114764963,0.0020287269055672833,0.0030301480581176087,0.08730278497711297,0.19511930082700762,1.3896869766050202e-13
2026-01-23,0.013264250371161732,0.009267485876360152,0.008071264257980996,0.0022521826113473115,0.0015197855894471363,0.0017574764198997211,0.04885744611744934,0.0867013450134024,1.3907104634558465e-13
2026-01-26,0.013894669827024022,0.0075373367555678404,0.00797077634989134,0.0026912435845144883,0.0015270817055690832,0.0011683985923510438,0.06151653778940254,0.02126066153096444,1.392167631175667e-13
2026-01-27,0.013088194322058553,0.00790440984528852,0.005956820695270247,0.0015964301198782907,0.0013282421741455809,0.0008367556009399484,0.062144334463867176,0.027882262054595257,1.393069687383175e-13
2026-01-28,0.009464466546651616,0.007218165728516281,0.0066304849180414335,0.004083352754818227,0.00227371961748814,0.0016118858763894816,0.061017326519637205,0.07868143593124137,1.394717674685353e-13
2026-01-29,0.011729196247347765,0.0079803920919088,0.008530817576323967,0.004330559594899738,0.0029099102678362306,0.0010046725966133172,0.06445096292045657,0.049599064348719225,1.397701399064033e-13
2026-01-30,0.012520795048790195,0.005691392209433364,0.0064637383176602255,0.0024137127953125295,0.0007124440597081346,0.0008689809176476299,0.0731692439421544,0.046773126124363046,1.3979442603506698e-13
2026-02-02,0.2659975903566333,0.25871419986122746,0.25303556764561563,0.009204212143122371,0.007612490855416496,0.5146802132370547,0.09933090567242316,0.16948669728210136,1.88592527011755e-10
2026-02-03,0.00963530281555296,0.005753213073040389,0.010199578592510208,0.005999862659513459,0.003787585655494903,0.006055284611713554,0.09292401164286934,0.0914550636548057,2.0261223254713912e-10
2026-02-04,0.011504945940183801,0.007799484520713858,0.011072181039640229,0.006379150556042455,0.004836600331030004,0.0047064083349408915,0.17996185440367807,0.1297851811977781,1.8415292034335007e-10
2026-02-05,0.016660265684901022,0.015077504676763168,0.018703958203924304,0.002840937232066694,0.0006890975580243062,0.048341294160654906,0.1486127594284879,0.06572241732404863,1.823558404973058e-10
2026-02-06,0.01016832732264217,0.01228287920440387,0.014308185199801076,0.00495128474078315,0.0030307394305001114,0.02524510171412333,0.1575876516246163,0.10839095158795693,1.8195474293936087e-10
2026-02-09,0.013777737219815827,0.013867908112861291,0.016815496826185494,0.005143478576120533,0.0029004903306651983,0.056817562056659277,0.27597735397189194,0.1886105126089077,1.881000737113947e-10
2026-02-10,0.011111896966922372,0.007813614408523965,0.007367339513663691,0.0025022593667332477,0.0020511410140248184,0.003032698083544546,0.12264498631057288,0.0681982808869128,1.857613611544462e-10
2026-02-11,0.009104760306819105,0.007205237830696515,0.004965309856992574,0.0025375272916759103,0.0016073096876162863,0.013201372910603687,0.12387060671266106,0.05512680222119717,1.883920207335077e-10
2026-02-12,0.009937217891539915,0.008687432399461867,0.006927186151720337,0.0029150225085985415,0.0011902876323077764,0.028316337608732776,0.08819408768697437,0.034484251660992817,1.876841564107945e-10
2026-02-13,0.009222208182822118,0.012314885882390563,0.012779709917454779,0.005913284384436578,0.003899774812358542,0.03709669511741657,0.26138630085706105,0.17298521895439758,1.8819176078599398e-10
2026-02-17,0.009470308113205766,0.008147529576347248,0.0056148379674826,0.0027419052483104167,0.0018109659877930929,0.005046240037108803,0.23130255606065692,0.1805031291703983,1.849186880009679e-10
2026-02-18,0.011577845717123624,0.009577082187964745,0.0060270745002210125,0.00322787473389681,0.002399102595575459,0.02152149350934791,0.13193176914295418,0.1022053559864605,1.9416368166047526e-10
2026-02-19,0.015685628870716076,0.013959188514861137,0.013437119946068596,0.003653778465184533,0.002528133698659944,0.04638335109857914,0.14726928038531367,0.0823346927997941,1.8844035359899536e-10
2026-02-20,0.06548403208107847,0.06644228589701329,0.06610309467124822,0.001272061579782116,0.0005173537651130241,0.175210321180005,0.09765689550728188,0.04133872314779048,1.8590267519824621e-10
2026-02-23,0.06328293191837772,0.060496400724398804,0.05890163152616449,0.0028661883894881765,0.001706682775261654,0.12147782980760316,0.06658645048766872,0.0570875346443841,1.8695395405388116e-10
2026-02-24,0.09633003848769253,0.09082881689667165,0.08929787303729786,0.004016811583841179,0.00209678221618586,0.14074667241328212,0.15822864068327977,0.07248762045929334,1.396660564978447e-13
2026-02-25,0.028686002102767515,0.026093079825155702,0.024496352122669526,0.002754553628757532,0.0009794398744537585,0.029497473919898265,0.142974196895604,0.05723856994829688,1.3952554389629057e-13
2026-02-26,0.012508158827435705,0.009739642466478928,0.00788465530017479,0.0024629613046613028,0.0005592962206298038,0.0034182648861251475,0.07207765659767124,0.030948089705056175,1.394405424459677e-13
2026-02-27,0.011229211685070859,0.007764222218901377,0.008473745145110033,0.002389004043634811,0.0010140862831186316,0.001615106497729564,0.08312118205450052,0.03682098591404004,1.3951860500238666e-13
2026-03-02,0.009958150942652486,0.009113273143479747,0.009535196075459081,0.0029593703496471266,0.0018013217508827388,0.0019481041721554466,0.058169629696918815,0.016836541997904082,1.3964870926308492e-13
2026-03-03,0.014799133110985374,0.010834682382793585,0.015597580350018913,0.004658656001249088,0.002091944682057391,0.002352994566408641,0.11211445027456349,0.06444418777571893,1.3981697744025468e-13
2026-03-04,0.13001819714571003,0.12311982775114161,0.11884259064254124,0.00731550013608754,0.0031531232961665226,0.18017551008046143,0.15353299769294254,0.17390780286109497,1.6949122313980602e-10
2026-03-05,0.029416126266524824,0.02969119797130419,0.029137803627171287,0.0024759601948594195,0.001351124916837927,0.04836630204104545,0.15123761032373806,0.19248706914860084,1.726649431071925e-10
2026-03-06,0.048272552564348495,0.047880422860680304,0.046650056004795694,0.003949184616931153,0.0015989704091544793,0.08516744477362401,0.10286980780736268,0.131519988175425,1.6747603824585067e-10
2026-03-09,0.07314736772576204,0.08075601998438461,0.06864475543336042,0.005134249996715974,0.0025061994255684114,0.1199481099089067,0.13690273191649643,0.054841956262970816,1.5658665857010146e-10
2026-03-10,0.03221481889382563,0.029191803432693203,0.028713676180571322,0.002788685136108908,0.0018030713987010846,0.04333571026387562,0.13066657603004292,0.11760259405433715,1.6165220724506657e-10
2026-03-11,0.037160746831900016,0.038232114500013556,0.03298440394837252,0.0026486049214453702,0.0019193925553748312,0.04300534517353802,0.09450831682333247,0.07640901021017814,1.3998177617047247e-13
2026-03-12,0.017112283161716996,0.02402077258725866,0.018346361878347588,0.002417457994748601,0.002015606115465497,0.009279587014039695,0.06885919070304276,0.04616820098906192,1.4005810400341545e-13
2026-03-13,0.022753020134520296,0.019285120453148608,0.019206694856046057,0.005184791088146727,0.0024258899938562487,0.016305723375519783,0.17076595781048837,0.10854512600945869,1.552621729100645e-10
2026-03-16,0.01857516419775959,0.01591367382076428,0.015404129563404692,0.001491762730674577,0.0013936414958542766,0.012253142099694192,0.12315535934726626,0.1111422354535283,1.4003034842779982e-13
2026-03-17,0.011192469006474411,0.02088925100809719,0.010745266377725281,0.0033341619117560894,0.0016334698791597407,0.003741498642681155,0.12038141018933449,0.12567533251944812,1.642511786303924e-10
2026-03-18,0.009943134903922549,0.012634068235224418,0.010718564874670296,0.0013252744485604193,0.0012060259901150966,0.004078005285194201,0.1286436802864507,0.06870384398973273,1.6593390550490028e-10
2026-03-19,0.05993339291831119,0.048215014707169615,0.05344015386400266,0.004338721089415472,0.002869705988437162,0.07394794220798676,0.15977495419253157,0.16987587829595907,1.644706766612547e-10
2026-03-20,0.031064645242271243,0.027788300975118536,0.02854083090869968,0.004050374563446785,0.0032297006896165248,0.03808880622243564,0.1070403855939798,0.11378873156337883,1.7303066965346225e-10
2026-03-23,0.2303607854878301,0.22599780017759336,0.22074826223750565,0.004553249502400394,0.004092976864530661,0.5101573236087583,0.12281251768521266,0.20878715367173478,1.67784459936815e-10
2026-03-24,0.009644584094528997,0.00840131970366284,0.008014939317073973,0.006356499875447591,0.003169696762827751,0.004084088306020124,0.15528163283697605,0.2622057144773739,1.834775491260654e-10
2026-03-25,0.009915573914420406,0.007596551021790519,0.0077118943430472126,0.00250947056832565,0.0011672196888977953,0.006294982964756538,0.1502438996463942,0.14181025348235277,1.7997255769008902e-10
2026-03-26,0.00775541413810821,0.007965385633035662,0.008804505106165036,0.0032552960889910554,0.0025218504853365157,0.006975175288947979,0.09624501566561112,0.14943867799216448,1.7701618469645464e-10
2026-03-27,0.0108657268431382,0.008728194352494268,0.010806811775022435,0.005453531607784251,0.0036005386781828358,0.0038153127423201675,0.18325523967073606,0.2814954530882498,1.760101734499253e-10
2026-03-30,0.011166890868360707,0.008516822303307556,0.006987701206580832,0.005469356640156291,0.003179829426598519,0.005756160747390843,0.1183506607013031,0.1728691396305016,1.6168453208231792e-10
2026-03-31,0.008509137754156687,0.009255551528108936,0.008430860072075481,0.003033710529481863,0.0019685353969155755,0.008225557931100157,0.14161901292379536,0.11338885036907168,1.5725633815966145e-10
2026-04-01,0.008528849593103835,0.007746826295732918,0.00881250860636994,0.007523561598734102,0.003867250408462966,0.014034828718662126,0.331794351173626,0.17785405419101,1.6518545385701966e-10
2026-04-02,0.008203687800124591,0.006065142394533358,0.005968370664454893,0.0029313609195815438,0.0015555949778059712,0.0013005280242316163,0.11794106162759832,0.1495063033607423,1.6640913300114413e-10
2026-04-06,0.00947518294076834,0.005432205604105242,0.005745366543982218,0.0036946983750303156,0.0018901064914213527,0.0017992195498137882,0.12584781039974127,0.07693353272011998,1.692473990816401e-10
2026-04-07,0.005737534386064431,0.005654155102274821,0.005040680615282153,0.0017043774730138364,0.0007638872067687128,0.002596265015753124,0.11283782080395692,0.08108038790669381,1.732116620273283e-10
2026-04-08,0.007632550220953635,0.013267025276471278,0.004797093796443568,0.0010557345824906694,0.0007794099031818401,0.006941350162722014,0.07852822683476986,0.026541356938956106,1.716894317688178e-10
2026-04-09,0.00963506060423798,0.011106482315326873,0.010983063609033792,0.008320450292681629,0.0020543776757836114,0.013557835131566064,0.2794492130155851,0.1533503439848598,1.9027511857783175e-10
2026-04-10,0.009426541359239534,0.007184460748666242,0.007400123557261318,0.0018770428430878242,0.0009059801263225541,0.005391146682940822,0.156637570651202,0.1370405272341862,1.903579759099383e-10
2026-04-13,0.008814828085020416,0.008290109108581436,0.008271686624472833,0.0012555056152685137,0.0007487711924694514,0.007565690897540027,0.12944986015306803,0.046663011254805896,1.9285800387236485e-10
2026-04-14,0.00794392107160948,0.00739551249842966,0.005673936953942668,0.0022098691934131706,0.0013334342399060131,0.0014190048442901792,0.0943057036349688,0.08057449436869368,1.9753246954801185e-10
2026-04-15,0.00983460884014842,0.007104081730048506,0.00580948816095889,0.003153509402609153,0.002013451049731301,0.007892443662307944,0.09065977874604139,0.05351474544695826,1.9982350843439356e-10
2026-04-16,0.008292729695110817,0.00877419428293607,0.007597287212611131,0.0020561826367778355,0.0011642866648543199,0.03390588300977247,0.09588076757480264,0.12268600111556363,2.0497574818034714e-10
2026-04-17,0.03128522371729281,0.03274912843460043,0.030934999905754757,0.0020020840776044935,0.0010246787194017355,0.1043022195853294,0.06307890020019331,0.0294442294330378,2.086000903261942e-10
2026-04-20,0.009308842200829576,0.011290904811997793,0.008290632878985935,0.003959799854203527,0.0024893719826153664,0.011584668174000256,0.12342966219534739,0.14983418621898617,2.15732286201753e-10
2026-04-21,0.11023900366745454,0.10002197163501254,0.1044948769473701,0.002019659236124703,0.0007851290916285455,0.2264120491213561,0.10759064566363033,0.15877667550360638,1.3917512975414326e-13
2026-04-22,0.07195515302830247,0.06088536732984049,0.06629827463641014,0.004282235375173776,0.0024134101196519727,0.14152545120312826,0.10867693575095524,0.15675737384640914,2.15454385235625e-10
2026-04-23,0.022002566087569612,0.02201218710772415,0.02066792220758053,0.0030677703622273497,0.00151173730910959,0.04372325345472146,0.09586093198764925,0.1837414123430196,2.158437421850845e-10
2026-04-24,0.07539173787037896,0.0701292246971992,0.07006596352471306,0.002565402959242541,0.0011352006939637656,0.133478434726674,0.06666104181290196,0.09286987869975583,2.1551575281331115e-10
2026-04-27,0.053327035640236185,0.05000167084518936,0.048103631889984684,0.0026954804907552837,0.0008436619823832777,0.07804058837387451,0.09010927846914066,0.09197657876982931,2.2029722837602073e-10
2026-04-28,0.03965980117989924,0.03552110480099538,0.034441314952375644,0.001586841181356602,0.0011450023850290876,0.043640618426172936,0.058811383090493954,0.0632100066103048,1.3911788387943602e-13
2026-04-29,0.015989669099701044,0.011167625622533347,0.011721354920842638,0.0031853275102343773,0.0015022754427290517,0.00712593724581072,0.08546472551114097,0.06470097159563695,1.3903982132301707e-13
2026-04-30,0.01284311036242822,0.009223477020767158,0.010981578847998967,0.003187870273879463,0.002083119336507751,0.0031725686120522055,0.1056264939821818,0.07180184093919414,1.390901283038204e-13
2026-05-01,0.018051634306283294,0.012960754774137651,0.013413251711706611,0.0037733737320196914,0.0013613476642170132,0.008387674322068661,0.10924923236918205,0.11759633444264109,1.390745157925366e-13
2026-05-04,0.014923475007732126,0.011111163774454393,0.009058858391551676,0.001602937983242167,0.000720580265638334,0.007668617580403818,0.0789445656281971,0.07570629949286087,1.3899124906568971e-13
2026-05-05,0.011876784018036107,0.009288501849788076,0.010380910990758538,0.002591352389876858,0.002068756757509377,0.001268132010461469,0.10086579849319306,0.0867842544247462,1.3900165740654558e-13
2026-05-06,0.015358704953617377,0.009074379072166064,0.00670461995431197,0.0028451534946487764,0.001340610370045121,0.0022781118341006386,0.06746946063447837,0.11941898721799635,1.3893573791445846e-13
2026-05-07,0.03163483051890099,0.027087695290668224,0.02639885538950737,0.005787792507311908,0.003159583331385627,0.02795876141363734,0.17317877872011217,0.14251693281195363,2.490312921155091e-10
2026-05-08,0.013708443505445178,0.01055893961582812,0.011125199701690187,0.0025768530417911856,0.0010428079771594239,0.002469684345021783,0.16688694945154522,0.1895635118655304,2.419327620184486e-10
2026-05-11,0.012022467295585816,0.010687385136821126,0.007272800915185158,0.0025825507851250165,0.0012140564757482679,0.003984923821549243,0.11247339055817354,0.1383632154031606,2.4818117005942497e-10
2026-05-12,0.030556306773604845,0.02427964300422252,0.02236893314779197,0.002319724987354492,0.0013164777052087659,0.027219009548683414,0.09176047649964854,0.07298083959851409,2.479959709811297e-10
2026-05-13,0.015082452737246987,0.013427275357412777,0.010292327935216436,0.0032154624661116654,0.0014567203042506755,0.003969931445877792,0.08333027678023562,0.0903406719390953,2.409060260305518e-10
2026-05-14,0.01656963044379127,0.01116751962654608,0.0077530218834479915,0.003126763023660113,0.0009182042693421566,0.004244632005406916,0.10344589534295978,0.08753353380340718,1.38895839274511e-13
2026-05-15,0.010246815961780153,0.006560419611109836,0.005461828349990803,0.0021368227871568224,0.0008252958971168756,0.0015302286884674747,0.05988600259237322,0.02345126992407918,1.3888890038060708e-13
2026-05-18,0.20675789350732615,0.187042379276326,0.18811187488749384,0.0035653503477405465,0.003029538861528138,0.33064168332619653,0.12323459784003202,0.17139395590635448,2.459625784295705e-10
2026-05-19,0.047790831042753265,0.04052767656001495,0.04516442649607493,0.002065235709540099,0.0004912240896667008,0.09925147011200897,0.11411949683146791,0.1621536328119913,2.464968767296183e-10
2026-05-20,0.020294937138571174,0.01651005678458572,0.01604747759125037,0.0022074949843305866,0.0018498587577552735,0.025383775167425727,0.051791813007150446,0.0892622910319231,2.477371086051505e-10
2026-05-21,0.09830414510161835,0.09290404708077296,0.09462591580819343,0.0035578223148372834,0.0028037107924032845,0.2137693029604723,0.1529001581415383,0.17318660132408437,2.5538599533747597e-10
2026-05-22,0.03730103409291358,0.032650310606713605,0.03478650278569125,0.0014521416031543152,0.0005616569822842641,0.09259721408220423,0.12054445780923442,0.16367191762545033,2.5947975539064583e-10
2026-05-26,0.09166843523133997,0.0881264661456441,0.0848007336945013,0.0017502136762333198,0.000894345930045186,0.17514403605894868,0.07100526436239332,0.06490013595082103,2.6288253865414113e-10
2026-05-27,0.010396816357550345,0.007432230755212671,0.007945247528785917,0.004423394396563134,0.0014688247590868924,0.0022540427940124933,0.17829700201376628,0.10134736375691566,2.7692173380777785e-10
2026-05-28,0.06438759378319987,0.06161910347394173,0.06070103306713446,0.0021507814200315764,0.001522849123512335,0.09560925119751609,0.08365509997714062,0.0967165292963091,2.809523117625057e-10
2026-05-29,0.03628073333783074,0.034114959577308056,0.03328352320983027,0.0015709053120812333,0.0012779124437388156,0.042469667210770404,0.09887360906208564,0.06249520182116598,1.3840317780733358e-13
2026-06-01,0.018578288365610884,0.016511332117849872,0.014505954882307392,0.0018358246142776077,0.0008055495979241232,0.011505550421886147,0.053309701690587685,0.032539739040579344,1.3841185142471346e-13
2026-06-02,0.01575944515953337,0.011039760460129595,0.011274812481685517,0.0037944942883517616,0.0011628095040416826,0.001888328295910385,0.06260632379424433,0.03474131250341687,1.3841532087166541e-13
2026-06-03,0.013246770260577467,0.009907741087352075,0.006039281491340753,0.0013310701552962934,0.00045485219674150053,0.0005338139303597505,0.060983598024283506,0.049564743276365696,1.3843613755337714e-13
2026-06-04,0.011993014216636424,0.00994109897853816,0.009201168916081196,0.002166854398518457,0.0012167198034002441,0.0006974800298059042,0.06871399418549744,0.09669891163887423,1.3841185142471346e-13
2026-06-05,0.013717616895593514,0.00759231437292125,0.00898109701260556,0.003356065344205697,0.0010170436010466023,0.001124917333758954,0.0973173379034233,0.08105851007004737,1.3837368750824197e-13
2026-06-08,0.2679264322837757,0.2546066743740547,0.2544671020511645,0.00854623596943533,0.0040401280692605075,0.5511804828839955,0.17079543475790585,0.27861829324051246,2.6794984980815784e-10
2026-06-09,0.007170394154837353,0.014056704699237968,0.005821228916110426,0.0032478004233172583,0.0009372695461995633,0.002605277275847173,0.1546722845603659,0.29375007760390814,2.718942623131104e-10
2026-06-10,0.008201712146078713,0.008922430224155654,0.009114806623048387,0.0035885119433476734,0.0018856499380476596,0.005223325445994126,0.1115056417349218,0.053444723454475096,2.800975406475059e-10
2026-06-11,0.01164790829927016,0.008538245510731296,0.012335526277846384,0.004788089198948534,0.0031802033689006673,0.0062729477372443386,0.17857372108025818,0.10448149419784891,2.833033356519632e-10
2026-06-12,0.009504006250990394,0.010686707963080402,0.010008910653204707,0.006759826507863734,0.003646627541877334,0.0028503792431967263,0.26205687099494435,0.24012084705263564,2.9274896048980814e-10
2026-06-15,0.008830606834386294,0.008993892203909643,0.006510575707060604,0.002173639708624303,0.0007305502634771052,0.001734736255172632,0.11704129475515954,0.13177913189923107,3.0006255466452636e-10
2026-06-16,0.00883663353351776,0.0098473688161009,0.007322879491896259,0.005996928525922665,0.0025283691968467645,0.0028538848894457177,0.18754874652965,0.08324780991887845,3.0575392911957877e-10
2026-06-17,0.010465214057779127,0.0083514642091957,0.009064658756295405,0.0035463223232376564,0.0010582115907793272,0.0030767238107693522,0.25279427990613057,0.10564578825091375,2.974943381917061e-10
2026-06-18,0.009403164328080645,0.008907182585101222,0.011976397760722856,0.003061853918100696,0.0021218021268551513,0.00202306313971631,0.12545260430339097,0.07982000500784968,2.9686381131099893e-10
2026-06-22,0.008870546484009926,0.00956392908997274,0.009167073326481565,0.004455998185160515,0.0014047919307935244,0.0015859440806074178,0.16405552615731986,0.16554275238565985,3.116495776722683e-10
2026-06-23,0.009519249026498101,0.009232598243859805,0.007507010935817781,0.0024826493994873702,0.0013177788081853324,0.0054905196818928435,0.08713789445455537,0.0700847273654334,3.2112005068918315e-10
2026-06-24,0.012491327907548524,0.008869607850559257,0.011857371099892917,0.006909724476782245,0.00240582008224491,0.0062575981963946346,0.16233205841579762,0.16317203893702042,3.0755099335311176e-10
2026-06-25,0.010337951164641288,0.007962075315345648,0.007914630866133096,0.004291747986730217,0.0031086634589649427,0.006107087935923333,0.12347542153700275,0.107432247942443,3.1673077181826326e-10
2026-06-26,0.009573989455349766,0.008254919460936394,0.005652193314300452,0.002398236216185609,0.0013698292626133073,0.001265186020753812,0.11523567240566716,0.09843694553814966,3.180473089753333e-10
2026-06-29,0.009867484383914828,0.008123666642654324,0.008995838992773083,0.0036123552159071162,0.001041612201586259,0.012124660333555717,0.09209920859869611,0.06751764518819252,3.130155457747863e-10
2026-06-30,0.011875126467394779,0.010513635978898848,0.007428623324149633,0.0034380897293888393,0.0011223483777782818,0.022302118903029453,0.1615647761716945,0.04823160348555906,3.2240990086029875e-10
2026-07-01,0.022318262815838843,0.024130064603489692,0.02616663682224605,0.0038901812613883896,0.0017895369244274259,0.07686188361342638,0.1402000004315474,0.062467964771070375,3.292396910659079e-10
2026-07-02,0.02037690683892625,0.020494253305725955,0.020608577221943255,0.0032547227041091267,0.0013275625325589859,0.04780777467542899,0.18179010529610817,0.06917803790067938,3.1989100257590053e-10
2026-07-06,0.10457183244550661,0.10183084666565682,0.09943518778954316,0.003698031828622085,0.001436623572629312,0.21612635354359483,0.1031526934804079,0.06339650182829434,3.1075068386565707e-10
2026-07-07,0.03120597502169869,0.030602135952961095,0.028310167606354814,0.0037245401564803757,0.0015612402508957011,0.04976801625542749,0.1458009834246001,0.06833337654538289,3.1488804445867213e-10
2026-07-08,0.012425104870099585,0.013725536256898676,0.014458245492994426,0.004069128564214444,0.002367352271753136,0.004885550240953704,0.13598624540270574,0.1592791660499035,3.1172790043720866e-10
2026-07-09,0.06598331156894603,0.05944593340155584,0.060656338150881006,0.002851638014931497,0.0011012766902068869,0.08889024069933565,0.120910254159207,0.10017640763178873,1.3782031071940537e-13
2026-07-10,0.020125172390648916,0.02027439040307406,0.018239979168345674,0.00254270928876478,0.0011561782332659067,0.020363416947867505,0.10495056666301102,0.08266527173736642,1.377509217803663e-13
2026-07-13,0.013525842106844344,0.013571596074423844,0.010555801143281602,0.001218328849493036,0.00047301292778538723,0.007435114381024595,0.059155191381322025,0.036282778566484,1.3771969675779872e-13
2026-07-14,0.014609027025068375,0.019369797789421123,0.010282008002559287,0.005278177761478292,0.002723136539785747,0.0035998512146258243,0.13992879320290455,0.14413682106125472,1.3767806339437527e-13
2026-07-15,0.011650474244361362,0.01765042790884864,0.005833173385146426,0.0024819088391070943,0.0013419311706614145,0.0017068058647656357,0.10971311452612323,0.1527084659242665,1.377214314812747e-13
2026-07-16,0.012477110093281354,0.007946133269245703,0.005727389253993194,0.0010243885124363583,0.0006551504262307003,0.0020601550045843955,0.0705278456346019,0.03426466820623446,1.377353092690825e-13
2026-07-17,0.015557407453754613,0.00917513990900435,0.00918062155168345,0.0042868306088497815,0.0019447878692315616,0.0016234332003544761,0.14405534872598116,0.10996648933868647,1.3764336892485574e-13
2026-07-20,0.01307936708867034,0.010909606499944787,0.010983221462479868,0.003481847713899623,0.0014850411110123609,0.0025504022223673487,0.10637382322353614,0.05834824818909813,1.3784633157154502e-13
2026-07-21,0.013396555168296404,0.008907883392825252,0.0061548421014758995,0.0016959067265594763,0.0011439312248427756,0.0012236081192790846,0.10046186967751711,0.04586293339251241,1.3784633157154502e-13
2026-07-22,0.015009200483271982,0.011208348608843198,0.008599220552808162,0.004523151373856477,0.002286605743603417,0.004106871208160269,0.10488946214816233,0.08279263986802868,1.3794000663924777e-13
2026-07-23,0.013671075503307728,0.008964625022937928,0.007454099283072812,0.0021585831714102457,0.0011566422689084995,0.0031848267519560434,0.11255414440332827,0.06636776566391542,1.3806664145299408e-13
2026-07-24,0.013080390322684413,0.01923825528820049,0.012810302275306707,0.0032207731329778264,0.0020484056570161096,0.0020881504222102906,0.11910160541914303,0.11533843267738422,1.3809786647556166e-13
2026-07-27,0.014805039758635308,0.020137314195427778,0.00926758118478433,0.0031390112616989374,0.0005447535671107115,0.0018410211773948544,0.11388607016424852,0.10710127064035979,1.380649067295181e-13
2026-07-28,0.014481260237995914,0.006918314774311124,0.0089412735636759,0.0033500339778044994,0.001591882072919332,0.0021100165077931987,0.15764808647290282,0.04158147734446781,1.3794868025662765e-13
2026-07-29,0.015108099199814684,0.007455593751049379,0.0102228950646848,0.0038169425744908544,0.0017114742563552076,0.0015222247387267124,0.09425248879232795,0.040533560572876826,1.378775565941126e-13
2026-07-30,0.01406908577350624,0.017315132968829194,0.012855841854449759,0.0048329392476212235,0.0027757503822522407,0.003058001876999189,0.09755725993137346,0.11330394209708547,1.3808398868775384e-13
2026-07-31,0.022756394112911204,0.02923652884112059,0.018385837577563967,0.006573629530485757,0.0019694931118609312,0.017219617452443103,0.1733831983498538,0.16826135212131108,3.018673973981256e-10
2026-08-03,0.022313754613589854,0.015962534501455843,0.015554952133090483,0.002739515974810605,0.0015831684214128595,0.013526375348617841,0.11709226579239033,0.10108623274436304,1.3794694553315168e-13
2026-08-04,0.013264601425213202,0.010885506656152146,0.010272777087333982,0.0030292715193337913,0.0012765804245692793,0.003106605329716865,0.09808841208261516,0.06096872666062499,1.3782031071940537e-13
