,SPY,QQQ,IWM,EFA,EEM,IEF,TLT,LQD,HYG,GLD,DBC,VNQ,Cash
2019-01-02,0.043572332710027695,0.04437107965350151,0.04268299639225006,0.04281857013702393,0.04399705231189728,0.04752216562628746,0.04732369184494019,0.04623388722538948,0.04366687536239624,0.047003400325775144,0.04436776414513588,0.04388105347752571,0.4625591039657593
2019-01-03,0.04233333766460419,0.04391429051756859,0.0407619908452034,0.04079691469669342,0.04304752722382545,0.05010912269353866,0.04961913973093033,0.04768025130033493,0.04222967773675919,0.04888563826680183,0.04356304705142975,0.04445415362715721,0.4626049041748047
2019-01-04,0.042251020669937134,0.0438888281583786,0.03956422284245491,0.03868934623897076,0.04234640896320343,0.05173750445246696,0.05190648585557937,0.04862196370959282,0.040067602694034574,0.05086588561534881,0.04235064834356308,0.0445482961833477,0.4631618022918701
2019-01-07,0.042196952551603314,0.04452034682035446,0.03878562785685062,0.0373729694634676,0.04160019010305405,0.054040754213929176,0.05343129262328148,0.0500565193593502,0.03853142634034157,0.05241325721144676,0.04142070412635803,0.04364738762378693,0.4619825541973114
2019-01-08,0.04146439582109451,0.044347405433654785,0.037617534026503564,0.03583480790257454,0.04008461609482765,0.056066573783755305,0.0551392812281847,0.05192543379962444,0.03736042566597462,0.05466398075222969,0.041083262860774995,0.042617153376340866,0.46179515719413755
2019-01-09,0.040813174471259116,0.04415015913546085,0.036659113317728045,0.03489623479545116,0.039035698771476744,0.05700035654008388,0.05613226741552353,0.053793730586767195,0.03654724135994911,0.05626041106879711,0.04106059521436691,0.041852258145809174,0.46179875135421755
2019-01-10,0.04008428156375885,0.04395155124366283,0.035791028290987015,0.03442294560372829,0.038553182035684586,0.05737335160374642,0.05658584237098694,0.05534737072885036,0.03610750436782837,0.05815877579152584,0.041183841228485105,0.040520095825195314,0.4619202375411987
2019-01-11,0.03995648324489594,0.044104556739330295,0.03538133669644594,0.034217970445752144,0.03825635313987732,0.05749524123966694,0.056654854118824004,0.05699802748858929,0.03622640483081341,0.05958290733397007,0.041015511751174925,0.040235236287117004,0.4598751187324524
2019-01-14,0.04016130566596985,0.044473325833678246,0.03540707267820835,0.03425138369202614,0.03827953301370144,0.05897091515362263,0.058090731129050256,0.05929883010685444,0.036828136816620824,0.06218641437590122,0.04146084114909172,0.04038441218435764,0.4502071142196655
2019-01-15,0.03992978967726231,0.0448116235435009,0.035207940451800826,0.0339640699326992,0.03818625062704086,0.06017497852444649,0.058793139085173605,0.06072048358619213,0.037133073434233665,0.0642072957009077,0.04146465063095093,0.04007839560508728,0.4453283429145813
2019-01-16,0.04110046736896038,0.0467814464122057,0.03624538201838732,0.034786362946033475,0.03950506001710892,0.06285074315965175,0.06081471368670464,0.06372242085635663,0.03820965513586998,0.06771393083035945,0.04296035990118981,0.04109143987298012,0.42421805262565615
2019-01-17,0.04652439020574093,0.052932281792163846,0.04130416661500931,0.039264971017837526,0.045432937890291215,0.07227614782750606,0.06924995854496956,0.07349570877850056,0.04334901943802834,0.07876360826194287,0.04905298426747322,0.046867537498474124,0.34148627519607544
2019-01-18,0.05353323295712471,0.06117457151412964,0.04786193650215864,0.044874190166592595,0.052586523443460466,0.08342743404209614,0.07917591370642185,0.08522149883210658,0.04972127974033356,0.0915678933262825,0.05668148398399353,0.05388493239879608,0.2402891367673874
2019-01-22,0.056205350533127786,0.06424896605312824,0.050226723030209544,0.04682790413498879,0.055292820930480956,0.08656362742185593,0.08108695857226848,0.08947437293827534,0.0519526407122612,0.09655593112111091,0.05984895750880241,0.05606555566191673,0.20565021336078643
2019-01-23,0.05684129185974598,0.0652314517647028,0.050093757547438146,0.04727974459528923,0.055547028034925464,0.08513610772788524,0.07989004291594029,0.08839214853942394,0.053389397263526914,0.0967628825455904,0.05954147279262543,0.05504463165998459,0.20685003697872162
2019-01-24,0.05805256962776184,0.06719002798199654,0.05014281421899795,0.048343300446867944,0.05704536885023117,0.08400157056748866,0.07887030728161334,0.088874801248312,0.055017761141061786,0.09703219085931777,0.06014498621225357,0.05469539612531662,0.2005888819694519
2019-01-25,0.05850954279303551,0.06820056699216366,0.05029644146561622,0.04867012649774551,0.057913053780794144,0.08225518129765988,0.0775781337171793,0.08924201726913453,0.055772648006677625,0.0963263250887394,0.06079593971371651,0.0547196127474308,0.1997204065322876
2019-01-28,0.05901666544377804,0.06845839507877827,0.0504624642431736,0.04894360937178135,0.05827973410487175,0.0807395827025175,0.07596603892743588,0.09010639265179635,0.05607926324009895,0.09492195248603821,0.06154304146766663,0.05519247204065323,0.2002904236316681
2019-01-29,0.05928266420960426,0.06937846131622791,0.0503199502825737,0.04873029999434948,0.058359024673700334,0.07994399927556514,0.07513848654925823,0.0911203533411026,0.056227593868970874,0.09343448877334595,0.06184284165501595,0.05634414777159691,0.19987769424915314
2019-01-30,0.059268491342663765,0.06973089575767517,0.05012917071580887,0.048781619593501094,0.05886090397834778,0.0787893369793892,0.07430032156407833,0.09208972603082657,0.05618301704525948,0.09220951534807682,0.06301945298910142,0.05749504119157791,0.19914255142211915
2019-01-31,0.05883286409080028,0.06985500641167164,0.04998270142823458,0.04859295766800642,0.0588352270424366,0.07733585871756077,0.07279884368181229,0.09226449429988862,0.05523781031370163,0.09116941429674626,0.06384774148464203,0.05813712477684021,0.2031099319458008
2019-02-01,0.059258350357413295,0.07012766525149346,0.050467859394848345,0.04873617477715016,0.059324851632118224,0.07643363922834397,0.07241397574543953,0.09149599522352218,0.05546459779143333,0.09132193103432655,0.06484973803162575,0.059797687083482744,0.20030751824378967
2019-02-04,0.060052315890789035,0.0697705402970314,0.050887915678322314,0.04886954072862863,0.059336519241333006,0.07613951936364174,0.07088382542133331,0.09130699262022972,0.05588077306747437,0.09032097682356835,0.06613297611474991,0.06084839627146721,0.1995697259902954
2019-02-05,0.06120005957782269,0.07009797096252442,0.05155547391623259,0.04891615770757198,0.05941390693187713,0.07526700124144554,0.06924360245466232,0.09110051430761815,0.056141001731157304,0.08901174142956733,0.06660823002457619,0.062179550528526306,0.1992648035287857
2019-02-06,0.062432130053639415,0.07031092457473279,0.0515907421708107,0.04909153413027525,0.05978998616337776,0.07459415420889855,0.06822740286588669,0.09045021757483482,0.05637427195906639,0.08814365863800049,0.06655684933066368,0.06322551593184471,0.1992126375436783
2019-02-07,0.06369649469852448,0.07028774730861187,0.051996571384370326,0.049050033651292325,0.05956281796097755,0.07417508065700532,0.06731840521097184,0.09011543504893779,0.05657629817724228,0.0871204249560833,0.06676137670874596,0.06391897574067115,0.19942033886909485
2019-02-08,0.06486905962228776,0.07127204425632953,0.05187257025390864,0.04947990532964468,0.05931529924273491,0.07361726090312004,0.06672150418162345,0.08900102600455284,0.0567124605178833,0.0859723623842001,0.06600186675786972,0.06532452777028083,0.19984012544155122
2019-02-11,0.0659046545624733,0.07241394892334937,0.051936689857393505,0.04968849644064903,0.05883232057094574,0.07350286990404128,0.06656011864542961,0.08878880590200425,0.05636141821742058,0.0851460736244917,0.06552966460585594,0.06610969454050064,0.19922522008419036
2019-02-12,0.06645311117172241,0.07231854423880577,0.052813629433512685,0.04970741961151361,0.058272316306829455,0.07361609935760498,0.06640508845448494,0.08911942914128304,0.05601328685879707,0.0842052910476923,0.0645552359521389,0.06734285429120064,0.19917772710323334
2019-02-13,0.06687543094158173,0.07238401919603348,0.053638396132737395,0.049799836426973346,0.05792891681194305,0.07360860109329223,0.06626981236040592,0.08963665217161179,0.055559396743774414,0.08348018527030945,0.06432668045163155,0.06738589555025101,0.1991061806678772
2019-02-14,0.06764574572443963,0.07189259827136993,0.05441747242584825,0.04956241995096207,0.05692179799079895,0.07374579235911369,0.06621068306267261,0.09032691419124603,0.05515064299106598,0.08239731341600418,0.06427387818694115,0.06855533197522164,0.19889938831329346
2019-02-15,0.06838367432355881,0.07141416184604168,0.0550206633284688,0.04937619278207421,0.056329605728387834,0.07355214133858681,0.06648033298552036,0.09078361727297306,0.05482221618294716,0.08173428736627102,0.06411632746458054,0.06924120411276817,0.19874559938907624
2019-02-19,0.06954159438610077,0.07083445452153683,0.05596956722438336,0.04949837401509285,0.055313277244567874,0.07332510352134705,0.0664677493274212,0.09098639264702797,0.05456789284944534,0.08103903084993362,0.06362629681825638,0.06987329348921775,0.1989569365978241
2019-02-20,0.07061047479510307,0.07035832814872264,0.056343276891857384,0.049414286576211455,0.05493001416325569,0.0738670915365219,0.06685424521565438,0.09131383262574673,0.054299762845039366,0.07986893765628338,0.06331251040101052,0.07000385448336602,0.1988233894109726
2019-02-21,0.07189174219965935,0.06971349306404591,0.057093065697699785,0.0495327933691442,0.05472147837281227,0.07426707968115806,0.06685799323022365,0.09104353822767734,0.05415048971772194,0.07851067148149013,0.06353679075837135,0.06985763609409332,0.19882323443889618
2019-02-22,0.07328961417078972,0.0689532296732068,0.05745729925110936,0.0493590883910656,0.053870762884616855,0.07439585700631142,0.06675510630011558,0.09071501418948173,0.053952529281377795,0.07814476452767849,0.06387749314308167,0.07017136961221696,0.1990578830242157
2019-02-25,0.07477785870432854,0.06852358058094979,0.058011955209076406,0.049192984122782946,0.05349530503153801,0.07420266419649124,0.06693650521337986,0.08924235478043556,0.05366445705294609,0.07846896983683109,0.06414796710014344,0.07038996368646622,0.19894544780254364
2019-02-26,0.07606764286756515,0.0685968704521656,0.05859174849465489,0.04910436728969216,0.05345538333058357,0.0743137925863266,0.0667226105928421,0.08795387521386147,0.053629420697689056,0.07820241190493107,0.06446051746606826,0.07002374976873398,0.19887762367725373
2019-02-27,0.0771206945180893,0.06863520387560129,0.05831860061734915,0.0491594404913485,0.0530730277299881,0.07453223243355751,0.06688634343445302,0.08689752817153931,0.05375222489237785,0.07769986689090728,0.0655852772295475,0.06944050267338753,0.19889902472496032
2019-02-28,0.0787692278623581,0.06892419792711735,0.058820254448801276,0.04881464410573244,0.05253681391477585,0.0744491159915924,0.06682464517652989,0.08608438372612,0.0540381483733654,0.07669076174497605,0.06634383946657181,0.0685573436319828,0.19914660453796387
2019-03-01,0.08033529594540596,0.06925435718148946,0.059078995138406754,0.04857312068343163,0.05218527093529701,0.07437791153788567,0.06682994291186332,0.08512104600667954,0.054355347901582717,0.07578785941004754,0.06647731065750122,0.06826323121786118,0.19936031699180604
2019-03-04,0.08257515206933022,0.07021910585463047,0.060166843514889476,0.048339244071394206,0.05181937366724014,0.07372819185256958,0.0661232465878129,0.08355653434991836,0.05490236133337021,0.07579504735767842,0.06616605073213577,0.06702881529927254,0.19958002865314484
2019-03-05,0.08407269045710564,0.07082087267190218,0.059814063971862196,0.047873673401772975,0.05137835368514061,0.07345897406339645,0.06598601825535297,0.08230340927839279,0.05538652837276459,0.075911395996809,0.06676208674907684,0.06678099036216736,0.19945096373558044
2019-03-06,0.08517351001501083,0.07137960474938154,0.059411611687391994,0.04768013898283243,0.051404121518135074,0.07334756180644035,0.0655893113464117,0.08126141801476479,0.05577052421867847,0.07546579465270042,0.06745215579867363,0.06668277755379677,0.19938148260116578
2019-03-07,0.08586615025997162,0.07149744965136051,0.05983899338170886,0.04738438418135047,0.05107273980975151,0.07384084016084672,0.06559346616268158,0.0806582398712635,0.05605150088667869,0.07441213876008987,0.0675660140812397,0.06638408824801445,0.199834007024765
2019-03-08,0.08566885516047477,0.07220495827496051,0.059505584696307776,0.04782859468832612,0.05157508254051209,0.07456027045845985,0.06570318639278412,0.08009479939937592,0.05590736046433449,0.07314041294157506,0.06751104146242141,0.06602409407496453,0.20027574598789216
2019-03-11,0.08487464934587478,0.07244030535221099,0.059027145290747284,0.04827720089815557,0.05219187214970589,0.07573889642953872,0.06577644683420658,0.08043070808053017,0.055594203621149064,0.07197733446955681,0.06791219040751457,0.06587470322847366,0.19988435208797456
2019-03-12,0.08371452763676643,0.07315264716744423,0.05892746113240719,0.0486831228248775,0.05288300365209579,0.07660980969667434,0.06538405902683735,0.08086477741599082,0.055252376943826675,0.0706665724515915,0.06821557655930519,0.06607617363333702,0.1995698928833008
2019-03-13,0.08275568261742591,0.0733784532174468,0.057879742980003354,0.048700035596266386,0.05307221338152886,0.07788109257817269,0.06552073620259762,0.08176828622817993,0.05509885400533676,0.06998545378446579,0.06893235370516777,0.06598246470093727,0.1990446090698242
2019-03-14,0.0824907287955284,0.07401978727430106,0.05725190546363592,0.04907026765868068,0.05291308872401714,0.07877950370311737,0.06504131145775319,0.08211563006043435,0.054910386353731154,0.0689689066261053,0.06951904296875,0.06606425642967224,0.19885518848896028
2019-03-15,0.0827306441962719,0.0746200418099761,0.05643825237639248,0.04910629694350064,0.052404554933309554,0.07934513241052628,0.06466971412301063,0.08241484388709068,0.05473935306072235,0.0691808732226491,0.06932412087917328,0.06621130406856537,0.19881486892700195
2019-03-18,0.08342867121100425,0.07574305534362794,0.05566499712876975,0.04928276403807104,0.05235340818762779,0.07974993214011192,0.0644428540021181,0.08230208531022072,0.05449565500020981,0.06922066621482373,0.06910911574959755,0.06551313772797585,0.1986936390399933
2019-03-19,0.08421065732836723,0.07660257015377284,0.055457905028015377,0.04937635301612318,0.05233408026397228,0.08027619048953057,0.06396156214177609,0.08208205476403237,0.05430825501680374,0.06851305309683084,0.06946190744638443,0.06467053070664405,0.19874487817287445
2019-03-20,0.08493901640176774,0.07780511993914843,0.05454616171773523,0.0495409878436476,0.052151867747306825,0.08091255575418473,0.06340360399335623,0.08206751272082329,0.05440879315137863,0.06761612426489591,0.06986533552408218,0.0639011763036251,0.19884175956249237
2019-03-21,0.08547405153512955,0.07879881728440523,0.053249237849377094,0.04963037227280438,0.052318889275193216,0.08107591867446899,0.06339206080883741,0.0810260035097599,0.054810503125190736,0.06692101825028658,0.07071913853287697,0.0636213630437851,0.19896262288093566
2019-03-22,0.0858865201473236,0.07995575126260519,0.05287889845203608,0.04954534317366779,0.052314453199505805,0.08163133561611176,0.06326660607010126,0.08090971931815147,0.054668235778808597,0.06610445361584424,0.0703031912446022,0.06370876282453537,0.19882675707340242
2019-03-25,0.08572326824069024,0.08045827150344849,0.05278758751228452,0.05066076819784939,0.053240707516670226,0.08146072998642921,0.06256185621023178,0.07905617728829384,0.05469186082482338,0.06464009340852499,0.06947950422763824,0.062297220528125766,0.20294196009635926
2019-03-26,0.08588049635291099,0.0816789597272873,0.05380349652841687,0.05186947654001415,0.05478979684412479,0.08260363861918449,0.06213353946805,0.07895542830228805,0.05424405634403229,0.06320848260074854,0.06956666484475135,0.061538123339414594,0.1997278094291687
2019-03-27,0.08491258323192596,0.08201299514621496,0.05385069106705487,0.05237827775999904,0.05498449020087719,0.08426647260785103,0.062057331576943396,0.07992459014058113,0.053733394294977185,0.06189149767160416,0.06940158009529114,0.061495900899171826,0.1990901917219162
2019-03-28,0.08314216136932373,0.08112309072166682,0.05302353659644723,0.05231234915554524,0.054516933113336566,0.08701364770531654,0.06297563910484313,0.08195324465632439,0.053318124264478683,0.0613190021365881,0.06875607520341873,0.06138481944799423,0.1991613984107971
2019-03-29,0.08104307800531388,0.07968534119427204,0.0525415244163014,0.05160899183247238,0.05418962650001049,0.08946432024240494,0.06383913680911064,0.08388223499059677,0.05288507342338562,0.06222077142447233,0.06774233728647232,0.0617848202586174,0.19911274015903474
2019-04-01,0.07946606874465942,0.07902406863868236,0.05157049995614216,0.05127172360662371,0.05363817811012268,0.09163090623915196,0.0645382359623909,0.0854746900498867,0.052531853318214417,0.06346803959459066,0.0670991413295269,0.06161430180072784,0.198672291636467
2019-04-02,0.0787530042231083,0.07903777826577425,0.05103739663027227,0.050672993040643634,0.05253218822181225,0.09229297526180744,0.06537741050124168,0.08691858351230622,0.05228987038135528,0.06350259184837341,0.06726417914032937,0.06149168983101845,0.19882933795452118
2019-04-03,0.0782337911427021,0.07902196701616049,0.04992230638163164,0.04996933143120259,0.05103356316685677,0.09316435381770134,0.06669384613633156,0.08820221945643425,0.052288518846035005,0.06357547249644994,0.06718408316373825,0.06205834373831749,0.19865219593048095
2019-04-04,0.07890701144933701,0.07987543791532517,0.04968919667880982,0.049732420360669494,0.05029289908707142,0.09228811264038086,0.06668445132672787,0.08844851925969124,0.05248304232954979,0.06313336193561554,0.06745083630084991,0.06229787915945053,0.19871683716773986
2019-04-05,0.08008468374609948,0.08028040509670972,0.049675285548437385,0.049334243615157904,0.0499505553394556,0.09111559838056564,0.06670784950256348,0.08838130682706832,0.05279459878802299,0.06273949779570102,0.06780893951654435,0.06236601322889328,0.19876100718975068
2019-04-08,0.08138503432273865,0.08093005158007145,0.04994249279843643,0.04923496830742806,0.0498357143253088,0.08947067931294442,0.0661398746073246,0.08792060986161232,0.05305253714323044,0.062008758820593354,0.06830107420682907,0.06293360963463783,0.1988445520401001
2019-04-09,0.08228662237524986,0.0817508852109313,0.049838161835214126,0.04918963797390461,0.04969330132007599,0.0884649783372879,0.06568278782069684,0.08756872043013572,0.053260411322116855,0.06165006039664149,0.06894283965229989,0.06281582191586495,0.19885579645633697
2019-04-10,0.08304430022835732,0.08192963097244502,0.049770086514763535,0.04915061306674033,0.04959311075508595,0.08797996416687966,0.06569969654083252,0.08759128004312515,0.053437307476997375,0.06115713706240058,0.06920366510748863,0.06247168555855751,0.19897153377532958
2019-04-11,0.08342374265193939,0.08196479696780443,0.05028258171514608,0.04922986477613449,0.04965997263789177,0.08755184486508369,0.06557722054421902,0.08688234984874725,0.05344817787408829,0.06070209192112088,0.06980630978941918,0.06253481060266494,0.1989362508058548
2019-04-12,0.08353528082370758,0.0817697610706091,0.05020512935006991,0.04903699986170977,0.04943126104772091,0.08701929152011871,0.06530319303274154,0.08706613779067993,0.05373388975858688,0.061988807562738654,0.06971590891480446,0.06219310313463211,0.19900123178958892
2019-04-15,0.08375746086239814,0.08192161545157432,0.05004897504695691,0.048936084553133696,0.04947507791221142,0.08620866164565086,0.06468015313148498,0.08713041320443153,0.05397524684667587,0.0629590974189341,0.0700717255473137,0.062068206071853635,0.1987673133611679
2019-04-16,0.08362358585000038,0.08205468822270631,0.049649360310286286,0.04874177570454776,0.04905889555811882,0.08586566001176835,0.06456626392900944,0.08763809353113175,0.05445195212960243,0.06336582116782666,0.07030446007847786,0.06180433928966522,0.198875093460083
2019-04-17,0.08423451781272888,0.08270251601934434,0.04962089179607574,0.04820148525759578,0.048841533809900285,0.0843859188258648,0.06350761950016022,0.08760049864649773,0.05493839755654335,0.06337726414203644,0.07029901519417762,0.06297662779688835,0.19931371808052062
2019-04-18,0.08494258001446724,0.08375721983611584,0.04913895942736417,0.047910002153366806,0.048694928735494615,0.08295138254761696,0.06280215419828891,0.08753619194030762,0.055696431547403336,0.06315247640013695,0.07028439566493035,0.06388740465044976,0.1992458790540695
2019-04-22,0.08560882210731506,0.08437159657478333,0.048490132475853896,0.04754090289352462,0.04851364195346832,0.08181935623288154,0.06246977597475052,0.08729504868388176,0.056202993541955945,0.06281647365540266,0.07087103463709354,0.06480621322989463,0.1991940140724182
2019-04-23,0.08681408241391182,0.08582777436822653,0.04811637917009648,0.04735971812624484,0.048575042933225634,0.08047871589660645,0.061812756955623625,0.08632952943444253,0.05661825239658356,0.06204966343939304,0.07190425284206867,0.06469081342220306,0.19942301213741304
2019-04-24,0.08828317597508431,0.08739473279565572,0.048550658489693886,0.04726124539738521,0.04887582287192345,0.07888630777597427,0.06126625165343284,0.08486970663070678,0.05685656070709229,0.061087829805910585,0.07251436039805412,0.06490935906767845,0.1992439955472946
2019-04-25,0.08911897987127304,0.08777898363769054,0.04885215068643447,0.04736836979864165,0.04923499971628189,0.07793674394488334,0.0612062081694603,0.08408969938755036,0.056956233084201814,0.06056985286995768,0.07292760908603668,0.06483242884278298,0.1991277426481247
2019-04-26,0.09012888669967652,0.08921071849763393,0.04863943097006995,0.047630676033440976,0.04992723986506462,0.07681484967470169,0.06066662594676018,0.08332696259021759,0.05708245187997818,0.05989079754799605,0.07342000342905522,0.06408868655562401,0.19917264580726624
2019-04-29,0.0912324532866478,0.0896847516298294,0.04936666112043895,0.047842782293446365,0.05054507628083229,0.07583125159144402,0.06021723374724388,0.08259226605296136,0.05705810934305191,0.059575396869331596,0.0734080545604229,0.06356261596083641,0.1990833193063736
2019-04-30,0.09247131422162055,0.09073718208819628,0.050276310660410675,0.047929378948174416,0.050798696279525754,0.07459616437554359,0.059359350427985194,0.08251722902059555,0.05679989755153656,0.058897240087389946,0.07365072369575501,0.062862229347229,0.19910429120063783
2019-05-01,0.09306152164936066,0.09052803609520196,0.05040234534826595,0.047826277988497166,0.05088358037173748,0.0746093213558197,0.05936456248164177,0.08245322406291962,0.056498638540506366,0.05867769541218877,0.0737478170543909,0.06278972849249839,0.19915726780891418
2019-05-02,0.09398314282298088,0.09039022419601679,0.050357728757080625,0.04773386901943013,0.05091630443930626,0.07489072754979134,0.05954826176166535,0.08198053762316704,0.05693078264594078,0.058682322641834615,0.07320277579128742,0.062052793055772784,0.19933050870895386
2019-05-03,0.09437973499298095,0.08976370859891177,0.05130755907593994,0.04750515101477504,0.05115288384258747,0.07542837709188462,0.05945465285331011,0.0820403553545475,0.05714811459183693,0.058500496903434396,0.0724989477545023,0.06129317358136177,0.19952685832977296
2019-05-06,0.09448001310229301,0.08993502650409937,0.05243146610591794,0.04754123103921302,0.05140843540430069,0.07569909393787384,0.05965671967715025,0.08102799355983734,0.05693536475300789,0.058549841912463305,0.07230049259960651,0.06065714955329895,0.19937720000743867
2019-05-07,0.0935139574110508,0.0886928055435419,0.05318995429115603,0.04804426552727818,0.05204680450260639,0.07678556591272354,0.06039911285042763,0.08056963831186295,0.056805653125047685,0.058517210138961676,0.07227381616830826,0.05981962680816651,0.1993415981531143
2019-05-08,0.09242882132530213,0.08874329198151827,0.05330416187061928,0.0482844412967097,0.05195048376917839,0.07758343815803528,0.06069563589990139,0.0782998763024807,0.057876599580049516,0.05730979135259986,0.07094858437776566,0.059626643732190135,0.20294820368289948
2019-05-09,0.09240784272551536,0.08976879660040141,0.05382657231093617,0.04893567551625892,0.052092854678630826,0.07886480242013931,0.06094993390142918,0.07780709713697434,0.05887012034654617,0.055986564792692664,0.07058327533304691,0.05959359481930733,0.20031288266181946
2019-05-10,0.09098308980464935,0.08919702656567097,0.053825145863811485,0.048955414834199476,0.051839929446578024,0.08128679394721985,0.062251722812652587,0.07791850417852401,0.059056440740823744,0.05543347466737032,0.06987099051475525,0.05925638824701309,0.2001251220703125
2019-05-13,0.08937889859080314,0.08816126901656389,0.05362567791016772,0.04916789178387262,0.05206201076507568,0.08363819718360901,0.06339572370052338,0.07785102650523186,0.05883296579122543,0.05540742687880993,0.06952077150344849,0.05906888023018837,0.19988926947116853
2019-05-14,0.08617676794528961,0.08499266728758811,0.052864911008509805,0.04953770392457955,0.05152486190199852,0.08454879000782967,0.0638995498418808,0.07460172921419143,0.05957474857568741,0.054153057653456925,0.06671792343258857,0.0562386117875576,0.21516868174076081
2019-05-15,0.08610832765698433,0.08570628464221955,0.05463593026652234,0.05164290178800002,0.053089632838964465,0.08735555671155452,0.06531334631145,0.07410081923007965,0.06142888888716698,0.054084659088402987,0.06613099612295628,0.0548673938959837,0.20553521811962128
2019-05-16,0.0840825654566288,0.08471616990864277,0.05456153050035937,0.052351011225255206,0.053056593239307406,0.09079877138137818,0.06727258153259755,0.07487154826521873,0.06174902394413948,0.05486477538943291,0.0656098760664463,0.054200110211968425,0.20186547040939332
2019-05-17,0.0817841537296772,0.08323576338589192,0.05432383632578421,0.05243518779752776,0.0522038996219635,0.09376041665673256,0.06863629445433617,0.0758650466799736,0.061351127177476886,0.05648831883445382,0.0656882245093584,0.054088258370757106,0.20013947784900665
2019-05-20,0.07922490537166596,0.08223752230405808,0.05361059769056738,0.05158647354692221,0.051582318544387815,0.09678351134061813,0.07040801197290421,0.07660118415951729,0.05991599261760712,0.057771769165992734,0.06506067663431167,0.05373782776296139,0.20147918164730072
2019-05-21,0.07769456654787063,0.08363661356270313,0.05291403856972465,0.050349169698893095,0.05075854174792767,0.09907292537391185,0.07147620916366577,0.0768378384411335,0.05835166573524475,0.058450112119317055,0.06513063199818134,0.05398032926023007,0.20134741961956024
2019-05-22,0.07588242888450622,0.08548727259039879,0.052686220513714944,0.049164174421457575,0.04963585287332535,0.10079816840589047,0.0724618524312973,0.07715729102492333,0.05693082585930824,0.05922336829826236,0.06511018387973308,0.05472204200923443,0.20074030756950378
2019-05-23,0.07350477650761604,0.08497040383517743,0.05184820259819389,0.04797204676142428,0.048183696903288366,0.1035123459994793,0.07441524714231491,0.07779986411333084,0.05616069808602333,0.06034513292834163,0.06561718881130219,0.055359397828578946,0.2003110319375992
2019-05-24,0.07323109731078148,0.08501707911491393,0.0516617916226096,0.04671939416148234,0.046857977472245696,0.10460453853011131,0.07614698708057403,0.07690685093402863,0.0566451795399189,0.06079974826425314,0.06511885561048984,0.05507541596889496,0.201215061545372
2019-05-28,0.07245551571249961,0.08438817001879215,0.052423009379708674,0.045820782345253976,0.04558490663766861,0.10641069933772088,0.0778080739080906,0.07699766010046005,0.05623191148042679,0.061299413722008464,0.06536956317722797,0.05486292690038681,0.2003473699092865
2019-05-29,0.07211852073669434,0.08248458690941333,0.05176726695135585,0.04536914855998475,0.04446402955800295,0.1090024434030056,0.08021055757999421,0.07783649638295173,0.0552909716963768,0.06202038768678904,0.06438378617167473,0.05469757094979286,0.20035424828529358
2019-05-30,0.07099841237068176,0.08086121398955584,0.05083237713406561,0.044924173392064407,0.04343996997922659,0.11188288982957602,0.08266024515032769,0.07892280109226704,0.05455109439790249,0.06277494169771672,0.0626765914261341,0.054799333959817884,0.20067597031593323
2019-05-31,0.06929348409175873,0.07909584408625961,0.04962741321724025,0.04451534264953807,0.04242560509592295,0.11480811350047589,0.08519247472286225,0.07998537458479404,0.05365706980228424,0.0641269045881927,0.06180017814040184,0.05509493723511696,0.20037724077701569
2019-06-03,0.06919119283556938,0.07910135546699167,0.048340781298611545,0.043710588697285856,0.04098594058305025,0.11528196819126606,0.08718115948140621,0.08020884282886982,0.055211979523301126,0.06417292458936572,0.06153569407761097,0.054472821205854415,0.20060474276542664
2019-06-04,0.06806471720337867,0.07953548934310675,0.04723220193191082,0.04297085245052586,0.039808249659836294,0.11630933117121459,0.08942577987909317,0.08117402046918869,0.056252896785736084,0.06384249730035663,0.06165080592036247,0.05344762355089187,0.20028552711009978
2019-06-05,0.06635679975152016,0.08179192272946238,0.04697646138520213,0.04206409062317107,0.0383764423429966,0.1172546923160553,0.09090477116405964,0.08279852196574211,0.055244019627571105,0.06418047212064266,0.061387475579977036,0.05224083811044693,0.2004235118627548
2019-06-06,0.06421148106455803,0.0821217835880816,0.04594399563138722,0.0411447470789426,0.03714399337768555,0.1189304368570447,0.09165355414152146,0.08451333902776241,0.05428207665681839,0.06536622252315283,0.062149231880903245,0.0528078131377697,0.19973132610321045
2019-06-07,0.06248846203088761,0.08146574283018708,0.04479689032123133,0.04051818918669596,0.036241065338253976,0.11995134986937046,0.09228962063789367,0.08668354935944081,0.05350237898528576,0.06676575299352408,0.06277818605303764,0.05302822515368462,0.19949060380458833
2019-06-10,0.06171744540333748,0.0810031988658011,0.04430899410217535,0.040265588695183395,0.035788032598793505,0.11993085220456123,0.09215035662055016,0.08813540078699589,0.053071819618344306,0.06843548305332661,0.062013047933578494,0.053594838827848434,0.19958491623401642
2019-06-11,0.062053564190864566,0.08095180401578546,0.04453298997177626,0.039806024006975346,0.0354538707062602,0.11905639246106148,0.0906335473060608,0.08957698494195938,0.05309409275650978,0.07061854172497987,0.060714828222990035,0.05423586443066597,0.19927150905132293
2019-06-12,0.06252464801073074,0.08056868691928684,0.043951387620109014,0.039870257778966335,0.035643935203552246,0.11813651695847512,0.08970560170710087,0.0905790749937296,0.05313527248799801,0.07231082748621702,0.05935595780611038,0.0551536425948143,0.19906418919563293
2019-06-13,0.06263214200735093,0.07984135104343296,0.04347243803786114,0.04007073579923599,0.03575274609029293,0.11748314537107944,0.08915294334292412,0.0911993756890297,0.05320259928703308,0.07332522384822368,0.059031447023153306,0.055807682871818545,0.19902816116809846
2019-06-14,0.06300347596406937,0.07952153016813099,0.0434309714641131,0.040363354772125604,0.03609482850879431,0.11656171027570963,0.08876632153987885,0.09152451157569885,0.05312370583415031,0.07410073764622212,0.0582941435277462,0.056225980073213576,0.1989887148141861
2019-06-17,0.06289799883961678,0.07850938369520008,0.04289347259946226,0.04093431069486542,0.03666752390563488,0.1166431063786149,0.08892042227089406,0.09236425757408143,0.05295063704252243,0.07477924320846796,0.05676275379955768,0.056620923429727556,0.19905595779418944
2019-06-18,0.062423430383205414,0.07764267418533563,0.04289732482720865,0.04140278711856808,0.037621424347162244,0.11671504359692335,0.0888272549957037,0.09316245727241039,0.05246985927224159,0.07558309826999902,0.0549867257475853,0.05739904344081879,0.19886885285377504
2019-06-19,0.06249406412243843,0.07679140991531312,0.04296003881463548,0.04186318295905948,0.038433579914271834,0.1168723214417696,0.08887582495808602,0.09226851463317871,0.05171141065657139,0.07691423390060663,0.05377420522272587,0.05734389871358871,0.19969730079174042
2019-06-20,0.06279946491122246,0.07592594376765191,0.042961051894417325,0.042362080566817895,0.03922493290156126,0.1172997210174799,0.08899675160646439,0.09092306382954121,0.05146707966923714,0.07850886452943087,0.05249199867248535,0.0580230101943016,0.19901609122753144
2019-06-21,0.06369083449244499,0.07524783234111965,0.04268575570604298,0.04274053482804448,0.04014215022325516,0.11727621015161276,0.0892492689192295,0.08977860882878304,0.051342887431383134,0.07731169946491719,0.051834709197282794,0.058599024266004565,0.2001005381345749
2019-06-24,0.06525244191288948,0.0752026192843914,0.042508304798320753,0.04291366435427335,0.040625172667205334,0.11665946897119284,0.08881030194461345,0.08999186530709266,0.052392101287841795,0.07550863102078438,0.05113887153565884,0.05943767204880714,0.19955888986587525
2019-06-25,0.06675623804330826,0.07486222046427429,0.04210484159193584,0.04324847415846307,0.04126146901398897,0.11570698395371437,0.08874211199581623,0.09026134274899959,0.053245534747838975,0.07397111095488071,0.05092839114367962,0.059690650552511215,0.1992206335067749
2019-06-26,0.0684928186237812,0.07629644637927413,0.04138572477149864,0.04290365246561123,0.041577975079417226,0.11482031010091305,0.08793655559420585,0.08957045897841454,0.05428330674767494,0.07238134406507016,0.050359321758151054,0.05971900895237923,0.2002730906009674
2019-06-27,0.07052662149071694,0.07884939718060195,0.04060358488804923,0.04270964787356206,0.042163684219121936,0.11291270051151514,0.08602985739707947,0.08902505822479725,0.05479903742671013,0.07184576019644737,0.05031727887690067,0.060288040339946745,0.19992936849594117
2019-06-28,0.0722350835800171,0.07935404782183468,0.040968082167728424,0.04277434424002422,0.042695429921150205,0.11105511412024498,0.08464251756668091,0.08731872364878654,0.05496973618865013,0.07235207259655,0.05014333501458168,0.061716426908969876,0.1997751086950302
2019-07-01,0.07410420849919319,0.0790626047179103,0.04178134096737267,0.04332402301370166,0.04314332492649555,0.1094147665426135,0.0829218529164791,0.08640499040484428,0.0551274523139,0.07303723879158497,0.05035879947245121,0.06204934716224671,0.19927004277706145
2019-07-02,0.0764897771179676,0.0796275313012302,0.04243810203324756,0.04374137358245207,0.04384979344904423,0.10667961854487658,0.08055711910128593,0.08586062304675579,0.05528922900557518,0.07410582825541497,0.0506477776914835,0.061531586945056914,0.19918161034584045
2019-07-03,0.07889543175697326,0.07958862748928368,0.04251965143466805,0.04412053337837278,0.04419167414307594,0.10469164121896028,0.07939293310046196,0.08583866730332375,0.055612039566040036,0.07353301346302032,0.051072857528924945,0.06162784174084664,0.19891509413719177
2019-07-05,0.08096907511353493,0.07951316135004163,0.04306414390739519,0.04455091850286408,0.044552311301231384,0.10297695361077785,0.0784421794116497,0.0858495894819498,0.05562072098255157,0.0721326481550932,0.05197761356830597,0.06137933880090714,0.19897131621837616
2019-07-08,0.08370264321565628,0.07951199039816856,0.043757720775738564,0.04447157359209086,0.0443589948117733,0.10067372340708972,0.07705932781100273,0.08665843904018403,0.056967145204544066,0.07067885361611843,0.052165644615888594,0.06042762249708176,0.19956632256507872
2019-07-09,0.0865989826619625,0.07984274262562394,0.043799437066627436,0.04464325987173652,0.04425519295036793,0.09851070158183575,0.07646214663982391,0.08719468116760254,0.057851008325815204,0.06898395717144012,0.05205657668411732,0.06022919714450836,0.19957209825515748
2019-07-10,0.08905603513121604,0.08093642396852374,0.04405052836964387,0.044973000726895404,0.04416540786623955,0.09663886614143849,0.07582538425922394,0.08601428121328354,0.05819460675120354,0.06793330758810043,0.05236805975437164,0.06038764715194702,0.19945642948150635
2019-07-11,0.09175915941596031,0.0820322691462934,0.04403635597054745,0.04555100516226958,0.04455600082874298,0.09519722629338503,0.07500266134738923,0.08420502319931984,0.058450103551149366,0.06628530584275723,0.05276505500078201,0.060681544989347455,0.19947828352451324
2019-07-12,0.09463929310441017,0.08265421921387314,0.043838632204824535,0.045462161742398165,0.04429408013820648,0.09303736668080091,0.07399803027510643,0.08478569313883781,0.058620335906744,0.06463571339845657,0.05328137576580048,0.060950232297182085,0.19980284571647644
2019-07-15,0.09711271226406097,0.08360319528728724,0.04406277342004614,0.04553709576175606,0.04430749155580997,0.09116114191710949,0.07322860024869442,0.08436213731765747,0.05852932259440422,0.06362522542476653,0.05433205217123031,0.06072618067264557,0.1994120568037033
2019-07-16,0.09907764121890068,0.084872973151505,0.0437331489945791,0.04592677247856045,0.044964248687028883,0.0896404679864645,0.07239571772515774,0.083206657320261,0.05851694270968437,0.06284637935459614,0.0553978968411684,0.06016087159514427,0.19926029741764067
2019-07-17,0.10100844651460647,0.08562613073736429,0.04396410690087578,0.04625330180570018,0.045540572702884675,0.08804034031927585,0.07081069462001324,0.08197865337133407,0.05883680954575539,0.06274758949875832,0.056342024728655814,0.059352873265743254,0.1994984567165375
2019-07-18,0.10297685712575913,0.08574400776997208,0.043858317896820154,0.04675355736653728,0.046446549519896504,0.0869426365941763,0.07012204229831695,0.08041984215378761,0.05916014462709427,0.062393931299448015,0.05702688992023468,0.05851529203355312,0.1996399223804474
2019-07-19,0.10429815202951431,0.08574927691370249,0.04414985401140257,0.047399147721080226,0.04781014546751976,0.08645491749048233,0.06954784467816352,0.07941598147153854,0.059083402156829834,0.06178021095693111,0.057105577737092975,0.057751921191811564,0.19945360124111175
2019-07-22,0.10443996414542198,0.08526517255231739,0.043996398620311086,0.04742269818671048,0.04843663275241852,0.08594409562647343,0.0687769066542387,0.07855468541383744,0.0586606040596962,0.06278403326869011,0.057304417714476585,0.05844567194581032,0.19996868669986725
2019-07-23,0.1041779562830925,0.08562051467597484,0.043749427938882944,0.04758310977485962,0.04915128722786903,0.08599529396742582,0.0686481710523367,0.07818635702133178,0.05828095898032189,0.06357950381934643,0.056630204990506174,0.058673161268234256,0.1997240513563156
2019-07-24,0.10420919060707093,0.08589594690129161,0.04393790166805047,0.048023723895676086,0.049781829863786695,0.08570293914526701,0.06815030425786972,0.07809047475457191,0.0579133041203022,0.06350768692791461,0.0564707949757576,0.05888338014483452,0.1994325339794159
2019-07-25,0.10469261407852173,0.08654812276363373,0.04491540450580942,0.04828928599927167,0.050479622557759285,0.08509674165397882,0.0678760513663292,0.0781800776720047,0.05773584321141243,0.06302146166563034,0.055748169869184495,0.058244770765304564,0.19917185008525848
2019-07-26,0.10509520694613457,0.08736874395981431,0.045436657304480835,0.04877862330358766,0.05073388926684856,0.08456222824752331,0.06723915152251721,0.0786778062582016,0.05756777599453926,0.062030065804719925,0.05511995330452919,0.057592885568737984,0.19979701340198516
2019-07-29,0.10594868212938309,0.08885802142322063,0.04656924463663472,0.04936615486622031,0.05119273066520691,0.08364009764045477,0.06669246628880501,0.0783796638250351,0.057378020882606504,0.0609515767544508,0.05447285585105419,0.0572921521961689,0.19925834536552428
2019-07-30,0.10626874640583991,0.08929377775639295,0.047006153106485725,0.04994272393923893,0.051665588095784185,0.08323036059737206,0.0663534365594387,0.07767530605196953,0.05727349668741226,0.06016470827162266,0.05458847992122173,0.05738691985607147,0.19915026426315308
2019-07-31,0.10556003376841545,0.08881502225995064,0.04837889722452928,0.05088842371151259,0.051873521879315376,0.08308516163378954,0.06640298590064049,0.07637248858809471,0.05699342489242554,0.05974557548761368,0.05488806664943695,0.05774215459823608,0.19925427734851836
2019-08-01,0.10512764677405358,0.08979954142123461,0.04851561976454377,0.05098970541439485,0.05199277587234974,0.0832398010417819,0.06665710322558879,0.07495999187231064,0.05632536336779594,0.060754872485995294,0.054721126705408095,0.057103049382567404,0.19981340765953065
2019-08-02,0.10485343411564826,0.08963322034105659,0.0487518876321019,0.05091119585122215,0.05309666469693184,0.08193278312683105,0.0669942282140255,0.07369044795632362,0.05614471361041069,0.06104863323271274,0.056194544211030005,0.05677226483821869,0.19997599422931672
2019-08-05,0.10281360298395156,0.09018804067745805,0.04843439779479013,0.05086819448897586,0.05388491749763489,0.0820556078106165,0.06778904423117638,0.0731053538620472,0.05554150491952896,0.060314097255468366,0.058377680554986,0.05669963471591473,0.19992793798446656
2019-08-06,0.09713016450405121,0.08629157431423665,0.047470634480418994,0.051252386884334554,0.05356060154736042,0.0801876176148653,0.0674743413925171,0.07090841680765152,0.05668544471263885,0.058337797224521634,0.0570378627628088,0.05622077509760857,0.21744234263896942
2019-08-07,0.09311767742037773,0.08587147882208228,0.04830328468374319,0.05249530097389652,0.054687433689832685,0.08181250561028719,0.06878151968121529,0.07049789279699326,0.05816444344818592,0.05767930373549461,0.05610305666923523,0.05695895627140999,0.21552712619304656
2019-08-08,0.0889956772327423,0.08552975840866565,0.04875402622590173,0.05428419494655827,0.055695117264986035,0.08633455280214548,0.0724348172545433,0.0725477859377861,0.05962536893785,0.05844709128141403,0.05618088468909264,0.05805285796523094,0.20311786532402037
2019-08-09,0.0825642466545105,0.08272403739392757,0.04810717617299361,0.05371333680286625,0.05438718032091856,0.08789934143424034,0.07386281862854957,0.0723032534122467,0.058393264561891554,0.057560946047306064,0.05483178161084652,0.057011378556489946,0.21664122939109803
2019-08-12,0.07934562787413597,0.0825896373949945,0.04837551800499114,0.054131216136920554,0.05390804745256901,0.09234163779765367,0.0776147659868002,0.074432572722435,0.058509716764092445,0.058495090901851655,0.05456505976617336,0.057097692787647245,0.20859342515468599
2019-08-13,0.07942425012588501,0.08293842449784279,0.04841626213838026,0.05404679010462132,0.0534886660054326,0.09488399103283882,0.0795368004590273,0.07506684735417365,0.0592491015791893,0.059880468994379044,0.053562624752521514,0.05706845745444298,0.20243730247020722
2019-08-14,0.07835998460650444,0.08329267567023635,0.04858644061591803,0.05360087301414751,0.052454260922968385,0.09630249496549367,0.07985902018845081,0.07523711994290352,0.0589077852666378,0.06061899214982987,0.05271529220044613,0.05691979229450226,0.2031452625989914
2019-08-15,0.06610452830791473,0.07106213457882404,0.04210037294706126,0.047232415054259035,0.04544624146074057,0.08294500103220344,0.06875365599989891,0.0642112024128437,0.052768726646900174,0.052913516759872437,0.04490670971572399,0.048923805356025696,0.31263168454170226
2019-08-16,0.0678977645933628,0.07445573536679148,0.044347918311018475,0.051147486153604406,0.04793364573270083,0.08737774034962058,0.07315511330962181,0.06760965958237648,0.05705014131963253,0.056242241710424426,0.04664039462804794,0.0515016108751297,0.27464056611061094
2019-08-19,0.0661615177989006,0.07474284060299397,0.04528776812987871,0.05222764290647319,0.04751133602112532,0.08903782926499844,0.0744189452379942,0.069502729550004,0.05810429304838181,0.05767579898238182,0.0467637587338686,0.0521543063223362,0.26641119718551637
2019-08-20,0.06785405352711678,0.07836810098960996,0.04780651505602691,0.05454296672041892,0.04837494697421789,0.09474255163222552,0.07893077023327351,0.07531073950231075,0.06160520240664482,0.06250282227993012,0.04964608550071716,0.056024201959371564,0.22429102957248687
2019-08-21,0.06825393438339233,0.07911234991624952,0.04822392135663449,0.054902721615417246,0.047875395603477956,0.09828773410990835,0.08219710439443588,0.07854443974792957,0.06283450610935688,0.06641182601451874,0.05049745999276638,0.057965255528688434,0.20489338040351868
2019-08-22,0.06771964207291603,0.07898098500445486,0.0482692937486604,0.054457000262573274,0.046813017874956134,0.09922776995226741,0.08201307728886605,0.08049883842468261,0.06280239708721638,0.06835669688880444,0.05063907727599144,0.05975650399923325,0.20046570599079133
2019-08-23,0.06654406413435936,0.07804173575714231,0.04792965928395461,0.053368987934027244,0.0457851592451334,0.0998942649923265,0.0815558560192585,0.0819552332162857,0.06279052793979645,0.06996456310153007,0.05054125599563122,0.06169634535908699,0.19993235766887665
2019-08-26,0.06726827546954155,0.07815123898908496,0.04861260774897573,0.05291774955785513,0.044902799651026726,0.09879562398418784,0.08183441534638405,0.08203219920396805,0.06422504000365734,0.0698665164411068,0.049547433480620386,0.06286094412207603,0.19898516833782195
2019-08-27,0.06723624542355537,0.07946657752618194,0.050336811858505824,0.05143052171742966,0.04341948134824634,0.09859036654233932,0.08085731863975525,0.08174714259803295,0.06364720538258553,0.06966172717511654,0.04862820617854595,0.0635624498128891,0.201415953040123
2019-08-28,0.06612988710403442,0.07889042925089598,0.05083149476848803,0.05032986743954097,0.04240198228508234,0.09989604344591499,0.08153656646609306,0.08262170851230621,0.06347070038318633,0.07142483927309513,0.048543594777584076,0.06410526782274246,0.19981762766838074
2019-08-29,0.06441728323698044,0.07776733683422207,0.05180100166762713,0.049170637836868994,0.04132606564089656,0.10142872231081128,0.08200396597385406,0.08357431888580322,0.06286270879209041,0.07315133921802044,0.04833260700106621,0.06465483531355858,0.19950916469097138
2019-08-30,0.06262222230434418,0.0773151470348239,0.05229332358510419,0.048256958179081266,0.04038841966539621,0.10252388846129179,0.08204802647233009,0.08463765829801559,0.062018026039004324,0.07483407333493233,0.04841636642813683,0.06526769623160363,0.19937821626663207
2019-09-03,0.06074794456362724,0.07600032165646553,0.05176551231818962,0.047611019956457314,0.03976403428241611,0.10366887170821429,0.08228288777172565,0.08557495959103108,0.061404519528150556,0.07664424888789653,0.04987406618893146,0.06581067144870759,0.19885092675685884
2019-09-04,0.059664787352085115,0.07579325195401906,0.05196359229466907,0.046612253470038924,0.03908612485975027,0.10394844897091389,0.08260120041668415,0.0853461567312479,0.06132439337670803,0.07726577632129192,0.050834007933735846,0.06679194495081901,0.19876804649829866
2019-09-05,0.058988595753908156,0.07561619044281542,0.05210046707971401,0.046013437591682305,0.0389181699603796,0.10362230194732547,0.08222044929862023,0.08506193161010742,0.06088994033634663,0.0774668414145708,0.0508716020733118,0.06763100028038024,0.20059910416603088
2019-09-06,0.059353391826152804,0.0757557017263025,0.052506278793094906,0.04481258828050159,0.038375231251120565,0.10290459711104631,0.08155710771679878,0.08634486719965935,0.0611303485929966,0.07837667353451253,0.050891457870602605,0.0684048630297184,0.19958688616752623
2019-09-09,0.059570823609828946,0.07506583402864635,0.05167232849434526,0.044129162798844844,0.038042309880256656,0.10165723087266088,0.08119498416781426,0.0871241394430399,0.06166109479963779,0.07943541668355465,0.05160998255014419,0.06976939365267754,0.1990672916173935
2019-09-10,0.060309508442878725,0.07454240554943681,0.05196978787461433,0.0434071189459246,0.03780169151723385,0.09961693249642849,0.08003157675266266,0.088333410769701,0.06253124512732029,0.07910551801323891,0.0526469349861145,0.07040526419878006,0.1992986172437668
2019-09-11,0.061703456193208696,0.07445144318044186,0.05264351254417647,0.042798683741648344,0.03770193215459585,0.09705771543085576,0.07842594236135483,0.08933693766593934,0.06374758705496789,0.07792008146643639,0.053788088262081146,0.07070624679327012,0.19971838295459748
2019-09-12,0.06372192725539208,0.07541211182251573,0.053759520021193906,0.042657269428718794,0.03813524954020977,0.0934537548571825,0.07599512115120888,0.08842413648962974,0.06547761708498001,0.07695788815617562,0.05503227561712265,0.07140413224697113,0.19956897497177123
2019-09-13,0.06626327931880951,0.07639614753425121,0.05460292070416415,0.04330748259885695,0.03927232138812542,0.08921372937038541,0.07287580594420433,0.08561652526259422,0.06781337261199952,0.07562105655670166,0.05663288347423077,0.07277764678001404,0.1996068149805069
2019-09-16,0.06828058287501335,0.07596606463193893,0.055631430347622766,0.04329168777717314,0.03988430388271809,0.08663239507004619,0.07164130359888077,0.08610625863075257,0.06916779354214668,0.07351971492171287,0.057614972814917564,0.0722230166196823,0.20004044771194457
2019-09-17,0.07048709988594055,0.07477031340822578,0.056462734335582354,0.043879506372650215,0.04070690870285034,0.08338805958628655,0.0708075687289238,0.08487480506300926,0.07140296027064323,0.07208610847592353,0.05819316655397415,0.0730239748954773,0.1999167889356613
2019-09-18,0.0726560726761818,0.07471107887104153,0.05671350326717857,0.04513931559536104,0.04224942997097969,0.07975000068545342,0.06916455924510956,0.0824909433722496,0.07359229922294616,0.07121021747589111,0.058684755116701126,0.07415775433182717,0.1994800627231598
2019-09-19,0.07453131154179574,0.07450955212116242,0.056571922415321295,0.04634181935975903,0.04388187900185585,0.0758325956761837,0.06757356822490693,0.07986633330583573,0.07565084025263787,0.07072339877486229,0.06019078530371189,0.07471155822277069,0.1996144473552704
2019-09-20,0.07573439627885818,0.07427688185125589,0.05596927737966269,0.047692178297984354,0.04545634761452675,0.07222736682742834,0.06617742925882339,0.07730368003249169,0.07709948495030403,0.07052204385399818,0.062182554975152016,0.07567611262202263,0.19968221783638002
2019-09-23,0.07605096846818923,0.07409289767965674,0.0552917310283334,0.04857941052819115,0.047438498586416245,0.06928893495351077,0.06577058658003807,0.07529672831296921,0.0776207573711872,0.07054076045751571,0.06399272829294204,0.07631191164255142,0.19972406029701234
2019-09-24,0.07692403942346573,0.07415887927636504,0.0547934275562568,0.04961827664983502,0.049571515247225764,0.06687981374561787,0.06493453830480575,0.07345578968524932,0.07754174768924713,0.07028910592198372,0.06509296409785748,0.0770692303776741,0.19967069923877717
2019-09-25,0.07748304307460785,0.07498735571280121,0.054083851422271324,0.05020116595674153,0.051412100344896315,0.06510759983211756,0.06494174525141716,0.07213865518569947,0.07674388065934182,0.07003182619810104,0.06586620621383191,0.07708800137043,0.19991454780101775
2019-09-26,0.078767429292202,0.07638752292841673,0.05448679273517883,0.04968122503878476,0.052133961021900176,0.06405174769461155,0.06440892070531845,0.07238377928733826,0.07546229958534241,0.07079121619462966,0.06508040353655815,0.0763949953019619,0.19996969699859618
2019-09-27,0.07958533763885497,0.07603466948494315,0.05380559215469276,0.050028510280753835,0.0533651314675808,0.06252039745450019,0.06451812162995338,0.07211712747812271,0.07480278238654137,0.07196688503026963,0.06426757462322712,0.07707640305161476,0.19991146624088288
2019-09-30,0.08030405044555664,0.07751575270667672,0.05333443731136356,0.0503779940626373,0.0547223187983036,0.06093971692025661,0.06434821709990501,0.07099514305591584,0.07454865053296089,0.07191287949681283,0.06332274712622166,0.07738391682505608,0.20029419660568237
2019-10-01,0.08098370730876922,0.07935924315825105,0.05288872666993001,0.05075005903158854,0.05628113560378552,0.05901170074939728,0.0636411864310503,0.06960848495364189,0.07425282374024392,0.0729414775967598,0.06231437958776951,0.07768240720033645,0.20028468668460847
2019-10-02,0.08234000504016876,0.07981459312140941,0.05333409309831154,0.051227042350683406,0.057229327782988546,0.05739592462778091,0.06313484013080597,0.06808578073978425,0.07440629154443741,0.0733024075627327,0.06146514341235161,0.0774448923766613,0.20081966817379
2019-10-03,0.08285616710782051,0.08138669645413757,0.05296925800899714,0.05263013712392421,0.05801173485815525,0.05698879957199097,0.06283958554267884,0.06630992665886878,0.07607696577906609,0.07201496213674545,0.06026672683656216,0.07645595967769622,0.20119311511516572
2019-10-04,0.08330134227871895,0.08365307953208685,0.052191347872459916,0.05451329392531079,0.05914240553975105,0.05735788866877556,0.06271104365587235,0.06523631773889065,0.07652845457196236,0.07032673135399818,0.05889088772237301,0.07578793466091156,0.20035926401615142
2019-10-07,0.08219134286046029,0.08458842849358916,0.051695590177072856,0.055835325984344306,0.060194939747452735,0.05863502100110054,0.0627567395567894,0.06486225873231888,0.07627693116664887,0.06945213153958321,0.05825147069990635,0.07533484026789665,0.1999249517917633
2019-10-08,0.0808028869330883,0.08416555477306246,0.05120699202088872,0.05604153522008346,0.06064236983656883,0.06052115596830845,0.06267143748700618,0.06622355729341507,0.07555467113852501,0.06981956437230111,0.05749836154282093,0.0749902181327343,0.19986169338226317
2019-10-09,0.08116515204310418,0.08559921383857727,0.050956565999322835,0.05550417765302882,0.06048452369868755,0.06267193108797073,0.06325332000851631,0.06573798209428787,0.07453583180904388,0.06954921558499336,0.05601515918970108,0.07390959560871124,0.2006172865629196
2019-10-10,0.08205457106232643,0.08767805835232138,0.05103294072500262,0.0553426115046932,0.06068986505270004,0.06435973793268204,0.0629305250942707,0.06504898034036159,0.07333412915468215,0.06878953352570534,0.05531833842396736,0.07367711812257767,0.1997436225414276
2019-10-11,0.08184949308633804,0.08781536584720015,0.050847809741168246,0.054356881396233805,0.060274101048707965,0.06542138736695051,0.062827817350626,0.06624039560556412,0.07238564565777779,0.0686347134411335,0.05568409524857998,0.07377354502677917,0.19988877773284913
2019-10-14,0.08125301748514176,0.08774326564744114,0.051307138118207266,0.05331616110529467,0.05990517027676105,0.06616866495460272,0.062305087223649025,0.06631895676255226,0.07180584445595742,0.06897987797856331,0.05679029002785683,0.07434191331267356,0.19976460933685303
2019-10-15,0.08039547353982926,0.08699450036510825,0.05086739109076603,0.05223460209069799,0.059461668878793714,0.06708879973739386,0.06265521757304668,0.06677221693098545,0.07168981432914734,0.06965995207428932,0.05738579593598843,0.07540876120328903,0.19938583374023439
2019-10-16,0.08059711158275604,0.08753488371148706,0.051294482836041766,0.05146493859690508,0.05939457155764103,0.06677829343825578,0.061848079413175584,0.06633345782756805,0.07153750732541084,0.06971094086766243,0.05813190937042236,0.07603254765272141,0.19934125244617462
2019-10-17,0.08054545670747756,0.08712427644059062,0.05141223575461851,0.05069583696774771,0.05949275903403759,0.06645745355635882,0.06128237396478653,0.06601003259420395,0.07157391384243965,0.07004273757338524,0.05936689116060734,0.07672679610550404,0.19926925897598266
2019-10-18,0.08070087656378747,0.0868932107463479,0.05220422550575066,0.05012151540652212,0.05982109308242798,0.06579209994524718,0.06009336970746517,0.06571993604302406,0.07150976434350013,0.06987215280532837,0.06047644093632698,0.0776200134307146,0.19917528629302977
2019-10-21,0.08018289729952813,0.08712910739704967,0.05213343084837376,0.04949045512828434,0.06005086377263069,0.06586264185607434,0.05956837683916092,0.06592012345790862,0.07093414291739464,0.06950785368680953,0.06112436763942242,0.07879921942949294,0.1992965042591095
2019-10-22,0.08021167293190956,0.0877477504312992,0.0529764350518235,0.04905962670252393,0.060666542127728464,0.06571899056434631,0.05855436325073242,0.06562944576144218,0.0702339954674244,0.06888729780912399,0.061466358974575995,0.07985931187868119,0.19898822009563447
2019-10-23,0.07933498397469521,0.08737264340743423,0.05365651021866995,0.048579624389913076,0.061353282257914546,0.06563982032239438,0.05845556929707527,0.06579254195094109,0.0694922722876072,0.06864982508122922,0.06232365258038044,0.0802805781364441,0.19906870424747466
2019-10-24,0.07857204377651214,0.08670539744198322,0.054072743587933306,0.04850578075956946,0.06200333945453167,0.06552291326224804,0.05806746631860733,0.06583658084273339,0.06869941353797912,0.06855460852384568,0.0636576883494854,0.08081016391515732,0.198991858959198
2019-10-25,0.07770587280392646,0.08664858927950263,0.054021891117620416,0.04836440224312355,0.06272374130785466,0.06538854166865349,0.057512706518173216,0.06619236618280411,0.06805843114852905,0.0687970444560051,0.06499947756528854,0.08055849373340607,0.1990284264087677
2019-10-28,0.07754260748624801,0.08701895521953702,0.054623031133898436,0.04817073647250254,0.06376384422183037,0.06476158015429974,0.056676944345235826,0.06598086357116699,0.06743079423904419,0.06874651238322257,0.06663578525185584,0.07967753931879998,0.19897079467773438
2019-10-29,0.07777785509824753,0.08755617691203951,0.05556526981680996,0.04784769321620388,0.06433505713939666,0.06398638412356376,0.05599223859608173,0.0658678263425827,0.0666479654610157,0.06931448839604855,0.06785078719258308,0.07818138897418976,0.19907689690589905
2019-10-30,0.07800243198871612,0.08774028420448303,0.05658998881208603,0.04741592046009373,0.06452008076012135,0.06283233761787414,0.055412301793694496,0.06548554971814155,0.06609909981489182,0.0698436226695776,0.06927712559700012,0.07763055711984634,0.19915073215961457
2019-10-31,0.07904156148433686,0.08847176423296332,0.05669945924987267,0.04742557467068309,0.06549795493483543,0.06094961352646351,0.05485991165041924,0.06472127139568329,0.06570400223135948,0.07045689523220063,0.07009173035621644,0.07695132344961167,0.19912891387939452
2019-11-01,0.08011999279260636,0.08865005951374769,0.05666076011050443,0.0474651667462922,0.06630212441086769,0.05885571762919426,0.054715365171432495,0.06375691816210746,0.06646609678864479,0.07086976803839207,0.07075458317995072,0.07614986523985863,0.1992336243391037
2019-11-04,0.08161983639001846,0.0888334627263248,0.05767389023367926,0.047841151682337116,0.06760526038706302,0.05689938962459564,0.05392584055662155,0.06261409223079681,0.06649239771068097,0.0708625752478838,0.07124540880322457,0.07528342977166176,0.1991032749414444
2019-11-05,0.08317356035113335,0.08879862148314714,0.05830734276362648,0.047722182246593546,0.06792429350316524,0.0559644091874361,0.05408496968448162,0.0633261039853096,0.06590190641582012,0.07021087370812892,0.07164586409926414,0.07381805330514908,0.1991218000650406
2019-11-06,0.08521670922636986,0.08833910226821899,0.05866578391232942,0.046967460191967805,0.06751701273024083,0.05461189970374107,0.05377762131392956,0.06435500010848046,0.06523644849658013,0.07063899263739586,0.07206482589244842,0.07290628924965858,0.19970287382602692
2019-11-07,0.08749850317835808,0.0878473673015833,0.05862952209528025,0.04651495816708575,0.06723246872425079,0.05303508974611759,0.05379146672785282,0.0647336371243,0.06496797874569893,0.07166636139154434,0.07208481952548026,0.07243037894368172,0.19956746995449065
2019-11-08,0.08994246423244476,0.08761740084737539,0.058988987045993826,0.04580622077749012,0.06692320927977562,0.052410397306084634,0.053769588097929956,0.0662687249481678,0.06427044272422791,0.07166515104472637,0.07227528393268585,0.07023624032735824,0.1998258888721466
2019-11-11,0.09247992262244224,0.08788027372211218,0.05954800798303985,0.0452878038247718,0.06628268733620643,0.051562927290797235,0.053584446758031846,0.067134840041399,0.06395167745649814,0.07145630270242691,0.07272585555911064,0.06813318282365799,0.19997206330299377
2019-11-12,0.0946662999689579,0.08807795122265816,0.06015326616633452,0.04515050758416237,0.06623987257480621,0.050739454850554463,0.05341260954737663,0.06733854636549949,0.0638973742723465,0.07095455378293991,0.07273542582988739,0.06651340797543526,0.20012072324752808
2019-11-13,0.09665831178426743,0.0887107014656067,0.06070811896767285,0.04521611448278691,0.06609953939914703,0.04986301213502884,0.05327714513987303,0.0670522466301918,0.06374075412750244,0.0705279678106308,0.07308718338608741,0.06493711993098258,0.20012181103229523
2019-11-14,0.09824515357613564,0.08922663442790509,0.0608116819338969,0.04537842588474632,0.06593362502753734,0.04900798723101616,0.05319902207702398,0.06637760847806931,0.06366359181702137,0.07004577778279782,0.0738853819668293,0.06414470002055168,0.20008043348789215
2019-11-15,0.09941119402647018,0.08945901226252317,0.061009229570735714,0.04574845181480214,0.06652367971837521,0.048309239000082015,0.0530855605378747,0.06554332114756108,0.06329442411661149,0.06996422167867422,0.07439500838518143,0.06344304531812668,0.1998136520385742
2019-11-18,0.10052363872528076,0.09048620406538248,0.06131970565144229,0.0464680700344843,0.06740072257816791,0.047790317237377165,0.05230521559715271,0.06446479186415673,0.06258625015616417,0.06953551918268204,0.07515623867511749,0.06253557205200196,0.19942773580551149
2019-11-19,0.10113149136304855,0.09128191582858562,0.06122437765769835,0.046999227085302665,0.06785112507641315,0.04799657240509987,0.05192386619746685,0.06399954929947853,0.06182766780257225,0.06947688348591327,0.07518573254346847,0.06180233210325241,0.19929931163787842
2019-11-20,0.10135404020547867,0.09190306458622217,0.06155270087520641,0.04727581297975121,0.0684448502957821,0.048344312235713005,0.051853830367326735,0.06363744810223579,0.06192823462188244,0.06906870361417532,0.07452707663178444,0.06095672473311424,0.19915323555469513
2019-11-21,0.10165432319045067,0.09179793242365122,0.0614399303510087,0.047712554626286874,0.068785784766078,0.04901067726314068,0.05199839249253273,0.06347217112779617,0.061673090979456904,0.06867410019040107,0.07446169331669808,0.060118863731622695,0.19920045137405396
2019-11-22,0.1024104230105877,0.0921814063563943,0.06128096095505668,0.04811199685195788,0.06882824935019016,0.04958155006170273,0.05151146091520786,0.06311352625489235,0.06098683066666126,0.06801555138081312,0.07425628677010536,0.06048944815993309,0.19923231601715088
2019-11-25,0.1030624859035015,0.09233882520347833,0.06154180570937982,0.048589373209847506,0.06883702129125595,0.050363491848111154,0.05143050961196423,0.06292196661233902,0.05996685288846493,0.0674423387274146,0.07372112348675727,0.060473178327083585,0.1993110179901123
2019-11-26,0.1033971756696701,0.0929219601675868,0.06243321386422203,0.04908939879330774,0.06902770213782787,0.05099036805331707,0.051294346898794176,0.0626473993062973,0.05884025618433952,0.06689382214099168,0.07324577495455742,0.06009925901889801,0.19911928176879884
2019-11-27,0.10354389920830727,0.09300280008465052,0.06239465920094567,0.04934815513200874,0.06859867237508296,0.05180337019264698,0.0513084664940834,0.0627206802368164,0.05809304863214493,0.06684005744755268,0.07351387068629264,0.05985381156206131,0.19897849559783937
2019-11-29,0.10421361103653907,0.09408481642603875,0.06316073076935211,0.04968580009333436,0.06830903925001622,0.051972488313913344,0.05060378834605217,0.06269757300615311,0.05759938582777977,0.06645839959383011,0.07311878725886345,0.05923898816108704,0.19885662496089934
2019-12-02,0.1044788632541895,0.09454584512859583,0.06363354532880354,0.04968496800890989,0.06813020519912243,0.0521415863186121,0.05006220526993275,0.06290452554821968,0.05753593631088734,0.06610427144914865,0.07318375408649444,0.05829996541142464,0.1992943435907364
2019-12-03,0.10489246435463428,0.09530743323266506,0.06373397017780622,0.049008875478477876,0.06771433055400848,0.052132748812437055,0.05034597702324391,0.06364125721156597,0.05690587237477303,0.06415761522948742,0.07353621199727059,0.05858756974339485,0.20003568530082702
2019-12-04,0.10497368574142456,0.0952427178621292,0.06380429919893338,0.04864551738527325,0.06730614826083184,0.052178903669118884,0.05098518952727318,0.06385008990764618,0.0567487433552742,0.0631978813558817,0.0736793152987957,0.0594164028763771,0.19997111856937408
2019-12-05,0.10563587918877601,0.09587172009050846,0.06441326561539658,0.04874546166687423,0.0668239526450634,0.05246153511106968,0.05089540705084801,0.06356953345239162,0.05680836997926235,0.06226385682821274,0.07331327944993973,0.05949247553944588,0.19970523715019226
2019-12-06,0.1054905042052269,0.09620447494089604,0.06480434427218267,0.04857826147854212,0.0661873746663332,0.05305989421904087,0.051069705933332446,0.06346394047141075,0.05715922825038433,0.061956032551825045,0.0729970432817936,0.05927393734455109,0.1997552752494812
2019-12-09,0.1051480881869793,0.09653917960822582,0.06556985857558076,0.04857231150672305,0.06509502194821834,0.05339301638305187,0.05077433474361896,0.06315148733556271,0.05745358765125275,0.0627090873196721,0.0732192188501358,0.05890599638223648,0.19946881830692292
2019-12-10,0.10401645824313163,0.09571156911551952,0.06572331896036446,0.04841452460606206,0.06391874626278878,0.05435339771211147,0.051283207908272746,0.063505519926548,0.05759347975254059,0.06388801094144583,0.07327903881669044,0.058841422945261,0.19947130382061004
2019-12-11,0.10313041545450688,0.09510537721216679,0.06589189358470851,0.04839543956197758,0.06338333077728749,0.05484362468123436,0.05109712369740009,0.06376253515481949,0.05770260132849216,0.06496865376830101,0.07395674511790276,0.05855900049209595,0.19920324981212617
2019-12-12,0.10237211845815182,0.09497782364487647,0.06547118763465551,0.048341410334239755,0.0632431909441948,0.0553509097546339,0.05111445263028145,0.06424794867634773,0.05769388787448406,0.06591655686497688,0.07364641204476356,0.0585868664085865,0.1990372508764267
2019-12-13,0.1022348865866661,0.09472537972033024,0.06571189645904543,0.04766937479099624,0.0623091246932745,0.05610576868057251,0.05165279395878315,0.06469265818595886,0.057569825649261476,0.06560691073536873,0.07386014685034752,0.05853733494877815,0.19932388961315156
2019-12-16,0.10199956819415093,0.0944509632885456,0.06487459727209739,0.047302620180198575,0.061491260305047035,0.056695935875177385,0.05283423624932766,0.06468718573451042,0.057843299210071565,0.06588704604655504,0.0742495372891426,0.05850570946931839,0.19917804896831512
2019-12-17,0.10215485878288746,0.09482706859707832,0.06489119564763612,0.04694325985192336,0.0612962406128645,0.05679778046905994,0.052689720317721365,0.06407146826386452,0.05813934132456779,0.06584792006760835,0.07481014132499694,0.05824120976030826,0.1992897719144821
2019-12-18,0.1021306000649929,0.09478891231119632,0.06516874170388345,0.04654395327991097,0.061402900889515874,0.05668944828212261,0.05254537612199783,0.06348966732621193,0.05869639590382576,0.06585198044776916,0.0756361722946167,0.057779856771230695,0.19927600026130676
2019-12-19,0.10215005613863468,0.09478080831468105,0.06535725630336113,0.04629973331793735,0.06153557039797306,0.056219933554530144,0.05196170322597027,0.06263623014092445,0.059555403888225555,0.06579763386398554,0.07658496424555779,0.05787207372486591,0.19924864470958709
2019-12-20,0.1020894892513752,0.09521329812705517,0.06554553548288364,0.04617524926609349,0.061681360378861426,0.05539003051817417,0.051567417755723,0.06195668876171112,0.060240273177623746,0.06599014792591333,0.07748774662613869,0.05746271051466465,0.199200040102005
2019-12-23,0.10214642360806465,0.09578633792698384,0.06582778063662857,0.046286022644289916,0.062239620462059976,0.05420419834554195,0.05084884166717529,0.061167127639055255,0.06102338507771492,0.06635067500174045,0.07781373858451843,0.05722440108656883,0.1990814447402954
2019-12-24,0.1018340028822422,0.09631547778844833,0.0662396442809694,0.04647742267067656,0.06293935887515545,0.052943230420351026,0.04998320378363132,0.06064417734742165,0.06163299754261971,0.06696617472916841,0.0781231015920639,0.05679657720029354,0.19910464584827423
2019-12-26,0.1011432308703661,0.09638661332428455,0.06650875776943384,0.046519022912735866,0.06344305165112019,0.05186771117150783,0.0494307816028595,0.06025009155273438,0.06195162311196327,0.06783664152026177,0.07873182743787766,0.05675225034356117,0.19917840957641603
2019-12-27,0.1006209023296833,0.09704998433589936,0.06606169090736173,0.04672380932432248,0.06444612070918083,0.050812358409166335,0.048722524754703046,0.05989356786012649,0.06198813840746879,0.06856634542346,0.07933306321501732,0.05659583956003189,0.19918565452098846
2019-12-30,0.09974522963166237,0.09708108827471733,0.06527885915354954,0.046941325933909185,0.06561963632702827,0.050136204622685906,0.0481202183291316,0.06002652123570442,0.06200151368975639,0.06943336836993694,0.07999533712863922,0.05647246204316616,0.19914823174476623
2019-12-31,0.09878943897783757,0.09682526737451554,0.06489163309770962,0.047243676186792524,0.06649472713470458,0.04941091649234295,0.04736813642084599,0.060636382550001144,0.06188904121518135,0.07028249818831682,0.08076564073562623,0.056047138571739194,0.1993554949760437
2020-01-02,0.09841136895120144,0.09708954617381096,0.06478590707062767,0.0474041747376134,0.06730206161737443,0.04886450357735157,0.0467725932598114,0.06147520318627357,0.061598238348960874,0.07036335077136754,0.08097820356488228,0.05564913041889667,0.1993056982755661
2020-01-03,0.09843485541641712,0.09775911308825017,0.06407314803715139,0.04740189386524207,0.06823293305933475,0.04798504188656807,0.046542294323444366,0.06165362074971199,0.06135216802358627,0.07051605749875307,0.08155145570635795,0.055378808081150054,0.19911864399909973
2020-01-06,0.09810664802789688,0.09733415096998214,0.063387625399149,0.04801043050116505,0.06843769699335098,0.04707064740359783,0.046489734947681424,0.06174250170588493,0.06127299442887306,0.07039526924490928,0.08288254737854003,0.05540967434644699,0.19946008622646333
2020-01-07,0.09841404259204864,0.09826818853616714,0.06315206479317599,0.04873998241297386,0.06886836215853691,0.04638203699141741,0.04594337549060583,0.06163904815912247,0.06120885238051414,0.06979634799063206,0.08354991748929023,0.054748352617025375,0.19928944408893584
2020-01-08,0.09814836196601391,0.0988337516784668,0.06271590404207714,0.04881343836960354,0.06901483312249183,0.046261978894472124,0.04577850643545389,0.06128226667642593,0.06131375283002853,0.06961047947406769,0.08434169515967369,0.05454373806715011,0.19934130609035491
2020-01-09,0.09834785982966424,0.09998941347002983,0.0626587312506027,0.048664378915754015,0.06921180412173271,0.046356093138456345,0.04562578573822975,0.06057580634951591,0.06135800033807755,0.07013310119509697,0.08365376070141792,0.05422341749072075,0.19920183420181276
2020-01-10,0.09848892241716385,0.10101439021527767,0.06235123611343276,0.04845923668352725,0.06940514817833901,0.04645389821380377,0.0457073237746954,0.05995777696371078,0.061339244991540906,0.07121235728263856,0.08297888711094856,0.05345294401049614,0.19917865097522736
2020-01-13,0.09846352487802505,0.10121661648154259,0.06171817297500297,0.048167997757036576,0.06990326344966888,0.04643223024904728,0.04567134939134121,0.059525488317012785,0.061252744495868684,0.0728121917694807,0.08241073787212372,0.05326888598501682,0.19915679693222046
2020-01-14,0.09888821169734001,0.10243717804551125,0.06171024479359559,0.04803058070809243,0.07029822766780854,0.046409351751208305,0.044911330565810204,0.059310562908649445,0.06101952567696571,0.07398584932088852,0.08056279346346855,0.05340234227478504,0.19903379380702974
2020-01-15,0.09869904592633247,0.10240129567682743,0.06193527469685467,0.04777212296893936,0.07007981613278388,0.04680285509675741,0.04497824348509312,0.05961874201893806,0.06077008470892906,0.07528018094599247,0.07960090935230255,0.053058937564492224,0.1990024983882904
2020-01-16,0.0983320102095604,0.1022147610783577,0.06218901093745686,0.047370722862712,0.06984947919845581,0.047543193213641644,0.04507886823266745,0.06016665399074554,0.060293563455343244,0.07676086574792862,0.07782337442040443,0.05338247045874596,0.19899502396583557
2020-01-17,0.09781668819487095,0.10241553261876106,0.06282250248697566,0.0472231391269986,0.07012735679745674,0.048133605532348155,0.044756072014570235,0.06057044044137001,0.059520375728607175,0.07771136201918125,0.07622289657592773,0.05377921462059021,0.19890084862709045
2020-01-21,0.09763619415462017,0.1027101680636406,0.06258093232125787,0.04715508800495627,0.070200876891613,0.048855063132941724,0.044711862318217756,0.060822635889053345,0.05864780470728874,0.07870734483003616,0.07517651915550232,0.054005196690559386,0.1987902879714966
2020-01-22,0.09713024049997329,0.10239553824067116,0.06188552872961299,0.047058132365964414,0.07001016885042191,0.05002114251255989,0.04527091532945633,0.06141233593225479,0.05798622816801071,0.07954567298293114,0.0736863598227501,0.05453451946377754,0.1990632086992264
2020-01-23,0.09632120914757251,0.1023980226367712,0.06134653211557559,0.04703259132693631,0.07108030840754509,0.05114268697798252,0.045610733330249786,0.062050867825746536,0.05730426460504532,0.08007421456277371,0.07233531102538109,0.0543774738907814,0.19892579317092896
2020-01-24,0.09562047533690929,0.10258804783225059,0.06071583524210063,0.046738069739492974,0.07013916522264481,0.05258034523576498,0.04614266753196716,0.06295931115746498,0.057073626667261124,0.08070164434611797,0.07083092480897904,0.05501080378890037,0.19889906346797942
2020-01-27,0.09470656551420689,0.10201826654374599,0.05998062990190896,0.04619551745589945,0.06914024278521538,0.054570044949650766,0.04705969132483005,0.06413938626646995,0.057220854237675665,0.0813855104148388,0.06938153430819512,0.054881245642900464,0.1993205189704895
2020-01-28,0.09261791333556176,0.10141967982053757,0.05857988511157917,0.047223271088034834,0.06906578093767166,0.05637711528688669,0.04740357659757137,0.06472189426422119,0.05791203901171684,0.08189327828586102,0.06793331503868102,0.054016975313425065,0.20083526968955995
2020-01-29,0.0914323940873146,0.10268167145550251,0.05779579795424752,0.0486990730815819,0.06993581280112267,0.05804486572742462,0.04720235764980316,0.06506694182753563,0.05697333812713623,0.08271317705512046,0.06656767651438714,0.05334157980978489,0.19954531788825988
2020-01-30,0.08900829255580903,0.1021872654557228,0.05672167156881791,0.049274813556212396,0.06954405233263969,0.06059190481901169,0.048334487900137904,0.06667415350675583,0.055976735055446626,0.08486205488443374,0.06464624106884002,0.05283195152878761,0.1993463784456253
2020-01-31,0.08661395013332367,0.10124472081661225,0.05605144186299391,0.049332331111099845,0.06835388839244842,0.06364099383354187,0.049553507193923,0.06857054010033607,0.05519357211887836,0.0863617055118084,0.06288910955190659,0.05270942449569702,0.19948479533195496
2020-02-03,0.0849929116666317,0.10084803514182568,0.05587034065118566,0.049917016459642125,0.06707266308367252,0.06620272099971772,0.051013679802417757,0.06939761713147163,0.054719602689146996,0.08636534437537194,0.06029604598879814,0.05208793133497238,0.20121611952781676
2020-02-04,0.08466779366135598,0.10162800289690495,0.05641626182166863,0.05053989161759631,0.06617111936211587,0.0683798536658287,0.05170251503586769,0.07003329508006573,0.053802590072155,0.08598208874464035,0.0589923907071352,0.051703982055187225,0.19998019337654113
2020-02-05,0.08380673006176949,0.10119364708662033,0.05653939443576359,0.05045969998236473,0.06406472958624362,0.06988393478095531,0.05252792797982693,0.07130503617227077,0.05288486853241921,0.08665149956941605,0.05871999375522137,0.0520944781601429,0.1998680591583252
2020-02-06,0.08350433185696601,0.10059410631656647,0.05680835947182885,0.05013200234674855,0.061552925035357475,0.07062504552304745,0.05293112397193909,0.07312948480248452,0.052536530792713164,0.08785322904586793,0.058293814212083815,0.05271686539053917,0.19932219684123992
2020-02-07,0.08344409093260766,0.10100319534540177,0.05623333487050371,0.049631624579083676,0.05930342860519886,0.0713985200971365,0.05350875817239285,0.07481557726860047,0.052374258264899255,0.08844720385968685,0.05712626203894615,0.05370809882879257,0.19900563657283782
2020-02-10,0.08381541520357132,0.10038531422615052,0.05610350486714637,0.04968891458319291,0.05783286988735199,0.07184959910809993,0.05385418012738228,0.07649293467402458,0.052265286818146704,0.08834628574550152,0.055621078982949254,0.054574038833379745,0.19917056560516358
2020-02-11,0.08433689773082734,0.1005780328065157,0.056124385825222056,0.0495759122919921,0.05653876215219498,0.07200340777635575,0.053587934002280235,0.07773492187261581,0.05206674560904503,0.08811469860374928,0.05462002418935299,0.055834002792835236,0.19888426661491393
2020-02-12,0.08442524522542953,0.10003328286111354,0.05612100470055399,0.049414725550106196,0.05524077191948891,0.07265052869915962,0.05344492681324482,0.07904692515730857,0.05170380435883999,0.0880746129900217,0.05392277874052524,0.05716225206851959,0.19875913262367248
2020-02-13,0.08445121422410011,0.10022928342223167,0.05585957796696128,0.0488593535258147,0.053975673764944075,0.07339409254491329,0.053478774055838584,0.08024085387587547,0.05119399838149548,0.0882418293505907,0.052842475846409796,0.05847136303782463,0.19876150488853456
2020-02-14,0.0838108628988266,0.09951382130384445,0.05553939376246433,0.04857445843834114,0.05285101570188999,0.0745062604546547,0.054226428642868994,0.08143354281783104,0.05070252269506455,0.08866441547870636,0.05140935219824314,0.060018245875835416,0.1987496942281723
2020-02-18,0.0832766316831112,0.09915736243128777,0.05471576412705943,0.048236057720020396,0.052069757506251334,0.07547418475151062,0.05470233522355557,0.0826784074306488,0.05016064196825028,0.08899588398635387,0.05021262057125568,0.06164350658655167,0.19867686331272125
2020-02-19,0.08225516378879547,0.09860076159238815,0.053989518046268434,0.04812791894379274,0.05105758011341095,0.07666446641087532,0.05557631403207779,0.08413605205714703,0.04990100190043449,0.08893044739961624,0.04947302751243114,0.06268320307135582,0.1986045479774475
2020-02-20,0.08164991214871406,0.09907846860587596,0.05372742895233973,0.047929047065664324,0.05040883794426918,0.07749056927859783,0.05598475933074951,0.08492515236139297,0.04944942705333233,0.08838251233100891,0.04872056767344475,0.06347748264670372,0.19877583980560304
2020-02-21,0.07999470084905624,0.09842472784221172,0.05344906264686724,0.04749799628170877,0.05002918429672718,0.07881647907197475,0.057195379957556726,0.08598615266382695,0.048882263526320455,0.08821947649121284,0.047567281499505044,0.06514557152986526,0.19879172444343568
2020-02-24,0.07943825647234917,0.09896105155348778,0.05275136206574356,0.04680352147569451,0.049433181062340736,0.08026734478771687,0.05866858251392841,0.08694405518472195,0.04796025566756725,0.08758347183465957,0.04640512615442276,0.06581186428666115,0.1989719331264496
2020-02-25,0.0592446893453598,0.07333273496478795,0.041056795186938014,0.03645220773304984,0.03868833314627409,0.06243846639990806,0.04645649008452892,0.06674585230648518,0.038423629105091096,0.06717078685760498,0.03628938514739275,0.05063954368233681,0.38306109309196473
2020-02-26,0.04976957030594349,0.06282487474381923,0.03546446388769375,0.031893068713770845,0.0343722889199853,0.054691824689507486,0.04070338420569897,0.05811247751116753,0.034162233397364614,0.05770087018609047,0.031160126626491546,0.04398265480995178,0.46516215801239014
2020-02-27,0.04886318445205688,0.062453067302703856,0.03496435780548186,0.03178157201894187,0.034743431583046915,0.05631302520632744,0.041624472662806514,0.058560699224472046,0.034851642698049544,0.0582764532417059,0.03069539610296488,0.043757546693086624,0.4631151556968689
2020-02-28,0.04669767171144486,0.060004414059221745,0.03473758973364997,0.03227716580818622,0.03496364895254374,0.05822623614221811,0.04319959823042154,0.05879809819161892,0.03593306057155132,0.0579292044043541,0.030442458018660544,0.042127758637070654,0.46466310024261476
2020-03-02,0.04719310104846954,0.060221122950315474,0.03484608967966416,0.033117857351669146,0.03568816650658846,0.05914443135261536,0.04494157880544662,0.05867933407425881,0.03778205215930939,0.058670670911669734,0.03063494022935629,0.042956653609871866,0.45612401366233823
2020-03-03,0.04783802852034569,0.061352034099400043,0.035122132844056256,0.033307159161444846,0.03545824177563191,0.05965785924345255,0.045391307771205903,0.05635917745530605,0.03815942779183388,0.05909462124109268,0.030894471518695354,0.04363975338637829,0.4537257969379425
2020-03-04,0.04837287440896034,0.061020402982831,0.034962744835285164,0.03311886298897555,0.03510453943163157,0.06009071273729205,0.047297063283622265,0.054973119497299196,0.03952290080487728,0.05764400251209736,0.030977176316082478,0.04273151010274887,0.45418408513069153
2020-03-05,0.04981741458177567,0.06260824650526046,0.03545952556348766,0.03314556973350093,0.03456207513809204,0.06056093648076057,0.04792590644210577,0.054103053733706476,0.03980250582098961,0.055425269156694414,0.031061747670173646,0.042922888323664664,0.4526048481464386
2020-03-06,0.04931454584002495,0.06176651250571012,0.035391085356557286,0.03378921426749102,0.03458847049623728,0.06114604063332081,0.04837135579437017,0.05329558327794075,0.04135936461389065,0.053044316917657854,0.03095448259264231,0.042621494829654695,0.45435751080513
2020-03-09,0.049818989261984824,0.06160871163010597,0.03509404570156231,0.03414684785058615,0.03465337101370096,0.061293565388768914,0.048576305620372295,0.05260683707892895,0.04294930398464203,0.05101611874997616,0.031364882737398146,0.04237495139241219,0.4544960677623749
2020-03-10,0.04861851260066032,0.06034601964056492,0.033274565448675374,0.033487634974461854,0.03439649436622858,0.06353783486410976,0.050007167272269726,0.053071451187133786,0.04385739397257567,0.05140907615423203,0.030747263133525847,0.041204404830932614,0.4560421764850616
2020-03-11,0.049965955689549445,0.061582892760634424,0.03324101168197728,0.033203220261344056,0.03456043731421232,0.06263731755316257,0.047592162527143954,0.051995448768138885,0.04385875836014748,0.052834360674023625,0.031035503931343557,0.041555266454815866,0.4559376657009125
2020-03-12,0.04947913996875286,0.06110735796391964,0.03211974693633248,0.03248941037323298,0.03431782424449921,0.06394556937739253,0.04709203168749809,0.051256893575191496,0.04480794630944729,0.05449007339775562,0.03113951925188303,0.040383190661668775,0.45737127065658567
2020-03-13,0.04831871129572392,0.06026159375905991,0.03077621356729221,0.03071297244831701,0.03314243983477354,0.0682571167126298,0.05037502981722355,0.05115976706147194,0.046448540315032004,0.056672630831599236,0.03241553325206041,0.03906011804938316,0.45239930748939516
2020-03-16,0.0503541961312294,0.06182886436581612,0.030985995344651053,0.0306158174993012,0.03345766384154558,0.06364462682977319,0.047734628058969976,0.048789100348949434,0.04610543921589851,0.05583626255393028,0.032303829304873945,0.04005851559340954,0.45828508138656615
2020-03-17,0.049099625647068025,0.06001349911093712,0.029443799868150756,0.02982489450333752,0.03212259262800217,0.06870842268690466,0.05305643156170845,0.05055295825004578,0.04803597591817379,0.059963182732462886,0.033436866290867326,0.03593825921416283,0.44980348944664
2020-03-18,0.05111443549394608,0.06325131803750991,0.03004638006576883,0.030075291155429264,0.033268310502171515,0.06681556608527899,0.04997732937335968,0.04706272818148136,0.04875805601477623,0.05910099446773529,0.033420537039637564,0.037277520447969434,0.4498315453529358
2020-03-19,0.0509388193488121,0.0643945001065731,0.029004871904674268,0.02950709501385145,0.03196513969451189,0.06829833965748548,0.04928204342722893,0.04489532858133316,0.04948143512010574,0.061168310418725017,0.034498121961951254,0.03527732975780964,0.45128867626190183
2020-03-20,0.05106551647186279,0.06480053886771202,0.029886708025863663,0.029344037128010213,0.03200746402144432,0.06765499487519264,0.04991683010011912,0.04187556765973568,0.049972360208630565,0.06265973150730134,0.035273357108235356,0.03493697978556156,0.4506059229373932
2020-03-23,0.05055776983499527,0.06401369422674179,0.029297861275627925,0.028731329281558436,0.03222989197820425,0.06716446857899427,0.052771460451185706,0.04167029783129692,0.050744200870394704,0.06307721175253392,0.03503367826342583,0.033996596559882165,0.4507115244865417
2020-03-24,0.051081261783838275,0.0640094093978405,0.02852731807756239,0.02813387324545964,0.031895676627755165,0.06578627349808812,0.0533096669241786,0.04374443478882313,0.05196743458509445,0.06319366656243801,0.034795946814119814,0.0333836205303669,0.45017142295837403
2020-03-25,0.053443710505962375,0.06427368074655533,0.028897474391623136,0.028539637416913167,0.032455433160066605,0.060597226954996586,0.049202891252934935,0.04109423346817494,0.05274241305887699,0.06140563786029816,0.03348056375980377,0.03474823273718357,0.4591188669204712
2020-03-26,0.05339041501283646,0.06326316222548485,0.02874775968237451,0.028698361486062397,0.03273197058588266,0.06023137206211686,0.049041675962507726,0.04289216659963131,0.05394715890288353,0.059899626299738884,0.0330926887691021,0.036168608069419864,0.4578950345516205
2020-03-27,0.05459364801645279,0.06427474543452263,0.02948362333410781,0.02885077802874978,0.03260528724640608,0.05931535456329584,0.04857601970434189,0.041852570697665216,0.05558545254170895,0.058524736762046815,0.03187236357480287,0.03765396066009998,0.45681148767471313
2020-03-30,0.053719530999660495,0.06361291483044625,0.029241970645336048,0.029334369113515103,0.03194957319647074,0.05980703439563513,0.04974299147725105,0.04134030118584633,0.05627219118177891,0.058037346228957176,0.031559168547391894,0.03758779987692833,0.4577948093414307
2020-03-31,0.0546678327023983,0.06510237455368043,0.02980302645042805,0.030060339852483152,0.03225300498306751,0.05933159850537777,0.04857757426798344,0.040928416699171064,0.057129623368382454,0.05728781521320343,0.03097844459116459,0.03784180097281933,0.4560381531715393
2020-04-01,0.05437480881810188,0.06422706991434098,0.02949233985158415,0.029609442899808512,0.03190061021596193,0.05932093989104033,0.04801378063857555,0.04007111229002476,0.05864355005323887,0.058927391469478604,0.030386086739599704,0.037532692030072215,0.45750016570091245
2020-04-02,0.05285824425518513,0.06342563107609749,0.028243013245164227,0.02956055623785705,0.0318352360278368,0.06035715732723475,0.04936884045600891,0.03922632746398449,0.05909564755856991,0.059946558624506,0.03129168096929789,0.03624991327524185,0.4585412085056305
2020-04-03,0.05271239019930363,0.06416886076331138,0.028103378171681292,0.029842470976938706,0.032364586181938645,0.06075567761436105,0.049624258279800416,0.03901603557169438,0.05927400067448616,0.059370651841163635,0.0321316996589303,0.03606216050684452,0.45657382607460023
2020-04-06,0.052323412522673605,0.06406312808394432,0.02807287521125996,0.03011401477054072,0.03166411109268665,0.061425023060292,0.050053832679986955,0.038626374676823616,0.059682709723711015,0.05811878815293312,0.03247632794082165,0.035415124893188474,0.4579642593860626
2020-04-07,0.053746197000145914,0.06615973263978958,0.029342015642961527,0.030408404395514666,0.03194837383925915,0.06026548501104116,0.049019912257790565,0.0381014246493578,0.059186437726020814,0.056908697634935376,0.03217258471995592,0.03650132566690445,0.4562394142150879
2020-04-08,0.05340656191110611,0.06615557596087455,0.02964797286384844,0.03046171418083965,0.0318033603951335,0.06007946729660034,0.04861648827791214,0.03869987614452839,0.05903217829763889,0.056493835896253584,0.032800362817943095,0.03658573850989342,0.4562168776988983
2020-04-09,0.05408950820565224,0.06694488152861595,0.030543937095778694,0.030150425175310146,0.031510928831994536,0.05904733408242464,0.04754262864589691,0.03883458189666271,0.05907779261469841,0.055880694091320036,0.032928287982940674,0.038187744468450545,0.45526126623153684
2020-04-13,0.054039978235960004,0.06644222065806389,0.03128589494255465,0.029989246668941406,0.030652719922363757,0.057485797256231305,0.04623247869312763,0.03983568176627159,0.061594657227396966,0.05571133494377136,0.03301749099045992,0.039254254475235936,0.4544582486152649
2020-04-14,0.05435466468334198,0.06763327419757843,0.03125681651558647,0.029488210782321646,0.03034763876348734,0.05634651556611061,0.045112518966197966,0.03974080011248589,0.0625857163220644,0.05606515482068062,0.033335202001035215,0.03876744657754898,0.45496605038642884
2020-04-15,0.055021582543849944,0.06864314377307892,0.031923541388147215,0.029207107856728955,0.03029534164816141,0.054712817445397376,0.04363567270338535,0.03935226500034332,0.06425876505672931,0.05592495948076248,0.0331612728536129,0.039771908149123195,0.45409162640571593
2020-04-16,0.0549439899623394,0.06768016889691353,0.03150573758518682,0.02997574605986859,0.029972416721284388,0.05325072044506669,0.04309690520167351,0.03916012942790985,0.06540594696998596,0.05525532849133015,0.03411343190819025,0.0395090039819479,0.456130450963974
2020-04-17,0.055066923052072524,0.06796783357858657,0.03133135559534885,0.030673213415808753,0.029995675571262835,0.05246289605274797,0.04249499700963497,0.03868357092142105,0.06594417616724968,0.05520288050174713,0.035069643147289754,0.03939851187169552,0.45570831894874575
2020-04-20,0.05462853014469147,0.0678660288453102,0.03183722076016267,0.030867636345720227,0.029853152763098478,0.05188849433325231,0.041188251599669455,0.038574859499931335,0.06613448075950146,0.05663100518286228,0.035568487644195554,0.039557259902358054,0.45540459752082824
2020-04-21,0.054437655210495,0.06783627346158028,0.030936925543360517,0.0305379977825055,0.02898546038195491,0.051963885920122264,0.04089604839682579,0.03824804052710533,0.06663038060069085,0.05728882066905498,0.03622887656092644,0.03965352140367031,0.4563560962677002
2020-04-22,0.05406583622097969,0.0675153486430645,0.03060016430482939,0.030711069547157698,0.02903471076861024,0.05289938114583492,0.041183097288012505,0.03796468526124954,0.06648002043366433,0.0566524975001812,0.035905961878597736,0.039737161993980405,0.457250052690506
2020-04-23,0.054234087467193604,0.06802624240517616,0.03055085075871773,0.030874170476104724,0.02945871064439416,0.054008146794512865,0.04071276001632214,0.03781641311943531,0.06600308865308761,0.05588681064546108,0.03692467361688614,0.03988215215504169,0.4556218862533569
2020-04-24,0.05368043407797814,0.06731453537940979,0.03076763802420448,0.030658717658381462,0.029197566118091343,0.05596003420650959,0.0410354845225811,0.037941676750779155,0.06531065180897713,0.05551403760910034,0.03714782241731882,0.03952130451798439,0.4559501111507416
2020-04-27,0.052752253413200376,0.06683682650327682,0.03087286396140776,0.030326017753683487,0.028524493519216775,0.0580389603972435,0.04138576872646808,0.037608100846409795,0.06690945886075497,0.05474578812718391,0.0373993506655097,0.038824021071195605,0.4557760775089264
2020-04-28,0.052118051797151566,0.06654526591300965,0.03133533326689335,0.029508750815945818,0.028231982979923485,0.05949578885920346,0.04178629592061043,0.03806475847959519,0.06655256561934948,0.054246236383914945,0.038120674528181554,0.0384924590587616,0.4555018603801727
2020-04-29,0.05191424190998077,0.0682603195309639,0.03147747435771233,0.028805952281100566,0.02785359267145395,0.060615020850673315,0.042178579792380336,0.03821377642452717,0.06530131809413434,0.054088852182030675,0.0388684842735529,0.037722420692443845,0.45469995141029357
2020-04-30,0.0525323212146759,0.06954966336488724,0.032086790641326066,0.02843186716288528,0.028007131069898605,0.061436498956754806,0.04153042249381542,0.038120603561401366,0.06327026486396789,0.0548756942152977,0.03903738735243678,0.037393778935074805,0.4537275850772858
2020-05-01,0.05301826298236847,0.06931699961423873,0.03175264443902446,0.029261351218964293,0.02808425957337022,0.061105861840769646,0.04096548408269882,0.03809830136597157,0.06118292212486267,0.05656109116971493,0.037960357032716274,0.036874210089445116,0.45581825971603396
2020-05-04,0.053584234416484834,0.06981364637613297,0.03115889958532172,0.029784263166326142,0.028353048767894507,0.060400704154744744,0.04023443311452866,0.037503088265657424,0.061095040291547775,0.057307006791234016,0.03663110360503197,0.03723210915923118,0.456902414560318
2020-05-05,0.05429873615503311,0.07115914151072503,0.03127993613763156,0.030283628608537505,0.029236186668276785,0.060158222215250134,0.039001941308379175,0.037135308235883714,0.06081628054380417,0.05726935938000679,0.035658354964107276,0.037629459798336026,0.4560734570026398
2020-05-06,0.054790551960468295,0.0722228653728962,0.03132475770299692,0.030374460569048446,0.029498532973229886,0.06098595070652664,0.03807359486818314,0.03686172887682915,0.06013260781764984,0.05723263397812843,0.035209765657782555,0.03772459253668785,0.4555679619312286
2020-05-07,0.05421862304210663,0.07239659130573273,0.030944485614409878,0.029673157929636318,0.028955591842532158,0.061544011370278894,0.03817353248596191,0.03718135207891464,0.060217130929231644,0.057474073767662046,0.03508728984743357,0.03771138302981854,0.45642277002334597
2020-05-08,0.05405233651399612,0.07277139872312546,0.03084950336019574,0.029347281044717732,0.028654962684959172,0.06235300248954445,0.038229646533727644,0.03708416894078255,0.060047049075365067,0.058047926798462865,0.035568225756287576,0.037936271354556086,0.4550582230091095
2020-05-11,0.05448591560125351,0.07412963062524795,0.03147665132323922,0.028992011486009515,0.02874932689592242,0.06335734745953232,0.037946070358157155,0.0367855254560709,0.05904557257890701,0.05781697295606136,0.03574400078505278,0.037892819941043855,0.45357815027236936
2020-05-12,0.05467217266559601,0.07570015266537666,0.03131802140343591,0.028217562746437785,0.028292433079332113,0.06382878180593252,0.037225928902626035,0.037651083618402484,0.058951671421527865,0.057178812101483345,0.03558597881346941,0.037711677327752116,0.45366573333740234
2020-05-13,0.05610843002796173,0.0776208482682705,0.03138261295909093,0.027963026806838088,0.027598703233525156,0.063948920276016,0.03671071156859398,0.03734750486910343,0.05745836794376373,0.05564587488770485,0.03472305703908205,0.03744306080043316,0.4560489058494568
2020-05-14,0.057659879326820374,0.0793155200779438,0.031538663553353705,0.027523707837380763,0.02707696268334985,0.06414715170394629,0.03620627224445343,0.03645229954272509,0.05747080147266388,0.05429591424763203,0.03395983763039112,0.03803703058511019,0.45631600022315977
2020-05-15,0.05871852189302444,0.08038760423660278,0.0320636761581671,0.027173212903960575,0.026819029171019793,0.06509844388347119,0.03579954765737057,0.035692054964601996,0.056984779238700864,0.05362732149660587,0.033465360291302204,0.038633952103555205,0.4555364787578583
2020-05-18,0.05809152647852898,0.07986503094434738,0.0326395769195182,0.02686311257580041,0.026661128923296928,0.06703886180184782,0.035622448474168775,0.03531605266034603,0.05557632818818092,0.05411721244454384,0.0330220952630043,0.03821396417915821,0.45697266459465025
2020-05-19,0.05743701905012131,0.07855882942676544,0.03354013550266686,0.02691976023781937,0.026950793527066707,0.06947233916725963,0.03658270165324211,0.0353661959990859,0.05396189317107201,0.05476974211633205,0.032846640422940256,0.03911214582622051,0.45448182225227357
2020-05-20,0.05754442811012268,0.07763519957661628,0.03309801478388295,0.027265006650358536,0.026491335686296226,0.07060083113610745,0.03758360706269741,0.03587517198175192,0.0522461898624897,0.05602459125220775,0.03232044540345669,0.038537734933197496,0.4547774434089661
2020-05-21,0.05750055983662605,0.07696930691599846,0.03338750850344763,0.027295897377927147,0.026130591658875345,0.06971985797863453,0.03687669225037098,0.03542847093194723,0.0509435810148716,0.055747659504413606,0.03237851578742266,0.037819714099168775,0.4598016500473022
2020-05-22,0.05747447684407234,0.07728062048554421,0.03345193448418815,0.027583775555306465,0.025880573457106947,0.06916684005409479,0.03604820966720581,0.035526595264673236,0.0505156897008419,0.05710761286318302,0.03224580083042383,0.037055000104010104,0.46066287755966184
2020-05-26,0.056846806406974794,0.0769138440489769,0.033372637242367095,0.027354820908481337,0.025828467402607202,0.06784211720805615,0.03481329344213009,0.0353308392688632,0.05063504427671432,0.05728469714522362,0.032205996289849284,0.03643256351351738,0.46513885259628296
2020-05-27,0.057327385246753695,0.07729019671678543,0.03422099000193999,0.028240365867047323,0.02694806531071663,0.06972916155355051,0.0351299837231636,0.03577300794422626,0.051456056907773016,0.06025014333426952,0.033114701882004736,0.03699497152119875,0.4535249829292297
2020-05-28,0.056561625003814696,0.07647673264145852,0.03463741378492582,0.02778488894534572,0.026458625541999937,0.0695592055679299,0.03441684022545814,0.03561232667416334,0.0516352441161871,0.05997623056173325,0.03359534479677677,0.03639251589775085,0.4568929970264435
2020-05-29,0.0553767517209053,0.07497340887784958,0.034279449628953,0.027267624190158556,0.02571500400081277,0.06916249758796766,0.03346144370734692,0.035539348237216474,0.05173713341355324,0.0586363710463047,0.03440782949328423,0.03559690620750189,0.4638462245464325
2020-06-01,0.055621299892663956,0.07471014633774757,0.03407891820232347,0.02686181637218432,0.02579025151208043,0.07007349875057116,0.03295462392270565,0.03551048804074526,0.05194728970527649,0.0588380191475153,0.035046427696943286,0.03506120909005404,0.4635059952735901
2020-06-02,0.05638828426599503,0.07461609244346619,0.034202498703242414,0.027046770126140984,0.026037798915058374,0.07005572743946686,0.03192778788506985,0.03531552255153656,0.05156943835318088,0.0585220780223608,0.03548479899764061,0.03531853798776865,0.463514643907547
2020-06-03,0.05748445093631745,0.07523590549826623,0.03421761240193533,0.026947568184413306,0.02632629140280187,0.0699879671796225,0.031039802357554436,0.03543909043073654,0.05065529830753803,0.058435172960162166,0.03611552976071834,0.03513542897999287,0.4629798948764801
2020-06-04,0.05907017290592194,0.07703148052096367,0.03465644028037005,0.027470788653919342,0.027011132147163153,0.07179627574514598,0.031264766864478585,0.03577159643173218,0.05114278458058834,0.06142429858446121,0.036830232664942744,0.03567507509142161,0.4508549511432648
2020-06-05,0.06022551655769348,0.07819415479898453,0.03469737046150332,0.027173159524585877,0.02703960263170302,0.07120442345039919,0.03173740655183792,0.036084305867552756,0.05241125673055649,0.06253333538770675,0.03774562813341618,0.035313353128731254,0.44564048051834104
2020-06-08,0.059489748626947406,0.0769167885184288,0.03462026378729046,0.026470116519523225,0.027007470931857826,0.06920096229296177,0.030841562151908874,0.03565061781555414,0.051963722333312035,0.062336862087249756,0.037530206888914106,0.03500199243426323,0.4529697000980377
2020-06-09,0.05999706536531448,0.07663676738739014,0.034615895726933486,0.026347794630614808,0.026981753250584006,0.06819916469976306,0.03059171177446842,0.035683156177401545,0.05279205441474914,0.06304188221693038,0.037845409289002416,0.03501751143485308,0.45224984288215636
2020-06-10,0.06094028279185295,0.07722096964716911,0.03438764898851119,0.02673789289598112,0.0269354366697371,0.06666031075874343,0.030474715679883958,0.03591287117451429,0.055126819759607315,0.061914195865392686,0.03881657123565674,0.03498822338879108,0.4498840391635895
2020-06-11,0.06395304426550866,0.0804116539657116,0.03498339400376125,0.02748762565278042,0.028024926874786617,0.06534132519736886,0.031083322875201703,0.03701659236103296,0.05871493779122829,0.06162404529750347,0.041424524039030075,0.036664001271128656,0.4332706451416016
2020-06-12,0.060017164796590805,0.07683066427707672,0.03286715582293169,0.02672130719221393,0.02776614944450557,0.06100313521455973,0.029839205741882324,0.037720695696771146,0.057389313355088234,0.05807377547025681,0.041607582941651344,0.03471264503896236,0.45545122027397156
2020-06-15,0.05958901047706604,0.07727747634053231,0.03359890436084445,0.027349168404309586,0.028768893470987676,0.05963962982641533,0.02900695111602545,0.03823308572173119,0.05714991800487042,0.05620027408003807,0.043840978667140006,0.03536034841090441,0.45398537516593934
2020-06-16,0.05852606296539307,0.07729547321796418,0.03414886466982488,0.027514678064566665,0.0288252426777035,0.05952964738244191,0.02893437333405018,0.03802650962024927,0.056635402143001556,0.05501680187880993,0.04591774344444275,0.0355222063139081,0.454107004404068
2020-06-17,0.05735591500997543,0.07696494981646537,0.034515073858751674,0.027667689544359497,0.028965321741998194,0.059912337572313845,0.029588589631021022,0.03754421435296536,0.05667177960276604,0.05400444529950619,0.04732814393937588,0.035738066956400874,0.45374348759651184
2020-06-18,0.05540264919400215,0.07558000385761261,0.03406187955400171,0.0272370912583769,0.028859683824703098,0.05953417450655252,0.030222752317786216,0.03705212026834488,0.057254892960190776,0.05254778191447258,0.04749747663736344,0.03552367519587278,0.4592258155345917
2020-06-19,0.05432272255420685,0.0746927261352539,0.03377827034721683,0.026745648129823607,0.028431460820138456,0.05890701786847785,0.0303096579387784,0.03673575911670923,0.05741780623793602,0.05103188902139664,0.0482382956892252,0.03545845095068216,0.4639303207397461
2020-06-22,0.05397617220878601,0.07452984154224396,0.03339187761501901,0.026573342993729376,0.028317796904593705,0.05902577228844166,0.03012212850153446,0.036720195598900315,0.05757277384400368,0.05061069317162037,0.04931915663182736,0.03573419023305178,0.4641060531139374
2020-06-23,0.05396933332085609,0.07480405643582344,0.033396845063863444,0.026656282157000534,0.028615673864260317,0.0592832898022607,0.02987570147961378,0.03653288725763559,0.056658541411161424,0.0503053080290556,0.0505760446190834,0.03579545207321644,0.4635305881500244
2020-06-24,0.053704168647527695,0.0751592144370079,0.033291740270584215,0.026660380852041855,0.02897296827286482,0.05979650195222348,0.029846341535449027,0.03648077063262463,0.055171132832765576,0.050482644140720366,0.05155911669135094,0.03538276180624962,0.4634922623634338
2020-06-25,0.053113604336977004,0.07560591995716096,0.03321077691724863,0.027609862434530896,0.028442588495090605,0.059337926364969464,0.029260468482971192,0.03612019792199135,0.05541362315416336,0.04911736436188221,0.05187939330935478,0.035690164938569066,0.46519811153411866
2020-06-26,0.052667726576328275,0.07679083123803139,0.03369252768892217,0.02868773273341052,0.02809117715805769,0.05967616462148726,0.028177460841834544,0.03553977441042662,0.05493425279855728,0.04847559705376625,0.05323870852589607,0.036349179409444335,0.4636788725852966
2020-06-29,0.05217196047306061,0.07685130685567856,0.03350288778443069,0.029097501441251162,0.02765121958218515,0.06004813311737962,0.027687518484890462,0.03529007155448198,0.05544334128499031,0.04815788976848125,0.05297472104430199,0.036322439275681975,0.4648010015487671
2020-06-30,0.051658709347248075,0.07747083157300949,0.034181996202354445,0.029213123498697334,0.027361994981765746,0.06124001037096605,0.026954604871571065,0.03496450837701559,0.05578389316797257,0.04826745390892029,0.05262541249394417,0.03647924717515707,0.4637981832027435
2020-07-01,0.05082015767693519,0.07701195627450944,0.03428779437191505,0.028782562308188986,0.027039629174396396,0.06361184568377212,0.026745128072798253,0.035107582435011865,0.05486094281077385,0.049703638255596164,0.05255320779979229,0.036076462268829344,0.463399076461792
2020-07-02,0.04994120672345161,0.07620037347078323,0.03354564367217474,0.028504717117731993,0.02712280200794339,0.06631112677860074,0.026650742255151273,0.035741623118519784,0.05312698930501938,0.05147641003131866,0.05289762802422047,0.035752284340560436,0.46272845268249513
2020-07-06,0.0489817276597023,0.07526594251394272,0.03311027825666155,0.028252566051816076,0.027245228970423342,0.06924587610701564,0.026698416471481322,0.036424800753593445,0.050974680483341216,0.05349964387714863,0.05304522402584553,0.03463438972830772,0.46262123584747317
2020-07-07,0.04833245240151882,0.07441195249557495,0.032824241021251054,0.02786368430009851,0.027363695949316025,0.07195066545391456,0.02650807108730078,0.03705554213374853,0.048825418949127196,0.05574827715754509,0.053213799744844435,0.03363960850983858,0.46226257681846616
2020-07-08,0.047618144378066066,0.07231858521699905,0.03206237705954287,0.02818862887469198,0.02650363268330693,0.07393412986129988,0.026534127444028853,0.037727702595293525,0.0487071342766285,0.0574296522885561,0.05263712778687477,0.03359031043946743,0.46274847984313966
2020-07-09,0.04696804359555244,0.07142920941114425,0.03151838986447277,0.028172296034301603,0.026447168178856374,0.07599260227289051,0.02629248835146427,0.037889822572469714,0.048028939962387086,0.05926212556660175,0.05263966768980026,0.033159912936389445,0.4621993124485016
2020-07-10,0.04593850448727608,0.07093772664666176,0.0308505774074046,0.02840025866378184,0.026060961792245506,0.07844398430606817,0.02653366103768349,0.03818578328937292,0.04709322042763233,0.06119971163570881,0.052579745277762414,0.03228783942759037,0.4614880084991455
2020-07-13,0.04599024318158627,0.07163283601403236,0.031406709398401844,0.028894583699295318,0.025911237625405193,0.08033956015133299,0.026727921143174172,0.03837985694408417,0.04642411097884178,0.06326846797019244,0.05366901010274887,0.031658725999295714,0.45569672584533694
2020-07-14,0.04516619592905045,0.0722012348473072,0.03075080768404046,0.028089178935210946,0.025481426902115346,0.0799505044327816,0.026980892196297644,0.03821607511490584,0.04604381285607815,0.06340179853141308,0.052672140300273895,0.030534619465470314,0.46051130890846254
2020-07-15,0.04480688273906708,0.07417896986007691,0.03077421696991074,0.02759560631230773,0.02542723179794848,0.08055527875840199,0.027355993539094924,0.037839702889323236,0.04485012516379357,0.06451711030676961,0.052791697531938554,0.029786599799990654,0.45952059626579284
2020-07-16,0.04450855925679207,0.074831523001194,0.031236142973371805,0.02722895998779116,0.025700556160882116,0.08175006265810225,0.027881493046879768,0.03789967559278011,0.04358137100934982,0.06591233015060424,0.0526916466653347,0.02918189326301217,0.45759578943252566
2020-07-17,0.04464617185294628,0.07527413815259934,0.03146089393609728,0.02712037462363224,0.026085411384701728,0.08331975801265798,0.028924009203910826,0.038908135145902634,0.04305422082543373,0.0675881934352219,0.05270037464797497,0.02918392876163125,0.45173439383506775
2020-07-20,0.048043586686253546,0.08015878647565841,0.03394033805061625,0.028738040278127208,0.028348668571561576,0.08909516392159275,0.031396765261888504,0.04210889376699924,0.04536608196794987,0.0730500821955502,0.05603308938443661,0.03137955032289028,0.4123409688472748
2020-07-21,0.05602493099868298,0.09092821180820465,0.03953394955362448,0.03292618092252049,0.03330898163840175,0.10301361137244384,0.03699205033481121,0.04974026158452034,0.051830392330884933,0.08490081261843443,0.06446221582591534,0.03696644157171249,0.3193719804286957
2020-07-22,0.06291102916002274,0.10065773874521255,0.045844732672405894,0.03663945775478936,0.03802165193483233,0.11602573212585413,0.04233071208000183,0.05788503214716911,0.057493482157588004,0.09580872859805822,0.07184196896851062,0.04229343514889479,0.2322462886571884
2020-07-23,0.0652127131819725,0.1031712144613266,0.04765550794519804,0.037695235333447916,0.03940336694940925,0.12055979815195314,0.04486241191625595,0.06167921982705593,0.058931798115372656,0.09823058489710093,0.07380177304148675,0.04431868232786655,0.20447769165039062
2020-07-24,0.06640180125832558,0.10376771092414856,0.047896359894895116,0.03758934200315682,0.03951881574466824,0.12058914492663461,0.0462429478764534,0.06339153796434402,0.0583506889641285,0.09722830448299646,0.07369976267218589,0.04444334376603365,0.20088024735450744
2020-07-27,0.06667687669396401,0.10453893393278121,0.04748607194307386,0.037306115955035676,0.03969164788722992,0.11949663571431302,0.04726821929216385,0.06464335024356842,0.057737086713314054,0.09606667347252369,0.07404521815478801,0.04467955697327852,0.20036359131336212
2020-07-28,0.06726715415716171,0.10474444478750229,0.04769042687284699,0.03740932358040823,0.04016430303454399,0.11788256106665358,0.04797315746545792,0.06478475108742714,0.057169157266616824,0.09383526090532542,0.0750087309628725,0.04450447726994753,0.20156623423099518
2020-07-29,0.06762726530432701,0.1056520864367485,0.047230268890727345,0.037699716002208915,0.04039776474237442,0.11718061686551665,0.049702965468168256,0.06537561900913716,0.057373812422156334,0.09139964189380408,0.07568370699882507,0.04476467445492745,0.19991187751293182
2020-07-30,0.06717108637094497,0.10536559298634529,0.047348236240522826,0.03790085821312257,0.0407767478376627,0.11595705084619112,0.050508159399032596,0.06483421362936496,0.05678216740489006,0.08939017746597529,0.07641754746437072,0.044184505380690096,0.2033636450767517
2020-07-31,0.06670567765831947,0.10431954190135002,0.04709894197857043,0.03984213039450868,0.04096535388380289,0.11593063135806006,0.05211736559867859,0.06476851627230644,0.057039542123675346,0.08923541642725467,0.07666256502270699,0.04410682637244463,0.20120748579502107
2020-08-03,0.06661370545625686,0.10237942263484001,0.0462355721785805,0.04261829603307703,0.040822277776896954,0.11552221334713977,0.0531129889190197,0.06470284014940261,0.057146181166172025,0.08955965247005224,0.07731641009449959,0.044028299115598205,0.19994214177131653
2020-08-04,0.06636710837483406,0.09953828006982804,0.04640538274696197,0.0457395610034256,0.040691074915230274,0.11488770725700306,0.05373780056834221,0.06487840451300145,0.056851211562752725,0.08932627495378256,0.07725427933037281,0.04458569958806038,0.19973717331886293
2020-08-05,0.06695707589387893,0.09696287959814072,0.04631200701505396,0.047696884364939685,0.04075196348130703,0.11424790026940172,0.05457313507795334,0.06515459306538104,0.056785501167178155,0.08779100868850946,0.0770259965211153,0.045499748177826406,0.20024130642414092
2020-08-06,0.0680950053036213,0.09537698179483414,0.04712859486578811,0.0489653938742153,0.040872797742486,0.11374915174383204,0.05483130663633347,0.06557918675243854,0.057064198330044745,0.08644382879137993,0.07694268077611924,0.04566837977617979,0.1992825001478195
2020-08-07,0.0692937694489956,0.09449302181601524,0.04688746532573536,0.04957794833692297,0.04079331718385219,0.11315372532117181,0.05539906471967697,0.06577334105968476,0.0572472058236599,0.08507656883448363,0.07700354680418968,0.04598031006753445,0.1993207275867462
2020-08-10,0.07024465501308441,0.09450332373380661,0.04825252374272413,0.04913497235784057,0.04088917914777994,0.1113642354408512,0.05511843711137772,0.06609179899096489,0.05751740112900734,0.08491568118333817,0.07626697942614555,0.04601758271455765,0.19968320429325104
2020-08-11,0.07174256294965745,0.09377596750855446,0.049631046802034895,0.04859095207148005,0.04148799497634172,0.1092451508186059,0.05475251525640488,0.065988589823246,0.057920099794864656,0.08506602607667446,0.07667545787990093,0.045738665759563445,0.19938499629497528
2020-08-12,0.06964832171797752,0.08911632671952248,0.047172687762724944,0.043859571212245284,0.03868522420525551,0.10050546284328447,0.051212255656719205,0.06247097291052341,0.05656979978084564,0.07515755109488964,0.07155966199934483,0.043279115296900275,0.2507630527019501
2020-08-13,0.07281744107604027,0.0921963058412075,0.048687133363724475,0.04331184476498713,0.03933006189763546,0.10030699434864801,0.05161181278526783,0.06317198425531387,0.05994905680418015,0.07485245615243911,0.07321682162582874,0.04410726483911276,0.23644078373908997
2020-08-14,0.07721847295761108,0.09496043771505355,0.05106355794673885,0.04328809429725098,0.040494021214544776,0.10182336304860655,0.053047307580709455,0.06678199395537376,0.06359667703509331,0.07548098340630531,0.07599751725792885,0.046262819319963455,0.20998477041721345
2020-08-17,0.08019378036260605,0.0950393594801426,0.05236071356439833,0.04315771211877841,0.041219389997422695,0.10135568761033938,0.053005974367260934,0.0679665483534336,0.06492284834384918,0.07357393316924572,0.07715003117918968,0.047581642493605615,0.20247238576412202
2020-08-18,0.08254792019724846,0.09435180425643921,0.052468779826348746,0.04291966857652074,0.04202221371233463,0.10030710332503076,0.05232657119631767,0.06636913418769837,0.06482378393411636,0.07182314060628414,0.0773873820900917,0.048012081906199454,0.20464043021202089
2020-08-19,0.08576091080904007,0.09528331384062767,0.05153138550661378,0.042989783034134275,0.04296481851488352,0.10051226656505605,0.052351295575499536,0.06454319804906845,0.06526663824915886,0.0705491479486227,0.07890273593366146,0.04874028749763966,0.20060422122478486
2020-08-20,0.08713531345129014,0.0943294957280159,0.051153655914622044,0.04201645267525489,0.0430572796612978,0.09853162675426574,0.05125588774681091,0.061934121698141095,0.06522777676582336,0.0699177011847496,0.07920517846941948,0.05019436851143837,0.2060411661863327
2020-08-21,0.08938624113798141,0.09508052095770836,0.050176663088159046,0.04141554899104207,0.04367995467036963,0.09793696283159078,0.05110606215894222,0.05995282530784607,0.06553766429424286,0.07120892032980919,0.08031789734959602,0.05251062475144863,0.20169010758399963
2020-08-24,0.09155713655054569,0.09589675515890121,0.04876107058065031,0.04109598838620539,0.04466579481959343,0.09753142256377031,0.05095619484782219,0.05833946466445923,0.06535238921642303,0.07115187793970108,0.08061827309429645,0.05373992770910263,0.20033369362354278
2020-08-25,0.09362491443753243,0.09629153832793236,0.048275774729478374,0.04124076924288165,0.045536619424819944,0.09725552894233261,0.05048064924776554,0.05679725185036659,0.06473404094576836,0.07022953927516937,0.08113543279469013,0.054349607601761815,0.20004830360412598
2020-08-26,0.09627357497811317,0.0970869466662407,0.047714821077959435,0.040871544027622164,0.04630127344280481,0.09647674558655125,0.049994662404060364,0.057037515193223955,0.06428203880786895,0.06843853667378426,0.08138522058725357,0.05447370260953903,0.1996634215116501
2020-08-27,0.09928107522428035,0.09806483089923859,0.04629547451418432,0.04077622722098937,0.04706261102110147,0.09594158808176871,0.04959430582821369,0.05647257566452026,0.06396927237510681,0.0663287803530693,0.08188906200230121,0.05485264882445336,0.19947154223918914
2020-08-28,0.10214906744658947,0.09733408764004707,0.045814285602769365,0.04106265518964989,0.047046116180717946,0.09396364254062065,0.05019651241600513,0.05851679220795632,0.06328413113951684,0.06493012458086014,0.08134914822876453,0.05457471944391727,0.1997787296772003
2020-08-31,0.10530565120279789,0.09709402620792389,0.04572990462858684,0.04146896739895691,0.04783041253685951,0.09211485437554075,0.0503361452370882,0.05929044261574745,0.06246623769402504,0.06306902691721916,0.08196033947169781,0.05355302467942238,0.1997809886932373
2020-09-01,0.10814572907984257,0.09819462299346923,0.044773331731900436,0.04167022894590851,0.04879281800240278,0.0906436150020454,0.05020778439939022,0.05868631899356842,0.06168540343642235,0.060769278556108475,0.08278925642371178,0.053670340403914454,0.19997127950191498
2020-09-02,0.11079374030232429,0.09863313958048821,0.044679636006821254,0.04187218146813958,0.05027089882642031,0.08950020342308562,0.04964682422578335,0.057289962843060496,0.060790539532899854,0.05874941200017929,0.08386583849787713,0.05368451736867428,0.2002231329679489
2020-09-03,0.11214263066649437,0.0991273507475853,0.04508439363026362,0.0422889481448907,0.050393123924732205,0.08927807322615991,0.04904832299798727,0.056195440143346785,0.06016760542988777,0.05904424861073494,0.0842480544000864,0.05359856896102429,0.19938322603702546
2020-09-04,0.07663928028196096,0.06619361899793148,0.03179135047101145,0.03095965954223647,0.03553777113556862,0.06273744322461425,0.0337583901360631,0.038346145674586295,0.04354755319654942,0.04030499756336212,0.058868496865034106,0.03760855607688427,0.443706750869751
2020-09-08,0.07519024629145861,0.06488646119832993,0.031763331632688005,0.031770091370318276,0.03518648752942681,0.06223709611076629,0.033882088214159015,0.03896405808627605,0.043774140253663066,0.03771897554397583,0.057504126243293284,0.03652502521872521,0.4505978345870972
2020-09-09,0.07356947585940361,0.06188668869435787,0.03179358609648482,0.03186420088517998,0.03559158723801374,0.06226719896512804,0.034386455081403255,0.03973607998341322,0.044720237329602244,0.03525099754333496,0.05714180245995522,0.036043811962008475,0.45574784874916074
2020-09-10,0.07134694792330265,0.06124694645404816,0.0317632357373963,0.031116364714629086,0.03525589257478714,0.061344054574146864,0.03370931763201952,0.038914576172828674,0.04458206444978714,0.03349752277135849,0.05681290253996849,0.035806712508201596,0.46460345983505247
2020-09-11,0.07092933058738708,0.06109593361616135,0.03145791918704255,0.030964726069664116,0.03551911246031523,0.06206004381674575,0.033633680827915666,0.03843428138643503,0.04552823975682259,0.03233092166483402,0.0558935459703207,0.035981887206435206,0.4661703944206238
2020-09-14,0.0706097736954689,0.06079749278724193,0.030976916179573342,0.03109201348496491,0.03620655741542578,0.06364611110693659,0.03355855662375688,0.038103032112121585,0.04640619307756424,0.031624510139226916,0.0555800873786211,0.036160143092274666,0.465238618850708
2020-09-15,0.06904216669499874,0.06126858480274677,0.031456958307986047,0.03108175218810434,0.036542201042175294,0.06605999664097909,0.033722529746592046,0.037365324422717096,0.0467475026845932,0.03161326758563519,0.05491282977163792,0.03661683015525341,0.4635700583457947
2020-09-16,0.06718544140458108,0.06146627776324749,0.03113220217193824,0.03121813001944762,0.03658365570008755,0.06873899717320456,0.033911836333572865,0.03672158364206553,0.047159884870052335,0.0314522597938776,0.054742681048810485,0.03699411042034626,0.46269294023513796
2020-09-17,0.06532877422869206,0.06217367388308048,0.03141437023264278,0.031061415327745756,0.0364231389015913,0.07135305544798029,0.0342492014169693,0.03625184465199709,0.04715325087308884,0.03156021945178509,0.05436262562870979,0.03757761493325233,0.4610908329486847
2020-09-18,0.0651304792612791,0.06308654211461544,0.031159012406322083,0.030617631441731952,0.03624697159975767,0.0730159737944632,0.034488004818558696,0.03577695190906525,0.04671526625752449,0.03146019130945206,0.053865115344524386,0.03954892717301846,0.45888891220092776
2020-09-21,0.06533982157707215,0.06351342014968395,0.031087932580145326,0.030221225319134782,0.03590487707406283,0.07382407568620693,0.03430483676493168,0.03534015268087387,0.046233101189136504,0.03151369728147983,0.05362766124308109,0.04143618643283844,0.45765300989151003
2020-09-22,0.06307017281651497,0.061950140632689,0.030937540044572387,0.030549682587567694,0.03477030023932457,0.07266000001400244,0.03347697518765926,0.03386218938976526,0.04665107503533363,0.03153219260275364,0.0527294609695673,0.0416609562933445,0.4661493182182312
2020-09-23,0.06149268448352814,0.06105273645371199,0.03156567075453083,0.031639599044659586,0.03404232673346996,0.07352293953226763,0.03330974616110325,0.032920563220977785,0.047645185887813565,0.03189619891345501,0.053035366162657735,0.0436840932816267,0.4641929030418396
2020-09-24,0.06055449098348618,0.060037219896912575,0.03187235104113029,0.031462704360037105,0.033760548941791056,0.07414870246902865,0.03338095098733902,0.034184368886053564,0.049043921381235124,0.03226655125617981,0.052018748596310616,0.044318918511271475,0.4629505336284637
2020-09-25,0.058928041532635686,0.05959693472832441,0.032016515656128064,0.03012649177379405,0.032836966775357725,0.07474215520287544,0.03354575894773006,0.03423593174666166,0.04956727847456932,0.032520555704832074,0.05049842409789562,0.04544429033994675,0.46594067811965945
2020-09-28,0.0567345954477787,0.05963937621563673,0.032432647265573065,0.029534720293181847,0.032475967146456244,0.07760935070073174,0.03450801782310009,0.03411344960331917,0.04983540400862694,0.03252235539257527,0.049215957149863244,0.04635432660579682,0.4650238275527954
2020-09-29,0.05480927228927612,0.05950457751750946,0.03285806267578746,0.029293090664998012,0.03244838751852512,0.0808248607601854,0.03563467748463154,0.03401289787143469,0.04960559457540512,0.032817572727799414,0.048557769134640695,0.04630034491419792,0.463332861661911
2020-09-30,0.05283920578658581,0.05843404624611139,0.03255961143347932,0.028655713741358647,0.03235428724437952,0.0842132316874995,0.03708263300359249,0.033917810581624505,0.04895769953727722,0.03294400535523891,0.048327038809657094,0.045907887443900106,0.46380682587623595
2020-10-01,0.05169377699494362,0.05849688183516264,0.032549670275113664,0.028378245334084264,0.03280960712581873,0.08683046126407135,0.03816722147166729,0.033758639730513094,0.04828710556030273,0.03301998116075992,0.04830330535769463,0.045514152571558955,0.46219096183776853
2020-10-02,0.05019331313669682,0.05865442901849747,0.03296035874948337,0.028160494100369603,0.03308818452060223,0.08873485901112872,0.03890882469713688,0.03324597328901291,0.04736800193786621,0.03324251212179661,0.04808199107646942,0.04499100036919117,0.4623700499534607
2020-10-05,0.05007576383650303,0.058384891226887704,0.03373335097778547,0.027816184092690932,0.03325297050178051,0.09025516408310068,0.03937255889177323,0.03297845087945461,0.04664631485939026,0.03344688676297665,0.04817648902535439,0.04454442374408245,0.46131654381752013
2020-10-06,0.04950650110840797,0.058994572050869463,0.03441039778817636,0.02734847264104605,0.03345775157213211,0.09060264225208811,0.039851757884025577,0.03295459449291229,0.045711005479097365,0.03336622454226017,0.047418351843953134,0.043327323347330096,0.46305039525032043
2020-10-07,0.05084636695683002,0.059039533324539664,0.034790421695611154,0.027517971575060862,0.03356953114271164,0.09056314063118406,0.04054554626345634,0.03282324150204659,0.04544241055846214,0.03388633094727993,0.046106412261724475,0.04258605092763901,0.4622830510139465
2020-10-08,0.05189940743148327,0.06006967909634113,0.035774244385203956,0.02787282333513268,0.03423946369439364,0.09032305485961842,0.0404724407941103,0.03273247145116329,0.04573315754532814,0.034339794889092445,0.04569228105247021,0.042198096960783006,0.4586530864238739
2020-10-09,0.05257973298430443,0.059972248040139675,0.03662321946071945,0.02825870933800978,0.035160770639777184,0.09010292540306182,0.04046803824603558,0.0327419076114893,0.04636031240224838,0.034628240019083024,0.04606328047811985,0.04238775186240673,0.45465288162231443
2020-10-12,0.055778151750564574,0.06217346843332052,0.03824808456831832,0.029780971103637553,0.037502532824873924,0.09244744028628701,0.04157431237399578,0.03408620841801167,0.04875727817416191,0.036071843653917315,0.048567662760615346,0.043791795149445534,0.4312202572822571
2020-10-13,0.061628497391939166,0.06824101433157921,0.04255099171304,0.032867228297451236,0.041543126292526725,0.10054194266358536,0.04540980011224747,0.037335021793842314,0.05334715843200684,0.0390994593501091,0.053815591335296634,0.048119375482201576,0.37550078630447387
2020-10-14,0.06754794195294381,0.07441144026815891,0.047324188169012335,0.03693749346954274,0.04619702659547329,0.108494274684017,0.04921002648770809,0.0412384320050478,0.060590590536594394,0.04426148682832718,0.05918896198272705,0.054291325807571414,0.3103067934513092
2020-10-15,0.07420777156949043,0.08186102956533432,0.052078982464470694,0.04099932109135214,0.05139007139950991,0.11769936378877902,0.053825918957591055,0.04604010470211506,0.06790741756558419,0.049862722679972646,0.06492597162723542,0.06086345463991165,0.23833786249160765
2020-10-16,0.07632712423801422,0.0849690217524767,0.05504131524435749,0.04374543289025699,0.05376852098852396,0.1212010008524885,0.05583641454577446,0.048219126835465434,0.07091678828001022,0.05210685022175312,0.06695281006395817,0.064310372620821,0.20660523176193238
2020-10-19,0.07597143799066544,0.08558198120445012,0.05575362103627342,0.04505813911047714,0.05510117057710886,0.12118681567517342,0.05628910847008228,0.048843618109822275,0.07153144553303718,0.051933905109763145,0.06639594957232475,0.06515267416834832,0.20120009183883666
2020-10-20,0.0767019309103489,0.08679852560162545,0.05533985304538387,0.044700691852814244,0.055325796641409394,0.11869620496017888,0.05575292408466339,0.04856654703617096,0.07206627577543259,0.05090789794921875,0.06590954512357712,0.06612318828701973,0.2031106173992157
2020-10-21,0.07790621817111969,0.08802368361502885,0.055380532824765,0.04463434110503854,0.0563719755038619,0.11635278645808285,0.05556114949285984,0.048207955062389375,0.07214130610227584,0.050261161476373675,0.0664240550249815,0.0675949402153492,0.20113987922668458
2020-10-22,0.07818821594119071,0.08808806780725717,0.05517900449535897,0.04468131327592051,0.057586209289729594,0.11390039989037178,0.05510295517742634,0.0482104055583477,0.07241841107606888,0.05045050866901875,0.06667584404349328,0.0685407467186451,0.20097790360450746
2020-10-23,0.078813336789608,0.0871961884200573,0.05648618622941619,0.04480604429597897,0.05854730252176523,0.11065494937411131,0.054331512004137036,0.04817860759794712,0.07282883077859878,0.05114491991698742,0.06720166504383088,0.06908791959285736,0.20072253942489623
2020-10-26,0.07898335233330726,0.0862830013036728,0.05736767926230364,0.045125020858460374,0.060025814548134805,0.10776956773534038,0.05355019122362137,0.04839223138988018,0.0734017550945282,0.05192391015589237,0.06705604046583176,0.06966150552034378,0.20045994818210602
2020-10-27,0.07865161001682282,0.08622571267187595,0.0572439164030607,0.04599852605994936,0.06018190905451774,0.1039190126424728,0.05179040152579546,0.047586797177791594,0.07612227275967598,0.05113507844507694,0.06598632074892521,0.06976911127567291,0.20538931488990783
2020-10-28,0.07905303239822388,0.08762657288461924,0.05683887048296601,0.046738039701924985,0.0617336805909872,0.10125064153562562,0.050527307018637654,0.04763009920716286,0.07943022400140762,0.050753773748874666,0.06609988063573838,0.07044490352272988,0.2018730014562607
2020-10-29,0.05091163516044617,0.05699534378945827,0.037611832749444754,0.032009732370623746,0.04203832885250449,0.06618939907702952,0.032916967384517194,0.032711216062307355,0.05425874590873718,0.03457156382501125,0.04380750618875027,0.047629807516932486,0.46834794878959657
2020-10-30,0.04980917945504189,0.05699184713885188,0.037858947863723104,0.03287383059678515,0.04316408392041922,0.06543244059839708,0.03261759039014578,0.03291964251548052,0.05519179105758667,0.03472064062952995,0.043484025076031683,0.048525452613830566,0.46641054153442385
2020-11-02,0.049059470742940904,0.05694242585450411,0.037097445844604414,0.032782058266064416,0.04349825493991375,0.0648917470311062,0.03270616959780455,0.034002617187798026,0.055234628915786746,0.034806135669350625,0.043247660249471666,0.04824770241975784,0.46748366355896
2020-11-03,0.04831046760082245,0.05733804255723953,0.037029437049958605,0.03270827486588353,0.04440685557201505,0.06555984975238971,0.033160523325204846,0.0347193730995059,0.05498155727982521,0.03481498658657074,0.04312346465885639,0.04803863912820816,0.46580850481987
2020-11-04,0.0476032480597496,0.05793341873213649,0.03728506353715968,0.03250791207166461,0.04492453522980213,0.06651493599129026,0.033356755040585995,0.03506504837423563,0.0542906753718853,0.03518243059515953,0.043015238270163535,0.04760420545935631,0.46471652388572693
2020-11-05,0.04760679304599762,0.05843778904527426,0.036481586849682654,0.032263155217793306,0.04550002962350845,0.06623739158467287,0.03339118044823408,0.035190748795866963,0.05411267802119255,0.03625400774180889,0.04368857778608799,0.04730179123580456,0.46353424787521363
2020-11-06,0.04755196496844292,0.058024600334465506,0.03646482442078884,0.032459827361680384,0.045562144927680494,0.06601237627246519,0.03321902472525835,0.0350798562169075,0.05421714186668396,0.0369734488427639,0.04442054405808449,0.04711715579032898,0.4628970861434937
2020-11-09,0.0474502369761467,0.05739351576194167,0.03568429134833018,0.03216548085463735,0.045342732965946195,0.06608089346636917,0.033611143566668035,0.03535334784537554,0.05503212809562683,0.037264692783355716,0.044790567830204964,0.04682392925024033,0.46300705075263976
2020-11-10,0.048432886600494385,0.05715382993221283,0.03588680608944639,0.032409668334524785,0.04589162673801184,0.0677943900092032,0.03487359117716551,0.0373619819059968,0.05563853532075882,0.03756535053253174,0.045633571594953536,0.047009197622537614,0.45434855222702025
2020-11-11,0.048956729099154474,0.057233921997249124,0.03604988885116711,0.03165565871043796,0.04561178302392364,0.06753680975152747,0.03522555604577064,0.037892793864011766,0.05606856867671013,0.03829033970832825,0.04604983367025852,0.04648992195725441,0.4529381990432739
2020-11-12,0.049759580940008166,0.058226889837533234,0.035753140324422186,0.030967679707120686,0.045696330908685925,0.06642342172563076,0.03489480949938297,0.03752828203141689,0.05639692023396492,0.037821607664227486,0.046231064945459366,0.046136917918920516,0.4541633427143097
2020-11-13,0.05101506672799587,0.05749510321766138,0.035399789207816744,0.03154099432372863,0.04670465923845768,0.06435543528350536,0.03439621105790138,0.03712664470076561,0.05963198393583298,0.03749907538294792,0.046569830551743505,0.047099555283784865,0.45116564631462097
2020-11-16,0.051211807131767276,0.05628893775865436,0.035686230587367085,0.03161965568170846,0.047269994579255584,0.06176047882427156,0.03310999609529972,0.03617103900760412,0.06144276931881905,0.036686035245656966,0.04662839472293854,0.04781007915735245,0.45431460738182067
2020-11-17,0.051598242670297625,0.055589023791253564,0.035899868136357684,0.03184438024832801,0.04801114033907652,0.060490920690972415,0.032591326348483565,0.035977750457823275,0.06178891584277153,0.03619517907500267,0.04738484509289265,0.048601680994033815,0.4540266990661621
2020-11-18,0.052957112714648244,0.056115377321839334,0.03657854635228528,0.03211244299815306,0.048464995436370374,0.06076151956094691,0.033287505805492404,0.036885480396449566,0.06273057833313941,0.036611573025584224,0.0486811812967062,0.0505596786737442,0.44425399899482726
2020-11-19,0.05452319607138634,0.05628445642068982,0.036710875431345436,0.03215558496827224,0.04935304168611765,0.06023623279343156,0.03372757229954004,0.037826068326830865,0.06266815662384033,0.03673853240907192,0.04939951486885548,0.053452563285827634,0.4369242012500763
2020-11-20,0.06113893762230873,0.06232781000435352,0.04116745252240221,0.03561886398930945,0.05480379657819867,0.06622487438035023,0.03742807693779469,0.042426617816090584,0.06911792308092117,0.04023131765425205,0.05511511638760567,0.06203239634633064,0.3723668336868286
2020-11-23,0.07161120399832725,0.07351462598890066,0.04964534016536994,0.04193309604100559,0.06581709794700145,0.07757429738285282,0.043770650029182435,0.05093140751123428,0.08110403344035148,0.0467302717268467,0.06578471772372722,0.0746955193579197,0.25688773989677427
2020-11-24,0.07529494687914848,0.07731692120432854,0.0540924078691404,0.04415713762039921,0.07056710980832577,0.08128757908261833,0.04574108310043812,0.05484787672758103,0.08569832667708396,0.05166303068399429,0.07037363015115261,0.08035271987318993,0.20860725939273833
2020-11-25,0.07461386024951935,0.0773792015388608,0.055304987614458054,0.04439770846317437,0.07163682989776135,0.08043896953176954,0.04645220600068569,0.05530895404517651,0.08595256581902504,0.05391934961080551,0.07049177102744579,0.08161725476384163,0.20248631238937378
2020-11-27,0.07489217519760132,0.07739539220929145,0.055548560175987305,0.044467356936664613,0.07181025482714176,0.07884637277165893,0.0466388538479805,0.055560015887022016,0.0861784540116787,0.055354971811175345,0.07073015458881855,0.08244002163410187,0.2001374304294586
2020-11-30,0.07585916817188262,0.07740661147981882,0.055897798229272766,0.04482996183789325,0.07240972835570574,0.07676687438270165,0.0463884674012661,0.05542994774878025,0.08589518591761588,0.055962149798870084,0.07084910534322261,0.08241903409361839,0.19988598823547363
2020-12-01,0.07644511014223099,0.07690760381519794,0.05575529796885555,0.047322137747585556,0.07141830306500196,0.0744363014375267,0.04550307225435972,0.0553658053278923,0.08494555875658989,0.055074623227119444,0.07084078378975392,0.08253340721130371,0.20345199406147002
2020-12-02,0.07775845155119895,0.07680194023996592,0.05622017944071818,0.0491818264477331,0.07106980811804534,0.07357217807184498,0.0464391453191638,0.05551188737154007,0.08437320590019226,0.05357072576880455,0.07113011404871941,0.08262479081749916,0.20174575746059417
2020-12-03,0.07941217869520187,0.07695814818143845,0.05644758084241097,0.04979618248239426,0.06987310573458672,0.0727792640399457,0.04746030122041702,0.05586043633520603,0.08429464772343635,0.05160952229052782,0.072446920722723,0.08258208781480789,0.20047963857650758
2020-12-04,0.08092266470193862,0.07695892453193665,0.05663286376602912,0.05012941081468743,0.06910689063370228,0.07165503679134418,0.048373100347816944,0.05591866336762905,0.08366933241486549,0.04994408879429102,0.07349248342216015,0.08302037119865417,0.2001761496067047
2020-12-07,0.08251787945628167,0.07703482359647751,0.05734434713952794,0.050253829709802744,0.06797887198626995,0.07115989069561693,0.04960143137723207,0.05693886987864971,0.08297038823366165,0.04804287683218718,0.07493149675428867,0.08274289593100548,0.1984823912382126
2020-12-08,0.08364082053303719,0.0774254785850644,0.05741272045336689,0.05012576866335117,0.06686261259019374,0.06979419292520106,0.050927072018384936,0.056972372159361837,0.08193857297301292,0.046815778315067294,0.075998230651021,0.08251161575317383,0.19957475066185
2020-12-09,0.08470576107501984,0.07780825197696686,0.0584278531391762,0.05030767392297477,0.0661751102656126,0.06915378836883974,0.05170461367815733,0.056464234739542006,0.08063325136899949,0.045658424869179724,0.0772827472537756,0.08218216449022293,0.1994961231946945
2020-12-10,0.08558864034712314,0.07918366622179747,0.05892976008990445,0.049157700822797426,0.06516021378338337,0.06830978767047782,0.05158059522509575,0.056430698931217195,0.07912104204297066,0.046579791232943535,0.07814217060804367,0.08083141073584557,0.20098452270030975
2020-12-11,0.08581920266151429,0.08165503088384866,0.060126740564827766,0.047979884404963966,0.06511466503143311,0.06808097397642995,0.051347813569009304,0.05611757002770901,0.07795844748616218,0.04739604163914919,0.0793017402291298,0.07918106541037559,0.19992081224918365
2020-12-14,0.08542326018214226,0.08298072330653668,0.06096602131954718,0.047275387991409804,0.06472860146313905,0.06829876886267812,0.05076191090047359,0.0563734907656908,0.07730244100093842,0.048071491345763204,0.0803281631320715,0.07785075455904007,0.1996390014886856
2020-12-15,0.08453449495136738,0.08449292220175267,0.06213992436278772,0.04691733897969019,0.06425826121121644,0.06865720108617097,0.050019681453704834,0.056546515226364134,0.07668296322226524,0.04808854423463345,0.08218344859778881,0.07593956887722016,0.19953913390636444
2020-12-16,0.08272012323141098,0.08506606165319681,0.06297741157290133,0.046780107371753844,0.0640475332736969,0.0694708947811705,0.049068945832550524,0.056649912521243094,0.07599029690027237,0.04791458733379841,0.08404949642717838,0.07433122992515565,0.20093342363834382
2020-12-17,0.08181482329964637,0.08657740522176027,0.06287810357825005,0.04697482264208155,0.0640698105096817,0.07069739232656502,0.04853277336806059,0.0571404293179512,0.0755164310336113,0.047532789409160614,0.08624939061701298,0.07290243357419968,0.1991134077310562
2020-12-18,0.08189157731831073,0.08763171471655369,0.06324402804739293,0.04711981733146242,0.06381940059363841,0.07135138162102521,0.04737174920737743,0.057229238003492354,0.07455463334918022,0.04703367445617914,0.08741445504128934,0.0720338061451912,0.19930450320243837
2020-12-21,0.08219375126063824,0.08824349474161863,0.06314543120455393,0.04687002189252212,0.06329933796077966,0.07136267837022388,0.04581531789153814,0.05697092525660992,0.07339670285582542,0.046111966297030446,0.08860183320939541,0.07442738115787506,0.19956116676330565
2020-12-22,0.08219778090715409,0.08879090901464223,0.06383676612583197,0.047708893447057754,0.062350348196923734,0.07086921902837276,0.044282316416502,0.056396227702498435,0.07373627573251725,0.04480840992182493,0.08872060291469097,0.0763556994497776,0.19994654655456542
2020-12-23,0.08204576410353184,0.08991447873413563,0.0654109586723303,0.04814490222477694,0.061346977949142456,0.07090858985811792,0.04316013511270285,0.056129371374845506,0.07360216900706291,0.044244348630309106,0.08795149475336075,0.0776390291750431,0.19950175285339355
2020-12-24,0.08196795098483563,0.09004057813435792,0.06689151121423684,0.048425083142749334,0.0607059545814991,0.07134939447159923,0.042689981311559676,0.05590301193296909,0.07297849878668786,0.04391789846122265,0.08822717517614365,0.07773299142718315,0.19916993379592896
2020-12-28,0.08193963393568993,0.09108986109495162,0.06745133409525206,0.048103898280700184,0.05931939855217934,0.07225127294977937,0.042553157359361646,0.05612577013671398,0.07251659110188484,0.04351115636527538,0.08795450665056706,0.07799706459045411,0.199186372756958
2020-12-29,0.082113978266716,0.09304543919861316,0.06756881225749237,0.048143655820940975,0.05840132683515549,0.07321313490829198,0.042324742674827574,0.05653871335089207,0.07230037152767181,0.043089572340250015,0.08693652451038361,0.0773183211684227,0.19900540709495546
2020-12-30,0.08206134699285031,0.0942021556198597,0.06691066705002377,0.04805490177364611,0.058404873870313165,0.0735562140728689,0.04178828466683626,0.0569757230579853,0.07183299213647842,0.04288265481591225,0.08703522831201553,0.07697321623563766,0.1993217408657074
2020-12-31,0.0821074366569519,0.09439319111406803,0.0673429817531348,0.04787503660732408,0.05829121768474579,0.07430629497202972,0.041297984309494495,0.057405656203627586,0.07109248265624046,0.042865271866321566,0.08759662136435509,0.07626997455954551,0.19915585219860077
2021-01-04,0.08220847882330418,0.09517971575260162,0.06640528633374707,0.04816493419578975,0.057996108569204806,0.07544567269369509,0.0408881863579154,0.057971763610839847,0.07011123672127724,0.04295823387801647,0.08814949952065945,0.0753980852663517,0.19912283420562743
2021-01-05,0.08263479135930538,0.09649349004030228,0.06503592778275102,0.047456189876501575,0.05809204839169979,0.07558736542869156,0.039607186801731586,0.05919787101447582,0.068877574801445,0.04225132055580616,0.08801317028701305,0.07652247101068496,0.2002305954694748
2021-01-06,0.08375734537839889,0.0978912092745304,0.06494173705993642,0.04665167071557637,0.057798394560813905,0.07640294003504096,0.038881968893110755,0.059512827545404434,0.06763477697968483,0.04108057748526335,0.08616220951080322,0.07959766685962677,0.19968671202659607
2021-01-07,0.08365935906767845,0.09785532653331756,0.06572672598613974,0.04550053733158741,0.05636371374130249,0.07732159855595455,0.03973155412822962,0.06115663982927799,0.06678232848644257,0.0415973948314786,0.08469476103782654,0.08004955500364304,0.19956045150756835
2021-01-08,0.08239052966237068,0.0985701147466898,0.06568783168325894,0.04449672830512341,0.05618131123483181,0.07807014507388885,0.04039679858833552,0.06192908547818661,0.06642134189605713,0.04236080031841993,0.08522946499288082,0.07900828570127487,0.19925758242607117
2021-01-11,0.0823341179639101,0.09827535860240459,0.06536839930770899,0.044266138621303776,0.05591376926749945,0.07841877135761025,0.04060517735779286,0.06140623465180397,0.06648487895727158,0.04308223482221365,0.0864430122077465,0.07815560512244701,0.1992463141679764
2021-01-12,0.08238884247839451,0.09865626618266106,0.06614042444804688,0.04437359295752721,0.05419591497629881,0.0770859605685473,0.03990865824744105,0.06089014038443565,0.06889774426817893,0.04416225962340832,0.08598612137138843,0.07687695324420929,0.200437131524086
2021-01-13,0.08338108584284783,0.0987806722521782,0.06777937260828307,0.04486020931724788,0.05397976692765951,0.07592978867528473,0.039265429321676495,0.0600776594132185,0.07083530277013779,0.044705077446997164,0.08561995550990105,0.07524886019527913,0.19953683614730836
2021-01-14,0.08494415581226349,0.09981139712035655,0.06765382553774942,0.04529078084763416,0.054224094934761526,0.07555993054875217,0.038936187978833914,0.05894957445561886,0.07188262566924095,0.04492969159036875,0.0851752482354641,0.07359163127839566,0.1990508407354355
2021-01-15,0.08569480553269386,0.09877425245940685,0.06893825709561821,0.04573067778469379,0.05472455956041813,0.07496541229643298,0.0391127347946167,0.059290115535259244,0.07192029729485512,0.0448840469121933,0.08574870899319649,0.07125704512000083,0.19895907640457153
2021-01-19,0.08572500012814999,0.09802862368524075,0.069259288277755,0.04717987745031262,0.055116462707519534,0.07444864746294115,0.03934422479942441,0.058894140645861626,0.07186079621315003,0.045447116158902644,0.08538067154586315,0.06913860738277436,0.20017655491828917
2021-01-20,0.08587349876761437,0.09795477241277695,0.06995265006104638,0.04886512616139669,0.05614014063030481,0.07447715113803496,0.039333256613463166,0.05817533060908318,0.07127565443515778,0.04606498014181852,0.08577237948775292,0.06659961417317391,0.19951542615890502
2021-01-21,0.08517601042985916,0.09777046218514443,0.0695379853982562,0.0499515126265889,0.05683840457350016,0.07523063117118908,0.039315068162977695,0.05744488202035427,0.07087450698018075,0.046012832783162594,0.08574004843831062,0.0655050128698349,0.2006026715040207
2021-01-22,0.0852956298738718,0.09804249741137028,0.06866861326974086,0.050707780926352974,0.05759576540440321,0.07577898089571136,0.03956689834594727,0.058525212481617926,0.0706833504140377,0.045325482822954656,0.085854472219944,0.06465459913015366,0.19930074214935303
2021-01-25,0.08546318709850312,0.09787237122654915,0.06949466358164198,0.050987235421949426,0.05804774407297373,0.07602299036343538,0.039511412661522624,0.058409734070301055,0.07065678909420967,0.045247570425271985,0.08472197577357292,0.06433721110224724,0.19922710359096527
2021-01-26,0.0864987961947918,0.09883098192512989,0.06874123630205328,0.05142439008689603,0.05919776037335396,0.07597588116955194,0.03914706725627184,0.05747598595917225,0.06990928426384926,0.04504746831953525,0.08441134542226791,0.06422816962003708,0.1991116374731064
2021-01-27,0.08738629594445228,0.09985742978751659,0.06779285675054929,0.052157550266318076,0.06002719234675169,0.07622363925875106,0.0389153677970171,0.05643888972699642,0.0691969409584999,0.04465631153434515,0.08384542055428028,0.06452118530869484,0.1989809453487396
2021-01-28,0.0820113068446517,0.09579758383333684,0.06381414918642606,0.0512668578351505,0.05748155191540718,0.07216898927258626,0.0365630853921175,0.0515816792845726,0.06476034484803676,0.04096871744841337,0.07915232628583908,0.06262546330690384,0.24180795550346373
2021-01-29,0.08499308377504348,0.1027174435555935,0.06602585829020473,0.05597557011821976,0.06131745781749487,0.07545963800316713,0.037580441776663066,0.05185963921248913,0.0663762591779232,0.0408130818977952,0.08195368610322476,0.06659235581755638,0.2083354651927948
2021-02-01,0.08064378947019576,0.09982324615120888,0.06212227260674581,0.05518399750029346,0.05852711591869593,0.07248363193839395,0.03567691883072257,0.047981394454836845,0.0627050083130598,0.0373305743560195,0.07914557959884405,0.06442120373249054,0.24395525753498076
2021-02-02,0.05803574230521917,0.07399152535945178,0.044295567637040276,0.04202642794763225,0.04278282914310694,0.053998392044036336,0.02581435851752758,0.03390342909842729,0.04601805917918682,0.026458785589784383,0.05800842978060246,0.046876310557127,0.44779012799263
2021-02-03,0.05617973636835814,0.07388439364731311,0.04349452701322605,0.042357854612495596,0.04181161746382713,0.05466423222580943,0.025417376961559057,0.033247298747301104,0.04630719721317291,0.026583069749176503,0.05858260430395603,0.046303750947117805,0.4511663496494293
2021-02-04,0.05694851949810982,0.0752971988171339,0.04431279234778707,0.0436888675848337,0.04224607162177563,0.057503285420466455,0.026299143163487314,0.0342629611492157,0.04872922338545323,0.027824480645358564,0.061986197158694266,0.0477733314037323,0.4331279158592224
2021-02-05,0.06095479428768158,0.08093070983886719,0.04811317182762949,0.04672067386834424,0.04445411022752523,0.06334457581992865,0.028404972981661558,0.037013396993279456,0.053673003986477855,0.03193234698846936,0.06852743811905385,0.05229034870862961,0.3836404800415039
2021-02-08,0.06911213286221027,0.09132915642112494,0.05581638119590711,0.052693286726337975,0.049846369214355944,0.07317200744896582,0.0323198773432523,0.042363522574305534,0.06154246143996715,0.03898044787347317,0.0792571421712637,0.06006244793534279,0.2935047626495361
2021-02-09,0.0715936053544283,0.09336186796426774,0.05831226928774278,0.05380672276143343,0.05058110058307648,0.07723392355110263,0.03374719005078077,0.043758117407560346,0.0639314703643322,0.04225873947143555,0.0823565999045968,0.06260503828525543,0.26645334959030154
2021-02-10,0.07638288661837578,0.09849977493286133,0.06297847003719656,0.0570371963984341,0.053782166168093684,0.08415183903687193,0.03645480582490564,0.046890928968787195,0.06861391067504882,0.04662901684641838,0.08825003989040851,0.06773548647761345,0.21259347796440126
2021-02-11,0.07717480659484863,0.09841449856758118,0.06369929804902022,0.056942907264159716,0.05413606986403465,0.08686420289864145,0.0375806475058198,0.04776075296103954,0.0694463349878788,0.048414588905870914,0.0892268056049943,0.06971691995859146,0.20062219798564912
2021-02-12,0.0769962627440691,0.09773165807127952,0.0637572832888699,0.05643748305975649,0.0540145605802536,0.0877008446263062,0.037957126600667836,0.048360013961791994,0.06893449388444424,0.04960250062867999,0.08889278508722782,0.07042798176407813,0.19918699860572814
2021-02-16,0.07711263783276082,0.0968610517680645,0.06368014702621778,0.05562228401763551,0.053213651105761525,0.08847182657225403,0.03905516206286848,0.04942536912858486,0.06831274144351482,0.04986724350601435,0.0886276165023446,0.07068296521902084,0.19906732439994812
2021-02-17,0.07733715996146202,0.09508353024721146,0.0628082454065316,0.05450790568001782,0.05251414440572262,0.08866312384034244,0.04009727933444083,0.05195219032466412,0.06779871247708798,0.05121752163395286,0.08805872928351163,0.07037777751684189,0.19958366453647614
2021-02-18,0.07772615924477577,0.09346585460007191,0.06157254240820968,0.053291458916348414,0.05213583521544933,0.08848057175396207,0.041392732551321386,0.053962244838476184,0.0674274493008852,0.052251599915325644,0.08843240197747945,0.07036489248275757,0.19949624240398406
2021-02-19,0.07801877334713936,0.09249663613736629,0.060799049985319265,0.052389322720964596,0.05164025351405144,0.08746054459766128,0.04175107339397073,0.05489075742661953,0.06744640097022056,0.05288338959217072,0.08990381564944983,0.07024277597665787,0.20007720291614534
2021-02-22,0.07750715799629689,0.09024257697165013,0.0617222431055259,0.05141173143756195,0.05138273425400257,0.08634963357026208,0.04235073162708432,0.05758266374468803,0.06723448634147644,0.052707308810204266,0.09150059837847949,0.07035840302705765,0.19964972138404846
2021-02-23,0.07805698774755002,0.09114192724227906,0.06106525623670027,0.05018318962013577,0.05126624293625355,0.08527866638073647,0.04259598068892956,0.059907281398773195,0.0683838177472353,0.05181790702044964,0.09309470653533936,0.0713746502995491,0.19583336710929872
2021-02-24,0.0770653910934925,0.09149944931268691,0.05990038406432667,0.04833702752965259,0.05096553526818752,0.08329192025080374,0.042252015136182305,0.06138296350836754,0.0685142908245325,0.04994227085262537,0.09480737168341875,0.07221263498067856,0.19982874393463135
2021-02-25,0.07616530172526836,0.09131319038569927,0.06079148419566209,0.047685929666450556,0.04949767999351025,0.08230984891888511,0.04186921501532197,0.0621356800198555,0.06926281601190568,0.048409102112054826,0.09735968224704265,0.07381856963038444,0.19938150346279143
2021-02-26,0.05107504315674305,0.06095223799347878,0.040449865855652155,0.0335455300355882,0.03340834341943264,0.0558752023107445,0.028255863394588233,0.04204871188849211,0.04921294860541821,0.033009312115609646,0.06647592931985855,0.05084956139326095,0.4548414468765259
2021-03-01,0.05127720683813095,0.0609004894271493,0.04079472026368407,0.03356508964887848,0.03280899431556463,0.05360977285208719,0.027952322270721197,0.0403924286365509,0.05160660669207573,0.03322862084023655,0.06710091643035412,0.051559827476739886,0.45520299673080444
2021-03-02,0.05108684226870537,0.0610300812870264,0.04165165495186951,0.034319443982510835,0.03300987593829632,0.051210682300370534,0.027658377191983163,0.03893359377980232,0.052311716973781584,0.034279916482046244,0.0679246075451374,0.0528509832918644,0.45373222827911375
2021-03-03,0.05092667192220688,0.0616045730188489,0.04148890046920321,0.03438026820556086,0.032520176470279695,0.048777922383260376,0.02783694015815854,0.037759986147284506,0.052819978445768356,0.03486665114760399,0.06922594197094441,0.05322569981217384,0.4545663118362427
2021-03-04,0.0517664160579443,0.06186854541301727,0.04113970144211532,0.03397806291684358,0.0317783685401082,0.04735453200892152,0.027806933294050394,0.03846127223223448,0.05355413854122162,0.034614250622689725,0.06978593319654465,0.05265172272920608,0.4552401304244995
2021-03-05,0.05250262022018433,0.06225544419139624,0.04091366091871222,0.03353766825860518,0.031585951894521715,0.04623583271045391,0.027618972933851182,0.03925485871732235,0.05446803607046604,0.03397600445896387,0.0697324882261455,0.05183756798505783,0.4560809195041656
2021-03-08,0.05281361825764179,0.06298196669667959,0.04168744010810528,0.03363360628335137,0.03170674182474613,0.04532283059070323,0.02713657219428569,0.0395314808934927,0.055578425899147986,0.03324956302531064,0.07048356300219893,0.05193617194890976,0.4539380192756653
2021-03-09,0.05126548781991005,0.06300192847847938,0.0418870970288042,0.03299088834649026,0.03178473152220249,0.04431065483686325,0.026495246146805585,0.040482396446168425,0.05843319781124592,0.03289406863041222,0.07015689108520747,0.05145515985786915,0.45484225153923036
2021-03-10,0.05032893866300583,0.06421301625669003,0.041806517819371794,0.032957147348020396,0.03216165117919445,0.04310769096287004,0.02598567951936275,0.040982102043926716,0.06063156314194203,0.032627665111795066,0.07127699870616197,0.051331167295575145,0.452589875459671
2021-03-11,0.04976913295686245,0.06335393376648427,0.04197147255253775,0.03332683576095548,0.03149504009634256,0.04212821041328425,0.02548953522928059,0.041095027700066566,0.06155241578817368,0.03221872509457171,0.07322371602058411,0.05220274738967419,0.45217321515083314
2021-03-12,0.05011603496968746,0.06325289998203516,0.04223350758971982,0.03394830323220059,0.031322818249464035,0.04125072563483627,0.025168762053363027,0.04063786044716835,0.06137223653495312,0.031849126983433965,0.07417600806802511,0.053506551310420036,0.45116518139839173
2021-03-15,0.04960562512278557,0.06106269210577011,0.04234014013045932,0.03322312424468556,0.029849940538406373,0.04198024090378567,0.02571828227955848,0.04149845838546753,0.0602175522595644,0.030829412443563343,0.07284387610852719,0.053808681666851044,0.45702195167541504
2021-03-16,0.04994413070380688,0.05981157831847668,0.04213936323219105,0.032849797105209785,0.028703551553189755,0.041860518911471446,0.026667048083618285,0.041927318647503854,0.05910495221614838,0.03007514853961766,0.07241052407771349,0.05438884496688843,0.46011723279953004
2021-03-17,0.05085424594581127,0.05942504927515983,0.04160348925138315,0.03361896233737394,0.02802177295088768,0.041643930420787,0.02729838576633483,0.04205714371055365,0.059266694635152814,0.029677720880135892,0.0732157445512712,0.0556208211928606,0.4576960265636444
2021-03-18,0.05231011398136616,0.05943766534328461,0.04193985372798803,0.03433683718244875,0.027261444181203843,0.04158531038592628,0.027873199502937495,0.04208455942571163,0.05935096107423306,0.02972024944610894,0.07441374715417623,0.0572048295289278,0.45248123407363894
2021-03-19,0.053565843403339385,0.059369608946144584,0.04203104529632089,0.03507701469690296,0.026814693491905926,0.041617173470740454,0.02738382441457361,0.041894360817968844,0.06098410151898861,0.02838036110624671,0.07053884882479906,0.05833460502326489,0.4540085017681122
2021-03-22,0.05476916842162609,0.06003761328756809,0.04272340244273174,0.03509904282177043,0.026297286618500948,0.04144900107153262,0.027098537283018233,0.04117852300405502,0.06240820102393627,0.027521910984069108,0.06910039084032178,0.05898017324507236,0.45333675742149354
2021-03-23,0.05578860342502594,0.06116256285458803,0.04206540665914904,0.03589674145376147,0.02586081959307194,0.04127488454810191,0.027075965073890984,0.0406752685084939,0.06309118531644345,0.027294747065752745,0.06661220891401172,0.060622526332736015,0.4525790810585022
2021-03-24,0.05618477277457714,0.060490285605192186,0.04198528881282719,0.03724355495300209,0.02616938604041934,0.03997120018761961,0.026985853910446167,0.03996437210589647,0.062145638093352315,0.02739028846845031,0.06601735977455973,0.06077812500298023,0.45467385053634646
2021-03-25,0.0561811488121748,0.06148588452488184,0.041951802260124,0.038265573189090143,0.026929797045886515,0.03897844020025332,0.02700671593192965,0.039442230761051175,0.061415879800915715,0.027625303156673907,0.0655023030936718,0.06063013039529323,0.45458478927612306
2021-03-26,0.05563412047922611,0.062115023657679555,0.043353311213307856,0.037466164653460685,0.027183564938604833,0.0388273097677029,0.027065875940024853,0.03867775602266192,0.06060791239142418,0.027550539281219245,0.06396691109985113,0.06009906493127346,0.45745244026184084
2021-03-29,0.05452412068843841,0.061806779354810715,0.04324103335733635,0.037594606603755666,0.026991397328674793,0.03922374391863741,0.02669998335186392,0.03746280912309885,0.059804998338222504,0.027834838535636664,0.06204150281846523,0.05990723893046379,0.4628669202327728
2021-03-30,0.054167841002345084,0.06128076389431954,0.043506712109272885,0.037660815217910225,0.026456810347735882,0.04028359684552925,0.026951090339571236,0.03696902114897967,0.06020703390240669,0.029414081387221812,0.05986431036144495,0.05997967608273029,0.4632582426071167
2021-03-31,0.054512329399585724,0.06001001913100481,0.04525557754343055,0.03776389600774053,0.02601343151181936,0.04096207767092892,0.027183615416288377,0.03664871789515019,0.06104017272591591,0.03162419646978378,0.05869235750287771,0.060976334288716315,0.4593172609806061
2021-04-01,0.0570579431951046,0.060816995427012445,0.046815489590332146,0.038735986030330946,0.026006549410521985,0.0422971002207305,0.027461051242426038,0.036797219701111314,0.06260560974478721,0.034491993393749,0.05822703391313553,0.06268633715808392,0.44600069522857666
2021-04-05,0.05667354129254818,0.0586823808029294,0.045664540727632284,0.038229488005913304,0.02498723044991493,0.041036564835530955,0.026427346374839546,0.03514867937192321,0.06074347272515297,0.03456846848130226,0.05427087526768446,0.06160110421478748,0.4619662880897522
2021-04-06,0.058334693871438505,0.059005473554134366,0.04572681260605602,0.03854352373575622,0.02484240671619773,0.04189709267434409,0.026421980001032352,0.03577383160591126,0.061573905497789384,0.0354051873087883,0.052694760449230674,0.0625060297548771,0.4572742819786072
2021-04-07,0.06278319060802459,0.061443967558443544,0.04743431259073798,0.04128363857225494,0.02615147428587079,0.044280486800471405,0.028289452358148993,0.03796973060816526,0.06548223420977592,0.03803471093997359,0.053161717019975185,0.06665046401321888,0.42703464031219485
2021-04-08,0.07294534519314766,0.06985008269548416,0.053128549705289,0.0472054212961698,0.029568584635853767,0.049637941357514134,0.03222835741471499,0.04293044880032539,0.07394488006830216,0.04324501305818558,0.057422755658626555,0.07581152990460396,0.35208108425140383
2021-04-09,0.08399367779493332,0.07913269475102425,0.05962565344528788,0.0535593861579482,0.03348107952624559,0.05533280263225606,0.03645861782133579,0.048156059719622134,0.0825026199221611,0.0489474693313241,0.06195319816470146,0.08511922881007195,0.2717375159263611
2021-04-12,0.09331806898117065,0.08668735474348069,0.06371005489784203,0.058071938449039705,0.035914774797856805,0.059886372502796804,0.0391975664999336,0.05192591659724712,0.08850160464644433,0.05385113395750522,0.06392274089157582,0.09213485829532146,0.2128776341676712
2021-04-13,0.09648443758487701,0.08831044882535935,0.06324682114784927,0.05895240701830282,0.036215308122336864,0.06141615291380731,0.03990503391250968,0.05285361874848604,0.0889414019882679,0.055986015032976864,0.06261049732565879,0.09365999102592468,0.2014178991317749
2021-04-14,0.0983435358852148,0.08934429809451103,0.06145073948090722,0.05935876409702452,0.03624301739037037,0.0620081472738093,0.04026619330979884,0.05298225153237581,0.08809834122657775,0.05727216051891446,0.06128270030021667,0.09323309436440468,0.200116765499115
2021-04-15,0.09965722784399986,0.09037607833743096,0.06152523841177367,0.05921672344406233,0.03628709502518177,0.0628683376276058,0.0403528843075037,0.052968337945640084,0.08718788549304009,0.05783530557528138,0.06027819439768791,0.09193169549107552,0.19951498806476592
2021-04-16,0.10058011151850224,0.09061932489275933,0.06016792888228188,0.05916025495769191,0.036198380030691625,0.06285114368847644,0.040382636291906235,0.05251622218638659,0.08643459901213646,0.057872213795781134,0.059105730056762694,0.09101577959954739,0.20309564471244812
2021-04-19,0.10235375575721264,0.09067418240010738,0.05942431695014268,0.05928109022410055,0.03620677199214697,0.06387363453904982,0.040578696364536884,0.05480136871337891,0.08655398935079575,0.057481813803315164,0.05889691039919853,0.09018033929169178,0.19969311356544495
2021-04-20,0.10331349670886994,0.09053882062435151,0.05826121971220353,0.05857613019247374,0.035833065025508405,0.06483264939142827,0.04084021062590182,0.056425230018794535,0.0859680064022541,0.056489423476159574,0.059284177422523496,0.08978861533105373,0.19984897077083588
2021-04-21,0.10298398174345494,0.0893138013780117,0.05784641118159719,0.060232767690456865,0.03528368566185236,0.06546539418086468,0.04125929768197238,0.05709793567657471,0.08482306301593781,0.05547580756247043,0.059632254764437675,0.09007762633264065,0.2005079746246338
2021-04-22,0.10307236462831497,0.08856772184371949,0.058963820286736815,0.06192196996393164,0.03511100560426712,0.06608298845803802,0.04145025280304253,0.05683761369436979,0.08340791016817092,0.05465414952486754,0.059450993314385414,0.09010213278234006,0.20037704110145568
2021-04-23,0.10268253423273563,0.08892611227929592,0.05882044787536511,0.0618543543320353,0.03511558827012777,0.06702808235249905,0.04188261367380619,0.056668851897120474,0.08200748413801193,0.054333198629319665,0.060434338822960856,0.09023256562650203,0.20001384019851684
2021-04-26,0.10202273726463318,0.08971444144845009,0.05955675779680991,0.06148649628538401,0.03554828222841024,0.06785422796001513,0.04183208104223013,0.05599328894168139,0.08032831102609635,0.054249846190214154,0.06122781150043011,0.09035217985510827,0.1998335152864456
2021-04-27,0.10111758187413215,0.09016543105244637,0.060468670291603924,0.060877417283412075,0.03588919118046761,0.0691215905610079,0.04200597731396556,0.05552174411714077,0.0786542572081089,0.05459776856005192,0.06225452683866024,0.09022172726690769,0.1991041272878647
2021-04-28,0.10074925608932972,0.08973935544490814,0.0611246609654474,0.059974055895939314,0.03610078860074282,0.07023797255305908,0.04230949888005853,0.05632217638194561,0.07691230103373528,0.05443091504275799,0.06351443566381931,0.08949842303991318,0.19908615946769714
2021-04-29,0.10028651468455792,0.08918735459446907,0.061683456223188673,0.05937034996955717,0.036649874038994314,0.07127498757863578,0.04274862911552191,0.05648666527122259,0.0753095231950283,0.0548831544816494,0.0648553729057312,0.08829604126513005,0.19896808862686158
2021-04-30,0.10054510198533535,0.0894437626004219,0.061528407788741114,0.058786579362130456,0.036868512816727164,0.07181890296233177,0.0428040998056531,0.05576259158551693,0.07369737029075622,0.055390678159892556,0.06638254411518574,0.08810421973466873,0.19886724948883056
2021-05-03,0.10020075477659703,0.0890278048813343,0.061020062941978634,0.059286446779276504,0.037361875362694266,0.0723766286537284,0.043127262592315675,0.05516318678855896,0.07176420018076897,0.05566058233380318,0.06730175688862801,0.08809691630303859,0.19961254000663758
2021-05-04,0.09993252083659172,0.08777011334896087,0.060810595393883025,0.059825191130974176,0.03805160727351904,0.07334784980530458,0.043443997390568256,0.054740971326828,0.07015950158238411,0.05605077277868986,0.06927307955920696,0.087471279874444,0.19912252426147461
2021-05-05,0.09838300980627537,0.08920649774372577,0.059139525239544175,0.06061164311878624,0.038133283890783784,0.07443873995161994,0.043988209776580335,0.05416616555303335,0.06828670874238014,0.056324316374957564,0.07109349332749844,0.08648406974971294,0.1997443050146103
2021-05-06,0.09680570401251316,0.0902851890772581,0.057297656530229266,0.06121896557731184,0.03851229473948479,0.07568425713443502,0.04438216621056199,0.054021185636520384,0.0669092059135437,0.05681602340191603,0.07326854951679707,0.08535368219017983,0.19944513440132142
2021-05-07,0.09548280686140061,0.09066534303128719,0.0554585764100235,0.06077522524228644,0.03896631561219692,0.07720328451450768,0.044939046073704955,0.05419425219297409,0.06572943553328514,0.0566845178604126,0.07558529004454613,0.0850746564567089,0.19924124777317048
2021-05-10,0.09439755044877529,0.09001517184078693,0.05472215667726701,0.060079343060185586,0.03948711678385734,0.07891972918146166,0.04545306088402867,0.054144527018070224,0.06481770724058152,0.0566761814057827,0.07778971269726753,0.08436079919338227,0.19913695454597474
2021-05-11,0.09328754879534244,0.09046519249677658,0.05476502775887564,0.05758783979351083,0.039527910947799685,0.07968190825158672,0.04590574987232685,0.054883825965225695,0.06340593695640565,0.05582032911479473,0.07884899601340294,0.08201326653361321,0.20380642712116243
2021-05-12,0.09262720122933388,0.09204475432634354,0.05556648152151702,0.057224176420439574,0.03973347581923008,0.08068784288675487,0.046098229847848414,0.05494641177356243,0.06241545453667641,0.05529336705803871,0.08192762322723865,0.08041775599122047,0.20101721882820128
2021-05-13,0.06613399144262075,0.06697324085980653,0.03994664382048807,0.04148657928405566,0.0292537122964859,0.05882081883619321,0.03360935812816024,0.03980963379144668,0.04604912586510181,0.04019349776208401,0.06049957238137722,0.057805894315242766,0.4194179177284241
2021-05-14,0.06817843951284885,0.07078473232686519,0.04317413616990588,0.0426202630100363,0.030916628800332545,0.062484241757510973,0.03525568479672074,0.04129499364644289,0.04866708777844906,0.042358637787401676,0.06317185796797276,0.06121397204697132,0.3898793518543243
2021-05-17,0.057443632185459136,0.062405313923954965,0.03873505718160022,0.036621747940538366,0.027592482790350915,0.056110339761494286,0.03100599809549749,0.03607762493193149,0.043280652910470965,0.03753408417105675,0.05642550028860569,0.053713447600603106,0.46305410861968993
2021-05-18,0.05569002944976091,0.06204183474183082,0.03916101248003088,0.0357332755344526,0.027741684578359127,0.05812226288085185,0.031659177085384724,0.03616233058273792,0.04458466172218323,0.03840810190886259,0.057702348381280896,0.05336457267403603,0.4596287190914154
2021-05-19,0.056259312108159064,0.06262051444500685,0.03979246259295817,0.03544554570662086,0.02825733758509159,0.06070979224691655,0.03274703291244805,0.03714389204978943,0.046396882459521296,0.03980744667351246,0.05843497030436993,0.053435010462999345,0.448949807882309
2021-05-20,0.05698611959815025,0.06356263272464276,0.04079154657211639,0.03604767775683957,0.028643517382442953,0.06410094179759654,0.034184857411310075,0.038463364355266094,0.04852641597390175,0.04197198711335659,0.05956641249358654,0.054177417606115344,0.43297710418701174
2021-05-21,0.05652375742793083,0.06368769314140081,0.04100072433673283,0.03615399621554758,0.02883133590221405,0.06598569890477393,0.03508114218711853,0.038894967548549174,0.049262867867946626,0.04382954202592373,0.05885191410779953,0.05458364188671112,0.42731270790100095
2021-05-24,0.0635661706328392,0.07202314902096987,0.047236292131226064,0.04116756666388479,0.03329115621745586,0.07772845473534744,0.04116784678772092,0.045081648789346215,0.056733525916934015,0.052728794142603876,0.06763346493244171,0.06243517845869064,0.33920674324035643
2021-05-25,0.06583600677549839,0.07564496360719204,0.04932207676660631,0.04315092227905204,0.0354275818914175,0.08378972870193593,0.04418426640331745,0.04773402102291584,0.059744111821055414,0.058141016960144044,0.07020573541522027,0.06595840007066726,0.30086116790771483
2021-05-26,0.07168037742376328,0.08303198125213385,0.05329428480264849,0.04760950173847593,0.03955901078879833,0.09513396163752078,0.049967514164745805,0.05389739163219929,0.06607851907610893,0.06760567873716354,0.07587044686079025,0.07278520539402962,0.22348615527153015
2021-05-27,0.07261752486228942,0.08428711574524642,0.054677837311833774,0.04853952182084864,0.0405441552400589,0.09919634354123445,0.05176652856171131,0.05568506997078657,0.0672782801091671,0.07177423201501369,0.07648049369454384,0.074363561719656,0.20278932750225068
2021-05-28,0.07196743562817573,0.08292196244001389,0.05528129580429386,0.04850306703280527,0.040365876629948616,0.1010932704076822,0.05251862118020654,0.056252976134419444,0.06680962666869164,0.07451326586306095,0.07639640495181084,0.07369127050042153,0.19968494772911072
2021-06-01,0.07128675319254399,0.08195864856243133,0.05511717620759064,0.04845703489309141,0.040479281917214394,0.10218556211411851,0.05299810180440545,0.05639308299869299,0.06590608060359955,0.07709847837686538,0.07559037581086159,0.0732922039926052,0.19923717975616456
2021-06-02,0.0705182146281004,0.0796152340248227,0.055907031540029274,0.04850334932115548,0.04079692922532559,0.10292216753477987,0.05347159849479795,0.05602601673454046,0.06520838811993598,0.0792876671999693,0.07522151470184327,0.07332563772797585,0.1991962432861328
2021-06-03,0.07007833048701287,0.07778535075485707,0.056306726084374856,0.04874807947532833,0.04080516062676907,0.10311662342851377,0.05379650788381696,0.05561597142368555,0.0645093958824873,0.08180243670940399,0.0749832421541214,0.07345745116472244,0.19899471402168273
2021-06-04,0.06964220851659775,0.07741637192666531,0.056100971697788535,0.04833664545762133,0.040650905668735506,0.10239776786652328,0.0534322077408433,0.05592422764748335,0.0638959288597107,0.08364472463726998,0.07447451278567314,0.07349990978837014,0.20058360695838928
2021-06-07,0.0693973146378994,0.0772497832775116,0.05530843211506671,0.0483709630740373,0.04094113670289516,0.10108338843233469,0.053137821797281506,0.05541029497981072,0.06340517625212669,0.08661181330680848,0.07438757941126824,0.07357418015599251,0.20112212300300597
2021-06-08,0.06888878345489502,0.07642733920365571,0.0557421147991942,0.048770926841806526,0.04099655784666538,0.10062933092076491,0.05307555347681046,0.05493220295757055,0.0633395865559578,0.08865226171910763,0.07443599849939346,0.07496300116181373,0.19914632439613342
2021-06-09,0.0683794979006052,0.07520625945180655,0.05598158178711206,0.049033034667997376,0.04105188511312008,0.10026079153399223,0.053719968814402816,0.054881689883768556,0.06310766562819481,0.08918092250823975,0.07441154047846794,0.07582922577857971,0.1989559441804886
2021-06-10,0.06801174804568291,0.07452071141451597,0.05521912287039097,0.049536349285995304,0.041294058039784434,0.1001867640148248,0.05464694872498512,0.05545962937176228,0.06296736933290958,0.08929035067558289,0.07341868504881859,0.07663272917270661,0.1988155424594879
2021-06-11,0.06823763065040112,0.07463551983237267,0.05357840597830439,0.05010690249331109,0.04196100197732448,0.09959067522772784,0.05540390573441982,0.05585977900773287,0.062305747717618945,0.08943666890263557,0.07245596274733543,0.07737354189157486,0.1990542709827423
2021-06-14,0.06854651495814323,0.07446241322904826,0.05385512291279184,0.05061440590493742,0.04224833697080612,0.09897506665283799,0.05601546773687005,0.056355536170303824,0.06145873703062534,0.08978363014757633,0.07121788188815117,0.07742720022797585,0.19903968572616576
2021-06-15,0.06898187138140202,0.07520135939121246,0.05329061420743404,0.050846491477772385,0.042650651186704636,0.09840455476678471,0.05669349441304803,0.05722044128924608,0.060458794608712195,0.08915198743343353,0.06985468566417694,0.0781886026263237,0.1990564525127411
2021-06-16,0.06940162181854248,0.07555520553141833,0.05288492023573941,0.05112452613849783,0.0429244089871645,0.09824388680272023,0.05767340026795864,0.05834785401821137,0.05975490733981133,0.08779688477516175,0.06858268603682519,0.07841891646385193,0.1992907851934433
2021-06-17,0.07059739604592323,0.0759754590690136,0.05282237317097831,0.05097813925172634,0.043065155297517775,0.09737898952084834,0.05806219568476081,0.059017388895154,0.059196173399686816,0.08710289038717747,0.06722899600863456,0.07836669385433197,0.20020819306373597
2021-06-18,0.07195354141294956,0.07732814531773329,0.05183820774023111,0.05089488337952908,0.043710177019238475,0.09689337459631134,0.05811005886644125,0.059382446110248566,0.05919466018676758,0.08558935448527336,0.06650973111391068,0.07830197960138321,0.2002934455871582
2021-06-21,0.07363765686750412,0.07678555622696877,0.051425865509053995,0.052441626549483186,0.043639034405350684,0.09500118508976811,0.057496194168925284,0.05934281386435032,0.05926996096968651,0.0841516226530075,0.06745333448052407,0.07826461121439934,0.20109054148197175
2021-06-22,0.07536895088851452,0.07611680310219526,0.052321946628254956,0.05424968690386791,0.043423162400722505,0.09269510262424774,0.05792239997535944,0.06009129136800766,0.05996869280934334,0.08095517568290234,0.06743048802018166,0.07873203605413437,0.20072424709796904
2021-06-23,0.07640433795750141,0.0770197108387947,0.05241919745013224,0.055222443938089505,0.043395654484629634,0.09146773207885417,0.05916975736618042,0.061325617507100104,0.061448407173156736,0.07736552581191063,0.06714969277381896,0.07767944484949112,0.1999324768781662
2021-06-24,0.07689043357968331,0.07774910461157561,0.05242911427149188,0.05585276983393435,0.04399966821074486,0.09050642702736696,0.059453103505074975,0.06164695024490356,0.063017538189888,0.07422359697520733,0.067488943785429,0.07695157080888748,0.19979079067707062
2021-06-25,0.07768094055354595,0.07870695628225803,0.05297274481664314,0.056770799533034835,0.04465707875788212,0.08960098835250392,0.05934329032897949,0.06149565540254116,0.06443875283002853,0.07083751186728478,0.06834769770503044,0.0757208675146103,0.19942671060562134
2021-06-28,0.07911634929478169,0.07938105054199696,0.05354593737708822,0.05705313211065359,0.045233110710978505,0.08859815643959337,0.05937990490347147,0.06084875240921974,0.06554698795080185,0.06769727692008018,0.06864450946450233,0.07578107118606567,0.19917373955249787
2021-06-29,0.0801875039935112,0.08118225038051605,0.05288284444300508,0.057281806009436484,0.045668304711580274,0.08813848412391963,0.05983647853136063,0.060660996660590175,0.06628856509923935,0.06494834087789059,0.06887136697769165,0.07498119324445725,0.19907189309597015
2021-06-30,0.08103934116661549,0.08257025927305221,0.05201641844363767,0.05736493363200186,0.04591767489910126,0.087663957967834,0.059840279072523116,0.06060441583395004,0.06672964505851268,0.06412875521928071,0.06920571401715278,0.07388365417718887,0.19903496503829957
2021-07-01,0.08173469007015229,0.08334943763911724,0.05131549137918014,0.0576630709592699,0.04606191962957382,0.08774698850170352,0.0602005759254098,0.06078485324978829,0.06695916764438152,0.06306960638612509,0.06962593048810958,0.0723862811923027,0.19910196959972382
2021-07-02,0.08252091631293297,0.08405476659536362,0.051289076055004476,0.05795958718923302,0.04623389914631844,0.08784403433692205,0.06040505040436983,0.06065213717520237,0.0670554868876934,0.061643225885927674,0.06977001577615738,0.07146682292222976,0.19910499155521394
2021-07-06,0.08310797698795795,0.0856499757617712,0.04954557701501585,0.05796884558943773,0.04653845801949501,0.08816575160039974,0.060947038047015664,0.060958102345466614,0.06707552000880242,0.06038642600178719,0.07030657827854156,0.07039832547307015,0.1989514023065567
2021-07-07,0.08317356482148171,0.08691703192889691,0.04831778679011815,0.057548236495522785,0.04730661660432815,0.0886015481735285,0.06141072977334261,0.061513087898492816,0.06710085943341255,0.05904629500582814,0.0700386792421341,0.06987322047352791,0.19915233850479125
2021-07-08,0.08362888954579831,0.08795811086893082,0.04704793800735363,0.05734897408983066,0.04830297864973545,0.08946611942105846,0.061761986650526526,0.06220129318535328,0.06694900132715702,0.05763537809252739,0.06964362859725952,0.06914755329489708,0.1989081859588623
2021-07-09,0.0841219186782837,0.08804327659308911,0.045761415704963504,0.05813343658159944,0.049124938994646074,0.09068064746284107,0.06241257973015309,0.06286307871341705,0.06655700579285621,0.055762055516242984,0.06939198896288871,0.06786194145679474,0.19928575158119202
2021-07-12,0.084985276684165,0.08897783868014812,0.04575541040473237,0.057952797765377186,0.0498889796435833,0.09137988657748793,0.06320764571428299,0.06330896988511085,0.06632240153849125,0.05352545026689768,0.06826956644654274,0.06730447337031364,0.19912126958370208
2021-07-13,0.08586472384631634,0.09047641679644584,0.04519186737633145,0.057218881563634125,0.04994176961481571,0.09222610559340864,0.06413713283836842,0.06358131393790245,0.06644118577241898,0.05180847970768809,0.06694248467683792,0.06744112372398377,0.19872848987579345
2021-07-14,0.08680339492857456,0.0919135868549347,0.04566837058876896,0.05596065527104717,0.049271536991000175,0.09192486357678717,0.06381916292011738,0.06373094320297241,0.0673662256449461,0.05002269009128213,0.06669793948531151,0.06753426343202591,0.19928635954856871
2021-07-15,0.08798620998859405,0.09330266006290913,0.04584723635710848,0.05500380020695204,0.04879141561686993,0.09142079141133763,0.06334232464432717,0.06363949738442898,0.06826572492718697,0.048893782496452334,0.06630241200327873,0.06832799538969994,0.198876091837883
2021-07-16,0.0887480340898037,0.09395988620817661,0.04625870500191045,0.055013834312515365,0.04832298643887043,0.09149626129101307,0.06265198811888695,0.06346400342881679,0.06859801225364208,0.04784074779599905,0.06590743958950043,0.06868045255541802,0.1990576446056366
2021-07-19,0.08932109847664833,0.09386452622711658,0.04616850444935885,0.054868553219277416,0.04758558217436075,0.0925567160216815,0.06220983862876892,0.0631998524069786,0.06810622699558735,0.04831247329711914,0.06573481559753418,0.06852509528398514,0.19954669177532197
2021-07-20,0.08954018950462342,0.09246475733816624,0.045361026927298195,0.05547693920341157,0.04734297376126051,0.0918372368269047,0.06162301041185856,0.062358733639121054,0.06995166689157487,0.04871805850416422,0.06455356627702713,0.06925448253750802,0.20151735246181487
2021-07-21,0.08928504027426243,0.09182464927434922,0.045999830591254565,0.05621654273090595,0.04703357722610235,0.09208208223049041,0.06091973818838596,0.06136474646627903,0.07075025737285615,0.04876501820981503,0.06472965851426124,0.06984843313694,0.2011804163455963
2021-07-22,0.08898184634745121,0.09231324717402459,0.046570859372241105,0.056150069191997075,0.046519778482615945,0.09305882613607537,0.06097958013415337,0.0614304855465889,0.07112373560667037,0.04901157412678003,0.0645824395120144,0.06930206567049027,0.19997549951076507
2021-07-23,0.08859316110610962,0.09349197372794152,0.04668452761373256,0.05521936654238004,0.045872167497873303,0.09412442165794346,0.06121141090989113,0.061825931444764136,0.07117717787623405,0.04970613997429609,0.06415821686387062,0.06849753335118294,0.1994379758834839
2021-07-26,0.08855656832456589,0.09510796964168548,0.047257120532527175,0.054375317372984,0.04572549220174551,0.0941335001322841,0.06019468493759632,0.061689643934369084,0.07104235850274562,0.05040396396070719,0.0637744277715683,0.06850695982575417,0.19923200011253356
2021-07-27,0.08926530592143536,0.09638992175459862,0.0476216006809846,0.05332582052077193,0.046140937507152556,0.09394683721880029,0.058875583484768866,0.06121216788887977,0.07068324498832226,0.051225446164608,0.06399119533598423,0.06819495260715484,0.199126997590065
2021-07-28,0.08965051099658013,0.09731734246015548,0.04739295603601903,0.05203737038716287,0.046580453589558604,0.0940602555766418,0.058311541005969046,0.061182474717497826,0.0697902787476778,0.052271447889506814,0.06379125714302063,0.06835847496986389,0.19925562739372255
2021-07-29,0.08952941112220288,0.09812626987695694,0.0478934015683878,0.05099319241706261,0.047045403812080624,0.09496924883360407,0.05782684311270714,0.0612897839397192,0.06830137930810451,0.05375830661505461,0.06375752724707126,0.06752007678151131,0.19898916482925416
2021-07-30,0.09010033085942268,0.0984669104218483,0.04804144112866844,0.0501850451747746,0.046145264711230996,0.0957636744296451,0.05725220404565334,0.061357491090893744,0.0670181542634964,0.055258887261152266,0.06397613398730755,0.0673934429883957,0.19904100894927979
2021-08-02,0.08998792842030526,0.0978916548192501,0.04765455042831057,0.04940430245323313,0.04545339038595557,0.09734395508867237,0.05764066763222218,0.06183954291045666,0.06567468270659446,0.05710643883794546,0.06335302256047726,0.06768905594944954,0.19896083772182466
2021-08-03,0.08890982195734978,0.09717698991298676,0.04702693185413516,0.048990409015334004,0.04500629482790828,0.09889952811781769,0.05823427252471447,0.062657355889678,0.06496185958385467,0.05930628310889006,0.0624866783618927,0.06767176538705826,0.19867181181907653
2021-08-04,0.08827573768794536,0.09714196249842644,0.04684775897819442,0.048769368337906016,0.04428069852292538,0.10012959211039743,0.05829886756837368,0.06316466070711613,0.06400941498577595,0.06131978966295719,0.06155536100268364,0.06759350448846817,0.19861327409744262
2021-08-05,0.08720040582120418,0.09693888202309608,0.04657429000305395,0.04819401601573645,0.04343859516084194,0.10171690070542354,0.058821103721857074,0.06368973143398762,0.06303885020315647,0.06315448880195618,0.061124855652451515,0.06735159754753113,0.19875625669956207
2021-08-06,0.08701199367642402,0.0972592480480671,0.04730353499786659,0.04766738718225536,0.04218279961496592,0.10193481471437735,0.05842691659927368,0.06422531418502331,0.06178971268236637,0.06419163122773171,0.06130170971155167,0.06787867173552513,0.19882624447345734
2021-08-09,0.08749538920819759,0.09694023355841637,0.04761722763829042,0.046443318908696796,0.040701817441731694,0.10108489636068044,0.059116870164871216,0.06629572547972203,0.06085942722856998,0.06597820427268744,0.06003926657140255,0.06758285537362099,0.19984475672245025
2021-08-10,0.08819329813122749,0.09770902320742607,0.04748564022745594,0.045519009138329555,0.0395947721786797,0.09959193328031687,0.05930432379245758,0.06751041412353516,0.0607119370251894,0.06795994658023119,0.05938166305422783,0.06719393581151963,0.1998441070318222
2021-08-11,0.0895138893276453,0.09794758334755897,0.04777094757057156,0.044882726507862,0.03838562658056617,0.09778935415051819,0.058576732873916626,0.06738152056932449,0.061109747365117074,0.06977877486497164,0.06015881523489952,0.0669797383248806,0.199724543094635
2021-08-12,0.09154252782464027,0.09794863536953927,0.048323190513335314,0.044843176862295664,0.03753769425675273,0.09606275701262348,0.05748755633831024,0.06655467748641967,0.06157372705638409,0.07025797087699175,0.0607770387083292,0.06757785528898239,0.19951318204402924
2021-08-13,0.0939594142138958,0.09892384633421898,0.04839683086540649,0.04494755124856997,0.03703601416200399,0.09423675154575903,0.05638823211193085,0.06572923660278321,0.062050727754831315,0.06984806386753917,0.060954110510647294,0.06797694861888885,0.1995522826910019
2021-08-16,0.09647025614976883,0.10010790377855301,0.04748666587228012,0.0455808250169607,0.03692282820120454,0.09247929409257268,0.05575825273990631,0.06484763696789742,0.06253750547766686,0.06921628564596176,0.06083983071148395,0.06848256662487984,0.19927012026309968
2021-08-17,0.09899358451366425,0.10099717527627945,0.04660964261335163,0.04627378658502383,0.03707196125760674,0.09104260642220652,0.05524630881845951,0.06402141079306603,0.06273671090602875,0.06798017993569375,0.06116208024322987,0.06862400695681573,0.19924053847789763
2021-08-18,0.1001802135258913,0.10149598643183708,0.04594082069269199,0.04713394896136638,0.03781194891780615,0.09047559433984134,0.055310589447617534,0.06337103694677353,0.06263241432607174,0.0661937952041626,0.06072194427251816,0.0687867172062397,0.1999449610710144
2021-08-19,0.10045682154595852,0.10179920420050621,0.04520178404908837,0.04772951493797315,0.03845258420333266,0.09125288907221148,0.0564436424523592,0.06289708726108074,0.06242301762104034,0.06461139656603336,0.0599190728738904,0.06867586076259613,0.2001371532678604
2021-08-20,0.10008623190224171,0.10189898461103439,0.04419286420010789,0.04849642408165948,0.0389630432240665,0.0926361597018058,0.05800919085741043,0.0626222051680088,0.06168986782431603,0.06323187407106161,0.05884039308875799,0.06914026141166688,0.20019251108169556
2021-08-23,0.09892595447599888,0.10132336691021919,0.04463768025939672,0.04942382553366986,0.03944478062912822,0.09402646149478641,0.05920947417616844,0.062060824036598204,0.060851794108748435,0.06228210050612688,0.05859930440783501,0.06937862038612366,0.19983580708503723
2021-08-24,0.09747894145548344,0.1000228427350521,0.04517137501281994,0.05022447533001575,0.039857862144708635,0.09518776128043101,0.059914592280983926,0.06114923544228077,0.060167872533202174,0.06147171296179295,0.05948187261819839,0.0685962587594986,0.20127521753311156
2021-08-25,0.09752746261656284,0.10007273033261299,0.04629598356721214,0.05095969036619188,0.04000842943787575,0.095839475247476,0.060446320474147795,0.060622696205973624,0.06011254973709583,0.06056132763624191,0.0601585803553462,0.06806728094816208,0.19932746589183808
2021-08-26,0.09878958277404308,0.10074433982372284,0.04736990428869703,0.051283647809913194,0.03944623721763492,0.09498291666291152,0.06009727120399475,0.05983814112842083,0.06010017953813076,0.05990022700279951,0.060713956132531166,0.06763622686266899,0.1990973949432373
2021-08-27,0.09992587640881538,0.10117096304893494,0.048040955906633265,0.051415152042188696,0.03910435922443867,0.09432800937652246,0.060156265273690224,0.05888779424130917,0.059948010742664336,0.05923354160040617,0.0609643267467618,0.06739470362663269,0.1994300216436386
2021-08-30,0.10069506801664829,0.10136130079627037,0.04908630299319601,0.05157095480632954,0.038920524623245,0.09232087155569388,0.059348730370402336,0.05725229121744633,0.05972759425640106,0.05796277355402708,0.061583032831549644,0.06695879697799682,0.20321176946163177
2021-08-31,0.10235734879970551,0.10276340320706367,0.04941895323160352,0.05214439449234547,0.03899437012150884,0.09123383798096256,0.05918333753943443,0.05652607679367065,0.06041969507932663,0.057347741164267066,0.06248954311013222,0.06769111976027489,0.19943019151687622
2021-09-01,0.10313627049326897,0.10312171056866645,0.05034688659290687,0.05249503673406952,0.039031032100319864,0.08972920616952251,0.05865418016910553,0.05583171583712101,0.06091630719602108,0.056942928582429886,0.06234725546091795,0.06843435242772103,0.1990131288766861
2021-09-02,0.1034968700259924,0.10328211709856987,0.05137646778834011,0.053008129839647825,0.03890436496585607,0.08851802898861934,0.05845310017466545,0.05524456277489662,0.06127899400889873,0.05654563792049885,0.06137556470930576,0.0695791020989418,0.1989370346069336
2021-09-03,0.10392979718744755,0.10280645489692689,0.05238580042541123,0.05331673385933957,0.03842601953074336,0.0877154663040983,0.05839076191186905,0.05487241968512535,0.06153160631656647,0.056222866661846636,0.06121257357299328,0.07030706331133843,0.19888245165348054
2021-09-07,0.10394986532628536,0.10297202318906784,0.052402264108924436,0.05336318802154309,0.03826465988531709,0.08707394925222615,0.058342935517430305,0.05518268495798111,0.06154368333518505,0.056280438974499705,0.060798801202327016,0.07085863128304482,0.19896687865257262
2021-09-08,0.10392876863479614,0.10304522067308426,0.052174675431343506,0.05251796781706641,0.03767766170203686,0.08609803185504461,0.057741324231028554,0.05611645616590977,0.06207616105675697,0.058128131181001665,0.05979223884642124,0.07101950123906135,0.19968385994434357
2021-09-09,0.10317392833530903,0.10228852555155754,0.05119628022373242,0.05201388121806758,0.037362878769636156,0.0856230047554618,0.057881399244070056,0.056755828112363814,0.062382045388221743,0.060254165157675746,0.05966509683057666,0.07190662622451782,0.19949637055397035
2021-09-10,0.10234257765114307,0.10186086893081665,0.050624789208400675,0.0515751373986312,0.03712095860391855,0.08555646253653322,0.05798294059932232,0.05678090862929821,0.06294246762990952,0.06183219626545906,0.05879314662888646,0.07286232784390449,0.19972521364688872
2021-09-13,0.10202364586293697,0.10173885524272919,0.049732396431875436,0.05094743886803723,0.03662580568343401,0.08537095402775777,0.057945430278778076,0.057029251381754874,0.06355344839394092,0.06206952854990959,0.05946393888443709,0.07326913848519326,0.20023015439510344
2021-09-14,0.10125352367758751,0.10108938738703728,0.049291544261743425,0.050745909462534475,0.0361991660669446,0.0855230692358873,0.05861614719033241,0.05743729211390018,0.06416306793689727,0.062204116210341456,0.06001443266868591,0.07360737174749374,0.19985497295856475
2021-09-15,0.0996757373213768,0.10000476241111755,0.04848069171327225,0.05056131921567939,0.03601813018321991,0.08625610286667325,0.0597922720015049,0.05838807411491871,0.06469506435096264,0.06268484070897103,0.06078386222943664,0.07283041253685951,0.19982872009277344
2021-09-16,0.09825709983706474,0.09982723891735076,0.04856953139936575,0.050794442645723595,0.03602850530296564,0.08629944098038322,0.06019357070326805,0.05883193910121918,0.06521627381443977,0.06281731221824885,0.061958211846649645,0.07167428582906724,0.19953217208385468
2021-09-17,0.09692376069724559,0.09962527677416802,0.048484409704391496,0.050698146697954805,0.03600208163261413,0.08579153715377288,0.06011378914117813,0.058926626294851306,0.06573796309530736,0.06506240833550692,0.06222556289285421,0.07058264017105102,0.1998257726430893
2021-09-20,0.09620995111763478,0.10007512643933296,0.04874775937683022,0.05134506092620868,0.03573192097246647,0.08470116354856146,0.059905622899532315,0.058462340757250784,0.06586167067289353,0.06721482649445534,0.06212029820308089,0.06929347738623619,0.20033080279827117
2021-09-21,0.09524815082550049,0.10058409795165062,0.04909660628798011,0.05226657624671738,0.0363579910248518,0.08352315298834583,0.060122136026620865,0.05752917900681496,0.06670263558626174,0.06781681012362242,0.060999073274433616,0.06759004965424538,0.20216355621814727
2021-09-22,0.0943636454641819,0.10200795382261277,0.050143744307236914,0.05382849906671279,0.03776431623846292,0.0826487403039664,0.06000794470310211,0.05672402270138264,0.06766782514750957,0.06711203176528216,0.06085775112733245,0.06626899987459182,0.20060450732707977
2021-09-23,0.09219912812113762,0.10200061276555061,0.051117510057554584,0.05449759172141402,0.0387151313945651,0.08264745909714293,0.06073798388242722,0.05664077252149582,0.06855357214808463,0.06596810035407544,0.06074464553967118,0.06566667333245277,0.20051081776618956
2021-09-24,0.089360760897398,0.10052248686552048,0.052009353846072595,0.053852029807850775,0.03862121868878603,0.08399161052070667,0.06193588115274906,0.05862806588411331,0.06971968300640582,0.06586810313165188,0.0611151373013854,0.06414057463407516,0.200235053896904
2021-09-27,0.08701113127171993,0.0989818073809147,0.05195693730095421,0.05372062772865629,0.03848198615014553,0.08413940349855693,0.06279022768139839,0.06006618477404117,0.07128543257713318,0.0651864267885685,0.06241571707651019,0.0636151947081089,0.20034894049167634
2021-09-28,0.0857680507004261,0.09868061617016792,0.05343009553748548,0.053517184764979395,0.0387121619656682,0.08292738173208818,0.062251877784729,0.06012282408773899,0.07266821563243867,0.06375987697392702,0.0645721816457808,0.06363928392529487,0.1999502182006836
2021-09-29,0.07939177118241787,0.09071971997618675,0.04929322915878966,0.05010582015821648,0.034914073348045346,0.07407634880446494,0.05686710625886917,0.056292960047721864,0.06839876547455788,0.056918177381157876,0.06008358560502529,0.05715087801218033,0.26578758358955384
2021-09-30,0.08598911613225937,0.09794360548257827,0.053529854611452876,0.05458114084067596,0.03652446996420622,0.07699677565055936,0.060113564133644104,0.0608274444937706,0.07479682601988316,0.05878083407878876,0.06677737077698112,0.06012822985649109,0.21301077604293822
2021-10-01,0.08890903741121292,0.09822869896888733,0.05364164926421324,0.055307840663645004,0.03683711364865303,0.07623324627465991,0.05983409807085991,0.061288918182253835,0.07675473690032959,0.05772452987730503,0.07095102928578853,0.0611336313188076,0.2031555026769638
2021-10-04,0.08929429575800896,0.09696764871478081,0.05382040682602298,0.05528231883562675,0.03652015775442123,0.07483460413882312,0.05892506092786789,0.06082171648740768,0.07813496142625809,0.05597962327301502,0.07368533946573734,0.061852941662073134,0.20388093888759612
2021-10-05,0.09107645004987716,0.10015485286712647,0.05256882116384709,0.055989091478056884,0.03699596486985683,0.07415128745833499,0.05821963921189308,0.0600508950650692,0.08027275837957859,0.05504771191626787,0.07625675927847624,0.06146314814686775,0.19775260984897614
2021-10-06,0.09030013456940651,0.10225601121783257,0.051657801350041055,0.0549624732379689,0.03684589192271233,0.0733751805063548,0.05724653825163841,0.059746693819761276,0.08009893111884595,0.053567050583660604,0.07900132406502962,0.0596527710556984,0.20128921866416932
2021-10-07,0.08861890807747841,0.10271861180663108,0.050759882420499024,0.05476788067210166,0.037029494717717173,0.0743881165193443,0.05739621371030808,0.05996562242507934,0.08071660660207272,0.05374440271407366,0.07953241094946861,0.059580276161432265,0.20078155994415284
2021-10-08,0.08699386566877365,0.1014106661081314,0.05128220441847411,0.05455291756676086,0.03737760279327631,0.07510699963113439,0.05694748684763908,0.06074065007269382,0.0808160301297903,0.05369146857410669,0.08148849550634622,0.059121348708868024,0.20047031342983246
2021-10-11,0.08524143174290658,0.09954452067613602,0.05099268825710564,0.05380831860180777,0.03732258174568415,0.0753996344868483,0.05641047917306423,0.062044636160135266,0.08170483931899071,0.05386752244085073,0.08400848507881165,0.05914310961961746,0.20051171481609345
2021-10-12,0.08529079332947731,0.09862417504191398,0.05067094353668313,0.052825554400883414,0.037077957205474375,0.07511913181017463,0.055489770323038104,0.06207697056233883,0.08234788477420807,0.05377953052520752,0.08674085251986981,0.05933777764439583,0.2006186544895172
2021-10-13,0.08479930758476258,0.09696434438228607,0.05096634340787816,0.05234637610760338,0.03716474901884794,0.07455857030261086,0.05502634234726429,0.0618405856192112,0.08277704678475857,0.05446258448064327,0.08847789689898491,0.0602036789059639,0.20041220486164094
2021-10-14,0.08404447138309479,0.09532968252897263,0.05101128395289134,0.05227335354799632,0.03786691296845675,0.07385750458358871,0.05436148382723331,0.06120022237300873,0.0828477069735527,0.055021923035383224,0.09052972625941039,0.06082843542098999,0.20082728564739227
2021-10-15,0.08280370905995368,0.09388881474733353,0.051238783634353705,0.05223639330781431,0.038442634232342246,0.073605093309925,0.053968026861548425,0.060512034222483635,0.0817438866943121,0.05616525262594223,0.09190335161983967,0.06172446385025978,0.20176756381988525
2021-10-18,0.08202734515070915,0.0921382375061512,0.0507782754523296,0.05198969956109352,0.039095306396484376,0.07443428103745191,0.05327737368643284,0.060676297172904015,0.08069198839366436,0.05964801944792271,0.09341968055814505,0.06213321462273598,0.1996902644634247
2021-10-19,0.08209889978170395,0.09157407730817795,0.050547619841099053,0.05159826088815471,0.03955537509173155,0.07400699091285787,0.05308480300009251,0.0602532222867012,0.07947279885411263,0.06260746028274297,0.0929607655853033,0.06282739266753197,0.19941239058971405
2021-10-20,0.08309143707156182,0.09122996777296066,0.05044555739152301,0.0512295373649259,0.04018609691411257,0.07270124206643232,0.05298730060458183,0.0612575750797987,0.07779675014317036,0.06393374633044005,0.0930278792977333,0.06281341090798379,0.19929950535297394
2021-10-21,0.08481499627232551,0.09056574329733849,0.050596644233590914,0.05105431042833963,0.040647789090871814,0.07095846149154568,0.052372753620147705,0.061315808817744254,0.07656051851809025,0.06462495438754559,0.0936221569776535,0.06369000300765038,0.19917586147785188
2021-10-22,0.0867617130279541,0.09141578376293183,0.05107630341348575,0.05068189072871334,0.04111788924783468,0.07032378325852733,0.05179724469780922,0.060631297528743744,0.07603276148438454,0.0649776702746749,0.09170514568686486,0.06432562619447708,0.19915286898612977
2021-10-25,0.08764358758926391,0.09123113453388214,0.05094307160819138,0.05059474370099402,0.0416999239474535,0.06968737546349076,0.05147161409258842,0.05964146964251995,0.07527989633381367,0.06559213846921921,0.09169199354946614,0.06541394144296646,0.1991090953350067
2021-10-26,0.08877369537949562,0.09135620668530464,0.051306974059320255,0.05030644967326285,0.04263201523572206,0.06921345079795174,0.05062323585152626,0.05828249864280224,0.07397655248641968,0.06627640947699547,0.09155706465244293,0.06659885048866272,0.19909658133983613
2021-10-27,0.08991096541285515,0.09130132049322129,0.050399150753860235,0.05053694659083181,0.0432949211448431,0.06883430662614956,0.05062880516052246,0.057373111322522166,0.0720134750008583,0.06740692108869553,0.09117897041141987,0.06803715974092484,0.19908396601676942
2021-10-28,0.0911797747015953,0.09200800061225892,0.04999734950947836,0.05052504282212702,0.044137137569487096,0.06798532678926676,0.0510326337069273,0.05666752085089684,0.06998070348054171,0.06884796433150768,0.08892184980213642,0.06916597783565522,0.1995507299900055
2021-10-29,0.09248779118061065,0.0926985763013363,0.050758782435632456,0.05094338908857381,0.044942048750817774,0.06724481098749494,0.050619831681251524,0.055618077516555786,0.06768128238618373,0.06949068531394005,0.08766797855496407,0.07071160674095153,0.19913511574268342
2021-11-01,0.09393529146909714,0.09405071884393693,0.050795686805840214,0.050989305597492415,0.04569575097411871,0.06635450165513249,0.05100701116025448,0.054952225834131244,0.06632001250982285,0.07043457627296448,0.08514974266290665,0.07111032083630561,0.19920486509799956
2021-11-02,0.09551996961236,0.09488842263817787,0.05179304145887738,0.051395477499881895,0.046829338558018206,0.06508336225392668,0.05108646675944328,0.05406416729092598,0.06463835034519434,0.07096724510192871,0.08290359601378441,0.07173337638378144,0.19909718930721282
2021-11-03,0.09743276163935662,0.09601185843348503,0.052223990368283776,0.05147574807116655,0.04735661316663027,0.06423765756053398,0.05170913450419903,0.05351760294288397,0.06304508037865161,0.07103847526013851,0.08045679107308387,0.07236744984984397,0.19912682473659515
2021-11-04,0.09969958364963531,0.09744853228330612,0.05390168927006691,0.05150889242857204,0.04788352400064468,0.063649094915354,0.051641222462058066,0.052447783574461934,0.061328445188701154,0.0711811413988471,0.07751304805278778,0.07280173897743225,0.19899530112743377
2021-11-05,0.10195057839155197,0.09893710017204285,0.05480521010650197,0.05130833504413683,0.04814077764749527,0.06287314013870855,0.05192499868571758,0.051651541888713834,0.06001882907003164,0.07146567516028882,0.07535699605941773,0.07262681946158409,0.1989399641752243
2021-11-08,0.10414685159921647,0.0989637978374958,0.056169878009824356,0.05141551522446157,0.048501558415591714,0.06192095607966621,0.0518853560090065,0.05083576124161482,0.05906115639954805,0.07093965392559767,0.0735109381377697,0.07338351681828499,0.1992650657892227
2021-11-09,0.10613684803247452,0.09930216297507286,0.057155991674535576,0.051581769830614556,0.04899064395576715,0.0621529169956375,0.051640471816062926,0.05055156610906124,0.0583735128864646,0.07017970904707908,0.07127210423350334,0.07353122532367706,0.19913108348846437
2021-11-10,0.10768957957625389,0.09948969930410385,0.05729691508107937,0.05171833220100126,0.048995674960315226,0.06189900858580586,0.05207897126674652,0.05070552527904511,0.057856098376214506,0.06975757777690887,0.06953553855419159,0.07372461035847663,0.19925243258476258
2021-11-11,0.10813119858503342,0.09972415044903755,0.05693779163844041,0.05115122501775833,0.047691768407821654,0.06261449531843936,0.05315036475658417,0.052267222478985784,0.058969842828810216,0.06758619323372841,0.0678486742079258,0.07255029529333115,0.2013767898082733
2021-11-12,0.10905490629374981,0.10059302374720573,0.05753122193693159,0.051101668805491586,0.04694499429315328,0.06244827304935825,0.054231283441185954,0.05352752190083265,0.059530002810060975,0.06578053832054138,0.06740591824054717,0.07187210023403168,0.1999785542488098
2021-11-15,0.11038309819996357,0.10188046917319298,0.05745539725431694,0.05128666533724093,0.04618816208094358,0.061849562538009197,0.05437344051897526,0.053869970701634885,0.05967530086636543,0.06531763821840286,0.06659436225891113,0.07143426984548569,0.19969164133071898
2021-11-16,0.11105739586055279,0.10173031613230706,0.05682331735262913,0.050997852771655514,0.04544544368982315,0.0614129533061714,0.05456152707338333,0.05573207456618547,0.0592708995565772,0.06536037959158421,0.0658878207206726,0.07187387198209763,0.19984616339206696
2021-11-17,0.11242005415260792,0.10276417508721351,0.0567386340332046,0.0507242783014652,0.04504147376865149,0.06061021632085613,0.05400875136256218,0.056825259514153,0.058703568018972876,0.0661754585802555,0.06483357660472393,0.07146821096539498,0.1996863454580307
2021-11-18,0.11325682178139687,0.10386307686567306,0.055926475171163045,0.0505352758085321,0.04471100568771362,0.05973889476154,0.053679819032549855,0.05762455258518458,0.05810698084533215,0.06763200014829636,0.06358151845633983,0.0717465415596962,0.19959704875946044
2021-11-19,0.11414730511605739,0.1056104764342308,0.05479541051352079,0.05056214103577954,0.044872957095503804,0.059120196298954396,0.053257514536380765,0.0577612454071641,0.057467315904796125,0.06863183230161667,0.06279034167528152,0.07147371768951416,0.19950955212116242
2021-11-22,0.11394630819559097,0.10746269598603249,0.05336923800352409,0.05077881911536153,0.04520284626632929,0.05878513906145599,0.0533768143504858,0.05772698204964399,0.056833337806165216,0.06994752064347268,0.062207110971212384,0.07070716321468354,0.19965602159500123
2021-11-23,0.11326779089868069,0.1085532158613205,0.05210982391636616,0.04981785009622293,0.044292382523417474,0.05958825353563953,0.053338855504989624,0.05953153427690268,0.05712698474526405,0.07085447795689107,0.0618229441344738,0.06911718621850013,0.20057870745658873
2021-11-24,0.11360701955854893,0.1088225282728672,0.05091214649019928,0.04901332777936318,0.04360329769551754,0.05994866914488739,0.05367242209613323,0.061245543882250786,0.05713208969682455,0.07170516438782215,0.06115255616605282,0.06869162917137146,0.20049359500408173
2021-11-26,0.1146282721310854,0.10935763567686081,0.049858797686646736,0.048614861998438744,0.04316171817481518,0.05929233731203567,0.05411619655787945,0.06298944912850857,0.05702376551926136,0.07177321910858155,0.06014532297849655,0.06887630224227906,0.2001621037721634
2021-11-29,0.09045705050230027,0.08728287145495414,0.03837737244355832,0.04016580345791727,0.03539496976882219,0.0454954977781199,0.04262093715369701,0.048719763197004794,0.04814776908606291,0.05656337924301624,0.04508234784007072,0.05582762062549591,0.3658645927906036
2021-11-30,0.10238592699170113,0.10059685111045838,0.043817726186335546,0.04667875382581634,0.04114267472177744,0.049673799544962094,0.047311772033572196,0.05358462557196617,0.05601082369685173,0.06219911426305771,0.0514825239777565,0.06557810083031654,0.27953730821609496
2021-12-01,0.10049131326377392,0.10033839866518975,0.04296997592401634,0.046732184013984046,0.041460998728871344,0.0485253455784914,0.0475408710539341,0.05168220065534115,0.057364698871970175,0.061025683954358104,0.051124409586191175,0.06640923395752907,0.2843346893787384
2021-12-02,0.10590043365955353,0.10826147347688675,0.04593716379858712,0.049460913424443656,0.04436612762510776,0.052334669824813315,0.052350007742643354,0.054327193181961775,0.061581844463944435,0.06493356488645077,0.05477850437164307,0.07168175131082535,0.2340863436460495
2021-12-03,0.09401968605816365,0.09986306130886077,0.04341627898044855,0.04496018060296301,0.04052827637642622,0.04945475253916811,0.049396292120218274,0.048900524340569976,0.055707311071455476,0.059796811640262605,0.050750909745693205,0.06624931171536445,0.2969565987586975
2021-12-06,0.09931443519890308,0.10980719476938247,0.04626331303858642,0.048708972658102034,0.04486254584044218,0.054482923456816934,0.05491554774343967,0.051710018422454596,0.0592540031298995,0.06612833626568318,0.05396503917872906,0.07049695253372193,0.2400907427072525
2021-12-07,0.09667693078517914,0.11179126501083374,0.048199354651633365,0.04761639632752921,0.04516126550734043,0.05682750002624744,0.05656169466674328,0.052028547134250404,0.0587431363761425,0.06625385098159313,0.054604827985167505,0.07026086822152137,0.23527435064315796
2021-12-08,0.0789387658238411,0.09306643828749657,0.0405837436522507,0.03947638519842034,0.03819356821477413,0.0485560961502415,0.04724022354930639,0.04280606908723712,0.049624938517808914,0.056722722575068475,0.0455333698540926,0.05854479596018791,0.3607128858566284
2021-12-09,0.08393287882208825,0.0992109589278698,0.0443512353138372,0.04206890833882717,0.04154901299625635,0.053186143801031,0.051170595735311505,0.04700081301853061,0.054351041093468666,0.06253478080034255,0.04957068599760532,0.06437659859657288,0.30669634938240053
2021-12-10,0.0755487184971571,0.09180859178304672,0.04081374470754984,0.037571309755397485,0.03736842013895512,0.04876579499236868,0.047351359575986865,0.04326661434024572,0.051794739067554475,0.057184936851263045,0.04507605768740177,0.059170985221862794,0.3642787396907806
2021-12-13,0.08198567740619182,0.10153596252202987,0.04475048305633944,0.04032302863904338,0.04045867808163166,0.05334997712302538,0.05019483529031277,0.0464005053974688,0.057836650684475896,0.06248396299779415,0.04965384714305401,0.06512956842780113,0.30589682459831236
2021-12-14,0.08856811113655567,0.11168190091848373,0.048171279791629475,0.04343903402994833,0.044278194382786754,0.0582752048844668,0.05413819253444672,0.04964663926512003,0.06278856098651886,0.06762055270373821,0.05346524938941002,0.0712023988366127,0.2467246800661087
2021-12-15,0.08932900391519069,0.1146013081073761,0.04849448436812622,0.04369812318596313,0.04509331826120615,0.06048286572849974,0.05491090081632137,0.05054449951276183,0.06379073485732079,0.06875916011631489,0.05385210178792477,0.07254821285605431,0.23389528691768646
2021-12-16,0.08849390745162963,0.11597095429897308,0.04892230344443327,0.04394778779249222,0.04572002980858088,0.06318572055120057,0.055602752789855006,0.05054211355745793,0.06475572269409895,0.07049464955925941,0.05417342521250248,0.07386703416705132,0.22432362139225007
2021-12-17,0.0892938382923603,0.11905269175767899,0.04999708411782393,0.04392958423930242,0.04664972946047783,0.0669020626641668,0.057501206547021864,0.050944611243903634,0.06575569212436676,0.07186044231057168,0.0552397221326828,0.07482324093580246,0.20805009603500366
2021-12-20,0.08940841630101204,0.11967640668153763,0.05107325527777675,0.04498827850637586,0.046815576031804085,0.0701035359011712,0.058946164697408675,0.05052648056298494,0.06562632396817207,0.07154819890856742,0.05443348847329617,0.07449805960059167,0.20235580801963807
2021-12-21,0.08927588164806366,0.11846530884504318,0.05088707382867223,0.04499149363615107,0.04715889301151037,0.07246465850548703,0.058984465524554254,0.050492708943784236,0.06535394340753556,0.07043305262923241,0.05331552512943745,0.07352467253804207,0.20465233325958251
2021-12-22,0.08547783344984054,0.11393241882324219,0.05022591269577923,0.04347941870890697,0.046447182074189186,0.07245081032010603,0.05658225640654564,0.048372570984065534,0.0636679109185934,0.06915003135800361,0.051590621098876,0.07155225202441215,0.22707077562808992
2021-12-23,0.08246753737330437,0.11074400171637536,0.050071826851489296,0.04312842490981002,0.046502552554011346,0.07478301732157888,0.05645017065107823,0.04748643431812525,0.06407841071486473,0.07092581503093243,0.051255683228373525,0.07157473266124725,0.23053142726421355
2021-12-27,0.08239543884992599,0.11098960041999817,0.05190901702179858,0.044185116631689246,0.047961154393851756,0.07877481910263669,0.05749383382499218,0.04806387443095446,0.06697512380778789,0.07514353692531586,0.05288183614611626,0.07326366677880287,0.20996297895908356
2021-12-28,0.08112164065241814,0.10882098153233528,0.05234461556508822,0.044334158985931,0.04835736826062202,0.07916414705387069,0.056356480717658995,0.04737340454012155,0.06827174201607704,0.07701537534594535,0.05360075160861015,0.07375262305140495,0.20948671400547028
2021-12-29,0.08115962743759156,0.10721384212374688,0.052971337862128286,0.045032005659405884,0.0493177380412817,0.08008441525703347,0.055392923578619954,0.04732475709170103,0.0699035745114088,0.07937330640852451,0.05487558115273714,0.07511324509978294,0.20223764479160308
2021-12-30,0.08155429586768151,0.10483169481158257,0.0532669061626029,0.04494349154653339,0.04945362936705351,0.07956344782460292,0.054005463048815726,0.04833601079881191,0.07076815739274026,0.08034104332327843,0.05621958989650011,0.07624891400337219,0.2004673510789871
2021-12-31,0.08218499720096588,0.10229649022221565,0.053173400580850586,0.04495715010616301,0.04989179018884897,0.07852140930758651,0.053050403296947476,0.04926081784069538,0.07123860381543637,0.08122505322098732,0.057025372982025146,0.07753570899367332,0.19963881075382234
2022-01-03,0.08261556252837181,0.10036982074379922,0.0529376077895737,0.04516540598718475,0.04977944977581501,0.07743085313400115,0.052205071598291394,0.04943074826151132,0.07120997495949269,0.08214933089911938,0.057941609993577003,0.0792604960501194,0.1995040714740753
2022-01-04,0.08321350738406182,0.09816416278481484,0.05313856636004673,0.04467402054226373,0.04921862054616213,0.07683419889872312,0.052459060400724414,0.05106039345264435,0.0706346582621336,0.08263758420944214,0.058718369156122205,0.07921308353543281,0.2000337600708008
2022-01-05,0.08331309631466866,0.09776639714837074,0.052484511508414225,0.0439895066647761,0.04820311702787876,0.07553122867043385,0.05303238704800606,0.05261302776634693,0.0705669067800045,0.08337719775736332,0.05996961109340191,0.07942585498094559,0.1997271716594696
2022-01-06,0.07337858006358147,0.08388028591871262,0.0454775015206863,0.037169739923432844,0.04115042891353369,0.0642689980389605,0.045695513114333154,0.04619259741157293,0.06331987492740154,0.07088475488126278,0.05260681714862585,0.06910303384065627,0.30687188506126406
2022-01-07,0.0823134385049343,0.09261244833469391,0.05187211714642999,0.039988042644211144,0.04501968100667,0.06928224208745633,0.049645572900772095,0.05050932765007019,0.07155643962323666,0.07722759917378426,0.060192275978624823,0.07768272161483765,0.23209811449050904
2022-01-10,0.08491798713803292,0.09526886567473411,0.053792758175325694,0.040956705916554446,0.04620058424770832,0.07007395547175292,0.05036896131932735,0.05207065474241972,0.07464327141642571,0.0793766163289547,0.06525240037590266,0.07958023548126221,0.2074970304965973
2022-01-11,0.08437009379267693,0.09533089324831963,0.054129415871575756,0.04167399969874204,0.04642228484153747,0.06968839155802016,0.05033996142446995,0.05226169154047966,0.07531538568437099,0.08015636540949345,0.06890852376818657,0.07921138182282447,0.20219161212444306
2022-01-12,0.0827762521803379,0.09399576038122177,0.05357041375140135,0.0421921799861396,0.046331611648201945,0.06822040319898406,0.049320316314697264,0.05117502100765705,0.07421070821583271,0.0794434480369091,0.0710227994248271,0.07717203944921494,0.21056905388832092
2022-01-13,0.0834646463394165,0.09385513886809349,0.05318592823034614,0.04366400448038767,0.047355403564870356,0.06812065758354038,0.04911411330103874,0.05110819991677999,0.07433497458696366,0.08078686110675334,0.07482097782194615,0.077293960750103,0.2028951108455658
2022-01-14,0.08493188098073005,0.09509000182151794,0.05188505376549859,0.043747552075701,0.04740812554955483,0.06686927071268656,0.049103206396102904,0.050223051011562346,0.07365636564791203,0.08082830682396888,0.07583702709525823,0.07579499706625939,0.20462518632411958
2022-01-18,0.08601998537778854,0.09757387191057205,0.05066255969671598,0.04343361337599969,0.04727160036563873,0.06737614273242798,0.04931503012776375,0.05203484734520316,0.07273653373122216,0.08000462129712105,0.07807233147323131,0.07387122735381127,0.2016276091337204
2022-01-19,0.0806064896285534,0.09054443538188935,0.04706980621209382,0.04074775637171495,0.04351876676082611,0.06268859846486521,0.04579871036112308,0.04956998210400343,0.06795359700918198,0.07272154688835145,0.07471301108598709,0.06656034439802169,0.25750693678855896
2022-01-20,0.08579217493534089,0.09502256959676743,0.04912304557634641,0.043171685478319156,0.04600229859352112,0.06479049637368917,0.048418260365724566,0.05351669332012534,0.07103601172566414,0.07470619678497314,0.08186167310923338,0.0687368467450142,0.2178220421075821
2022-01-21,0.08776096850633622,0.09592867940664292,0.04931063558622491,0.043932619671494956,0.047127391025424,0.06367542105176653,0.04937670156359673,0.05476647326722741,0.0711251873522997,0.0746297612786293,0.08591275122016669,0.06890155225992203,0.20755188167095184
2022-01-24,0.08897023126482964,0.09554486572742463,0.04859575473952642,0.045050594932146734,0.04789352715015412,0.06098506393345815,0.049843909218907356,0.05506874471902847,0.06981286071240903,0.07467864565551281,0.08963365443050861,0.06773613691329956,0.206185981631279
2022-01-25,0.08912106081843377,0.0961426354944706,0.05001712132805007,0.04587596614250931,0.048698270320892335,0.058595972654711656,0.049540046602487564,0.05459323339164257,0.06862469799816609,0.07585998699069023,0.09308328106999397,0.06638147085905075,0.2034662187099457
2022-01-26,0.0891544610261917,0.09654080271720886,0.04961920299502154,0.04618332354548134,0.04927518405020237,0.056608515773586984,0.04955497272312641,0.05411517098546028,0.06754283867776394,0.07691516075283289,0.09650221131742001,0.06432289406657218,0.20366526246070862
2022-01-27,0.0879585288465023,0.09732448384165764,0.04897019629811492,0.04675945744639467,0.05010065250098705,0.05756945369512323,0.04958030954003334,0.05507466904819012,0.06821325570344924,0.08007921371608973,0.10006609633564949,0.06434769108891487,0.19395600259304047
2022-01-28,0.08501706346869468,0.09597036093473435,0.04877113111496456,0.04599457347116207,0.05005307160317898,0.056867303590115624,0.049878965318202975,0.05587897812947631,0.06916003562510013,0.08115126993507146,0.10374051705002785,0.0642534039914608,0.19326335787773133
2022-01-31,0.08040656074881554,0.09425020292401314,0.04921362188316643,0.04384493987894959,0.04859311878681183,0.054288446209193354,0.04804118424654007,0.05390001703053713,0.06751931384205818,0.07895531039685011,0.10470087211579085,0.06283756718039513,0.2134488344192505
2022-02-01,0.06712203845381737,0.08067798614501953,0.04314361622584926,0.037909453938996404,0.0419668385758996,0.045807006881022974,0.04033819288015365,0.04512450583279133,0.05819146651774645,0.06844999901950359,0.09273019451647997,0.05293143317103386,0.32560726404190066
2022-02-02,0.06746203303337098,0.08217720091342925,0.04491673577282729,0.03937912257101903,0.04269274584949016,0.04716824424640435,0.040785689279437064,0.0455399633385241,0.05961487460881472,0.07116668876260519,0.09898429252207279,0.05308853536844253,0.30702388286590576
2022-02-03,0.07061860635876656,0.08699837885797024,0.047110847031627226,0.04204180942963891,0.04480433147400618,0.050485299613137614,0.04306113794445991,0.04682577988132834,0.06215871926397085,0.07648685108870268,0.10745256450027227,0.055787093937397,0.266168612241745
2022-02-04,0.05225062891840935,0.06258665136992932,0.0347530305207874,0.03175850424002995,0.03227096237242222,0.03786512037313514,0.03133612349629402,0.035410745488479736,0.047459686547517775,0.05596314631402492,0.0801469860598445,0.03983473889529705,0.45836368203163147
2022-02-07,0.053138000518083574,0.06319320984184743,0.03505769996082577,0.03198436089208627,0.03172456510365009,0.03977405107480081,0.03151236493140459,0.03622030266560614,0.04952493906021118,0.05654593165963888,0.08319766093045473,0.038891376927495,0.4492355465888977
2022-02-08,0.055564794689416885,0.0657954890280962,0.036851725554074656,0.03347182727809326,0.033064356073737144,0.04358411039092971,0.03347577899694443,0.03955935398116708,0.05347628407180309,0.060925187170505525,0.09116974789649249,0.04012616276741028,0.41293519735336304
2022-02-09,0.06219142079353333,0.07505578882992267,0.042588167797089224,0.03766726922620265,0.037692412920296195,0.05075543017937889,0.03761550933122635,0.04544776068069041,0.06075441688299179,0.07059196829795837,0.10613994468003511,0.04470662549138069,0.3287932813167572
2022-02-10,0.05115513801574707,0.06266973055899143,0.035784915575518994,0.031381614137270655,0.03192704152315855,0.04333456819326784,0.031060986593365668,0.038263595942407844,0.050311246141791346,0.061056896857917306,0.0905700153671205,0.037174086272716525,0.4353101372718811
2022-02-11,0.04867557361721993,0.059513050317764285,0.033670087292926885,0.029309616493915235,0.029304296523332597,0.04200153458086788,0.02956899181008339,0.03664306816644967,0.04775730483233929,0.057483677752316,0.08469147114083171,0.03547954149544239,0.4659017860889435
2022-02-14,0.050403449684381485,0.05893155559897423,0.03274911403559404,0.030817986292911215,0.030035921186208726,0.04219812616438503,0.030484512448310852,0.03698775647208095,0.04972688518464565,0.05923766614869237,0.08651995658874512,0.03608983755111694,0.45581725239753723
2022-02-15,0.05004750117659569,0.05879903584718704,0.03178753130352998,0.02954013674781688,0.028643372654914855,0.04198172058722775,0.03025851957499981,0.037003326276317236,0.04838236551731825,0.0573122750967741,0.08621855219826102,0.034938793256878854,0.4650868594646454
2022-02-16,0.049990800023078916,0.05909355916082859,0.03210988401865933,0.02927669339049732,0.02874287646263838,0.04243430366909706,0.030431269854307174,0.0373583547770977,0.048016154766082765,0.05835554329678416,0.08586031282320619,0.03465926200151444,0.4636709809303284
2022-02-17,0.04983617067337036,0.05860251896083355,0.03228977090790632,0.029273952464860108,0.02925777230411768,0.04317239548590805,0.03133394531905651,0.03836903036572039,0.04794998057186604,0.0607570081949234,0.08760399110615254,0.03465986400842667,0.4568936049938202
2022-02-18,0.05104169249534607,0.05826993957161904,0.03210255923275387,0.03111412824849147,0.029890569299459456,0.04220839134050038,0.03180336505174637,0.03810027034487575,0.04842054275795817,0.0627287189476192,0.08855186384171247,0.03443292416632175,0.4513350486755371
2022-02-22,0.05386981070041656,0.060856403410434724,0.03364766980779699,0.03211892381643331,0.03028670959174633,0.04236960191938124,0.03348581418395043,0.03870514906011522,0.049043998774141076,0.06323484452441334,0.09128624452278018,0.034968310967087746,0.43612650632858274
2022-02-23,0.061472061276435855,0.06807456873357295,0.037333435095312596,0.0368220809168891,0.034293387271463874,0.045953101108989355,0.03768742382526398,0.04201003808993846,0.053696281276643276,0.07047279644757509,0.10215683039277793,0.038346192613244054,0.37168178558349607
2022-02-24,0.05890913382172584,0.06321141347289086,0.03381895255098719,0.03544160699978125,0.032781871408224104,0.04248559565294272,0.036356784775853156,0.0400667353766039,0.048651840258389714,0.06629088101908565,0.09616430196911097,0.03617143370211125,0.4096494734287262
2022-02-25,0.061711106449365616,0.067014529556036,0.03609081959614748,0.03660814327597883,0.03391074556857347,0.04358403919968623,0.038609433174133304,0.04215874301735312,0.04799687713384628,0.06758454088121653,0.10089742001146078,0.03752912692725659,0.3863044440746307
2022-02-28,0.0550581805408001,0.06040682829916477,0.03287642025570374,0.03366144332381733,0.03161863535642624,0.038896557120460785,0.03496221825480461,0.037888483586721124,0.04166055200621486,0.0619338789023459,0.09032458635047078,0.033860288187861444,0.44685193300247195
2022-03-01,0.05775463581085205,0.0638291947543621,0.03499770090657321,0.038610421527951466,0.035023071244359015,0.04088652840728173,0.0378577321767807,0.03984364115167409,0.04421037305146456,0.06948202764615416,0.0977738575078547,0.03711365237832069,0.4026171684265137
2022-03-02,0.06768675148487091,0.07372064217925071,0.040187000072149814,0.0459245810968774,0.04035507123917341,0.04635125202685231,0.04383977055549622,0.04475611795205623,0.05044744499027729,0.08046975703909993,0.10839325534179807,0.04273159839212894,0.3151367425918579
2022-03-03,0.07564126029610634,0.08250410556793213,0.04572229853078209,0.05226239006699664,0.04450819063931703,0.051861201930387325,0.048706527426838876,0.04943769054953009,0.055951188690960406,0.09023485761135816,0.11713385544717311,0.04734897166490555,0.23868747651576996
2022-03-04,0.07756677865982056,0.08643249794840813,0.04735619175111587,0.056580226795054145,0.046890329010784625,0.05429099355906146,0.05238553695380688,0.052101813885383305,0.059246097691357136,0.09697142485529184,0.1205314440652728,0.04908809512853622,0.20055859684944152
2022-03-07,0.07720899730920791,0.08722516968846321,0.04687144732301576,0.05881161416082996,0.04808065928518772,0.05380264585401164,0.05378571674227715,0.05194448020774871,0.06313022468239068,0.09861265551298856,0.1193750923499465,0.048715245351195334,0.19243602752685546
2022-03-08,0.05768518075346947,0.06346043683588505,0.03420173148563262,0.04494575381634878,0.0368258323520422,0.04005201890940953,0.03980082124471664,0.039276725915260616,0.05022628251463175,0.07280909768305718,0.08689711326733232,0.03747338578104973,0.39634562134742735
2022-03-09,0.06264466941356658,0.06863198578357696,0.03783209068150395,0.04956211508423998,0.040530308149755,0.04437562572038587,0.0428498100489378,0.04279916228260845,0.0569887338206172,0.07798020737245678,0.09550246661528945,0.04132818765938282,0.3389746069908142
2022-03-10,0.06689406111836434,0.07446510642766953,0.04183395331417916,0.05288240311760006,0.04302716348320246,0.04883151208487106,0.045936720073223115,0.04582652556709945,0.06193020977079868,0.08456810554489494,0.09632974867708981,0.04495712704956532,0.2925173580646515
2022-03-11,0.061532432585954665,0.07022941634058952,0.03972570440736121,0.04906832019685119,0.04032446835190058,0.046841623706495736,0.04389351345598698,0.04421073095872998,0.06254574079066515,0.08237709933891893,0.08841200931929052,0.042639458924531935,0.3281995117664337
2022-03-14,0.06141688525676727,0.0706485629081726,0.039311050809865654,0.047617467044509885,0.03987494315952063,0.04618204896642055,0.043630192056298256,0.04466524224262684,0.06594981085509062,0.08178062243387103,0.08531197374686599,0.04222707077860832,0.33138413429260255
2022-03-15,0.04941725544631481,0.05805127434432507,0.03206393358761801,0.037216853559233876,0.0323841686360538,0.03840689133858177,0.035891277715563774,0.03658204709645361,0.0550957378000021,0.06680902363732458,0.06642999961040914,0.034250763803720476,0.4574007630348206
2022-03-16,0.04919708594679832,0.05948173850774765,0.03267515518328921,0.0352824815392653,0.03201292362064123,0.03873062737084183,0.036348698660731316,0.03665036910679191,0.05614411998540163,0.06830423497594892,0.06480237557552755,0.034676793217659,0.4556934356689453
2022-03-17,0.048827479034662245,0.06022368557751179,0.033375299834441916,0.03481978844671474,0.0331900573335588,0.038272896554099135,0.03654706403613091,0.036307172197848556,0.055353874899446966,0.07016633190214634,0.06285551493056118,0.035468478500843045,0.45459232926368714
2022-03-18,0.04911711513996124,0.06053067222237587,0.033699263591217665,0.03430214651907608,0.03186945989727974,0.03794806252326453,0.03651279993355274,0.03605209786910564,0.05543190762400627,0.07153409961611032,0.062462524697184565,0.03697771094739437,0.4535621106624603
2022-03-21,0.04994865134358406,0.06125904656946659,0.03402596559686728,0.03408914857085232,0.031081716157495977,0.037383154904910045,0.036577141284942626,0.03595918172504753,0.055699913576245305,0.0723944834433496,0.05991902588866651,0.03839689679443836,0.4532656788825989
2022-03-22,0.05044362992048264,0.060654128715395925,0.033677600497120964,0.032941995259103685,0.029411670425906776,0.037929546118721194,0.03719680458307266,0.03691160930320621,0.058664169162511826,0.07108551077544689,0.0580956646706909,0.039221609756350514,0.45376606583595275
2022-03-23,0.05165504664182663,0.06100051626563072,0.03378850542774696,0.032262781186406284,0.02855741372331977,0.03794904978312843,0.037424133718013765,0.03748140726238489,0.06037538759410381,0.06977324476465582,0.05606249645352364,0.040418345108628274,0.4532516777515411
2022-03-24,0.05366867408156395,0.061383386701345445,0.033160904529971266,0.032078531954682354,0.026913697086274623,0.0368949282419635,0.03773541934788227,0.03742861403152346,0.060912427864968775,0.06773055894300342,0.055755171831697224,0.04171418771147728,0.4546235024929047
2022-03-25,0.055626151710748674,0.06246013715863228,0.033262005096642254,0.03215471366305671,0.026040218817070127,0.03664896111004055,0.03740138970315456,0.037119126366451385,0.06079537272453308,0.06635847818106413,0.05529095865786075,0.04369664900004864,0.45314582586288454
2022-03-28,0.0561333067715168,0.06176527366042137,0.032811452499094604,0.031447119051758496,0.02480245833285153,0.0374240507650029,0.03730828054249287,0.038328441139310596,0.06351311039179564,0.06433061519637703,0.05535651156678796,0.04488826654851437,0.4518911063671112
2022-03-29,0.057767929136753084,0.06277257576584816,0.03277536688323934,0.030751554986004948,0.024178854143247008,0.03764335134146677,0.03792723678052425,0.03930648453533649,0.0651452224701643,0.0667368390597403,0.05544637320563197,0.04697814770042896,0.44257007241249086
2022-03-30,0.05761292353272438,0.06179969310760498,0.03249669926199648,0.029973017714808314,0.02346332729794085,0.035483703125282776,0.03693851679563522,0.038371534226462244,0.06210601963102817,0.06645248550921679,0.05477514751255512,0.04776801280677319,0.4527589201927185
2022-03-31,0.05918520390987396,0.062568399310112,0.032258613558117766,0.029535757203482404,0.023152135033160447,0.03403579514797457,0.03711453266441822,0.03824458229355514,0.061293986067175864,0.06621979372575879,0.054828033316880465,0.0491726741194725,0.4523905098438263
2022-04-01,0.06105862334370613,0.06344971731305123,0.03227572064893316,0.03035711233435485,0.02285814881324768,0.032006931901742065,0.03668772503733635,0.03746273093856871,0.06011267974972725,0.06372783938422799,0.05379457157105207,0.050539151579141614,0.4556690573692322
2022-04-04,0.06320883557200432,0.06376340538263321,0.032577269768049,0.031271400173752004,0.02300565685145557,0.031985663264640606,0.03653374239802361,0.037111952202394605,0.05903281662613154,0.062362755089998244,0.05330750644207001,0.052483057230710985,0.4533559322357178
2022-04-05,0.06550329923629761,0.06470581665635108,0.032611685271213275,0.03188988261349124,0.023409185325726868,0.03119838673155755,0.03634657934308052,0.03712064411956817,0.05822005458176136,0.06104272017255426,0.05293435789644718,0.05379364974796772,0.45122373700141905
2022-04-06,0.06668810322880744,0.0653497502207756,0.032729047283369714,0.03177451693508093,0.02302895993925631,0.03160519798839232,0.03691497966647148,0.03701965969521552,0.058857292868196964,0.05671437997370958,0.050370143819600345,0.053617972135543826,0.45532997846603396
2022-04-07,0.06770744025707245,0.06641992256045341,0.03254126205615915,0.03181974901213565,0.022623126301914452,0.03120738397446985,0.03731704987585545,0.03696948352735489,0.060740613378584385,0.05354991098865867,0.04893392790108919,0.05434183143079281,0.4558282971382141
2022-04-08,0.06891861110925675,0.06823868304491043,0.03216246162786866,0.03198401676507299,0.022269625193439425,0.03033185643798788,0.03697613663971424,0.036623286176472904,0.06175362393260002,0.051479267049580814,0.04884885400533676,0.055147862434387206,0.455265736579895
2022-04-11,0.0690580315887928,0.06949592158198356,0.031432434030230105,0.03189701849383475,0.02198445883113891,0.02971233761491021,0.03659598492085934,0.037271789833903314,0.06348290611058474,0.049719394836574796,0.049071288947016,0.05615818239748478,0.4541202187538147
2022-04-12,0.06987466961145401,0.07006520926952362,0.030600820328604783,0.03162364461795839,0.02155866497196257,0.028879726971354103,0.036370300501585004,0.037580459960736334,0.06424751598387957,0.04767310321331024,0.048397026304155585,0.056233135238289836,0.45689569115638734
2022-04-13,0.07156843468546867,0.07084350064396858,0.02995780743386032,0.0316852096536671,0.021472332603298127,0.02789462488181016,0.03635934069752693,0.03787434971891344,0.06409925296902656,0.04759182091802359,0.04919338468462229,0.05710342712700367,0.45435650944709777
2022-04-14,0.07203342989087105,0.07103674486279488,0.029753489100288986,0.03200531968902176,0.02173164444975555,0.02652401767045376,0.03582188859581947,0.037616288964636625,0.06231935266405344,0.04823930403217673,0.05016815215349198,0.05808613672852516,0.45466422438621523
2022-04-18,0.07236542776226998,0.07101404070854186,0.0289403825818642,0.03117149872195668,0.021520538232289256,0.026737062733081983,0.03611271642148495,0.037998404307290914,0.06261695437133312,0.04777210047468543,0.05091435220092535,0.05729214921593666,0.4555443704128265
2022-04-19,0.07195714041590691,0.07146370634436608,0.02801196669812427,0.030624377142601487,0.02145207447465509,0.02645844490107265,0.03618339039385319,0.038266946421936156,0.06233882084488869,0.04856356717646122,0.05293752113357186,0.0569578530266881,0.4547842025756836
2022-04-20,0.0711556389927864,0.07196918651461601,0.028370728777270315,0.030545878825404847,0.02158829353284091,0.027333045414707158,0.036128575913608074,0.038993940805085,0.06226576026529074,0.051039771642535925,0.05455214641988278,0.05793901961296797,0.4481180429458618
2022-04-21,0.07026842013001441,0.07391079291701316,0.028798392161353093,0.031124325415880172,0.02216718711424619,0.027734999880340182,0.03687972892075777,0.04038776382803917,0.06195352654904127,0.05446029743179679,0.05752145275473595,0.060053288005292416,0.43473982214927676
2022-04-22,0.06789595261216164,0.07140641659498215,0.028159008802668417,0.029811294036911917,0.021635529841296373,0.026053723072982392,0.03457243591547012,0.03919328581541777,0.0598780969157815,0.0523381132632494,0.0548824755474925,0.0576374065130949,0.4565362691879272
2022-04-25,0.06724062860012055,0.07103107199072838,0.028591810596003242,0.030086193105668714,0.0216129690175876,0.0248799390559725,0.033736102655529975,0.03928601780207828,0.06052348576486111,0.0520351127255708,0.054754363186657426,0.05829400215297938,0.4579282820224762
2022-04-26,0.0671956941485405,0.07177368849515915,0.029211418707019023,0.030257035001204892,0.021623394940979777,0.023747770096088062,0.03340775892138481,0.03867932786233723,0.05964047275483608,0.05369819118641317,0.054684306308627126,0.05908412877470255,0.45699682235717776
2022-04-27,0.06616144105792046,0.06982308551669121,0.029551090330460994,0.03125889397406638,0.02196335680782795,0.022608114700415172,0.03334586061537266,0.03807084938744083,0.05975845083594322,0.054490100126713514,0.054623738303780554,0.05927372183650732,0.4590712904930115
2022-04-28,0.0652029924094677,0.06898035556077957,0.02977618535983275,0.032569429244837876,0.022456203470937908,0.02246442675459548,0.03309033811092377,0.03840201807906851,0.06052229851484299,0.055098959757015106,0.055577076971530914,0.05887500550597906,0.45698468685150145
2022-04-29,0.0637827567756176,0.06865154877305031,0.030033193557612314,0.03324459538929059,0.022655929997563364,0.022167006842937553,0.03273806534707546,0.038546608039177956,0.06025017946958542,0.05629669581539929,0.056854935362935066,0.05879266317933798,0.4559858202934265
2022-05-02,0.06210581809282303,0.0663151703774929,0.03065614131499288,0.03331797303658579,0.02215879149734974,0.022295891644898803,0.032897979766130445,0.0392222129390575,0.062014957144856456,0.05554459989070892,0.058063109219074246,0.057911086827516556,0.45749627351760863
2022-05-03,0.06070942580699921,0.06560317128896713,0.031234002678893445,0.03264372420178159,0.02136566499248147,0.022873583812906873,0.03262169621884823,0.03863231264986098,0.06216780096292496,0.05702188350260258,0.059665233641862866,0.058022469468414786,0.4574390411376953
2022-05-04,0.05902314931154251,0.06375668197870255,0.03142481834936337,0.03227488193562813,0.02146789643447846,0.02325960932430462,0.032653357833623886,0.038540041889064014,0.06146881096065045,0.0594893213827163,0.06127893030643463,0.05850151441991329,0.45686098337173464
2022-05-05,0.05890754088759422,0.06387842297554017,0.03185786020565118,0.032271527052391315,0.022088298993185162,0.02329770641590585,0.03274468407034874,0.038234965153969826,0.06059572584927082,0.06110199298709631,0.062461087573319675,0.05779299046844244,0.4547671854496002
2022-05-06,0.05748303085565567,0.06094221994280815,0.03178452257408768,0.03331192225865429,0.02302300005685538,0.024229790022945962,0.03342749960720539,0.03812389392405748,0.06077980734407902,0.05900673931464553,0.062169702257961035,0.05771211143583059,0.4580057382583618
2022-05-09,0.05640510842204094,0.060159105062484744,0.03183857041424023,0.03426100899180895,0.023838323238305748,0.024820608086156427,0.033694471791386606,0.03821592286694795,0.06189705803990364,0.057117116078734397,0.06317546125501394,0.05707076340913773,0.4575064778327942
2022-05-10,0.05536328852176666,0.058337116986513136,0.03139508474756347,0.034623293768084554,0.024296151590533555,0.024829261747800046,0.03426962159574032,0.03873353803064674,0.06352670900523663,0.057092542946338656,0.06170530803501606,0.055895065888762474,0.4599330186843872
2022-05-11,0.05442673265933991,0.05817098319530487,0.031448829841979456,0.03545468613156544,0.02494095889851451,0.024604472948703916,0.033995387703180314,0.03806690393248573,0.06414294540882111,0.05753547148779035,0.06174311442300677,0.056099467910826206,0.45937002897262574
2022-05-12,0.05485786497592926,0.05780893862247467,0.031318321864191034,0.035439414549815675,0.024889767402783036,0.024461431870440718,0.034378649294376375,0.03784729579929262,0.06558968387544155,0.057194413617253304,0.06162578966468572,0.054990646243095395,0.4595977604389191
2022-05-13,0.05431821942329407,0.05782379135489464,0.03194828447653553,0.03520849684042258,0.024978384422138334,0.02489199213014217,0.03420846052467823,0.03729572274023667,0.06591905392706394,0.05919459201395512,0.061306378431618215,0.053880030289292336,0.45902658700942994
2022-05-16,0.05388807877898216,0.0586922287940979,0.032643930309800416,0.03514111938284472,0.02525112498551607,0.025897855008224724,0.03453721888363361,0.03684714894043282,0.06533846035599708,0.060746513213962315,0.061225757375359534,0.05272320285439491,0.45706736445426943
2022-05-17,0.0528371661901474,0.05895011946558952,0.03234747123568109,0.03470449644794442,0.02516397412400693,0.027326555857871426,0.035353710129857066,0.036993981472915036,0.06491227596998214,0.062150043714791534,0.062136837467551234,0.050979490578174594,0.45614386200904844
2022-05-18,0.05236985608935356,0.0597399577498436,0.032950833871636755,0.0343819072546383,0.025412239145953208,0.029187450675817673,0.03557634577155113,0.036942828283645215,0.06330451592803002,0.062212965451180935,0.06265844274312257,0.04953855574131012,0.4557240903377533
2022-05-19,0.050773555785417555,0.05742860957980156,0.03285899132304877,0.03519452641178198,0.025492883555125447,0.029867353106237716,0.03578999079763889,0.03704710579477251,0.06492958888411522,0.059507775027304886,0.06253931876271963,0.049727946147322656,0.45884236693382263
2022-05-20,0.050530250370502475,0.05715752467513084,0.03321665588403775,0.036354082430881715,0.026050739304628222,0.030785195632779504,0.03532649725675583,0.036416799481958154,0.06558308601379395,0.05793517865240574,0.06398479770869017,0.04989025220274925,0.45676894187927247
2022-05-23,0.04990314617753029,0.05651614516973495,0.03306809800739856,0.03689691882891797,0.026360583037603646,0.03230293597007403,0.03557051829993725,0.036272185173584146,0.06524367555975914,0.05724775586277246,0.06462856158614158,0.04967276155948639,0.4563167214393616
2022-05-24,0.049588486552238464,0.05649759694933891,0.033132342214477715,0.03683926854139337,0.026601028442382813,0.0339840534288669,0.0362210214138031,0.035630171664524826,0.06414922066032887,0.0571513899601996,0.06527995560318231,0.048697884753346445,0.4562275767326355
2022-05-25,0.04876899793744087,0.05756944790482521,0.03266380291588291,0.035969693351814234,0.027383248636033385,0.035142417675524486,0.0373981948941946,0.03548356698593125,0.0624755222350359,0.05697613912634551,0.06552709192037583,0.04735807366669178,0.45728379487991333
2022-05-26,0.04832355380058288,0.05897767245769501,0.032842170070545684,0.035373717035110455,0.02806323441909626,0.036176372236514,0.03781155310571194,0.035063979506958276,0.06154680885374546,0.057325078267604114,0.06640196274966001,0.04629495181143284,0.4557989418506622
2022-05-27,0.048177632689476016,0.05957499295473099,0.033001188296462834,0.035179287432823614,0.028549434919841587,0.03721408593337401,0.0377842903137207,0.034718596789753066,0.06068234518170357,0.05818915544077754,0.06679258048534394,0.04517474547028542,0.4549616754055023
2022-05-31,0.04824758470058441,0.05975956171751022,0.033172322149514245,0.035028595052993695,0.02858521929010749,0.038021937462326606,0.03773332834243774,0.034642762469593434,0.059847031533718106,0.058637585723772645,0.06677037943154573,0.04498215764760971,0.45457154512405396
2022-06-01,0.04740653187036514,0.058343542367219926,0.03261593737742707,0.03395502447351166,0.028336415183730423,0.039627119484794096,0.03885509446263313,0.03550458125537261,0.06161071136593819,0.059208365203812716,0.06583842355757952,0.04376930929720402,0.4549289643764496
2022-06-02,0.04708621054887772,0.05704421848058701,0.03207614227705839,0.033639581285532925,0.027885518141556532,0.04069005224955617,0.039433789998292924,0.035851677297614515,0.06271852776408196,0.05959056313149631,0.06563767297193408,0.042530231177806854,0.4558158218860626
2022-06-03,0.047593459486961365,0.057377079874277113,0.03236145307386309,0.03357608316366978,0.028310234763193876,0.04127084675274091,0.039120417833328244,0.03559873204212636,0.06350485980510712,0.059805765328928825,0.06525960564613342,0.04208900891244412,0.4541324555873871
2022-06-06,0.0484721876680851,0.05732246562838554,0.03198476725703703,0.03380036558819075,0.028192595846485348,0.04078000782028539,0.03821376413106918,0.03502160366624594,0.06573088765144348,0.058680881792679426,0.06413844358175994,0.04127523489296436,0.45638681054115293
2022-06-07,0.04880727082490921,0.05759104713797569,0.03176224913275298,0.03339797144788772,0.02815793069312349,0.04143826035578968,0.038582440465688705,0.035188679525163025,0.0680963721126318,0.05710172913968563,0.0637404965236783,0.039974264428019525,0.45616129636764524
2022-06-08,0.04870200380682945,0.05717675983905792,0.03183044875540038,0.03297661685845128,0.02836935771629214,0.041447295508987736,0.03902709223330021,0.03519409120781347,0.06930467635393142,0.05625885152257979,0.06456266716122627,0.039409391954541205,0.455740749835968
2022-06-09,0.04885406717658043,0.055788981914520266,0.031492096771935964,0.03328670378713703,0.028371097869239748,0.0405306912274682,0.038261079043149945,0.035216003668028864,0.07055200785398483,0.05389646482653916,0.06534529076889158,0.04009081423282623,0.45831469893455506
2022-06-10,0.049205558747053145,0.05567030757665634,0.031234914577795612,0.0341351685675642,0.028863150894176216,0.03897982474809396,0.0374188594520092,0.03531525427242741,0.07156714275479317,0.05163706736639142,0.06664233477786183,0.04084726125001907,0.4584831714630127
2022-06-13,0.04924993813037872,0.055009981244802476,0.031227779000592724,0.03491674605181938,0.028995682834647596,0.039374314838642024,0.03646893836557865,0.0358167560887523,0.07107337601482869,0.04979828638024628,0.06769402148202061,0.04152184799313545,0.45885233879089354
2022-06-14,0.0488643504679203,0.053731280565261844,0.030848504957488386,0.03539575666004424,0.02956704756943509,0.03960667307546828,0.037301504611968996,0.03578891781507991,0.06934206709265708,0.05012208176776767,0.06848307279869914,0.04109310321509838,0.45985565185546873
2022-06-15,0.048210108280181886,0.05366416350007057,0.03083244389531963,0.03550903239492076,0.030622265802230687,0.04004969786619768,0.03770903088152409,0.03528774681617506,0.06774295642971992,0.050668449327349666,0.06870723115280271,0.04102501645684242,0.45997186899185183
2022-06-16,0.047630563378334045,0.05385360047221184,0.03059394983817505,0.035931719661550864,0.031059547164477407,0.03984374458377715,0.03822898492217064,0.03514435767428949,0.06630928069353104,0.051271754503250125,0.06981215560808778,0.041438684612512586,0.45888166427612304
2022-06-17,0.04733912870287895,0.05291274264454841,0.029903521150568046,0.03680023226267633,0.032003328332211825,0.03879354238451924,0.03820907659828663,0.034719372022664174,0.06632329411804676,0.049614025512710214,0.0703316843137145,0.04217986576259136,0.4608701765537262
2022-06-21,0.047287439554929735,0.05360044464468956,0.0301720201638938,0.037112301978439,0.03317583482712507,0.03798054367507575,0.03779823631048203,0.03413654788746499,0.06673369333148002,0.04922017604112625,0.06948600793257356,0.04313930943608284,0.46015746593475343
2022-06-22,0.04710262417793274,0.054047492891550065,0.030517562328569347,0.0373045008059222,0.03385545611381531,0.03763335188705241,0.03818187192082405,0.034817748423665765,0.06634724773466587,0.049376331828534605,0.06890072468668222,0.04343394264578819,0.4584811329841614
2022-06-23,0.0460262730717659,0.053633828461170194,0.030181390320030133,0.03697810216380937,0.03466257692780346,0.03790524359064875,0.038900266587734225,0.03565744746592827,0.0655880443751812,0.05006354660727084,0.06859927698969841,0.043432070314884184,0.45837191939353944
2022-06-24,0.04553187415003777,0.054076540470123294,0.030248053838682943,0.036474361263110745,0.03522605876205489,0.037841440139163754,0.03915417268872261,0.03595426710671745,0.06414486616849899,0.05114818406291306,0.0687217315658927,0.04353707954287529,0.45794137716293337
2022-06-27,0.046209050714969634,0.05503302589058876,0.030871356605783974,0.03654991367180056,0.035817087581381205,0.037304845442122314,0.039547188207507133,0.03576894575962797,0.06251352578401566,0.05210712072439492,0.06768993716686963,0.04410397261381149,0.456484055519104
2022-06-28,0.04599776342511177,0.05498095452785492,0.03134416000304245,0.035594334960314986,0.03565014655468986,0.03739138782839291,0.03986258283257484,0.03673742574173957,0.06345866918563843,0.05326012126170099,0.06527969567105174,0.04416045621037483,0.4562823176383972
2022-06-29,0.047161712497472766,0.05551350936293602,0.03130844673868296,0.0342526200191509,0.034890240558888765,0.03683876127470285,0.03994750790297985,0.03711232417845167,0.06508625373244285,0.053498067706823346,0.06251863101497293,0.043732371926307675,0.45813953280448916
2022-06-30,0.04793806448578834,0.056631900370121,0.030893918289083368,0.03304083776377187,0.03452476835809648,0.03669303435599432,0.03991210460662842,0.03706524181761779,0.06534579172730445,0.05476072155870497,0.0624325342476368,0.04326145052909851,0.45749964714050295
2022-07-01,0.048109567165374754,0.05745187774300575,0.030353141209639035,0.032116621203941875,0.03416115232976154,0.036932244010677094,0.03994118869304657,0.036930394254159185,0.06392180919647217,0.05612273225560784,0.063155787717551,0.04262730553746223,0.458176189661026
2022-07-05,0.047938444465398786,0.0577762596309185,0.030183369296416806,0.0315284546881351,0.0341485207201913,0.037608158787770664,0.04034609273076058,0.03669168386259116,0.062130389735102654,0.05773090533912182,0.06384150823578238,0.04267542362213135,0.45740078687667846
2022-07-06,0.04683084636926651,0.057822239398956296,0.02987754329600243,0.032919967668230396,0.03403223946224898,0.03880444412061479,0.041204295307397845,0.03637288528261706,0.059920862689614295,0.06097507528029382,0.06055743647739291,0.041785914450883865,0.4588962197303772
2022-07-07,0.04577916264533997,0.057311993837356565,0.029077632633751092,0.033947410724520385,0.03395789377391338,0.040322482370538634,0.042370951548218724,0.03653742533642799,0.058617972582578656,0.06345574292354286,0.05888867834582925,0.04096313565969467,0.4587695121765137
2022-07-08,0.04561487212777138,0.05749041587114334,0.029274616516588914,0.0343622563032822,0.03416343394201249,0.04125379391189199,0.042942718416452405,0.03626487273722887,0.05778210014104843,0.06517583611421288,0.057965459395200016,0.04062521085143089,0.45708441734313965
2022-07-11,0.045679880678653716,0.05791561752557754,0.02933334905956837,0.0344985395146594,0.03416029820218682,0.0421296104308567,0.043399418517947194,0.03612147463718429,0.05725009925663471,0.06582827889360487,0.055908579286187886,0.040598057210445404,0.4571768224239349
2022-07-12,0.04627825915813446,0.059101829677820204,0.029229813588457,0.03533156134308193,0.03543792208656669,0.041925065920804624,0.04366335012018681,0.036101133126067,0.05751935839653015,0.06397765018045902,0.05197680052369833,0.04013068675994873,0.4593265652656555
2022-07-13,0.04715898558497429,0.0606596052646637,0.029155966248202957,0.035800730050988425,0.03605629461817443,0.04210642091638874,0.04370471425354481,0.036100093409186226,0.05768755450844765,0.06247930731624365,0.050185145903378726,0.04005510360002518,0.45885008573532104
2022-07-14,0.04768599942326546,0.061566765606403354,0.028996696830492042,0.036034776524182986,0.03614320650231093,0.04271157354087336,0.04422794096171856,0.036336473718984054,0.05783284604549408,0.061657720664516094,0.04909574668854475,0.04055116437375546,0.4571590781211853
2022-07-15,0.047054892778396605,0.06159351840615272,0.028557911208524977,0.036783638844821276,0.035550951841287315,0.04360366647306364,0.044498058035969734,0.03728338951477781,0.05700091011822224,0.06176579147577286,0.04588977191597223,0.04108107425272465,0.4593364119529724
2022-07-18,0.046799519658088685,0.06158287301659584,0.02880395259343853,0.03759268560603672,0.03526396981906146,0.044876858474162874,0.04564610198140144,0.037495793751440944,0.05577568896114826,0.06203547748737037,0.043712718226015565,0.04240560121834278,0.45800875425338744
2022-07-19,0.04715248793363571,0.061586801707744596,0.02865660414208975,0.03725600951715489,0.03501108000054955,0.04556492050905945,0.046258706226944925,0.03817395929363556,0.057436120510101316,0.06048191580921412,0.04115824121981859,0.042988670989871025,0.4582744836807251
2022-07-20,0.04790664240717888,0.06221415176987648,0.02934896860547411,0.03709247542688789,0.035221891524270174,0.04616236061119707,0.04620633609592915,0.038481606327695775,0.05760116465389729,0.05935081392526627,0.039149480313062666,0.044322040304541586,0.45694207549095156
2022-07-21,0.048594485968351364,0.06274022310972213,0.02994396324280917,0.036627439486429124,0.03501412544865161,0.046194389622542076,0.04616956748068333,0.038056748401140796,0.05797622017562389,0.05934086949564517,0.037387827038764955,0.045040152966976166,0.4569139897823334
2022-07-22,0.04990989342331886,0.06342636495828628,0.03044338401353741,0.03659975952094161,0.03565212443936616,0.04515857743826927,0.04593363143503666,0.037444866448640826,0.05767709352076054,0.05852903709746897,0.036537494510412216,0.04650192707777023,0.4561858594417572
2022-07-25,0.05140027552843094,0.06506733000278472,0.030635539075516506,0.035921040248241456,0.035802188562229276,0.04435189615323907,0.04602680020034313,0.03711104950052686,0.05692882612347603,0.05645953542552888,0.03557953014969826,0.04777625128626824,0.4569397151470184
2022-07-26,0.05302188470959664,0.06688962578773498,0.03135175571792885,0.03563520001540628,0.036413810984231534,0.04402025165472878,0.04600623324513435,0.0379657260782551,0.05727954655885696,0.05479257921688259,0.034726179018616674,0.04905975684523582,0.45283745527267455
2022-07-27,0.054050589352846144,0.06794802695512772,0.031114271780851865,0.0358554518492765,0.035843229829333724,0.044063681931584144,0.04633693471550941,0.0382369012630079,0.058612126484513284,0.05206711189821363,0.03268919661641121,0.04935889951884746,0.4538235902786255
2022-07-28,0.053808902949094774,0.0682476781308651,0.03119526557999972,0.03578248064641691,0.035822007316164674,0.044410463895474095,0.04629788845777512,0.037861385144060476,0.05779335387051106,0.05015555415302515,0.03159760311245918,0.05029457882046699,0.4567328214645386
2022-07-29,0.053912948817014694,0.06820581704378129,0.031486108194992646,0.035588082691346654,0.03591672284528613,0.0444276902184356,0.04717723578214646,0.037646226590732114,0.05755157507956028,0.04917268990539014,0.031142335012555124,0.051648161932826044,0.45612441897392275
2022-08-01,0.05435417294502258,0.06855722889304161,0.03178091966326466,0.03572561086020407,0.03588138746563345,0.04412672189500881,0.04688075967133045,0.03723269776091911,0.057649054750800136,0.04819041681475937,0.031099984422326088,0.05242000594735145,0.45610103011131287
2022-08-02,0.054937627911567685,0.06866926401853561,0.03210466779490915,0.03564929117899336,0.03612512077670545,0.04423588663048576,0.046727411448955536,0.03733305275673047,0.05839295573532581,0.047686311230063436,0.03159165270626545,0.053379278630018234,0.4531674742698669
2022-08-03,0.05446030423045158,0.06743157953023911,0.03234554216529304,0.035964865359658836,0.03488691737875342,0.043325936974724755,0.04608430415391922,0.037928778195055204,0.05858515352010727,0.04540370283648372,0.03103402741253376,0.052815846726298334,0.45973303318023684
2022-08-04,0.05484355539083481,0.06725383698940277,0.03287719567865839,0.03655868512069542,0.035013832687400284,0.04278063855017535,0.04655462130904198,0.037732176558347416,0.05852493345737457,0.04544716463424266,0.03083733394742012,0.05350748561322689,0.45806854367256167
2022-08-05,0.05481211394071579,0.06659018769860267,0.03287645622331468,0.03650772035072532,0.034715526993386446,0.04202517739031464,0.046345891803503035,0.03718782275100239,0.05868205577135086,0.04472460811957717,0.03059014454483986,0.05329892374575138,0.46164336800575256
2022-08-08,0.053911281377077104,0.06577960848808288,0.03347783276171423,0.03537221022947783,0.03344492113683373,0.041218730848049744,0.04677809551358223,0.037520452390890566,0.05958814024925232,0.04372833203524351,0.029463735595345496,0.05250285044312477,0.4672137975692749
2022-08-09,0.05412956103682518,0.06554285883903503,0.03412694302424253,0.03487648260523155,0.03374546351842582,0.04030574910866562,0.04770545065402985,0.037838564941193906,0.06082643494009972,0.04411601363681257,0.028902820870280267,0.053091006353497505,0.46479265093803407
2022-08-10,0.055125242471694945,0.06694449558854103,0.034449610994552946,0.034555085199465554,0.03425409495830536,0.0395054102060385,0.04787665009498596,0.0381743906182237,0.0637309268116951,0.04431570149026811,0.02885235659778118,0.054446646198630336,0.457769376039505
2022-08-11,0.054884706437587735,0.06680850014090538,0.03478308649802155,0.03421609199292526,0.035508502181619404,0.038007015752373266,0.04666916206479073,0.03746577252168208,0.062231927365064624,0.04466918627731502,0.02889251261949539,0.055902250856161115,0.45996129512786865
2022-08-12,0.054470242187380793,0.06518144905567169,0.03465001583919314,0.032614643998182834,0.03476871766615659,0.0371413178218063,0.046853090077638625,0.037854883342515674,0.06198944300413132,0.043453738233074544,0.02906072437763214,0.05557975880801678,0.4663819849491119
2022-08-15,0.05487042032182217,0.06476001888513565,0.034919562531130134,0.032136582043101214,0.035878654452972114,0.03604041786747984,0.04765252023935318,0.03755124083836563,0.06117383763194084,0.0444639646448195,0.029368325509130953,0.0569263756275177,0.464258074760437
2022-08-16,0.05612635537981987,0.06493288204073906,0.03506560515019839,0.03210446979310575,0.0367131921928376,0.03482621262664907,0.04731586389243603,0.0371409741754178,0.06120723560452461,0.046413048962131144,0.029944335296750068,0.05831971950829029,0.4598901093006134
2022-08-17,0.058070018887519836,0.06556504666805267,0.035635729989442845,0.03207367459057604,0.03695535745937377,0.03417105522239581,0.046986302360892296,0.037190811341861266,0.06292787045240403,0.04758880278095603,0.030559407733380794,0.0592216532677412,0.45305427312850954
2022-08-18,0.05733788721263409,0.06464334726333618,0.03509942405846918,0.030877181666163267,0.036058819643221794,0.033002276951447126,0.04474664852023125,0.037191432481631634,0.062454046308994295,0.04647771543823183,0.02985241375863552,0.058067310601472855,0.46419150233268736
2022-08-19,0.06076265126466751,0.06736122593283653,0.036574047248864795,0.03143771460306812,0.037285154685378075,0.03351321261725389,0.04500047452747822,0.038878475496312605,0.06624888218939304,0.04835731787607074,0.030967229418456553,0.0602337259799242,0.4433798909187317
2022-08-22,0.05863477736711502,0.06563586890697479,0.03555314764983741,0.030174042811594325,0.035886863921768965,0.03208732308121398,0.0425525851547718,0.03761722169292625,0.06391482055187225,0.04594416199252009,0.029304321110248565,0.05769343264400959,0.46500142216682433
2022-08-23,0.05947749726474285,0.06669244989752769,0.035728776243892035,0.030838925817192296,0.0362446118844673,0.03184618736268021,0.0419919528067112,0.03777159532764927,0.06535065397620202,0.04609907693229616,0.030043642222881316,0.058592761680483815,0.45932185649871826
2022-08-24,0.05976613238453865,0.06747806593775749,0.03552487138694538,0.030481591858034028,0.035596633423119785,0.030964845133712515,0.0401599857956171,0.03725209748372436,0.0656096026301384,0.04511355883441866,0.03110090959817171,0.05763925276696682,0.463312441110611
2022-08-25,0.05993218719959259,0.06797778457403184,0.035716678768598874,0.030222750288061206,0.03524109702557325,0.030378094932530075,0.03891825266182423,0.036617095884867015,0.06533067747950554,0.044662199029698965,0.03311093393713236,0.0572308849543333,0.4646613776683807
2022-08-26,0.058993666991591455,0.0677608847618103,0.035838786641941844,0.030165578961099726,0.03594370323698968,0.02938835382810794,0.03801304586231709,0.03588752123177983,0.06338455863296985,0.04521960262209177,0.03452390618622303,0.05667526945471764,0.46820510625839235
2022-08-29,0.05870659090578556,0.06727626100182534,0.036724081756466555,0.03220648214440871,0.03707427545450628,0.028280342608923092,0.03745274506509304,0.03613056269241497,0.0642129335552454,0.04719178932718933,0.036678177677094935,0.058541294932365415,0.4595244646072388
2022-08-30,0.05811351127922535,0.0673066571354866,0.03696837920738307,0.03344446779462658,0.036731543857604264,0.0277653357363306,0.03617749735713005,0.036135637370171024,0.06431353464722633,0.04721323112025857,0.03871672358363867,0.05833893939852715,0.45877455472946166
2022-08-31,0.057555096223950386,0.06700188666582108,0.0368609072512827,0.03357159291273053,0.036442093946970996,0.02718224487034604,0.03552221395075321,0.03644657780532725,0.06517404429614544,0.04714542613364756,0.03953285049647093,0.05794690847396851,0.45961815118789673
2022-09-01,0.056678350642323495,0.06629186049103737,0.03653706513608022,0.03338606920454641,0.036781599093228576,0.02699719102238305,0.03521228469908237,0.03704092297994066,0.06603030078113079,0.04743175562471151,0.040637621842324737,0.05721791125833988,0.4597570538520813
2022-09-02,0.05493902899324894,0.0648739717900753,0.03586534238255794,0.03321978769237095,0.03657465297728777,0.02788982759229839,0.035811211168766025,0.037199503608280796,0.06531376093626022,0.04737146510742605,0.0417537584900856,0.055917913839221,0.4632697761058807
2022-09-06,0.055256765335798264,0.06576860025525093,0.035387774685257514,0.03338733780943137,0.03731032426003367,0.028458855755161494,0.03696534372866154,0.03744753681239672,0.06393245272338391,0.04813339640386403,0.04326518252491951,0.056255847215652466,0.45843058824539185
2022-09-07,0.05443904958665371,0.06585673168301583,0.03492889860588892,0.03286538058449491,0.03761572102084756,0.02992901704274118,0.03821742683649063,0.0378717633895576,0.0625062644481659,0.047882356820628046,0.04346675872802734,0.05619496665894985,0.458225679397583
2022-09-08,0.05311583243310451,0.06554504632949829,0.034865022069862486,0.03216781987914228,0.03825019160285592,0.03053985850419849,0.039389316365122794,0.03745302256720606,0.06062549911439419,0.04778909645974636,0.04415459390729666,0.05536341853439808,0.4607412934303284
2022-09-09,0.05247468128800392,0.06509221941232682,0.03490420502760241,0.03209538029004264,0.039646194549277425,0.031128353415988387,0.03967441841959953,0.037323149264557286,0.059816143661737445,0.04910643734037876,0.04553424678742886,0.05514252744615078,0.4580620348453522
2022-09-12,0.05205227136611938,0.06486227065324783,0.03518936141108657,0.03196935226662685,0.040676392056047915,0.031147951260209084,0.039700204879045485,0.03676101207965985,0.059068025276064876,0.050024488312192264,0.04584425911307335,0.05504840835928917,0.4576560139656067
2022-09-13,0.05184939354658127,0.06432879641652108,0.03521612501200888,0.03136621429716531,0.040716185607016085,0.030915644124615938,0.03911960758268833,0.03588900255854242,0.05845054388046265,0.050174670410342515,0.04570573456585407,0.05498510673642158,0.46128299832344055
2022-09-14,0.05081454366445541,0.06192768141627312,0.03555938380805586,0.03223622355380033,0.041803604015149175,0.031097416125703603,0.03892754204571247,0.03643346921307966,0.05835932269692421,0.050982447969727215,0.04555613696575165,0.055981659516692164,0.46032058000564574
2022-09-15,0.05039243064820766,0.06211209446191788,0.03582658397708567,0.03308158868178381,0.04265332112554461,0.030599363928195088,0.03756951875984669,0.036151626353967,0.058375000953674316,0.05141778031829745,0.04654729589819908,0.05658169351518154,0.4586916923522949
2022-09-16,0.04983827993273735,0.06253519430756568,0.03522759982392003,0.03274586366460976,0.04152914497535676,0.0301181000075303,0.03629491701722145,0.03578630685806274,0.05890674814581871,0.05279383535962552,0.04705793671309948,0.05688344798982144,0.46028259992599485
2022-09-19,0.049303874373435974,0.06289126351475716,0.03503694586228558,0.03236917404402746,0.04092944448348135,0.029765133408363908,0.03539440669119358,0.035214360267855224,0.05931776463985443,0.054599606711417434,0.048238373920321466,0.056899677589535715,0.46003998517990113
2022-09-20,0.04869189783930779,0.06333651468157768,0.035186205933036875,0.032064722673550074,0.04088709228672087,0.02989654113771394,0.03505000099539757,0.034668760071508584,0.05938030481338501,0.055651712929829955,0.04891251847147941,0.056341151148080824,0.45993257164955137
2022-09-21,0.048555463552474976,0.06242707669734955,0.03481493119780872,0.03257704605322544,0.039610190968960526,0.030481406813487412,0.034691677615046504,0.03545868639193941,0.061144599318504335,0.05452329115942121,0.04804236702620983,0.05719127655029297,0.4604819893836975
2022-09-22,0.049375444650650024,0.06301808804273605,0.03439956961267843,0.03263756024499411,0.0391879589529708,0.03045380999101326,0.03470787107944488,0.03604566513677128,0.06182595640420914,0.052899996563792226,0.04644341245293617,0.05753749832510948,0.46146718263626096
2022-09-23,0.04949631243944168,0.06363630294799805,0.03462359105855697,0.032281694385696544,0.038414669479243456,0.0313211872940883,0.03576070666313171,0.036270147960749455,0.06313760876655579,0.051214719144627455,0.0455970112234354,0.0570703998208046,0.46117566227912904
2022-09-26,0.0496146135032177,0.06363284885883332,0.03459014356442225,0.03223017530683432,0.03791497347410768,0.03124313788721338,0.036901891604065894,0.03604518674546853,0.06384662240743637,0.05120339300483465,0.04491056501865387,0.0553878091275692,0.4624786376953125
2022-09-27,0.04935662895441055,0.06298591494560242,0.034288793270682835,0.03236722175526481,0.03712222690228373,0.031575717660598454,0.03785487599670887,0.0356670167268021,0.06493794620037079,0.051041406113654375,0.04494389519095421,0.055361009389162066,0.46249735951423643
2022-09-28,0.048248086124658585,0.06252175718545913,0.03419618997499345,0.03224257066420098,0.036281610606238246,0.03208365790778771,0.0390666127204895,0.03513470663165208,0.065299953520298,0.0508222296833992,0.04569787532091141,0.05556692853569985,0.4628378331661224
2022-09-29,0.04774658381938934,0.06260666102170945,0.034535160795357636,0.03257830929042047,0.036033569276332854,0.03275908395880833,0.04028640277683735,0.034623982712219004,0.06521742790937424,0.05036187341902405,0.046379492804408076,0.056389834731817245,0.4604816436767578
2022-09-30,0.04803319573402405,0.06326214373111724,0.03465607886926225,0.03198954831640037,0.03606312237679958,0.03230013876454905,0.040087916702032086,0.034594056007335894,0.06631305143237114,0.04753260193392635,0.04529430437833071,0.057128867506980895,0.46274496912956237
2022-10-03,0.04884772896766663,0.06492774933576584,0.03457229259224803,0.03126031675035908,0.0360511097824201,0.031990123831201346,0.039870306849479675,0.03443851650954457,0.06721667796373368,0.04583143824711442,0.044726396724581716,0.05795036107301712,0.4623169779777527
2022-10-04,0.04939841106534004,0.06681698337197303,0.034881759080556664,0.030759745246811222,0.035908276098780334,0.03188023236580193,0.04028190635144711,0.03392979332129471,0.06713888198137283,0.04590574337635189,0.045524584501981734,0.0578842394053936,0.45968944430351255
2022-10-05,0.04953681156039238,0.06772955507040024,0.035591034900721574,0.031062043193779587,0.035668519278988245,0.03170812210300937,0.04006888531148434,0.03360879381216364,0.06673197597265243,0.046033033565618095,0.046302898600697515,0.0573382668197155,0.4586200475692749
2022-10-06,0.04844612628221512,0.06748495176434517,0.03519099085729298,0.03074232030330428,0.03441424020566046,0.03266182583756745,0.03977254629135132,0.034149589455046224,0.06641014590859413,0.04616921201813966,0.047450417280197145,0.0583252876996994,0.4587823450565338
2022-10-07,0.0480251707136631,0.06682320162653924,0.03466034638049322,0.03139894495325972,0.033000975172035395,0.03281387565657497,0.038873666524887086,0.03417735553521197,0.0656643345952034,0.046016638865694404,0.04855909924954176,0.06014506369829178,0.4598413348197937
2022-10-10,0.04770482778549194,0.06601791679859162,0.03486104274810451,0.03135779708192761,0.0321014512097463,0.031943322415463625,0.03779936768114567,0.03439551958872471,0.06646792739629745,0.04524742325302213,0.04997342508286238,0.060446633398532866,0.4616833209991455
2022-10-11,0.04712385088205338,0.06640284806489945,0.03491748460305875,0.030924727126939368,0.031145949731580913,0.031423059129156175,0.037409286573529245,0.034681231997092256,0.06770755201578141,0.04626110200770199,0.051003108359873296,0.059613610804080966,0.46138617396354675
2022-10-12,0.04607236310839653,0.06726420745253563,0.03472678368223096,0.030492243194843737,0.031111496640369295,0.030812394805252552,0.037427216023206714,0.03470955559896538,0.06790033727884293,0.04700030421372503,0.05195015985518694,0.05879554748535156,0.46173739433288574
2022-10-13,0.045018306374549864,0.06811559572815895,0.0344126716990937,0.0301996868744002,0.03141595970373601,0.030524205160327257,0.03758947551250458,0.03439280338425306,0.06754127815365792,0.04784579859115183,0.053280392102897166,0.058128297328948975,0.4615355312824249
2022-10-14,0.04468492716550827,0.06928401291370392,0.03494328406425602,0.030031467903134334,0.03144710552878678,0.03032853906042874,0.037179605290293696,0.033632333946297874,0.06679846942424775,0.04911815482191741,0.05443154703825712,0.057892998307943346,0.46022756695747374
2022-10-17,0.044409843534231185,0.06959104165434837,0.035580060012229,0.0297008837260206,0.03060807790607214,0.029996947688050567,0.03648874796926975,0.034206303372047844,0.0649559035897255,0.04947791853919625,0.05449174400418997,0.0580142542719841,0.4624782860279083
2022-10-18,0.04477416649460793,0.07134854793548584,0.03681934515137471,0.029638981587030423,0.030253722216002643,0.02952040624804795,0.03567062467336655,0.03437667625621543,0.06358822733163834,0.050474412436597046,0.05459630060940981,0.059064630419015884,0.45987396240234374
2022-10-19,0.04476488009095192,0.07206298485398292,0.03759881667720251,0.029393434239962345,0.029580273863393812,0.029511634912341832,0.03522450476884842,0.034585656569106504,0.06280937790870667,0.05199626504909247,0.054387429356575014,0.05893983989953995,0.45914492607116697
2022-10-20,0.04368914365768432,0.07073256820440292,0.03747800480559693,0.028854450854512947,0.029034219193272294,0.029982004803605376,0.03524971231818199,0.03455027868985781,0.0641658753156662,0.05292130920570344,0.05320873148739338,0.0592689611017704,0.46086474061012267
2022-10-21,0.043309959769248965,0.06972945109009743,0.037310059076141225,0.028138079869879283,0.028361944563221185,0.030578344594687223,0.035707642883062364,0.03500376433657948,0.06608504429459572,0.05321783798281103,0.05231782644987106,0.059275219589471816,0.4609648406505585
2022-10-24,0.043680768460035324,0.07033884599804878,0.03781431573822065,0.027835679292268444,0.027934296743478627,0.030463854596018792,0.03624639064073563,0.0353049960154749,0.06652800142765045,0.053191852290183306,0.05249545983970165,0.05897562652826309,0.45918990969657897
2022-10-25,0.043636500090360644,0.07055060639977455,0.03786555710427138,0.027198969787315085,0.029697417898569257,0.02984903354663402,0.03624167814850807,0.03494530510579352,0.06623155698180198,0.052373209642246364,0.0534258533269167,0.05773499459028244,0.4602493166923523
2022-10-26,0.04371098726987839,0.0707793653011322,0.038061423916787795,0.027119337960682798,0.031091146951075642,0.02914283717982471,0.0364704966545105,0.03441302096034633,0.06526043713092804,0.05180124614853412,0.05507699400186539,0.05797490254044533,0.459097808599472
2022-10-27,0.04390272051095963,0.07225502505898476,0.03815839477592746,0.026929704948393862,0.031102676596492528,0.028587628970853984,0.036433270573616026,0.0340020730975084,0.06441892758011818,0.05177856157533824,0.056549673154950145,0.05655682981014252,0.4593245148658752
2022-10-28,0.04409645833075047,0.07409716695547104,0.038293818848664785,0.026960361694438363,0.03020509466296062,0.028282737685367466,0.03638286665081978,0.0336733227573859,0.06338203623890877,0.05151341210585088,0.05766720212996006,0.05580772683024406,0.4596377968788147
2022-10-31,0.044091328233480456,0.07505110874772072,0.03901568316775865,0.026920380728950023,0.029117943334858863,0.02827413415070623,0.03596250154078007,0.03321889565922902,0.06271039992570877,0.05227057000156492,0.058456022292375565,0.055878696590662004,0.45903233289718626
2022-11-01,0.04370533525943756,0.07495492622256279,0.0396665245672974,0.026832653240952454,0.02789533621398732,0.028387940884567798,0.035713973268866536,0.03344827380424249,0.06365820169448852,0.05264623314142227,0.0585827749222517,0.055072563141584395,0.4594352662563324
2022-11-02,0.04347592927515507,0.07520759478211403,0.04025115453705741,0.026921172180715304,0.027096879843156785,0.02819059279281646,0.03584514185786247,0.03344506145149353,0.06440048888325692,0.052704826928675175,0.05920072682201862,0.05453210175037384,0.4587283194065094
2022-11-03,0.043852857500314715,0.07472711727023125,0.04072697919698136,0.027241621031675933,0.025201492896303534,0.027396859880536795,0.0348424531519413,0.033259927781909934,0.0659805878996849,0.050603382266126574,0.05859106965363026,0.055857138335704805,0.4617185235023499
2022-11-04,0.04445214383304119,0.07595641762018204,0.04124479416885194,0.027349859709768685,0.02371014654636383,0.0271538850851357,0.033775404840707776,0.03277480493343319,0.06782626807689666,0.04882789645344019,0.058248200453817844,0.05733275488018989,0.4613474130630493
2022-11-07,0.044861266389489174,0.07749109268188477,0.04146625144765217,0.027580565521599886,0.023413941042963415,0.026959308097139,0.03406030498445034,0.031832227813720235,0.06859062165021897,0.04768910687416792,0.05862666293978691,0.058183479309082034,0.45924516916275027
2022-11-08,0.045134025439620015,0.07835966870188713,0.041645180448382745,0.02748802443349092,0.022738141927402467,0.027236568927764892,0.034597767516970634,0.03146708713320549,0.06912776902318,0.04608626766130328,0.058344167470932004,0.05872487351298332,0.4590504288673401
2022-11-09,0.045263352990150454,0.07825810387730599,0.04141328896773029,0.027767914031846884,0.022531989740673452,0.027192289708182216,0.035048524104058745,0.03129088823625352,0.06907868906855583,0.04550918906461447,0.05836638044565916,0.05928457751870155,0.45899481177330015
2022-11-10,0.04596997350454331,0.07934341356158256,0.04199211723542593,0.02793740843916339,0.021965628839097917,0.026653599995188414,0.03446901235729456,0.030539593906723894,0.07069764658808708,0.042482173442840575,0.057652365416288376,0.05907591730356217,0.46122114062309266
2022-11-11,0.04656590707600117,0.0815045803785324,0.04287213355590378,0.028433917253641992,0.021802423102781177,0.02626106624957174,0.03444592040032148,0.029868603261274985,0.0698064923286438,0.04129508447367698,0.05778681859374046,0.06075684055685997,0.4586002230644226
2022-11-14,0.04688624404370785,0.08207365721464158,0.042681886591451244,0.029074266391853242,0.022359080542810262,0.026238934323191642,0.034149004332721236,0.02961818647017935,0.06961754038929939,0.04112337550614029,0.057943176850676535,0.06047985777258873,0.4577548086643219
2022-11-15,0.046601712331175806,0.0810477040708065,0.041931841175235005,0.028928730612411257,0.02206336155650206,0.026414326415397225,0.03380502201616764,0.029584402703767408,0.0709852434694767,0.040722483140416446,0.05697268284857273,0.061892980337142946,0.45904949903488157
2022-11-16,0.04662180505692959,0.08087421879172325,0.04155268709013029,0.0289957076737803,0.022467682644492015,0.026562778954394163,0.03377467691898346,0.029199942256673238,0.07062385603785515,0.04097469437401742,0.05690351165831089,0.06346514746546746,0.45798330903053286
2022-11-17,0.04636983759701252,0.08094368427991867,0.04111491788398212,0.028810634110233834,0.02269552807556465,0.027007770142517984,0.0340812124311924,0.029329377228714294,0.06974494829773903,0.04133845639880747,0.056429994851350786,0.0634837120771408,0.4586499214172363
2022-11-18,0.04586491249501705,0.08040238469839096,0.04068944871033135,0.028568374299384657,0.022752663877326995,0.027807705895975234,0.0339801836758852,0.029644913420270314,0.0698093205690384,0.042268179124221206,0.05646561644971371,0.0630357638001442,0.4587105393409729
2022-11-21,0.04543079659342766,0.07906790152192116,0.04046331684893598,0.028635791264081688,0.022691408084938303,0.02860701843164861,0.034238583967089654,0.029739038388652262,0.0693159706890583,0.04363046123180538,0.05619390979409218,0.0632326178252697,0.4587531805038452
2022-11-22,0.044575543329119685,0.07869410142302513,0.03977570503814132,0.02891968487690715,0.0229920378071256,0.029437103867530824,0.03509483747184276,0.029865892355155667,0.06810350865125656,0.04478573349770158,0.055290185287594794,0.06337688565254211,0.45908877849578855
2022-11-23,0.04402781091630459,0.07813024967908859,0.03931612267197852,0.029406967751891777,0.023661645501852034,0.030129405111074446,0.03598898649215698,0.029776682413648815,0.06648890227079392,0.04614017195999622,0.05497710630297661,0.06359272375702858,0.4583632409572601
2022-11-25,0.043734822794795035,0.07709625586867333,0.03879322080904775,0.029749339199135073,0.024451577523723244,0.030651562521234153,0.03671698234975338,0.029660858372517397,0.06495493724942207,0.047320463717915116,0.05508906282484531,0.06385429129004479,0.45792662501335146
2022-11-28,0.043577976524829865,0.07547609135508537,0.03859742624071263,0.03009731954474635,0.025002494209911675,0.03098782654851675,0.03703459464013577,0.029733411344932393,0.06385879665613174,0.04821573254885152,0.05487186163663864,0.0646673209965229,0.4578791379928589
2022-11-29,0.043729498982429504,0.07495499327778817,0.03829696530341877,0.029840715542863626,0.02482594489119947,0.03134644255042076,0.03705912381410599,0.030395078988658498,0.06465730145573616,0.04771609252784401,0.05246583595871925,0.06531287059187889,0.459399139881134
2022-11-30,0.04395893141627312,0.07387768253684043,0.037845069636572325,0.029604388708689554,0.025231341016478837,0.03197566312737763,0.03728274330496788,0.030464755342836724,0.06527523845434188,0.04833857901394367,0.051068415865302086,0.06667025983333588,0.458406925201416
2022-12-01,0.043854967877268794,0.0741362877190113,0.03759519790567563,0.029709096345326102,0.025716190901584925,0.03228139895945788,0.038228795677423474,0.0300867531223048,0.06427260935306549,0.049462742113973945,0.05062175951898098,0.06698630452156067,0.45704789757728576
2022-12-02,0.043500684574246405,0.07285844385623932,0.03693845907315811,0.030375494988267703,0.026233898778446018,0.032493057660758495,0.038847629353404044,0.029981418410898186,0.06408875435590744,0.0506399585166946,0.05017199143767357,0.06693478152155877,0.4569354593753815
2022-12-05,0.043255028873682023,0.07186884433031082,0.03673353605131648,0.03091825932901404,0.02687352887587622,0.032784952130168674,0.039049160107970236,0.029950193107652012,0.06375706121325493,0.051081714092288164,0.04983097575604915,0.06643135026097298,0.4574654161930084
2022-12-06,0.04328751266002655,0.07181216701865197,0.03672549247937855,0.030443827661390442,0.026094596984330566,0.03313311850652099,0.03869218826293945,0.0303943054361298,0.06504154205322266,0.050760283251293004,0.049058260023593904,0.06575950160622597,0.4587972104549408
2022-12-07,0.04355141818523407,0.07218527123332023,0.03651720857306913,0.029926985037461763,0.025682860251981764,0.03358944929204881,0.03929855413734913,0.030693874580902048,0.06603345796465873,0.050556013779714706,0.0483979020267725,0.06469238474965096,0.45887463092803954
2022-12-08,0.04367059580981732,0.0727939210832119,0.0360389684775976,0.029822004710961282,0.025967537774704397,0.03408229253254831,0.04025883935391903,0.03073444024194032,0.06607897654175758,0.05039271101122722,0.047913264483213425,0.06389288529753685,0.4583535611629486
2022-12-09,0.04318947978317737,0.07285365760326386,0.03559323221218076,0.02976884750189619,0.026509866665583103,0.034462800994515416,0.040705515816807744,0.030522940585433388,0.06553079262375831,0.04967610610183328,0.046942440792918205,0.06292909234762192,0.46131523251533507
2022-12-12,0.042458894476294515,0.07123538926243782,0.03469163484622584,0.028805692221765967,0.02611421758774668,0.035191485192626715,0.04193563908338547,0.031379540158377496,0.06426584720611572,0.048182390094734726,0.04545754157006741,0.06057682037353516,0.4697049021720886
2022-12-13,0.0421674907207489,0.07051039785146714,0.03454761575800269,0.029124697736837034,0.026563671696931124,0.03575824238359928,0.04379745721817017,0.031805196558707394,0.06376092359423638,0.04875238102395087,0.044623679295182225,0.05969381704926491,0.46889439821243284
2022-12-14,0.04258507750928402,0.07012882307171822,0.03444661009337491,0.030718527772801707,0.02799265244975686,0.03585571851581335,0.04540785439312458,0.032126747549045834,0.06357002183794976,0.05021340574603528,0.044504625350236894,0.06057148203253746,0.46187844276428225
2022-12-15,0.042428978532552716,0.06920092478394509,0.03348415375226814,0.030375073504285765,0.027859322528820486,0.03567990558221936,0.04548305682837963,0.031950193446391495,0.06465226709842682,0.04872563965618611,0.04336152821779251,0.059391763806343076,0.4674071967601776
2022-12-16,0.04304617457091808,0.06899106428027153,0.03425878070360237,0.033007889216096944,0.02911502148490399,0.035549248475581406,0.04578704424202442,0.031989145103216286,0.0658057063817978,0.050144143495708705,0.042462751641869544,0.05975127369165421,0.4600917637348175
2022-12-19,0.04327999800443649,0.06881613805890083,0.03429273076629151,0.033967818295437976,0.029179750895127653,0.035606266325339676,0.04577176533639431,0.032042022997120514,0.06645899116992951,0.049353464995510875,0.04158698245882988,0.06005761623382568,0.45958645939826964
2022-12-20,0.04266401082277298,0.06824835762381554,0.03365469841309245,0.033184576691317955,0.028254835098050535,0.036204321589320895,0.046032103896141055,0.032836454496646184,0.06665824130177497,0.046964970300905406,0.04043825529515743,0.05938307493925095,0.46547608375549315
2022-12-21,0.04192310906946659,0.06767214760184288,0.03349149786600876,0.03289291840837087,0.028089312824886293,0.03700341992080212,0.046766364201903346,0.03351707742222061,0.0666823759675026,0.04592706232797354,0.04002888016402721,0.05860840454697609,0.4673974335193634
2022-12-22,0.04120549224317074,0.06736536249518395,0.03334072413414191,0.032518332884527726,0.02844248227775097,0.03738246518187225,0.047132420167326924,0.03409253312347573,0.06581919565796852,0.045295647950842975,0.039934355020523074,0.05787793770432472,0.46959304213523867
2022-12-23,0.04245132617652416,0.06898901760578155,0.03348479534949149,0.033612628044985014,0.02988290935754776,0.03720647138543427,0.04714871868491173,0.03441501402958238,0.06808734983205796,0.04727555213030428,0.040382815152406694,0.05720520168542862,0.45985821485519407
2022-12-27,0.042762284725904466,0.07006719931960106,0.03300565814860281,0.03285106166021272,0.030102523299865423,0.036871563829481604,0.04664047956466675,0.033562445618008495,0.0684390738606453,0.04749077141750604,0.040627647563815115,0.05566215813159943,0.4619171261787415
2022-12-28,0.042186301201581955,0.07098857313394547,0.03225179721282103,0.03234750368332158,0.030934421834535895,0.03712940067052841,0.04685614518821239,0.034013906961263274,0.07054558768868446,0.04773938958533108,0.04091234356164932,0.054216280579566956,0.45987834930419924
2022-12-29,0.0425832636654377,0.07116965875029564,0.03206291127138368,0.0321317150412316,0.03098021443001926,0.03649850240908563,0.04617573618888855,0.034127135813832865,0.07149233892560006,0.04733316681813449,0.040810753405094144,0.05437149628996849,0.4602631092071533
2022-12-30,0.042596340924501416,0.07166788130998611,0.03217411783451389,0.031630288722629275,0.03112047500908375,0.03571045412681997,0.045360122248530386,0.03363170834891207,0.07089790776371956,0.04757294810842723,0.04146827943623066,0.054681087285280226,0.4614884078502655
2023-01-03,0.04191564843058586,0.0707293502986431,0.031775987489013426,0.03202985151928317,0.03148914400953799,0.035174347925931215,0.044600696116685865,0.033902773988666014,0.07015307024121284,0.04926237801555544,0.04286282770335674,0.054307671636343,0.4617962419986725
2023-01-04,0.041059380397200584,0.06961514428257942,0.03113474665396616,0.03230315251023228,0.03219708192627877,0.03464928292669356,0.04438584558665752,0.03424208632204682,0.06931627690792083,0.051374639850109816,0.04512294754385948,0.05397687628865242,0.4606225311756134
2023-01-05,0.040318312123417854,0.06845847144722939,0.031005596038385975,0.03211117186684653,0.03244116916321218,0.03414505277760327,0.04372197240591049,0.0340436398419115,0.06773344650864602,0.053501816419884565,0.04715095683932304,0.054142749309539794,0.4612256407737732
2023-01-06,0.04089144691824913,0.06923260912299156,0.030610937719031915,0.032262088734901086,0.03192569478414953,0.033332047844305636,0.04328023232519627,0.03375798186934844,0.06584981754422188,0.05523972875671461,0.047889265418052676,0.055882710963487625,0.4598454415798187
2023-01-09,0.04099339470267296,0.06963512822985649,0.030673846649306037,0.03222560006485011,0.03200788260437548,0.03274822328239679,0.043224423006176946,0.03303848212126468,0.06483821123838425,0.05630197699647397,0.04902644380927086,0.057886239141225815,0.45740013718605044
2023-01-10,0.040368504077196124,0.0688696600496769,0.030418911611972986,0.03211899652143657,0.032544222311116755,0.03274124888703227,0.04332862533628941,0.032773560134955915,0.06420303657650947,0.057150094222743066,0.04986420795321465,0.05829000473022461,0.45732892751693727
2023-01-11,0.03982727825641632,0.06753148883581161,0.03056938192865246,0.031200984369104033,0.03251828444190323,0.032735949661582706,0.04293399639427662,0.032293609340922555,0.06337800174951554,0.05677252486348152,0.04955437444150448,0.05748116225004196,0.463202965259552
2023-01-12,0.04018152467906475,0.06725744232535362,0.03100702982968091,0.031977383093214226,0.03415025395806879,0.032713146042078735,0.04329623468220234,0.03215382383968972,0.06371073722839356,0.058471798058599235,0.05021201483905315,0.058604394644498826,0.4562641978263855
2023-01-13,0.04033402167260647,0.0663505144417286,0.031463073913747766,0.032158951738524164,0.03497826306847855,0.032290929649025205,0.042828095331788066,0.03162758822218166,0.06335674673318863,0.059363556653261186,0.05061919167637825,0.05842923149466515,0.45619983673095704
2023-01-17,0.04040561094880104,0.0655119352042675,0.03166949857430925,0.031645265873965836,0.03541664126096293,0.03192018251866102,0.04138040766119957,0.030940088269562693,0.062404565513134,0.05922442296287045,0.05095876902341843,0.05725593939423561,0.46126666069030764
2023-01-18,0.040514363721013066,0.06461062803864479,0.03180925247131387,0.031110447462711122,0.035313917102757844,0.03130191983655095,0.039949942380189896,0.03053639380777895,0.06195727363228798,0.0585832281736657,0.05102566108107567,0.05655503645539284,0.46673192977905276
2023-01-19,0.041907559335231784,0.0653247930109501,0.03217851347937852,0.031173324690794323,0.03608753278385848,0.030335664749145508,0.03977300189435482,0.030407357171134207,0.061298541724681854,0.05892784716561437,0.05163348913192749,0.05694117024540901,0.46401122212409973
2023-01-20,0.04378261640667915,0.06672043651342392,0.0327711002363408,0.032225774931152175,0.038162689399905504,0.02978549199178815,0.03960619866847992,0.03057439198200882,0.06345275267958642,0.06017749507445842,0.05311168879270554,0.05775630548596382,0.4518730819225311
2023-01-23,0.043632610142230986,0.06636831313371658,0.03293645198242814,0.031125612119439337,0.03739251086954028,0.029858786892145873,0.03932965472340584,0.03046063870533544,0.06357763111591339,0.05797166437841952,0.0534247912466526,0.05698379501700401,0.4569375216960907
2023-01-24,0.04609401039779186,0.06969282329082489,0.035048834319013976,0.03316990902119343,0.040195408940780906,0.03165068058297038,0.041708989441394805,0.03195750526647316,0.06687842085957527,0.06134882784681395,0.05718813762068749,0.05975085645914078,0.42531557083129884
2023-01-25,0.054658295959234236,0.081562589854002,0.041926690275448486,0.04033381685305919,0.04892278335755691,0.037663072999566796,0.05038584657013416,0.03855151220122934,0.07905215993523598,0.07385776357259602,0.0688192754983902,0.07074848264455795,0.3135177195072174
2023-01-26,0.06200166121125221,0.0911911092698574,0.04757169365691993,0.04679181173032134,0.05632742608431727,0.04222462149336934,0.05665749087929726,0.04354619587793422,0.08757042810320854,0.0842758399201557,0.07744370102882385,0.07915321290493012,0.22524478733539582
2023-01-27,0.06448317095637321,0.09362013712525367,0.04866031806047051,0.048589252854221596,0.05847684799227863,0.043227470852434634,0.057261648401618,0.044216029818198874,0.08859112337231637,0.0865594994975254,0.07837203443050385,0.08091959357261658,0.20702285468578338
2023-01-30,0.06550935283303261,0.0938516341149807,0.04907474387427602,0.04915166356217533,0.05870943057816476,0.04345418717712164,0.05688946433365345,0.04437911969289417,0.08834288939833641,0.08722761617973447,0.07783825993537903,0.08110754936933517,0.20446409583091735
2023-01-31,0.06576832383871078,0.09376552253961563,0.048488760254972264,0.04769744508039366,0.05693483136128634,0.04284054022282362,0.0552788469940424,0.043763369275984586,0.0870514027774334,0.08477888396009803,0.07540928423404694,0.0789659559726715,0.21925681829452515
2023-02-01,0.0639351636171341,0.09191020801663399,0.04670966284490241,0.04587052585943709,0.05401306038256735,0.040836580097675323,0.052469407021999356,0.040986547641659855,0.08191038444638252,0.0807961270911619,0.07158576175570489,0.07521370500326156,0.25376286506652834
2023-02-02,0.06239490360021591,0.08904782012104988,0.04523737891523734,0.04487241506758224,0.05236416454426944,0.0390198303386569,0.05049997866153717,0.038671432021510556,0.07647705897688865,0.07787045412696898,0.06991758048534394,0.07232144474983215,0.2813055694103241
2023-02-03,0.0662385143339634,0.09337343722581863,0.04839264626895083,0.04769071303699875,0.05467174611985683,0.04097605273127556,0.05305625200271606,0.0405194788283552,0.07911957576870918,0.08217615636531264,0.0747293509542942,0.07639854550361633,0.2426575243473053
2023-02-06,0.04740566574037075,0.06621637791395188,0.03468834901589268,0.03500678117481435,0.03978954923804849,0.029147313628345727,0.03800431825220585,0.029454049701962505,0.05746876150369644,0.058492338028736414,0.05222982652485371,0.05485138893127441,0.4572452664375305
2023-02-07,0.04763745665550232,0.0664307340979576,0.03491021110892341,0.034558007098297594,0.03890349614666775,0.0291934484615922,0.03808358684182167,0.030152445163548692,0.05899141728878021,0.057042276859283446,0.0516917496919632,0.054841306805610654,0.4575638473033905
2023-02-08,0.04842810556292534,0.06736311018466949,0.035674620542320845,0.03494386626309733,0.03876855588750914,0.028820528741925956,0.03764332234859467,0.030446021895477314,0.0607897087931633,0.05463534453883767,0.050781086459755896,0.05484594106674194,0.45685979127883913
2023-02-09,0.04947022721171379,0.06889052614569664,0.03602428899584424,0.03494320680713479,0.038399068696890026,0.028414889611303805,0.03759952299296856,0.030551834267680534,0.06209227591753006,0.051894023548811674,0.04935687966644764,0.05472845211625099,0.45763480067253115
2023-02-10,0.049952028691768645,0.07012720629572869,0.036133715250211654,0.034318989691310975,0.037572976131923494,0.02797653656452894,0.03710535578429699,0.03165886590977607,0.06368735581636428,0.04908689002040774,0.04788538999855518,0.05414494499564171,0.4603497385978699
2023-02-13,0.05067477226257324,0.07079013139009475,0.036324554370978215,0.03375743264451252,0.036624906433280556,0.02784239687025547,0.0370790783315897,0.03274367964404519,0.0660654254257679,0.04718906146008521,0.047545479238033296,0.05410326421260834,0.45925981402397154
2023-02-14,0.05055058524012566,0.07114410251379014,0.03629637360841986,0.03299747695400086,0.03582274275831878,0.02749266615137458,0.03691329210996628,0.03349619717810128,0.06680640131235123,0.04504445595666766,0.047102953866124155,0.05379560738801956,0.4625371634960175
2023-02-15,0.053270453959703444,0.0749745488166809,0.037914155189437436,0.03487995831883204,0.037469481793232264,0.028936404921114444,0.03862071260809898,0.03530945411803259,0.06988428235054016,0.046367807500064376,0.04986801594495773,0.056437214463949205,0.4360675036907196
2023-02-16,0.062302205711603165,0.086498212069273,0.04434473431564179,0.04017356274621733,0.04254272035323083,0.03284104242920875,0.044011646136641505,0.040657356855081164,0.07827376723289489,0.05274097959045321,0.058133558928966524,0.06524743065237999,0.35223278403282166
2023-02-17,0.06390751302242278,0.08781341686844826,0.0442955336041992,0.03963506943887296,0.04174333870178089,0.031894554197788236,0.04389272108674049,0.041298036857915575,0.07909368425607681,0.05097900605760515,0.057261087000370026,0.0646362729370594,0.35354976654052733
2023-02-21,0.07621349170804023,0.10390226691961288,0.05251832622073316,0.045662161235750884,0.047493132785893975,0.036327195912599565,0.0514949094504118,0.04935777697355661,0.09170931428670884,0.057731368322856726,0.06553375869989395,0.07433778792619705,0.2477185308933258
2023-02-22,0.05526760444045067,0.07540325075387955,0.038561641029083125,0.03391393410863088,0.0345446354476735,0.026425901986658572,0.037744414806365964,0.03531181817415927,0.065921101719141,0.040525341685861346,0.04571758359670639,0.054311060905456544,0.4563516914844513
2023-02-23,0.05670868083834648,0.07790132462978364,0.04001874502462517,0.032781024285419846,0.03348985816119239,0.027523331437259914,0.03943661414086819,0.03595613928082457,0.06651989966630936,0.03914846659172326,0.04672236517071724,0.054888766258955,0.448904824256897
2023-02-24,0.05681197717785835,0.07839821130037308,0.04064579147728313,0.03361532492842443,0.0339941845042631,0.027462720638141036,0.04023510776460171,0.03580392690091685,0.06498077660799026,0.03897835458628833,0.04759444445371628,0.05552139580249786,0.4459577798843384
2023-02-27,0.05472283139824867,0.07715740129351616,0.039407076797625964,0.03394594002976063,0.03376354001229629,0.026664065290242435,0.03932684995234013,0.035266408821189546,0.06282080188393593,0.037238252838142215,0.04463291987776756,0.054300736635923386,0.46075319647789004
2023-02-28,0.05457247942686081,0.07848620936274528,0.038998119646006656,0.03473176605792148,0.03426859404426068,0.026633687829598785,0.039863120019435885,0.035405668399471325,0.06262636631727218,0.03705044121015817,0.04445139989256859,0.054513384401798246,0.4583987832069397
2023-03-01,0.055359358340501784,0.07989048212766647,0.03972526766885469,0.03580257755816589,0.035075145703740415,0.02694642646238208,0.041340602561831474,0.036077574751107025,0.063614172488451,0.03794226502068341,0.045940226316452025,0.05539992079138756,0.4468859851360321
2023-03-02,0.06007377132773399,0.08706997632980347,0.043453036115150744,0.03909002441882663,0.03791849922854453,0.030723381973803043,0.045630037784576416,0.040291006304687474,0.06923087909817696,0.041372625064104794,0.0511383555829525,0.06050175726413727,0.3935066401958466
2023-03-03,0.06973429992794991,0.10209091156721115,0.05136951587677263,0.04473209292768132,0.04276013403432444,0.03743043430149555,0.05333981812000275,0.048327530925962495,0.07982152551412583,0.048163756681606176,0.06103141978383064,0.0706433042883873,0.29055526852607727
2023-03-06,0.052568621933460236,0.07694388702511787,0.03951551043657382,0.0350216062240456,0.033167084748856726,0.02857592045329511,0.04068078473210335,0.036417752749184726,0.05939605757594109,0.03810549336485565,0.04799005500972271,0.05383886620402336,0.4577783584594727
2023-03-07,0.051677997782826425,0.07573000267148018,0.039141612524806565,0.034085291024655365,0.03250927480403334,0.028651649225503208,0.04028319083154201,0.036422709959151686,0.058014987409114836,0.03853993893135339,0.04968385249376297,0.05262125357985496,0.46263821721076964
2023-03-08,0.05215019583702087,0.07513493373990059,0.03889827806365211,0.035480712127574775,0.032872788712847975,0.027479841094464063,0.03973337933421135,0.035586765610605656,0.058535832166671756,0.040361983818002045,0.0502563763409853,0.0534987136721611,0.4600102186203003
2023-03-09,0.051789852976799014,0.07386186942458153,0.037411125794466746,0.034063970359470376,0.031525794160552324,0.026738788466900587,0.03902032785117626,0.034533787207510616,0.058900485187768935,0.039805208065081386,0.05038130953907967,0.05340820699930191,0.4685593008995056
2023-03-10,0.052889952808618544,0.07502991929650307,0.03857415892390144,0.034594994776502117,0.03285200523678213,0.026015941565856338,0.03940303698182106,0.03382893054385931,0.059627773612737654,0.04101869660662487,0.05041806884109974,0.05494508296251297,0.46080146431922914
2023-03-13,0.054106777906417845,0.07564141675829887,0.03894046872305932,0.03423235815231109,0.032689143368043,0.025952516170218588,0.04043543972074985,0.03362652534051449,0.0592779241502285,0.04002769743092358,0.05073036961257458,0.05576973780989647,0.4585696280002594
2023-03-14,0.055483275279402736,0.07812164947390557,0.03985954230105655,0.034771911042377465,0.033215870044659826,0.026751510985195636,0.04211615324020386,0.03415401661841315,0.06158298179507256,0.040251347911544146,0.05270046703517437,0.05865224227309227,0.44233901500701905
2023-03-15,0.05868707373738289,0.08354704901576042,0.042749248930761576,0.03665592241678084,0.0349782892386429,0.029730744380503892,0.046354339271783826,0.036326679097146555,0.06600781381130219,0.042462207935750486,0.05830591209232807,0.0625765636563301,0.4016181528568268
2023-03-16,0.06535571813583374,0.09376061260700226,0.048405666306381614,0.04453713844955587,0.040891796629875896,0.03493521409109235,0.054887475073337556,0.04167125582007429,0.0747344359755516,0.05022561186924577,0.06925106570124626,0.06997470483183861,0.31136931777000426
2023-03-17,0.06729058772325516,0.09849008470773697,0.05041998362504803,0.04937952665113414,0.043832366180140525,0.03795764269307256,0.058250026777386665,0.04369666443126334,0.07724571004509925,0.05500837631989271,0.07638347148895264,0.07139449045062066,0.2706510484218597
2023-03-20,0.0724209226667881,0.10318662822246552,0.05414037447089193,0.053155543661329574,0.04565938841551542,0.04134973119944334,0.06348206624388694,0.0471200743704685,0.08416872471570969,0.05962731547188014,0.08163232877850532,0.07731754183769227,0.2167393833398819
2023-03-21,0.07418539300560952,0.10552673041820526,0.055825693368794484,0.05404934039626994,0.04609772642143071,0.04257811009883881,0.06399401500821114,0.04752962961556477,0.08671164810657501,0.06161210199352354,0.08306930735707282,0.08004104346036911,0.19877926707267762
2023-03-22,0.07444028034806252,0.1076638475060463,0.05551686054535754,0.052955798643327515,0.04593877173028886,0.04394725151360035,0.06378486528992652,0.04767999973337282,0.08579653352499009,0.0651007595937699,0.0829908162355423,0.07895128801465034,0.1952328860759735
2023-03-23,0.07699438631534576,0.10934152603149414,0.055731021357490286,0.05026896233588474,0.04508335113059729,0.04442604584619403,0.06431088149547577,0.04772829501707747,0.08367792665958404,0.06622131520416588,0.08111653625965118,0.07945399954915047,0.1956457018852234
2023-03-24,0.07894151210784912,0.11107051223516465,0.05552664581923992,0.04830469317782828,0.04522120784968138,0.04488558741286397,0.06397779025137425,0.04773124230432586,0.08346777185797691,0.06685301379766315,0.07931493446230889,0.08022280633449555,0.1944822907447815
2023-03-27,0.07906296104192734,0.11139613091945648,0.05453223090942068,0.046732362109067796,0.04519534206483513,0.04557433044537902,0.0635408766567707,0.047813775604845433,0.08294385522603989,0.0673012639861554,0.07795381247997284,0.08017982542514801,0.197773215174675
2023-03-28,0.07772449105978012,0.11151581257581711,0.05293560048190162,0.04494244410639396,0.04494581865146756,0.04717449070885778,0.06386928856372834,0.048443465312629996,0.08225474283099174,0.06757157584652304,0.07662751525640488,0.07685734331607819,0.2051374077796936
2023-03-29,0.07664506137371063,0.11223152875900269,0.05123601501973507,0.044310683802900284,0.046712916088290514,0.04885848294943571,0.06541400440037251,0.049236268521053714,0.08098111599683762,0.06950891190208494,0.07653799206018448,0.07469711676239968,0.20362991392612456
2023-03-30,0.07627815306186676,0.11327918320894241,0.05006042666115462,0.04389969419153701,0.04754097720142454,0.04988354835659266,0.06513236090540886,0.04913776436369517,0.0790916696190834,0.07045135903172195,0.07689062431454659,0.07354222685098648,0.20481203198432923
2023-03-31,0.07630886808037758,0.11404888480901718,0.04856731467365929,0.04394332941262817,0.048865430185105654,0.05070181218907237,0.06478152796626091,0.048435986068216155,0.07760703712701797,0.0718927110079676,0.07779850587248802,0.07254316359758377,0.20450544059276582
2023-04-03,0.07718729376792907,0.11521569639444351,0.04839604221532401,0.04475600598773042,0.050801973848138005,0.051051818300038576,0.06435022354125977,0.047706694988301025,0.07681827619671822,0.07408854519017041,0.07907832190394401,0.07250309064984321,0.19804600477218628
2023-04-04,0.07731528282165527,0.11485195308923721,0.04730467375706713,0.044799766673852305,0.05126452269032598,0.05173846827819943,0.06421676129102707,0.04741657503145689,0.07588468715548516,0.07541998154483735,0.07901689782738686,0.07081682682037353,0.19995362758636476
2023-04-05,0.07781848832964897,0.11473764777183533,0.04708191786137324,0.044945550758227884,0.052268509066198024,0.05207616938278079,0.06468089297413826,0.04734802768980444,0.07571532055735589,0.07590982606634497,0.07828938961029053,0.06950337067246437,0.19962489902973174
2023-04-06,0.07681968957185745,0.11465434581041337,0.046180922881305445,0.0444727597343821,0.05197535010520369,0.05259476620703936,0.06540673673152923,0.047541873652517094,0.07665800750255584,0.07544077890925109,0.07769288644194602,0.06722538694739341,0.203336501121521
2023-04-10,0.07659457623958588,0.1153167262673378,0.04527474447441886,0.04463425365705191,0.053071841970086096,0.05306046530604362,0.06583887040615082,0.04737566961994162,0.0766345739364624,0.07584674223326146,0.07740200459957122,0.0657694861292839,0.20318003594875336
2023-04-11,0.0769536629319191,0.115561743080616,0.0447440321147349,0.044242350178460656,0.05381080156657845,0.05415603630244732,0.06654988750815391,0.047822595692196046,0.07538500279188157,0.07568611581809818,0.07743229568004609,0.0640564925968647,0.20359895825386048
2023-04-12,0.07764893397688866,0.11566269397735596,0.04433255406444303,0.04422862024211369,0.05469844393664971,0.054840047191828487,0.0674181580543518,0.04776606806080963,0.0742627203464508,0.07513516913168132,0.07774045690894127,0.0627757415175438,0.2034904181957245
2023-04-13,0.07849878221750259,0.1161188542842865,0.04374577730268943,0.044420251642357654,0.05499083356698975,0.05542990323156118,0.06763960421085358,0.04747972639015643,0.0732274405658245,0.07463235114701092,0.07877089530229568,0.061468569189310075,0.20357700288295746
2023-04-14,0.07980038151144982,0.11625579595565796,0.04397236212110567,0.04497431663920395,0.05621511718491092,0.05503070028498769,0.06667771935462952,0.04686823139745684,0.07230641394853592,0.07380961016751826,0.0805529609322548,0.060263530164957044,0.20327284038066865
2023-04-17,0.080646114051342,0.11469674259424209,0.04377363910263661,0.0449705238151676,0.05625418039271608,0.054779612366110085,0.06528575569391251,0.046532053772170914,0.07194236963987351,0.07387176831252873,0.08248046860098839,0.06073673143982887,0.20403003990650176
2023-04-18,0.08210185915231705,0.11326423138380051,0.044120115276998995,0.045041266364894736,0.05668475506827235,0.054490911308676004,0.06377361118793487,0.047090174095137625,0.07202778980135918,0.0729379456024617,0.08382466994225979,0.061237110197544097,0.20340553522109986
2023-04-19,0.08361566513776779,0.11238856315612793,0.04370455806652398,0.04584913972963918,0.05722734193550423,0.0541381960734725,0.062489138543605806,0.047875694536560334,0.07221161499619484,0.07128312811255455,0.08581508845090866,0.06023867279291153,0.20316318571567535
2023-04-20,0.08492366597056389,0.11186357438564301,0.04377153283304356,0.04628511805310183,0.057385185279417786,0.05324337044730783,0.06058652177453041,0.04842044160286605,0.0732642687857151,0.06928133564069867,0.08775334432721138,0.05983173586428166,0.20338990092277526
2023-04-21,0.0865067183971405,0.1118446946144104,0.04352672136484781,0.04671135403388007,0.05752796108135953,0.052712559094652535,0.05950571298599243,0.049163142816905744,0.07294553145766258,0.06733118304982781,0.08894791528582573,0.059618566930294034,0.20365795195102693
2023-04-24,0.08850013017654419,0.11151806265115738,0.04385537542549169,0.047377761475390655,0.057089153886772694,0.05203947545960545,0.058151285350322726,0.0493736953860207,0.07231766283512116,0.06635007997974754,0.08983792550861835,0.059963861107826234,0.20362552106380463
2023-04-25,0.09002212807536125,0.10967520326375961,0.043877807667646,0.04814493500543478,0.056928924308158456,0.051803441951051354,0.05780148506164551,0.04980573173816083,0.07164154350757598,0.06591209741309285,0.09107340313494205,0.05972902104258537,0.2035842716693878
2023-04-26,0.09053193852305412,0.11030429154634476,0.04465665651636499,0.04892112788962564,0.055987986363470556,0.051441651908680795,0.05788376480340958,0.04985326316636929,0.0703750267624855,0.06501600965857506,0.0910700086504221,0.058911412954330444,0.20504685640335082
2023-04-27,0.09077395275235176,0.11214373409748077,0.045000841628234235,0.04925007981655085,0.05550437327474356,0.051646614400669935,0.05796434879302979,0.05050178126839455,0.07049824073910713,0.06356184398755431,0.090634985268116,0.05777878016233444,0.20474044978618622
2023-04-28,0.08947826102375984,0.11129421144723892,0.045536952119395305,0.049858802710711816,0.05509207159047946,0.052446268312633035,0.05798236131668091,0.05007990697340574,0.07096661105751992,0.06313961865380406,0.09176876097917556,0.05775138586759567,0.20460480749607085
2023-05-01,0.08843908980488777,0.10940589755773544,0.04551737419075561,0.05056800973656976,0.05492817115737125,0.05335439280606806,0.058504489809274675,0.049828251107101096,0.0709372416138649,0.0636612106114626,0.09280995279550552,0.05768076926469803,0.20436514019966126
2023-05-02,0.08702231496572495,0.10751935094594955,0.04500951536616675,0.05052454151556489,0.054037892376072705,0.05487021002918482,0.05914086773991585,0.04981967297571828,0.07227502167224883,0.06391610344871879,0.09245251566171646,0.05692306086421013,0.20648894608020782
2023-05-03,0.0891347773373127,0.10748022794723511,0.045599278917487496,0.05211476605413949,0.05437595180701464,0.055563569022342565,0.06048463955521584,0.05001013565197354,0.07290858179330825,0.0640753811225295,0.09455598145723343,0.05783637464046478,0.1958603411912918
2023-05-04,0.08866094127297401,0.10558462291955947,0.04620836047954206,0.05103436754783033,0.052401370857842265,0.05595270213671029,0.05982995331287384,0.049482833721413044,0.07209952250123024,0.06229650191962719,0.09409995153546333,0.05768525376915932,0.20466359853744506
2023-05-05,0.08881274387240409,0.1040106400847435,0.046062949719480176,0.05131729149515181,0.05242710342863575,0.0565707478672266,0.059579803794622424,0.04939640301126928,0.0723857618868351,0.062457416020333764,0.09433284401893616,0.058054478466510774,0.20459181666374207
2023-05-08,0.08806649893522263,0.10304723531007767,0.04661399078365225,0.05164296486169349,0.05241960631683469,0.056779235741123556,0.058762543648481366,0.04853501921934367,0.07264308258891106,0.06421095672994852,0.09306746423244476,0.05795196741819382,0.20625943839550018
2023-05-09,0.08673400431871414,0.10228476375341415,0.04639597785235292,0.052138926171573986,0.05274677115958184,0.057890749629586936,0.05917023047804833,0.04964675927112694,0.07375300899147988,0.06646396229043602,0.09126761481165886,0.057445654273033143,0.204061558842659
2023-05-10,0.08594456687569618,0.1023357555270195,0.046113502513781414,0.05258448955199881,0.05290988199412823,0.05835629482753575,0.05868769288063049,0.050448220812904766,0.07460179552435875,0.06779132876545191,0.08945040553808212,0.0570503331720829,0.20372568368911742
2023-05-11,0.08600204586982726,0.10352964103221893,0.045858080635713706,0.05326435857138563,0.0534855519188568,0.05805259302724153,0.05784037858247757,0.05073158475242963,0.07437791600823403,0.06817236943170428,0.08781133741140365,0.05740563496947289,0.2034684956073761
2023-05-12,0.08520460575819015,0.10454124510288239,0.04527531969197653,0.053486146784990043,0.05353892135899514,0.057820827490650116,0.05682249329984188,0.05092414185201051,0.0738340862095356,0.06826502773910761,0.0891702726483345,0.05751650631427765,0.20360040664672852
2023-05-15,0.08402475640177727,0.10477166771888732,0.0447530466317934,0.0534049769471963,0.05334208796266467,0.05848394616041332,0.05574981719255447,0.05209507900108292,0.07420894131064415,0.06857435135170817,0.08907604515552521,0.05754909887909889,0.2039661943912506
2023-05-16,0.08345111384987831,0.10569393336772918,0.04490770352016771,0.053739389893942044,0.053384969220496716,0.05881770784035325,0.05514664463698864,0.05287330746687076,0.07389225214719772,0.06925963284447789,0.08811928406357765,0.05705140307545662,0.20366269052028657
2023-05-17,0.08388627171516419,0.10685719698667526,0.044894356609039045,0.05520049811872951,0.053203326533548534,0.05844215713441372,0.05438295863568783,0.05324665399894002,0.07675661370158196,0.07113533858209849,0.08677162230014801,0.05916335135698318,0.19605962038040162
2023-05-18,0.08233516439795494,0.10732445120811462,0.04531302364972536,0.05344252667193601,0.0507681202609092,0.057463168958202006,0.05242039039731026,0.052513458285466184,0.07773822173476219,0.07023258972913027,0.08453968018293381,0.06100086271762848,0.204908350110054
2023-05-19,0.08252265304327011,0.10948083251714706,0.04585397942916192,0.053409568586194923,0.04995840403717011,0.05714379153214395,0.05076857879757881,0.051754467722275876,0.07809877842664718,0.07164667258039117,0.08382650390267372,0.06157699078321457,0.20395880043506623
2023-05-22,0.08298930078744889,0.11142525523900985,0.04603191981800627,0.0538505984190266,0.04988538553006947,0.05652015744708479,0.04930447228252888,0.05088801160054572,0.0777848206460476,0.07309342315420508,0.08302717208862305,0.061709650605916974,0.20348980724811555
2023-05-23,0.08382772654294968,0.1144771546125412,0.047095182106025035,0.05416825149155073,0.05061932838289067,0.05524715860374272,0.04773426987230778,0.04967418398155132,0.07685628160834312,0.07321697454899549,0.08177469819784164,0.061972479522228244,0.20333631336688995
2023-05-24,0.08565353825688363,0.116963429749012,0.047503353359460834,0.05541667617086219,0.05087062318343669,0.05393132669851184,0.04652647078037262,0.048721993415165345,0.07818697094917297,0.07226726347580552,0.07951217666268348,0.06151829734444618,0.2029278725385666
2023-05-25,0.08636358231306077,0.1182621106505394,0.0476311476028247,0.05600704102104572,0.050551767728757115,0.05232093306258321,0.04499887488782406,0.048177494365154415,0.08040144219994545,0.07100628120824695,0.07690554857254028,0.06286571249365806,0.20450807511806487
2023-05-26,0.0860970951616764,0.11868074983358383,0.047091417864670505,0.055855994097514385,0.05006000444991514,0.05210491167381406,0.043639518693089484,0.0473152702110383,0.08156580254435539,0.07071078764274716,0.07822298556566239,0.06395915672183036,0.20469628572463988
2023-05-30,0.08449607267975807,0.1171827808022499,0.046573398669877086,0.05566423719425018,0.04991982282372191,0.05098935032729059,0.04248224049806595,0.04620687972746964,0.0802195392549038,0.07064838875085115,0.07898842245340347,0.06384296119213104,0.21278587579727173
2023-05-31,0.08390823006629944,0.11828144639730453,0.04620652953986628,0.05698215710664627,0.05036778586218134,0.05135722225531936,0.04292751774191857,0.04652798964743852,0.07956072092056274,0.07173013566061855,0.08275777846574783,0.06405005306005478,0.20534243285655976
2023-06-01,0.08332172706723213,0.11884215325117112,0.045371010643656715,0.0578547056114175,0.05038445957470685,0.05142627847380936,0.04337353818118572,0.046759133837622355,0.07877660468220711,0.07120738765224814,0.08489941135048866,0.06333158984780311,0.20445200502872468
2023-06-02,0.0835869200527668,0.11979377567768097,0.044893686140001596,0.058332190218001755,0.05041786700021476,0.05101130078546703,0.04347692690789699,0.04649822714345646,0.07644033506512642,0.07057532556354999,0.086145830899477,0.06181741431355477,0.20701021552085877
2023-06-05,0.08435160890221596,0.12084549814462661,0.04549639097900737,0.05752046136046687,0.04973298202967271,0.05155610262881964,0.04333558678627014,0.045961177620119996,0.07456884905695915,0.07224070020020008,0.08561651557683944,0.061353443562984465,0.2074206590652466
2023-06-06,0.08557273149490356,0.12333527952432632,0.04538400983946254,0.057016829001062065,0.04907464327989146,0.05266001131385565,0.04376768507063389,0.04588052521648933,0.07355217710137367,0.07414598986506463,0.08500062003731727,0.060441404581069946,0.2041680932044983
2023-06-07,0.0869266651570797,0.12444008886814117,0.04653499782682147,0.056614824050826226,0.048762461252044885,0.05270415134727955,0.044007007405161856,0.04540863187576179,0.07249050959944725,0.07426813198253512,0.08387166932225228,0.060333240777254105,0.20363764464855194
2023-06-08,0.08784757480025292,0.1254886269569397,0.047790302554931684,0.05520155907838813,0.047331172763369976,0.0529134675860405,0.04424039609730244,0.0462303595188132,0.07399839609861374,0.07393965162336827,0.08120368123054504,0.059825079143047334,0.20398971140384675
2023-06-09,0.0903707679361105,0.12907370030879975,0.04817346852426514,0.05505666855323312,0.04787808114197105,0.052899060770869255,0.04483612328767776,0.04718755217763828,0.07442202568054199,0.07373703457415104,0.07940125167369842,0.05895965695381165,0.19800459444522858
2023-06-12,0.09169635400176049,0.1302788719534874,0.04863202832176121,0.053219537229335145,0.04760295206215233,0.05295527374837548,0.044539858028292655,0.047482064298310436,0.0736178770661354,0.07131046615540981,0.07773176580667496,0.05808613821864128,0.20284681916236877
2023-06-13,0.09327575378119946,0.1303628921508789,0.04962502572107965,0.05229944457664004,0.04821016488131136,0.05280055105686188,0.044559086114168166,0.04766675262653734,0.07278676182031632,0.06966000553220511,0.07871209233999252,0.05757204443216324,0.20246942043304444
2023-06-14,0.0950747162103653,0.12997775971889497,0.05075909675476194,0.05130354059003004,0.04889959036372602,0.053605891205370425,0.04440716914832592,0.047596560210877215,0.07164643481373786,0.06834711767733097,0.07900637909770011,0.057197677344083785,0.20217805802822114
2023-06-15,0.09700470753014087,0.1305120289325714,0.050279920172186895,0.05044380835206681,0.04966396002564579,0.054580393340438606,0.044726576283574106,0.04783670696269837,0.07068845778703689,0.06722556725144387,0.07814880907535553,0.05683427080512047,0.20205481350421906
2023-06-16,0.09851262271404267,0.13041746914386748,0.05008344243806597,0.05001005671809864,0.050433289993088694,0.054661399638280275,0.04489163607358933,0.04742972149251727,0.0696561686694622,0.06651203744113446,0.07728769928216934,0.056754303723573686,0.20335020124912262
2023-06-20,0.09988220147788525,0.13033442497253417,0.049723609549550574,0.04958699901867725,0.05106817020568997,0.055593522265553474,0.045126954838633535,0.047449941407467125,0.06939776688814163,0.06599774919450282,0.07691475450992584,0.05705883428454399,0.2018650770187378
2023-06-21,0.10027018114924431,0.12945100665092468,0.049165195217959125,0.05039107674554657,0.0510877548251301,0.05559219834394753,0.04548826143145561,0.0474510582840594,0.06879606693983079,0.06583757791668177,0.07638170421123505,0.05714397504925728,0.20294393002986907
2023-06-22,0.1000173818320036,0.12961335629224777,0.04886081891775955,0.05080183370199513,0.051001614844426515,0.055403132108040154,0.046602145209908484,0.04749298932183592,0.06804786548018456,0.06564273722469807,0.0769370436668396,0.05715325623750687,0.20242583751678467
2023-06-23,0.0998691339045763,0.13048725426197053,0.048020472723404595,0.049964374971566985,0.05027844191063195,0.05557172866538167,0.04748746678233147,0.04818534990990884,0.06727799922227859,0.06476716231554747,0.07787001878023148,0.056925228983163836,0.20329536199569703
2023-06-26,0.09948270916938781,0.12936915904283525,0.04760729569050035,0.05072500435620562,0.049528928811196235,0.05550623908638954,0.04893574789166451,0.048966345772714706,0.0662143923342228,0.0636270398274064,0.07878131493926048,0.05693053528666496,0.20432527959346772
2023-06-27,0.09881538860499858,0.1286485582590103,0.047544859061283515,0.05165542609990261,0.04944485306041315,0.055315088178031144,0.05039272122085094,0.049152546810364586,0.06517967134714127,0.0626847218722105,0.08004437536001205,0.057931091636419296,0.2031906694173813
2023-06-28,0.09839174933731556,0.12829419523477553,0.04796710387100234,0.05223649321816026,0.04960664979880676,0.05505984318442643,0.051476508378982544,0.048294660220926745,0.06438602060079575,0.062120719254016875,0.08141757398843766,0.05824703574180603,0.20250142812728883
2023-06-29,0.0982174813747406,0.12652637809515,0.04822592737913052,0.05248577086609245,0.049610500817652795,0.055107387132011354,0.05291040316224098,0.04812645436140883,0.06361656486988068,0.062012075819075106,0.08259198144078254,0.05846576243638992,0.20210330486297606
2023-06-30,0.09866304695606232,0.12319720536470413,0.049047900337119366,0.05165955612128563,0.0492950874613598,0.05658178078010678,0.05445272848010063,0.049307433584544924,0.06355767846107482,0.06101558562368155,0.08215068355202675,0.058736540377140045,0.20233476758003235
2023-07-03,0.0993279580026865,0.1203303262591362,0.04933060222236243,0.05122558371793993,0.049647160468157384,0.05802533479873091,0.05536135882139206,0.04978435705343145,0.06334691792726517,0.060434363596141336,0.08145010024309159,0.05892483741044998,0.20281107127666473
2023-07-05,0.10072931088507175,0.11873296052217483,0.050024365989828644,0.05082464082617868,0.050209601665847,0.058817824139259754,0.05499937087297439,0.04983662325830664,0.06342863216996193,0.06036399491131306,0.080357426404953,0.0598468042910099,0.20182845294475554
2023-07-06,0.10189970061182976,0.11738385558128357,0.04964617119816399,0.05157549359738596,0.04979749949416146,0.05913255657069385,0.054589927196502686,0.050854222897760336,0.06380855068564414,0.05984017979353666,0.07882585451006889,0.06038701012730598,0.20225900113582612
2023-07-07,0.10135044902563095,0.11504164934158326,0.04845970538696438,0.05224988429841311,0.04883002936840057,0.0588690071599558,0.05425206944346428,0.05135489660206076,0.06509070843458176,0.057935556024312974,0.07578921094536781,0.059890154749155045,0.21088671088218688
2023-07-10,0.10245460793375968,0.11502914726734162,0.04887802823024216,0.054051252634132754,0.04930936340242624,0.05908708062488586,0.05431875996291637,0.05280389424879104,0.0670026771724224,0.057734164968132974,0.07527370825409889,0.06018675118684769,0.2038705587387085
2023-07-11,0.103107376024127,0.11465201079845429,0.04914517320520186,0.054577631072620744,0.04873213932150975,0.058997854706831276,0.053757472708821294,0.05359208511363249,0.06705796420574188,0.05781848207116127,0.07490700855851173,0.06061958223581314,0.20303520560264587
2023-07-12,0.10358571410179138,0.1144407108426094,0.0489685803114801,0.054696003418312954,0.04817957816412673,0.05844597177347168,0.05288201943039894,0.05363145405463001,0.0661099188029766,0.05851076766848564,0.07536164447665214,0.0613971471786499,0.20379047393798827
2023-07-13,0.10295655094087124,0.11247783899307251,0.04820855516286908,0.05417187323012982,0.04726765369996429,0.0566531803808175,0.05151653960347176,0.052201057766433225,0.06402210742235184,0.0590350890532136,0.07526460736989975,0.06111351177096367,0.2151114374399185
2023-07-14,0.1015689019113779,0.10928535610437393,0.04780611843731144,0.05307040546718511,0.045649130875244734,0.055240443092770875,0.050351401790976524,0.05071836598835944,0.06212912276387215,0.05903099710121751,0.07500718533992767,0.06088160499930382,0.22926096618175507
2023-07-17,0.10298243016004563,0.10922480523586273,0.04788456116541066,0.05266031156320121,0.045074891694821415,0.05564690956380218,0.05023091770708561,0.05225262208186905,0.06496527418494225,0.06053958535194397,0.07579137980937958,0.061938443779945375,0.22080784440040588
2023-07-18,0.10509393699467182,0.11094352602958679,0.04914079942481138,0.052477036856028295,0.04511764417402446,0.05623124578269199,0.05041422992944718,0.05417638957114832,0.06777572557330132,0.06266307672485709,0.0771993488073349,0.0626926600933075,0.2060743600130081
2023-07-19,0.10607383027672768,0.11133347451686859,0.04977667924275764,0.052061612620969554,0.04437837500590831,0.05616378172999248,0.05021397285163402,0.05456118096881255,0.06859512701630592,0.06390326861292124,0.07794806361198425,0.06218368262052536,0.20280698239803313
2023-07-20,0.10678718127310276,0.11097630113363266,0.0500949256155554,0.051524230171869155,0.04412164257373661,0.05604700528783724,0.049946379661560056,0.05460990408319048,0.0685104824602604,0.06516498858109117,0.0782908670604229,0.06265205442905426,0.20127400159835815
2023-07-21,0.10648532249033452,0.11101786196231841,0.04982936386354435,0.04952767721510565,0.04307961669983342,0.056675523845478894,0.04962791800498963,0.05521188031634665,0.06853709816932678,0.06481754127889872,0.07769008576869965,0.06171814501285553,0.20578196048736572
2023-07-24,0.10680324751883745,0.11240279525518418,0.05010019322021595,0.04845003552323135,0.04278052184963599,0.05734835843322798,0.049475325644016264,0.05604972188921238,0.0683910246938467,0.06560068111866713,0.07831889688968659,0.06217333376407623,0.20210588574409485
2023-07-25,0.10738393031060696,0.11193645000457764,0.050586451623687446,0.04774177844298997,0.042970892833545805,0.056973735394421965,0.04869450479745865,0.05580380672618048,0.06791545152664184,0.0664906732738018,0.0788850538432598,0.06339233890175819,0.201224946975708
2023-07-26,0.10802697166800498,0.11144976466894149,0.05096876921830536,0.047545289525792,0.043104970408603546,0.05629364745691419,0.04775335192680359,0.05520366494747577,0.0671487633138895,0.06761522870510817,0.07975549697875976,0.0641018159687519,0.20103227198123932
2023-07-27,0.10817726198583841,0.10918879359960557,0.05189820753906797,0.04756672206139623,0.04323636083863676,0.05582204568199813,0.04679233059287071,0.05497389213087445,0.06611505299806594,0.06878522234037518,0.08110044449567795,0.0654166966676712,0.20092699825763702
2023-07-28,0.10780621711164713,0.10556777119636536,0.05083169522071103,0.046018930077977235,0.04263300921302289,0.055593523301649836,0.04672455340623856,0.054723114917032946,0.06717370711266994,0.06885617831721902,0.08119229078292847,0.06546452939510346,0.20741450488567353
2023-07-31,0.10676615964621305,0.1023085206747055,0.050368608081301856,0.044195431470225796,0.041440930298995225,0.055795602570287886,0.04638517908751964,0.05429363888233638,0.06722796224057674,0.06877405671402811,0.08209021240472794,0.06477835774421692,0.21557531952857972
2023-08-01,0.10777127146720886,0.10222131758928299,0.051724077348513656,0.043798533018068575,0.040976689546369016,0.056857078766915946,0.04661643616855145,0.05502930953171017,0.06824792325496673,0.06990397619083524,0.0856596477329731,0.06543905660510063,0.2057547003030777
2023-08-02,0.10617207996547222,0.1003874197602272,0.051438843036852686,0.043894224361477184,0.0398721617879346,0.05632797087309882,0.04680276215076447,0.05534030959952361,0.06928125806152821,0.06925407703965902,0.08629815503954888,0.06363882794976235,0.21129192113876344
2023-08-03,0.08959989864379167,0.08632150888442994,0.04319953877913516,0.03783474436831913,0.033437744807451965,0.046924127481179315,0.039763720147311686,0.0469513058062148,0.059847040101885796,0.05800511445850134,0.07353762090206147,0.05245311334729195,0.33212454319000245
2023-08-04,0.09196839462965727,0.09154671356081963,0.04519781602690376,0.03962459103581377,0.034415351937059316,0.048372771008871496,0.041866525635123254,0.049040787496960545,0.06245126239955425,0.05888920864090323,0.07832297682762146,0.05335440933704376,0.30494917631149293
2023-08-07,0.09812849313020706,0.09896728843450546,0.04930038488012674,0.04302535953354329,0.03685320082586259,0.05187436019186862,0.04611687920987606,0.05369097950097057,0.06690753139555454,0.06284588258713483,0.08679206073284149,0.05684600919485092,0.24865154623985292
2023-08-08,0.10162319466471673,0.10380076617002487,0.05187537147836121,0.0452432990731463,0.038187210960313675,0.05381790714454837,0.047996862605214116,0.055884835899450994,0.0692243255674839,0.06520141977816821,0.09291360378265381,0.05936982482671738,0.21486134827136993
2023-08-09,0.10118960961699486,0.10519245117902756,0.05245949023594072,0.04578046416111263,0.03855972841847688,0.05450061589945108,0.04895461425185203,0.05669814104694524,0.06958414763212203,0.06621085172519088,0.09637431651353837,0.059296631067991254,0.20519893169403075
2023-08-10,0.10029149521142244,0.1063474714756012,0.051976663457655906,0.04581089368917031,0.0387738692574203,0.05453233635053038,0.048955618590116504,0.05655215401020541,0.06887739822268486,0.06652660733088851,0.09992539137601852,0.05854560732841492,0.2028845250606537
2023-08-11,0.09894152600318193,0.10643136352300644,0.05143608531679167,0.04548943945096333,0.038590465276502076,0.055810298083815726,0.04990432299673557,0.057424563592212506,0.06785651445388793,0.06642001010477543,0.10193984173238277,0.05730925649404526,0.20244632363319398
2023-08-14,0.09720036312937737,0.10543523728847504,0.05164157115448873,0.04522746065123826,0.03846339599695057,0.05660154137294739,0.050636975839734075,0.05781633151327696,0.06720947101712227,0.06630700482055545,0.10423546880483628,0.05661547929048538,0.20260972678661346
2023-08-15,0.09602000247687101,0.10511073172092437,0.05171384029613666,0.04517399799275612,0.038392257015220824,0.057086602627532554,0.0504997506737709,0.05766694994727004,0.0669307366013527,0.06651272606104612,0.10641306787729263,0.05604323223233223,0.20243612229824065
2023-08-16,0.09629539623856545,0.10536714643239975,0.0517264236746426,0.04548191732045783,0.03776862882077694,0.05629206580342725,0.04969712235033512,0.05754575708160701,0.06700305342674255,0.0655893069691956,0.10666429027915,0.05582322478294373,0.20474564731121064
2023-08-17,0.09661932233721018,0.10697231143712997,0.052070574202461375,0.04605329836555718,0.03750056577846408,0.05540954145835712,0.04916190765798092,0.05731192768744222,0.06767190173268318,0.06549830697476863,0.10742068774998188,0.05635418966412544,0.20195545256137848
2023-08-18,0.09573188219219446,0.10844296962022781,0.05204150986571854,0.04599792435683554,0.03698361765127629,0.05435311597539112,0.04833382591605186,0.05673302721352229,0.0688253551721573,0.06504801511764527,0.10833740457892418,0.05628666505217552,0.20288469195365905
2023-08-21,0.0941238583996892,0.10885008871555328,0.0523536135274826,0.04594566993632991,0.03650894756428898,0.053425669961143285,0.04765116572380066,0.056641316982131686,0.06909788623452187,0.06536543043330312,0.1101258173584938,0.05619180873036385,0.203718701004982
2023-08-22,0.09227074719965458,0.10962805598974228,0.052095919123718734,0.045886259440795385,0.03636192819103599,0.05374108329415321,0.04770559407770634,0.05695248899428407,0.06888326033949851,0.06627201708033681,0.11094663254916667,0.05589490234851837,0.20336110293865203
2023-08-23,0.09024280663579702,0.10829080939292908,0.051846041533424446,0.04563719993007069,0.036250946624204514,0.053880224435124545,0.048006747290492056,0.05778520558942546,0.0686357319355011,0.06753828292712569,0.1126970298588276,0.05595012903213501,0.2032388597726822
2023-08-24,0.08597010001540184,0.10473808050155639,0.049971562213421625,0.044489885156669476,0.035294590354897085,0.05218948894762434,0.046622990444302556,0.055395479564322156,0.06567048132419587,0.06713896319270134,0.11095483265817166,0.0543833926320076,0.22718016505241395
2023-08-25,0.08707247991114855,0.10676072239875793,0.04945041509509736,0.045308029014185534,0.03442141094710678,0.051611146808136256,0.04570228084921837,0.054691028790693964,0.06676180884242058,0.06768426452763379,0.111410953104496,0.05301803573966026,0.22610740661621093
2023-08-28,0.08856967650353909,0.11181601285934448,0.04997273132433566,0.04607364728450882,0.034040483110584316,0.05210491721518338,0.04587147794663906,0.055003345973636895,0.06839331686496734,0.06896557630971074,0.11476956009864807,0.05269035920500755,0.21172890663146973
2023-08-29,0.08767748698592186,0.11309621334075928,0.0501708187162583,0.04634260049003878,0.03423198175150901,0.05223197653831448,0.04561393223702907,0.054852309159105064,0.06875195503234863,0.07123401300050318,0.11600741408765317,0.052842973917722705,0.20694632232189178
2023-08-30,0.08258369173854589,0.10852142870426178,0.0481072119626484,0.04466139565708786,0.03320975983515382,0.050351145895547234,0.044019172340631484,0.05230797013755364,0.06608063951134682,0.07117297085933387,0.11291452795267105,0.05121304020285607,0.23485704362392426
2023-08-31,0.08312505688518286,0.11091307252645492,0.049276791549131185,0.046029628224542485,0.03441654194612056,0.051942933021928185,0.044897505268454554,0.053335987250102336,0.06791161522269248,0.07577626747079194,0.11755756847560406,0.05298844203352928,0.21182859539985657
2023-09-01,0.08247154373675585,0.11148288249969482,0.04915543534171736,0.04666541994665572,0.03485064012929797,0.05289231539354659,0.04522781148552894,0.053722827367528224,0.06847441643476486,0.07830895809456706,0.11914886310696601,0.053402213752269743,0.2041966736316681
2023-09-05,0.08209932781755924,0.11058357432484626,0.0494519095075205,0.04645236151613012,0.03514269087463617,0.053380492579890415,0.04582723192870617,0.05417899914955342,0.06845146715641022,0.07940145498141646,0.11950552463531494,0.053364505618810655,0.20216044187545776
2023-09-06,0.08071942310780286,0.10910665020346641,0.049715651872567254,0.0458103179991987,0.0341909212525934,0.05310918440227397,0.04585750475525856,0.05436565484142193,0.07026998549699784,0.07893815911374986,0.1189174622297287,0.05269737839698792,0.20630169808864593
2023-09-07,0.08064239267259836,0.10907834097743034,0.05025611404306964,0.04519689381580214,0.03369294109288603,0.05273548523837235,0.046389177441596985,0.05515965319464158,0.0714875340461731,0.07905949964188039,0.12053228244185447,0.05220779851078987,0.20356188714504242
2023-09-08,0.08002274092286825,0.1087449312210083,0.0500812742831382,0.04451876940290962,0.033456026623025534,0.05243366751237773,0.04641170501708984,0.05594595582206239,0.07169445455074311,0.07965364423580468,0.12219790108501911,0.05196976661682129,0.20286917686462402
2023-09-11,0.07925609666854143,0.10857522785663605,0.049857406656778555,0.04415293966143885,0.03353394989389926,0.051969572916277684,0.04639339298009872,0.055930885545058116,0.07119188010692597,0.08044375176541507,0.12465861290693284,0.0515322133898735,0.20250406861305237
2023-09-12,0.07860521860420704,0.10928260385990143,0.04941226497347806,0.04422456816872966,0.03371854189317673,0.05136892053997144,0.04609660804271698,0.055095234717919085,0.07042914032936096,0.0814006004948169,0.12705873437225818,0.051217857748270035,0.20208969116210937
2023-09-13,0.07772031035274267,0.11033955812454224,0.04888303387906312,0.043972147123652584,0.03346577130723745,0.051218330388655885,0.04632812179625034,0.05435397029277737,0.06925424262881279,0.08235582164488733,0.12911249063909053,0.051005322486162186,0.20199085175991058
2023-09-14,0.07696423437446356,0.11132410764694214,0.04816219170848015,0.04393991487427211,0.03334032294806093,0.05113354933564551,0.046102622896432875,0.05402672209438606,0.06815444082021713,0.08315209825523198,0.13062521032989025,0.05128840506076813,0.20178621411323547
2023-09-15,0.07674924172461033,0.1119743213057518,0.04824545859139491,0.04443436910833256,0.03351270605344325,0.050584417514619416,0.04577330760657787,0.05264961562070312,0.06710725054144859,0.08382685193791986,0.1317830916494131,0.05202299058437347,0.20133638978004456
2023-09-18,0.0777756329625845,0.11454305797815323,0.04791308605946014,0.043902027530170785,0.033086430397816,0.05003884930338245,0.045341765880584715,0.05124812090098203,0.06703017130494118,0.08379115215502679,0.1319106062874198,0.05155077278614044,0.20186831951141357
2023-09-19,0.0783400010317564,0.11714491546154022,0.047488842553822685,0.043528065257333104,0.03296832139603793,0.04956161162990611,0.04519655220210552,0.05037056499886603,0.06643475592136383,0.08374389200471341,0.13231209591031073,0.051398557424545285,0.20151180028915405
2023-09-20,0.07799285463988781,0.11761961728334427,0.047265091878718836,0.04349974068050973,0.032981630181893706,0.049359536066185684,0.044921398535370825,0.0498893465837682,0.066531952470541,0.08344083372503519,0.13347026277333499,0.051483814418315885,0.20154392421245576
2023-09-21,0.0781884491443634,0.11956231445074081,0.04714388515573109,0.043131303719625966,0.03289694853592664,0.049084082202170976,0.04498681463301182,0.049469341719031945,0.06558659970760346,0.08322455314919353,0.13300601094961167,0.05159545242786408,0.20212427973747255
2023-09-22,0.06792136915028095,0.10321184694766998,0.040355860065044345,0.037603402581333434,0.028132774261757733,0.04252945151820313,0.03967484794557095,0.043164104631159717,0.0579882450401783,0.07080838223919272,0.11381792724132538,0.04512957893311977,0.30966217517852784
2023-09-25,0.07520215772092342,0.11476611644029618,0.04427362069008325,0.04173817241560549,0.03131750433240086,0.04737281352863647,0.04573047682642937,0.04919512869018945,0.06527654156088829,0.0777827437967062,0.12702336087822913,0.050776390731334685,0.22954497039318084
2023-09-26,0.07628456987440586,0.11717628985643387,0.04519145388547283,0.04240213871145695,0.03179176046978682,0.049257937495713125,0.04805035181343555,0.051458284412456125,0.06692496314644814,0.07941999193280935,0.13066068515181542,0.052324019744992255,0.20905753076076508
2023-09-27,0.07628575079143048,0.11672308593988419,0.044509485026838824,0.041832197748066235,0.031077051488682627,0.0491746995045105,0.04893615804612637,0.0516854397201314,0.0670481339097023,0.07786001320928335,0.1296420492231846,0.052067790925502774,0.21315812766551973
2023-09-28,0.07673180922865867,0.11812622249126434,0.045114782829874044,0.04186923674503529,0.031055345735512673,0.04936054915597197,0.04946271553635597,0.051661133611287366,0.06751958653330803,0.07818114394322037,0.13321362435817719,0.05214240103960037,0.20556146204471587
2023-09-29,0.07604801841080189,0.11757878065109253,0.04509253460442082,0.041804844784908826,0.031051442795433103,0.04934117008233443,0.04938752390444279,0.05129566337227516,0.06709437295794488,0.07851042435504496,0.13571126032620667,0.05229433141648769,0.2047896385192871
2023-10-02,0.07488771118223667,0.11665325760841369,0.045172129172888556,0.04163567932426204,0.031475235149264334,0.049512574274558574,0.0493103489279747,0.05069652905294788,0.06705937087535858,0.07948152809403837,0.13732349779456854,0.05230604074895382,0.20448609292507172
2023-10-03,0.07217605300247669,0.11478639543056487,0.04525098540595707,0.04209269028560865,0.031112064723856747,0.050381186831509696,0.04927394352853298,0.0512459179657526,0.06923701092600823,0.07870171526446938,0.13534407485276462,0.05280660800635815,0.2075913667678833
2023-10-04,0.06867964528501033,0.10972514748573303,0.04289892057871843,0.03975573974125588,0.02891719250474125,0.04838630391750485,0.047118989005684855,0.04852847653246499,0.06783829256892204,0.07250477974303067,0.12458857391029596,0.05048128738999367,0.25057666301727294
2023-10-05,0.07148861885070801,0.11584298312664032,0.04445226919455845,0.04094531375463113,0.029932496696710588,0.05093309870571829,0.04982719719409943,0.050701526637021745,0.07248242869973183,0.07414948833175003,0.1276562325656414,0.05324668139219284,0.21834162771701812
2023-10-06,0.07169049009680747,0.11714980602264405,0.04525667554217776,0.04137880035464381,0.0310674870503135,0.05226611925754696,0.050330215319991115,0.05133024210153962,0.07460457608103752,0.07488404642790555,0.12806359808892012,0.05410575084388256,0.2078721672296524
2023-10-09,0.07092765420675277,0.11824157685041428,0.045736768472041334,0.041169283106779454,0.03217550662811845,0.05331249434966594,0.05009391754865646,0.05078235049168143,0.07521540522575379,0.07556500788778067,0.12613361999392508,0.053899433463811874,0.2067469835281372
2023-10-10,0.07050966285169125,0.11646421253681183,0.045374995854977486,0.04115785923253697,0.033531357685569675,0.052941469108918685,0.050122262164950374,0.04956427167671791,0.07453860342502594,0.07660872403066606,0.12280013635754586,0.053561920672655104,0.21282452940940857
2023-10-11,0.07102234549820423,0.11785518229007722,0.04613596685630324,0.04107582272766273,0.034472004964482036,0.05392904963809997,0.050092597305774686,0.04992644613075754,0.07437212169170379,0.07576066949404776,0.11747750733047724,0.05364612266421318,0.21423417329788208
2023-10-12,0.07196122370660304,0.1190273717045784,0.046273716181031335,0.041329032738820534,0.035862449801061305,0.05445289285853505,0.05046842768788338,0.05016125214142449,0.07387668490409852,0.07679322557523846,0.11382128540426492,0.05430699586868286,0.21166543066501617
2023-10-13,0.06658483631908893,0.10885998606681824,0.04393684364862107,0.037785788567477316,0.03332603257149458,0.05164119054097682,0.04682682231068611,0.04682409512420236,0.06980707421898842,0.06963978053536266,0.101272239908576,0.050038470327854155,0.2734568238258362
2023-10-16,0.0703129768371582,0.11461145132780075,0.046958245836148826,0.040173031415095116,0.03614662883337587,0.05438782870187424,0.05000268444418907,0.049475480684895955,0.0735965184867382,0.07228950501885265,0.10407052598893643,0.051952346414327624,0.2360227882862091
2023-10-17,0.07316811271011829,0.12062883377075195,0.04961290024378453,0.04189790345660889,0.03831364408833906,0.05716097253607586,0.051990164816379546,0.05162169887380515,0.07566621825098992,0.07145477808080614,0.10427397359162568,0.05386909618973732,0.21034170389175416
2023-10-18,0.07388102151453495,0.12162353992462158,0.05071186152585518,0.04263715485189952,0.039927659137174484,0.05952830512542277,0.05307958722114563,0.05297461940454014,0.07842065170407295,0.0706124126445502,0.10434248857200146,0.05411688685417175,0.1981438398361206
2023-10-19,0.07444157153367996,0.12023415118455887,0.05084744357738451,0.04330662184143108,0.039495715079829095,0.058633949514478444,0.05152803473174572,0.052203998543882336,0.07825997546315193,0.06633128726389259,0.10122726056724787,0.05424445196986198,0.20924551784992218
2023-10-20,0.0753608874976635,0.11938467174768448,0.05123805296773583,0.04376669181285013,0.03936745006358251,0.05781904860632494,0.051558515429496764,0.052180596936523216,0.07804466634988785,0.06360183614306152,0.10057203192263842,0.05540275052189827,0.21170280277729034
2023-10-23,0.0778914112597704,0.1219074323773384,0.05198606078024692,0.04434628542003747,0.039997559832409026,0.057468925247667356,0.052583107352256776,0.05335295301520091,0.07780311852693558,0.06315734728705139,0.10132212694734336,0.05689184814691543,0.20129183530807496
2023-10-24,0.07865070886909961,0.12382706999778748,0.05215321898076066,0.04472976100634103,0.04098274550633505,0.05665141937497538,0.052950586378574374,0.05426116807111612,0.07659404650330544,0.06398021832574159,0.10245657823979855,0.05713826715946198,0.1956242263317108
2023-10-25,0.07703931704163551,0.12301514893770218,0.05166441164885942,0.04389689197475448,0.04101164146559313,0.055338088033022356,0.0523013100028038,0.054220332397517265,0.07419172525405884,0.06445856106001883,0.10124126896262169,0.057010624557733536,0.2046106666326523
2023-10-26,0.07513202391564847,0.11914049237966537,0.0492395926046111,0.04141637004274248,0.03930963746970519,0.053488299757009375,0.05028223842382431,0.052315451562117234,0.07223849147558212,0.06338661899790168,0.09570058118551969,0.0554639358073473,0.23288627564907075
2023-10-27,0.07870104871690273,0.12468054592609405,0.0501987886875094,0.042023181267159336,0.04049580564023927,0.05488447321404237,0.05237621366977692,0.0541254369188664,0.07421848550438881,0.06797616661060601,0.09620162844657898,0.058532220870256425,0.20558598935604094
2023-10-30,0.07911594398319721,0.12765029966831207,0.04973304166688734,0.041628923806139896,0.04070484932744876,0.054610457981470975,0.05208451636135578,0.05404424811008539,0.07386475056409836,0.07155017480254174,0.09589000679552555,0.05932633802294731,0.19979644417762757
2023-10-31,0.0769747044891119,0.12701914310455323,0.04897812864238702,0.040696509151906035,0.04031385659473017,0.05423870885279029,0.05091594681143761,0.05328939509768134,0.07277889773249627,0.07412586719729006,0.09516834542155266,0.059866882115602496,0.2056335985660553
2023-11-01,0.075297624245286,0.12608652114868163,0.048700347102155386,0.04078040122536812,0.040989433880895376,0.05409884490654804,0.04986773207783699,0.05247124037014146,0.07293795943260192,0.07812653696164489,0.09489111490547657,0.06077355518937111,0.20497869849205017
2023-11-02,0.07337696552276611,0.12386208176612853,0.04770615583052429,0.040903376777489876,0.04196944162249565,0.05350270003254991,0.049326058477163315,0.051322240317767866,0.07159050107002259,0.08122374003287405,0.09436829555779695,0.060541852563619616,0.2103066027164459
2023-11-03,0.05042991936206818,0.08430117219686509,0.03295618505935245,0.028785328525680144,0.029968049249146134,0.0365907154235174,0.0335771556943655,0.034343900941098585,0.04896804690361023,0.05817062422866002,0.06486790338531137,0.04247882515192032,0.4545621693134308
2023-11-06,0.04960988275706768,0.08242713809013366,0.03287695598048668,0.028920061923918005,0.030533723399275913,0.03583401544310618,0.03246285598725081,0.03347432439827571,0.04763379208743572,0.06001156591810286,0.06300529083237053,0.042397888749837874,0.46081250309944155
2023-11-07,0.04941570926457643,0.0816496342420578,0.0323366190145876,0.02861981325921974,0.030445734085515142,0.03599048098694766,0.03190114442259073,0.03359496224222767,0.04785106927156448,0.06066253762692213,0.06250376468524337,0.04236156642436981,0.4626669824123383
2023-11-08,0.04937153235077858,0.08134710043668747,0.03165185562899708,0.02832307287409854,0.030071981129003687,0.03630711581499781,0.03186545129865408,0.03368490900124925,0.0485693946480751,0.06111680319881998,0.06232473775744438,0.04228041134774685,0.4630856215953827
2023-11-09,0.050752490758895874,0.08264370709657669,0.03186145504872684,0.02898743603511402,0.03075369738508016,0.03727657168492442,0.032514712400734426,0.03450128626618607,0.05072410106658935,0.06317809969186783,0.06355023216456175,0.04335782565176487,0.44989840388298036
2023-11-10,0.04945118483155966,0.07950519397854805,0.03096691955526314,0.027557876592958764,0.02969393118401058,0.036948262502846774,0.03166578393429518,0.03423984302692133,0.05110311508178711,0.06155779976979829,0.05996908359229565,0.04216744154691696,0.46517359614372256
2023-11-13,0.04948259778320789,0.07886009141802788,0.030893967219810393,0.027151872328793836,0.029951022111345083,0.03746655653958442,0.032223128527402875,0.034644634494634376,0.05275491774082184,0.06139640369219705,0.05874786544591189,0.04204215183854103,0.46438475847244265
2023-11-14,0.05075377505272627,0.07982431054115295,0.03124573972909417,0.02804279260382696,0.03114832405699417,0.03886740450980142,0.033471990190446374,0.03578111749582149,0.05578456744551659,0.06370359322172589,0.059235871955752376,0.04278852827847004,0.44935199022293093
2023-11-15,0.05007537584751844,0.07843408808112144,0.03180682831458661,0.0286491289023882,0.032353856519330294,0.03738306527084205,0.032724703475832936,0.03435083969452535,0.05471512228250504,0.06506743356003426,0.05718924906104803,0.04326976798474789,0.453980541229248
2023-11-16,0.049249591678380965,0.07704018726944924,0.03109443913501071,0.02746097898673643,0.03121398134971969,0.03779312026163097,0.032278820872306824,0.03409573493559037,0.054986564069986345,0.06267338919569738,0.05508897863328457,0.04221129193902016,0.46481292843818667
2023-11-17,0.04996989443898201,0.07699367329478264,0.031152497558373328,0.027731713585512806,0.03160337603185326,0.03802309102320578,0.03234989698976278,0.0338190579815091,0.056091862916946414,0.06228605019277893,0.055347927287220954,0.04179139696061611,0.4628395736217499
2023-11-20,0.05054024625569582,0.07635563760995864,0.03154772289357695,0.027876898249106753,0.03159727559541352,0.03809933748998447,0.032023873180150986,0.03343027394155342,0.05658653229475021,0.06046238152193837,0.05466576740145683,0.04147430211305618,0.4653397500514984
2023-11-21,0.05172667223960161,0.07648365497589112,0.03173210245195328,0.028269493382742004,0.03216817012871616,0.03822956194053404,0.0317838329821825,0.03310106324968274,0.05720365718007088,0.05951070804148913,0.05273797884583473,0.04183029420673847,0.46522282958030703
2023-11-22,0.05304613020271063,0.0765462152659893,0.03209797592815846,0.028886295978222697,0.03251785208121873,0.03878581796889193,0.03183397799730301,0.03314039343924833,0.05803183764219284,0.05896228309138678,0.050915707089006904,0.04206439778208733,0.463171112537384
2023-11-24,0.05577530413866043,0.0785970814526081,0.03322466694387014,0.03018525346628671,0.033461608737707135,0.04004833779326873,0.03277597911655903,0.0338550078030039,0.05974610894918442,0.05894572784309275,0.050198540464043616,0.04335305988788605,0.4498333096504211
2023-11-27,0.06285404209047556,0.08593897148966789,0.03658995309430661,0.03349445431923215,0.03674475514562801,0.044022457221581136,0.035954168252646926,0.03726773942962609,0.06536704450845718,0.06289387992583215,0.053007776662707326,0.04745801612734794,0.3984067261219025
2023-11-28,0.07634047046303749,0.1025416299700737,0.04345072732938693,0.040257035594050986,0.04364922357490286,0.05229855658981251,0.0431568656116724,0.044496898762054114,0.07728765159845352,0.07293647621991113,0.06048614978790283,0.05654975101351738,0.2865485489368439
2023-11-29,0.08511263132095337,0.11232214421033859,0.047101920154036844,0.044626154752179306,0.04803094267845154,0.05699492943676887,0.04709521606564522,0.0482451599682463,0.08360198512673378,0.0774034624453634,0.06363012492656708,0.06208056509494782,0.22375477850437164
2023-11-30,0.0890665277838707,0.1151877760887146,0.048462737344861395,0.04664225306284884,0.04931089768651873,0.05867175886669429,0.048843997344374654,0.049009961073352315,0.08457199037075043,0.07776492759585381,0.06316662430763245,0.064212104678154,0.20508843064308166
2023-12-01,0.09078131020069122,0.11525623351335526,0.04866595924522645,0.0470245914790496,0.0494604610837996,0.05927831553708529,0.049119547754526136,0.04933796505006285,0.08404946774244308,0.07646762133808807,0.06316880509257317,0.06480046659708023,0.20258925557136537
2023-12-04,0.09292976148426532,0.11506073921918869,0.04861470386973075,0.04842021520534878,0.0505487441085279,0.05819281186268199,0.049107275903224945,0.04791432720112425,0.0820124551653862,0.07594532049261034,0.06283975690603257,0.06492573395371437,0.20348815321922303
2023-12-05,0.09511224329471588,0.1160448968410492,0.04940057946919474,0.04899955477204578,0.05041383990319446,0.058567010030674285,0.049142946302890775,0.048105906567934655,0.08188558891415595,0.07612285003997385,0.06210419908165932,0.06561228036880493,0.19848811626434326
2023-12-06,0.0968749538064003,0.11732476204633713,0.04991730492909987,0.049669145413387385,0.05029649221105501,0.0590490420392598,0.04978349432349205,0.048545014382216325,0.08250647783279419,0.07621536189690233,0.06128343529999256,0.06600523069500923,0.19252927899360656
2023-12-07,0.09581886623054743,0.11494767814874648,0.050173545332936345,0.04899972751115911,0.04859208546113223,0.059384106878133024,0.050036768242716786,0.04854696097386295,0.08177412673830986,0.07351300590671599,0.06148724108934402,0.0658985011279583,0.20082739293575286
2023-12-08,0.09584356006234884,0.11403745859861374,0.05067195189997094,0.04949402613478746,0.04832153272582218,0.05936793581349775,0.04987412020564079,0.04810020897148206,0.08182845413684844,0.07179340829607099,0.06267951913177967,0.0662984736263752,0.20168935060501098
2023-12-11,0.09627884719520807,0.11313705742359162,0.05133321060779572,0.04979383281422685,0.04770383160794154,0.059846918497351,0.04975550062954426,0.0484056202084048,0.08203239515423774,0.07135748825967311,0.06253118440508842,0.0663157805800438,0.20150834918022156
2023-12-12,0.09689112287014723,0.11291181743144989,0.051520454874904684,0.05011483896818092,0.04750119420932606,0.06035554977715947,0.04991607703268528,0.04828763726090983,0.081934355199337,0.0711792463902384,0.061466905474662784,0.06654596999287606,0.20137484073638917
2023-12-13,0.09744533188641072,0.11294650584459305,0.051430668715476816,0.05043232016994033,0.0470012082834728,0.06056161109590903,0.05014571063220501,0.048059876620891374,0.08168821409344673,0.07070044977590442,0.061817451193928716,0.06663295477628708,0.2011376917362213
2023-12-14,0.06926696989685296,0.07878964990377427,0.03533891335579451,0.03688468629885797,0.03438075947342441,0.040285757815581746,0.0342098593711853,0.03172851770273155,0.05494989305734634,0.04913154770620167,0.043406313844025136,0.04622137024998665,0.44540576338768006
2023-12-15,0.06956331059336662,0.07798823714256287,0.03535903381525411,0.037242631148177455,0.03463979072403163,0.03927509402637952,0.03363210055977106,0.03076724669460873,0.05329480096697807,0.04721109641250223,0.04229050688445568,0.045885396748781206,0.4528507649898529
2023-12-18,0.07070737108588218,0.0786743476986885,0.035017067717812544,0.03830124083630153,0.03474852529470809,0.039095798400376226,0.03351861145347357,0.030452122441784014,0.05336414352059364,0.04653314168099314,0.04128943681716919,0.04559287801384926,0.452705317735672
2023-12-19,0.07177698332816362,0.07900440096855163,0.03504525499960583,0.038898196101971295,0.034611250023590404,0.03925968986732187,0.03349398504942656,0.030455280976320866,0.053879504650831224,0.04561607507057488,0.04063290171325207,0.045700544863939284,0.451625919342041
2023-12-20,0.07197191137820483,0.07845949456095695,0.03554421883453838,0.03887378919279492,0.03429837310686708,0.03959683824068634,0.03383828066289425,0.03040474939093656,0.05410860329866409,0.0442617807071656,0.03986966386437416,0.04599698781967163,0.4527753353118896
2023-12-21,0.07008305341005325,0.07763061672449112,0.03518073324232631,0.038378166640785236,0.03354194134590216,0.03928051959883305,0.03406639341264963,0.030132717082688033,0.05321448892354965,0.04193551270291209,0.038297674432396886,0.04518918246030808,0.4630689978599548
2023-12-22,0.07066159602254629,0.07891590744256974,0.03593719029357097,0.03884223171741894,0.03366319385240786,0.03915024909947533,0.03423994891345501,0.0297725166006785,0.05336566716432571,0.04099803431890905,0.03783087506890297,0.04556159898638725,0.46106099486351015
2023-12-26,0.07335023991763592,0.08183221220970154,0.03766460134633416,0.04035714450360217,0.03433128104661591,0.040630075310036776,0.03569259736686945,0.030334483181513862,0.05573389157652855,0.04179658000357449,0.038725950941443446,0.047458378970623015,0.44209255576133727
2023-12-27,0.07837598659098148,0.08770794868469238,0.04087925592308341,0.04324213357495417,0.036598157766275105,0.043833511569391706,0.038614775985479355,0.032101139256155875,0.06020160764455795,0.04427981176413596,0.04116002544760704,0.05142307206988335,0.40158259868621826
2023-12-28,0.0904795540496707,0.10174805968999863,0.047947440203829926,0.050672007218240014,0.041982052568346265,0.05103473237541038,0.045255400612950324,0.037041832069371596,0.07017293497920037,0.05057048709131777,0.04698492288589477,0.06049125045537949,0.3056193470954895
2023-12-29,0.10097992643713952,0.11382481753826142,0.053900260704562795,0.05661665877888176,0.04622095227241516,0.05703639868152095,0.050290342047810556,0.04123596298318262,0.07880263924598693,0.05543401818722486,0.0520132539793849,0.06871630325913429,0.22492850422859192
2024-01-02,0.10262030735611916,0.11605303883552551,0.05535504902885613,0.057503136840447056,0.04612971068127081,0.058456463032052854,0.0513435460627079,0.04233347380682062,0.0808792233467102,0.05518513368442655,0.05243174862116575,0.07069963365793228,0.21100953817367554
2024-01-03,0.10178183875977993,0.11800531148910523,0.05539618737440648,0.057661294194118896,0.04521784078096971,0.05888204825459979,0.05177098959684372,0.043391456938525155,0.08089088574051857,0.053763301018625496,0.05164858624339104,0.07201338484883309,0.20957687497138977
2024-01-04,0.10073551833629608,0.11859305948019028,0.05562536227313206,0.05707349006350704,0.044338222173973915,0.05958899534743978,0.052540973946452144,0.0439873441517193,0.08043212741613388,0.05294042089954019,0.05049899313598871,0.0730230301618576,0.21062244474887848
2024-01-05,0.10027687381953002,0.11889941245317459,0.05709639287617545,0.056968440311608505,0.04393830571789294,0.06061165596038336,0.0537655983120203,0.044673721611479776,0.08096563145518303,0.05302395587787032,0.04950738810002804,0.07517424821853638,0.20509836971759796
2024-01-08,0.10009175799787044,0.1190133735537529,0.0575082820487081,0.05684188472144349,0.04397868769010529,0.06123697381117381,0.05445332862436771,0.04488735861982605,0.08088450282812118,0.05328739453107119,0.049825067073106764,0.0758292481303215,0.20216212868690492
2024-01-09,0.09870132431387901,0.11779357045888901,0.057780726216851264,0.056741499094136574,0.04421173419104889,0.061051227600546557,0.05480083599686623,0.04486101473976305,0.08000785931944847,0.05386335263028741,0.051007204316556455,0.07610269486904145,0.2030769407749176
2024-01-10,0.09756437707692385,0.11678402870893478,0.05706947853892359,0.05736690437010346,0.044902022718451916,0.061280521216394844,0.05454434715211391,0.04530351425210029,0.08003817573189735,0.054848961532115936,0.05308332294225693,0.07544520944356918,0.20176913738250732
2024-01-11,0.0973814094439149,0.11671977043151856,0.05665576192983135,0.058139314388464314,0.04549774021143094,0.060946547679486686,0.05363996401429176,0.04526437527165399,0.08012222722172738,0.05574127305299044,0.05403949562460184,0.07514947801828384,0.20070264041423796
2024-01-12,0.09701460879296064,0.11652663797140121,0.05545529795533817,0.05823846121068286,0.04608145193196833,0.060771714818838515,0.053232642635703084,0.0455329274129781,0.08014166057109832,0.05688680615276098,0.05528438296169043,0.07441147863864898,0.20042191743850707
2024-01-16,0.09665860198438167,0.11608842313289643,0.05428478154501395,0.05851608082266502,0.04647429371252656,0.06099029448087094,0.0524112056940794,0.04583551891455499,0.07994408383965493,0.058269483782351014,0.05625644288957119,0.07413815855979919,0.20013262927532197
2024-01-17,0.09419536367058753,0.11345918327569962,0.05214182539226684,0.05873760416278344,0.0459078305400908,0.06093421716359444,0.05204220823943615,0.04662649672650332,0.08109940066933632,0.05787697974592447,0.055486243031919,0.07106940001249314,0.21042324900627135
2024-01-18,0.0937349833548069,0.112711963057518,0.05092568425677122,0.05899449498417013,0.04561063188593835,0.06135779189353343,0.05234558880329132,0.048364691562710505,0.08313093855977058,0.05848098350688815,0.05521606057882309,0.07127373069524764,0.20785246789455414
2024-01-19,0.09408809766173362,0.11395897567272187,0.05034260998989186,0.059552136716930805,0.04562097820453346,0.06139863663265714,0.05194121263921261,0.0490191165253691,0.0845179058611393,0.05987388286739588,0.05573548786342144,0.0711970053613186,0.20275400280952455
2024-01-22,0.09378478322178126,0.11482588946819305,0.04983359675870336,0.059457770007355394,0.04509269781410694,0.060865175271464976,0.051446547731757164,0.04871465828514374,0.08462625443935394,0.06115044094622135,0.05616569481790066,0.07146894782781602,0.20256755650043487
2024-01-23,0.09441025983542203,0.11556110084056855,0.05050513952223597,0.05959885720988112,0.044610566832125186,0.06007784217799781,0.0509759858250618,0.04849381063918372,0.08401864543557166,0.06233289185911417,0.057210322842001914,0.07111832424998284,0.2010862797498703
2024-01-24,0.09589642733335495,0.11782635003328323,0.050392261399364105,0.059426228997373085,0.04426690253894776,0.059043878623924684,0.050168368965387344,0.04828852658652068,0.08248145282268524,0.06350360084325075,0.058347738906741144,0.07007387578487397,0.20028439462184905
2024-01-25,0.0976090520620346,0.12049260586500168,0.049872752545184085,0.05928182824065864,0.04346842193044722,0.05797251672920538,0.04910881519317627,0.04757353777158642,0.08052844107151032,0.06432435093447567,0.05937502756714821,0.0702573150396347,0.20013538300991057
2024-01-26,0.09942650627344847,0.12151419669389725,0.04975867115423203,0.0589499317375477,0.042679436644539236,0.05697196043183794,0.048396898061037065,0.047177470032693236,0.07790129482746125,0.06563852531835437,0.060606231540441514,0.07083569765090943,0.2001431941986084
2024-01-29,0.1008570970967412,0.12242438942193985,0.049822482402408316,0.05882177535477808,0.04213144718669355,0.056387393653858454,0.047694653272628784,0.047102709397404394,0.0759201817214489,0.06647657062858343,0.06229062974452972,0.07003117576241494,0.20003948211669922
2024-01-30,0.101987992413342,0.1230025202035904,0.0502504533945979,0.05858041276937413,0.04163907410111278,0.05569905252050376,0.047148546949028966,0.04699144252854239,0.0744659461081028,0.06731128534302115,0.06396759450435638,0.06895886659622193,0.19999684393405914
2024-01-31,0.10250119995325804,0.12244783788919449,0.04956892834655537,0.057885818294791135,0.041119208466261624,0.05562389398837695,0.047198247909545896,0.04750837953693008,0.07367474809288979,0.0677267543040216,0.06660858318209648,0.0682751789689064,0.19986122846603394
2024-02-01,0.10241701155900955,0.12276079803705216,0.0499553044652945,0.05630764113757465,0.0401436359854415,0.055781740904785694,0.0475473653525114,0.047744596898246526,0.07289068028330803,0.06740256901830435,0.06845063790678978,0.06727536395192146,0.20132269263267516
2024-02-02,0.10195102840662003,0.12371455579996109,0.05084702084153836,0.0552014302139515,0.03946322873234749,0.055839893876691346,0.04758256152272224,0.04701381648737879,0.07141225636005402,0.0674874795600772,0.0698047935962677,0.06626058667898178,0.20342134833335876
2024-02-05,0.10124365650117398,0.1241137683391571,0.05032414625509407,0.05401091826391351,0.03847732122521848,0.05667725347157102,0.0485206738114357,0.04785357911355277,0.07281247079372406,0.06765094539150596,0.07047308310866356,0.06515917256474495,0.20268303155899048
2024-02-06,0.09958437867462636,0.12229569554328919,0.049157524091935655,0.05267984932488936,0.03748586669098586,0.05742151936574373,0.04944592975080013,0.04872342489888979,0.0742374412715435,0.06704905955120921,0.07074695527553558,0.06544326916337014,0.20572908818721772
2024-02-07,0.09907089229673147,0.12051457315683364,0.04842747161198666,0.051853947900943,0.0368775300681591,0.0580566087475745,0.0505959115922451,0.049726222283538846,0.07502908110618592,0.06700328844599426,0.07092593088746071,0.06638750210404396,0.20553105771541597
2024-02-08,0.10077043436467648,0.12242836952209472,0.04740111667571441,0.051593826598478644,0.036557774315588175,0.05809197990311077,0.050719283521175385,0.049964178657864976,0.07567384392023087,0.06728720916435123,0.07205356359481811,0.06619035378098488,0.2012680470943451
2024-02-09,0.10199856236577035,0.1236567184329033,0.047531909507417855,0.051370322212806484,0.03623553123325109,0.057503254486073276,0.0500890988856554,0.049630781663586275,0.07516156807541848,0.06738654277287423,0.07344454601407051,0.06568648517131806,0.20030465722084045
2024-02-12,0.10340464524924756,0.12499632239341736,0.04799771087898428,0.051335122126196356,0.03615017107222229,0.05647555425821338,0.049197299778461455,0.04908896389979418,0.07439528182148933,0.06752796769142151,0.07491669505834579,0.06451703384518623,0.1999972254037857
2024-02-13,0.10449257493019104,0.12492846548557282,0.04931429033970467,0.0514096958329926,0.03617816513869911,0.05541490051691653,0.048464085161685946,0.04865977133285924,0.07377954423427582,0.06789759970270097,0.07643651738762855,0.06339223682880402,0.19963215291500092
2024-02-14,0.07390885138884187,0.08751349821686745,0.034255442504247745,0.036866239141046184,0.025794041610788555,0.039155047823442146,0.033954459428787234,0.03420483944034913,0.0533965528011322,0.04809909174218774,0.053522384539246556,0.04443872682750225,0.43489083647727966
2024-02-15,0.07199349496513605,0.08516628965735436,0.03450174887874056,0.035367886011985664,0.024954931146930905,0.03815554798784433,0.032659494876861574,0.03357156799729637,0.05256088376045227,0.046027372032403945,0.05166315846145153,0.042704121023416516,0.45067350268363954
2024-02-16,0.07091525355353952,0.08303909823298454,0.03479019003484503,0.03481308174722937,0.02492676116526127,0.03710539716048515,0.03150893971323967,0.032956293760344126,0.05166107937693596,0.04549543927423656,0.05119068957865238,0.04118472971022129,0.4604130446910858
2024-02-20,0.07122045746073127,0.08305431753396988,0.03554209873151404,0.034814792411001425,0.025566683104261755,0.03730030135047855,0.031154195219278334,0.033248348132781304,0.052340957522392276,0.04579903171397746,0.05225228779017925,0.04064188040792942,0.45706466436386106
2024-02-21,0.07436858667060733,0.08601480722427368,0.03745535303934613,0.0361817256311376,0.027336818084586413,0.03900182500583469,0.032181942462921144,0.035020075791885576,0.05514879673719406,0.0480885973200202,0.055540548637509346,0.04173629768192768,0.4319246232509613
2024-02-22,0.08570480737835169,0.09833287000656128,0.04363837563439717,0.041547401168206655,0.03252546606818214,0.04499888113496127,0.036752847209572795,0.04056883925511556,0.06364093646407128,0.05569375846534967,0.06569789275527001,0.048214052245020865,0.34268384575843813
2024-02-23,0.08529383670538664,0.09895138740539551,0.04445781424835591,0.04257316490497196,0.034497966850176455,0.04538530450372491,0.03723988272249699,0.04083489714282677,0.0646360032260418,0.05795769221149385,0.06896961033344269,0.04903494752943516,0.33016749620437624
2024-02-26,0.09460360389202833,0.10956123918294906,0.05074402084999221,0.048853203181468886,0.04078635595506057,0.05161483336851234,0.04278151541948318,0.04642885784808186,0.07313718050718307,0.06799073866568506,0.08083314634859562,0.05564195811748505,0.23702332675457
2024-02-27,0.09693640042096377,0.11192986965179444,0.05321433242718534,0.05096913787502651,0.043581245245877656,0.05307646357541671,0.04434633292257786,0.04785962834598649,0.07622764706611633,0.07189572243951262,0.0857895877212286,0.058141591399908064,0.20603205561637877
2024-02-28,0.0971891451627016,0.11164387762546539,0.054503784992604665,0.0517313212955333,0.04520732980454341,0.05241692618583329,0.04450767040252686,0.047070878185922996,0.07613571956753731,0.07350893509574234,0.08719450496137142,0.05862504541873932,0.20026485919952391
2024-02-29,0.09669117070734501,0.11104951500892639,0.05424755568287924,0.052226101928181376,0.04628586686449125,0.05211140038300073,0.04512313082814216,0.046013890919562074,0.07525431215763093,0.07502076737582683,0.0871783286333084,0.05897315666079521,0.19982476830482482
2024-03-01,0.09676289297640324,0.11087337285280227,0.05449980964915611,0.05274636504369852,0.04729565435554832,0.05158642209134996,0.04559225365519524,0.0448255408640307,0.07390908598899841,0.07623990052379667,0.08692143224179745,0.059046759456396106,0.19970053434371948
2024-03-04,0.09678612239658832,0.10991090685129165,0.05442133267692935,0.053167785718166626,0.04830292033730075,0.05068481786074699,0.045508761703968045,0.04400404762254766,0.07235687002539634,0.07579841795377433,0.08772552385926247,0.059050677716732024,0.20228183567523955
2024-03-05,0.09739086776971817,0.10930781066417694,0.05471947027561921,0.053843530246169634,0.04910172513918951,0.05025671040639281,0.04556550532579422,0.04360592267998982,0.07165916413068771,0.07533100442960858,0.08952062353491783,0.06012819185853004,0.19956946671009063
2024-03-06,0.09747611694037914,0.11101831793785095,0.05396835927751322,0.05345045896762919,0.0488142462563701,0.050365431528916815,0.04621932543814182,0.043396012170774156,0.07024041414260865,0.07421770165674388,0.08975837267935276,0.06087929457426071,0.20019595324993134
2024-03-07,0.09690909367054701,0.11313696354627609,0.05354106860450578,0.053326737026491246,0.048922328068874775,0.05036117781055509,0.04656954556703567,0.04291149799637424,0.06871743053197861,0.07374228951521218,0.09026967957615853,0.06159335076808929,0.19999881982803344
2024-03-08,0.09553141947835683,0.1133713573217392,0.05326974524896624,0.05354386695773243,0.04902552467538044,0.05082959308492718,0.047021931037306786,0.042764839696542364,0.06775882989168167,0.07438452444039285,0.09102769047021866,0.062013359367847444,0.1994573414325714
2024-03-11,0.0934764102101326,0.11450242549180985,0.052848348067079345,0.05320502969376299,0.04873670830857009,0.05171091254451312,0.04787063337862492,0.04275669084170204,0.06660813316702843,0.0752299481537193,0.09086805172264575,0.06286129057407379,0.1993253856897354
2024-03-12,0.09102328103035688,0.11507619842886925,0.05177309443880986,0.05332721853104268,0.048763026169035585,0.0527275380663923,0.049121635407209395,0.042771283008073625,0.06561802998185158,0.07652634652331472,0.09128987118601799,0.06287494078278541,0.1991075336933136
2024-03-13,0.0896421141922474,0.11539589241147041,0.05095232960979512,0.05366456054150106,0.04900990086607635,0.05301104033133015,0.049655397236347196,0.04240448220386952,0.06510361284017563,0.07849688748829067,0.09094241373240948,0.06299057677388191,0.19873081147670746
2024-03-14,0.08843854479491711,0.11486258506774902,0.05091512161196352,0.05379423690089773,0.04885484150145203,0.05309213730724878,0.050111149251461026,0.041763048800612525,0.06498738080263138,0.08064578347839416,0.09048368856310844,0.06330882832407951,0.19874267578125
2024-03-15,0.08755481094121934,0.11211656630039216,0.05009500583884936,0.053349247286229584,0.04854686425533146,0.05307844644776196,0.05052636004984379,0.042704274758193606,0.06656849309802056,0.08101198836229742,0.09000173211097717,0.06394695043563843,0.20049928426742553
2024-03-18,0.0872160216793418,0.11191176325082779,0.049735489818328205,0.05287219718520717,0.04807763320859522,0.05266304077958921,0.05106013342738151,0.043446038301067344,0.06708006858825684,0.08142967387102544,0.09052169397473335,0.06402917355298995,0.199957075715065
2024-03-19,0.08741060849279166,0.11269455775618553,0.04831727273035238,0.0525285044312529,0.048014342738315466,0.05192315725871595,0.05086610727012157,0.04286218280421963,0.06746042966842651,0.08234798391349614,0.09192684590816498,0.06395689472556114,0.19969109892845155
2024-03-20,0.08767874203622342,0.11134957671165466,0.04753394086260343,0.05256224384241257,0.04778942259727046,0.05168348297593184,0.05103340186178684,0.04263304161161159,0.06752809137105942,0.08334525036625565,0.09344720467925072,0.06382062807679176,0.19959495961666107
2024-03-21,0.08775295075029135,0.10981078371405602,0.04766766194306715,0.052727851906328026,0.047969548194669184,0.051465168868890035,0.05087277293205261,0.0420475145340788,0.06743423491716385,0.08421026291325688,0.09447758197784424,0.06387675777077675,0.19968691170215608
2024-03-22,0.08775400761514902,0.1081590160727501,0.04830227655515991,0.05279064876643389,0.047758503328077496,0.05155728246027138,0.05122807919979096,0.04162313325114155,0.06718955188989639,0.08503132457844913,0.09523924440145493,0.06433882266283035,0.19902812242507933
2024-03-25,0.08787260130047798,0.10680197402834893,0.04783165939484295,0.05261339125754425,0.047163969557732346,0.0518884463730501,0.051849035918712615,0.04168452315502691,0.06690613329410552,0.08564895614981652,0.09546729251742363,0.06512186527252198,0.1991501271724701
2024-03-26,0.08801217563450336,0.10499532520771027,0.04831684939943646,0.05230298690382398,0.04672041893936694,0.052145033619308376,0.051984066516160964,0.04172190805647915,0.06657203286886215,0.08635849328711628,0.09623569548130036,0.06552263498306274,0.1991123914718628
2024-03-27,0.08787223640829325,0.10338650941848755,0.04858826493114084,0.052210984718560026,0.046265142038464546,0.05312351397733437,0.05295114293694496,0.04165092195692068,0.06617138609290123,0.08718036753125488,0.09577007070183755,0.06566262096166611,0.19916684031486512
2024-03-28,0.08778651431202888,0.10130392238497735,0.049360100097579365,0.05224664021688526,0.046008440130390224,0.05366222429875052,0.05384414121508598,0.041508973198551756,0.06527814567089081,0.08790399744175374,0.09551154971122741,0.0659523569047451,0.1996329754590988
2024-04-01,0.08770072273910046,0.0991838201880455,0.04975369420013358,0.05236010449058419,0.04623455123510212,0.05432862934103468,0.05474304035305977,0.04148503715277911,0.06500589400529862,0.08813147684559226,0.09619914963841439,0.0658963181078434,0.19897754192352296
2024-04-02,0.08771235775202513,0.09656869545578957,0.04899619981570904,0.051412437208919394,0.0460023726336658,0.055024150054669006,0.055975903570652005,0.0428196809173869,0.06570699736475945,0.0869373619556427,0.09653885960578919,0.06661458313465118,0.19969043433666228
2024-04-03,0.08801732454448938,0.0947044052183628,0.04853719137669561,0.05061859285493,0.04600558946840465,0.05531496128678555,0.05685996934771538,0.04424251097268552,0.06583346799015999,0.08548459163866937,0.09755693897604942,0.06690809652209281,0.19991638958454133
2024-04-04,0.08872227258980274,0.09327987730503082,0.04881470443973335,0.05037728235975649,0.04617549953982234,0.054960414046945516,0.05665366649627686,0.04482488714988904,0.06560112312436103,0.08472664104774594,0.099017945677042,0.06720104366540909,0.19964462518692017
2024-04-05,0.08923674058169126,0.09463653340935707,0.04762718142514473,0.04996688165243377,0.046181575453374535,0.054470061366737356,0.056431442871689795,0.04477876006515089,0.06456799730658531,0.08457005484960974,0.10095942318439484,0.06622454673051834,0.20034880340099334
2024-04-08,0.08957028426229954,0.09659451097249985,0.046549758097034835,0.04963692518974998,0.046320397243835035,0.05447144721983932,0.056594133749604224,0.04434802425103044,0.06348671019077301,0.08413113569840788,0.10361395180225372,0.06487422361969948,0.19980849027633668
2024-04-09,0.08888315092772245,0.09646031036972999,0.045960084660009136,0.04962490457539204,0.04703857834683731,0.05444407056638738,0.056805521994829175,0.043769390100965214,0.0628688782453537,0.08427394442260265,0.10645032823085784,0.06393317952752113,0.19948770403861998
2024-04-10,0.08826511558145285,0.09616046622395516,0.04543639640743109,0.04965646562788688,0.04792214849730954,0.05421378364408156,0.05670045018196106,0.043440634021794725,0.06232059225440025,0.08508652667514979,0.10828540101647377,0.06318760961294174,0.19932442009449006
2024-04-11,0.07383278934285045,0.07919500842690468,0.038033456642566146,0.04131546036134086,0.03955248680431396,0.04563583449344151,0.048202402889728546,0.036371970462130324,0.05425216369330883,0.07085939492098987,0.09192673489451408,0.05246870033442974,0.328353625535965
2024-04-12,0.08151713702827693,0.08617215603590012,0.042475724542826755,0.04503965262479106,0.04367263177409768,0.04989633874065476,0.0529333621263504,0.03967567180931155,0.061588706076145174,0.07704355535097421,0.10231525897979736,0.05866135954856873,0.25900847017765044
2024-04-15,0.07904074396938085,0.08397717252373696,0.040453748987614266,0.04347706162361327,0.04192293110536412,0.04785175755096134,0.05089779272675514,0.03805311167531045,0.060120108723640445,0.07314992630854249,0.09981225207448005,0.056140799075365067,0.2851025819778442
2024-04-16,0.07878252007067203,0.08452520444989205,0.03937399877943086,0.04290612823505189,0.04124290710315108,0.04740664298151387,0.0508237436413765,0.038348847657641724,0.06167437545955181,0.07154163210652768,0.10016264244914055,0.05525954067707062,0.2879518330097198
2024-04-17,0.08292413242161274,0.09183382466435433,0.041300531797334374,0.04523667128022986,0.04334929256001487,0.05005086432647658,0.0538465078920126,0.04130205270117813,0.06703009605407714,0.07569746780209244,0.10846630446612834,0.05806370973587036,0.24089854061603547
2024-04-18,0.08479146324098111,0.09701033160090447,0.04220345741890093,0.04667669907018936,0.04502654498210177,0.0517728810547851,0.05602891929447651,0.04393567995706462,0.07039633095264435,0.07924452088773251,0.11366293132305146,0.059627214819192885,0.20962300300598144
2024-04-19,0.08326535783708096,0.0982754148542881,0.04207063336464536,0.04658867099902153,0.045580102491658184,0.0520216218472342,0.055925821885466576,0.04467062983472943,0.07096680849790574,0.0817453877069056,0.11654846034944058,0.05942989438772202,0.20291120409965516
2024-04-22,0.08230369612574577,0.10066519454121589,0.04127545000356499,0.04600386252759172,0.0453954249387607,0.051491543144220484,0.055334347486495974,0.044598988223992816,0.07002898156642914,0.08396093901246786,0.11802559271454811,0.05856926403939724,0.2023467242717743
2024-04-23,0.08123321011662483,0.10420545414090157,0.041141897770338255,0.045357273864715,0.04577879954595119,0.05062062473007245,0.05414290502667427,0.04428264010323346,0.06898732408881188,0.08528968500904739,0.11924478262662888,0.05765777826309204,0.20205761790275573
2024-04-24,0.07909063622355461,0.10569103434681892,0.04157676019541103,0.04491327072921596,0.046462441806215796,0.049906717115663926,0.05318173505365849,0.04382821942401734,0.06831101700663567,0.08716846401803195,0.1206240937113762,0.05692825056612492,0.20231735706329346
2024-04-25,0.07728018891066313,0.1060433030128479,0.04170559191767058,0.04462376684932483,0.04752555331215262,0.04934851807265659,0.052416765317320826,0.04381383848217411,0.06866081058979034,0.08822769410908222,0.12294735964387656,0.05656203180551529,0.20084454715251923
2024-04-26,0.07574564423412085,0.10521946102380753,0.041586819426109575,0.044359789958698846,0.04843080684076995,0.048838773703027985,0.05165640115737915,0.04359574533623345,0.06898464187979698,0.08865758134052157,0.12630100063979627,0.0559268482029438,0.2006964921951294
2024-04-29,0.07493931595236063,0.10471969023346901,0.041809128727341084,0.04442570136137629,0.049704710184596476,0.04802367978627444,0.050881443172693254,0.043444203009596546,0.06903798431158066,0.08812878290191292,0.12860585544258357,0.055351157858967784,0.20092837512493134
2024-04-30,0.07410988360643386,0.10355320200324059,0.04208532251591048,0.04451796881424528,0.05098270428134129,0.04745387455404852,0.05039936676621437,0.04339128414857214,0.06882994621992111,0.08841878911480308,0.13031446784734727,0.0554892111569643,0.2004539728164673
2024-05-01,0.06854031011462211,0.09503318220376969,0.038094511948368034,0.04043823326600791,0.04587721594143659,0.042072684764571024,0.04467082135379315,0.039210239286978775,0.06487913876771927,0.07990092067047953,0.11606936547905207,0.050229838117957115,0.2749835252761841
2024-05-02,0.07354433406144381,0.10286461785435677,0.04160609268658426,0.042102979908130854,0.04817496999166906,0.04480237951502204,0.047342972829937935,0.04265405982017682,0.07089022025465966,0.08525958927348257,0.12136184629052878,0.053658797219395635,0.22573714852333068
2024-05-03,0.07068272214382887,0.09965230748057366,0.04066094890348495,0.04053602378565859,0.04663364150328562,0.042674615512805755,0.0453665629029274,0.040874932479459856,0.06849022060632706,0.080584049038589,0.11571755427867174,0.05164836645126343,0.2564780592918396
2024-05-06,0.0684182109311223,0.09751484096050263,0.04022429677073749,0.039939537375586906,0.045998229854740204,0.0420071678556269,0.04491852335631848,0.03986955792521485,0.06782815605401993,0.07738598249852657,0.11206381022930145,0.05066217742860317,0.27316953241825104
2024-05-07,0.06965198386460543,0.09983613491058349,0.04212441933138269,0.04163103455258188,0.047753988078329715,0.043774790025054244,0.04691113196313381,0.041173682917428775,0.07092830464243889,0.0779114382341504,0.11425796188414097,0.05209648311138153,0.2519486427307129
2024-05-08,0.07277860846370458,0.1038999043405056,0.04497845183225575,0.04442687086678916,0.0503811365691945,0.0470288421609439,0.050461170449852946,0.04371002090831553,0.07541532889008522,0.07989318547770381,0.11818369906395673,0.055442843958735465,0.21339995861053468
2024-05-09,0.07390484828501939,0.10491547510027885,0.04579319976295988,0.04546006982047217,0.051148345333058384,0.04864760302225477,0.05199765004217625,0.044680662870132434,0.07729176431894302,0.07864593677222728,0.11725755985826254,0.05646342225372791,0.20379346907138823
2024-05-10,0.07438485361635686,0.10424291864037513,0.04638733267964792,0.04617999692732937,0.051426825986709446,0.049765459191985426,0.05343441292643547,0.04470917132993009,0.07757160440087318,0.07620372232049703,0.11572724748402834,0.05760936290025711,0.2023570567369461
2024-05-13,0.07547410912811756,0.10454184263944626,0.046320395945799044,0.04707184443498953,0.05241491394117474,0.05087048812274588,0.054703210666775706,0.04474102301741141,0.07776999622583389,0.07417582049965858,0.11385744102299214,0.05817914865911007,0.19987979531288147
2024-05-14,0.07647536974400282,0.10419698283076287,0.04653839339925092,0.047587237250085755,0.05318847369635478,0.05202577049349202,0.056231570243835446,0.04424475282436333,0.07736451774835587,0.0724148465320468,0.1111822109669447,0.05923924371600151,0.19931062459945678
2024-05-15,0.07761939391493797,0.10384388864040375,0.04709230160101541,0.04834846389835903,0.05390440633054823,0.053181928233243525,0.05792711526155472,0.04365793482461413,0.07697843685746193,0.07030054163187742,0.10726693253964185,0.06054119691252709,0.19933743476867677
2024-05-16,0.07814537789672613,0.10259321108460426,0.04716728819358682,0.0486458797615585,0.05446481885155663,0.053162578798946925,0.058897769451141356,0.04272351837852284,0.0756894938647747,0.06754680909216404,0.10469455197453499,0.06153574362397194,0.2047329306602478
2024-05-17,0.07952494882047176,0.10256254822015762,0.04723132913445323,0.04958283567378245,0.055518660962115975,0.05446768044785131,0.060676563158631326,0.04289120057545688,0.07602425441145896,0.06512739565223455,0.10348374713212252,0.06285222023725509,0.20005660653114318
2024-05-20,0.08116023633629084,0.10217048972845078,0.047312970708018834,0.050328044687843666,0.056169017113279554,0.055457565451797565,0.06202187649905681,0.0429104642451648,0.07573480606079101,0.06219685338437557,0.10152755081653594,0.0635763794183731,0.19943373799324035
2024-05-21,0.08258736226707697,0.10267551019787788,0.047351368933829005,0.050789582953012766,0.05628169501433149,0.05632130121666705,0.06316480413079262,0.042927147403997876,0.07506625205278397,0.06021265126764774,0.09945496506989002,0.0638684682548046,0.19929889738559722
2024-05-22,0.08378167096525431,0.10284705013036728,0.047077192585660656,0.05113504032466576,0.05625209325226024,0.05736749073403189,0.06461031325161457,0.043201892304955435,0.07404742836952209,0.059060110710561275,0.09715666584670543,0.06424223855137826,0.19922083914279937
2024-05-23,0.08452631179243326,0.10314095988869668,0.04659587354193384,0.05145321492351922,0.055774616810958834,0.05803838415304199,0.06571222431957721,0.04302091421056957,0.07316269874572753,0.05937301702797413,0.09476508349180221,0.06437328457832336,0.20006340444087983
2024-05-24,0.08521397206932306,0.10244097039103509,0.04613729828966875,0.050841219208036394,0.05470888799754903,0.05799066105828388,0.06602750942111016,0.04296026080169213,0.07264713868498802,0.058825325593352316,0.09129408597946168,0.06553076729178428,0.20538190007209778
2024-05-28,0.08671647999435664,0.10355345606803894,0.046671291073520395,0.05100303262399031,0.05448004616191611,0.05852750475751236,0.06752412281930446,0.04290281995021132,0.07206627056002617,0.058961686491966245,0.08908088095486164,0.06717430725693703,0.20133808255195618
2024-05-29,0.08825847059488297,0.1045447088778019,0.04625188816540522,0.050553614954923276,0.054179932817351076,0.05890802205976797,0.06911974847316742,0.04369088237527876,0.07308844923973083,0.05802468955516815,0.08609680645167828,0.066925997287035,0.20035678148269653
2024-05-30,0.08834150731563568,0.1041293866932392,0.04564555661809937,0.05079404272363845,0.05290361845400184,0.05845947536436143,0.06942445747554302,0.043941845602273585,0.07293895184993744,0.05615240968763828,0.08235747963190079,0.0654638521373272,0.20944738984107972
2024-05-31,0.08965222910046577,0.10525598004460335,0.046585245885928474,0.0520626721907755,0.053030122246127576,0.05911855503654806,0.07088892757892609,0.04519281298537407,0.07327056229114533,0.05535868406295776,0.08148407191038132,0.06579876318573952,0.20230136513710023
2024-06-03,0.09113657865673304,0.10549081191420555,0.04716846183292578,0.05255462752498001,0.05253532140050084,0.059235651038761716,0.07118049971759319,0.04590026687162663,0.07282119169831276,0.0545396126806736,0.08079626634716988,0.06582171320915223,0.20081898272037507
2024-06-04,0.09184365645051003,0.1061945267021656,0.046568762601275716,0.05261124414030647,0.05303132840199396,0.05939856247860007,0.07086599096655846,0.04650057128217213,0.07247905135154724,0.05434669777750969,0.08071257174015045,0.06511356458067893,0.20033345818519593
2024-06-05,0.09196659177541733,0.1063329204916954,0.04584306750696978,0.05233336599979417,0.052593450783751904,0.06009544174739858,0.07114617079496384,0.047318731021005075,0.07202432453632354,0.05451971217989922,0.08024023026227951,0.06554406881332397,0.20004190802574157
2024-06-06,0.09135600216686726,0.10569816678762436,0.04573144171629977,0.05225698890222432,0.05268043108517304,0.06085127914993791,0.07202152460813523,0.047476271059861117,0.07136173322796821,0.05464168265461922,0.07954447418451309,0.06514522656798363,0.20123478174209594
2024-06-07,0.09150431230664254,0.10550678074359894,0.04483730756989068,0.05271096918323561,0.05258424632484093,0.06236558492091717,0.07338882833719254,0.047851184674232175,0.07107406109571457,0.05473984032869339,0.07861423008143902,0.06562983170151711,0.19919284284114838
2024-06-10,0.08852796051651239,0.10183591097593307,0.04216121629370626,0.050441754160084076,0.049292545299977064,0.061253184745146426,0.07208163887262345,0.0471786873344854,0.06848215609788895,0.05245240554213524,0.07432771101593971,0.062274621427059175,0.22969020903110504
2024-06-11,0.09257937818765641,0.10610880702733994,0.042693251879999575,0.05168708442546368,0.050110253866296264,0.06345066875510383,0.07442934736609459,0.049108174844354834,0.07040262818336487,0.05449398010969162,0.07510881945490837,0.06333021372556687,0.2064974009990692
2024-06-12,0.0954088980332017,0.10936267524957657,0.042076494485998775,0.05304017129818348,0.05001226344611496,0.06391819271375425,0.07470046803355217,0.04975583441763547,0.07154304161667824,0.05442894324660301,0.07401073649525643,0.06278692334890365,0.19895537495613097
2024-06-13,0.09760597087442875,0.11141664385795594,0.04176566699836801,0.054487729419545695,0.05034573646262288,0.06305333834025077,0.07361535876989364,0.04916263192708357,0.0721387043595314,0.05359620973467827,0.07323213517665864,0.06260626316070557,0.1969735860824585
2024-06-14,0.09882957618683577,0.1131218746304512,0.04085877441015562,0.05571569675566455,0.04949899492785335,0.06275810929801082,0.07218575030565262,0.04900893928963797,0.07247524335980415,0.05319181010127068,0.0722264751791954,0.06233059465885162,0.19779815673828124
2024-06-17,0.09901694115251303,0.1142488844692707,0.040585526670259144,0.05661655625342306,0.04873283751076087,0.06280463589355349,0.0715541459619999,0.04858288021227963,0.07337564751505851,0.052482323721051216,0.07083884254097939,0.0615633487701416,0.19959742724895477
2024-06-18,0.10008324515074492,0.11619940623641015,0.04096648035613946,0.05737100233701646,0.04834622213384136,0.06322154099761974,0.07147375270724296,0.048469686347061725,0.07350341007113456,0.05089190267026424,0.06978875026106834,0.06046006977558136,0.1992245227098465
2024-06-20,0.10098124239593745,0.11686091795563698,0.04070985870929196,0.057706723413916625,0.04832923244684935,0.06392496069602202,0.07200017049908639,0.04840018046153318,0.07304429858922959,0.04967865608632564,0.06907096952199936,0.06013901978731155,0.19915376901626586
2024-06-21,0.1017471969127655,0.11815674751996993,0.04030620577706916,0.05747171301609466,0.04824469233863056,0.06477703079290223,0.07204518541693687,0.0482262196585566,0.07249794378876687,0.0487748920917511,0.06859836280345917,0.0598056860268116,0.19934811890125276
2024-06-24,0.10214763386175037,0.11866898164153099,0.03996834242205658,0.0571549009771406,0.047888283978682014,0.06528181912872241,0.07170872539281845,0.04779771872591709,0.07206061407923699,0.050135718658566475,0.06792748346924782,0.059824754297733304,0.19943503439426422
2024-06-25,0.10192154338583351,0.11850684285163879,0.03974517502887931,0.05670303456418289,0.04763476711232215,0.06594230713526486,0.07151246666908265,0.04722494930924768,0.07165246307849885,0.05129545852541924,0.06796777322888374,0.06056167334318161,0.19933153092861175
2024-06-26,0.10184497246518731,0.11965860277414322,0.0390966778104314,0.05572399104822079,0.04733097376301885,0.0668894399277633,0.07165378704667091,0.0466309244056788,0.07148200049996375,0.051512596756219865,0.0675916887819767,0.06145768389105797,0.19912664890289306
2024-06-27,0.10198845025151967,0.11936772614717484,0.038361384619529024,0.05446756968897191,0.04689244298497215,0.06755468645715154,0.07258673012256622,0.047037205676303984,0.07166978716850281,0.05154267624020577,0.0669282168149948,0.06201282069087029,0.19959034621715546
2024-06-28,0.1023079858161509,0.11869089230895043,0.038239542673961145,0.05360571958441831,0.046790739928837866,0.06812171149358619,0.07362915128469467,0.046980138229446314,0.07177434340119362,0.05135974697768688,0.06612386777997017,0.06309330314397812,0.19928284883499145
2024-07-01,0.10296055534854531,0.11788587793707847,0.038208496855109964,0.05233648713107701,0.04685937073081732,0.0682122090656776,0.07473205104470253,0.04770788736110489,0.07201136648654938,0.0500092875212431,0.06527202129364014,0.06414532735943794,0.19965905249118804
2024-07-02,0.10427517164498568,0.11918107941746711,0.03769700911831482,0.0509286947850649,0.047094525361899287,0.0680265918112127,0.07511668205261231,0.0479932197372591,0.0717780627310276,0.048653272166848185,0.06515881717205048,0.06425863429903984,0.1998382717370987
2024-07-03,0.1058848325163126,0.12036527469754219,0.03731026309120829,0.04958843533796511,0.04757686669472605,0.06739846544514876,0.07479261532425881,0.048537979576099136,0.07140287831425667,0.047047315537929534,0.06556171178817749,0.06487457007169724,0.19965879619121552
2024-07-05,0.10763327768072486,0.12134757563471794,0.03675477428638239,0.048836032486721415,0.048823451087810096,0.06604465396958403,0.07328222095966339,0.04849759192546799,0.07120308950543404,0.046144599467515944,0.06722702458500862,0.06501340568065643,0.1991923213005066
2024-07-08,0.10905902246013284,0.12219611778855324,0.035934001931797785,0.04809729877264708,0.049876374239102,0.06462095612077974,0.07136274576187134,0.04837691152054049,0.07105871737003326,0.04542440660297871,0.0692484125494957,0.06535976678133011,0.19938530325889586
2024-07-09,0.10997433857992292,0.12268559411168098,0.03576439296888836,0.04716509989949582,0.050630645838100466,0.06360074687399901,0.06938308700919152,0.04818431525421829,0.0708805076777935,0.045876385271549226,0.0705765202641487,0.06559191569685936,0.19968644380569459
2024-07-10,0.11031644782051445,0.12292897626757622,0.03530920387134984,0.04659547935932622,0.0515177039662376,0.0634590304660378,0.06800534725189208,0.048187716140319026,0.07043743878602982,0.04670514687895775,0.07138313725590706,0.06571115627884865,0.1994432330131531
2024-07-11,0.11007161373272538,0.12290234714746476,0.03529069271907197,0.046350953052041,0.05222483692923561,0.06363776232756209,0.0671293742954731,0.04799752730316413,0.06980629339814186,0.04726295545697212,0.07184120193123818,0.06615066006779671,0.1993337631225586
2024-07-12,0.1096546140499413,0.12222153767943382,0.03597605746670727,0.045459479371944056,0.05320742735639215,0.06371089126187143,0.06655731946229934,0.047692228217556476,0.06913927048444748,0.04737946316599846,0.0725450299680233,0.06668267473578453,0.19977400302886963
2024-07-15,0.10931890448555351,0.12405212819576264,0.036423822264869975,0.045016916757070646,0.0541556864278391,0.06385127684479812,0.06586006879806519,0.047267034922106176,0.06846093088388443,0.04697859957814217,0.07248468026518821,0.0669381707906723,0.19919176697731017
2024-07-16,0.10870196502655745,0.12406955286860466,0.037527862861255555,0.04482375929102282,0.05462562210159376,0.06353604211908533,0.06537736877799034,0.04747905057989783,0.06802893057465553,0.04665279276669025,0.07220116928219796,0.06780659779906273,0.19916927218437194
2024-07-17,0.10829190174117684,0.12150245904922485,0.03856341997094361,0.04497035780352636,0.05585983684286475,0.06302371226774994,0.06469764858484268,0.047382707245901656,0.06808958128094673,0.0464053176343441,0.07219555974006653,0.06906416639685631,0.19995329082012175
2024-07-18,0.10719655631110073,0.12003210335969924,0.03890540494898094,0.04476820832840715,0.05609631552360952,0.06351136639132164,0.06406620517373085,0.047326482111179756,0.0682597205042839,0.04607137590646744,0.0721624318510294,0.07058498710393905,0.20101882815361022
2024-07-19,0.10523160509765148,0.11952759027481079,0.039756682412802745,0.04469685551507592,0.05590690167155117,0.06337294294062304,0.0630768820643425,0.04722326847944487,0.06875961795449256,0.04573391899466515,0.07124809958040715,0.07148686125874519,0.20397875010967254
2024-07-22,0.10266083413735032,0.1176923431456089,0.04108914763362374,0.04450009403202611,0.05550698614679277,0.0630708409822546,0.062106740474700925,0.04671309079902812,0.06969362795352936,0.04704149961471558,0.07095575444400311,0.0730479434132576,0.20592109262943267
2024-07-23,0.1002279844135046,0.11637828126549721,0.04276163937111797,0.0448353216472233,0.05612212789710611,0.062467850104440004,0.061030732840299605,0.045699604305525554,0.07114191874861717,0.04881988950073719,0.07167348563671112,0.07530354335904121,0.20353763103485106
2024-07-24,0.09728620480746031,0.11399832293391228,0.04470208592004852,0.045304728336784096,0.05633180068107322,0.06269788810750469,0.0604659803211689,0.04484233574580685,0.07305883094668389,0.05045644454658031,0.07223837487399579,0.07754692733287812,0.2010701060295105
2024-07-25,0.08685682732611895,0.10232106894254685,0.04179436173068076,0.0414751286392514,0.05046492494875565,0.056497705256333575,0.05437410362064839,0.041122599268931026,0.06803541667759419,0.04572906605899334,0.06513219512999058,0.0715119868516922,0.27468463182449343
2024-07-26,0.09035490108653903,0.10841483920812607,0.04666797635884308,0.04401979197257475,0.052955882681999356,0.059924816773855125,0.05732854977250099,0.04424884741830511,0.07364718690514564,0.04939233176410198,0.06836611181497573,0.07686294391751289,0.22781582176685333
2024-07-29,0.08580469246953726,0.10565883740782737,0.046995125511862315,0.04353000396929367,0.052123563934583214,0.05878583693411201,0.05566115491092205,0.04309807296449435,0.07377747036516666,0.049835897982120514,0.06694805026054382,0.07662857919931412,0.24115272760391235
2024-07-30,0.08483646074309945,0.10737015902996064,0.048965806546456034,0.04529926916849529,0.05398220717906952,0.062291717223706654,0.05819780118763447,0.04478928748153521,0.07787678316235543,0.05231397859752178,0.06944514513015747,0.08073878809809684,0.2138925850391388
2024-07-31,0.08187648942694067,0.10858405902981758,0.050068316666914824,0.045908553805974785,0.05405929093249142,0.06505550704605412,0.06017397493124008,0.04524405676362449,0.0794360838830471,0.05341261141002178,0.06949923783540726,0.08310387507081032,0.20357794761657716
2024-08-01,0.07217132197692991,0.10001454427838326,0.04593744342064312,0.04250533909086478,0.049527251766994594,0.06074022687680554,0.056806767359375954,0.0410542875012311,0.07414312735199928,0.049296705052256584,0.06290511228144169,0.07682757079601288,0.2680702805519104
2024-08-02,0.05973661243915558,0.08269167244434357,0.03791132540578453,0.037530608847958294,0.0406834943278227,0.05203830499376636,0.048866596445441245,0.03405845629907844,0.06166771650314331,0.04066296257078648,0.0508686251938343,0.06522910073399543,0.38805453181266786
2024-08-05,0.05571248047053814,0.0769464198499918,0.03524967929082088,0.036754113709107375,0.03744755652733147,0.04829077037866227,0.046269412338733676,0.03171658522857115,0.057851051166653636,0.03772711791098118,0.04729299619793892,0.062118712812662125,0.4266230881214142
2024-08-06,0.05096045713871718,0.0711420863866806,0.03322436726665483,0.0359664254381288,0.03540400250931271,0.04568044088955503,0.04373368360102177,0.02989201432787354,0.055209286883473395,0.03560186289250851,0.04363316036760807,0.059339267760515214,0.46021297574043274
2024-08-07,0.048833844251930714,0.06967599391937256,0.03356256083036957,0.03574887733482122,0.03407637029304169,0.04597446735133417,0.04401626996695995,0.02970839045484013,0.05556950531899929,0.03479700274765492,0.042355839535593985,0.06007946878671646,0.46560139656066896
2024-08-08,0.04744406510144472,0.06829375699162483,0.033140932479227204,0.03618740825462972,0.03342274739407003,0.04698238770652097,0.0454359270632267,0.02998923530113302,0.05698568969964981,0.03462870568037033,0.042178912088274956,0.06071228981018066,0.4645979404449463
2024-08-09,0.04616990592330694,0.06815216802060604,0.03373168343311441,0.03618032612466262,0.032445128413382915,0.04713497458433267,0.04550350047647953,0.029793480254397764,0.05858544483780861,0.03444366231560707,0.041999205201864245,0.06150200143456459,0.46435852646827697
2024-08-12,0.04474506638944149,0.06730203405022621,0.03345417670277957,0.0361567190016304,0.03143953984836116,0.047353665105765684,0.045616112649440765,0.02979808032459914,0.06085134111344814,0.034604011848568914,0.04255986884236336,0.06225476264953613,0.4638646125793457
2024-08-13,0.04343924690037966,0.06635812781751156,0.03306711996728904,0.035985107222150245,0.030923192505724728,0.047791148856049404,0.04540555477142334,0.029818653343846792,0.06340119801461697,0.03522217683494091,0.043470019847154616,0.06281961277127265,0.462298846244812
2024-08-14,0.04231506027281284,0.06591516882181167,0.03308875418771642,0.035848932464189964,0.0305362761602737,0.047940936137456445,0.04517266228795051,0.029660404702440246,0.06431503258645535,0.035362758487462995,0.04414664842188358,0.06318887397646904,0.46250849962234497
2024-08-15,0.041620724648237226,0.0650309419259429,0.03250279417810749,0.03581061512965409,0.03024606906110421,0.04904037409869488,0.045902761071920394,0.02997747194737599,0.06530874408781528,0.03636223375797272,0.04520797356963158,0.06361458376049996,0.4593747198581696
2024-08-16,0.04102998469024897,0.06471219584345818,0.032915861414205064,0.03542508004815925,0.030060226167552172,0.0496311032329686,0.0461267814040184,0.030046273290702176,0.06552057191729546,0.037037888541817665,0.04561094306409359,0.06309236735105514,0.4587907254695892
2024-08-19,0.04184782579541206,0.06539789382368326,0.03373906940111162,0.03620392616348376,0.031002031138632445,0.052150087535846976,0.048502595350146296,0.03115945120328547,0.06829369887709617,0.03876820504665375,0.04748243503272533,0.06449036374688148,0.4409623920917511
2024-08-20,0.04504721723496914,0.07028176076710224,0.03671403808742646,0.038872951161130584,0.03334708723705262,0.057101584802148865,0.05317031517624855,0.03374221104086814,0.07396783195436,0.04181045666337013,0.05135286934673786,0.06988280937075615,0.3947088778018951
2024-08-21,0.052934744581580165,0.0831832118332386,0.04357188517832444,0.045701227104373035,0.03957364440429956,0.06905154503183439,0.06496837288141251,0.04089933452512469,0.08808622546494008,0.05053515657782555,0.061057263240218165,0.0832284338772297,0.2772089421749115
2024-08-22,0.05715200863778591,0.08996126987040043,0.047954781879758636,0.04940510363679405,0.04312460777582601,0.07564927713829092,0.07181876003742219,0.04445271172187404,0.09509659707546234,0.05538039803504944,0.0657493568956852,0.09058064818382264,0.21367449164390565
2024-08-23,0.057632648199796674,0.0917227704077959,0.047488623042477585,0.04821184152078182,0.042873565794434396,0.07648713128292002,0.07335526943206787,0.04491666082661823,0.09416290819644928,0.056848089396953586,0.06434930115938187,0.09082684963941574,0.21112439036369324
2024-08-26,0.04897414930164814,0.07785967383533716,0.04011371712223166,0.04014051779591021,0.036266388813965024,0.06456233192584478,0.06295890212059022,0.03707333033345321,0.07868659719824792,0.049140898138284685,0.05359574593603611,0.07647126913070679,0.33415648341178894
2024-08-27,0.05260757431387901,0.0846689909696579,0.043676265583533436,0.04284181841570298,0.03909689611755311,0.07026244674343615,0.06916537582874298,0.040358910989004924,0.08497799895703792,0.054169857501983644,0.05716179758310318,0.08272599130868911,0.27828606963157654
2024-08-28,0.056097260862588885,0.09069912396371364,0.04673238443176793,0.045768797824205266,0.041933353152126075,0.07538207735633477,0.07475473955273629,0.043265392985676956,0.09101054891943931,0.058865636587142944,0.0607083722949028,0.08908293470740318,0.22569936215877534
2024-08-29,0.05644365958869457,0.09216840006411076,0.047311666179005486,0.04567326628200483,0.04197031897492707,0.07626171725569293,0.07621695324778557,0.043748725545401615,0.09165710881352425,0.060209644585847856,0.062054885923862456,0.09029132649302482,0.21599231660366058
2024-08-30,0.057225330546498296,0.09317631013691426,0.04887370414190926,0.04626563365480685,0.04258229937404394,0.07694429580587894,0.07750273048877716,0.044144460214386075,0.09295575618743897,0.06208744049072266,0.0637817069888115,0.09140967726707458,0.20305064916610718
2024-09-03,0.05792512595653534,0.09364409260451793,0.04974858686419079,0.046197260911457684,0.04275808841921389,0.07568406020291149,0.07760567218065262,0.04369987521773737,0.0931069366633892,0.06285208240151405,0.0646353766322136,0.09213390871882439,0.2000089168548584
2024-09-04,0.05720963180065155,0.09168487973511219,0.04885839819064817,0.046020917745240905,0.04224204854108393,0.07174096935195848,0.07469538673758506,0.04207039180693073,0.09127226546406746,0.06109156087040901,0.0636494193226099,0.08974398374557495,0.21972017586231232
2024-09-05,0.059182926267385486,0.09428314790129662,0.050677002566706084,0.04706716364181709,0.04389398123603314,0.07123588990652933,0.07516122087836266,0.042404890025648,0.09283640831708909,0.06193120926618576,0.06501536630094051,0.09157397001981735,0.20473681390285492
2024-09-06,0.05969784632325172,0.09447741620242596,0.050695770699226726,0.047488168969458934,0.04480423922650516,0.07120046941563488,0.07574804052710533,0.042726299961566384,0.09258899502456189,0.0625139407813549,0.06521682664752007,0.0918004870414734,0.20104148387908935
2024-09-09,0.05855206102132797,0.09254971612244844,0.04862713563933348,0.047956753548845654,0.04398987253662199,0.07057752899127082,0.07498100474476814,0.04191935333089987,0.08843213692307472,0.06070910692214966,0.0626515083014965,0.08907463550567626,0.21997920870780946
2024-09-10,0.05865020342171192,0.09479262921959161,0.04772349976749588,0.04976858822262038,0.04464894467964768,0.07216306638438255,0.07722899466753005,0.04234171771538513,0.08723062574863434,0.06088564768433571,0.06173614785075188,0.08936265483498573,0.2134672671556473
2024-09-11,0.05837877169251442,0.0961768414825201,0.04662534468995947,0.050754424267448604,0.04497079106513411,0.07413322641514242,0.08040767982602119,0.043363348853381466,0.08716915808618068,0.061795004457235334,0.062010197713971135,0.09082687869668007,0.20338830053806306
2024-09-12,0.05740884020924568,0.0961983148008585,0.045386456763847075,0.05152726408603634,0.044996265484951434,0.07535861330106855,0.08229626789689064,0.043920465970211355,0.08659757114946842,0.06207733079791069,0.06217404622584581,0.09084727391600608,0.20121126174926757
2024-09-13,0.05683428756892681,0.09511900562793016,0.044969357099411765,0.05206486775451413,0.04489888686221093,0.07607759352540597,0.08335660398006439,0.04397531113899049,0.08618556074798107,0.06208792999386788,0.06082658562809229,0.09189046770334244,0.20171354711055756
2024-09-16,0.05689773112535477,0.09401029963046312,0.0452228222063761,0.05235467072279167,0.04482987597584724,0.0769537385320291,0.08447458446025849,0.04419028359361619,0.08552583307027817,0.062236198037862775,0.05916269645094872,0.09324952661991119,0.20089174807071686
2024-09-17,0.05711758024990558,0.09263418186455966,0.04515993558469038,0.05277829473565099,0.04476750083267689,0.07803716550115496,0.08561606481671333,0.0445435458590282,0.08480118289589882,0.0626131571829319,0.05814911089837551,0.0943729966878891,0.1994093030691147
2024-09-18,0.05733513347804546,0.09183134846389293,0.04582719076081539,0.05272516743014677,0.044437842816114424,0.0787086101481691,0.08568860068917275,0.04498789815369264,0.08415033891797066,0.06327471807599068,0.05718125347048044,0.09480469450354576,0.1990472048521042
2024-09-19,0.057721974700689314,0.09017273001372814,0.04660793942736348,0.05230527829369471,0.04363509127870202,0.07875502367969603,0.08550997450947762,0.04553268516884827,0.08416135087609292,0.06397083997726441,0.05611960217356682,0.09578670784831048,0.1997208058834076
2024-09-20,0.05698840133845806,0.08830299656838178,0.0468490799412443,0.05117642184934965,0.04251458686776459,0.07740187249146402,0.08365440815687179,0.04497266957667989,0.08344452790915965,0.06343437358736992,0.05464032590389252,0.09504026547074318,0.21158010363578797
2024-09-23,0.05778660103678703,0.0880658870562911,0.047467242243850016,0.052296320523491605,0.04237656306941062,0.07854166754987091,0.08421040475368499,0.04608395069353719,0.08557486757636071,0.06455109864473343,0.05466110967099667,0.09673916548490524,0.2016451209783554
2024-09-24,0.05852669887244701,0.08787714019417762,0.04745918269264475,0.05284893220649032,0.04215949082281441,0.07839420491363853,0.08329570963978768,0.04604290838317411,0.08653644658625126,0.06501855924725533,0.05440608784556389,0.09802023097872734,0.19941442906856538
2024-09-25,0.05940847210586071,0.0876604413613677,0.04710994132324995,0.052902277178404414,0.04142380482517183,0.07816703566350043,0.08219873160123825,0.04601630392692187,0.08710499815642833,0.06548181399703026,0.05419944189488888,0.09827200025320053,0.20005472302436828
2024-09-26,0.06036802269518375,0.08782587461173534,0.04647574963220791,0.052505585152105995,0.03984273502137512,0.07802958281245083,0.08145102113485336,0.047428268087037394,0.08749759085476398,0.06568631753325463,0.053941620886325835,0.09797357469797134,0.20097405910491944
2024-09-27,0.06141690611839294,0.0882557077333331,0.046095334553554856,0.05242895062521509,0.03887399211525917,0.07777759972959757,0.08112935423851013,0.04825211220156689,0.08766773827373982,0.06658589392900467,0.05418525040149689,0.09722007438540459,0.20011110305786134
2024-09-30,0.06221085898578167,0.08754622582346201,0.045967793033815416,0.05201509843484775,0.03711286087054759,0.07783905016258359,0.08143096342682839,0.049082740115227355,0.08778743520379066,0.06786376982927322,0.054725033417344096,0.0972554937005043,0.19916269183158875
2024-10-01,0.06315028108656406,0.08746773973107339,0.045706245744838905,0.051575194539887195,0.03604202978312969,0.07777730841189623,0.08119233176112176,0.049303540934283775,0.08764978647232055,0.0689603678882122,0.054639875516295434,0.09735290631651879,0.19918237626552582
2024-10-02,0.06436344459652901,0.08810868300497532,0.04481277301514304,0.05098884966288893,0.0355030472856015,0.07779698073863983,0.08173778429627418,0.04972044608296074,0.08736543096601963,0.0700809270143509,0.054394328594207765,0.0956986390054226,0.19942867755889893
2024-10-03,0.06593351326882839,0.08905175104737281,0.044290827003081644,0.05052857928666672,0.034981428738683464,0.07753193024545908,0.08157966956496239,0.05015482250614696,0.08738386407494544,0.07070690020918846,0.054637660831213,0.09417973682284356,0.19903936088085175
2024-10-04,0.06711250096559525,0.08851476162672042,0.043549430378909196,0.05019971017703693,0.0343096237629652,0.07676808484829963,0.08083190470933914,0.05237268490257065,0.08760138116776943,0.07089807018637657,0.055399153381586075,0.09267105087637902,0.19977163076400756
2024-10-07,0.06913195066154003,0.08883972819894552,0.0438771565417511,0.049814341519909,0.034179918095469476,0.07564669302664698,0.07985902950167656,0.05367598334526065,0.0871060036122799,0.071049764752388,0.05655778124928475,0.09061525762081146,0.19964641630649566
2024-10-08,0.07119386531412601,0.08929427266120911,0.04340529049635507,0.04883613612874118,0.03423341647721827,0.07405941891483962,0.07819914743304253,0.05471753853280461,0.08759373985230923,0.07134419456124305,0.058430320024490355,0.08853565081954003,0.20015700459480285
2024-10-09,0.07364368066191673,0.09088067580014467,0.04321668208836087,0.04763147030713366,0.03476638104766607,0.07196501805447042,0.07622827664017677,0.05478291018891923,0.08778519779443741,0.07171425372362136,0.060678715258836745,0.08666453659534454,0.2000422179698944
2024-10-10,0.07606550715863705,0.09236730746924877,0.043516690930633393,0.046872734866095736,0.03546188557520509,0.06994979297742247,0.07410970963537693,0.05410805778576559,0.08737679980695248,0.07210191115736961,0.0633546382188797,0.08497168645262718,0.19974326491355895
2024-10-11,0.07854019477963448,0.0931668421253562,0.04336300966325801,0.04630523221791858,0.035976916272193196,0.0680333747062832,0.0723332766443491,0.053314644903207406,0.0871273372322321,0.07297664284706115,0.0657687470316887,0.0835469201207161,0.19954681992530823
2024-10-14,0.08105319626629352,0.09330469481647015,0.0444719832028154,0.04609896223605574,0.036411991668865086,0.06585999270901084,0.07078563831746579,0.05228648896193135,0.08670577257871628,0.07361213117837906,0.06718100309371948,0.08297042846679688,0.19925772547721862
2024-10-15,0.08325847461819649,0.09462138134986162,0.04542127386093089,0.04588737024340581,0.03652308876626194,0.0638586100190878,0.06972898319363594,0.051240895211594764,0.08595265671610833,0.07392770424485207,0.06846355125308037,0.08205827176570893,0.19905774295330048
2024-10-16,0.0843290563672781,0.09501147754490376,0.046061855602462565,0.04739816379213409,0.037322787847369907,0.06142890150658786,0.06855739764869213,0.05002045488149633,0.08430424518883228,0.07495242655277252,0.06947246715426444,0.0812059536576271,0.19993482530117035
2024-10-17,0.08548044972121716,0.09474280681461096,0.04741662964142872,0.04890353897590884,0.03827299550175667,0.05915763862431049,0.0675571471452713,0.04901043337169995,0.08274038471281528,0.07638644874095916,0.07057752683758736,0.08054468780755997,0.19920926988124849
2024-10-18,0.08645845130085945,0.0936786388978362,0.048114181515224355,0.04893562571494563,0.0378019898198545,0.058329149475321175,0.06829371340572835,0.05106349612101439,0.08135454170405865,0.07719373255968094,0.07037553936243057,0.07913920432329177,0.19926174283027648
2024-10-21,0.08776699341833591,0.09305947963148356,0.04821156834778897,0.048856074051013644,0.037540098372846845,0.05728856511414051,0.06898625828325748,0.05249858117381336,0.08039770014584065,0.07820037230849267,0.06904581859707833,0.07915055006742477,0.19899793863296508
2024-10-22,0.08793076872825623,0.09177915267646312,0.04738496024364665,0.04876177673305282,0.03628309303894639,0.05729778427630663,0.06964540220797062,0.05434819872905337,0.08054931573569775,0.07803229950368404,0.06769020780920983,0.07975429743528366,0.20054275989532472
2024-10-23,0.08935934007167816,0.09115312788635492,0.04620909952794925,0.048541034053195986,0.035473321285098794,0.05678354455158115,0.06996285542845726,0.055812534459096244,0.08078937269747258,0.07889550402760506,0.06686250269412994,0.08048565834760665,0.1996720999479294
2024-10-24,0.09086254686117172,0.093313430249691,0.044969859478289284,0.04841775676800068,0.03484984124079347,0.055610987404361364,0.06886041983962059,0.055774712197353436,0.08094803839921952,0.07967622876167298,0.06565306708216667,0.08034673780202865,0.20071638822555543
2024-10-25,0.09220074582844973,0.09610306620597839,0.04386398475464226,0.048642548326056634,0.034448320791125295,0.054181631002575156,0.06779248416423797,0.055548523368167936,0.08063931912183761,0.08135042823851109,0.06550636738538743,0.07969507798552514,0.20002751648426056
2024-10-28,0.09287129137665033,0.09804095216095447,0.04264315400259324,0.0484783313367636,0.03430419182404876,0.0528459454420954,0.0665336575359106,0.05525445686716921,0.07999846376478673,0.08278830721974373,0.06689519286155701,0.0793544240295887,0.19999161660671233
2024-10-29,0.093075817450881,0.09786854423582554,0.04318340798287057,0.048461157254232036,0.034614956472069025,0.05178969209082425,0.06526253316551447,0.05435931396275464,0.07899991124868393,0.08433376140892505,0.0687878593802452,0.07940323874354363,0.19985978305339813
2024-10-30,0.09354613181203604,0.0989106461405754,0.04279386654153239,0.04802445375347748,0.03475955571047962,0.050543973408639434,0.06419768147170543,0.0534787071142091,0.07800901420414448,0.08607096336781979,0.07105589881539345,0.07888496071100234,0.19972412586212157
2024-10-31,0.09395890161395073,0.09937355890870095,0.04289728492559473,0.047918924104242144,0.034666377725079654,0.04931848081760108,0.06338976789265871,0.05232132543681019,0.07707008346915245,0.08819647952914238,0.07235773354768753,0.07882059514522552,0.19971049726009368
2024-11-01,0.09446717761456966,0.10127163007855415,0.04304379501666631,0.04713180596316739,0.03434505211189389,0.04775400182697922,0.06212002951651811,0.05040815343415943,0.07628742940723895,0.0895128533244133,0.07222881838679314,0.07971927598118782,0.20170997679233552
2024-11-04,0.09545054268091917,0.1045178972184658,0.0438271426776037,0.04589392238287804,0.03387327715754509,0.04755465239286423,0.06229601595550775,0.050212368906147734,0.07540827766060829,0.0898637555539608,0.07098814323544503,0.07944930717349052,0.20066466331481933
2024-11-05,0.09492884706705809,0.10425485260784625,0.04425354028026014,0.044968453515532046,0.033904232829809186,0.04740038993768394,0.06243559047579765,0.05019328485774395,0.07547818906605244,0.0907836202532053,0.07081902213394642,0.08013254404067993,0.20044745802879332
2024-11-06,0.09337368160486222,0.10384815819561481,0.045119093125750534,0.04473633861667263,0.034392293775454164,0.047145256167277695,0.06195029579102993,0.04980796440286213,0.0757798545062542,0.0917360533028841,0.07061058394610882,0.08020488768815995,0.20129555463790894
2024-11-07,0.09008132927119732,0.10252411402761936,0.046747452534286006,0.045056586719590896,0.034021374629810454,0.04838901893235743,0.06319140121340752,0.050773889826871255,0.07662282027304172,0.09071604758501053,0.06977955773472785,0.08128300458192825,0.20081337094306945
2024-11-08,0.08908747155219317,0.10065081045031547,0.04538908121472858,0.04605168338881018,0.03486467748880386,0.04821973689831793,0.06477181799709797,0.05024434792001102,0.07875951621681451,0.0910786971449852,0.06894694305956364,0.08344284743070603,0.19849238097667693
2024-11-11,0.08910050094127656,0.09986482374370098,0.046528248120525716,0.04732456845363213,0.03550332160666585,0.04834892014041543,0.06468690782785416,0.05005419926578725,0.08100581429898739,0.0885299265384674,0.06873420514166355,0.08411373496055603,0.19620485603809357
2024-11-12,0.08993797115981579,0.09963303133845329,0.04818436285446683,0.04848930660623925,0.035933261876925825,0.04790393649600446,0.06332361251115799,0.04939938186446398,0.08343504033982754,0.08888674899935722,0.06813698336482048,0.08285506293177605,0.1938813030719757
2024-11-13,0.08803006857633591,0.09688256122171879,0.047360811247570925,0.04866670007511349,0.03489522635936737,0.046691442653536794,0.061319108679890634,0.04933786127398889,0.08416254110634327,0.08447096347808838,0.06503008306026459,0.07980734780430794,0.2133452594280243
2024-11-14,0.09039632137864828,0.09860393404960632,0.04794537810504007,0.050685184759433885,0.035351494513452056,0.0469012828078121,0.06204269342124462,0.05120570405138096,0.08764867801219225,0.08364177495241165,0.06450038254261017,0.08050176575779915,0.20057542324066163
2024-11-15,0.09240686092525721,0.10014194548130036,0.04804128798381271,0.051839590032216165,0.03568759076297283,0.046130210533738135,0.06253377068787813,0.0521246244445706,0.0902595054358244,0.0816536970436573,0.06364623606204986,0.08027199357748031,0.19526267051696777
2024-11-18,0.09511477295309305,0.10357210300862789,0.04795262542208647,0.05198243326727212,0.03610025206580758,0.04527674526907503,0.061908215284347534,0.05198384323590517,0.09175759702920913,0.07920399904251099,0.06301572322845458,0.0799092099070549,0.192222461104393
2024-11-19,0.09602632112801075,0.1067143626511097,0.04754065871646276,0.05161389386603332,0.036081590596586464,0.0446200140286237,0.060769909620285036,0.05091906531209815,0.09259669687598944,0.07583665028214455,0.06302928626537323,0.0791229985654354,0.19512853920459747
2024-11-20,0.09474038742482663,0.10745034143328666,0.04786100484029561,0.05097094354949085,0.03567657168023288,0.04469545502215624,0.06015457957983017,0.05012743685947498,0.09281701110303402,0.07205990329384804,0.06318939030170441,0.07868111357092858,0.2015758663415909
2024-11-21,0.0939165385439992,0.1074153482913971,0.04832223339604873,0.05137848192721126,0.03613894609734416,0.045115979155525565,0.06014507375657559,0.0497563381977443,0.09385426379740239,0.07035603076219558,0.06430345326662064,0.07885135486721992,0.2004459649324417
2024-11-22,0.0930868700146675,0.10658604986965656,0.04940869526636291,0.05169788876277952,0.03642356009222567,0.045405257819220425,0.05988238602876663,0.0488677095576918,0.09423491414636373,0.06919184550642968,0.06581591516733169,0.07936127260327339,0.20003764033317567
2024-11-25,0.09308828711509705,0.10563530996441842,0.05051262876559352,0.0521234157847605,0.03657720885239542,0.045685418462380764,0.05963142700493336,0.0480707994929503,0.09380643144249916,0.06840667724609376,0.06686302646994591,0.07988595888018608,0.19971342384815216
2024-11-26,0.09512674249708652,0.10521005727350712,0.05177826117460356,0.052801352451616344,0.03746975725516677,0.045246926601976156,0.059921019896864894,0.04771426210476761,0.09499624166637659,0.07065354213118553,0.06800462529063225,0.08145039528608322,0.18962684869766236
2024-11-27,0.0961620058864355,0.10465455241501331,0.05179505910338502,0.052460271381607804,0.03734614783897996,0.044980433862656356,0.058358467742800714,0.04728877439205803,0.09466410912573338,0.07158485576510429,0.06859012171626092,0.08167859464883805,0.19043660461902617
2024-11-29,0.09525225795805455,0.10269638039171695,0.052679079473980296,0.05169164963871893,0.03676605429500342,0.04532998101785779,0.05750618539750576,0.047081911857139856,0.09318638797849417,0.06933828145265579,0.06756176352500916,0.08164644241333008,0.19926362335681916
2024-12-02,0.09695721846073865,0.10300708264112472,0.053158249596218884,0.052031942759435165,0.037425179360434414,0.04582730792462826,0.05780375637114048,0.047173211180739825,0.09364527557045221,0.06764571592211724,0.06657748445868492,0.08213724195957184,0.1966103047132492
2024-12-03,0.09767531026154756,0.1030407890677452,0.0533346907548081,0.05120326228612289,0.037382979923859236,0.04658062313683331,0.05772223547101021,0.04729334329275616,0.09301940817385912,0.06560629829764367,0.06481948494911194,0.083058463037014,0.19926313161849976
2024-12-04,0.09974621757864952,0.10381468273699283,0.05278018675741354,0.05110176309755001,0.03771080751903355,0.047398323146626356,0.057890964671969414,0.04770248771910701,0.09310629796236754,0.06384974271059037,0.06420146822929382,0.08381263315677642,0.19688443839550018
2024-12-05,0.10105922911316156,0.10444875471293927,0.052488970495597795,0.05047468495474679,0.037653948087245225,0.04831989011727274,0.05817590951919556,0.047929247086142365,0.0926190722733736,0.06179384589195251,0.06291224360466004,0.0830694779753685,0.19905472695827484
2024-12-06,0.10196093432605266,0.1050720490515232,0.05093216897266508,0.05051688529557161,0.037908923858776686,0.04989604242146015,0.05881812833249569,0.04827629848948049,0.09197866022586823,0.06071025542914867,0.06230490356683731,0.08263208866119384,0.19899267554283143
2024-12-09,0.10240503381937742,0.10659124031662941,0.04985426953132244,0.05030398500680846,0.03778106737881899,0.05164757762104273,0.05960786491632462,0.04850434986807954,0.09116733875125646,0.05951773189008236,0.06173366010189056,0.08198614493012428,0.19889973998069763
2024-12-10,0.10243029110133647,0.10726615265011788,0.048668044567757106,0.049985468415805735,0.03792180554009974,0.05355614246800542,0.060516104102134705,0.04866284500741358,0.0900048479437828,0.058416740223765376,0.0619306780397892,0.08164704069495202,0.19899384975433348
2024-12-11,0.10166635364294052,0.10729378461837769,0.0474564265653278,0.050261477947340615,0.03788751503452659,0.055346842762082814,0.0612398162484169,0.048683597284446024,0.08899879064410925,0.057427584379911426,0.06196206286549568,0.08244984894990921,0.19932588636875154
2024-12-12,0.10101067461073399,0.10779687426984311,0.04657247392505237,0.050885902101392766,0.03826330746524036,0.05677512623369694,0.061727865040302275,0.04792831630372803,0.08815279174596072,0.056662893295288085,0.06247598454356194,0.0826680064201355,0.19907981753349305
2024-12-13,0.09977837521582841,0.10691762901842594,0.04587437009394506,0.0510526399444096,0.03808491239324212,0.057711784495040774,0.062221766263246533,0.04874315184877105,0.08802979532629251,0.05764326974749565,0.06237548366189003,0.0816401943564415,0.19992661476135254
2024-12-16,0.09891046937555074,0.10754201859235764,0.04497676036390441,0.051116436085972515,0.038081451784819365,0.058055870980024335,0.06219278536736965,0.049362913766969996,0.08808894511312246,0.058586250990629196,0.06296390369534492,0.08025581166148185,0.19986638724803923
2024-12-17,0.09921916294842958,0.10896350219845771,0.04464436706651185,0.05107427287975615,0.038135669520124794,0.05799581399187446,0.061967598646879195,0.04950258794676756,0.08757613711059094,0.059371985495090485,0.06329478845000266,0.078629270195961,0.19962486922740935
2024-12-18,0.09954371992498637,0.11011385843157769,0.04416916350162268,0.05128379793292659,0.03849131651222706,0.05802812180481851,0.06183570511639118,0.04940367170057698,0.08692465107887984,0.05922899097204208,0.06372936367988587,0.0774841271340847,0.19976354539394378
2024-12-19,0.06555692600086331,0.07322635352611542,0.029147228002227087,0.03606055459879602,0.02670881007798016,0.03954340638592839,0.041413862630724906,0.03388663987280438,0.06000346904620528,0.04037205241620541,0.042117755860090256,0.05166800245642662,0.46029493808746336
2024-12-20,0.06354094259440898,0.07215337082743645,0.02898515643935191,0.036191223893314195,0.026243341388180852,0.0398549233097583,0.04105307534337044,0.033957541323729856,0.05971982032060623,0.04011538289487362,0.04157145172357559,0.05043961182236671,0.4661741554737091
2024-12-23,0.06236145095899701,0.07166508063673974,0.028867491424689185,0.03670394441809695,0.026763746328651906,0.04024799070321024,0.04149452485144138,0.03428547344526578,0.05985186509788036,0.039829053729772565,0.04197211377322674,0.05046661347150803,0.46549066305160525
2024-12-24,0.06118588289245963,0.07168799303472043,0.028537663681082036,0.03757795859550299,0.027568475482985376,0.04077703463844955,0.041637095436453816,0.034275979007554726,0.06062539368867874,0.039205966517329216,0.042810697108507156,0.04986870139837265,0.4642411768436432
2024-12-26,0.06016182620078325,0.0717354916036129,0.028472477304858402,0.03811421699056243,0.028381611360237,0.0409160029143095,0.04150405079126358,0.034236708146443105,0.06087536383420229,0.03876861482858658,0.04427335932850838,0.049097880348563196,0.4634624183177948
2024-12-27,0.060801145248115064,0.07230227068066597,0.02886881315948351,0.038793052819344885,0.029610102344304324,0.04178968723863363,0.04169266633689404,0.03463821461040197,0.061550839059054854,0.03942479118704796,0.04638032391667366,0.048837272077798845,0.4553108215332031
2024-12-30,0.06163428630679846,0.07350903153419494,0.028766885077017967,0.03775008848945518,0.02984731229953468,0.041496881656348704,0.04106294214725494,0.03494628053370548,0.06072769872844219,0.03905441798269749,0.04766087532043457,0.04740032181143761,0.4561430037021637
2024-12-31,0.06737320516258478,0.07924417331814766,0.03028007717057495,0.03968193207722379,0.03209386304952204,0.04395435606129468,0.043692732229828835,0.037561561456442405,0.06377191375941038,0.041376400366425516,0.05250477381050587,0.04931599423289299,0.41914900541305544
2025-01-02,0.08026687651872635,0.09578463062644005,0.03658332303425258,0.047039745493330544,0.039085305947810414,0.05223080841824412,0.05182178467512131,0.04501070587913887,0.07472865246236324,0.04983620196580887,0.06618935689330101,0.05842927917838096,0.3029933452606201
2025-01-03,0.08738254420459271,0.10656858831644059,0.04114335247345906,0.05218355117366489,0.04471353492699563,0.058300855848938224,0.057964636385440825,0.050101368228985164,0.08224348798394203,0.05636579543352127,0.07825554683804511,0.0646059051156044,0.2201708436012268
2025-01-06,0.08587270621210337,0.10856829956173897,0.04268175876584568,0.053143893693969345,0.04691674723289907,0.059325854480266574,0.058671440184116366,0.05007015275700155,0.08298974856734276,0.05784845575690269,0.08333649039268494,0.06589705720543862,0.20467739999294282
2025-01-07,0.08288661688566208,0.10856361985206604,0.04292378728216821,0.053443086513556004,0.048074771324172615,0.059359676018357274,0.05838516540825367,0.04933219923723868,0.08289941512048245,0.058631531894207,0.08769736289978028,0.06659460738301277,0.2012081652879715
2025-01-08,0.08265530206263065,0.11049095168709755,0.04242278730649165,0.051844009963467386,0.04747927999123931,0.05884260926395655,0.05786016024649143,0.04866651156431771,0.08194684237241745,0.05863088220357895,0.09100121036171913,0.06600499227643013,0.2021544545888901
2025-01-10,0.08178317807614803,0.11258645430207252,0.04191786873310992,0.05077672160192925,0.047500869585201146,0.05851564621552825,0.05764671415090561,0.048020475906423596,0.08140618018805981,0.05896656662225723,0.0941758967936039,0.06555147990584373,0.2011519581079483
2025-01-13,0.08245660290122032,0.11309560686349869,0.04193771070110834,0.05112586897179679,0.047084016958251595,0.058520757034420966,0.056377796456217766,0.047545884571559324,0.08261026218533515,0.05839897096157074,0.09391596466302872,0.06656421869993209,0.2003663331270218
2025-01-14,0.0818183396011591,0.11260115429759025,0.04250486445228372,0.050570110574334845,0.04635330238379538,0.05852867579087615,0.055106472596526145,0.04657797160612631,0.08233924657106399,0.0580385185778141,0.09543819539248943,0.06830454915761948,0.20181863605976105
2025-01-15,0.07985772266983986,0.11055990308523178,0.043257069228917186,0.0506755136820086,0.04697013222612441,0.05844977730885148,0.05440993793308735,0.045934679995576745,0.08191681988537311,0.05893330052495003,0.09869735762476921,0.06896818578243255,0.20136961340904236
2025-01-16,0.07156682349741458,0.10042639151215553,0.04003749533497558,0.046959587807784864,0.04386296682059765,0.053379259258508685,0.050087333843111995,0.04169637640824249,0.07422559056431055,0.05553527250885963,0.09390309192240238,0.06331265792250633,0.26500716507434846
2025-01-17,0.07270541042089462,0.10415140464901924,0.04261340845683233,0.049977904648452844,0.04692620136775076,0.05618615923449397,0.0529382050037384,0.0442865643409391,0.07768619656562806,0.06057073473930359,0.10227620005607604,0.06741844117641449,0.22226316034793853
2025-01-21,0.07232288718223571,0.1056425467133522,0.043884544034319004,0.05134206272175845,0.0487168581224978,0.05733783487230539,0.05420200861990452,0.045420356758995695,0.07876119092106819,0.06297610476613044,0.10613806955516339,0.06804528534412384,0.20521024167537688
2025-01-22,0.07077923268079758,0.10269120968878269,0.044324267363102264,0.05119692377955989,0.04899507416412234,0.05696676801890135,0.05400252118706703,0.045142105141292174,0.0777076069265604,0.06365184336900712,0.10485754944384099,0.06773464307188988,0.21195025444030763
2025-01-23,0.07145398482680321,0.10357804894447327,0.04463392268579884,0.0511975586279199,0.04963690103031695,0.057730636559426785,0.05447517447173596,0.04589581374737008,0.07811662033200265,0.06523602679371834,0.1055580485612154,0.06974556073546409,0.20274171829223633
2025-01-24,0.0719653632491827,0.10287957340478897,0.04517947878752615,0.0512464286807683,0.04976368183270097,0.05790304858237505,0.0547496784478426,0.04576377016821311,0.07775345593690872,0.0661140352487564,0.1048601072281599,0.07168958634138108,0.20013177394866943
2025-01-27,0.0720894306898117,0.1018738266080618,0.04519081711666732,0.05118622082783801,0.049846421973779795,0.05808967901393771,0.055379714071750644,0.045646682265532944,0.07726647034287452,0.06744578257203102,0.10415422432124614,0.07227862253785133,0.19955210983753205
2025-01-28,0.07355098985135555,0.1025515254586935,0.04476330739054628,0.05001204564551589,0.04956444869749248,0.057812861539423464,0.055656862631440165,0.04558693665552482,0.07670305334031582,0.06872539818286896,0.10184162240475417,0.07230222821235657,0.20092874765396118
2025-01-29,0.07421285845339298,0.10550926625728607,0.044255035020894874,0.04907299715393485,0.0497578333131969,0.05779941016808152,0.055504079163074496,0.04492867849556888,0.07615702338516712,0.0702082097530365,0.10094048511236905,0.0718626469373703,0.19979146718978882
2025-01-30,0.0734519336372614,0.10522736944258212,0.04392233472168154,0.04873035130738348,0.049441532045602796,0.05861604120582342,0.05600760132074356,0.04478489044735738,0.07616023663431407,0.07112307846546173,0.10020054094493389,0.07253991067409515,0.19979413151741027
2025-01-31,0.07249497771263122,0.10369853377342224,0.04402098542450901,0.04889894491169713,0.049107086611911654,0.059624582063406706,0.05705540217459202,0.044694986279563406,0.07618851084262132,0.07189263254404069,0.09873243551701308,0.07357177212834358,0.20001915991306304
2025-02-03,0.07207224816083908,0.10218193158507347,0.043574285627460796,0.04970835821951738,0.04855678393505514,0.06088399020954967,0.058229726180434226,0.045217545613536456,0.07630316298455,0.07276949211955071,0.09719568714499474,0.0732884332537651,0.20001835227012635
2025-02-04,0.07208740301430225,0.10134327337145806,0.04286381397145256,0.050915487538814475,0.047935242485255006,0.061881328001618385,0.05957915782928467,0.04537711747529442,0.07545002792030572,0.07389787808060647,0.09648103136569261,0.0722992978990078,0.19988894164562226
2025-02-05,0.07175712026655674,0.10070336274802685,0.04298559369866091,0.052291518682320515,0.04746620156802237,0.06276920866221189,0.060682883858680724,0.04497842603394133,0.07438983134925366,0.07512895613908768,0.09574612714350224,0.07115565687417984,0.1999451220035553
2025-02-06,0.07140851467847824,0.09907070733606815,0.04334941262879379,0.05332778856065179,0.04670309969224036,0.06358016850426793,0.06146242842078209,0.044842843351563036,0.07376638241112232,0.07697304338216782,0.09474461209028959,0.071368108689785,0.19940286576747895
2025-02-07,0.07120656296610832,0.09828745163977146,0.043129324701504504,0.05404194158933908,0.04631804507225752,0.0647416926920414,0.06239444985985756,0.044742635471686755,0.07289319187402725,0.07839501425623893,0.09372640512883663,0.07132246643304825,0.19880083203315735
2025-02-10,0.07150054574012757,0.09897874146699906,0.04271848728017069,0.05418076364931821,0.045212789345532654,0.06569329109042883,0.0634044099599123,0.04522299948552018,0.07178040761500597,0.07930090352892875,0.09196931943297386,0.0701041005551815,0.19993323385715484
2025-02-11,0.07261620238423347,0.09983949400484562,0.0427829627112196,0.05470044914112222,0.04481390453875065,0.0666567150503397,0.06438562348484993,0.04519030656612699,0.0710206089541316,0.07927655354142189,0.08988869059830903,0.06934056133031845,0.19948793053627015
2025-02-12,0.07351355403661727,0.09910721741616726,0.042609003537563514,0.05528127728878065,0.04456443777307868,0.067630304582417,0.0652663417160511,0.0452182874826633,0.07037727236747741,0.07926077395677567,0.08818489462137222,0.06991685777902604,0.19906978011131288
2025-02-13,0.0741685077548027,0.09815733954310417,0.04230564771868082,0.055060260825732676,0.04442208288237452,0.06810688190162181,0.06627889163792133,0.04613282231892413,0.06993592903017998,0.07974844574928283,0.08604865279048682,0.0699561096727848,0.19967841506004333
2025-02-14,0.0745728526264429,0.09682774730026722,0.0420442109312205,0.05470402071145912,0.044383884174749255,0.06745632030069829,0.06600750461220742,0.04649566649504209,0.06916146650910378,0.08043859899044037,0.08507335353642702,0.07015005424618721,0.20268434584140776
2025-02-18,0.07592260614037513,0.09690054506063461,0.04186839937818689,0.054748005095592765,0.044970840914174914,0.06740247048437595,0.06574639715254307,0.047358905853917575,0.06929483264684677,0.0817291833460331,0.08427728302776813,0.0701042003929615,0.19967633187770845
2025-02-19,0.0773609671741724,0.0961942184716463,0.04181543988442602,0.05456298112481317,0.04530702214688063,0.06717955861240625,0.0656924832612276,0.047824101546370915,0.06913966722786427,0.08223347589373589,0.08309871852397918,0.07013379707932473,0.1994575709104538
2025-02-20,0.0785217348486185,0.09559848569333554,0.04120956519963883,0.0551561190084664,0.04560152343474329,0.06727423090487719,0.06568956598639489,0.04828928791049521,0.06911777853965759,0.08201857060194015,0.08232580907642842,0.06979956030845642,0.1993977516889572
2025-02-21,0.0789379596710205,0.09423491917550564,0.04051083489071026,0.05597833857909187,0.04633755888789892,0.06753339488059282,0.06575942561030387,0.04875915614390465,0.06868453025817871,0.08197206556797028,0.08199881166219711,0.0700969435274601,0.19919607639312745
2025-02-24,0.0796156194061041,0.09540384747087956,0.041127637111769214,0.05529968615759433,0.046391870360821486,0.06742403581738472,0.06557444334030152,0.04856294362623999,0.06770759597420692,0.0815669059753418,0.0810861699283123,0.06947236135601997,0.2007669061422348
2025-02-25,0.07961576879024505,0.09618731997907162,0.04192338589063915,0.05480087726497853,0.046611602418124676,0.0680685855448246,0.06562462039291858,0.04840212196941707,0.06662559807300568,0.08214334771037102,0.08048855401575565,0.06957864314317704,0.1999295562505722
2025-02-26,0.07869879454374314,0.09609683975577354,0.042139736779003914,0.054397108359705904,0.04733857354149222,0.06843910031020642,0.06576751917600632,0.048466741110200925,0.06588347628712654,0.0834363579750061,0.07936775647103786,0.07022858932614326,0.19973938167095184
2025-02-27,0.07652092389762402,0.09594766236841679,0.042250824527137354,0.05390313965058748,0.048313662968575956,0.06988587137311697,0.0665312372148037,0.04895611386925225,0.06521249748766422,0.08529691770672798,0.07782016806304455,0.06991113498806953,0.19944984912872316
2025-02-28,0.07584346048533916,0.09547331482172013,0.04187491411019639,0.05351752557796008,0.048125507729128006,0.07140548769384622,0.06696046888828278,0.04922882693318229,0.06383119039237499,0.08510079383850097,0.07533338740468025,0.0696723535656929,0.20363275706768036
2025-03-03,0.07497824765741826,0.09750860035419465,0.042087493850478455,0.05343785039079378,0.04808334624394774,0.07324294038116932,0.0681851901113987,0.04939535358071225,0.06364817377179861,0.08513203710317611,0.07351128533482551,0.07033846378326417,0.20045100152492523
2025-03-04,0.07476481385529041,0.0978920629248023,0.04270579525656189,0.05305243651967029,0.04773125341162086,0.07508968822658062,0.06964422762393951,0.04954588158070124,0.06297553814947605,0.08421735689043999,0.07105160318315029,0.07088805437088012,0.20044130086898804
2025-03-05,0.0751484502106905,0.09900578092783689,0.0433313803800619,0.05201944817872732,0.047714875126257536,0.07679375167936087,0.07079532071948051,0.04922186151413825,0.06272401604801417,0.08224691078066826,0.06959123238921165,0.07107016593217849,0.20033679604530336
2025-03-06,0.07478864267468452,0.09981620982289315,0.0443817210528783,0.0512253601695031,0.04690337185747921,0.0774926207959652,0.07098360359668732,0.04817773881450762,0.06341460589319467,0.08068337067961692,0.06876753587275744,0.07278548628091812,0.2005797356367111
2025-03-07,0.0744914509356022,0.09892453048378229,0.044011506964303136,0.049653539866423735,0.044410208938643336,0.07702460754662752,0.06954801008105278,0.04675573619551301,0.063886583968997,0.07783643752336503,0.06670433524996042,0.07383670210838318,0.212916362285614
2025-03-10,0.07536808028817177,0.10184250622987748,0.04457762478523488,0.049683680411411045,0.04405614943243563,0.07780139222741127,0.06887518912553788,0.04565096858096922,0.06575517039746046,0.07779073715209961,0.06779872700572014,0.07767529338598252,0.20312447249889373
2025-03-11,0.06970116011798382,0.09149916972965003,0.04163633604240875,0.04724575534915978,0.04043671851977706,0.0704477459192276,0.06217306703329086,0.04106596088219021,0.061390397138893604,0.07039811238646507,0.06110654678195715,0.07107257470488548,0.27182645797729493
2025-03-12,0.0736084945499897,0.09685747716575861,0.04508472171554612,0.05175206146832565,0.04314866131171584,0.07469650208950043,0.06522155627608299,0.04421216782034776,0.06703094020485878,0.07391951084136963,0.06524636466056108,0.07501855492591858,0.22420298159122468
2025-03-13,0.07375823184847832,0.09860902130603791,0.04627395363731903,0.05385836818133001,0.044048158638179305,0.0769223203882575,0.06653291136026382,0.045005824979062935,0.07002685107290745,0.07509764581918717,0.06745545566082001,0.07597973123192787,0.20643150806427002
2025-03-14,0.0737015962600708,0.09893336594104767,0.0460576923841554,0.053528088060639155,0.043064481439068915,0.07796676065772772,0.06746783405542374,0.04503208192598436,0.07227754592895508,0.07394087463617324,0.06733231339603662,0.07692606151103973,0.20377129316329956
2025-03-17,0.0702242985367775,0.09748592805117369,0.04512955537126136,0.05159201423787554,0.041415048064664006,0.07623725943267345,0.065830759704113,0.04263683930593629,0.07163817137479782,0.0712001234292984,0.06677294857800006,0.07636766135692596,0.22346940040588378
2025-03-18,0.0663970910012722,0.09477734658867121,0.04415038002278138,0.05035130063393698,0.04085534950718284,0.0756695194169879,0.06529650688171387,0.04100191582156185,0.07073932122439146,0.07119897082448005,0.06742613278329372,0.07555926144123078,0.23657692670822145
2025-03-19,0.06726683191955089,0.09741885680705309,0.04451957751359679,0.0506823340921553,0.041246087895706295,0.07894321903586388,0.06816310584545135,0.041828891099555676,0.07124519888311624,0.07412369027733803,0.06935299132019282,0.07609738036990166,0.2191118061542511
2025-03-20,0.06571391969919205,0.09873693007975817,0.04466553453798365,0.05031518661317591,0.041510798456147316,0.08117481134831905,0.0703289493918419,0.04177538495983413,0.06949734929949045,0.07570628002285958,0.07050801161676645,0.075310068577528,0.21475680768489838
2025-03-21,0.06356588229537011,0.0986970605328679,0.04467754507335044,0.05120367307884628,0.04198996056802571,0.08471009731292725,0.07313822656869888,0.042280140424480805,0.06882020812481641,0.07800096198916436,0.07193872891366482,0.07561307549476623,0.20536440908908843
2025-03-24,0.060712314769625665,0.09783690627664328,0.04422382079579652,0.05156841175339437,0.041900143446400764,0.08752799183130264,0.0748637206852436,0.04279245785705825,0.0679900897666812,0.07945062890648842,0.07240555686876178,0.07578969970345498,0.20293825268745422
2025-03-25,0.058281806856393815,0.0972181698307395,0.04482458099966795,0.05122135202969247,0.04202690795063972,0.08868851084262133,0.07557104751467705,0.043123977105580025,0.06716360058635473,0.08008731417357921,0.07353162784129381,0.07605169340968132,0.20220941603183745
2025-03-26,0.05624768100678921,0.0964204553514719,0.04470162583359123,0.05131251347483552,0.042105684708803895,0.08985646069049835,0.0757770486176014,0.04352125311097552,0.0666534073650837,0.08153694495558739,0.07521559745073318,0.0760947309434414,0.2005565881729126
2025-03-27,0.05643112175166607,0.09683442190289497,0.04431964622498796,0.051729863451773994,0.04144131843931973,0.08900784365832806,0.07465788349509239,0.043414604315233876,0.06668992303311824,0.081673389300704,0.07585322754457594,0.07524270266294479,0.20270405411720277
2025-03-28,0.05632935427129269,0.09778113644570112,0.04406953927225619,0.052175350149690124,0.041866496112197636,0.08829944524914027,0.07385767474770547,0.042915530877735364,0.06681539304554462,0.08318727239966392,0.07791647855192423,0.07399889752268791,0.2007874459028244
2025-03-31,0.05776440016925335,0.09749097377061844,0.044516781307219054,0.05209261538171415,0.042325907340273264,0.08571239430457353,0.07291932925581932,0.042602186099526304,0.06584100611507893,0.08505565226078034,0.07925869515165687,0.07233219891786576,0.2020878702402115
2025-04-01,0.0587705597281456,0.09791905656456948,0.04410840114045378,0.05219484954543017,0.04310326855629683,0.08438167963176965,0.07225825265049934,0.04200886542607805,0.06461308505386114,0.08698370903730393,0.08164392495527864,0.07114136517047882,0.20087296962738038
2025-04-02,0.058150988072156906,0.09767988286912441,0.04341597026953252,0.05235770313903103,0.04388221702538431,0.08435900565236806,0.07246626019477845,0.041974121529801775,0.06313376855105161,0.0886981301009655,0.08365308856591583,0.06988662779331208,0.20034221708774566
2025-04-03,0.05670488364994526,0.09608754683285951,0.043488380730252275,0.05217382295477062,0.04419901366345584,0.0851719131693244,0.07288896217942238,0.04229333467570484,0.06142337489873171,0.09072569236159325,0.08578039649873972,0.06895089596509933,0.20011179745197297
2025-04-04,0.03711943607777357,0.061358585767447946,0.028211986545533384,0.036592448757311935,0.030008003674447538,0.056543840654194356,0.04995838217437267,0.029032759847828514,0.04175314363092184,0.061529212072491644,0.055388443358242515,0.046952753141522405,0.4655510187149048
2025-04-07,0.036268049478530885,0.058004884608089925,0.02809021063909096,0.03579235399146423,0.029348703287541866,0.057681788597255944,0.051944343745708464,0.02973318478281044,0.042710788547992706,0.062149695493280886,0.05409410232678056,0.04731324650347233,0.4668686330318451
2025-04-08,0.037000198103487494,0.05686516538262367,0.02822905292787716,0.03648944362662334,0.029948900919407606,0.05867009032517671,0.053691497445106505,0.029997564781831444,0.045421290770173074,0.06362315844744444,0.05430546971037984,0.047984658181667326,0.4577735364437103
2025-04-09,0.03757070526480675,0.0554543606005609,0.02803548167213297,0.03574687964444116,0.02923761252313852,0.05884867701679468,0.054559816047549246,0.03042803806773122,0.04641211498528719,0.06392905917018651,0.053405662346631286,0.0481032706797123,0.4582683205604553
2025-04-10,0.0406195767223835,0.05747844185680151,0.029004034801464053,0.036177561613172315,0.02952761184424162,0.05714695658534765,0.05458478666841984,0.02967338102300232,0.046342958509922025,0.0623787734657526,0.05265756715089083,0.049028095602989194,0.45538024306297303
2025-04-11,0.04098489489406347,0.05581948710605502,0.02881523002135076,0.03604871058616403,0.028099902300164105,0.05750073548406363,0.05619003251194954,0.030095318560395868,0.04788667429238558,0.06137375943362713,0.05075687617063522,0.04946138821542263,0.4569670081138611
2025-04-14,0.042634685523808,0.05553531562909484,0.029300326105921037,0.036094038014466714,0.02772922096773982,0.05708820652216673,0.05632762052118778,0.029773273345922745,0.0493498869240284,0.06111841052770615,0.05006677089259028,0.050105702877044675,0.45487654209136963
2025-04-15,0.0442972868680954,0.05499264076352119,0.02954840450869405,0.03599578390145908,0.02715800367295742,0.05635658875107765,0.05559343993663788,0.029668647439638107,0.05063042845577002,0.06157206203788519,0.049307856056839225,0.05084526911377907,0.45403358340263367
2025-04-16,0.04563690163195133,0.05448192181065679,0.02955253185033424,0.03605218976652793,0.02659418140538037,0.055409411620348695,0.054388587921857835,0.02968404413061023,0.05159679464995861,0.06325043719261884,0.048688631318509576,0.050830740481615067,0.45383360981941223
2025-04-17,0.04797490276396275,0.054423562902957204,0.02920693343837364,0.03528212350462976,0.025856378953903913,0.05497321570292115,0.05343513414263725,0.029773277244480312,0.051558653637766835,0.06453021187335253,0.048347953520715234,0.05019444152712822,0.4544431984424591
2025-04-21,0.05005352757871151,0.054967105761170386,0.028945017622263515,0.035096115990478086,0.025516092544421554,0.054968082904815675,0.05284066572785377,0.029702531879456727,0.05138355828821659,0.06443351097404956,0.04862550925463438,0.050505198910832404,0.45296306610107423
2025-04-22,0.051349309459328654,0.05485517401248217,0.0285181183951849,0.03339179562600751,0.0242233170196414,0.054864189308136704,0.053268879652023315,0.0305765952331555,0.05253884568810463,0.06393708642572164,0.04696335075423121,0.05072181969881058,0.4547915279865265
2025-04-23,0.05249837525188923,0.05574063453823328,0.02844281821265966,0.03258322606319588,0.02380181895568967,0.054782289639115335,0.053202123939991,0.03107622976924631,0.053240104019641875,0.06355311069637537,0.04686623457819224,0.051229489594697954,0.45298354625701903
2025-04-24,0.05275952406227589,0.056249923817813394,0.02832361302106836,0.03166416899816209,0.023693785443902014,0.05484065068885684,0.05231990739703178,0.031410149285073886,0.05338459387421608,0.06477159317582845,0.04668282363563776,0.05076589547097683,0.4531333565711975
2025-04-25,0.05328548699617386,0.05645306073129177,0.02825875543821894,0.03153654838344089,0.02399659249931574,0.05454570641741156,0.05141781605780125,0.03148192605490578,0.05353374108672142,0.06603064946830273,0.046905326377600434,0.050435562059283255,0.452118843793869
2025-04-28,0.05344306007027626,0.056605052389204505,0.028103648049882145,0.03149257397067462,0.02420786563307047,0.054766392521560195,0.050910718739032745,0.031771709758751855,0.05373388454318047,0.06611086837947369,0.04678174564614892,0.04991059973835945,0.45216189622879027
2025-04-29,0.05325174815952778,0.05615711994469166,0.028035928378712428,0.031624622343457,0.024416846316307785,0.055496239196509124,0.05120549872517586,0.03207401183281888,0.05378259383141994,0.06611078642308713,0.04603486722335219,0.04983346909284592,0.4519762694835663
2025-04-30,0.0528508935123682,0.05607471987605095,0.028017399835085575,0.031480009024708086,0.024570970237255095,0.056545506417751315,0.05178224295377731,0.032479645146815984,0.05353129282593727,0.06548294089734555,0.045402091555297376,0.04959901422262192,0.45218327045440676
2025-05-01,0.05189713761210442,0.05569755919277668,0.027805369616290675,0.031114471487122052,0.024680021591484545,0.05757778268307447,0.051327291131019595,0.03294896183267611,0.054863966256380084,0.06488338075578212,0.045628045219928026,0.04920702837407589,0.4523689866065979
2025-05-02,0.05128295347094536,0.05591441579163074,0.027781756933991274,0.030505649121507793,0.02476644585840404,0.05847518099471927,0.050367987528443334,0.03305904622353921,0.054784534871578215,0.06648904457688332,0.045017607137560846,0.04878639355301857,0.4527689814567566
2025-05-05,0.05138365775346756,0.05610540024936199,0.028046474989404758,0.030410541140402536,0.025122892390936614,0.059655385091900826,0.049768698215484616,0.032802485563172466,0.05455239973962307,0.0670039102435112,0.043921311385929585,0.0490240927785635,0.4522027611732483
2025-05-06,0.05221678875386715,0.05595166366547346,0.02803669807592115,0.030405025818028085,0.025667667062953113,0.059384514950215815,0.04898255169391632,0.03272062393483566,0.05498516522347927,0.06660172566771508,0.04329718947410584,0.04942678958177567,0.4523235857486725
2025-05-07,0.05378786623477936,0.055904943682253364,0.028081387297691763,0.03049567019112196,0.02624832885339856,0.05820667576044798,0.04803406447172165,0.03277312457800576,0.055434617400169375,0.06542439684271813,0.042761894315481185,0.04988546147942543,0.4529615581035614
2025-05-08,0.05486201606690884,0.056089320220053196,0.028335462062196014,0.030588715286624435,0.026749083213508128,0.05662324540317058,0.04695073626935482,0.032815265089175226,0.05604936070740223,0.06417965665459632,0.04274419043213129,0.05068864598870278,0.45332432389259336
2025-05-09,0.054545259475708006,0.0556419650092721,0.028791118766576494,0.029615139429330563,0.02648745197802782,0.056426075473427775,0.04523110650479793,0.03285728136789885,0.05530390739440918,0.06252212300896645,0.04187263622879982,0.04979153573513031,0.4609143793582916
2025-05-12,0.05448460802435875,0.05524742752313614,0.028907376022337415,0.030009550077200586,0.027369168400764466,0.05678569097071886,0.04505166150629521,0.033025393470433075,0.05629981756210327,0.06183624118566513,0.04185268227010965,0.050656256079673764,0.4584741234779358
2025-05-13,0.05399940311908722,0.05511477403342724,0.02928709392396751,0.02992722967131787,0.027936431393027306,0.0565556013956666,0.04426870048046112,0.03223579841388187,0.054824969917535785,0.06078702360391617,0.041445272602140905,0.050689639151096345,0.46292804479599
2025-05-14,0.055080781877040866,0.05611476358026266,0.030040964708143214,0.030910365021088813,0.02907408121973276,0.05746147595345974,0.04466435723006725,0.03226816440713378,0.05664123259484768,0.06165189221501351,0.04247437827289104,0.05226337760686874,0.4513541698455811
2025-05-15,0.05717179998755455,0.057907338440418246,0.03107853392640365,0.031605946907764706,0.030652039125561713,0.05769895650446415,0.04460028521716595,0.03313856615459656,0.05918206423521042,0.06267642825841904,0.04315673448145389,0.05342239513993263,0.4377089381217957
2025-05-16,0.062025775015354154,0.06109203305095434,0.03320673066022426,0.0339170260221124,0.03329760963097215,0.05871397331357002,0.04608597047626972,0.03483675386171399,0.06380962654948234,0.06542820855975151,0.04557999726384878,0.05679873004555702,0.4052075743675232
2025-05-19,0.07593063935637474,0.07410403527319431,0.04070162206312507,0.04119504853486831,0.04121791403740645,0.0669813934713602,0.05366501435637474,0.041500329251675794,0.07688106968998909,0.07607225254178047,0.05388841331005097,0.06801478192210197,0.28984746932983396
2025-05-20,0.08594809994101524,0.08287924043834209,0.04523067226789603,0.04671476801654215,0.047361149173229936,0.0714205514639616,0.05849647596478462,0.04572238491136318,0.08501766696572303,0.08183909356594085,0.05852380879223347,0.07531261444091797,0.21553346812725066
2025-05-21,0.08992447704076767,0.08490348942577838,0.04642287966043455,0.0484915997547386,0.04973362237215042,0.07076046019792556,0.05943537764251232,0.04637261139216662,0.08650648444890977,0.08045593947172165,0.05847722738981247,0.07692429423332214,0.20159151256084443
2025-05-22,0.08878033310174942,0.08291136436164379,0.04480559789327643,0.04688889602344979,0.04982470134273172,0.06851876340806484,0.05868645086884498,0.04569667853448607,0.08606109991669655,0.07279670387506484,0.05527218244969845,0.07589945867657662,0.22385779321193694
2025-05-23,0.0931130327284336,0.08624325469136238,0.046990925751025966,0.04627335281994931,0.051163303945213554,0.0685690101236105,0.05982590019702912,0.04810640003795754,0.08879958987236022,0.06990471109747887,0.05541310831904411,0.0783463515341282,0.20725109279155732
2025-05-27,0.09478355795145035,0.08743505589663983,0.04747568185751785,0.04622031983262822,0.053198872692883016,0.06683816947042942,0.05966695286333561,0.04901365533249304,0.08906612694263458,0.06802646294236184,0.056312735006213185,0.07915992438793182,0.20280250906944275
2025-05-28,0.09344068989157676,0.08801300637423992,0.04804696748261694,0.04644936027146009,0.05447644996456802,0.06425666399300098,0.05859093926846981,0.04869916005375217,0.08809489607810975,0.06720087565481662,0.05712125040590763,0.079044159501791,0.20656556487083436
2025-05-29,0.09270266517996788,0.08863076567649841,0.04802235347673811,0.04788539921047565,0.05662576663307846,0.06311031356453896,0.05786710102111101,0.049040898780467045,0.08796877190470695,0.06694794967770576,0.05849103033542633,0.07848165333271026,0.2042253077030182
2025-05-30,0.09263144060969353,0.08942070603370667,0.04827089445121224,0.04935008381408394,0.0585741865914315,0.06174640841782093,0.057541651837527755,0.04931090807791065,0.08759969472885132,0.06610316410660744,0.059523307345807554,0.07843144237995148,0.20149608254432677
2025-06-02,0.09216606840491295,0.09015139937400818,0.04827407175526286,0.05045880377978449,0.05936451368033886,0.060869503393769266,0.05724915154278278,0.049890436305864226,0.08729876056313515,0.06506439857184887,0.06035547647625208,0.07817844077944755,0.200678950548172
2025-06-03,0.09253790602087975,0.09123337864875794,0.048173711433975266,0.05119112358595217,0.060401450004428626,0.060445896536111834,0.05726230517029762,0.04965917704275284,0.08687361404299736,0.06429059207439422,0.06004743110388518,0.07748614326119423,0.20039729177951812
2025-06-04,0.09315713420510292,0.09263748824596404,0.04891094071366151,0.05197484782083208,0.06087831328622997,0.060109130665659906,0.05731168277561664,0.04941705278036181,0.08646983206272126,0.06303722411394119,0.059971885196864604,0.07654502317309379,0.1995794177055359
2025-06-05,0.0939402386546135,0.09367537796497345,0.04857403522981087,0.05317231383831924,0.061764914495870474,0.05917323268949985,0.05708195585757494,0.04920503606747104,0.08612283617258072,0.062476865202188495,0.05999605376273394,0.0760965533554554,0.198720583319664
2025-06-06,0.09465011060237885,0.09469358548521996,0.04886545052863038,0.053591586036218074,0.062290313001722095,0.05841396749019623,0.056062029860913756,0.0491350189531687,0.08551516085863113,0.06141950748860836,0.06069174762815237,0.07519189938902855,0.19947963654994966
2025-06-09,0.09491193741559982,0.09544219598174095,0.04942095285534052,0.053306397896718496,0.06229842519387603,0.05935475714504719,0.05615185480564833,0.04949870224227197,0.08414059057831764,0.06113167405128479,0.06105188373476267,0.07389334440231324,0.19939728677272797
2025-06-10,0.09492143839597703,0.09553291723132133,0.049833744317934324,0.05318284724944746,0.06292213383130729,0.06005181074142456,0.056292539834976195,0.05017921298651799,0.08300957158207893,0.06067336797714233,0.06145644783973694,0.07265601679682732,0.19928799867630004
2025-06-11,0.09491348043084144,0.09605379104614258,0.0502040573979766,0.05341928482424194,0.06347890482284128,0.06044860556721687,0.056360410153865816,0.05039835418537848,0.0816999938338995,0.0593803022056818,0.061933337897062304,0.07238843217492104,0.199321049451828
2025-06-12,0.09474973380565643,0.09606040567159653,0.05033266266295335,0.053859619505860934,0.06438777432776988,0.06060158163309097,0.05639899857342243,0.05070342091011071,0.08051199018955231,0.05852298773825169,0.06265848241746426,0.07200613021850585,0.199206206202507
2025-06-13,0.09476886540651322,0.09629699662327766,0.049926047992044253,0.05458428458623956,0.06484757978469133,0.06067027188837528,0.05632313285022974,0.05070670828041557,0.07933399081230164,0.05789098404347896,0.06302860490977764,0.07241189852356911,0.19921060800552368
2025-06-16,0.09524418488144874,0.09729070588946342,0.049714504471264756,0.05487929916852252,0.06438872939907014,0.0610006432980299,0.05627879574894905,0.052047904412586374,0.0786407582461834,0.05620571821928024,0.06218560542911291,0.07190725356340408,0.20021592378616332
2025-06-17,0.09554714038968086,0.09860328435897828,0.0501124804267997,0.055334158723356806,0.06491511892527342,0.061109906807541844,0.0563524654135108,0.052457120006891955,0.07797770239412785,0.055800319835543635,0.06137737389653921,0.07106629014015198,0.19934664368629457
2025-06-18,0.0951416701078415,0.09881878420710563,0.049194332435498464,0.05603217034467178,0.06442402540706098,0.061238478124141696,0.0566697396337986,0.052944403182010547,0.07742622531950474,0.055964432656764984,0.06222734600305557,0.07015035301446915,0.19976806342601777
2025-06-20,0.09386029243469238,0.09880615323781967,0.0489484877940793,0.05706776452545555,0.06458651688881219,0.061610298976302144,0.056578170880675314,0.0529158303966085,0.07720041573047638,0.05560320392251015,0.06356041952967643,0.06997036039829255,0.1992920756340027
2025-06-23,0.09189514145255089,0.09817281588912011,0.048459827515695865,0.05778199217176479,0.0640164552256465,0.0626524843275547,0.05666972044855356,0.05271567837740463,0.07728995755314827,0.05516805425286293,0.06568666361272335,0.07008296549320221,0.19940824806690216
2025-06-24,0.09034956842660904,0.0982835941016674,0.04895248415116349,0.05834102896339886,0.06390016507357359,0.06414472609758377,0.057324033975601194,0.052185661668715966,0.07736090198159218,0.05438537932932377,0.06464816406369209,0.07125295028090477,0.19887135028839112
2025-06-25,0.08896000906825066,0.09808833003044129,0.049435847255857014,0.05810054453585707,0.06291393511928618,0.06561757810413837,0.05800583511590958,0.05153331771078342,0.07742438055574893,0.05542382560670376,0.06388528682291508,0.07193177118897438,0.19867935180664062
2025-06-26,0.0881466619670391,0.09826630875468254,0.048990388639833606,0.05722470306608187,0.06156888059340417,0.06714684739708901,0.058191874623298646,0.05082675615888092,0.07729117348790168,0.05652865022420883,0.0629479818046093,0.07415300160646439,0.19871677160263063
2025-06-27,0.08809646964073181,0.09891820400953293,0.04947891383555127,0.05667727557968263,0.06090473020449281,0.0685056734830141,0.058459576591849326,0.050230933975223026,0.07694915682077408,0.056014631688594815,0.06081937924027443,0.07640951797366143,0.19853549897670747
2025-06-30,0.0888742446899414,0.0999152660369873,0.04957478921246121,0.055890151672907604,0.06011171634308994,0.06975045315921306,0.05839725695550442,0.04942751587653902,0.07662289962172508,0.0573713693767786,0.058042007684707644,0.07741800174117089,0.19860430359840392
2025-07-01,0.08976610377430916,0.10077297613024712,0.04930035698825197,0.05476939760595698,0.05998745914548635,0.07060114704072476,0.05859637893736362,0.048795414667239356,0.07620484344661235,0.059431984648108484,0.05588409006595611,0.07728886306285858,0.19860100150108337
2025-07-02,0.0901788555085659,0.10127969235181808,0.049957471341650364,0.05372810500302343,0.06021101102232933,0.07160154916346073,0.05892278477549553,0.04855747137689263,0.07558819949626923,0.06023220866918564,0.05443071611225605,0.07675789818167686,0.19855401813983917
2025-07-03,0.09094810634851455,0.10219060331583023,0.05085006295423326,0.05314034893615975,0.060529750492423776,0.07221379578113556,0.05922192633152008,0.048105988284908106,0.07500188015401363,0.060157275199890135,0.05296236947178841,0.0760020561516285,0.19867583215236664
2025-07-07,0.0921064481139183,0.10316953882575035,0.051894693210101296,0.05252431631170289,0.06084714448079467,0.07220648415386677,0.05947522483766079,0.047459332306033275,0.07451511994004249,0.05999326184391975,0.05173837952315807,0.07537335604429245,0.19869673550128936
2025-07-08,0.09323077350854873,0.10340278446674347,0.05238747691121546,0.052334068199373716,0.06035754615440965,0.07173478193581104,0.05955904237926006,0.04843012432984324,0.07471507452428341,0.05855143293738365,0.05106276273727417,0.07424926608800889,0.199984872341156
2025-07-09,0.09433864131569862,0.10367803946137429,0.05381342639437978,0.05238271214841461,0.06051826905459166,0.0714362446218729,0.05958036668598652,0.048336333298755106,0.07438444346189499,0.05810261815786362,0.05106062442064285,0.07312689796090126,0.1992414265871048
2025-07-10,0.09540012031793595,0.10442243069410324,0.05488998909626162,0.05221862721738546,0.06004166714847088,0.07140262871980667,0.05966798104345798,0.04826009964621676,0.07410564683377743,0.057611316442489624,0.051005779579281804,0.07200590968132019,0.19896779358386993
2025-07-11,0.09609876573085785,0.10449722483754158,0.055946011861359855,0.05190358282164702,0.05995121351443231,0.07198781296610832,0.059821301698684694,0.0479883683278274,0.07362558282911777,0.05676567479968071,0.05097123980522156,0.07166254967451095,0.1987806648015976
2025-07-14,0.09650659337639808,0.1041629321873188,0.05571235216839323,0.05174347985445671,0.05913613350130618,0.07269940078258515,0.061016008257865906,0.04932272903174635,0.07305705547332764,0.05531284436583519,0.05138090886175632,0.07051447778940201,0.19943507313728331
2025-07-15,0.09726028069853783,0.10474822148680688,0.05650824627858224,0.05156464043024407,0.05871067456901073,0.07317720986902713,0.06180707216262817,0.050162000817044826,0.07259291224181652,0.05347532145678997,0.05094663351774216,0.07007463723421097,0.1989721655845642
2025-07-16,0.09774499461054802,0.10549260824918746,0.05664251801898192,0.05148378154054356,0.05872256704606116,0.07306915707886219,0.06160213015973568,0.05044294874730326,0.07260738164186478,0.05151076540350914,0.05041102431714535,0.07038394883275031,0.19988618791103363
2025-07-17,0.09844908490777016,0.10589435398578644,0.05770132374728103,0.05153816438751484,0.058790936646983025,0.07317061014473439,0.06140860375016928,0.05010838988456499,0.07224595956504345,0.05015858337283134,0.049975151941180226,0.07118898257613182,0.1993698626756668
2025-07-18,0.0994543343782425,0.10741224661469459,0.05860893071776143,0.05151608944587523,0.05928007964976132,0.07282792516052723,0.060913188755512236,0.04965179023561746,0.07179094068706035,0.048872155323624614,0.049815673381090164,0.07069894671440125,0.1991576671600342
2025-07-21,0.10013266801834106,0.10840901657938957,0.05831950311190344,0.051457655726621,0.05978333353996277,0.07308578938245773,0.06083486657589674,0.04949999866498729,0.07124603614211082,0.0482364971190691,0.04941590018570423,0.07049787491559982,0.19908083975315094
2025-07-22,0.1009591281414032,0.1097812682390213,0.057548547026615715,0.05163457900907389,0.06079885722137988,0.07313576564192772,0.0608064953237772,0.049383258846620495,0.0703817505389452,0.04790501333773136,0.048455630987882616,0.07007465958595276,0.19913505315780639
2025-07-23,0.1012731060385704,0.10953226685523987,0.057958594756832585,0.05181097530338867,0.06148523287847638,0.07352612093091011,0.060887782089412215,0.04936916329534711,0.06937221288681031,0.047683510556817056,0.04779105931520462,0.07027038037776948,0.19903959929943085
2025-07-24,0.10196169726550579,0.11002054288983346,0.058766278190149276,0.05148603761798611,0.06227570092305541,0.0737482901662588,0.06039931010454893,0.04880076325739537,0.06814957074820996,0.04867451786994934,0.04736357741057873,0.06958667412400246,0.19876706898212432
2025-07-25,0.10234700180590153,0.11069705113768577,0.05859573018018764,0.05078299006629514,0.062466569477692246,0.07377817258238792,0.06010849922895432,0.04844398671711474,0.06706509031355382,0.0497288916260004,0.0476167406886816,0.06934961453080177,0.1990196466445923
2025-07-28,0.10291325859725475,0.11096843406558037,0.05904264712387679,0.050217611901807756,0.06262288489378989,0.07344721518456936,0.05993731711059809,0.04842629644740555,0.06599656008183956,0.050734732486307624,0.04729597084224224,0.0694487877190113,0.19894828498363495
2025-07-29,0.10313232056796551,0.11122800335288048,0.05897440948849457,0.051666363874782205,0.06212827241979539,0.07236153595149517,0.05914373341947794,0.0477217644744826,0.06477315984666347,0.0510415805503726,0.04800385683774948,0.07041834890842438,0.19940665662288665
2025-07-30,0.10362657494843006,0.11094788908958435,0.05792335947838847,0.05292888402003406,0.062374241184443235,0.07072427347302437,0.05830930527299642,0.047504737005948525,0.0641267266124487,0.051062747836112976,0.049128325656056404,0.07208775132894515,0.19925521612167357
2025-07-31,0.10400849394500256,0.11168765649199486,0.056797473099980775,0.05298845699732535,0.06195254200138152,0.0695713184773922,0.056820381246507165,0.04768471677760431,0.06371880359947682,0.052196263894438745,0.050139743462204935,0.072462547570467,0.19997162520885467
2025-08-01,0.10336297787725926,0.11169275045394897,0.055693768525352995,0.05297142026705774,0.0616739209741354,0.06932685002684594,0.05617623645812273,0.04804082775483494,0.06327734962105751,0.05384881794452667,0.050896883383393286,0.07277677431702614,0.20026143491268159
2025-08-04,0.10301723517477512,0.11351990252733231,0.055375018543543854,0.05221077276288444,0.06210381342098117,0.06843342371284962,0.05636809766292572,0.04846579755234757,0.06322001330554486,0.05391955766826868,0.05178362987935543,0.07267372906208039,0.1989090174436569
2025-08-05,0.10090995877981186,0.11513545662164688,0.056332786637087476,0.051301987192381125,0.06273390064015985,0.06813473291695119,0.05647128447890282,0.0483385832664112,0.06310853883624076,0.05267122816294432,0.0521432563662529,0.0721164584159851,0.20060182511806487
2025-08-06,0.09795558154582977,0.11453700289130211,0.05692445540267208,0.05050644169051015,0.06400338220410048,0.06983595117926597,0.05770297721028328,0.04924505776608612,0.06370213776826858,0.052112096548080446,0.05207728333771229,0.07181013822555542,0.199587482213974
2025-08-07,0.09528550356626511,0.11444388255476952,0.05645018849067611,0.050011572148678775,0.06529808114282787,0.07187688499689102,0.05879161283373833,0.05002432560298189,0.06436598934233188,0.05144029799848795,0.051618555560708046,0.07113065719604492,0.19926245212554933
2025-08-08,0.09228032641112804,0.11350503340363502,0.05570842748374556,0.04963154656854076,0.06687101265415549,0.07399624511599541,0.05983876846730709,0.05056075740183132,0.0649317055940628,0.05120121613144875,0.051392634958028795,0.07098309397697448,0.19909920990467073
2025-08-11,0.09096703082323074,0.11400214210152626,0.05552671917617076,0.04929930786068226,0.06754581267014145,0.07575948908925056,0.060533476248383525,0.05033411820317042,0.06511160358786583,0.05052134357392788,0.05096232108771801,0.07063046619296073,0.19880615472793578
2025-08-12,0.08961703553795815,0.11322020813822746,0.05499201648693273,0.0486727113126495,0.06773217474110424,0.07729801684617996,0.06144188418984413,0.0503290858612786,0.06506788022816182,0.05203159973025322,0.05069334954023361,0.06999200433492661,0.19891203343868255
2025-08-13,0.0886259201914072,0.11318237930536271,0.05568678907696043,0.0483965875407371,0.06808544462546706,0.07823139391839504,0.06185968369245529,0.049606666399699864,0.0649189256131649,0.05316067151725292,0.05009622015058994,0.0693604163825512,0.1987888991832733
2025-08-14,0.0878302190452814,0.11218728274106979,0.056372604043169974,0.04803837770320207,0.0682857932522893,0.07922513894736767,0.06291778944432735,0.049263439600281345,0.06479202546179294,0.05377574395388365,0.049615447968244554,0.06889216378331184,0.19880398511886596
2025-08-15,0.08773868344724178,0.11212481185793877,0.05682577238874078,0.047459931305356126,0.06746135782450438,0.08012041002511978,0.06358649134635926,0.0493421242406157,0.06524952240288258,0.0536048986017704,0.0495259664952755,0.06794430091977119,0.19901570975780486
2025-08-18,0.08753430917859077,0.11146929487586021,0.05761143801919353,0.04714947390173876,0.06732790684327483,0.08082312569022179,0.06427427120506764,0.04935457281269464,0.06561569422483444,0.053081703186035153,0.04914355427026749,0.06760253459215164,0.19901214241981507
2025-08-19,0.08755181990563869,0.11104969754815101,0.05908063982659843,0.04665197252941624,0.06738997506909072,0.08111277520656586,0.0646633792668581,0.04906170459628356,0.06582442149519921,0.05214969739317894,0.04918320551514625,0.06719096153974533,0.1990897387266159
2025-08-20,0.08685166612267495,0.11247729808092118,0.059171351998076285,0.0458902150317428,0.06682560555636882,0.08198104724287987,0.06536020003259183,0.04918745806107836,0.06549484096467495,0.05110908709466457,0.049057137221097946,0.06726475358009339,0.19932934939861296
2025-08-21,0.0856376275420189,0.11263956651091575,0.05872522813851031,0.045642045382403754,0.0666520853061229,0.08351331539452075,0.06622298061847687,0.049284042380679696,0.0651895396411419,0.05075686033815145,0.04970775693655014,0.06683294773101807,0.199195995926857
2025-08-22,0.08427072241902352,0.11169804707169532,0.059009058167865724,0.045461262219873434,0.06642480464652181,0.08503993116319179,0.06693074852228165,0.04980120966158665,0.06519165523350239,0.050060081481933597,0.0503503855317831,0.06637156903743743,0.1993905246257782
2025-08-25,0.07987271621823311,0.1067507065832615,0.057921790233738155,0.04406563545392839,0.06446130760014057,0.08281806334853173,0.065798170119524,0.04784251852235002,0.06201393269002438,0.048136715218424796,0.04978459738194942,0.06427479162812233,0.22625905573368071
2025-08-26,0.07999881468713284,0.1074379064142704,0.0594652587202388,0.046796307480101794,0.0658723559230566,0.08632600270211696,0.06858288273215293,0.04932988930338524,0.06325046606361866,0.048941879719495776,0.05251309908926487,0.06578443422913552,0.20570069551467896
2025-08-27,0.07934489771723748,0.10653786286711693,0.060858225501896256,0.048272437145065794,0.06614678888581693,0.08791099488735199,0.06973094195127487,0.04954603647976228,0.06349545419216156,0.04907430149614811,0.053551561757922174,0.0656674437224865,0.19986304342746736
2025-08-28,0.0784048568457365,0.1048530213534832,0.062022136404089954,0.04899696069058397,0.0658029415179044,0.08884340114891529,0.07020965293049812,0.04929442069480956,0.0634192906320095,0.04902446940541268,0.05414789579808712,0.06579143702983856,0.19918953478336335
2025-08-29,0.07770938649773598,0.10377094075083733,0.06243632855900962,0.049753741202374434,0.06584140262566507,0.0895650889724493,0.07079927101731301,0.049082048427192146,0.06305001005530357,0.04917573928833008,0.054515748471021655,0.06521620526909828,0.19908407330513
2025-09-02,0.0774011455476284,0.10468971729278564,0.06255991686727658,0.04978077831211589,0.06522086854092776,0.09007285088300705,0.0707037664949894,0.04891224436955781,0.062264636531472205,0.04905208833515644,0.054775291308760646,0.06517220959067345,0.19939451217651366
2025-09-03,0.07776886969804764,0.10479341447353363,0.06249776180267119,0.0500559763413019,0.06458750795572996,0.09007515981793404,0.07034136280417443,0.048574322282786395,0.06162857078015804,0.048304928839206694,0.05542316883802414,0.06614270210266113,0.19980623424053193
2025-09-04,0.07820168286561965,0.10515836998820305,0.06199373168592146,0.05044161738812587,0.06440817597322165,0.09030323810875415,0.07004556246101856,0.048499453628937775,0.06103020273149014,0.04766636118292809,0.05595594458281994,0.06695560589432717,0.1993400514125824
2025-09-05,0.07812787257134915,0.10467834621667862,0.06221014175901356,0.05101994266440553,0.06404324029572309,0.0903694111853838,0.0696930430829525,0.04838912601334187,0.06056493744254112,0.04754809588193894,0.05675712302327156,0.06743827015161515,0.19916043877601625
2025-09-08,0.07769155763089657,0.10311219207942486,0.06202550281877848,0.051446727680530914,0.0645565538201481,0.09064577035605907,0.06890569627285004,0.0484891190303415,0.06049573831260204,0.04817586652934551,0.057309039309620856,0.06795974373817444,0.19918652176856994
2025-09-09,0.07753080390393734,0.10203886330127716,0.06144228627271744,0.05194485533626949,0.06476899646222592,0.09151329733431339,0.06812265925109387,0.048903165752824405,0.060386111959815025,0.04871080256998539,0.0581680528819561,0.06736749932169914,0.19910259842872619
2025-09-10,0.07756725437939167,0.10149146318435669,0.06038587198397529,0.05205272143614455,0.06487521305680274,0.0926169477403164,0.06757993213832378,0.04954738965683418,0.06007542684674263,0.04917487911880016,0.05843329429626465,0.06723886579275132,0.19896072745323182
2025-09-11,0.07721838541328907,0.10018306747078895,0.05921923025461791,0.052115863119741236,0.06485563111491502,0.09394689090549946,0.06788852624595165,0.050313382961951446,0.059497132524847986,0.0500521145761013,0.05885102413594723,0.06688962429761887,0.19896911084651947
2025-09-12,0.07671559937298297,0.09902646578848362,0.05899216691465092,0.05224413659939966,0.0646806474775076,0.09494190290570259,0.068088348954916,0.05063294420447164,0.05874327309429646,0.050712935626506805,0.05894850790500641,0.0671631082892418,0.1991099923849106
2025-09-15,0.07628681622445584,0.09894540533423424,0.05767175513886826,0.05212865368569304,0.06424006456509232,0.09611654356122017,0.06823738105595112,0.050981769122427065,0.058111056312918664,0.05173882432281971,0.05987568274140358,0.06672766581177711,0.19893835186958314
2025-09-16,0.07614869028329849,0.09880611896514893,0.05685516946816076,0.05214567340683942,0.06402541766874492,0.09692212827503681,0.06859097816050053,0.05103122930703421,0.057376154139637946,0.05257649645209313,0.06041790023446083,0.06612908765673638,0.19897496700286865
2025-09-17,0.07579945251345635,0.09817722849547864,0.05610889343085077,0.051990278953345556,0.06395185329020023,0.09800355061888695,0.06928285136818886,0.0510155828553593,0.05671931952238083,0.053362666815519336,0.06087034046649933,0.06583731919527054,0.19888069331645966
2025-09-18,0.0756139662116766,0.09780955910682679,0.05624845825776266,0.05177241125698373,0.06381184528581799,0.09848961867392063,0.0695322185754776,0.05087411050673154,0.056074769049882886,0.05427754819393158,0.061026298254728314,0.06555652245879173,0.19891268610954285
2025-09-19,0.07604262009263038,0.09866237118840218,0.05741466691234916,0.05147495230328847,0.06322405817918479,0.09772898368537426,0.06979848705232143,0.050076234675009344,0.055446799099445346,0.05499911159276962,0.061263507604599,0.0648635033518076,0.19900470077991486
2025-09-22,0.07678969465196132,0.10000504106283188,0.05723917002903267,0.05103699599278037,0.06292027388699353,0.09732189029455185,0.0700931578874588,0.04938200304683278,0.055041367188096046,0.05611156746745109,0.06113322973251343,0.0639290302991867,0.19899657368659973
2025-09-23,0.07786372415721417,0.10125717371702195,0.05808776679765373,0.05080098181536226,0.06309218341484665,0.09639599770307541,0.06980442441999912,0.04819075996344964,0.05479109846055508,0.056500771641731264,0.061049191653728484,0.0631120715290308,0.19905385971069336
2025-09-24,0.07886717654764652,0.10157647505402564,0.058545751613920595,0.05045164727203222,0.06317479102872312,0.09601089693605899,0.06992205902934075,0.04754058082936581,0.05445437729358673,0.05703327879309654,0.06059878319501877,0.06276715248823166,0.1990570455789566
2025-09-25,0.08001289889216423,0.10225989744067192,0.05864044782196345,0.05012769985907255,0.06307566813193262,0.09506866298615932,0.06923614516854286,0.047513117094683824,0.054245848581194876,0.05778949484229088,0.0603124164044857,0.06231362335383892,0.19940406680107117
2025-09-26,0.08031916990876198,0.1024014875292778,0.05806667674076262,0.050061354665857746,0.06314345579594374,0.09427605997771024,0.06913064308464527,0.04721552083608458,0.054344966635107995,0.05919818133115769,0.06049973592162132,0.06179230250418186,0.19955047070980073
2025-09-29,0.08045857287943363,0.10262050665915012,0.05815172331345782,0.050398905693578654,0.06330199656076729,0.09323270861059427,0.0688587810844183,0.046658300048545695,0.05414096787571907,0.06042148917913437,0.06073654815554619,0.061779534444212914,0.19923993647098542
2025-09-30,0.08027197755873203,0.10294979959726333,0.05744084797672855,0.05048584603077444,0.06425389586947858,0.09263953976333142,0.06935524344444274,0.04656541276125381,0.05383121371269226,0.060991938412189486,0.061007791012525556,0.061167731136083606,0.1990387111902237
2025-10-01,0.08064014241099357,0.10360018387436867,0.05685473202865463,0.05069762105619198,0.06489115566946566,0.09186891876161099,0.06950057595968247,0.04614758654097386,0.05336407609283924,0.06145424097776413,0.06088434979319572,0.0610700223594904,0.1990263730287552
2025-10-02,0.08091901801526546,0.10424607805907726,0.056167830148646125,0.050936878508067454,0.06559646865352989,0.09112832751125097,0.06995454132556915,0.0462395459531308,0.052767378464341166,0.06191399842500687,0.060301199555397034,0.06077545061707497,0.19905327260494232
2025-10-03,0.08092927150428295,0.1048949621617794,0.056163371903410565,0.05083356875476763,0.0662477349396795,0.09047706350684166,0.07052938491106034,0.0465531784844984,0.0520812913775444,0.06263017058372497,0.059390397369861604,0.06023405902087688,0.19903553128242493
2025-10-06,0.08093853816390037,0.10455607771873474,0.056597651150349114,0.05081358663935518,0.0668520531617105,0.08961992058902979,0.07063743509352208,0.04654118110213403,0.05139039009809494,0.06384709402918816,0.05903583467006683,0.06009166575968265,0.19907856583595276
2025-10-07,0.0820310391485691,0.10571372881531715,0.05693677344996715,0.050301863254379596,0.06736847595311701,0.08823353014886379,0.07043724730610848,0.04615443100223047,0.05087142661213875,0.06401462405920029,0.059124674648046494,0.05964809581637383,0.199164080619812
2025-10-08,0.08265797942876815,0.10573858805000783,0.056426321944734424,0.05030889201369053,0.06747623248957098,0.08740748986601829,0.07103036269545555,0.046413955888772306,0.050363462045788766,0.06445186510682106,0.059305190294981006,0.05918154753744602,0.19923810362815858
2025-10-09,0.08353461734950543,0.1068147860467434,0.056988845220836026,0.050444261453868225,0.06811845749616623,0.08597787171602249,0.07095835506916046,0.04559573265465815,0.04991473481059074,0.06479910910129547,0.059508664160966875,0.05825030580163002,0.1990942507982254
2025-10-10,0.08425049483776093,0.1073248814791441,0.056822436683972556,0.050502242967210266,0.0677943933289498,0.08471865132451058,0.07066788300871849,0.04488908437048167,0.050070191361010076,0.06608001589775085,0.05986964404582977,0.05747065991163254,0.19953940212726592
2025-10-13,0.07976423911750316,0.10276737548410893,0.05518498862151695,0.04956265550509453,0.06500607826747,0.08144061006605625,0.06845220290124417,0.04256206896192225,0.04976135641336441,0.06626693457365036,0.05846729129552841,0.0547162089496851,0.22604799270629883
2025-10-14,0.06512839943170548,0.08465984836220741,0.046489539639454056,0.04184819435879135,0.053449226170778276,0.06752296146005392,0.056957656517624855,0.034150119567323146,0.041651961393654346,0.05467498153448105,0.04956606775522232,0.04436338953673839,0.3595376670360565
2025-10-15,0.07014753445982932,0.09310510605573655,0.05340673199571029,0.04744104286661628,0.057408280298113824,0.07685643825680018,0.06523562632501126,0.038401025767018385,0.046647223830223086,0.06148095056414604,0.05533246025443077,0.049219969660043716,0.28531760573387144
2025-10-16,0.07048861905932427,0.09547541961073876,0.05616170399117788,0.049624734875286694,0.057642355747520926,0.0814141120761633,0.06923879310488701,0.039902817359256916,0.04842276684939861,0.06434489488601684,0.057642937451601026,0.05093715190887451,0.2587036818265915
2025-10-17,0.07280465550720691,0.09907223954796791,0.05960104375540034,0.05280380554151911,0.05896162670105696,0.08863165620714426,0.07623534724116325,0.04339780691549322,0.05231599863618612,0.0687895767390728,0.06067938506603241,0.05337539054453373,0.21333149075508118
2025-10-20,0.07293957732617855,0.09941776283085346,0.060570894841566414,0.05334382523885441,0.0577131699770689,0.09200725220143795,0.07878208383917809,0.04440082760382893,0.053487570211291316,0.07039458453655242,0.06126641035079956,0.05430109426379204,0.20137492418289185
2025-10-21,0.07017992697656154,0.09605398587882519,0.0599621942969998,0.052285489453749355,0.05535549139603972,0.09251012317836285,0.07920428290963173,0.0437646196771766,0.05246043242514133,0.06898118406534196,0.060159971565008165,0.053664068877696994,0.215418216586113
2025-10-22,0.06713339500129223,0.09211959205567836,0.0576761281933905,0.050962267286365125,0.05250460132956505,0.09257206749171018,0.07911328300833702,0.04301718565774308,0.05104888640344143,0.06315998584032059,0.058613856136798856,0.05228873901069164,0.2397900253534317
2025-10-23,0.06838786527514458,0.09495053589344024,0.05856595454238196,0.052425297870952646,0.05315811689943075,0.09804161265492439,0.08361517712473869,0.04515938088786697,0.05213941391557455,0.06492091044783592,0.0599715881049633,0.05424961447715759,0.2144145518541336
2025-10-24,0.06913149319589137,0.09624150432646275,0.059614126966006785,0.05309065722682824,0.052942450530827044,0.10094626732170582,0.0857403390109539,0.04569568045949381,0.05236354935914278,0.0648658663034439,0.05965046063065529,0.054868447780609134,0.20484915673732756
2025-10-27,0.06933546289801598,0.0963990181684494,0.06006778031144684,0.05340830670705117,0.05243574427440763,0.1031781768426299,0.08735379874706269,0.046186635361027586,0.05230288747698068,0.06395481005311013,0.05902981236577034,0.05538504421710968,0.20096251964569092
2025-10-28,0.0690642636269331,0.09616071619093418,0.059577101764564946,0.05358132410336562,0.05188130848109722,0.10459324158728123,0.08848132267594337,0.04649313495744991,0.05203832555562258,0.06429494582116604,0.05862681493163109,0.05559826903045177,0.19960923194885255
2025-10-29,0.06896454654633999,0.0958499925211072,0.05826380424418041,0.05318190294383527,0.05105990590527654,0.10550749879330397,0.08897815719246864,0.046665146076156815,0.05175432432442904,0.06458243764936925,0.05848933607339859,0.05724150910973549,0.19946142435073852
2025-10-30,0.06985801570117474,0.09621565695852041,0.05689388898348167,0.05241913770950202,0.05048566656187177,0.10490546263754368,0.08846492245793343,0.04727762329334837,0.052451394684612754,0.06324225515127183,0.05864739716053009,0.058959643542766574,0.20017894208431244
2025-10-31,0.07160109877586365,0.097970599681139,0.05531392907013348,0.05117848633843387,0.04968467345461249,0.10414133984595537,0.08814567252993584,0.04778522915680696,0.052505459450185296,0.061753347516059875,0.05811906680464744,0.06129999719560146,0.20050109326839446
2025-11-03,0.07324532270431519,0.1005957331508398,0.05456408684061902,0.050527551260215374,0.049176971148699525,0.10362968202680349,0.08790396824479103,0.047685932272838724,0.05256523620337248,0.05938996933400631,0.05840698853135109,0.062393519282341006,0.1999150276184082
2025-11-04,0.07371254041790962,0.10199247859418392,0.053260802491919355,0.05035000369829774,0.04913803860545159,0.10339539367705583,0.087906414270401,0.047116855866102016,0.05362553521990776,0.05791156888008118,0.059296753257513046,0.06264940723776817,0.19964420795440674
2025-11-05,0.07435946576297284,0.10377590507268905,0.0526191359047445,0.04991690712764587,0.048651769384741785,0.10271823089569806,0.08780217096209526,0.04609948867446292,0.05307084862142801,0.05770582035183906,0.05924135968089104,0.06188465468585491,0.2021542578935623
2025-11-06,0.07463068515062332,0.10652179978787898,0.05334636685017866,0.049806431254261874,0.04850222496315837,0.10293232258409261,0.08798721358180046,0.04517928491773091,0.05270802117884159,0.057854412123560905,0.05962048918008804,0.06063253954052925,0.2002782255411148
2025-11-07,0.07514877431094646,0.10828633494675159,0.05324186840038721,0.04942337289188821,0.04773221099749207,0.10273547442629934,0.08907850086688995,0.04483641845206421,0.052399441972374915,0.056888185814023016,0.06048268303275108,0.0595143023878336,0.20023245811462403
2025-11-10,0.07519808262586594,0.10943820104002952,0.05383481265031946,0.04948178616252985,0.04746893458068371,0.1021457515656948,0.08858115077018738,0.04415638014679644,0.052346822991967204,0.05590200312435627,0.06183224320411682,0.0594891756772995,0.200124654173851
2025-11-11,0.07383756451308728,0.10980779007077217,0.05374781533428319,0.04982057526466477,0.04757008962333202,0.10129425087943673,0.08821142241358756,0.04332100938122494,0.05269440393894911,0.05508406553417444,0.06347683742642403,0.05864283628761768,0.2024913489818573
2025-11-12,0.07335659451782703,0.10833678897470236,0.053523038012001936,0.05078873451261075,0.048114532884210345,0.10104714306071401,0.088510762155056,0.04322334276141646,0.053539142571389677,0.05438876487314701,0.06595811694860458,0.059551046788692476,0.1996619999408722
2025-11-13,0.07283385582268238,0.1066620372235775,0.05274251031590964,0.051460278803372186,0.04876277344301343,0.10092678880318999,0.08858515918254853,0.042997548584298786,0.0542690435424447,0.05443246215581894,0.06756664663553238,0.05966171696782112,0.1990991711616516
2025-11-14,0.07175574637949467,0.10506205391138793,0.05184820869565243,0.04976761851640159,0.04730639336630702,0.09644357766956091,0.08521616384387017,0.042374534755686,0.05376977138221264,0.0517875537276268,0.06656737998127937,0.05787073038518429,0.22023023664951324
2025-11-17,0.074533386901021,0.10879840198904275,0.054094030346217,0.050219461563895076,0.04846713216975331,0.09647754281759262,0.08545639291405678,0.04290388673941834,0.055194026604294774,0.052198168635368344,0.06929336376488208,0.05846894532442093,0.20389524698257447
2025-11-18,0.07511404603719711,0.10808395743370056,0.054376242760266,0.05066810484308064,0.04841465521603823,0.09562806412577629,0.08499961942434311,0.04260523352536438,0.05514384862035513,0.0520134512335062,0.07044536843895913,0.0578288946300745,0.20467851161956788
2025-11-19,0.07527135238051415,0.10744435209780931,0.055359193186192535,0.051465901559081574,0.04866679711267352,0.09553845478221774,0.0845514066517353,0.042027283500010525,0.055009815096855166,0.05258084442466497,0.07267174087464809,0.057546844333410264,0.2018659681081772
2025-11-20,0.07448681406676769,0.10758276525884866,0.05559872476127161,0.05207670280642329,0.04898262042552233,0.09576663812622428,0.0840303998440504,0.041503925727113256,0.055161571316421035,0.05208644475787878,0.0744142584502697,0.05704813301563263,0.2012609750032425
2025-11-21,0.07448996119201183,0.10833122897893191,0.05572825163855821,0.05239287522070572,0.048777120746672155,0.09623647248372436,0.08390978202223778,0.04082242093181776,0.054315201751887796,0.05089299790561199,0.07456939294934273,0.05607876367866993,0.20345548391342164
2025-11-24,0.07388565614819527,0.10972820725291968,0.05742837006842531,0.05274333450660418,0.04867434864863753,0.09751826683059335,0.08427249006927014,0.04026191527526635,0.053742414340376854,0.0486385834403336,0.07441075891256332,0.05562872402369976,0.20306695103645325
2025-11-25,0.0711203657090664,0.10905891712754964,0.05767814262004567,0.05226120596881341,0.04850548375397921,0.0988144151866436,0.08465205393731594,0.03979340986717261,0.05341095067560673,0.0471045445650816,0.07455562837421895,0.054488325119018556,0.20855655074119567
2025-11-26,0.06915328055620193,0.10771502759307623,0.05897446399688544,0.052640497568321364,0.04875389086082578,0.10182428322732448,0.08600755669176578,0.04024768794499778,0.053998292237520215,0.04594852877780795,0.07499174289405346,0.055068235099315646,0.20467651784420013
2025-11-28,0.06716011762619019,0.10591752287000418,0.05953670697855227,0.05242956098494087,0.048678277619183065,0.1044074553065002,0.08704557307064534,0.040700645448396244,0.05449067167937756,0.04529201164841652,0.07559874467551708,0.055601644515991214,0.20314106345176697
2025-12-01,0.06652242839336395,0.10471980553120375,0.06039010031118295,0.05216932856536314,0.04851420586928725,0.10632494166493416,0.08735729940235615,0.040813525944201956,0.0551479758694768,0.045175501331686976,0.0759408388286829,0.05649526007473469,0.2004287838935852
2025-12-02,0.06613694131374359,0.10276773106306791,0.06038477639498936,0.05128028803047613,0.04782447637990117,0.10695286421105266,0.0872005581855774,0.04196090755064006,0.05572484899312258,0.04523259932175279,0.07630743198096752,0.05717733539640903,0.20104925632476806
2025-12-03,0.06611779481172561,0.10214160662144423,0.06031106592361759,0.050843183450530384,0.047339608706533906,0.10768020739778876,0.08718116208910942,0.042767979175459915,0.056535732187330726,0.04490046165883541,0.07666260041296483,0.05771699920296669,0.19980163276195526
2025-12-04,0.06611418649554253,0.1006469527259469,0.06106347121707749,0.050643974431523374,0.04708481412380934,0.10755818020552396,0.08658065162599086,0.04307196740238624,0.057186178490519525,0.044767452590167525,0.07765875346958637,0.058107053861021996,0.19951637983322143
2025-12-05,0.06613802686333656,0.09907350055873394,0.06199091866384201,0.05052402174357464,0.04691496202722192,0.10727270320057869,0.08567266836762429,0.04307800976461067,0.05792448334395885,0.0450571559369564,0.07883569747209548,0.05818353146314621,0.19933428168296813
2025-12-08,0.06656963527202606,0.0984697014093399,0.06196788301907095,0.05037796964071042,0.047156167961657044,0.10640657097101211,0.08459910079836845,0.042953921869514036,0.05861733518540859,0.045127862691879274,0.08016304187476635,0.05828200466930866,0.19930880069732665
2025-12-09,0.06684897840023041,0.09750084169209003,0.06282230259747497,0.05014212159554319,0.047099847067147496,0.10555071253329515,0.0836155790835619,0.04319132431305661,0.05961755197495222,0.045084507390856746,0.08065524101257324,0.058393651619553566,0.19947735369205474
2025-12-10,0.06682348996400833,0.0966010382398963,0.06386638778059321,0.049958589970758104,0.04710756968706846,0.10472409501671791,0.08310239687561989,0.043263710256826474,0.06017148178070784,0.04543179962784052,0.08110571913421154,0.058427364006638526,0.19941634833812713
2025-12-11,0.06699965074658394,0.09536565560847521,0.06502174504587047,0.05005966461429008,0.04751619566231966,0.10380379334092141,0.08277316577732563,0.04336018719662889,0.06032482385635376,0.04551640227437019,0.08139180801808835,0.058445514366030696,0.19942138195037842
2025-12-12,0.0672497346997261,0.09342642650008201,0.06647931623494703,0.050191997485373285,0.04752785544842482,0.1033145540393889,0.0824012465775013,0.04339314016286835,0.060523546859622,0.04622101541608572,0.08139829859137535,0.058817028626799585,0.19905582666397095
2025-12-15,0.06826834753155708,0.09457490416243672,0.06611735457496941,0.04894815299639692,0.04726234897971153,0.10197749100625515,0.08168329894542695,0.04519644350704084,0.06004885789006949,0.04683410283178091,0.08027841076254845,0.057934902235865594,0.20087539851665498
2025-12-16,0.06878691092133522,0.0953025871887803,0.06553700529768722,0.04842296716253376,0.04728822456672788,0.10159580819308758,0.0816702276468277,0.04681930119506887,0.059784778766334055,0.047680494375526905,0.0795344203710556,0.05775497630238533,0.19982229471206664
2025-12-17,0.06858430579304695,0.0953028212301433,0.06491307440410062,0.04794313438182982,0.04731995947659016,0.10149559862911701,0.0817381951957941,0.04801799258242454,0.05974805802106857,0.04880461972206831,0.0786871962249279,0.057661880552768704,0.1997831404209137
2025-12-18,0.06923244744539261,0.09672889821231365,0.0631582535404723,0.04777688661712407,0.04730069097131491,0.10095619037747383,0.08116056062281132,0.047972266418480555,0.059306516870856286,0.050508819706738,0.07772917635738849,0.05783984772861004,0.2003294289112091
2025-12-19,0.06940994039177895,0.09957403494045139,0.06204922842150644,0.047929730206077534,0.047832923103123905,0.1008685185573995,0.08098652362823486,0.04788480360003859,0.05903252474963665,0.051291678100824356,0.07594909891486168,0.057304079085588454,0.19988691210746765
2025-12-22,0.06952200531959533,0.10091514317318798,0.06167386792462359,0.04834881664697619,0.04834160441532731,0.10038770753890276,0.08014566265046597,0.04795539675805003,0.05882141999900341,0.05208471529185772,0.07535351924598217,0.056944400817155835,0.19950569570064544
2025-12-23,0.07020912766456604,0.10060139941051602,0.06169360839592759,0.0488595525689469,0.048895020689815286,0.09955299869179726,0.07938377670943737,0.04778464475967894,0.05903759375214577,0.05262787155807018,0.07498173862695694,0.057158616930246355,0.19921403825283052
2025-12-24,0.07129230871796607,0.10036405017599463,0.060398256910069746,0.04968153740444521,0.0495867352001369,0.09841187428683043,0.07868716977536679,0.04767605768233807,0.059257646650075914,0.053486136719584465,0.07506269253790379,0.05716796666383743,0.1989275634288788
2025-12-26,0.07251891717314721,0.10006269877776504,0.0597487676178341,0.05028280989126852,0.05010351287201047,0.09694136818870902,0.07791926302015781,0.04773262455449867,0.05926851332187653,0.053866404294967654,0.075129334628582,0.05754458121955395,0.19888119995594025
2025-12-29,0.07357962429523468,0.099352490529418,0.05844101014396123,0.050955287602583076,0.05082388063892722,0.09544362295418977,0.07671444043517113,0.0475369815788099,0.05914793610572815,0.05535804405808449,0.07600737623870372,0.05777386464178562,0.19886544942855836
2025-12-30,0.074769626557827,0.09826385518535971,0.057602976095398974,0.05132920573919719,0.05132884550839663,0.09497933564707636,0.07622213214635849,0.04787779303517255,0.059203870594501495,0.053899535164237025,0.07674469947814941,0.05833876430988312,0.19943938851356507
2025-12-31,0.07546256110072136,0.09659975254908204,0.05617466885468385,0.05172836650860404,0.05203803600743413,0.09485045587643981,0.0757018730044365,0.047962946362031286,0.05917519778013229,0.05455053076148033,0.07764730900526047,0.058836345374584195,0.19927192628383636
2026-01-02,0.0763142891228199,0.09543112339451909,0.05525835333182503,0.05144395595233586,0.052325977571308614,0.09490193976089359,0.0753254782408476,0.04911735482711492,0.05886289440095425,0.05435467101633549,0.07746986746788025,0.0590054914355278,0.200188609957695
2026-01-05,0.0769612230360508,0.09332914957776665,0.05538992896315058,0.05171940915144653,0.05244971616193652,0.0949287167750299,0.07515682503581048,0.049476942940259505,0.05895639918744564,0.054713813588023186,0.07776616737246514,0.059355751052498816,0.1997959643602371
2026-01-06,0.07741138264536858,0.09120512064546346,0.05545285067185155,0.05174815124354062,0.05233540181070566,0.09505425309762358,0.07546154893934727,0.049201199332264876,0.05934158973395824,0.0550410907715559,0.07699806168675423,0.059337996691465375,0.201411372423172
2026-01-07,0.07809302881360054,0.09021061696112156,0.05615359918874248,0.05193889865631309,0.052809730730950834,0.09542920757085085,0.07570726089179516,0.048733740105740254,0.059910881146788594,0.05523176398128271,0.07623142376542091,0.059987512230873105,0.19956236183643342
2026-01-08,0.07817818522453308,0.08904010942205787,0.056548705840683236,0.05199286369589799,0.05289122611284256,0.0960845441557467,0.07612158469855786,0.04852880525406818,0.06024542078375816,0.055369236320257184,0.07540094926953315,0.060269308462738994,0.19932908415794373
2026-01-09,0.07822323888540268,0.08695960892364382,0.057900796206675945,0.05203571090651451,0.05303626386448741,0.09621621863916516,0.07574530206620693,0.048212098822250485,0.06035255081951618,0.055972450599074366,0.07517256662249565,0.06104969158768654,0.19912348687648773
2026-01-12,0.07819415293633938,0.086109849344939,0.05853334828526417,0.05228709688428275,0.05331983398646116,0.09639300908893347,0.07582099922001362,0.047904532585130256,0.06028610579669476,0.05631041079759598,0.07457057759165764,0.061074917390942576,0.19919516444206237
2026-01-13,0.07829032987356185,0.08474374609068036,0.05898367369160553,0.05259300326830303,0.053991987463086845,0.09639791650697589,0.07576082609593868,0.047278877432381704,0.06048168689012527,0.056539458222687244,0.07457940131425858,0.061245222017169,0.19911389350891112
2026-01-14,0.0781506720930338,0.08340096808969974,0.058963688920343316,0.05283443630800768,0.05414527617394924,0.09658391121774912,0.07628955971449614,0.04733185070692798,0.0605076901614666,0.056118368729949,0.07478775605559349,0.06180300414562225,0.199082812666893
2026-01-15,0.07745618559420109,0.08274425836279989,0.059283228799988485,0.05301822589177352,0.05492366338148713,0.09631619406864048,0.0767085537314415,0.047238386167418864,0.059924434125423434,0.05620111059397459,0.07490876838564872,0.062139696627855304,0.1991373062133789
2026-01-16,0.07719903104007245,0.08285221662372351,0.06004152037538013,0.05295771981169857,0.055882551427930596,0.09574756110087038,0.07664779480546713,0.04708636364173344,0.059306880459189415,0.05571679677814245,0.07498416006565094,0.06262795068323612,0.19894946217536927
2026-01-20,0.07718168385326862,0.08222770635038615,0.060438817375287536,0.05308639908974655,0.05638106595724821,0.09494076175615192,0.07634736392647028,0.04718367229602336,0.05881865955889225,0.055408396385610105,0.07529628202319145,0.06361219845712185,0.19907700419425964
2026-01-21,0.07752788811922073,0.08340408308431506,0.0588289773681371,0.05325779043455814,0.05645304350182414,0.09275298677384854,0.07594185266643763,0.047904144904373426,0.05881588086485863,0.05478914640843868,0.0756033755838871,0.06428013816475868,0.20044070482254028
2026-01-22,0.07817168571054936,0.08533306270837784,0.05825761385164938,0.053537257035885764,0.05680591138079762,0.09032450476661325,0.07568057030439376,0.047845565692659874,0.05869536362588405,0.05319775156676769,0.07547562420368195,0.06480758860707284,0.2018674999475479
2026-01-23,0.07830887660384178,0.08656305791810155,0.058347671413214466,0.05388437059111038,0.057573461160063746,0.08879874898120761,0.0756563663482666,0.04791153801199925,0.059408750385046005,0.05296460725367069,0.07627394422888756,0.06487112194299698,0.1994374692440033
2026-01-26,0.07747158408164978,0.08643683791160583,0.05676719690370433,0.05405540937356061,0.058711808361113074,0.08786261659115553,0.075612024217844,0.04778412280777502,0.060138901323080064,0.05325756492093205,0.07743972390890122,0.0651888445019722,0.19927335679531097
2026-01-27,0.07637947797775269,0.08602422773838043,0.05533894406209931,0.054245012063345754,0.05988912573084235,0.08730819392949343,0.07571483124047518,0.047730995727397384,0.06071679927408695,0.053848933335393666,0.07892816215753555,0.06472672447562218,0.19914855062961578
2026-01-28,0.07598998248577118,0.08603521287441254,0.05412632266552801,0.054309846185515376,0.0609093464910984,0.08667828841134906,0.07583235129714012,0.04743909151588923,0.06103083007037639,0.05399479018524289,0.0803352564573288,0.0642117626965046,0.19910689294338227
2026-01-29,0.0757640153169632,0.08606918780133128,0.052576587002587695,0.05479186434067866,0.06179145686328411,0.08580616107210517,0.07579564340412617,0.047052117410726166,0.061367946490645406,0.05405394313856959,0.08176329657435417,0.0641443133354187,0.1990234822034836
2026-01-30,0.07542341649532318,0.08546076836064458,0.05151264957967516,0.0554918110456434,0.0623509737662971,0.08519575353711843,0.07575223725289107,0.04666738181724668,0.061291646026074884,0.05365341333672404,0.08320520743727684,0.06507174372673034,0.1989230215549469
2026-02-02,0.050883743166923526,0.05879494328983128,0.03473130927816488,0.0376567987370958,0.04264531079679727,0.05813517211936414,0.05144509524106979,0.03150298003074568,0.04140347056090832,0.03338846117258072,0.05511652119457722,0.044067247211933135,0.460228955745697
2026-02-03,0.05116720348596573,0.059720965148881075,0.03542518772264262,0.03745865574408107,0.04333746787160635,0.058286231383681296,0.051171463914215565,0.03120310974846916,0.04132748078554869,0.03252511410973966,0.053550316393375395,0.04396248012781143,0.46086432337760924
2026-02-04,0.05171626210212708,0.06039099437184632,0.03521624502062313,0.036786095151431296,0.04376985318958759,0.05862356484867633,0.051339895091950895,0.030777818149522317,0.04128205329179764,0.0337211896199733,0.052569009363651276,0.04339588060975075,0.46041114926338195
2026-02-05,0.05314693339169026,0.0629091880749911,0.03535990775289868,0.03706610541179387,0.04448429262265563,0.06069692703895271,0.052695095911622046,0.0312242455169212,0.04248225912451744,0.034403463220223786,0.052130468934774396,0.04450008571147919,0.4489010214805603
2026-02-06,0.05266487337648869,0.06265589958056808,0.03473885634411378,0.03707508703299851,0.04394688978791237,0.06007560985162854,0.05216409508138895,0.031018987225945694,0.04171330612152815,0.033958645863458516,0.04988335222005844,0.043283453211188316,0.45682093501091003
2026-02-09,0.05121496804058552,0.06269642440602183,0.03507192718174075,0.03661834208888024,0.04317783466540277,0.059930237010121346,0.051668068207800386,0.030534118691650746,0.04140796754509211,0.03395671593025327,0.04835054948925972,0.0423430684953928,0.4630297839641571
2026-02-10,0.050205229222774504,0.06239180415868759,0.03497526184894646,0.0362907047313815,0.04288602494634688,0.06133451065979898,0.052342644147574904,0.030655859685157338,0.04201555456966162,0.034098402969539164,0.04780547246336937,0.04225361943244934,0.46274490356445314
2026-02-11,0.049438349530100824,0.06155026569031179,0.03474732219449663,0.035934876874236285,0.04290034775622189,0.06307090828195214,0.05319668147712946,0.03130518589653093,0.04282208438962698,0.03356152349151671,0.04677758179605007,0.04304368868470192,0.4616511881351471
2026-02-12,0.04937271662056446,0.061027398752048614,0.0345400971533115,0.0360185828353627,0.04363374151289463,0.06512855906039476,0.054011556506156924,0.03192524817764024,0.04392638709396124,0.03389022387564182,0.04659899435937405,0.043487056344747546,0.45643943548202515
2026-02-13,0.04946003071963787,0.06117558125406504,0.03405782079470896,0.034820912398816795,0.043147038016468284,0.0643958933185786,0.05300838481634855,0.032096237855694196,0.04299043882638216,0.03301351321861148,0.045271840691566465,0.042863081023097035,0.46369922161102295
2026-02-17,0.04997680857777596,0.06187586886808276,0.03414060339231408,0.034100648998851034,0.04352385965175927,0.06483313022181392,0.052996126003563404,0.03239541033794922,0.04293936006724834,0.033183213649317624,0.04488994590938091,0.04287106618285179,0.4622739553451538
2026-02-18,0.04984432384371758,0.06168933277949691,0.03390147454938717,0.03385485135720874,0.04396487157791853,0.0668810407165438,0.05383291579782963,0.03340688263604079,0.04321664776653052,0.032625283719971775,0.04415729902684688,0.04351272694766521,0.45911234617233276
2026-02-19,0.05048478916287422,0.06169120599515736,0.033897895187879536,0.034201227455320546,0.045062570739537476,0.07003876869566739,0.055581020563840865,0.03458884209851476,0.04441593959927559,0.03392188346479088,0.04402071721851826,0.044229916483163836,0.4478652536869049
2026-02-20,0.055662618950009346,0.06715773530304432,0.03742523910811783,0.03804249532515343,0.05047932993620634,0.0806821777485311,0.06337941959500312,0.03955178077965229,0.05001138523221016,0.038084225123748185,0.048182974383234975,0.04989401251077652,0.3814465939998627
2026-02-23,0.06049792505800724,0.07222894383594394,0.04039425966073314,0.042130979795290104,0.05534519338980317,0.09045997732318938,0.07004368528723717,0.04389713802972892,0.05505776312202215,0.042274676240049304,0.05233896970748901,0.05575211495161057,0.31957836747169494
2026-02-24,0.06893831044435501,0.0819727991707623,0.04515770161440802,0.04725791949617886,0.06161390719935298,0.10359512902796268,0.07996137328445911,0.05031339034480879,0.06164020318537951,0.048437998397275805,0.058739710599184036,0.06331288367509842,0.22905866503715516
2026-02-25,0.07159365601837635,0.08488161843270063,0.04677619176170182,0.048717566920717915,0.06332758059725166,0.10824754601344466,0.08295159786939621,0.05200919734884337,0.06319943387061358,0.04909881060011685,0.06020297631621361,0.0655912458896637,0.20340258479118348
2026-02-26,0.0712364599108696,0.08459613719023765,0.04664808852971589,0.049200228969833934,0.06325733987614512,0.11050148969516158,0.08395495228469371,0.052223954696501096,0.06338543295860291,0.04889847945887595,0.06022862084209919,0.06601863205432892,0.1998501718044281
2026-02-27,0.07010830901563167,0.08510792702436447,0.046318754909238355,0.04892353857944496,0.0621000268496573,0.11234177257865667,0.08502467721700668,0.052315715241320504,0.0628081701695919,0.04913563404697925,0.05946518257260323,0.06700382009148598,0.1993464559316635
2026-03-02,0.06890538111329078,0.08457868969999253,0.046033369252679715,0.04862639903344927,0.061392201390117404,0.11393188638612628,0.0863956518471241,0.05236096646372061,0.06239576563239098,0.04942043626215309,0.05907687693834305,0.06764751747250557,0.19923487901687623
2026-03-03,0.06734541803598404,0.08271552883088588,0.046876854090120365,0.05062588165520623,0.06038997694849968,0.11457187845371664,0.08730564638972282,0.052180611290032174,0.061755316145718095,0.049331102147698404,0.058841630816459656,0.06846254914999009,0.1995976060628891
2026-03-04,0.057011407986283305,0.06940541542135178,0.03957351128301738,0.043976459758903096,0.04877307116985321,0.0975940021686256,0.07490313723683358,0.043952476200047386,0.05172439403831959,0.04040787946432829,0.049729108437895776,0.05824836939573288,0.3247007727622986
2026-03-05,0.05858324579894543,0.07131716855801642,0.04153751841115607,0.04777093022098864,0.049504398554563525,0.10140138668939472,0.0784669678658247,0.04588258921785382,0.05341854393482208,0.042395327775739136,0.05268770642578602,0.061344214528799054,0.2956900238990784
2026-03-06,0.05414212495088577,0.06454600151628256,0.038793033308291314,0.045912357841368844,0.04432931048795581,0.09339415773283691,0.07312302105128765,0.04317444540674842,0.0506704380735755,0.039082046551629904,0.0507434718310833,0.05750278756022453,0.34458680748939513
2026-03-09,0.06142830811440945,0.07209416287951172,0.043221913527913006,0.05257528047220994,0.04753299625590444,0.10275051537901163,0.08231869451701641,0.04913236184979723,0.058628370985388756,0.04350131590617821,0.05760415084660053,0.06458896175026893,0.2646229535341263
2026-03-10,0.06405908614397049,0.07583811962977052,0.046105956926417765,0.05325184013899502,0.04654279220849276,0.10508356855716557,0.0847971074283123,0.049903392060969054,0.060015205107629296,0.043862593395169826,0.05930337905883789,0.06659338101744652,0.24464358687400817
2026-03-11,0.06717592403292656,0.07877317294478417,0.04837655607086191,0.05562063532662069,0.04597077798098326,0.10949865949805826,0.08929149322211742,0.05456607999362859,0.06342125236988068,0.04530853914329782,0.06431002840399742,0.06976646333932876,0.20792040526866912
2026-03-12,0.06835824735462666,0.07885455619543791,0.04870328103516055,0.05632277820861997,0.04437498077750206,0.1109466751338914,0.09145045354962349,0.0587458731112747,0.06607464086264372,0.044961591134779155,0.0682876992970705,0.07122998759150505,0.19168923795223236
2026-03-13,0.06855646409094333,0.07812700904905796,0.047678481444277845,0.055210591581583125,0.04272397421300411,0.10588958403095602,0.08802693188190461,0.05776647807838344,0.06678901743143797,0.04369041920872405,0.06903181746602058,0.0686202734708786,0.20788899064064026
2026-03-16,0.07107664532959461,0.08013001955114304,0.048719430601426514,0.0561541415889808,0.04268037136644125,0.10481438394635915,0.08728215694427491,0.05798231134149319,0.06908487882465124,0.04367553103948012,0.07188620194792747,0.06938863843679428,0.19712528884410857
2026-03-17,0.07115521058440208,0.08021581885404885,0.04861109462567779,0.055042015481443586,0.04100663159042597,0.10137415139470249,0.0842618204653263,0.055310526129778735,0.06871733125299215,0.042759371106512845,0.07310860268771649,0.06880224198102951,0.2096351832151413
2026-03-18,0.07214627899229527,0.08089657654054463,0.04886133054536046,0.05502514529969371,0.03985191024839878,0.10113569565583021,0.08417384885251522,0.05475397991845057,0.06947916708886623,0.04138163764728233,0.07698106542229652,0.07017852514982223,0.20513483583927156
2026-03-19,0.06949503533542156,0.076445292821154,0.04481740479398795,0.05260596690641872,0.03633745051920414,0.09350366725120693,0.07775118127465248,0.05188231749684746,0.06676192115992308,0.037360803713090716,0.07381710410118103,0.06647173464298248,0.2527501344680786
2026-03-20,0.07299380861222744,0.07986519620753825,0.04673351423727414,0.0545787451448323,0.03664413187652826,0.09612771824467928,0.07974387183785439,0.05328266440360494,0.06913688108325004,0.03683222804684192,0.07745411917567253,0.06931045204401017,0.2272966980934143
2026-03-23,0.051717217266559604,0.05661587668582797,0.032309802981711225,0.03872746456327292,0.025280687585473062,0.06712555852718652,0.05554464589804411,0.03837287349304006,0.04978994801640511,0.024452590732835233,0.05480409916490316,0.04891936779022217,0.4563398897647858
2026-03-24,0.05246930718421936,0.05745397405698895,0.03257531841856789,0.03874071129044534,0.02512328904122114,0.0667644748929888,0.05559931360185146,0.03802652823055723,0.050939062424004075,0.022987993876449765,0.05344296973198652,0.05010463818907738,0.45577239990234375
2026-03-25,0.052479904145002365,0.057253984129056336,0.032544705664251695,0.03813448650588427,0.024350998736917973,0.06646422543562949,0.0550319941714406,0.0376106161632606,0.05298183634877205,0.022529316414147616,0.055015137605369094,0.05035221613943577,0.45525058507919314
2026-03-26,0.052575740963220596,0.05734929512254894,0.0325132890670675,0.03780934925141555,0.02407734449952841,0.06586424291599542,0.05457853488624096,0.03730970837386849,0.0545962393283844,0.022807737975381315,0.05544401053339243,0.05064279995858669,0.4544317126274109
2026-03-27,0.05348496288061142,0.0580716794822365,0.03215798262983789,0.03772007418674015,0.023767816089093684,0.06548518217168749,0.05216456037014723,0.03820407696655366,0.056205442361533645,0.02202727310359478,0.05570867154747248,0.0486912701278925,0.4563110053539276
2026-03-30,0.05538638792932034,0.05919779944233596,0.031583689990591426,0.037446254669612246,0.023335676267743112,0.0643739941995591,0.050593696720898154,0.03828166670402879,0.057509719394147396,0.02219323490280658,0.05624567996710539,0.047346461191773416,0.45650574564933777
2026-03-31,0.05720292031764984,0.06024855263531208,0.030888714109578785,0.03724671291675872,0.022739050351083277,0.06284593832679093,0.049795996583998206,0.038341208875317535,0.05833701565861702,0.02218847272451967,0.05791091471910477,0.04706448800861836,0.4551900148391724
2026-04-01,0.05766142494976521,0.06201863596215844,0.031589203308578104,0.037223611791279684,0.022976175509393217,0.061539007583633065,0.04907564427703619,0.03816494331747435,0.05769660305231809,0.02219071632716805,0.05913156270980835,0.04729685299098492,0.4534355938434601
2026-04-02,0.057025385275483134,0.06272908747196197,0.03172209378267965,0.03687622364560479,0.022779792174696924,0.06097269197925925,0.04894348811358214,0.038069557803646605,0.05740230157971382,0.022223230078816415,0.06030084788799286,0.047675908729434016,0.4532793998718262
2026-04-06,0.05632679387927055,0.062364055681973694,0.03184821193260649,0.036257589437474994,0.02256107535213232,0.06114756474271417,0.049358260445296766,0.03834689151422026,0.05747163165360689,0.02199456668458879,0.06088977865874767,0.048577549308538436,0.4528560221195221
2026-04-07,0.05602035894989967,0.06223847893998027,0.032158297098528264,0.035984009127670726,0.022709348052740098,0.061338006309233604,0.04973273482173681,0.038235658712824264,0.057794662192463875,0.02203093289863318,0.06033888719975948,0.04913046397268772,0.45228817462921145
2026-04-08,0.054871334508061406,0.06108078500255942,0.032425886978186644,0.03483358555673721,0.02233971431851387,0.06038283696398139,0.04896539710462093,0.03754324708304466,0.05704455431550741,0.022324281139299275,0.05881415158510208,0.048537333682179454,0.46083688735961914
2026-04-09,0.05396585576236248,0.061116511654108766,0.03319222700232096,0.034854020638175776,0.02291624005883932,0.060002092341892424,0.04919424206018448,0.037209851726265696,0.0560426102951169,0.022239698749035596,0.05739561878144741,0.04884263873100281,0.4630284011363983
2026-04-10,0.05328247509896755,0.0608198868110776,0.03358714906947746,0.03427535806591457,0.022544512525200844,0.060552674275822935,0.05027930438518524,0.03705101560180992,0.05607704371213913,0.022319943888578563,0.056914742290973666,0.049663884565234184,0.462632018327713
2026-04-13,0.05288545414805412,0.06071330001577735,0.033949154191192044,0.034032496567204265,0.02258309107273817,0.06096335239708424,0.051258641108870504,0.03679650658466471,0.05770817846059799,0.02214094055816531,0.054788383096456526,0.050386208295822146,0.46179428696632385
2026-04-14,0.053118491917848586,0.06074192747473717,0.034481352046709365,0.033802406777278374,0.02267071958631277,0.061389056779444215,0.05247910376638174,0.03635464727708495,0.05822847262024879,0.021565618237946182,0.052656206861138345,0.0509743046015501,0.46153770089149476
2026-04-15,0.053367437422275545,0.06094644498080015,0.03492968970619596,0.03355362124500214,0.02294478677213192,0.06150204006116837,0.05363446921110153,0.03588145782466654,0.058092957362532616,0.021434027212671937,0.04999849684536457,0.051701661199331284,0.46201289892196656
2026-04-16,0.05464683137834072,0.06190405404195189,0.03541180312852514,0.03348658059305407,0.023119183816015722,0.062141738436184826,0.05504490341991186,0.03572254911375694,0.05854281224310398,0.021482961159199475,0.04901341684162617,0.05273060090839863,0.45675256848335266
2026-04-17,0.05884838961064816,0.06536682359874249,0.037534149921238755,0.0349364363494777,0.0246250931173563,0.0652702140621841,0.05887907948344946,0.03782402633855782,0.062064966186881065,0.02276648413389921,0.05101324357092381,0.05689380094408989,0.4239772975444794
2026-04-20,0.06042073592543602,0.06624775500968098,0.03837590547023577,0.035036270358281205,0.0253046115860343,0.06498746143188328,0.06018240079283714,0.03800301972003126,0.06244420036673546,0.023031288105994464,0.05136205665767193,0.058798803761601445,0.4158055007457733
2026-04-21,0.07163612097501755,0.07758327266201377,0.045902920701429116,0.040438444808914654,0.029712030664086342,0.07495775225106627,0.06978951562196016,0.0443673827085604,0.07221900895237923,0.02740166699513793,0.060388222336769104,0.06984121575951577,0.31576246619224546
2026-04-22,0.06622147858142853,0.06949787996709347,0.0408650283408333,0.03882181719659439,0.026841972954571247,0.06741910087876021,0.06363518089056015,0.03988381444671631,0.06578495353460312,0.02488353824010119,0.05373150333762169,0.0652120940387249,0.377201646566391
2026-04-23,0.06820984855294228,0.07084105778485536,0.04206092070965291,0.041229871792291914,0.027536902017891406,0.06779401095118373,0.06393705010414123,0.03999304137319086,0.06651963554322719,0.02672414529370144,0.05391300171613693,0.06645111963152886,0.36478939056396487
2026-04-24,0.07589858919382095,0.07845087498426437,0.04692232207630429,0.04654492200068017,0.030407594330608845,0.0741764286532998,0.07048765271902084,0.04415016085768002,0.0731746032834053,0.030202690092846752,0.05951931104063988,0.07503870502114296,0.2950261354446411
2026-04-27,0.081955187022686,0.08472920544445514,0.050226051490573374,0.05019937811264139,0.032950956374406815,0.07925192629918457,0.07563462406396866,0.046723205252010305,0.07771066948771477,0.032777237344998864,0.06350193917751312,0.08025885671377182,0.2440807491540909
2026-04-28,0.08709080144762993,0.08904661238193512,0.0526566735647231,0.05218982696826071,0.03436229284852743,0.08246395154856145,0.07875572890043259,0.048551989092766236,0.08058596067130566,0.034493116533849386,0.06695205643773079,0.08350141867995262,0.2093495637178421
2026-04-29,0.08907373249530792,0.09057200625538826,0.052509750112401575,0.05173187162807622,0.03453112374991178,0.08257583933882415,0.07912911586463452,0.04847663350451512,0.08012816943228245,0.03593467369209975,0.0678493894636631,0.08474870026111603,0.20273899137973786
2026-04-30,0.09074022695422172,0.09217883367091417,0.05186585632747161,0.05135650237046772,0.03441407829523087,0.08193668616004288,0.07831169441342353,0.04957691587933368,0.08006224259734154,0.036291021562647074,0.0678634338080883,0.08437426313757897,0.20102824866771699
2026-05-01,0.09151659458875656,0.09181806687265634,0.05139398199038592,0.05063633627604407,0.03419853169471025,0.08053805180825294,0.07691907323896885,0.04913340486832567,0.0785052690654993,0.03679163618944585,0.06648414060473443,0.08358754888176918,0.20847733318805695
2026-05-04,0.09412327483296394,0.09412559643387794,0.051995064710246376,0.050208733142813954,0.03458185531198978,0.0807463692035526,0.07756568901240826,0.049544902335492226,0.07816254943609238,0.03728402653941885,0.06687517687678338,0.08383229970932007,0.20095443427562715
2026-05-05,0.09585561826825142,0.0944257190451026,0.05158971773864227,0.05111904488564214,0.034563242271542546,0.07975677261129022,0.07649835329502822,0.04921299771090162,0.07767209112644195,0.037982174498029056,0.06726736724376678,0.08299598842859268,0.20106090605258942
2026-05-06,0.09770707115530967,0.09500280022621155,0.051779654216291784,0.05157932572859458,0.03469290230423212,0.07865766980685293,0.07589795719832182,0.04833300861218959,0.07649627029895782,0.03933644406497479,0.06621453277766705,0.08223675712943077,0.20206561982631682
2026-05-07,0.09570828452706337,0.09263314176350831,0.05082924812195291,0.04999257733959119,0.0340401615947485,0.0755815169773996,0.07384730037301779,0.04614450743360976,0.07343853637576103,0.03848045882768929,0.06335247233510018,0.08011830374598503,0.22583347260951997
2026-05-08,0.09637610092759133,0.09314198084175587,0.05056760057030285,0.05136500189169428,0.03384262267500162,0.07478355732746422,0.07350393030792475,0.046489863867964235,0.07365512810647487,0.03795914804795757,0.06399880722165108,0.07947365120053292,0.22484261095523833
2026-05-11,0.09680054374039174,0.09308843277394771,0.05050491549257234,0.052371632971195584,0.03409224431961775,0.07346199690364301,0.07269844375550746,0.0458870023039708,0.07236242517828942,0.037034206429962066,0.06321709528565407,0.07826359122991562,0.23021745681762695
2026-05-12,0.10168888792395592,0.09628660064190626,0.05218553814588418,0.05409928706422722,0.03528314437717199,0.07540177847258747,0.07462269868701696,0.04697518793936979,0.07396047934889793,0.03736684186151251,0.06453065499663353,0.08024158701300621,0.20735732316970826
2026-05-13,0.10444747619330882,0.09835544023662805,0.05200885653838121,0.054131888260501526,0.03605842478573322,0.0757627785205841,0.07531468383967876,0.04741910252546404,0.07385348156094551,0.03672244496410713,0.0648774690926075,0.08088402971625328,0.2001639038324356
2026-05-14,0.1062388602644205,0.10050462037324906,0.05187679347828773,0.05355339606904615,0.03742766454815864,0.0751200676895678,0.07454258650541305,0.047233718146253524,0.07255504112690687,0.035573883238248526,0.06486817300319672,0.07995485961437225,0.2005503237247467
2026-05-15,0.10815615355968475,0.1025400374084711,0.05240828583730561,0.05252947968155368,0.03798039611428976,0.07466074330732227,0.07471777517348528,0.04694934592425852,0.07160750068724156,0.034402004501316696,0.0655155211687088,0.07910646349191666,0.19942629635334014
2026-05-18,0.08294155448675156,0.07845705281943083,0.039464409219480426,0.039937753555609315,0.028991450369358063,0.05716335189063102,0.057556805573403834,0.036331082453261845,0.055484365113079546,0.025311498052906244,0.05017204210162163,0.059577549993991855,0.3886110782623291
2026-05-19,0.0883819468319416,0.08368976563215255,0.042196593257148154,0.042213874305326374,0.031245935894548892,0.059805117244832215,0.05959806405007839,0.03856381168916414,0.058329579047858716,0.027468710084212943,0.054958558082580565,0.06184554770588875,0.35170249342918397
2026-05-20,0.09063898734748363,0.0859137561172247,0.04264146064403125,0.04238656101866667,0.03198045380413532,0.06060368791222572,0.06033243369311094,0.040150495893044535,0.059636827744543555,0.02783694533864036,0.057988909631967546,0.06225794404745102,0.33763155341148376
2026-05-21,0.07855473458766937,0.07423002887517213,0.03709569621474031,0.03577630982311497,0.02786237858235836,0.05136739616282284,0.052171693090349434,0.03487442520183777,0.05121805183589458,0.024165563174756245,0.050785958766937256,0.05360610820353031,0.42829168438911436
2026-05-22,0.08307242207229137,0.07860184796154498,0.039678690468067046,0.03688621671493362,0.029663108848035337,0.0531970490468666,0.05445589534938335,0.03721696259865439,0.05396933946758509,0.025656344124581665,0.055242158472537994,0.05667819492518902,0.3956818044185638
2026-05-26,0.09571567587554455,0.09139304310083389,0.046278848335898105,0.04119431236702109,0.033890366367995736,0.0597028180025518,0.061899708956480025,0.04303908165998109,0.06130413599312305,0.029177951952442528,0.06344063505530358,0.0657180167734623,0.3072454035282135
2026-05-27,0.09635791219770909,0.09202295951545239,0.04721134384470762,0.04048234976767624,0.034429006092250344,0.05859547560103238,0.06190679892897606,0.04317613777384395,0.06081378441303968,0.02886073710396886,0.06306134238839149,0.0668238379061222,0.30625832080841064
2026-05-28,0.10554747357964515,0.10061492435634137,0.052344230354077224,0.04324598291016386,0.037368617579340936,0.06286504324525595,0.06727010849863291,0.04738288847138392,0.06526650842279196,0.0316964291036129,0.06796397715806961,0.0731617733836174,0.24527205228805543
2026-05-29,0.11112986989319325,0.10568743087351322,0.055523310393627054,0.04410454645983357,0.03910418786108494,0.06532894424162805,0.07055020425468683,0.04942476420187632,0.06718641389161348,0.03380501507781446,0.07035482525825501,0.07609289139509201,0.21170759797096253
2026-06-01,0.11360737159848214,0.108124415948987,0.05652243693342971,0.043980197649104366,0.039914488792419434,0.06644931631162762,0.07197156734764576,0.05012010699565508,0.06733309831470251,0.03489525731420144,0.06943724825978279,0.07666794285178184,0.20097654163837433
2026-06-02,0.11514228954911232,0.10926731452345848,0.05611791652273919,0.04308515124437164,0.04078960455954075,0.06655020965263247,0.07210073806345463,0.04979694872508844,0.06659560315310956,0.03565190584631637,0.06832401975989341,0.07712652161717415,0.19945177733898162
2026-06-03,0.11619561091065407,0.10984548404812813,0.056294902403321245,0.04248993056729624,0.04113909937441349,0.06685486906208098,0.07249908708035946,0.049177662092733956,0.0658058987930417,0.03659838296007365,0.06656613200902939,0.07733653858304024,0.19919640123844146
2026-06-04,0.1175058700144291,0.11059556007385254,0.055638136356958155,0.042296496806931747,0.041169510968029496,0.067070308374241,0.0726046733558178,0.049023551160644274,0.06552689652889968,0.03700283081270754,0.06551398932933808,0.07611330151557923,0.1999388664960861
2026-06-05,0.11813265904784202,0.11074205785989762,0.05629655455334248,0.042252617380381705,0.04094626158475876,0.0676263548899442,0.0733396865427494,0.048796198429727156,0.06504814997315407,0.03756450773216784,0.06530794203281402,0.07500758394598961,0.19893943667411804
2026-06-08,0.07843886725604535,0.0724392618983984,0.038501771205609714,0.03012293694923205,0.02669802065938711,0.046941330772824585,0.05084784124046564,0.034080612308093804,0.04541275184601545,0.024529891565907746,0.044295047968626024,0.05052791647613049,0.45716375708580015
2026-06-09,0.0757395887747407,0.06996690146625043,0.03917314494462758,0.030901544492711965,0.026651033945381642,0.046404949761927126,0.0497153690084815,0.0334173698896393,0.045398974977433684,0.02444644717616029,0.044370010122656824,0.04955891780555248,0.46425575017929077
2026-06-10,0.07329099103808404,0.06837196126580239,0.039655862134347686,0.031671431628275036,0.02641064189374447,0.046969860116951166,0.051040411554276945,0.03351068008269067,0.04611756317317486,0.024032877635909243,0.0443059641867876,0.050413889810442924,0.46420787572860717
2026-06-11,0.07265086658298969,0.06826799474656582,0.039505556030489684,0.03228013870694042,0.02605875488370657,0.047215013904497026,0.051824852079153064,0.03327485718830303,0.04616578444838524,0.02315121846040711,0.044022778049111366,0.05037343949079513,0.4652087569236755
2026-06-12,0.07161765918135643,0.06841562353074551,0.03984976777565112,0.032695914147212866,0.026528614293783902,0.04724015910178423,0.05350073706358671,0.03276863481219152,0.046721248887479305,0.023293841129634528,0.043354577571153644,0.05074668563902378,0.46326653361320497
2026-06-15,0.06955866292119026,0.06713383123278618,0.03996599784169117,0.032571633413465584,0.026296465937048197,0.04793295874260366,0.05499948002398014,0.0325554372092256,0.047667222656309606,0.02349425624124706,0.04306144490838051,0.05206768438220024,0.4626949429512024
2026-06-16,0.06681732684373856,0.06618521735072136,0.04005610443080947,0.03229541098249218,0.02650209842249751,0.04910998516716063,0.05667075626552105,0.032338840843067373,0.04855068773031235,0.023883383360225708,0.04245437681674957,0.05267438814043999,0.46246144771575926
2026-06-17,0.06407505385577679,0.06551306135952473,0.039776645536621656,0.03178182241568663,0.026107217371463775,0.050544983916915955,0.05857320725917816,0.03251597270448201,0.04880676250904799,0.024013810558244586,0.04170671552419662,0.05346985161304474,0.46311490535736083
2026-06-18,0.06356704905629158,0.06469316333532334,0.039594782809817805,0.030754134333949246,0.026000619772821663,0.051478918106295166,0.059272434748709205,0.032674189614499485,0.04929633047431707,0.024403579626232387,0.03990497104823589,0.054320807382464406,0.4640390396118164
2026-06-22,0.0629758458584547,0.06407069992274046,0.03979340084499139,0.029840682204901013,0.026224179565906523,0.052629437390714885,0.06093270992860198,0.03256196812324106,0.04979726411402226,0.025076437374809756,0.03831365332007408,0.05516322031617164,0.4626204907894135
2026-06-23,0.061531808227300644,0.062426541931927204,0.04023509491068413,0.029199764145432284,0.026285682432353498,0.05378200726117939,0.06276650857180358,0.03247582047022206,0.05037390366196633,0.025556658883579074,0.03719995059072971,0.055637580901384355,0.46252869367599486
2026-06-24,0.06156137175858021,0.06173821594566107,0.04002623349834202,0.030324769814009223,0.025511843990534543,0.054308790084905925,0.06411679601296782,0.032400223594845554,0.049417190812528135,0.02559509889106266,0.03583709113299847,0.05494979619979858,0.46421257853507997
2026-06-25,0.06099650599062443,0.0612430389970541,0.03986402719224724,0.031407447461727675,0.025816044863313438,0.05434341055806726,0.06567646004259586,0.03235929273182592,0.04949208293110132,0.024986472399905323,0.036154892295598984,0.053964713960886,0.46369561553001404
2026-06-26,0.059317099303007124,0.05998155474662781,0.03975052470744842,0.031864315827761835,0.025752075761556626,0.054955538758076725,0.06719395089894534,0.032256322413604724,0.04993510711938143,0.02565096610924229,0.03699914552271366,0.0536555714905262,0.46268783807754515
2026-06-29,0.057819077745079994,0.05926349014043808,0.039656702581006974,0.031629506719525226,0.02509638061746955,0.05569900686386973,0.06869093459099532,0.03216451550606507,0.049861285276710986,0.026397247484419496,0.03707879520952702,0.05420798733830452,0.4624350547790527
2026-06-30,0.05595237128436566,0.059791406989097594,0.03901138453614106,0.03170720670378824,0.024816626496613026,0.05738913774257526,0.07111691907048226,0.032538805213243906,0.05050554908812046,0.02665543492184952,0.03766273222863674,0.05458617135882378,0.45826625227928164
2026-07-01,0.055772381648421285,0.06134939230978489,0.04037979785253931,0.03212398682730733,0.02542033540084958,0.06084847326856106,0.07428088877350092,0.034227903940245594,0.05324879102408886,0.0279161311336793,0.039060923270881176,0.05774027705192566,0.4376307249069214
2026-07-02,0.05490486063063145,0.06343526933342218,0.04147742093186935,0.03291521359340592,0.025979781337082387,0.06354334467323497,0.07671431982889772,0.03527412096377702,0.055305212177336215,0.028637386701302604,0.03960085771977902,0.061015382409095764,0.42119684219360354
2026-07-06,0.06242825016379357,0.07590927686542273,0.04855114214585612,0.03779714120990878,0.030760104209184645,0.0755999289918691,0.09020613832399249,0.041551776579808575,0.06568651888519525,0.033447609032737094,0.045579076372087,0.07325641140341758,0.31922662258148193
2026-07-07,0.0642350971698761,0.08136063627898693,0.050528782505477744,0.038187372924839556,0.032764308899641034,0.07973423183429987,0.09388553565368056,0.042845051501490164,0.06990465205162763,0.034177044639363885,0.04661024622619152,0.07635912522673607,0.28940791487693784
2026-07-08,0.06404656916856766,0.08313133586198092,0.049989323512224536,0.03894325871017514,0.03296543769538403,0.08092214043717831,0.09349098755046725,0.044746558593351436,0.07125379126518964,0.03353663238813169,0.04531368240714073,0.07710058987140656,0.28455968499183654
2026-07-09,0.06859613358974456,0.09150354750454426,0.053334212598378096,0.04201093483356537,0.03677876684814692,0.08777181976474821,0.09905895655974746,0.049323172584081476,0.0777737781405449,0.03536426156642847,0.04773347079753876,0.08428483456373215,0.2264661431312561
2026-07-10,0.07005304470658302,0.09404290206730366,0.054493333234673716,0.04296363031420114,0.037922190688550475,0.09003313062712551,0.10022785356268286,0.05022767281006964,0.08076241947710514,0.035638779611326755,0.04774702414870262,0.08685759827494621,0.20903039276599883
2026-07-13,0.07190123796463013,0.09475646875798702,0.05430220782853716,0.043573017861303145,0.038715050742030147,0.0910280013922602,0.1001549867913127,0.050384286847565816,0.08266278635710478,0.0351287976896856,0.0481806181371212,0.08766045048832893,0.20155209302902222
2026-07-14,0.07402328625321389,0.09664705581963062,0.0533375274414162,0.04488203537345505,0.03922294806689024,0.09112161372322589,0.0998448128812015,0.051097868548185946,0.0841608714312315,0.03502909054514021,0.048121841996908186,0.0880049429833889,0.19450608193874358
2026-07-15,0.07432991191744805,0.09779993817210197,0.05214747592074449,0.043752877596684316,0.04063727017492056,0.08984978173393757,0.09643122116103768,0.04999309577224267,0.0829782836139202,0.03616932417498901,0.04746037721633911,0.08510110601782798,0.20334931313991547
2026-07-16,0.07535992935299873,0.09705391153693199,0.05194063169147452,0.0434910868898946,0.04109818041324616,0.09041979722678661,0.09625633824616671,0.04973925232607144,0.083585374802351,0.03691764380782843,0.04811856709420681,0.08516460955142975,0.20085467398166656
2026-07-17,0.07545524165034294,0.09786825515329838,0.051561438063041545,0.04348286363102645,0.04126080274581909,0.09007910027867183,0.09517988553270698,0.04869488332706169,0.08285763915628194,0.03733097288059071,0.04894054196774959,0.08557731434702873,0.20171106457710267
2026-07-20,0.0764495451003313,0.09809247590601444,0.050744920337098876,0.04328947234079657,0.04115310963243246,0.09042946575209498,0.09433536464348435,0.04767908417297804,0.08223831783980132,0.03905452365288511,0.05011487193405628,0.08559365496039391,0.20082516074180604
2026-07-21,0.07675401046872139,0.09841442722827196,0.04999601847877759,0.04337250930647372,0.0412806486710906,0.09104074343340471,0.09310996793210506,0.04789348370304651,0.08207561075687408,0.0391252284985967,0.05118717439472675,0.08619615733623505,0.19955401122570038
2026-07-22,0.07618963047862053,0.09747764114290476,0.049822775992678994,0.04276709704040584,0.0412354726344347,0.09086669542593881,0.09127192525193095,0.047317207147443696,0.0816674337722361,0.03871619622805156,0.05241864696145058,0.0864556796848774,0.20379359126091004
2026-07-23,0.07649967037141323,0.09608638565987349,0.049357869504239815,0.04279504570020283,0.041187265701591966,0.09163378700613975,0.09040182018652558,0.04741576889582575,0.08245829455554485,0.03873199760564603,0.055149564146995546,0.08757482767105103,0.20070774257183074
2026-07-24,0.07916608564555645,0.09738133996725082,0.04853015810262011,0.04471796396676773,0.040801793336868286,0.09129321073414758,0.08979380372911691,0.047710961024858986,0.08399001602083445,0.03893556644325145,0.0577694583684206,0.0879659704864025,0.191943696141243
2026-07-27,0.07979912087321281,0.09725250322371722,0.046953322434255006,0.044204076401882376,0.04056430123746395,0.08910037339664996,0.08578799413517117,0.046315303740357194,0.08203835980966687,0.039814656897215174,0.059795310348272325,0.08750846087932587,0.20086618661880493
2026-07-28,0.08059544004499912,0.0968178290873766,0.046909692594439355,0.044047936508109585,0.04108418077230454,0.08891795600065962,0.08527740091085434,0.04564886070011198,0.08195189833641052,0.03987013940932229,0.06098352372646332,0.08732803836464882,0.2005671113729477
2026-07-29,0.08061253391206265,0.09580725971609354,0.046858245957990444,0.043763607615299446,0.04112726747989655,0.08867294016527012,0.08483101055026054,0.04516460264940179,0.0812341695651412,0.03999976417981088,0.0626419223845005,0.08852077946066857,0.2007659137248993
2026-07-30,0.08353817947208882,0.09640644416213036,0.046793702728775165,0.04386997770450911,0.04056737255305052,0.08888978371396661,0.08675592327490449,0.04691264668963413,0.0816587700508535,0.03971148997079581,0.06397230848670006,0.08972510769963264,0.19119831323623657
2026-07-31,0.08153699971735477,0.09571291245520115,0.04558822845916222,0.04079640224013055,0.040306926146149634,0.08583029218716547,0.08302112827077508,0.04582079537162827,0.07828942285850644,0.03755138625274412,0.06222348473966122,0.08649735376238823,0.21682468950748443
2026-08-03,0.08295770436525345,0.09725474249571561,0.045905996879982605,0.04079612852803986,0.041242072731256484,0.0876782375969924,0.0835779863409698,0.046623398812289454,0.08019123300909996,0.037445455009583385,0.06452486626803874,0.0877625286579132,0.20403962731361389
2026-08-04,0.08257437199354171,0.09697573408484458,0.04641423705255008,0.040631268376785455,0.04136237073689699,0.08853541772114112,0.08315566908568144,0.04639926876429854,0.08123789113014937,0.03719245250103995,0.06608493328094482,0.08784862235188484,0.20158777832984925
