,SPY,QQQ,IWM,EFA,EEM,IEF,TLT,LQD,HYG,GLD,DBC,VNQ,Cash
2019-01-02,0.04363203644752502,0.045287514477968215,0.045578306168317796,0.04538274556398392,0.045817970484495166,0.04693483635783195,0.04639304205775261,0.04644682854413986,0.044665537774562836,0.04725558087229729,0.045798472315073016,0.045653827488422394,0.4511532783508301
2019-01-03,0.04216293841600418,0.04531723856925964,0.04599037393927574,0.04486708417534828,0.04585394337773323,0.048002072423696515,0.04693196192383766,0.04712114185094833,0.04373326227068901,0.0484537273645401,0.045992498844861986,0.044214983284473416,0.4513587713241577
2019-01-04,0.040243329107761384,0.0447281688451767,0.04500065967440605,0.04398195445537567,0.044454853236675265,0.049083811789751054,0.04802265167236328,0.04842553064227104,0.04385326653718948,0.05036467537283897,0.047110806405544284,0.0442942202091217,0.4504360735416412
2019-01-07,0.03938157185912132,0.045902376621961595,0.04545946046710014,0.0434624657034874,0.04390411451458931,0.04823068454861641,0.04739817157387734,0.04945230334997177,0.04316763132810593,0.05111673623323441,0.048374751955270766,0.044454663246870044,0.44969508051872253
2019-01-08,0.03802762627601623,0.04591350927948952,0.04560084789991379,0.042479760199785235,0.04272971749305725,0.04746063351631165,0.04720070995390415,0.05053947232663632,0.0422422394156456,0.052499768510460856,0.04990087449550629,0.044927722215652464,0.4504770994186401
2019-01-09,0.03687833733856678,0.045874401926994324,0.04587854966521263,0.04181620106101036,0.04187038764357567,0.04648953378200531,0.046875175833702085,0.051488079503178595,0.04154742695391178,0.053356562927365306,0.051588349789381024,0.04538932517170906,0.45094765424728395
2019-01-10,0.035763243958353994,0.045773891359567644,0.046096283942461014,0.04137948900461197,0.04142245575785637,0.04554126411676407,0.046571257337927816,0.052099990844726565,0.04114827029407024,0.054414864629507065,0.053038758039474485,0.04552440121769905,0.45122581720352173
2019-01-11,0.03531305119395256,0.04620250836014748,0.04694429710507393,0.04127783179283142,0.0413387693464756,0.044749794900417326,0.04609809406101704,0.05197927542030811,0.0414689552038908,0.05459936335682869,0.053914187103509904,0.0466313362121582,0.44948253631591795
2019-01-14,0.03543900959193706,0.047203028202056886,0.04845665693283081,0.04106723591685295,0.04151949882507324,0.04501723200082779,0.04692295230925083,0.05300463996827602,0.042054028064012525,0.056099783070385455,0.05545375719666481,0.048262762278318404,0.439499431848526
2019-01-15,0.034951890259981154,0.04782329127192497,0.0489651083946228,0.04100074842572212,0.041445398703217506,0.04540933817625046,0.0474213145673275,0.05327580273151398,0.042339617386460304,0.05774479061365127,0.05598765686154365,0.04941914081573486,0.43421589732170107
2019-01-16,0.03582395985722542,0.05004787892103195,0.05112091600894928,0.04199309423565865,0.042686619237065314,0.04687123820185661,0.04885343797504902,0.055015440285205844,0.04350643120706081,0.06042784508317709,0.058156813681125644,0.05207221284508705,0.41342411637306214
2019-01-17,0.04031273163855076,0.056732064485549925,0.05861884877085686,0.04725729525089264,0.04875702559947968,0.05346114635467529,0.05547583848237991,0.06252846159040928,0.04934878870844841,0.06934164706617593,0.06635863780975342,0.06012091785669327,0.3316865861415863
2019-01-18,0.04598766081035137,0.06513517424464225,0.06772169098258018,0.05360590219497681,0.05574362576007843,0.06130175217986107,0.06358421705663204,0.0717875599861145,0.056459352001547815,0.0797579638659954,0.07612544000148773,0.06962724253535271,0.23316243588924407
2019-01-22,0.04817621409893036,0.06833918988704682,0.07140482291579246,0.055799199640750884,0.05806275904178619,0.06338222697377205,0.0660635445266962,0.07528661005198956,0.05888045020401478,0.08135788943618535,0.0803146705031395,0.07336055859923363,0.1995718687772751
2019-01-23,0.04711369425058365,0.06905329525470734,0.07045596316456795,0.05349115505814552,0.05661855116486549,0.06358367279171943,0.06681932657957076,0.07701679430902005,0.05932628810405731,0.08179247491061688,0.08094076886773109,0.0740190252661705,0.19976899325847625
2019-01-24,0.046693123504519464,0.07011378780007363,0.07024289146065713,0.05266785547137261,0.056808196008205414,0.06388088464736938,0.06747005693614483,0.07919152975082397,0.05985137037932873,0.08214222472161055,0.0817503273487091,0.07502169907093048,0.19416605830192565
2019-01-25,0.04592418633401394,0.07051076889038085,0.07011024430394172,0.051604115217924115,0.056751954928040506,0.0637837789952755,0.06764326021075248,0.08080030307173729,0.059681269153952596,0.08190874177962541,0.08223130777478219,0.07580250203609466,0.19324756562709808
2019-01-28,0.045479082688689235,0.07060739547014236,0.07028698474168778,0.05092339441180229,0.056714295595884326,0.06312973946332931,0.067001461237669,0.08240286223590373,0.0590597540140152,0.0808520982041955,0.08275537565350533,0.07691786140203476,0.19386967420578002
2019-01-29,0.0444329310208559,0.07172298282384873,0.06994246914982796,0.05002954825758934,0.05582857951521873,0.06371819153428078,0.06722223423421383,0.0846802283078432,0.05873884707689285,0.08065003715455532,0.08087241426110267,0.0786825679242611,0.1934790015220642
2019-01-30,0.04329674877226353,0.07327797263860703,0.06947765052318573,0.049422626942396165,0.05538294054567814,0.06398994475603104,0.06716786958277225,0.08617231398820877,0.0580525629222393,0.08027796167880297,0.08055207133293152,0.07989110499620437,0.1930382251739502
2019-01-31,0.04239410981535911,0.0734113696962595,0.06959574297070503,0.04869941473007202,0.05506160631775856,0.06389514580368996,0.06679514609277248,0.08596342876553535,0.05712774582207203,0.08004008401185274,0.07969690263271331,0.080601504445076,0.1967178016901016
2019-02-01,0.042291828989982606,0.07373256832361222,0.0709096297621727,0.0484391026198864,0.055062596872448924,0.06448738276958466,0.06719666309654712,0.08449382074177265,0.05696334764361381,0.08096364112570882,0.07891026884317398,0.08273487463593483,0.19381426572799682
2019-02-04,0.04226757511496544,0.0734173186123371,0.07246442437171936,0.04858772680163383,0.054469743743538857,0.06329544261097908,0.0664530873298645,0.0830694917589426,0.05716787129640579,0.08205308085307479,0.08004770576953887,0.08364914953708649,0.193057382106781
2019-02-05,0.0425760917365551,0.0738304577767849,0.07441198974847793,0.04868221655488014,0.05402235686779022,0.062428048253059386,0.0654360894113779,0.08146081306040287,0.057302816584706304,0.08183162091299892,0.08055169582366943,0.08474561274051666,0.19272019267082213
2019-02-06,0.04293445907533169,0.07459997348487377,0.07585402354598045,0.04876430481672287,0.054137590900063516,0.06192041486501694,0.0648120954632759,0.07935469783842564,0.05775364525616169,0.08193413102999329,0.08006947934627533,0.085272878408432,0.19259227812290192
2019-02-07,0.043367992341518405,0.0749805796891451,0.07802223265171052,0.0484909925609827,0.052923718094825746,0.062158108502626416,0.06439922526478767,0.07761088125407696,0.05868032164871693,0.08064255742356181,0.08106924518942833,0.08498077020049095,0.19267336428165435
2019-02-08,0.04273204877972603,0.07619800493121147,0.07930362820625306,0.046729445829987525,0.051751235872507094,0.06253603622317314,0.06436554305255413,0.07695444785058499,0.05939406305551529,0.08087582420557737,0.08065483719110489,0.08603684976696968,0.19246805906295777
2019-02-11,0.04244007728993893,0.07686009742319584,0.08072174116969108,0.045558785647153856,0.05052556805312634,0.0632040947675705,0.0642501950263977,0.07626868784427643,0.059962356463074684,0.08068115031346679,0.08090080916881562,0.08624671548604965,0.19237973690032958
2019-02-12,0.04231933504343033,0.07661784291267396,0.08277565315365791,0.04490492604672909,0.04971582181751728,0.06420846208930016,0.0638582494109869,0.07517531365156174,0.0608180321753025,0.07952933488413691,0.08057648465037345,0.08696912303566932,0.19253138303756714
2019-02-13,0.042552251182496545,0.07642873637378216,0.08442898839712143,0.044424538314342496,0.0491019569337368,0.06490927934646606,0.06362920328974724,0.07447227984666824,0.06148693673312664,0.07905187588185073,0.08114197328686715,0.08589677289128303,0.1924751877784729
2019-02-14,0.04292338695377111,0.07573333643376827,0.08601889088749885,0.044000244140625,0.0480606522411108,0.06540086790919304,0.063253702968359,0.07329867370426654,0.06213725134730339,0.07818308970890939,0.08234276995062828,0.08631822168827057,0.19232889413833618
2019-02-15,0.04303643703460693,0.0755140520632267,0.08729912117123603,0.04361656308174133,0.04744329340755939,0.06558181270956993,0.06289859749376774,0.07244830057024956,0.06264686658978462,0.07763285026885569,0.08326424434781074,0.08625250309705734,0.1923653781414032
2019-02-19,0.04364932980388403,0.0752739455550909,0.08870197236537933,0.043435288220644,0.04643667601048947,0.06525508910417557,0.06256178356707096,0.07180409729480744,0.06288440637290478,0.07696227841079235,0.08409288600087166,0.08619644418358803,0.19274577498435974
2019-02-20,0.04422377236187458,0.07556930296123028,0.0894959658384323,0.043250054121017456,0.04627018980681896,0.0653087854385376,0.06250024326145649,0.07163111604750157,0.06320810765028,0.0753735825419426,0.08470897972583771,0.08578642159700393,0.1926734894514084
2019-02-21,0.04486166797578335,0.07558463104069232,0.09065884128212928,0.043237590417265895,0.046304208040237424,0.0654983326792717,0.062078655883669856,0.07138318046927453,0.06368288323283196,0.0735083734150976,0.08603237122297287,0.08450726121664047,0.19266197681427003
2019-02-22,0.04540458656847477,0.07546697184443474,0.09183675050735474,0.043571893498301505,0.04649415332823992,0.06570534780621529,0.060924720391631125,0.07062653750181198,0.06443841420114041,0.06968421190977096,0.08828901126980782,0.08474027886986732,0.1928171008825302
2019-02-25,0.04597161654382944,0.0759730227291584,0.09309216439723969,0.04372355528175831,0.04700741246342659,0.06570343375205993,0.06015567108988762,0.06901569664478302,0.06477384380996228,0.06761936927214265,0.08959447890520096,0.08471937999129295,0.19265035092830657
2019-02-26,0.04654866848140955,0.07646886482834817,0.09479031786322593,0.044263364747166634,0.04829854667186737,0.06600856930017471,0.059388038516044614,0.06817914247512817,0.06550076827406884,0.06635112701915205,0.08794900178909301,0.08356988430023193,0.19268373250961304
2019-02-27,0.04690302014350891,0.07710883133113385,0.0944163903594017,0.044779102131724355,0.048778454028069976,0.06645439118146897,0.058788987994194034,0.06751720383763313,0.06638809517025948,0.06556654190644622,0.0881621554493904,0.08268522918224334,0.19245163202285767
2019-02-28,0.04756891205906868,0.07771137282252312,0.09591539725661277,0.04512723386287689,0.04896857421845198,0.06630853936076164,0.05694813728332519,0.06623905077576638,0.06743706166744232,0.06404969999566675,0.08912656530737877,0.08204329982399941,0.19255615174770355
2019-03-01,0.048113670013844964,0.07848244607448578,0.09682905375957489,0.04557813629508019,0.048538752272725104,0.06610287092626095,0.055615532025694844,0.065253696590662,0.06857810728251934,0.06268560122698545,0.08942046388983727,0.0821627289056778,0.19263894557952882
2019-03-04,0.04946140460669994,0.07977030724287033,0.09937544241547584,0.04665743038058281,0.048703351989388466,0.06580897606909275,0.054109716415405275,0.06452318355441093,0.07004454843699932,0.058356094639748335,0.08796784728765487,0.08222626745700837,0.19299541115760804
2019-03-05,0.04996959026902914,0.08104617819190026,0.09830607324838639,0.047060994803905486,0.04886651374399662,0.0659853309392929,0.05302622877061367,0.06426815055310726,0.07131155841052532,0.056161556486040355,0.08834635838866234,0.08304360881447792,0.19260785579681397
2019-03-06,0.050258366391062737,0.08243012875318527,0.09712938144803047,0.04726237282156944,0.04939984511584043,0.06594694629311562,0.051883820444345474,0.06406367160379886,0.07217485047876834,0.054612161172553894,0.08882948756217957,0.08341775685548783,0.19259119033813477
2019-03-07,0.05006028935313225,0.08380100205540657,0.09168014228343964,0.04802743308246136,0.049797124974429605,0.06695338040590286,0.051481174677610396,0.06488257870078087,0.07338899038732052,0.05409732335247099,0.08908079788088799,0.08394753560423851,0.19280222356319426
2019-03-08,0.048809653520584105,0.08519399985671043,0.0888175830245018,0.04664976112544537,0.0490325478836894,0.06836174428462982,0.05139984674751759,0.06591892391443252,0.07435634955763817,0.05426041535101831,0.089442940056324,0.08514473736286163,0.19261148273944856
2019-03-11,0.04784990344196558,0.0860910803079605,0.08657897487282754,0.046006593853235245,0.04842343721538782,0.06990920305252075,0.05138995908200741,0.06683967486023903,0.07455072030425072,0.05387754891999066,0.08974858820438385,0.08584398105740547,0.1928903192281723
2019-03-12,0.04728436022996903,0.08647370263934136,0.0849351741373539,0.0455808911472559,0.04863501191139221,0.07097828388214111,0.051473000645637514,0.06788947917521,0.07436038292944432,0.05320663126185536,0.08960983455181122,0.0864793136715889,0.19309390783309938
2019-03-13,0.046888960711658004,0.08640564903616905,0.0830492377281189,0.04501175694167614,0.04843779467046261,0.0724034409970045,0.0518902275711298,0.06894936859607696,0.07441514059901237,0.053163504647091034,0.09005668684840203,0.08657895624637604,0.1927492767572403
2019-03-14,0.04688595812767744,0.08674387708306312,0.08215244188904762,0.04465250298380852,0.04792319629341364,0.07321706451475621,0.05183662995696068,0.06928563863039017,0.07454000525176525,0.052976801758632064,0.09042276740074158,0.08664443567395211,0.1927186906337738
2019-03-15,0.04735761452466249,0.08744759261608123,0.0818755604326725,0.044611720740795134,0.04757816269993782,0.0739482294768095,0.05150497853755951,0.0693701934069395,0.07504702880978584,0.050711576640605924,0.0903131641447544,0.0872762680053711,0.1929578959941864
2019-03-18,0.04791992288082838,0.08880575448274612,0.08206114545464516,0.044632012397050856,0.048042767122387885,0.07416554130613803,0.051217446103692055,0.06885653510689735,0.07512404173612594,0.049619121663272384,0.08997497856616973,0.0868003711104393,0.19278037250041963
2019-03-19,0.04851109925657511,0.08976984471082687,0.08282468616962432,0.044530614838004114,0.04859068039804697,0.07401259765028953,0.05065637268126011,0.06832125931978225,0.07520167231559753,0.048651052871719,0.0905375562608242,0.08564384952187538,0.19274871051311493
2019-03-20,0.049017269909381864,0.09092621803283692,0.08244861289858818,0.044561336562037465,0.048761917278170586,0.07397456504404545,0.05010753311216831,0.06800372079014778,0.07560277357697487,0.0479853100143373,0.09126357734203339,0.08460684344172478,0.19274030923843383
2019-03-21,0.04914694223552942,0.09220616221427917,0.08149955868721008,0.044910978525877,0.04884731657803058,0.07372608780860901,0.04964055903255939,0.06607548221945762,0.07627255842089653,0.04802487031556666,0.09259138181805611,0.08465640991926193,0.19240168631076812
2019-03-22,0.04958867393434048,0.09397011324763298,0.08188689351081849,0.04504495225846768,0.04860544465482235,0.07345236614346504,0.04928620904684067,0.06501797437667847,0.07618238404393196,0.04794443347491324,0.0921053983271122,0.08445805311203003,0.19245709776878356
2019-03-25,0.047179408185184,0.09369518086314202,0.0788616769015789,0.043481167405843735,0.0474162976257503,0.07529615685343742,0.04927910268306732,0.06511542461812496,0.07687435075640678,0.05004492667503655,0.09302655979990959,0.08489963784813881,0.19483010172843934
2019-03-26,0.04607328195124864,0.09407226964831353,0.07771599367260933,0.042908080667257306,0.04714758796617389,0.07673349976539612,0.04920005090534687,0.06555111110210418,0.07695269621908665,0.05173807051032782,0.0940613530576229,0.08549613282084464,0.1923498570919037
2019-03-27,0.04539838023483753,0.0940141998231411,0.07646007537841797,0.042388978973031045,0.04649325674399733,0.07772102877497673,0.04927792251110077,0.06610420867800712,0.07690071500837803,0.052237639226950704,0.09444316476583481,0.08614152818918228,0.19241889119148253
2019-03-28,0.04435845166444778,0.0938266959041357,0.07497518211603164,0.04219073839485645,0.04543678369373083,0.07929606884717941,0.049693768844008446,0.0673348855227232,0.07719787247478962,0.052627552789635955,0.09411235377192498,0.0863806128501892,0.1925690084695816
2019-03-29,0.044034925661981104,0.09335895627737045,0.07438998520374299,0.041863472387194636,0.0451549531891942,0.0808142615482211,0.05015711858868599,0.0684740275144577,0.07769757322967052,0.05038309607189149,0.09372505769133568,0.08725727871060371,0.19268929660320283
2019-04-01,0.04399722013622522,0.09299934543669224,0.07416357994079589,0.04175112210214138,0.04533796897158027,0.08110648039728403,0.050420350208878514,0.06903919465839863,0.07834086753427982,0.04933447225484997,0.09368779435753823,0.08698311001062393,0.1928384780883789
2019-04-02,0.044819742627441886,0.09250936396420002,0.07548245638608933,0.04237434007227421,0.04595587151125073,0.07776831705123186,0.04980773515999317,0.06798621937632561,0.07872048951685429,0.04914727983996272,0.09513588398694992,0.08759691342711448,0.19269541203975676
2019-04-03,0.0452892255038023,0.09258543960750103,0.07604689747095109,0.042430677264928815,0.04591889521107077,0.07596114613115787,0.04941783510148525,0.06741769425570965,0.07922289818525315,0.049104339838959274,0.09582780748605728,0.08825024738907813,0.19252688884735109
2019-04-04,0.04597483295947313,0.09332680702209473,0.07745198756456376,0.04277298711240292,0.04649763759225607,0.07345769815146923,0.04844194054603577,0.06620701365172862,0.07951067462563514,0.04889377891086042,0.09658609703183174,0.08816111981868743,0.19271740913391114
2019-04-05,0.04669277369976044,0.09419141486287116,0.07871256023645401,0.042635490745306016,0.047181625943630935,0.07135996297001838,0.04766752310097218,0.06528490111231804,0.07986920475959777,0.04891137811355293,0.09718709364533425,0.08762519359588623,0.19268087446689605
2019-04-08,0.04730152525007725,0.09539125561714172,0.07990401610732079,0.042570598796010016,0.04772905064746737,0.06932401303201914,0.0468167956918478,0.0643828772008419,0.07988972030580044,0.04890285956207663,0.09772063121199608,0.08733598738908768,0.19273069202899934
2019-04-09,0.047831873036921026,0.09663760960102082,0.08044770509004592,0.042583989724516866,0.047924680076539515,0.06795907150954009,0.04609060976654291,0.06368443854153157,0.08018783442676067,0.04916605928447097,0.098921799659729,0.08588075488805771,0.19268358647823333
2019-04-10,0.04776909612119198,0.09727796614170074,0.07906836494803429,0.04221433512866497,0.04822986386716366,0.0676491690799594,0.04588670339435339,0.06365113072097302,0.08102864511311055,0.04967504299711436,0.10031577870249749,0.08468901664018631,0.19254487454891206
2019-04-11,0.04768482316285372,0.09816549196839333,0.07871714010834693,0.04200678188353777,0.048128976859152316,0.06730514019727707,0.04586926456540823,0.06264648772776127,0.08136963285505772,0.05022344726603478,0.10136981457471847,0.08400972858071327,0.19250326454639435
2019-04-12,0.04799463078379631,0.09901242256164551,0.07868099510669709,0.042002944462001326,0.04755975604057312,0.06721289996057749,0.04587674085050821,0.06236240081489086,0.08248566426336765,0.04872485368978232,0.10161951333284377,0.08378558084368706,0.19268160462379455
2019-04-15,0.04844105783849954,0.09987134486436844,0.07879642322659493,0.042187307588756086,0.04741272637620568,0.06578238978981972,0.045546071417629716,0.062023644149303434,0.08306661583483219,0.048121363995596765,0.10229355245828628,0.0837439738214016,0.19271352589130403
2019-04-16,0.04875570572912693,0.10070798099040985,0.07870672568678856,0.042294773273169994,0.046918933000415566,0.06528548058122396,0.04555059894919396,0.061764196306467053,0.08389759995043278,0.047718085488304494,0.10285820513963699,0.08293641805648803,0.19260531961917876
2019-04-17,0.04971515126526356,0.10200580880045891,0.08013906553387642,0.04306738749146462,0.047464022878557444,0.06470495034009219,0.04528027139604092,0.061077308654785153,0.08491437621414662,0.046707838447764514,0.10368633717298507,0.07849467173218727,0.19274281561374665
2019-04-18,0.05029444918036461,0.10317039936780929,0.07977918311953544,0.04392822701483965,0.048064479138702154,0.06441023275256157,0.04524276088923216,0.06089531071484089,0.08536015041172504,0.04627982401289046,0.10431774109601974,0.07563958913087845,0.19261763989925385
2019-04-22,0.050801157206296924,0.10435140952467918,0.07932738587260246,0.04425582941621542,0.04827180560678244,0.06409553233534097,0.04510318338871002,0.06077919006347656,0.08535715937614441,0.046083723590709266,0.10498124808073044,0.07395522892475129,0.19263713657855988
2019-04-23,0.051408661901950835,0.10583029612898827,0.07934947162866593,0.0446428369730711,0.04809783194214105,0.0641172006726265,0.04468264523893595,0.06054755859076977,0.08500235341489315,0.045961228001397104,0.106329445540905,0.07129558771848679,0.19273490309715272
2019-04-24,0.05195990614593029,0.10749305337667465,0.07982591241598129,0.0449631167575717,0.04773289319127798,0.06418481320142747,0.044664325192570686,0.05992129445075989,0.08439339250326157,0.04610935911769047,0.10639725625514984,0.06981187760829925,0.19254278838634492
2019-04-25,0.05219255015254021,0.10829192623496056,0.0804567925632,0.04453158471733332,0.04656552895903587,0.06500832978636026,0.04471385199576616,0.05976977534592152,0.08398113027215004,0.04684319092193619,0.10626683682203293,0.069042107462883,0.19233642518520355
2019-04-26,0.05245635248720646,0.10962250009179116,0.0794633999466896,0.044401677511632445,0.04575129309669137,0.06570069808512927,0.044458124600350854,0.059780636057257655,0.08396153897047043,0.04740413163090125,0.10629496425390243,0.06822829395532608,0.19247638881206514
2019-04-29,0.05306952279061079,0.11071715354919434,0.0801229253411293,0.044544202648103236,0.04513491177931428,0.06667888686060905,0.04446689076721668,0.059820203110575676,0.0841288410127163,0.04816235611215234,0.10241674780845642,0.06824664026498795,0.19249071776866913
2019-04-30,0.05375970285385847,0.11189690679311752,0.08113393560051918,0.044865508936345576,0.04476285642012954,0.06734062656760216,0.044046002253890035,0.05858974792063236,0.08428415805101394,0.04836435683537275,0.1010298877954483,0.06738726645708085,0.19253903925418853
2019-05-01,0.0542566791176796,0.11200870797038079,0.08100457116961479,0.04504533093422651,0.0443356329575181,0.06830870211124421,0.04393472541123629,0.057959777861833574,0.08424098640680314,0.04891017901245505,0.10018453598022461,0.0674435168504715,0.1923666626214981
2019-05-02,0.05321092922240496,0.11208453625440598,0.08033536076545715,0.04514267798513174,0.04422121811658144,0.06959979236125946,0.04408770408481359,0.05799075067043304,0.08440019562840462,0.0488980112131685,0.10018039494752884,0.06751111969351768,0.19233730137348176
2019-05-03,0.05310505218803883,0.11189607307314872,0.08144161254167556,0.04569544531404972,0.04481680216267705,0.07036146186292172,0.043878066912293436,0.05713166706264019,0.0846658032387495,0.049026404216419905,0.09760924950242042,0.06783896684646606,0.1925333708524704
2019-05-06,0.053008843958377835,0.1118061326444149,0.08200476840138435,0.04609080497175455,0.0454416524618864,0.0706985853612423,0.04420620519667864,0.05587770901620388,0.08416885696351528,0.049649963265983386,0.0962095357477665,0.06837141513824463,0.19246551394462585
2019-05-07,0.05261652208864689,0.11073380559682847,0.08282255455851555,0.0444404911249876,0.04433074276894331,0.07188147772103548,0.04493008963763714,0.055612165853381156,0.08445645049214363,0.0504849212244153,0.09664615392684936,0.0687933549284935,0.1922512799501419
2019-05-08,0.050022291205823424,0.10814870819449425,0.08178672417998314,0.04259299859404564,0.04380247010849416,0.07509772088378668,0.04611052945256233,0.056427391991019246,0.08447599038481712,0.05273951134877279,0.09603429585695267,0.0680854894220829,0.19467588663101196
2019-05-09,0.04904824923723936,0.10716200172901154,0.08166308552026749,0.04192577861249447,0.043788622179999945,0.07717467099428177,0.046886074170470235,0.05638700276613236,0.08452052436769009,0.054499121545813975,0.09656811878085136,0.06805159524083138,0.19232513308525084
2019-05-10,0.04808796811848879,0.10579384118318558,0.08133594691753387,0.04103077705949545,0.042818191228434443,0.07936693243682384,0.04793630056083202,0.05656958073377609,0.08408120647072792,0.056204636360052976,0.09621186703443527,0.0679741382598877,0.19258860349655152
2019-05-13,0.047477795742452145,0.10451885387301445,0.08095548376441002,0.04038019310683012,0.042440937180072066,0.08069494385272265,0.048539144545793535,0.056741070747375486,0.08365081585943698,0.05747863182332367,0.09622691497206688,0.06803409978747368,0.1928611010313034
2019-05-14,0.04390297811478376,0.09994761236011981,0.07636683285236359,0.03741177413612604,0.040614815335720776,0.08320473842322826,0.0494462039321661,0.05728529281914234,0.08182393126189709,0.05942954489146359,0.09607870802283287,0.06743395999073983,0.20705357193946838
2019-05-15,0.04302196353673935,0.09927688315510749,0.07595679610967636,0.03650881312787533,0.041024553077295425,0.08552735392004251,0.051001173071563245,0.05896979793906212,0.0813833385705948,0.06185506930341944,0.09839690774679184,0.06876062676310539,0.19831672310829163
2019-05-16,0.04218257255852222,0.09748487882316112,0.07486217692494393,0.03564203605055809,0.04063554131425917,0.0870873261243105,0.05251492280513048,0.06047026962041855,0.08023319467902183,0.06381555625994224,0.09972851499915122,0.07020441591739654,0.1951385736465454
2019-05-17,0.041934385523200036,0.09578381329774857,0.07431761547923088,0.03514033947139979,0.04008918632753193,0.08751139137893915,0.05352503377944231,0.06157969981431961,0.07922311536967755,0.06412798603705597,0.1013189472258091,0.07169934511184692,0.1937491476535797
2019-05-20,0.040926954708993435,0.09385762587189675,0.07227491587400436,0.03447102569043636,0.0394935590447858,0.08938341531902552,0.0550362229347229,0.06321942247450352,0.07846916392445565,0.06404394885466899,0.10097403675317765,0.07311173006892205,0.1947379618883133
2019-05-21,0.03996574804186821,0.09328030571341514,0.07105925232172013,0.03420422095805407,0.039128559571690855,0.09057279694825411,0.05617229677736759,0.06378633677959442,0.0779946006834507,0.06488468843162991,0.10286424830555915,0.07188478708267212,0.19420214593410492
2019-05-22,0.039685074053704736,0.09264914020895958,0.07070281654596329,0.03416978921741247,0.03914758167229593,0.09022365808486939,0.05706735383719206,0.06426724679768085,0.0775938592851162,0.0652538353111595,0.10332815498113632,0.07170041650533676,0.19421108961105346
2019-05-23,0.039620035141706464,0.09146699905395508,0.069918704777956,0.03427996225655079,0.038961079879663886,0.09127197787165642,0.05848403740674257,0.06553310584276914,0.07834523990750313,0.06636704153206666,0.09958581700921058,0.0722454883158207,0.19392051100730895
2019-05-24,0.03820604346692562,0.09040956310927868,0.06840257048606872,0.034296286292374134,0.03839331017807126,0.09345796220004558,0.05981170330196619,0.0674480339512229,0.07856978587806225,0.06855380416091066,0.09452937841415406,0.07365590035915374,0.19426565170288085
2019-05-28,0.03751580622047186,0.08939459435641765,0.06806317940354348,0.034571260772645475,0.03818263940047473,0.09422576129436493,0.06063243802636862,0.06886779982596636,0.07790604010224342,0.06999092620535521,0.09214898496866226,0.07466244474053382,0.19383811354637145
2019-05-29,0.036217937059700486,0.08813063055276871,0.06722325459122658,0.03369410261511803,0.038487692922353746,0.09572097277268768,0.06193980593234301,0.0709578137844801,0.07758578658103943,0.07113218233425869,0.0910351537168026,0.07430608570575714,0.19356856346130372
2019-05-30,0.03507635518908501,0.0872819885611534,0.06625618301331997,0.033021013252437115,0.039074576226994395,0.09744151784107088,0.06326322890818119,0.07309725992381573,0.0770274329930544,0.07261951595719437,0.08967731595039367,0.0724531091749668,0.19371050000190734
2019-05-31,0.03447786383330822,0.08667176216840744,0.06594214700162411,0.03293299898505211,0.03984410359989852,0.09870672887191176,0.06430976670235396,0.07352118752896786,0.07661924175918103,0.07404290239937836,0.08705818206071854,0.0721700057387352,0.1937031090259552
2019-06-03,0.03302490469068289,0.08642707578837872,0.06485752873122692,0.03249513190239668,0.04055808861739933,0.10060348128899932,0.06553723961114884,0.07519189398735762,0.07598224878311158,0.07586848385180929,0.08282572701573372,0.07274851799011231,0.1938796818256378
2019-06-04,0.03197277579456568,0.08755101170390844,0.0646580021828413,0.03247662615031004,0.04156771788839251,0.1014165261760354,0.06627170331776142,0.07614061292260885,0.07481809109449386,0.0762746262269502,0.08017685525119304,0.0728207603096962,0.1938547044992447
2019-06-05,0.03178910445421934,0.08765038475394249,0.06535338573157787,0.033085924573242664,0.04231688333675265,0.09925064574927092,0.06519336849451066,0.07770368419587612,0.07341726273298263,0.07790074138756609,0.07889267057180405,0.07334710955619812,0.1940988630056381
2019-06-06,0.03175671342760324,0.08636708091944456,0.06587112694978714,0.03366189878433943,0.042534245364367965,0.09867510944604874,0.06447137035429477,0.07936364784836769,0.07254538871347904,0.07987233351814212,0.07615921907126903,0.07488283663988113,0.19383903443813325
2019-06-07,0.03194496966898441,0.08510841988027096,0.0663773037493229,0.03423577379435301,0.042745384364388885,0.09733486687764525,0.06401770189404488,0.08086384050548076,0.07200268227607012,0.08119525445290492,0.07488914877176285,0.07554931417107583,0.19373534619808197
2019-06-10,0.032609076239168644,0.08427725881338119,0.06777148433029652,0.0349067609757185,0.04297471223399043,0.09530906742438675,0.06320359483361244,0.08118768353015185,0.07188152968883514,0.08240078456947231,0.0732294913381338,0.07641959190368652,0.1938289374113083
2019-06-11,0.03416636763140559,0.0840171430259943,0.07023450508713722,0.0362929692491889,0.04433557114098221,0.09103111559525132,0.06188374292105436,0.08015296068042517,0.07282448895275592,0.08123739888105774,0.07255919836461544,0.07798070609569549,0.19328382909297942
2019-06-12,0.03533061873167753,0.08386544547975064,0.07159532010555267,0.037258864007890226,0.04548813733272254,0.08779273871332408,0.060863621346652505,0.07927471045404673,0.07340450510382653,0.0804138137253176,0.07247277237474918,0.07910295426845551,0.1931364953517914
2019-06-13,0.03614137573167682,0.08355271890759468,0.07347613871097565,0.0372938372194767,0.04528813255019486,0.08587135709822177,0.060292357206344606,0.07894542664289475,0.07355984281748533,0.08019736303176614,0.07179840542376041,0.0804507702589035,0.19313229620456696
2019-06-14,0.03693902045488358,0.0838978137820959,0.0755083441734314,0.037528188712894914,0.045107372803613544,0.08391181780025363,0.05976897235959768,0.07811975032091141,0.07338611036539078,0.07953869151242543,0.07190370000898838,0.08140316382050514,0.1929870367050171
2019-06-17,0.03763227118179202,0.08382408134639263,0.075710928440094,0.0371432863175869,0.04453184134326875,0.08296699644997715,0.059695369377732274,0.07804869897663594,0.07368998154997826,0.07907687870938389,0.0723365817219019,0.08251974359154701,0.19282336831092833
2019-06-18,0.03805522825568915,0.08374790921807289,0.07641877233982086,0.03697846625000238,0.04441334621515125,0.08210454527288676,0.05966953299939633,0.07803176753222943,0.07343971468508244,0.07849739376870275,0.07212682962417602,0.08352923318743706,0.1929873049259186
2019-06-19,0.03856520103290677,0.08348379880189896,0.07759100049734116,0.03688444551080465,0.04494804511778057,0.08125607697293162,0.06024914113804698,0.07584134209901094,0.07293822132050991,0.07865402240749972,0.07232907600700855,0.08369785770773888,0.1935618191957474
2019-06-20,0.0390299703925848,0.08349728584289551,0.07865476906299591,0.03688011784106493,0.045303697953931986,0.08083168407902122,0.061027650721371174,0.0730390004813671,0.07306325286626816,0.07899268691435282,0.0723531849682331,0.08455734327435493,0.19276938140392302
2019-06-21,0.039646531082689764,0.0836237370967865,0.07973700761795044,0.037029778584837914,0.04586058391723782,0.08021969059482217,0.062196544464677574,0.0705481592565775,0.07286984175443649,0.0761645407317701,0.07304424308240413,0.08531958609819412,0.193739715218544
2019-06-24,0.04092513117939234,0.08373753614723682,0.08072783127427101,0.03772035818547011,0.04704055765178054,0.07902696486562491,0.06214436758309603,0.06839700657874345,0.07376016099005937,0.07573666083699208,0.07405872493982316,0.08374960497021675,0.19297510087490083
2019-06-25,0.041889213304966685,0.08426584303379059,0.08001005873084069,0.038480347581207754,0.047969333035871385,0.07836918532848358,0.06210069814696908,0.06683319080621004,0.07437626048922538,0.07494994979388139,0.07547362018376588,0.08279495537281037,0.19248732924461365
2019-06-26,0.04109695786610246,0.08582317382097245,0.0797287717461586,0.03920187503099441,0.04814432002604008,0.07926831878721714,0.061968231573700905,0.06515398900955915,0.07464140076190233,0.07564966573481798,0.07667966801673173,0.07987932190299034,0.19276429414749147
2019-06-27,0.04160597119480371,0.08695377595722675,0.08047606348991394,0.04065221380442381,0.04957952245604247,0.07823611730709672,0.06145853027701378,0.06392490137368441,0.07457396369427442,0.07411776878034289,0.079136061668396,0.07672178745269775,0.19256328642368317
2019-06-28,0.04200297491624951,0.0877693746238947,0.08143270984292031,0.04178234525024891,0.05033101711887866,0.07748322393745184,0.061112419422715905,0.061584625579416755,0.07418470699340105,0.07348372951964847,0.08081537820398807,0.07557449266314506,0.19244299829006195
2019-07-01,0.04265395076945424,0.08826100192964077,0.08226917013525963,0.042939383164048196,0.05055799682158977,0.07741785012185573,0.06078729359433055,0.06026700884103775,0.07388174831867218,0.07327916201465996,0.08098301850259304,0.0744991809129715,0.19220323562622071
2019-07-02,0.04399657659232616,0.0892584677785635,0.08372984528541565,0.044346824195235966,0.051795189781114456,0.07798715708777308,0.06105406852439046,0.05991375800222158,0.07368653174489737,0.06658932177597307,0.08128071427345276,0.07396468743681908,0.19239684343338012
2019-07-03,0.04525385098531842,0.08992366641759872,0.08468962162733078,0.045800629537552595,0.05208174095023423,0.07839928306639195,0.06130888517946005,0.0600208580493927,0.07389753572642803,0.062332594870895264,0.08004402294754982,0.0737965852022171,0.19245073497295379
2019-07-05,0.046508281491696835,0.0910867627710104,0.08599820137023925,0.04684606222435832,0.05144989772234112,0.078374392259866,0.06116473535075784,0.06002364959567785,0.07417130507528782,0.05864080308274424,0.07940083891153335,0.07368717640638352,0.19264790117740632
2019-07-08,0.04918968845158815,0.09174404628574848,0.08900375366210937,0.048089683335274455,0.05165707061532885,0.07582317534834146,0.05968908779323101,0.05777986980974674,0.0755554974079132,0.055225060361044596,0.07909695990383625,0.07413367405533791,0.19301243126392365
2019-07-09,0.050526855327188966,0.0936942595988512,0.09003934487700463,0.04883801685646176,0.05163904235232621,0.07498607952147722,0.05876834020018577,0.0560733936727047,0.07638532035052777,0.05237829116667854,0.07884827330708503,0.07542275786399841,0.19240004122257232
2019-07-10,0.05176777653396129,0.09558713808655739,0.0914089947938919,0.048875839356333016,0.05111637166701257,0.07429419867694378,0.057684607617557046,0.054109387844800946,0.07665166687220334,0.05045475387014449,0.07901635318994522,0.07668104618787766,0.19235183894634247
2019-07-11,0.0526817343197763,0.0970327079296112,0.09260473251342774,0.04902217080816627,0.05084632344078273,0.07342333532869816,0.05666187554597855,0.05238877609372139,0.07628667112439871,0.04855829946573067,0.08017823807895183,0.07788397073745727,0.1924311637878418
2019-07-12,0.054855600371956824,0.09768609777092933,0.09400767013430596,0.05024150172248483,0.051398636284284295,0.07166054286062717,0.05504108481109142,0.05054872557520866,0.07628611531108617,0.046551758439818514,0.08144468478858471,0.07746914699673653,0.19280845522880555
2019-07-15,0.056215401366353036,0.09919258803129197,0.09547963067889213,0.05077449576929212,0.051357521675527096,0.0705297039821744,0.05385803692042827,0.04886963106691837,0.07619461957365274,0.04536047129877261,0.0825451746582985,0.07712177112698555,0.19250096678733825
2019-07-16,0.05737507091835141,0.10080295130610466,0.09567576721310615,0.05131531273946166,0.05170663811732083,0.0699853990226984,0.052731580846011636,0.04754315242171288,0.076373684220016,0.044653791625751185,0.0825780276209116,0.07680835723876953,0.19245025515556335
2019-07-17,0.05826314492151141,0.10183092802762986,0.09709961861371993,0.05173950679600239,0.05221882895566523,0.06953500751405954,0.051615375094115734,0.04649541936814785,0.07656341101974248,0.04309384445223259,0.08229756467044354,0.07651240900158882,0.1927349478006363
2019-07-18,0.057531139347702265,0.103321772813797,0.0975503794848919,0.052881988044828174,0.05288607336115092,0.0699054317548871,0.05059195943176746,0.04523102045059204,0.07706827111542225,0.04240085954406823,0.08171541281044484,0.07664831802248954,0.19226737320423126
2019-07-19,0.05734528442844748,0.10456822738051415,0.09819888696074486,0.05354174561798573,0.05349581416230649,0.07056421041488647,0.04955252651125193,0.044489046186208726,0.0774880526587367,0.04145308389888669,0.07992211878299713,0.07683214023709298,0.19254887104034424
2019-07-22,0.05677488027140498,0.10543549582362174,0.098921387642622,0.05464982818812132,0.05432360046543181,0.07212150366976858,0.04920683652162552,0.044314444065093994,0.07812831588089467,0.03874394301601569,0.07938590347766876,0.07523231580853462,0.19276154041290283
2019-07-23,0.056421900447458026,0.1062481239438057,0.09956672713160515,0.055258972104638815,0.05463004857301712,0.07331371158361435,0.049115595780313014,0.04418659508228302,0.07893580570816994,0.0370487339590909,0.0781433992087841,0.07437946423888206,0.19275090396404265
2019-07-24,0.05626725247129798,0.10672513246536255,0.10050625652074814,0.05574850430712104,0.05448991660960019,0.07390866950154304,0.04867176953703165,0.04426761642098427,0.07942923493683338,0.03532636814488797,0.07791642025113106,0.0739961139857769,0.19274674654006957
2019-07-25,0.05626377295702696,0.10764049887657165,0.10083055347204209,0.05591013692319393,0.05421184222213924,0.07449569767341017,0.048823107965290546,0.04450922012329102,0.07992584109306336,0.03437921728036599,0.0771318607032299,0.07325556725263596,0.19262267649173737
2019-07-26,0.05652607353404164,0.10834592841565609,0.09880332872271538,0.054978099558502434,0.05415699537843466,0.07589734978973865,0.049013414047658445,0.04470947161316872,0.08093874640762806,0.033645567570783894,0.07766736969351769,0.07266949340701104,0.19264817535877227
2019-07-29,0.05673694582656026,0.10905450358986854,0.09773196205496788,0.0543995663523674,0.05376377888023853,0.07632393864914774,0.0493063785135746,0.04478212520480156,0.08162339478731155,0.03330802335185581,0.07790332585573197,0.07252974137663841,0.1925363153219223
2019-07-30,0.056744104344397785,0.10900428667664527,0.09547810479998589,0.05413105795159936,0.053449144354090095,0.07691701371222734,0.04962216652929783,0.04499379470944405,0.0820482898503542,0.033290458465489794,0.07894107066094876,0.07280318215489387,0.19257735311985016
2019-07-31,0.05671413438394666,0.10901740193367004,0.09511715024709702,0.051272346545010804,0.05232956418767572,0.07774233901873231,0.05011134687811136,0.04534767046570778,0.08248037099838257,0.03359528386645252,0.08026452884078025,0.07349066436290741,0.19251719117164612
2019-08-01,0.05394968390464783,0.10931257419288158,0.09439682140946389,0.05026482623070479,0.05133129325695336,0.08017874388024211,0.050958716124296186,0.04614274799823761,0.08306515812873841,0.03262284841621295,0.0810721293091774,0.07397941276431083,0.1927250772714615
2019-08-02,0.05182505324482918,0.10924254320561885,0.09347981810569764,0.05135851399973035,0.04935098784044385,0.08190032979473472,0.05062942989170551,0.046288345009088516,0.08445881940424442,0.032745493793845525,0.0800788689404726,0.07635643556714058,0.19228538870811462
2019-08-05,0.04956844057887792,0.10918463990092278,0.09159888997673989,0.05101837543770671,0.04780392656102776,0.08423921260982752,0.050279833003878595,0.046710388362407686,0.08507331870496274,0.03269304783789266,0.08045775517821312,0.0788342922925949,0.19253787398338318
2019-08-06,0.04585350826382637,0.10450713485479354,0.08729225993156434,0.04780013216659427,0.04436414591036737,0.08687621867284179,0.04985916670411825,0.04746947698295116,0.08318275846540928,0.033690963971457676,0.07854334004223347,0.07709407433867455,0.21346679627895354
2019-08-07,0.044670607522130014,0.10397887229919434,0.0877285398542881,0.04729994675144553,0.04400948439724743,0.09053136468864978,0.051146101020276544,0.048630095273256305,0.08303683958947658,0.0352619078632415,0.07764028459787368,0.07859848067164421,0.2074674755334854
2019-08-08,0.04383594747632742,0.10344339571893216,0.08868319764733315,0.04752598023042083,0.04407869065180421,0.09467956256121397,0.05299410354346037,0.05048963278532028,0.08347953967750073,0.03710488942051597,0.07696074731647969,0.08076366633176804,0.19596067667007447
2019-08-09,0.04209416564553976,0.09947647452354431,0.08655201196670533,0.046378448605537415,0.04302327495533973,0.09415730014443398,0.05356696285307407,0.05073599219322204,0.08107825890183448,0.03774822455125104,0.07512770481407642,0.0803604319691658,0.20970075726509094
2019-08-12,0.0409347927197814,0.09858533516526222,0.08520043268799782,0.04610880073159933,0.04290563652757555,0.09663139628246427,0.05583602972328663,0.052009464055299756,0.08155390992760658,0.0398146528590587,0.0766941424459219,0.081913323700428,0.20181207358837128
2019-08-13,0.039098891988396646,0.09910479448735714,0.08423511013388633,0.0459404899738729,0.04268304102588445,0.09854207122698426,0.056522943638265134,0.05263688080012798,0.08195957243442535,0.042780155288710375,0.07697671055793762,0.08403754383325576,0.19548178911209108
2019-08-14,0.03841310227289796,0.09808355756103992,0.08454991579055786,0.04623237233608961,0.04308524914085865,0.0955424171872437,0.05602043718099594,0.05279568508267403,0.08132819347083568,0.043791242206134486,0.07751768045127391,0.08589731082320214,0.19674284756183624
2019-08-15,0.031725290697067976,0.08430627323687076,0.07309642434120178,0.03862512744963169,0.036406327574513855,0.08419200074858964,0.049009117670357226,0.0475232794880867,0.0709680650383234,0.04124125909893337,0.06744476463645696,0.07487088739871979,0.30059117674827573
2019-08-16,0.032648767717182635,0.087294203042984,0.07675686255097389,0.03984166057780385,0.03821228737942874,0.08841544836759567,0.05139674376696348,0.05074506029486656,0.0740607313811779,0.046105793276365145,0.07025028336793185,0.07969487383961678,0.2645772933959961
2019-08-19,0.0327783728018403,0.08729225993156434,0.07772785425186157,0.0398223209194839,0.03898491375148296,0.08788670129142702,0.050679543614387514,0.05252602025866508,0.07412687242031098,0.04787440804011567,0.07090406492352486,0.08202040940523148,0.25737629532814027
2019-08-20,0.035252935625612734,0.09080043472349644,0.08254429623484612,0.04233012367039919,0.04205727414228022,0.0895783192012459,0.051658333465456965,0.05601208843290806,0.07794708162546157,0.050094055640693115,0.07594248466193676,0.0891481727361679,0.2166344106197357
2019-08-21,0.03543463228270412,0.09225879199802875,0.08444172665476798,0.04325240924954414,0.043974530627019705,0.09043250167742371,0.051823248900473115,0.057583785802125934,0.07962732128798962,0.05243668795264966,0.07890729196369647,0.09209974333643914,0.19772732853889466
2019-08-22,0.03570653274655342,0.09235834144055843,0.08570320382714272,0.04369498183950782,0.045456960843876,0.08772813430987299,0.049950235337018964,0.05792936123907566,0.08007065616548062,0.05304855704653164,0.08030174113810062,0.09373887553811074,0.19431242048740388
2019-08-23,0.0361263232305646,0.09184984713792801,0.0866833932697773,0.04405668172985315,0.045450768899172544,0.08497562413103879,0.04821743313223124,0.056890758126974104,0.08098461776971817,0.053924301918959826,0.08144650943577289,0.09554473608732224,0.1938490092754364
2019-08-26,0.03481269385665655,0.0918004062026739,0.08552930504083633,0.0433410313911736,0.04513815576210618,0.08460168880410493,0.04715887140482664,0.0569703321903944,0.08138327188789844,0.055421917001331165,0.08247526288032532,0.0944046474993229,0.1969624012708664
2019-08-27,0.03473239690065384,0.09217127189040183,0.08602932095527649,0.0435312288813293,0.045264994539320466,0.08348068529739976,0.04595158044248819,0.05718370229005813,0.08154542781412602,0.05656878666522971,0.08393027521669864,0.09495849311351776,0.19465181827545167
2019-08-28,0.03433858705684543,0.09128548987209797,0.08492242246866226,0.04387327982112765,0.0455948163755238,0.08300173096358776,0.045038591511547564,0.05714180544018745,0.08165696561336518,0.05810876438372361,0.08653127998113633,0.09516341313719749,0.19334289133548738
2019-08-29,0.034175436850637196,0.09056085795164108,0.08434935621917247,0.044149914663285016,0.04577105757780373,0.08219010406173766,0.04403380323201418,0.05700885243713856,0.0816060695797205,0.05869089214247651,0.0886808518320322,0.0955183520913124,0.1932644873857498
2019-08-30,0.03428521705791354,0.08977747410535812,0.08353463634848594,0.04474034048616886,0.04663318048696965,0.08112273295409977,0.043253383599221706,0.056748156994581224,0.08130347020924092,0.05825343952219555,0.09062287621200085,0.09643210172653198,0.19329296946525573
2019-09-03,0.03442016672343016,0.08861235231161117,0.08272143453359604,0.045475981291383506,0.04812613967806101,0.08076128214597703,0.04297797214239836,0.057096969336271286,0.08144137114286423,0.058811994399911784,0.08879798874258996,0.09742990955710411,0.1933264285326004
2019-09-04,0.03402457665652037,0.0888159729540348,0.0811006858944893,0.046191835217177867,0.04868209357373417,0.08093646760098636,0.0429396104067564,0.05731961168348789,0.0808526761829853,0.059451463140067065,0.08778597600758076,0.09869034811854363,0.19320868253707885
2019-09-05,0.03404944324865937,0.08811923153698445,0.08045479170978069,0.04672725163400173,0.04981843763962388,0.08012290582992136,0.042979278229177,0.05742514990270138,0.07962986119091511,0.05948940220187069,0.08654796183109284,0.09960880428552628,0.19502751529216766
2019-09-06,0.03553075548261404,0.08784402422606945,0.08133901059627532,0.04953821580857039,0.05241032966878265,0.07651331406086684,0.04243094902485609,0.05629437938332558,0.08045692630112171,0.055913743494784285,0.0866834755986929,0.10181787312030792,0.19322699606418609
2019-09-09,0.03644346348010004,0.0874017383903265,0.0814360436052084,0.051443589571863416,0.05415906610433012,0.07440874059684574,0.04209176171571016,0.05517088696360588,0.08082979060709476,0.052777291591337414,0.08708109110593795,0.10391235798597336,0.19284417927265168
2019-09-10,0.037478180276229976,0.08674540631473064,0.08222748860716819,0.05381780145689845,0.055787472799420354,0.07041178131476045,0.040845359489321706,0.053537217900156975,0.08128439448773861,0.05124448611513799,0.08863056302070618,0.10481813177466393,0.19317168593406678
2019-09-11,0.038696604687720536,0.08650656826794148,0.08366471603512764,0.05647168820723891,0.05737023712135851,0.06639974489808083,0.03975877724587917,0.0522637665271759,0.08205409124493598,0.04945546446415392,0.09038049653172493,0.10348875224590301,0.1934891015291214
2019-09-12,0.039828164596110584,0.08732377588748932,0.08554616868495941,0.05871614748612046,0.05860728211700916,0.06330432682298123,0.03864832054823637,0.05052707865834236,0.08244737274944783,0.048689400655712235,0.09034169837832451,0.10304125547409057,0.19297899007797242
2019-09-13,0.040764892287552354,0.08823262974619865,0.08641567677259446,0.06061107227578759,0.059598334366455674,0.060663164407014844,0.037601716443896295,0.04887145981192589,0.08291208483278752,0.04820693407091312,0.09038469195365906,0.10282449200749397,0.19291281402111055
2019-09-16,0.041839996352791786,0.08806646652519703,0.08778758570551873,0.06328337583690882,0.061014741007238624,0.05806112652644515,0.036947238445281985,0.048292817920446394,0.08301502652466297,0.047072606019901285,0.09117546305060387,0.09995876997709274,0.19348480105400084
2019-09-17,0.04221794656477869,0.08842140175402165,0.09040598273277282,0.06340323807671666,0.060423083463683726,0.05628834767267108,0.036111346632242206,0.04651413932442665,0.0834403894841671,0.04724583498009451,0.09302805662155152,0.09975380524992943,0.1927464187145233
2019-09-18,0.04299768079072237,0.08997018411755561,0.0923741690814495,0.06466451194137335,0.06060094381682575,0.05516098351217806,0.03517523836344481,0.04486452601850033,0.08421100825071334,0.04791914953675587,0.08934232816100121,0.1000785231590271,0.1926407516002655
2019-09-19,0.04377753492444754,0.09136908836662769,0.09344992786645889,0.06557458136230707,0.060422035260125996,0.054578131856396796,0.03445030506700277,0.043507016450166705,0.08508844897150994,0.047885330007557056,0.08774149715900421,0.09960654377937317,0.19254958927631377
2019-09-20,0.04427904048934579,0.09274526014924049,0.09378430545330048,0.06621178155764937,0.059606466861441734,0.054258966352790594,0.033795984275639054,0.04224744811654091,0.08530153036117553,0.04830106513927603,0.08752187639474869,0.09955418109893799,0.19239206612110138
2019-09-23,0.04383575040847063,0.09429544508457184,0.09409813284873962,0.06658341670408845,0.05895388494245708,0.05470403386279941,0.03319350890815258,0.040947385132312775,0.08558008447289467,0.04889814180069152,0.08694836273789405,0.09973024874925614,0.19223158955574035
2019-09-24,0.04376068594865501,0.09552965126931667,0.09428779482841491,0.06632982604205609,0.05832970179617405,0.05557002853602171,0.03272168263792992,0.040223286300897595,0.08575631305575371,0.04919151106632853,0.08609675243496895,0.09973977580666542,0.19246300756931306
2019-09-25,0.042696503037586805,0.09676699191331864,0.09204667210578918,0.06719618374481798,0.05742504857480526,0.05694431802257895,0.03238079994916916,0.03978373631834984,0.08652137592434883,0.05059844256302313,0.08458382450044155,0.10048406645655632,0.19257200956344606
2019-09-26,0.04315525619313121,0.09682814292609691,0.09244388863444328,0.06845532185398043,0.0573506988119334,0.05697727352380753,0.03215892557054758,0.04001727141439915,0.0869426429271698,0.04801847562966941,0.0829678863286972,0.10205535963177681,0.1926288515329361
2019-09-27,0.04330153027549386,0.0967780165374279,0.09081131964921951,0.06971183298155666,0.057452436862513424,0.057654242916032675,0.032031359151005745,0.03990716151893139,0.08751278296113014,0.04690585669468419,0.08178291730582714,0.10385210067033768,0.19229844212532043
2019-09-30,0.043127816542983054,0.09822482988238335,0.0899052418768406,0.07078438294120133,0.05600934643298387,0.058419494144618514,0.03180341012775898,0.03961299769580364,0.08851915374398231,0.04612687366779937,0.0808355987071991,0.10419397279620171,0.19243681728839873
2019-10-01,0.04363623396493495,0.09878141321241855,0.08987656012177467,0.07193322540260852,0.05588082917965949,0.05907510994002223,0.03173856809735298,0.03932374529540539,0.08945358991622925,0.043490549523448864,0.07888927198946476,0.10515026226639748,0.1927706241607666
2019-10-02,0.04203536505810916,0.09939594827592373,0.08838489353656769,0.07158433822914959,0.056471896404400465,0.06049739806912839,0.031911464780569075,0.03930487707257271,0.0909765176475048,0.04301132539221726,0.0790801327675581,0.10473753213882446,0.19260830879211427
2019-10-03,0.03999346755445003,0.10072358921170235,0.088057991117239,0.06713365335017443,0.05775374351069331,0.06287149949930608,0.03235316202044487,0.039551468566060066,0.09019077345728874,0.043311279586487214,0.07888576202094555,0.10613018795847892,0.19304344356060027
2019-10-04,0.03887611380778253,0.10111003704369068,0.08794001713395119,0.06464203340001404,0.05890051200985909,0.06487347558140755,0.032934261672198775,0.03988530673086643,0.08917494639754295,0.04352179584238911,0.07834732607007026,0.10671386420726776,0.19308032095432281
2019-10-07,0.0382238807156682,0.10022255033254623,0.0882024809718132,0.06266636755317449,0.05925689730793238,0.06648906944319606,0.03368071727454662,0.04032328426837921,0.08836397528648376,0.043964136943850464,0.07858970984816552,0.10666436925530434,0.19335257411003112
2019-10-08,0.037604468036442996,0.09862449914216995,0.0887572519481182,0.06163607533089817,0.05899967513978481,0.06759524419903755,0.03411866314709187,0.04111795201897621,0.0882353886961937,0.04371747608811347,0.07947814464569092,0.10683211237192154,0.19328304529190063
2019-10-09,0.03556011426262558,0.09916181564331054,0.08721648082137108,0.05971195884048939,0.059561639279127124,0.069450816931203,0.03470611572265625,0.04118601270020008,0.08736998289823532,0.044707842149455244,0.08103127628564835,0.10703427493572235,0.1933016747236252
2019-10-10,0.03487438797019422,0.09897830560803414,0.08725981935858726,0.05862236963585019,0.060127662401646374,0.06950532784685493,0.03502056710422039,0.04101291447877884,0.08660734966397285,0.04555325749115582,0.08232097998261452,0.10698999986052513,0.19312705099582672
2019-10-11,0.03484644466079771,0.0970034122467041,0.08774240538477898,0.05854896530508995,0.061204268410801885,0.06740008378401399,0.035365754179656504,0.04138941317796707,0.08610989004373551,0.04532823387435201,0.08425186648964882,0.107480588555336,0.19332866966724396
2019-10-14,0.03513486278243363,0.09526161886751652,0.08873863443732262,0.058248489536345004,0.06216875929385424,0.06446403418667615,0.035872753523290155,0.04127214513719082,0.0857615053653717,0.04551331301909158,0.08628704249858857,0.10794407278299331,0.19333275854587556
2019-10-15,0.03547509447671473,0.09453208595514298,0.08912461400032043,0.05716269845142961,0.06224662475287914,0.06280003846623003,0.03623212594538927,0.040897772461175916,0.08616926074028015,0.04628736910353837,0.0873168833553791,0.10874254144728183,0.19301286339759827
2019-10-16,0.036279482394456865,0.09434737451374531,0.09042980298399925,0.05686184242367744,0.06273700902238488,0.060057771671563384,0.03643593303859234,0.04047979861497879,0.08633862659335137,0.04607217961174683,0.08771704137325287,0.10901710353791713,0.19322605431079865
2019-10-17,0.03686025417409837,0.09445713646709919,0.09154031947255134,0.056309972610324624,0.06296366974711418,0.05785560328513384,0.03643682189285755,0.04000786356627941,0.08655266463756561,0.04631294924201938,0.08867121487855911,0.10899859219789505,0.1930329442024231
2019-10-18,0.037467054557055235,0.0952414758503437,0.09296052902936935,0.0556644675321877,0.06278624925762415,0.05575582906603813,0.03621591273695231,0.039569012448191644,0.08669361099600792,0.04651127684246603,0.08945555612444878,0.10877779982984066,0.19290123879909515
2019-10-21,0.03738716640509665,0.09663660489022732,0.09289020895957947,0.05533768823370337,0.06193642169237137,0.054493276542052625,0.03603222910314798,0.039398626610636714,0.08703275918960571,0.04701653504407659,0.09021611586213112,0.10882365815341473,0.19279871582984925
2019-10-22,0.03760232268832624,0.09701401963829995,0.09393932446837425,0.05522454837337136,0.06179535575211048,0.05305702015757561,0.03599515873938799,0.03934835605323315,0.08697876930236817,0.047084620060650194,0.09058917984366417,0.10853133089840412,0.19284000992774963
2019-10-23,0.03731546849012375,0.0976325549185276,0.09447480887174606,0.05483007533475757,0.061401610262691975,0.05241577727720141,0.03600399531424046,0.0394179455935955,0.08715654760599137,0.04767750412293026,0.09164109826087952,0.10724464021623134,0.19278798699378968
2019-10-24,0.037247203988954425,0.09740209840238094,0.09482582956552506,0.054517467878758906,0.06063631726428866,0.051998708443716166,0.03602365022525191,0.039634134620428085,0.08728544414043427,0.048270716423303384,0.09317822381854057,0.10623334906995296,0.19274686574935912
2019-10-25,0.03721052673645318,0.09724030643701553,0.09503900334239006,0.05414349548518658,0.05988310091197491,0.05185130308382213,0.03615852734073997,0.039972181618213656,0.08763385489583016,0.0489036584986934,0.09448027834296227,0.1047743633389473,0.19270939826965333
2019-10-28,0.037401717295870184,0.09695811979472638,0.09622513800859452,0.05388784212991595,0.059829603601247075,0.05160298431292176,0.03628985183313489,0.040226637944579126,0.08795685842633247,0.04951314560589708,0.09622639119625091,0.10115774311125278,0.19272394776344298
2019-10-29,0.03779308260418475,0.09652897007763386,0.09809752628207206,0.054129044711589816,0.05999576803296804,0.05122320540249348,0.036588012240827084,0.04062517508864403,0.0881387747824192,0.04893466252983671,0.09702479094266891,0.09815396592020989,0.19276703298091888
2019-10-30,0.03804139553103596,0.09675924070179462,0.09962511509656906,0.05423305537551641,0.05926828673109412,0.05089248782023788,0.0365959906950593,0.04096895307302475,0.08773833364248276,0.048892396813289454,0.09777646586298942,0.09661184698343277,0.1925964504480362
2019-10-31,0.0385266569443047,0.09753473363816738,0.10049413219094276,0.05470359493046999,0.05924946144223213,0.05084221842698753,0.03597454559057951,0.040919873118400577,0.08740507587790489,0.04937414461528533,0.09706425368785858,0.09553639069199563,0.19237493574619294
2019-11-01,0.03894948558881879,0.09780052043497563,0.10171860978007316,0.05544723309576512,0.05862272223457694,0.05135075901634991,0.03508298778906464,0.04022504463791847,0.08676828742027283,0.0501103575731122,0.09655171036720275,0.09529270604252815,0.19207957684993743
2019-11-04,0.03947916785255075,0.09799262098968028,0.10290140137076378,0.05596263464540243,0.0585761109367013,0.05133226988837123,0.034365879744291304,0.03975547961890698,0.08561291843652725,0.05067000841704612,0.09625355526804924,0.09480508491396904,0.19229285120964051
2019-11-05,0.040066280961036684,0.09737659730017185,0.1037471629679203,0.05663469601422548,0.05876211505383253,0.05108491620048881,0.034538363199681045,0.04032895304262638,0.08455029129981995,0.051181296639242646,0.09601251184940338,0.09310328178107738,0.19261352121829986
2019-11-06,0.04125925358384848,0.0968181986361742,0.10573631301522254,0.057959338976070286,0.06002978002652526,0.0511264571454376,0.034751894790679215,0.041313744895160195,0.084011872112751,0.048966192033321934,0.09704191610217094,0.08822106271982193,0.19276397228240966
2019-11-07,0.04246114413253963,0.09725975133478641,0.10690988227725029,0.05923579651862383,0.06069154776632786,0.05117672979831696,0.03472291231155396,0.040541586093604566,0.08395112305879593,0.0484992055015482,0.09560029283165931,0.08660819604992867,0.1923418164253235
2019-11-08,0.04395575795788318,0.09720930308103562,0.10842001065611839,0.06068076635710895,0.061908512376248837,0.05056127989664674,0.03524518520571292,0.04148110803216696,0.08345123305916786,0.0457421925219478,0.09516463354229927,0.08305262997746468,0.19312739074230195
2019-11-11,0.04526774997357279,0.09825674705207348,0.11036809980869293,0.061517800437286496,0.060973507910966875,0.05003950498066843,0.03543872656300664,0.04136745743453503,0.08357998952269555,0.043876240798272195,0.09550395905971527,0.08099583089351654,0.1928144097328186
2019-11-12,0.04626917187124491,0.0994688268750906,0.11204254999756813,0.06219711643643677,0.05994380507618189,0.049491014191880824,0.03533637123182416,0.04091785978525877,0.08411527872085571,0.04279277222549353,0.09475441873073578,0.07995349317789077,0.1927172899246216
2019-11-13,0.04730558975134045,0.10118930712342263,0.11364761069417,0.06269175638444721,0.05843637995421887,0.048991054249927404,0.03508366202004254,0.04029682949185372,0.08476942107081413,0.04215375368007699,0.09476684480905533,0.07797607854008674,0.19269173145294188
2019-11-14,0.04820109289139509,0.10289680808782578,0.11415752321481705,0.062544518802315,0.05652732513844967,0.04867105293087661,0.034712353721261024,0.03961913473904133,0.08534915447235107,0.04182945851193835,0.09548202529549599,0.07739344090223313,0.19261613190174104
2019-11-15,0.04888643701560795,0.10453616082668304,0.11471141800284386,0.06212247675284743,0.055238831974565986,0.04889352945610881,0.03425514749251306,0.03874222300946713,0.08577950596809387,0.041904631601073564,0.09524907991290092,0.07714461535215378,0.19253596365451814
2019-11-18,0.049377043987624346,0.10621995106339455,0.11492149233818054,0.06162456939928233,0.05438772924244404,0.04887139294296503,0.03369007217697799,0.038061541691422465,0.08607939034700393,0.04193047934832066,0.09539835825562477,0.07679018899798393,0.192647784948349
2019-11-19,0.050056519382633266,0.10756135135889053,0.11490455642342567,0.06138740237802267,0.05386192072182894,0.049222926050424574,0.03334329896606505,0.03766233380883932,0.08643025904893875,0.042550842740956794,0.09317005723714829,0.07704768553376198,0.1928008496761322
2019-11-20,0.05073093906976282,0.10871600359678268,0.11580964513123035,0.06117777479812503,0.05399635881185531,0.04949515126645565,0.03295134473592043,0.03721765670925379,0.08574794754385948,0.043267722434029564,0.09047442823648452,0.07755056768655777,0.19286447167396545
2019-11-21,0.05077502869535237,0.10936499536037445,0.11596234552562237,0.06014443356543779,0.0538593327626586,0.050113133853301406,0.03250268641859293,0.03688874654471874,0.08508608341217042,0.0442668995193344,0.09017318189144134,0.0782273530960083,0.19263573586940766
2019-11-22,0.05113909882493317,0.11012229472398757,0.1160337883979082,0.05990337021648884,0.05415907008573413,0.050520733511075375,0.03208317048847675,0.03680898547172547,0.08484847769141197,0.044735168314173276,0.09086948782205581,0.07615784481167794,0.1926184892654419
2019-11-25,0.05134484162554145,0.11085552051663398,0.1163538046181202,0.059520354960113764,0.05413002455607056,0.050836041150614616,0.031959575787186625,0.036702676117420195,0.08479143679141998,0.04526672536990191,0.0907420702278614,0.07480670511722565,0.19269022345542908
2019-11-26,0.05149650480598211,0.11215928047895432,0.11547081246972084,0.05919096092693508,0.05438168402761221,0.05080990353599191,0.032013414055109025,0.03657649103552103,0.08461717739701272,0.04583725579352631,0.09066693857312202,0.07434290200471878,0.19243667423725128
2019-11-27,0.051518548559397456,0.11309023723006248,0.11364388540387153,0.058554675336927174,0.05377148212864995,0.050895707216113806,0.032136249076575044,0.03658392243087292,0.08482362478971481,0.04671130590259054,0.09160851538181305,0.07422491759061814,0.19243692457675934
2019-11-29,0.051778722228482364,0.11466940641403198,0.11301380395889282,0.058218139223754406,0.05345425540581346,0.05054907845333219,0.03202030938118696,0.03651928920298815,0.08535514548420906,0.04685612908915573,0.09114655330777169,0.07385019138455391,0.1925689697265625
2019-12-02,0.05260679069906473,0.11552148833870887,0.11318109780550004,0.05794495944865048,0.05191040560603142,0.05062307016924024,0.031746215838938954,0.03668191060423851,0.08649000376462937,0.04793587262859091,0.08846807852387428,0.07401070296764374,0.1928793728351593
2019-12-03,0.05146817015483975,0.11543385460972785,0.11245035715401172,0.058665630500763656,0.05256755631417036,0.05053883190266788,0.03230231860652566,0.03730379901826382,0.08714027479290962,0.049177880830416146,0.08782235607504844,0.07253243252635003,0.19259653389453887
2019-12-04,0.04955862569622695,0.11605914756655693,0.11301163583993912,0.05936531971674412,0.05252821706235409,0.05082882414571941,0.0317365781404078,0.03654423076659441,0.08743740245699883,0.050703714756355114,0.08726379498839379,0.07286769449710846,0.19209480583667754
2019-12-05,0.04863504241220653,0.11634985357522964,0.11378912068903446,0.059726821584627034,0.0526762867346406,0.05034088003449142,0.031671132799237965,0.035834102891385555,0.08725479543209076,0.051601277228041906,0.08700990080833435,0.07278297767043114,0.1923277795314789
2019-12-06,0.048043327033519746,0.11638908684253693,0.11423821859061718,0.05934328860603273,0.05293365102261305,0.05018291547894478,0.03172507211565971,0.035483353026211265,0.08730175197124482,0.05262293204839352,0.0865547277033329,0.07270765155553818,0.19247401654720306
2019-12-09,0.047823814954608676,0.11650348901748657,0.11492276079952717,0.059257282642647624,0.05326432976871729,0.049859961168840526,0.03182172570377588,0.03507945239543915,0.08710082545876503,0.051995115815179814,0.08712830916047096,0.07273916974663734,0.19250376522541046
2019-12-10,0.0472567955031991,0.11626075878739357,0.11507695280015469,0.058132223319262266,0.05320238824933767,0.04988108887337148,0.0317597578279674,0.03492120858281851,0.08737605959177017,0.052378863906415066,0.0878782831132412,0.07334815710783005,0.19252749979496003
2019-12-11,0.04691194649785757,0.11637478917837143,0.11501211859285831,0.05721743784379214,0.053481229580938816,0.049391223257407545,0.031423939391970634,0.03464516196399927,0.0880054108798504,0.05272159570356507,0.08917492926120758,0.07293643951416015,0.19270374178886412
2019-12-12,0.04695027284324169,0.11704471334815025,0.11509692445397376,0.05668190277647227,0.054515746887773275,0.049147146800532934,0.031064357608556747,0.03435056414455175,0.08861308246850967,0.05306913029655789,0.08916573971509933,0.07177082672715188,0.19252958297729492
2019-12-13,0.047406844003126024,0.1163460984826088,0.11613611578941345,0.056752159353345634,0.05557809667661786,0.0479156584944576,0.03211741428822279,0.03482500296086073,0.08809106051921844,0.05305424066262958,0.08955116346478462,0.06949028447270393,0.19273580908775328
2019-12-16,0.04761088485829532,0.11693298518657684,0.11587610989809036,0.05680990268010646,0.05581751158460975,0.04763375958427787,0.03223838373087347,0.03419440854340792,0.08804043009877205,0.05378154169437721,0.09008133038878441,0.06858035922050476,0.1924023687839508
2019-12-17,0.04783407503273338,0.1174328401684761,0.11614332459867001,0.05671353701036423,0.05614274917170405,0.04685903824865818,0.03249037368223071,0.03376901857554913,0.08753594383597374,0.05429211564068055,0.09036934450268745,0.06766479834914207,0.1927528440952301
2019-12-18,0.04808593911584467,0.1181573137640953,0.11685179956257344,0.0554768827278167,0.056915342807769775,0.04637749777175486,0.03234003782272339,0.03336776103824377,0.0876956708729267,0.054977990598058565,0.0909920409321785,0.06618665084242821,0.19257505536079406
2019-12-19,0.04818008996080607,0.11897958740592003,0.11700325161218643,0.05461007603444159,0.05732225067913532,0.04562617493793368,0.03264659298583865,0.03288416527211666,0.08769964128732681,0.05557354837475259,0.09126455783843994,0.06545070260763168,0.19275934994220734
2019-12-20,0.048293291102163495,0.12034667059779167,0.11712959446012974,0.05376558520365506,0.05707886330783367,0.044971526600420475,0.03257830310612917,0.032570772990584376,0.08746014013886452,0.05626857685424511,0.09191064015030861,0.06489186435937881,0.19273416697978973
2019-12-23,0.04851535204797983,0.12164190113544464,0.1171773288398981,0.052979920781217514,0.0569897023960948,0.04429100416600704,0.032359943445771935,0.03234501779079437,0.08723067864775658,0.05695653732158803,0.09212673529982567,0.06466720327734947,0.1927186965942383
2019-12-24,0.048628466203808784,0.12271758168935776,0.11714628711342812,0.0522787599824369,0.05683322791010141,0.0437581414822489,0.03214401099830866,0.03229506444185972,0.08732080608606338,0.05761054971882231,0.09244896546006202,0.06406830623745918,0.1927498310804367
2019-12-26,0.04863743642345071,0.12353377118706703,0.11703255735337734,0.051560489530675116,0.05617365874350071,0.0434348382987082,0.0320663291728124,0.032432356290519236,0.08733458220958709,0.057878289537063664,0.09300258830189705,0.06415384784340858,0.19275929033756256
2019-12-27,0.048723077727481724,0.12450928688049316,0.11631559655070305,0.05108860586769879,0.05580414123833179,0.04314378420822322,0.03199006619397551,0.03267122469842434,0.08702678680419922,0.0579648015360192,0.09357113763689995,0.06435607522726058,0.1928354263305664
2019-12-30,0.04876146286260337,0.12487223520874977,0.1147179152816534,0.050786921149119736,0.05569378659129143,0.04323775325901806,0.031999097554944456,0.033098441548645496,0.08699981793761254,0.05811466038518916,0.09410410448908806,0.0647895336151123,0.19282426238059996
2019-12-31,0.04782824851572513,0.12470211088657379,0.11433291248977184,0.049632326164282856,0.0551172710955143,0.04343308419920504,0.03189515823032707,0.033573545143008234,0.08746850118041039,0.05895450765789292,0.094931860268116,0.06526238843798637,0.19286809861660004
2020-01-02,0.04747701869346201,0.12429208382964134,0.11437586508691311,0.04920305260457099,0.05475733913481236,0.04334910549223423,0.032285528839565814,0.03464089315384626,0.08737536072731018,0.05947932227747401,0.09404908493161201,0.06581194326281548,0.1929034024477005
2020-01-03,0.04738553485367447,0.12385618463158607,0.11488979160785676,0.04896258132066578,0.05525554623454809,0.04329972639679909,0.03225265338551253,0.034994804114103314,0.08720244169235229,0.060508262292637484,0.09362261965870858,0.06526578366756439,0.19250410795211792
2020-01-06,0.046048198454082014,0.12292321920394897,0.1169478602707386,0.046998211299069226,0.053157837875187394,0.043870493141002956,0.03144945823587477,0.0351395970210433,0.08776551634073257,0.062169850694056096,0.09560555815696717,0.06600598245859146,0.19191819727420806
2020-01-07,0.045505801145918665,0.12238580137491226,0.11855944134294986,0.046095971716567874,0.051915007177740335,0.04419945965055376,0.030888005741871893,0.035962889157235625,0.08750689551234245,0.06276935913643342,0.09605001956224442,0.06615224555134773,0.1920091152191162
2020-01-08,0.04496163008734584,0.12150135338306427,0.1197065081447363,0.045307774632237854,0.051294154953211546,0.04465653717052191,0.030703644454479217,0.03668493051081896,0.08728113323450089,0.0635439874276642,0.0966502271592617,0.06559946686029434,0.19210864901542662
2020-01-09,0.04536055703647435,0.1214484728872776,0.12231233865022659,0.045294994581490756,0.05140882525593042,0.045091732987202704,0.03067879625596106,0.03683372251689434,0.08727712854743004,0.06316816899767445,0.09338966086506843,0.06551165729761124,0.19222392141819
2020-01-10,0.04574410151690245,0.12184757515788078,0.12409992665052413,0.04521998120471835,0.05136081576347351,0.045462966267950836,0.03068314108531922,0.03647704012691975,0.08735041469335555,0.06260880282022185,0.09150005131959915,0.06550833731889724,0.19213687181472777
2020-01-13,0.0455913052894175,0.12206806242465973,0.1243380844593048,0.0448522336082533,0.051654575672000644,0.045758234802633524,0.030560686765238643,0.036229890771210194,0.08762819170951844,0.06269499116054363,0.0903958834707737,0.06607724502682685,0.19215063154697418
2020-01-14,0.04590934971347451,0.12296405136585235,0.12550949808210135,0.04493348435498774,0.05268027558922768,0.0455986108398065,0.030169639829546215,0.0364695405587554,0.08764175027608871,0.06127654080748357,0.0878878153860569,0.0665602408349514,0.192399200797081
2020-01-15,0.04597402240615338,0.12296838238835335,0.1263109877705574,0.04497277981135994,0.052569080330431464,0.045907200896181166,0.030066285911016167,0.03668784573674202,0.08796490505337715,0.06077103973432259,0.08694995418190957,0.06648675352334976,0.1923707604408264
2020-01-16,0.04616269171237945,0.12325534000992774,0.12680949550122023,0.044970371993258595,0.05182474553585052,0.04647068628109992,0.029967050813138486,0.036858510412275794,0.08820601254701614,0.06049664751982391,0.08538188934326171,0.06716431304812431,0.19243227541446686
2020-01-17,0.04631229629740119,0.1237731322646141,0.12671177089214325,0.04502782099880278,0.051641995459795,0.04675793875940144,0.029847620660439132,0.03702146727591753,0.08808842152357102,0.06002256302823241,0.08446313217282295,0.06782741248607635,0.19250439703464509
2020-01-21,0.04647768530994654,0.12406332343816757,0.1251957941800356,0.04509369565639645,0.051631826069206,0.04701004005037248,0.03054507835768163,0.03711284268647432,0.0877862699329853,0.05985607893790643,0.08444615378975869,0.06819085478782654,0.19259035885334014
2020-01-22,0.04715604358352721,0.12422309741377831,0.12354522813111543,0.04463538331910968,0.049037769250571725,0.04790959488600492,0.030696244444698095,0.037073996104300025,0.08804556503891944,0.060905540782553655,0.08476323932409287,0.0696206197142601,0.19238767623901368
2020-01-23,0.04774406698998064,0.12463006004691124,0.12288576792925596,0.04470157586038113,0.04874866642057896,0.048600680916570126,0.03038549581542611,0.03698408752679825,0.08837667778134346,0.06183297644522554,0.08273686468601227,0.06978068873286247,0.19259235858917237
2020-01-24,0.048411804647184906,0.12525318637490274,0.12250619456171989,0.044651496480219065,0.04764457056298852,0.04944129730574787,0.029980092635378243,0.03709527533501387,0.08770693838596344,0.06300177832625593,0.08095724284648895,0.07075767144560814,0.19259243309497834
2020-01-27,0.04714593379758299,0.12512578517198564,0.11957852747291327,0.045649479050189255,0.047384183201938865,0.05144200453069061,0.029187939036637543,0.03734556920826435,0.0875049240887165,0.06583819957180026,0.07955625206232071,0.07165874615311622,0.1925824761390686
2020-01-28,0.04450061316601932,0.1227310098707676,0.1187707506120205,0.04409477966837585,0.046005470585078,0.05491424580104649,0.027911574160680176,0.03768696896731853,0.08728824257850647,0.07101347560369362,0.0783074751496315,0.07341521829366685,0.19336017370223998
2020-01-29,0.04324209822807461,0.1217030018568039,0.1198126444593072,0.04369322913698852,0.045988788502290844,0.056741938553750516,0.02737855720333755,0.03830965682864189,0.08585226610302925,0.07216442004837234,0.07726133242249489,0.07530148029327392,0.1925506055355072
2020-01-30,0.042270952090621,0.12030061781406402,0.11880823317915201,0.04328673353884369,0.045945436647161844,0.059080643975175914,0.027294505573809146,0.039431432634592055,0.08468752354383469,0.07396276976172658,0.07594660222530365,0.07658515200018882,0.19239941537380217
2020-01-31,0.041796285682357846,0.11881313100457191,0.1185902850702405,0.04291926443111151,0.044849244644865394,0.061241625482216476,0.027105058263987302,0.04059751704335213,0.08395562954246998,0.07504413753371467,0.07439920231699944,0.07788450419902801,0.19280414581298827
2020-02-03,0.03933435010258109,0.11723233461380005,0.11402077004313468,0.04137554420158267,0.044261697214096785,0.06571537416893988,0.026516621746122838,0.042195001244544984,0.08433459289371967,0.07937779126840852,0.07384450472891331,0.0785474181175232,0.19324395954608917
2020-02-04,0.03838964074384421,0.11599788218736648,0.1127356756478548,0.040868845558725296,0.04439207883551717,0.06851269557373599,0.026141383312642576,0.04374408200383186,0.08403174988925458,0.08021968555449063,0.07242489047348499,0.07965199574828148,0.19288937151432037
2020-02-05,0.038579304702579975,0.11458268016576767,0.11286488324403762,0.04104024833068252,0.045192993525415656,0.06792739073280245,0.027277299109846352,0.04515260010957718,0.08361913040280342,0.07733027285600116,0.07199219204485416,0.08175218254327773,0.19268878996372224
2020-02-06,0.03897039946168661,0.1131369061768055,0.11224096063524484,0.04110176009126008,0.04529133909381926,0.06618267383892089,0.028719861432909964,0.04652880989015103,0.08324000798165798,0.0767333982540265,0.07207017093896866,0.083099627494812,0.19268411695957183
2020-02-07,0.039276831224560736,0.11315065324306488,0.11033858824521303,0.04098053830675781,0.04554529022425413,0.06513603082858026,0.029498968739062548,0.047903161868453024,0.08295107670128346,0.07634490668903524,0.07196017727255821,0.08434895575046539,0.19256481230258943
2020-02-10,0.039382198522798714,0.11334574073553086,0.1069393940269947,0.040141375898383555,0.045606707548722626,0.06484841406345368,0.029354821238666774,0.049240099638700484,0.08348950818181038,0.0771047466853787,0.07189011946320534,0.08628811165690423,0.19236875772476197
2020-02-11,0.03982269703410566,0.11427023857831956,0.10528357438743115,0.03975537577643991,0.04582194830290973,0.06384912170469761,0.028968160785734654,0.05016900114715099,0.08339287824928761,0.07722537983014419,0.07112499363720418,0.0878662921488285,0.19245032966136932
2020-02-12,0.040129345818422736,0.1142538882791996,0.10408142805099488,0.03958808020688594,0.04648136510513723,0.062557727470994,0.02889156900346279,0.050953160598874093,0.08322106823325157,0.07688168997039072,0.07139844223856925,0.08898248001933098,0.19257972836494447
2020-02-13,0.04036628783214837,0.11468811929225922,0.10301709175109863,0.039346536202356217,0.04708004710264504,0.06100545979570597,0.028964777057990432,0.05168278962373733,0.0827148798853159,0.07682758554284845,0.07189186401665211,0.08972287625074386,0.1926916778087616
2020-02-14,0.04040849911980331,0.11442027464509011,0.10252601727843284,0.03827827435452491,0.04678749334998429,0.06034480256494135,0.029074506415054203,0.05256513524800539,0.08268561102449894,0.07727214860451355,0.07221534699201584,0.09082926288247109,0.19259261190891266
2020-02-18,0.04047209087293595,0.11468763276934624,0.10128807090222836,0.03760288211051375,0.04691625882405788,0.05982993165962398,0.0291202740278095,0.05328270774334669,0.08246762864291668,0.07733877206405601,0.07249065488576889,0.0918592393398285,0.19264386892318724
2020-02-19,0.0402723258594051,0.11479384005069733,0.100892698392272,0.03662077102344483,0.04676596142817289,0.05962562009226531,0.02919614566490054,0.054161330498754975,0.08206454254686832,0.07681051162044313,0.07399772629141807,0.09222841262817383,0.19257009625434876
2020-02-20,0.040461472747847435,0.11550894007086754,0.10158255621790886,0.0363294575130567,0.046993028419092295,0.05970540209673345,0.02916688290424645,0.05487243887037039,0.08165137730538845,0.0764724077864262,0.07584307231009006,0.08885873928666115,0.19255425035953522
2020-02-21,0.03991540959104896,0.11402631551027298,0.10279338285326958,0.03581080012954772,0.04621812081895769,0.060504758823663,0.029246813850477338,0.055627447180449964,0.08155981712043285,0.07717890728108827,0.07649068869650363,0.08811235800385475,0.19251516163349153
2020-02-24,0.03779249689541757,0.11215893626213073,0.10133508555591106,0.0360531834885478,0.04537876963149756,0.062448802124708894,0.029270529421046375,0.05705387629568577,0.0817395992577076,0.07853071065428985,0.07736539021134377,0.08822691962122917,0.19264568388462067
2020-02-25,0.027731609088368712,0.08478583618998528,0.07637801580131054,0.026980144483968616,0.03443501929286867,0.05159148047678173,0.022526344703510403,0.047067251056432724,0.06374487765133381,0.06514823551986523,0.06057827174663544,0.06859165877103805,0.37044124603271483
2020-02-26,0.02353914179839194,0.07226153947412968,0.06416679844260216,0.02310255663469434,0.029488994588609783,0.04971002233214676,0.019297389406710865,0.04452632237225771,0.055272942408919334,0.05647458188418728,0.05202238876372576,0.05794992744922638,0.4521874010562897
2020-02-27,0.02336756483418867,0.07219055779278279,0.06208730824291706,0.0227341799531132,0.02960744722513482,0.053813037544023244,0.01942059341818094,0.04629344632849097,0.05554393269121647,0.05694740087897117,0.05189264416694641,0.05629359781742096,0.44980830550193784
2020-02-28,0.022627678455319256,0.06884801052510739,0.059675094485282895,0.02192216257099062,0.029272917844355106,0.05954843051731586,0.01960484031587839,0.04692936260253191,0.05538769699633121,0.05940370059869675,0.05132666826248169,0.05329846814274788,0.4521549642086029
2020-03-02,0.0230485430220142,0.0693417526781559,0.05923553090542555,0.02190523985773325,0.02918078670045361,0.06405528569594025,0.019915129523724318,0.04613734493032098,0.05596511289477348,0.056597315717077025,0.051258462481200695,0.052391466498374936,0.45096805691719055
2020-03-03,0.02373111410997808,0.07077550515532494,0.05831208396703005,0.022006418975070118,0.029269678611308338,0.06637150269234553,0.02004091488197446,0.04554556701332331,0.05519338175654411,0.05519916281979942,0.051057775318622586,0.05204984843730927,0.45044705271720886
2020-03-04,0.022994896734599025,0.06994183138012885,0.057513217255473134,0.022365261684171855,0.029458656895440073,0.06899762552347966,0.020654104929417372,0.045349981728941204,0.05555041208863258,0.055102405936471935,0.05119410417973995,0.05088254734873772,0.44999494552612307
2020-03-05,0.023639742564409972,0.07120017185807229,0.056897564232349394,0.02250549024902284,0.029789035359863193,0.06939028538181446,0.02108764909207821,0.045154713466763495,0.054723449423909186,0.05372384062491094,0.05101767480373383,0.05080486312508583,0.45006552934646604
2020-03-06,0.022957388788927346,0.0694409754127264,0.05624118819832802,0.02205032978672534,0.029867562919389457,0.07204459561617113,0.021384961903095245,0.046401620656251905,0.05497290641069412,0.05411995067166675,0.05125613585114479,0.04933963716030121,0.44992276430130007
2020-03-09,0.022429292474407704,0.06822743713855743,0.05532028637826443,0.021492304769344626,0.02961326837539673,0.07429533755057491,0.022195844165980815,0.04746855050325394,0.05481488928198815,0.05504673044305601,0.05049356054514646,0.048239166289567946,0.4503633439540863
2020-03-10,0.021353493456263094,0.06553399302065373,0.052136171609163284,0.020657890429720282,0.029175761830992998,0.07878673079248984,0.0229855177924037,0.04759861398488283,0.054478558152914046,0.05868323134878768,0.04904681146144867,0.04664421528577804,0.4529190182685852
2020-03-11,0.022979088220745326,0.06774286851286888,0.052536464668810366,0.02117600862402469,0.03072466511512175,0.0760169564106036,0.022050596214830874,0.04721505027264357,0.05356633812189102,0.05680492507738073,0.049430977925658225,0.047921808809041976,0.4518342435359955
2020-03-12,0.023129995784256608,0.06674507856369019,0.05137197859585285,0.020999252703040837,0.03073011745000258,0.07534693566267378,0.022144738025963305,0.047777535207569596,0.0538063183426857,0.05860303999421923,0.04912739619612694,0.04713119789958,0.4530864119529724
2020-03-13,0.022735100507270546,0.06461420953273773,0.04935737922787666,0.020131503650918602,0.03000633049523458,0.07722833778825589,0.02320854291319847,0.04907881394028664,0.0547805517911911,0.05828823963893619,0.04985579513013363,0.04573313146829605,0.4549820780754089
2020-03-16,0.024585873470641673,0.06722478941082954,0.051710381731390954,0.0211403354536742,0.03186655737226829,0.07052478205296211,0.02239574268460274,0.04979790151119232,0.05483807511627674,0.0540778397851561,0.04830320812761783,0.04889131411910057,0.4546432137489319
2020-03-17,0.024549714068416505,0.06425027698278427,0.04950484782457352,0.020965320453979076,0.031322110537439586,0.07694272276712581,0.025886164419353007,0.05311143714934587,0.05691523626446724,0.05616210938377701,0.049587678909301755,0.0451617568731308,0.445640629529953
2020-03-18,0.026339373376686126,0.06728430464863777,0.05123246740549803,0.022138746827840804,0.033598568488378076,0.07187566448701546,0.024111645855009557,0.050345296412706374,0.05589309297502041,0.05445924348473845,0.04902238771319389,0.04793840497732162,0.4457608163356781
2020-03-19,0.02683654085267335,0.06718703284859658,0.049931702204048634,0.022110378299839795,0.033070787403266876,0.07196877928217874,0.024110515601933002,0.050864357873797415,0.05605283007025719,0.05433962229075249,0.05024275798350573,0.04629329144954682,0.4469914257526398
2020-03-20,0.027810839610174297,0.06694739088416099,0.05156398955732584,0.02249275103677064,0.03392380741424859,0.06954622241319157,0.02476151268929243,0.04982769321650267,0.05570756420493126,0.05262505757349896,0.05089889466762543,0.04689519330859184,0.4469990849494934
2020-03-23,0.026890054170507938,0.06483376920223236,0.05068833660334349,0.022452084138058125,0.03492381403921172,0.07058360854862258,0.02685297019779682,0.052356938272714613,0.05572000592947006,0.05185910526542816,0.05043928846716881,0.045597683638334274,0.44680235385894773
2020-03-24,0.026171608886215836,0.06472024098038673,0.049912170879542826,0.022099328157491983,0.033987796155270186,0.06912889121449553,0.0277430921792984,0.05658593364059925,0.05582496151328087,0.05239149485285246,0.05049810111522675,0.044514000415802,0.4464223921298981
2020-03-25,0.02715893795248121,0.0653225027024746,0.05183124057948589,0.022939951182343064,0.03391639932524413,0.06236931988387369,0.025576619431376457,0.05327114146202803,0.05533329546451569,0.051399023953282705,0.049149717390537265,0.04692539423704147,0.45480645895004274
2020-03-26,0.02796638502040878,0.06479080840945244,0.052754112891852854,0.023847925616428255,0.03501276065362617,0.0616815205255989,0.025843767262995244,0.05614196304231882,0.056671103835105895,0.04891253301069796,0.05028955116868019,0.049995725601911546,0.4460918426513672
2020-03-27,0.028888322517741472,0.06558952182531357,0.054376015067100526,0.024320959043689073,0.03527112564770505,0.05906200518365949,0.025374162942171097,0.05433679204434157,0.0573071226477623,0.047312962159135455,0.05002743639051914,0.05270897075533867,0.44542462229728697
2020-03-30,0.027787660097237675,0.06491148471832275,0.053429113887250426,0.02330689481459558,0.03312327822204679,0.05766526953666471,0.025169932655990122,0.05319606810808182,0.05640462599694729,0.04650997150942402,0.05126727893948555,0.052054600417613985,0.4551738202571869
2020-03-31,0.028554214956238867,0.06615629494190216,0.05403848104178906,0.023309952579438686,0.03320834423648193,0.055879058191203514,0.0242929557338357,0.05215837694704532,0.05573204569518566,0.04601554965429351,0.0516096405684948,0.05289059579372406,0.45615448951721194
2020-04-01,0.028734545106999576,0.06579235121607781,0.05439990609884262,0.02322117700241506,0.0339721872122027,0.056213949638186024,0.024046765640378,0.051801004260778424,0.05689961649477482,0.045166512344350096,0.05171446651220322,0.052758744731545446,0.4552787601947784
2020-04-02,0.028713848942425103,0.06570692807435989,0.05270163491368294,0.02286606477573514,0.03357769490685314,0.05796370583411772,0.02455746680498123,0.05083228759467602,0.05765096321702003,0.04595384591419567,0.05234555788338184,0.0514210794121027,0.4557088971138
2020-04-03,0.029334729979746045,0.06618338897824287,0.05305907391011715,0.022990324441343545,0.03411806385265663,0.05713085069437511,0.024384821578860284,0.049431664310395716,0.05729125663638115,0.045530835603972974,0.05214779376983643,0.051517204567790034,0.4568800091743469
2020-04-06,0.029332467913627626,0.06651143282651902,0.05324957594275474,0.022714184783399104,0.03390287824440748,0.05782733687956352,0.024606989324092866,0.04854775946587324,0.05790037326514721,0.04584324664237087,0.052808649465441705,0.05098009370267391,0.4557750284671783
2020-04-07,0.030555408610962332,0.06884241998195648,0.05503333956003189,0.022974625742062927,0.03429496213793755,0.05432003033929504,0.023653412610292433,0.04733674675226211,0.05786922462284565,0.04488926913192799,0.05143688656389713,0.0527839582413435,0.45600971579551697
2020-04-08,0.030895340163260697,0.06901585906744004,0.0550767820328474,0.02306089517660439,0.034479066636413334,0.05292033714940771,0.02366136237978935,0.047047076746821404,0.05761116184294224,0.04504937708576797,0.05232572071254253,0.052755347639322284,0.4561016857624054
2020-04-09,0.031517633877228945,0.06916516423225402,0.05570840686559677,0.022788899810984732,0.03415164623875171,0.050823518983088435,0.023305297642946244,0.04641746450215578,0.05803424939513206,0.043851413410524745,0.05250093601644039,0.05534108392894268,0.45639429092407224
2020-04-13,0.031542140524834394,0.06860619634389878,0.055926553159952166,0.022808827459812164,0.03325864198850468,0.04903904038364999,0.023202092200517655,0.04646049644798041,0.06012069433927536,0.04341606599664196,0.05305729694664478,0.05696767754852772,0.4555943012237549
2020-04-14,0.031593527225777504,0.06998164728283882,0.054857348650693895,0.022814747272059323,0.033255515608470884,0.04833921529352665,0.023412654548883437,0.04571963120251894,0.06034059636294842,0.04448589658539,0.054966078326106074,0.05510821379721165,0.45512492656707765
2020-04-15,0.03240765936207026,0.07178217768669129,0.0552765142172575,0.023197207413613797,0.03351493725785985,0.047190321661764754,0.02353327237069607,0.04482972379773855,0.05898856036365032,0.045071689552863246,0.05461079441010952,0.05517331473529339,0.4544238209724426
2020-04-16,0.03263853169046342,0.07134587541222573,0.054704219847917554,0.023124855104833843,0.03292129046749324,0.04844957012101077,0.023848291859030722,0.04518060963600874,0.059416040778160095,0.046342495958054994,0.05480532608926296,0.05379095338284969,0.4534319579601288
2020-04-17,0.03292138488031924,0.07208945080637932,0.05444553643465042,0.023183819837868214,0.03268320889910683,0.04896016116254032,0.023889562860131264,0.04509224910289049,0.058082302659749986,0.04736688273046745,0.05470995083451271,0.05252069793641567,0.4540547788143158
2020-04-20,0.03401371689978987,0.07286507934331894,0.05522467643022537,0.023298920970410107,0.03328713992377743,0.04895080330898054,0.02367842122912407,0.04555190522223711,0.05620190687477589,0.046109438164199545,0.055090876296162605,0.05249140858650207,0.45323569178581236
2020-04-21,0.03406330577563495,0.07332438006997108,0.053732762858271596,0.022789833880960942,0.03315816854592413,0.05122749518486671,0.023830630630254746,0.04558838587254286,0.0560676459223032,0.0467408441958316,0.054913914576172826,0.05131094418466091,0.45325168371200564
2020-04-22,0.033759771334007385,0.07347346171736717,0.052720334753394126,0.02250082641839981,0.03255353355780244,0.05496174801373854,0.024118439108133317,0.04545318968594074,0.05601430535316467,0.04700885528664998,0.05392766520380974,0.04985302872955799,0.4536548495292664
2020-04-23,0.03424465418793261,0.07434984073042869,0.05336304679512978,0.02244908260181546,0.03285622346447781,0.05599371649441309,0.024029092863202095,0.04512081574648619,0.05466756261885166,0.04713613930631588,0.05374124608933926,0.04890888147056103,0.45313971638679507
2020-04-24,0.03422435608226806,0.07370007336139679,0.0541714284569025,0.022172081284224987,0.0326456016744487,0.05791998218046501,0.02450772523880005,0.04472783412784338,0.053303367272019384,0.04756887565674006,0.05348062999546528,0.04766894243657589,0.45390909910202026
2020-04-27,0.03446664927760139,0.07328298315405846,0.05465720184147358,0.022131391614675523,0.032375049660913646,0.06026622562203556,0.025088921561837195,0.04383019674569368,0.05287868827581406,0.047744511051748616,0.0526818785816431,0.04640206061303616,0.4541942596435547
2020-04-28,0.03527080861385912,0.07287045493721962,0.05571821369230747,0.022672004345804454,0.03331394027918577,0.05944227799773216,0.025739705190062523,0.04352386239916086,0.051508355885744095,0.04831257000838072,0.05207721926271915,0.04595567248761654,0.45359493494033815
2020-04-29,0.035250046604778616,0.07386860102415085,0.05635070092976093,0.023325503058731555,0.03368373797275126,0.05968518496956676,0.02597711831331253,0.042607801593840124,0.049941024743020535,0.04873374074614105,0.05158366151154041,0.0449514240026474,0.45404144525527956
2020-04-30,0.03544854504289106,0.0749821349978447,0.05773055255413055,0.023870109207928182,0.034319981629960236,0.05930265015922487,0.026088930293917657,0.04120879527181387,0.048414979875087735,0.04984781007379553,0.05094282664358616,0.04430058151483536,0.4535421133041382
2020-05-01,0.035830401012208316,0.0748705044388771,0.05708291754126549,0.023834819719195367,0.03435400096932426,0.06102229494135827,0.026899265497922896,0.04124978724867105,0.04747836366295814,0.04916558213431053,0.05119394324719906,0.04412967674434185,0.45288844108581544
2020-05-04,0.03542336461832747,0.07470152974128723,0.05654458031058311,0.02361207753419876,0.0332813547924161,0.06399682515766472,0.027087324857711793,0.04024855848401785,0.0479742880910635,0.050117318925610735,0.05026739239692688,0.04406305663287639,0.4526823341846466
2020-05-05,0.03503227616893127,0.07462912574410438,0.056295353919267654,0.023340437281876802,0.033089248766191307,0.06556552720721812,0.027411266788840295,0.03946893829852342,0.0472610866650939,0.0508451471669602,0.05033111199736595,0.04380662627518177,0.45292386412620544
2020-05-06,0.0348541235900484,0.07433272376656533,0.055733874812722205,0.02311857845634222,0.03279074029414915,0.06684125277679413,0.02809780240058899,0.03856685254722834,0.046384006179869174,0.05186067891981043,0.0508797787129879,0.04339122958481312,0.453148341178894
2020-05-07,0.03476441468810663,0.0740991286933422,0.05500354282557964,0.023337970301508904,0.033182803099043666,0.0680851778248325,0.028835099004209042,0.03880524393171072,0.046142987348139285,0.05126653681751865,0.050849761441349985,0.04292064048349857,0.4527066946029663
2020-05-08,0.03474396780366078,0.07456994950771331,0.05496623292565346,0.023656042758375406,0.03310531391762197,0.06812749255914241,0.02897397931665182,0.038357742875814435,0.045051431842148305,0.05141982881545726,0.05123632922768593,0.043007489666342734,0.4527841806411743
2020-05-11,0.03524467757670209,0.07565210312604904,0.05502559915184975,0.024145884066820146,0.03385051119839773,0.06633546436205506,0.02926764599978924,0.03807761594653129,0.043531947769224644,0.05120050678295751,0.05172339119017124,0.04273323006927967,0.4532114267349243
2020-05-12,0.03606898406287655,0.07730554193258285,0.05409167669713497,0.024829744827002287,0.03408304814947769,0.0651732369326055,0.02917169239372015,0.038572142645716664,0.043031488358974454,0.0510549111792276,0.05093369446694851,0.0419346135109663,0.45374922156333924
2020-05-13,0.03531498303636908,0.07884074002504349,0.05352213978767395,0.025062125734984876,0.03534837632905692,0.06664308425970375,0.028783811442553996,0.03647155687212944,0.04286716766655445,0.05272869652509069,0.050924383103847504,0.04154502674937248,0.4519479155540466
2020-05-14,0.033876407996285704,0.07939557731151581,0.05249382555484772,0.025288516096770762,0.036435206746682526,0.06848729779012501,0.028060994669795038,0.034436792507767676,0.042955904453992846,0.054371018783679045,0.05030895173549652,0.04135979861021042,0.45252969264984133
2020-05-15,0.03342429931508377,0.07962589263916016,0.05236012972891331,0.02477832222357392,0.037005442345980556,0.06967913005501032,0.0277786185964942,0.032739372551441194,0.04272083062678576,0.055987448086212234,0.05011918097734451,0.04125898666679859,0.4525223672389984
2020-05-18,0.03304735526908189,0.07938313335180283,0.052188435941934584,0.024826050736010075,0.035793888580519705,0.0708661746699363,0.02788002509623766,0.03159308098256588,0.04248742014169693,0.057815517165567876,0.05016676783561706,0.04114260412752628,0.4528095304965973
2020-05-19,0.03349552711006254,0.0784556582570076,0.05354579091072083,0.025240684673190118,0.036434866895433515,0.06655897642485797,0.02937917858362198,0.031104778125882148,0.04190250597894192,0.05901785532318673,0.050632765516638756,0.04216844737529755,0.45206300020217893
2020-05-20,0.032846011640504005,0.07844619303941727,0.05202010869979858,0.024293912574648857,0.03624434827361256,0.06580713293515146,0.03032372538000345,0.031554131954908374,0.0416473027318716,0.061735804739705635,0.0512643214315176,0.04141473993659019,0.45240226984024046
2020-05-21,0.03281645649112761,0.07886874228715897,0.05168577916920185,0.023793450370430947,0.03597686506109312,0.06453339452855289,0.0308471605181694,0.031421846523880956,0.04091419223695993,0.06359681227833835,0.052025758847594264,0.041085914522409436,0.4524336338043213
2020-05-22,0.03288609794108197,0.07935982793569565,0.05165205560624599,0.023058899212628603,0.03534369142726064,0.06583293383009732,0.03123954888433218,0.031406425312161444,0.04101548846811056,0.06213338655947194,0.052960898727178574,0.04074244163930416,0.45236831307411196
2020-05-26,0.03316734576364979,0.07977582961320877,0.05179697833955288,0.022665242943912745,0.03303446302888915,0.06638562423177063,0.031548828817903996,0.031533133238554,0.041408757120370863,0.06203466929462191,0.05304859839379787,0.040723569318652154,0.4528769552707672
2020-05-27,0.033866033621598034,0.07958796396851539,0.052348140999674796,0.022669822443276644,0.03291356996633112,0.0661333903670311,0.0324088616296649,0.03144057579338551,0.041666333191096784,0.059624683766420716,0.053789610415697096,0.04096092171967029,0.4525901317596436
2020-05-28,0.03472919032210484,0.07999088987708092,0.05294960327446461,0.0226353463716805,0.032418071513529864,0.06658782567828894,0.032822721637785435,0.031223897635936738,0.04182015396654606,0.058595566365169736,0.052544102817773816,0.040911266952753066,0.4527713656425476
2020-05-29,0.03523174459114671,0.08021876513957978,0.05173212103545666,0.022837749123573302,0.03174791058991104,0.06720560565590858,0.03310622982680798,0.03114277794957161,0.04222685620188713,0.057796941572660646,0.052544789761304854,0.04073537811636925,0.4534731149673462
2020-06-01,0.03570672031491995,0.08108907490968705,0.050857148692011835,0.022776603884994983,0.03174930947134271,0.06747070988640189,0.03353779632598162,0.030812015384435655,0.042332778498530385,0.05765080879157107,0.052503036335110664,0.040327169746160504,0.45318682193756105
2020-06-02,0.036056614940753205,0.08158643543720245,0.05033530332148075,0.022910807840526105,0.03222679104655981,0.06697847172617913,0.03380599766969681,0.03040539249777794,0.04245932046324015,0.057444164598761914,0.052151497825980185,0.04051082022488117,0.45312839150428774
2020-06-03,0.03655229053110816,0.08286190927028655,0.04966733008623123,0.023067417554557323,0.032991033210419116,0.06612472981214523,0.03416798012331128,0.0302604116499424,0.042756174504756925,0.05656142505242538,0.052255193889141086,0.040200219675898555,0.45253388285636903
2020-06-04,0.03794251872459427,0.08495204299688339,0.049642210453748704,0.023802389577031135,0.03438752809306607,0.06174041926860809,0.03501225989311933,0.03029802218079567,0.04327050428837538,0.054349874708813674,0.05292847640812397,0.04059960953891277,0.45107415318489075
2020-06-05,0.03930964525206946,0.08718912526965142,0.049647558480501175,0.024558435194194317,0.03500535417115316,0.05871750833466649,0.03622885225340724,0.030679577961564064,0.04433305021375418,0.053233431061318545,0.05525694787502289,0.04022702164947987,0.4456134498119354
2020-06-08,0.03994407124700956,0.08660627007484437,0.04930760413408279,0.025310193374752998,0.03537105111172423,0.054468204453587535,0.03629733463749289,0.029985758289694787,0.04354101736098528,0.05088611601701363,0.0559968713670969,0.03987226895987987,0.4524132251739502
2020-06-09,0.040921365754911676,0.0873944841325283,0.04971234649419785,0.02602517157793045,0.0358104144805111,0.05228209290653467,0.037019707076251504,0.02997255213558674,0.043596716970205306,0.04902869277604793,0.05595362968742847,0.04014065526425838,0.4521421790122986
2020-06-10,0.04108641432248987,0.08956779986619949,0.049657882750034334,0.02564544975757599,0.03630653674481436,0.051820237562060355,0.03694995893165469,0.030526173301041126,0.044049125723540784,0.04754717316446566,0.05792675651609898,0.03992532715201378,0.4489911675453186
2020-06-11,0.04188714051269926,0.0946556031703949,0.05122125186026096,0.026494133565574885,0.03781530683627352,0.05232811123132706,0.03716775169596076,0.03144433200359344,0.04529401883482933,0.04744587817646728,0.06163326054811478,0.041611552610993384,0.43100165128707885
2020-06-12,0.03960284113418311,0.0911964789032936,0.04760359451174736,0.02539925342425704,0.03565956777893007,0.054566960968077186,0.03320209458470345,0.0318913497030735,0.04433299917727709,0.04599660586278294,0.05975862368941307,0.039153842628002165,0.45163578987121583
2020-06-15,0.039028965699253605,0.09126523733139039,0.04801630489528179,0.025367962662130594,0.035872689785901454,0.05558568593114614,0.03245074721053243,0.031706396490335464,0.043982861749827865,0.047072116732201505,0.06016252860426903,0.0394602470099926,0.450028258562088
2020-06-16,0.03831545464345254,0.09108439832925797,0.04833626486361027,0.02509838780388236,0.03467550406930968,0.056921562924981114,0.0324942440725863,0.03108338303864002,0.04361232314258814,0.04859135140761861,0.060643409937620164,0.038876529037952426,0.4502671778202057
2020-06-17,0.03802403201116249,0.09013188183307648,0.0485861100256443,0.024992015957832337,0.033979592169634996,0.05756155587732792,0.033984697237610814,0.030022050812840463,0.042950748838484286,0.050368625013228294,0.061029688268899915,0.03836394622921944,0.4500050604343414
2020-06-18,0.0372778048447799,0.08922284692525864,0.047590074315667155,0.025102976709604263,0.03406045942101628,0.05918514989316463,0.03414297066628933,0.029413745179772376,0.042419322021305564,0.05247687063960935,0.06101345643401146,0.037475918978452684,0.4506183981895447
2020-06-19,0.03667240557260811,0.08872538208961486,0.04732565172016621,0.024577394407242537,0.03358606586698443,0.06040018200874329,0.03374958196654916,0.02895880825817585,0.04191769734025001,0.05451124124257038,0.06147070750594139,0.036965961754322055,0.4511389255523682
2020-06-22,0.03555098563665524,0.08853950053453445,0.0467178612947464,0.024089643359184267,0.033114392531570044,0.06169240828603506,0.033219972439110276,0.02857051119208336,0.04156442824751139,0.0558843467324003,0.06255058273673057,0.03668219447135925,0.45182318091392515
2020-06-23,0.03498640483594499,0.08903994858264923,0.046494653448462486,0.023920790944248437,0.0331402913085185,0.0623853063210845,0.033005684427917,0.028082773089408875,0.04049935974180698,0.05678709710876362,0.06346747502684594,0.03597499169409275,0.4522152364253998
2020-06-24,0.03467103588627651,0.08984617739915848,0.04616470001637936,0.023825280368328094,0.03353134373901412,0.06308406721800566,0.03305710321292281,0.027772904932498933,0.039596129395067695,0.057407269358049184,0.06334125548601151,0.03500286713242531,0.45269986391067507
2020-06-25,0.033546853496227415,0.08881034404039383,0.04589120745658874,0.022880109027028084,0.03422354878857732,0.06755464114248752,0.03154420861974359,0.02793465182185173,0.04045575950294733,0.05917288546090873,0.062210863083601,0.03469098135828972,0.45108396410942075
2020-06-26,0.03294089777045883,0.08777042776346207,0.04603956900537014,0.02237488068640232,0.03410810194909573,0.06984863001853228,0.030860406067222356,0.027998267859220504,0.0401478479616344,0.060697848702444365,0.061465755105018616,0.034380394220352176,0.4513669848442078
2020-06-29,0.031362164841266346,0.0858296811580658,0.04546782933175564,0.021538166515529155,0.03419302273541689,0.0738209375180304,0.02955386908724904,0.02853732407093048,0.04071993138641119,0.06341837231440514,0.060292723774909976,0.03382766488939524,0.45143830180168154
2020-06-30,0.030637657269835472,0.08460570424795151,0.04526465963572264,0.021028216835111378,0.03383255942026153,0.07618766315281392,0.029185684956610204,0.028939340263605118,0.04060420049354434,0.0658602934112384,0.059319166094064714,0.033229013346135615,0.45130584239959715
2020-07-01,0.03018869779771194,0.0829315684735775,0.04500102624297142,0.020455289352685212,0.03304627229226753,0.07737649735063315,0.029580637253820895,0.029608509317040444,0.040418246295303106,0.06871936207918754,0.05860247611999512,0.03266660943627357,0.4514048099517822
2020-07-02,0.029920241457875817,0.08139693289995194,0.04412071891129017,0.020183226186782123,0.03302762163802982,0.07794867381453514,0.03018412971869111,0.030379541032016278,0.0397604638710618,0.07025630958232423,0.058673594146966934,0.032273346371948716,0.4518752217292786
2020-07-06,0.029653476021485402,0.07988740727305413,0.04371796157211065,0.020018056314438582,0.03341524257557467,0.07814233778044581,0.030817293748259544,0.03107994981110096,0.03897569309920072,0.07178275921389972,0.058605975657701495,0.03147936817258597,0.4524244785308838
2020-07-07,0.029838161508087067,0.07902799770236016,0.0434040667489171,0.01998368799686432,0.03381715996656567,0.07748103253543377,0.03133955728262663,0.031690092757344246,0.038130271900445226,0.07299729997830476,0.0590252548456192,0.030907410942018033,0.4523580074310303
2020-07-08,0.029075824725441634,0.07723460495471954,0.04297654535621405,0.018996573612093927,0.03298850884893909,0.07814232800155878,0.031000114791095257,0.03282093796879053,0.038754484802484515,0.07479839733664058,0.06075653731822968,0.030976707674562932,0.45147843956947326
2020-07-09,0.028738131368299946,0.07662966474890709,0.04281526319682598,0.018553605210036038,0.033129079081118104,0.07734522381797433,0.030716450326144694,0.03335960973054171,0.038448104495182635,0.07591832392684825,0.062011076509952544,0.030723249167203905,0.4516122221946716
2020-07-10,0.028312703827396035,0.07715620175004005,0.04318346232175827,0.01776714837178588,0.03378161048749462,0.07797068422660232,0.02984671453014016,0.03390189316123724,0.038605648931115864,0.07761173061022894,0.06135997325181961,0.030588042363524436,0.44991416931152345
2020-07-13,0.028768820216646417,0.07881581783294678,0.04421593304723501,0.01770846787840128,0.034082220040727404,0.07770600374788046,0.0292491196654737,0.03433898482471705,0.038919956097379325,0.07909812590521774,0.06218724846839905,0.03079947326332331,0.4441097855567932
2020-07-14,0.028070703183766456,0.07766205817461014,0.04333719871938228,0.017577032651752235,0.034295908798230815,0.07886353060603142,0.0279496137984097,0.034228607825934884,0.039165027998387815,0.08033884350428408,0.06132454052567482,0.03008024338632822,0.4471067011356354
2020-07-15,0.028065341629553587,0.07788392677903175,0.043193068169057366,0.01770155066624284,0.03404415312106721,0.07923883898183703,0.02762425895780325,0.03364756852388382,0.03891867594793439,0.08151810949253413,0.060938052088022235,0.030134405568242074,0.4470920503139496
2020-07-16,0.028360482639982365,0.07780973985791206,0.043246449530124666,0.017926825582981108,0.033603964792564514,0.0793407479301095,0.02778526172041893,0.03367050848901272,0.038674177788198,0.08243038838829282,0.06099594011902809,0.03052432704716921,0.44563120007514956
2020-07-17,0.02916485439927783,0.07855259478092194,0.04328533224761486,0.018342478293925525,0.03284212561557069,0.08183068009093404,0.02845062967389822,0.03452685810625553,0.03936293530277908,0.08167890355994949,0.06142197847366333,0.031273045018315314,0.43926758170127866
2020-07-20,0.03184442059719004,0.08322565034031867,0.04641821887344122,0.020013597421348096,0.034496296884026376,0.08754849620163441,0.030810577049851417,0.037452138029038906,0.04297358226031065,0.0857171310476474,0.06508375406265259,0.034093212150037286,0.4003229200839996
2020-07-21,0.03724697531433776,0.09473122954368592,0.05322271808981895,0.02362371776252985,0.039447970362380146,0.1012737350538373,0.0359454620629549,0.043978023901581766,0.049737939797341826,0.09721259850078763,0.07445860877633095,0.039993497915565966,0.3091275095939636
2020-07-22,0.042051041609374805,0.10391828492283821,0.059888715855777264,0.027160280011594297,0.04422499156789854,0.11412534574046732,0.04098441712558269,0.050678972713649274,0.05567665817216039,0.10685706383644895,0.08385399132966995,0.04534391202032566,0.22523634135723114
2020-07-23,0.043986654019681735,0.10668262168765068,0.06175607405602932,0.028740875609219074,0.04489013792481274,0.11805342705920338,0.04379872139543295,0.05418476741760969,0.057737826555967334,0.10723065693705483,0.0870877206325531,0.04753665365278721,0.19831384122371673
2020-07-24,0.042532717855647204,0.10722601562738418,0.06170503068715334,0.029020337946712972,0.044465570186730474,0.11964301355183124,0.044268254190683365,0.05653044600039721,0.05801708847284317,0.10622688786134712,0.08823384046554565,0.04755142703652382,0.1945793330669403
2020-07-27,0.041149495966965335,0.10703357830643653,0.06112627722322941,0.02918199673295021,0.04449981569778174,0.12032972378656268,0.04419817887246609,0.05791253745555878,0.05794899147003889,0.10554140009434806,0.08968423679471016,0.04737129155546427,0.19402243196964264
2020-07-28,0.040463630453450604,0.10618624463677406,0.06129732150584459,0.029761909693479537,0.04495574068278074,0.11935508465394377,0.04453328363597393,0.05842221081256867,0.057262710947543385,0.1035745139290258,0.09128688871860505,0.047698575630784036,0.19520188570022584
2020-07-29,0.039544405770720915,0.10654462799429894,0.061130219139158726,0.030113400891423225,0.044752018386498095,0.12020736448466778,0.0447598896920681,0.05953338500112295,0.057075084280222656,0.102946827812276,0.09229429960250854,0.0476858239620924,0.19341263473033904
2020-07-30,0.03900002968730405,0.1052470900118351,0.06135916076600552,0.030517516657710075,0.04493550285696983,0.11908180061727762,0.045086458697915076,0.059028370678424834,0.05636174576357007,0.10212169979745056,0.0928028978407383,0.047698157280683516,0.19675958454608916
2020-07-31,0.0391161420091521,0.10438550561666489,0.06200855914503336,0.029539423249661922,0.04454328700667247,0.1211326414719224,0.04608855489641428,0.05999610796570778,0.0570325187407434,0.10125927871937783,0.09217449128627778,0.048553507030010226,0.1941699981689453
2020-08-03,0.03977958257310092,0.10318323150277138,0.06248303931206465,0.02735607363283634,0.04385064562084153,0.12189820427447558,0.046897615864872934,0.060870103724300864,0.057197334989905355,0.1009037563835408,0.09280283972620965,0.049811053276062014,0.1929665118455887
2020-08-04,0.04040222681942396,0.10178780108690262,0.06328160259872675,0.026429793424904348,0.043534728547092526,0.12159038195386529,0.047602074965834615,0.061496330238878724,0.05670356983318925,0.09980881894847986,0.09314402341842651,0.05142157562077045,0.19279709458351135
2020-08-05,0.041263584530679506,0.10182257667183876,0.06402829363942146,0.02587277479469776,0.043814728397410366,0.12066004034131765,0.048291352950036524,0.062070047669112685,0.05621804380789399,0.09618192854444522,0.09334203079342843,0.052911246195435524,0.19352335929870607
2020-08-06,0.04268012542161159,0.10293184593319893,0.06534195430576802,0.02574650663882494,0.044590701966080816,0.11696084449067712,0.04872326087206602,0.06274441834539175,0.05602356744930148,0.09364455585030917,0.09454346597194671,0.053435998037457466,0.19263274669647218
2020-08-07,0.04402910294011235,0.10500881597399711,0.06548656038939953,0.02562714386731386,0.044932104286272076,0.11408562092110515,0.049036047980189325,0.06286015547811985,0.055701079219579695,0.09086107859784835,0.09591325223445893,0.053758558630943296,0.19270047545433044
2020-08-10,0.046463045646669345,0.10670603960752487,0.06752263382077217,0.02631154339760542,0.04389682280598208,0.11401293529197573,0.04878064040094614,0.06331092417240143,0.05575277721509338,0.08554891615593796,0.0951352670788765,0.053623146191239354,0.1929353207349777
2020-08-11,0.0484554777329322,0.10748179405927658,0.06934379152953625,0.02701597549021244,0.04403346250765026,0.11237842431291938,0.048446526564657685,0.06316035576164722,0.055601826217025516,0.08173913344241993,0.09567956924438477,0.053876592218875884,0.19278703331947328
2020-08-12,0.04698534121271223,0.1014413058757782,0.06678564511239529,0.02724553756415844,0.042706044181250034,0.10604963973164558,0.04508764464408159,0.05842339489609003,0.0532852103933692,0.07038945153684217,0.08866470903158188,0.0510034091770649,0.24193266928195953
2020-08-13,0.049650978500721976,0.1025790072977543,0.07004334181547164,0.029316225461661814,0.044609161547850815,0.1058378723450005,0.0459223385900259,0.058401099592447284,0.05440143719315529,0.06800093630075228,0.0902743548154831,0.05265187881886959,0.2283113569021225
2020-08-14,0.05318716180045158,0.10367405787110329,0.07461430691182613,0.03157748412340879,0.046884450153447686,0.10810668496415018,0.047608052380383015,0.059339983761310576,0.05664528701454401,0.06631540064933254,0.0939599558711052,0.05558532252907753,0.2025018811225891
2020-08-17,0.05555212924373336,0.1030217856168747,0.07758491858839989,0.03275077007710934,0.048295193456579,0.10848623076453805,0.04804813973605633,0.05853973962366581,0.05739230467006564,0.062264009781219085,0.09565228968858719,0.05705652348697186,0.19535600244998932
2020-08-18,0.05659840281587094,0.10210987702012062,0.07953134700655937,0.03370864875614643,0.04931483849650249,0.10697034699842334,0.048343998938798906,0.05692200809717178,0.05713004050776362,0.05798370954056757,0.09613547772169113,0.057582860067486766,0.19766845703125
2020-08-19,0.05825431552366354,0.10328420028090476,0.08007397800683975,0.034702647104859353,0.05020163876470178,0.1068267640657723,0.04860084094107151,0.05560418665409088,0.05768741201609373,0.05503121376502129,0.09771937131881714,0.05832148566842079,0.19369194507598878
2020-08-20,0.05911919227219187,0.10249671414494514,0.08157042637467385,0.035407521016895774,0.049621623987331984,0.10684741903096437,0.04755492229014635,0.05371282957494259,0.05826137391850352,0.04918371913549713,0.09892237782478333,0.05894637517631054,0.1983555018901825
2020-08-21,0.06036564214737154,0.10383007749915123,0.0829519510269165,0.035906914994120596,0.049264666507951915,0.10738431410863995,0.04717829376459122,0.05240952856838703,0.05943535594269633,0.046325571075420416,0.10026488155126571,0.06029982715845108,0.19438297152519227
2020-08-24,0.061911137209972364,0.10488321408629417,0.08353466987609863,0.03609960153698921,0.04978361551184207,0.10840745894238353,0.04661286603659391,0.051606513932347296,0.060676985420286655,0.04298931702830551,0.0993734672665596,0.06074398867785931,0.19337716102600097
2020-08-25,0.06303156459471211,0.10561482682824135,0.08480300530791282,0.03642439655959606,0.05021289326250553,0.1079544834792614,0.04587008822709322,0.0509358823299408,0.061688469350337984,0.039783083723645515,0.09915877133607864,0.06086339168250561,0.19365912973880767
2020-08-26,0.06430376850767061,0.10654540583491326,0.08592892214655876,0.03665871806442737,0.05100001972168684,0.10619032932445407,0.04507060945034027,0.050710109248757365,0.06243544053286314,0.03739285569595232,0.09950865507125854,0.060990209132432936,0.1932649403810501
2020-08-27,0.06572772500221617,0.10822091475129128,0.08596924692392349,0.037041586637496945,0.051362073863856494,0.1052004748955369,0.04457698967307806,0.05014203637838364,0.062850596383214,0.03554205030284478,0.0993774488568306,0.061185624822974204,0.192803230881691
2020-08-28,0.06835007164045237,0.10791065767407418,0.08777800053358079,0.03647186160087586,0.05143861121032387,0.10217352584004402,0.044507842790335414,0.05064235776662827,0.06347851809114217,0.033282999866380794,0.09939137548208236,0.061366555467247966,0.1932075947523117
2020-08-31,0.06993595474632457,0.10852625668048858,0.08953881114721299,0.03653426393866539,0.052070636232383546,0.09973123166710138,0.044206589087843896,0.04971257410943508,0.06368296165019274,0.03141787397296838,0.09976111650466919,0.06155419386923313,0.19332754015922546
2020-09-01,0.07126293347682804,0.10989302396774292,0.09006060436367988,0.03638325184583664,0.04967274509835988,0.09965870752930642,0.04392398232594132,0.0478758480399847,0.06448443587869405,0.030555704736929812,0.10162088572978974,0.06211589090526104,0.19249199628829955
2020-09-02,0.07202866827137769,0.11122211515903473,0.09152247160673141,0.03637014552950859,0.04919203019235283,0.09867213219404221,0.043150505237281325,0.04543131664395332,0.06482383031398058,0.029858606777307985,0.10218442529439926,0.06254890523850917,0.1929948538541794
2020-09-03,0.07341419086442329,0.11263045519590378,0.09431184008717537,0.03705389685928821,0.04851336148567498,0.09925672244280577,0.0422552109695971,0.04372223652899265,0.06530477833002805,0.028477038495906725,0.09925050884485245,0.06324359402060509,0.19256618916988372
2020-09-04,0.04870910142781213,0.0778062678873539,0.06681202314794063,0.025555846840143205,0.03367747977608815,0.07500871624797582,0.029782515298575164,0.030585452169179916,0.04736399333924055,0.019997066905361648,0.07112280651926994,0.04520061835646629,0.42837812304496764
2020-09-08,0.04680080559919588,0.07552097886800765,0.06521235182881355,0.025570679269731045,0.03358643044484779,0.07303422801196575,0.02931948797777295,0.030379685759544372,0.046957452315837145,0.01987364352555403,0.06970826089382172,0.04414578638970852,0.4398902177810669
2020-09-09,0.04385102420346811,0.07235603109002113,0.06379658021032811,0.02543600220233202,0.033456006948836145,0.07518546460196376,0.028179832734167576,0.029334446229040623,0.046866911184042695,0.020557101036603954,0.06713862270116806,0.04382189996540546,0.45002007484436035
2020-09-10,0.042289196519413964,0.07222094759345055,0.06375213302671909,0.025534790381789206,0.03372139575658366,0.07640836415812373,0.02795742405578494,0.02896366212517023,0.04678396144881845,0.021400772003203804,0.06650044098496437,0.044516061618924144,0.44995086193084716
2020-09-11,0.03961450736969709,0.07079818844795227,0.06311502978205681,0.025295416824519634,0.03387009153375402,0.07989434497430921,0.02763754278421402,0.028416973166167737,0.04760388769209385,0.022609636883971263,0.06600407883524895,0.044992081075906756,0.45014824271202086
2020-09-14,0.03783605818171054,0.06896579265594482,0.06242379248142242,0.02544944155961275,0.03440750211011619,0.08151626540347934,0.02759938845410943,0.028082563541829586,0.04783027097582817,0.023719666940001716,0.06586160585284233,0.045246430486440656,0.45106122493743894
2020-09-15,0.03643479902530089,0.06785908341407776,0.061545974016189574,0.025644452683627604,0.034900860069319604,0.08291901675984263,0.02806361960247159,0.028126068226993085,0.04748944779857993,0.02502526101452567,0.0654657319188118,0.04524298794567585,0.4512826919555664
2020-09-16,0.035320140596013516,0.06667016372084618,0.06025162674486637,0.02586189527064562,0.03534123367862776,0.08360892552882433,0.02865396048873663,0.028414153680205344,0.04728694194927811,0.025840858393928735,0.06564811542630196,0.04514004364609718,0.45196194648742677
2020-09-17,0.03402205668098759,0.06631914898753166,0.05965741835534573,0.026101263239979744,0.035557648551184685,0.0841742105782032,0.029250787384808064,0.028866083920001985,0.047043208684772256,0.026769154141213038,0.06595120802521706,0.04524833597242832,0.4510394811630249
2020-09-18,0.03225867181608919,0.06662645563483238,0.05862441994249821,0.026786812208592893,0.03613044797675684,0.08544931896030902,0.029908349644392727,0.029239657521247863,0.04703352097421885,0.02738301976447808,0.06734072268009186,0.04518937915563583,0.4480292022228241
2020-09-21,0.030105800766614267,0.06653945818543434,0.05837557353079319,0.02679798789322376,0.036211861413903534,0.08667420847341419,0.030306731909513475,0.029424846544861792,0.04687459822744131,0.028421240285268823,0.06912632137537003,0.044954799488186835,0.44618659019470214
2020-09-22,0.029048285691533237,0.06367512196302413,0.05642389394342899,0.025670143589377404,0.036970567097887395,0.0908515621908009,0.030326378904283045,0.02909160405397415,0.04693016018718481,0.02759825147521262,0.06735252067446709,0.04411197453737259,0.45194953083992007
2020-09-23,0.028484084515366704,0.06228688769042492,0.05648144669830799,0.025318683683872224,0.0366987049812451,0.0931171365082264,0.03118263091892004,0.029507872462272645,0.0474539877846837,0.027371053121927603,0.06668547913432121,0.04476583674550057,0.4506461799144745
2020-09-24,0.0274481586588081,0.06034602858126163,0.054975541308522224,0.02537791319191456,0.036650751275010406,0.09799266955815256,0.031479819864034655,0.029842926189303398,0.04777362663298845,0.026331330573062674,0.06584125235676766,0.0439869649708271,0.4519530415534973
2020-09-25,0.026919253132655287,0.05964506715536118,0.0543101467192173,0.0253771698102355,0.03569939038716256,0.10012486446648836,0.032346132583916186,0.030178716406226158,0.048007975425571205,0.02588534029687608,0.06552402153611184,0.04397966973483562,0.4520022809505463
2020-09-28,0.026528397007496096,0.05911526381969452,0.05377523265779018,0.025555947422981264,0.03537810447160154,0.10159076661802828,0.03357572928071022,0.03040234185755253,0.047925226483494045,0.025851356673134696,0.06490402221679688,0.04333157427608967,0.452066045999527
2020-09-29,0.02627227421035059,0.05869019478559494,0.05296332612633705,0.025898389145731927,0.0353849460138008,0.1023530762642622,0.03515259157866239,0.029803393222391606,0.0473770528100431,0.02626436135073291,0.06495743840932847,0.04275970011949539,0.45212324857711794
2020-09-30,0.025703515054192393,0.057628482580184937,0.05187591463327408,0.026340782269835473,0.03579236271325499,0.1035653161816299,0.03676043059676885,0.029526860266923905,0.047238605096936226,0.026775900336159886,0.06351910531520844,0.042174364626407626,0.45309835076332095
2020-10-01,0.02592844842292834,0.05736169517040253,0.052014881372451784,0.026547597162425517,0.03683125423267484,0.10188131695613264,0.0375793376006186,0.029393936321139336,0.04731631940230727,0.02699103106865497,0.06353161633014678,0.042406312003731725,0.45221624374389646
2020-10-02,0.02620513541332912,0.05718862302601337,0.05260472781956196,0.02698305305093527,0.0376253564376384,0.10066612055525184,0.03832874828949571,0.029130263067781926,0.04732556017115712,0.027633949813824898,0.06113452985882759,0.04257408678531647,0.45259984135627745
2020-10-05,0.025535502380807883,0.05784965418279171,0.053675949573516846,0.027581278793513776,0.03740663800854236,0.10035023754462599,0.03879986479878426,0.029182546027004718,0.04794556740671396,0.02856050134133916,0.059283385425806044,0.04277666807174683,0.45105220675468444
2020-10-06,0.025807183398865164,0.05761983096599579,0.05504429638385773,0.028895006328821183,0.03835484643932432,0.09293073723092675,0.03899630885571241,0.029631989449262618,0.048202294111251834,0.030393681681776565,0.05846796780824661,0.04290371760725975,0.4527521371841431
2020-10-07,0.025149216628051363,0.058879764005541804,0.05640309974551201,0.028889941051602364,0.0396956970449537,0.09009668501093984,0.039056471362709996,0.030119592137634755,0.049185925908386705,0.030559718020294113,0.05834369584918022,0.04350210055708885,0.450118088722229
2020-10-08,0.02520525651925709,0.05943442098796368,0.05809221118688583,0.029402860999107362,0.040607947506941855,0.08608826454728842,0.038878319784998894,0.030693332105875014,0.049909277632832524,0.03137901656988458,0.058233842253685,0.044365924596786496,0.44770932793617246
2020-10-09,0.025425272280699573,0.05935153849422932,0.0594786137342453,0.029944533482193947,0.04112003752961755,0.08346418971195817,0.03875823300331831,0.03134549930691719,0.0506661482155323,0.032462096270796256,0.05882408171892166,0.0453431747853756,0.44381657242774963
2020-10-12,0.02694336968997959,0.06210556514561176,0.062499675899744034,0.0316988768056035,0.042942786240018904,0.0839693354908377,0.03984188642352819,0.03324903436005115,0.05319720841944218,0.03404109092122418,0.06174902319908142,0.04749551862478256,0.42026665806770325
2020-10-13,0.03015582142106723,0.06903470866382122,0.06966108307242394,0.03540701661258936,0.04666349682956934,0.09055075347423554,0.042947983648627994,0.03592342380434275,0.0581925431266427,0.03734311611061791,0.06659343764185906,0.05258237570524216,0.3649442493915558
2020-10-14,0.033499279781244694,0.07507670298218727,0.07784287557005883,0.038463201373815536,0.05226116641424596,0.10014916211366653,0.04652833864092827,0.039600041881203654,0.06488872431218624,0.03950788227585722,0.0736780434846878,0.05834482312202453,0.30015977621078493
2020-10-15,0.03654635982529726,0.08213768489658832,0.08488238230347633,0.04244315251708031,0.057635714393109085,0.11123715154826641,0.050481509789824484,0.04390727654099465,0.07166481837630272,0.0425045429095114,0.08164493069052696,0.06436948701739312,0.23054496347904205
2020-10-16,0.03793937350274064,0.0861029528081417,0.0892646111547947,0.04239199496805668,0.05898027205839753,0.11644489369355142,0.052231190353631975,0.04625566825270653,0.0743847880512476,0.04354195922400326,0.08553526923060417,0.06729895472526551,0.1996280610561371
2020-10-19,0.038129304605536166,0.08743230067193508,0.0901169277727604,0.04218237735331058,0.05944020296446979,0.1178658027201891,0.052393199130892756,0.047112489491701125,0.07458285540342331,0.0432052171441482,0.08563009202480316,0.0673298105597496,0.19457944333553315
2020-10-20,0.0361059916409431,0.08864875063300133,0.08844895213842392,0.04212365634739399,0.06020286395214498,0.11874680570326746,0.051786822639405726,0.04747472703456879,0.0740612331777811,0.04324573429586298,0.08689974024891853,0.06661673486232758,0.19563795626163483
2020-10-21,0.035405682050623,0.08866965100169182,0.08832826167345047,0.04255875237286091,0.06115111438557506,0.11762454709969461,0.05113543141633272,0.04795186743140221,0.07351344712078571,0.04384725419038578,0.08904834017157555,0.06660099625587464,0.19416468739509582
2020-10-22,0.035042199669987895,0.08754919432103633,0.08739526644349098,0.04271003566682339,0.06234402898699045,0.1171070510521531,0.050730368867516515,0.04873430989682674,0.0739415593445301,0.044765853348659415,0.08932513222098351,0.06639999262988568,0.193954998254776
2020-10-23,0.03536448236263823,0.08643832989037037,0.08833296597003937,0.04357949048280716,0.06324774380773306,0.1136031330563128,0.049998164363205436,0.04949199110269546,0.07474508509039879,0.04417446883575806,0.0907706268131733,0.06638599112629891,0.1938675433397293
2020-10-26,0.035604311505449,0.0858736775815487,0.08877174779772759,0.04448817372322082,0.06395978704094887,0.1113477723672986,0.04926965925842523,0.05004520826041699,0.0754263535141945,0.044390025301222026,0.09024498760700225,0.06671722084283829,0.19386107325553895
2020-10-27,0.034084027787321246,0.08554028794169426,0.08696309104561806,0.04309819862246513,0.06433726400136948,0.11333991419523955,0.04784832615405321,0.05047427490353584,0.07644465453922748,0.04610306017213084,0.08854986280202866,0.06621941402554513,0.19699765145778655
2020-10-28,0.03349788431369234,0.08583871833980083,0.08604718521237373,0.04220825210213661,0.06531418580561876,0.11455668155103922,0.046906706690788266,0.050964018888771535,0.07740437090396882,0.048107327931844426,0.08861509710550308,0.06683957204222679,0.19370000064373016
2020-10-29,0.021826220478396864,0.05668546743690968,0.05737303271889686,0.027895101346075535,0.043653242057189345,0.08314886474981904,0.03199391746893525,0.035565332509577274,0.05250063966959715,0.0332295245984735,0.058833759278059006,0.045201904699206354,0.4520929455757141
2020-10-30,0.021977435641747433,0.05645846612751484,0.057789021730422975,0.0279024263843894,0.04420372662134468,0.08276598150841892,0.0318907636217773,0.036090347170829776,0.052611205540597436,0.03431104345218614,0.057581902295351026,0.04583506584167481,0.45058263540267945
2020-11-02,0.021554485482920428,0.056972408294677736,0.0566881999373436,0.02800757884979248,0.04409411419183016,0.08211210919544101,0.03153593596071005,0.03613070175051689,0.05264785196632147,0.03595353397854151,0.05752772390842438,0.04561655148863793,0.4511588096618652
2020-11-03,0.021348928431689274,0.05745781362056732,0.056131810694932935,0.02815005015581846,0.04403453730046749,0.08151325997896493,0.03183213472366333,0.03602970410138369,0.05224292203783989,0.03742971566147642,0.057229137420654295,0.04541044384241104,0.45118951201438906
2020-11-04,0.021417596985702402,0.05762370005249977,0.05549166724085808,0.02809118591248989,0.04369290038011968,0.08025826467201114,0.032418365404009816,0.03646143544465304,0.05174110438674688,0.039008450506998395,0.05680345371365547,0.04548507034778595,0.4515067934989929
2020-11-05,0.02177499155222904,0.05921373702585697,0.05511641576886177,0.028449398279190064,0.04334473968483508,0.0774479157757014,0.03183665201067924,0.0354143425822258,0.051390491984784605,0.04132409841975857,0.056903299689292905,0.046306651830673215,0.4514772713184357
2020-11-06,0.022227909254434054,0.05960193313658237,0.055283857882022856,0.028870785795152187,0.042809900268912314,0.07529351352714002,0.031508424878120424,0.034360498934984204,0.05121668111532927,0.04237612049915569,0.05743548795580864,0.04774910770356655,0.45126577019691466
2020-11-09,0.02291577485448215,0.05921873599290848,0.054628562182188034,0.02949689421802759,0.043137648096308115,0.0722930817399174,0.03133692918345332,0.03339362144470215,0.05109745562076569,0.04349905852372604,0.058113396912813184,0.04877064228057861,0.4520982027053833
2020-11-10,0.02444180497986963,0.05994040425866842,0.05522054806351662,0.030774978920817375,0.044338059285655616,0.06629335400648415,0.031482560839504,0.033508486859500405,0.05094018410891295,0.04152356529374703,0.05978800654411316,0.04923798330128193,0.45251006484031675
2020-11-11,0.025624958565458655,0.062073321826756,0.055944730341434476,0.03202986158430576,0.04367139176465571,0.06204696539789438,0.03101542331278324,0.03296923041343689,0.05072966683655977,0.040716905174919125,0.06148041635751724,0.04968383312225342,0.4520132839679718
2020-11-12,0.026732270602951757,0.06343596614897251,0.05634733214974404,0.03321513198316097,0.0434666465036571,0.05966644492000341,0.030955301132053137,0.03249195460230112,0.05031990483403206,0.03962538440037715,0.062215124070644376,0.05053814053535462,0.4509903848171234
2020-11-13,0.026920175753184596,0.06311563607305289,0.05656397864222527,0.03334253951907158,0.044289580639451744,0.059347706381231546,0.03003836739808321,0.032123195566236974,0.05069846697151661,0.03997741792928711,0.06384658440947533,0.051900654658675195,0.44783570170402526
2020-11-16,0.02731048042769544,0.062065184488892554,0.056891629844903945,0.033726536110043524,0.04434865266084671,0.058394686132669446,0.029244499001652,0.03182666674256325,0.04996821992099285,0.03979781489856293,0.0638669915497303,0.05281108170747757,0.4497475683689117
2020-11-17,0.02781082096043974,0.06172662377357483,0.05704797506332397,0.033982647210359575,0.04407661249861121,0.057952162623405454,0.029007959086447953,0.03175616040825844,0.049297050945460795,0.03975105721640091,0.06443090513348579,0.053583218902349475,0.4495768010616302
2020-11-18,0.02837377911491785,0.06404084358364344,0.05859190076589584,0.03487685136497021,0.04471994088962674,0.059436448849737644,0.029825178254395724,0.03298543188720941,0.050631366297602655,0.040824199762908187,0.06684108078479767,0.056058838963508606,0.43279412388801575
2020-11-19,0.027608043764485047,0.06491059288382531,0.05803822875022888,0.035339102149009705,0.045818979665637014,0.061275388579815626,0.029994930513203143,0.03377839066088199,0.05148371625691652,0.04137497603958877,0.06924456357955933,0.05721204802393913,0.4239210546016693
2020-11-20,0.030077795413671993,0.07185861989855766,0.06402170807123184,0.0391706470400095,0.050255357287824154,0.0687111753039062,0.033073569368571046,0.03715851567685604,0.05724328886717558,0.04579401498289215,0.07746753916144371,0.06408583596348763,0.36108194589614867
2020-11-23,0.03409334094758378,0.08422736711800098,0.07483089044690132,0.046184299141168596,0.05935503598302603,0.08215113067999483,0.03859307989478111,0.04344986267387867,0.06746298186480999,0.053935378249348534,0.09247512370347977,0.07473283559083939,0.24850864708423615
2020-11-24,0.03586357172898715,0.08922745510935784,0.0805609866976738,0.04932167790830135,0.06311109066009521,0.087933901976794,0.041156993433833125,0.046541625261306764,0.07198120504617692,0.053863710454856495,0.09988017976284028,0.07888011485338212,0.20167751610279083
2020-11-25,0.03634347921615699,0.0897320605814457,0.08261493742465972,0.05037330128252506,0.06370525127276778,0.08869880922138691,0.04187967479228973,0.04710835628211498,0.07194957174360753,0.05127219740374791,0.10181059837341308,0.07849851101636887,0.1960132598876953
2020-11-27,0.0366133881121641,0.09066896215081215,0.08347875624895096,0.05077832043170929,0.06259025707840919,0.08930209521204233,0.042186538875103,0.047650473192334175,0.07218427211046219,0.04921118198696526,0.10354017466306686,0.07819709032773972,0.19359848499298096
2020-11-30,0.036997780624369626,0.09184635281562806,0.08479606509208679,0.05136781185865402,0.0623282671906054,0.08925094902515411,0.04158520037308335,0.047756950929760934,0.07220723889768124,0.046896073168834464,0.10407411605119705,0.0775384932756424,0.193354731798172
2020-12-01,0.03767056859505828,0.09177941083908081,0.08492414876818657,0.04866973906755447,0.05771182775497437,0.0916307719424367,0.04103171229362488,0.04809575639665127,0.07336316891014576,0.04548963278942573,0.10628876686096192,0.07770249247550964,0.19564202427864075
2020-12-02,0.0389946760609746,0.0929582729935646,0.08636265173554421,0.048436280339956284,0.05694512231275439,0.08786218203604221,0.04159628041088581,0.04848608337342739,0.07393036931753158,0.04329341383924969,0.10747348368167878,0.0784465417265892,0.1952146351337433
2020-12-03,0.040147514551063065,0.09444729685783386,0.08714476451277733,0.04815893657505512,0.05623641610145569,0.08560822848230601,0.04198300512507558,0.04880816452205181,0.07500988952815532,0.041351566456107845,0.10922852829098702,0.07857832163572312,0.1932973802089691
2020-12-04,0.040806101431371644,0.09684665724635125,0.08770605698227882,0.0477579016238451,0.05605004113167524,0.08377522751688957,0.041563811060041186,0.048340314999222755,0.07569231577217579,0.03985911388200556,0.10954148545861245,0.07902392521500587,0.19303704500198365
2020-12-07,0.041900038080348166,0.09863141328096389,0.08850400522351265,0.047792506963014604,0.05602273242548108,0.08005385994911193,0.04180233459919691,0.04853692799806595,0.0758023127913475,0.03865987526544181,0.11002206057310104,0.07895383462309838,0.19331811964511872
2020-12-08,0.04258708997949725,0.10166953280568122,0.0890120066702366,0.046685615181922914,0.0562157517299056,0.07799467798322439,0.041273290291428566,0.048308859765529635,0.07647452279925346,0.037833004113575444,0.11043535768985749,0.07873178496956826,0.1927785098552704
2020-12-09,0.04305773534724722,0.10438293591141701,0.09017433226108551,0.046019621565937995,0.05592929758131504,0.07658337708562613,0.040286888182163236,0.047961370274424556,0.0767061471939087,0.037214975607169264,0.11049224585294723,0.07845419272780418,0.1927368760108948
2020-12-10,0.04177177566889441,0.10658912062644958,0.090483308583498,0.04641648344695568,0.055511693377047776,0.0769003665074706,0.03875701352953911,0.0477541372179985,0.07670543119311332,0.03563832666226752,0.11194987520575524,0.07795091345906258,0.1935715526342392
2020-12-11,0.04092943274154095,0.10904022753238678,0.0919378250837326,0.046406238339841366,0.05562200704589486,0.07721644025295973,0.037689905427396295,0.04664773046970368,0.07638123892247677,0.034698178819199656,0.11303008645772934,0.07757107689976692,0.192829629778862
2020-12-14,0.04045862895436585,0.11045350655913352,0.09226292297244072,0.04628179781138897,0.05465487651526928,0.0784408539533615,0.03736341772601008,0.04615969471633434,0.07653932608664035,0.03408796161308558,0.11313051506876945,0.0774400144815445,0.19272649884223939
2020-12-15,0.039408717154583425,0.11096981763839722,0.09302670955657959,0.04638635404407978,0.05357592822983861,0.07967495173215866,0.03726307014003396,0.04588322788476944,0.07675156742334366,0.0333822081631304,0.11389302164316177,0.07697581723332406,0.1928086221218109
2020-12-16,0.03885242259857478,0.11062749326229096,0.0935609482228756,0.046546221151947974,0.052820139564573765,0.08062940947711468,0.037296445667743684,0.04579931907355785,0.0762825846672058,0.03273520697008649,0.11412728801369668,0.07633559852838516,0.19438694715499877
2020-12-17,0.03859550513443537,0.1112872838973999,0.09292763024568558,0.04677178747951984,0.052526725456118584,0.08189826235175132,0.03758546458557248,0.04609301947057247,0.0762061670422554,0.03236289796724989,0.11492367461323738,0.07596275806427003,0.19285883605480195
2020-12-18,0.038515161351824645,0.11187487691640854,0.09290798678994179,0.04678801819682121,0.05192830990999937,0.08240856342017651,0.037634122837334874,0.0463568601757288,0.07578010521829129,0.031861870896182864,0.1148606337606907,0.07594099789857864,0.19314253330230713
2020-12-21,0.03822889564326033,0.11190550923347473,0.09233896359801293,0.04641525410115719,0.05173836573958397,0.08363649472594262,0.03749740328639746,0.0466264296323061,0.0759659219533205,0.031359334352354294,0.11571229621767998,0.0754079781472683,0.19316714406013488
2020-12-22,0.038461791939334945,0.11204391345381737,0.09361031502485276,0.044484544545412064,0.050222302135080096,0.08610159680247306,0.03729033581912518,0.04698964655399322,0.0766199465841055,0.03131779522077451,0.11410278603434562,0.07573881819844246,0.1930162489414215
2020-12-23,0.03869872879149625,0.1131989136338234,0.09564089253544808,0.04366600401699543,0.04889643490314484,0.08828799538314343,0.03720834758132696,0.04729873985052109,0.07698896415531635,0.031056804335297984,0.11017776876688004,0.076077451556921,0.1928029775619507
2020-12-24,0.03884716038301121,0.11404067724943161,0.0972705215215683,0.04323267042636871,0.048461039643734695,0.08873645309358835,0.0371963957324624,0.04758082032203674,0.07685709595680237,0.031160834053682862,0.1085900530219078,0.07532621026039124,0.1927000731229782
2020-12-28,0.039080667824600825,0.11560743227601052,0.0978294089436531,0.042600502446293834,0.047261574678122996,0.08941487781703472,0.03734911475330591,0.04775732755661011,0.07716285698115825,0.03143557360633977,0.1069036990404129,0.07500721365213395,0.19258976876735687
2020-12-29,0.039532308880006896,0.11714489609003068,0.097760508954525,0.04238125048577786,0.04657972259446978,0.09025293663144111,0.037469242699444294,0.04807567223906517,0.07764702066779136,0.03169676787990383,0.10402351394295692,0.0748077742755413,0.19262840747833251
2020-12-30,0.03993794327252544,0.11778293997049331,0.09298068061470985,0.042918847501277925,0.04755249740555882,0.09171032179147005,0.03744173403829336,0.048596582189202306,0.07828493975102901,0.032334067369157185,0.10355036854743957,0.07424381375312805,0.19266528487205506
2020-12-31,0.04013843850261765,0.11833949312567711,0.09107021912932396,0.04310587868094444,0.04834423568099737,0.0921175939962268,0.03738764273002744,0.04901150874793529,0.07838648594915867,0.03280753952438964,0.10286576375365257,0.0737182341516018,0.19270696938037873
2021-01-04,0.04060530720453244,0.11961092427372932,0.08879919424653053,0.04226485155522823,0.04852433931082487,0.09266141466796399,0.03743633446283638,0.04956410713493824,0.0785297505557537,0.03328954224500187,0.10249684229493142,0.07354082688689231,0.1926765739917755
2021-01-05,0.03813372731819982,0.1192054308950901,0.0859598122537136,0.04368090964853764,0.050750832259655,0.09632157627493143,0.036701343348249794,0.0500340435653925,0.0783871728926897,0.0330892056800959,0.10244126543402672,0.07266424372792243,0.19263044893741607
2021-01-06,0.03714275707025081,0.11877954751253128,0.0851318933069706,0.044648407772183415,0.05283590378239751,0.09714381229132414,0.036636268347501756,0.050164565443992615,0.07714088335633278,0.033216969101031425,0.10195683762431144,0.07265886142849923,0.19254331886768342
2021-01-07,0.037888476018270015,0.11827239394187927,0.08615477681159973,0.04702019020915031,0.05373433763161302,0.09365344438701868,0.03754832781851292,0.05040008835494518,0.07623866721987724,0.032406792769155854,0.10229338556528092,0.07190571278333664,0.19248338043689728
2021-01-08,0.03863113880361198,0.11710926815867424,0.08678376451134681,0.04864063560962677,0.054776590596884486,0.09003001675009728,0.03881011703051627,0.05046672485768795,0.07564482390880585,0.032414909488071686,0.1029693104326725,0.07127962335944175,0.19244307577610015
2021-01-11,0.03945887563022552,0.11560769528150558,0.08729280829429627,0.05063602477312088,0.056428237631917,0.087115578353405,0.03943741205148399,0.05045710951089859,0.07533407136797905,0.030937936176588465,0.10392630249261856,0.07095999419689178,0.19240796864032744
2021-01-12,0.04001028975908412,0.11484146639704704,0.09036387205123901,0.05025021061301231,0.05634576748125255,0.08705365359783172,0.03846029313281178,0.05022214613854885,0.07515721768140793,0.03010150165347305,0.10461155772209167,0.07007123157382011,0.19251076579093934
2021-01-13,0.04046178855351172,0.1139201395213604,0.09343515932559968,0.05057488605380058,0.056570121087133884,0.08641682118177414,0.038136898959055546,0.049881980568170545,0.07434316277503968,0.029429704766304708,0.1050078772008419,0.06973125413060188,0.19209021627902984
2021-01-14,0.04123722690419527,0.11477668806910515,0.09381982535123826,0.05096643418073654,0.05661143278703094,0.08641118053346872,0.03803240202832967,0.04797836355865002,0.07422957569360733,0.029255170343734704,0.10433899089694024,0.07034683600068092,0.19199588596820832
2021-01-15,0.04119159349793335,0.1142242968082428,0.09536687433719634,0.05162337496876716,0.05690942676737905,0.08527022581547498,0.037846741965040565,0.04759033359587193,0.07357183694839478,0.029072062996887027,0.10454102456569672,0.07052369862794876,0.19226853251457215
2021-01-19,0.041230862714292014,0.11500436216592788,0.09496806785464287,0.050001911073923114,0.056574463145807385,0.08817062303423881,0.03739415709860623,0.046608519926667216,0.07479493096470832,0.02896981401370837,0.10258861482143403,0.07164743170142174,0.19204624891281127
2021-01-20,0.041185554677213077,0.11496589630842209,0.09530143067240715,0.04929641000926495,0.05666230758652091,0.08962704092264176,0.037251355685293676,0.045823202654719355,0.07501982748508454,0.02910206115851004,0.10110401660203934,0.07238699048757553,0.19227389991283417
2021-01-21,0.04120319458161248,0.11440396532416344,0.0947442777454853,0.04885019324719906,0.0566700060851872,0.09089935403317213,0.03750214583706111,0.04558721147477627,0.07505117282271385,0.02877823786125333,0.09898728057742119,0.07365149334073066,0.19367147088050843
2021-01-22,0.041635626953211616,0.11384445428848267,0.09313891530036926,0.04902719110250473,0.05680438233539462,0.09207064900547265,0.03775409010704607,0.0464917128905654,0.07550185546278954,0.0285334826511761,0.09814688339829444,0.0743941456079483,0.19265659153461456
2021-01-25,0.04204709623154486,0.11350586712360382,0.09410366937518119,0.04919258020818233,0.05622424609027803,0.09451959058642387,0.03780463591683656,0.046540497057139876,0.07615178972482681,0.028264065883075062,0.09322748109698295,0.0757705807685852,0.19264790415763855
2021-01-26,0.04250803774484666,0.11502803564071655,0.09341958835721016,0.04924671575427055,0.05592443607747555,0.09528751373291015,0.037324362876825036,0.04597227349877357,0.07621201053261757,0.028351498344295224,0.09115224853157997,0.07689573317766189,0.19267756044864653
2021-01-27,0.04282856609352166,0.11659984067082405,0.09189869910478592,0.04969139657914638,0.054675382608547804,0.0961662707850337,0.0369345341110602,0.04569175913929939,0.0763401821255684,0.028426567106897595,0.08995769247412681,0.07825752422213554,0.19253155887126921
2021-01-28,0.038344217088888397,0.11083142831921577,0.08606016114354134,0.045156536251306535,0.049839954869821665,0.09688436649739743,0.034419355704449116,0.04289204590022564,0.07396846115589142,0.027595550937116898,0.08741941526532174,0.07493798658251763,0.23165056407451629
2021-01-29,0.0392125014521298,0.1153288260102272,0.08865389823913575,0.04631446972489357,0.0510301826056093,0.10252621080726385,0.03546059411019087,0.044417955726385114,0.07781123295426369,0.029580383150342015,0.09079578667879104,0.07866806834936142,0.20019988417625428
2021-02-01,0.035174368813750335,0.11011206209659577,0.08348487019538879,0.042163708806037904,0.046723608300089835,0.10174124650657176,0.03365680519491434,0.04233919307589531,0.07581409215927123,0.0296219631566629,0.08993178084492684,0.075502859801054,0.23373343646526337
2021-02-02,0.024826018737803678,0.08016085922718048,0.060193976014852525,0.030035186931490897,0.03375570746138692,0.07640397436916828,0.02550418840255588,0.032087496295571324,0.05650840476155281,0.023472159149410744,0.06734607554972172,0.05538819655776024,0.43431774973869325
2021-02-03,0.024338601677300176,0.07796492353081703,0.058975225687026976,0.029180706664919853,0.033237814996391536,0.07609143294394016,0.025888685905374586,0.03254714738577604,0.05705891028046608,0.023788749419754042,0.0681098148226738,0.054599865525960925,0.4382181465625763
2021-02-04,0.024976023320050444,0.0786979228258133,0.06012728288769722,0.029582476057112218,0.034233467373996976,0.07726372014731168,0.02742691496387124,0.03415104784071445,0.05972078293561935,0.025109403827797295,0.07153472043573857,0.055874737352132796,0.42130149602890016
2021-02-05,0.027373646460182498,0.08416693061590194,0.06526084542274475,0.03165554478764534,0.03679085741750896,0.08317673690617085,0.030283508356660604,0.037311654165387155,0.06541153341531754,0.026816881034373807,0.0785591371357441,0.060609571635723114,0.3725831568241119
2021-02-08,0.03190209614040214,0.09456258043646812,0.07561983391642571,0.036200001090765,0.0421610395424068,0.09294578116387128,0.034875761810690166,0.04250474218279123,0.07496322840452194,0.029740956068133782,0.09056951254606246,0.06881823316216469,0.2851362407207489
2021-02-09,0.033836519379838136,0.09738004207611084,0.07972709983587264,0.03779500760138035,0.04316632957197726,0.0948289256542921,0.036745926435105505,0.04361774008721113,0.07805388495326042,0.03004574322890825,0.09478835389018059,0.0714119590818882,0.2586024582386017
2021-02-10,0.03684655899996869,0.10346214547753334,0.08663119748234749,0.040895819291472436,0.04643112290650606,0.1002836711704731,0.03952650404535234,0.04638875108212233,0.08341651484370231,0.031304547142540426,0.10194214507937431,0.07670706659555435,0.2061639666557312
2021-02-11,0.03799194860112039,0.10467880591750145,0.0881301924586296,0.04159885570406914,0.04703809130005539,0.10087596531957388,0.04013769968878478,0.04680827092379332,0.08490267097949981,0.031192311020282658,0.10344166085124015,0.07872565239667892,0.1944778859615326
2021-02-12,0.03854821700078901,0.10486568063497544,0.08880493193864822,0.04211750589311123,0.04757284801453352,0.09991065226495266,0.0399377862457186,0.046840980648994446,0.0851048156619072,0.030400114544359626,0.10317052900791168,0.0795085683465004,0.19321737289428711
2021-02-16,0.03924263939334196,0.10475737378001213,0.08947827592492104,0.04270952045917511,0.04737452338449657,0.09675480350852013,0.04045574355404824,0.047005169279873374,0.08511024415493011,0.02997242619235685,0.1039692871272564,0.08003027737140656,0.19313973188400269
2021-02-17,0.040559256355481924,0.10416999235749244,0.08964513912796974,0.04434155188500881,0.04804105621296913,0.08926958031952381,0.04114460633136332,0.048099376074969766,0.08531828597187996,0.029316763666204792,0.10637551993131637,0.0802479289472103,0.19347092807292937
2021-02-18,0.04174592927884078,0.10449897795915604,0.08892492577433586,0.044952670112252235,0.04853782260324806,0.08566975556313991,0.04128547990694642,0.04716996215283871,0.08608239665627479,0.02891477467709791,0.10815768018364906,0.08120376393198966,0.1928558647632599
2021-02-19,0.04246216461397125,0.10473707541823388,0.08672932162880898,0.04572125896811485,0.047893690108321604,0.08441777415573597,0.040791750978678466,0.0464460801333189,0.08721877858042718,0.02890593684572451,0.11004188656806946,0.08191176652908325,0.19272252917289734
2021-02-22,0.043007210073119494,0.10399885848164558,0.08645603135228157,0.04663474075496197,0.04778549470938742,0.0808464664965868,0.04103218402015045,0.04758935905992985,0.08746513202786446,0.028825755222837302,0.11083576120436192,0.08260130137205124,0.19292171597480773
2021-02-23,0.042358753221196824,0.10314523875713348,0.08554163128137589,0.04830875061452389,0.04498848598450422,0.08017515875399113,0.040587972139474,0.04850181341171265,0.08726666793227196,0.02837165416334848,0.11385465115308761,0.08432434201240539,0.1925749361515045
2021-02-24,0.042187067735358144,0.10319317206740379,0.08372012004256249,0.049548671767115596,0.04402154721319675,0.08024443462491035,0.040257408644538376,0.04795771539211273,0.08729471489787102,0.02823222843906521,0.11488818190991879,0.08600042462348938,0.1924542784690857
2021-02-25,0.042226908409793394,0.10267766118049622,0.08344530910253525,0.05051114112138748,0.042162222880870105,0.08019661940634251,0.04031649918761104,0.0470725473947823,0.08707549348473549,0.028569178329736645,0.11563817933201789,0.0875888004899025,0.1925194263458252
2021-02-26,0.028247305850527482,0.06796973310410977,0.055206316709518435,0.0350714635103941,0.02803713656030595,0.05384460128843784,0.027556976431515067,0.03206129809841514,0.05962198898196221,0.019909182054572483,0.08250540141016245,0.06018841862678528,0.4497801661491394
2021-03-01,0.028832343462272546,0.06890613287687301,0.05655234083533287,0.035413407161831854,0.027847203542478383,0.05395894348621368,0.026912489556707442,0.030586943961679935,0.06117727681994438,0.02088739021972863,0.08070269338786602,0.061162636429071424,0.4470601797103882
2021-03-02,0.029510388491326013,0.06869380697607994,0.057622858136892316,0.03603823836892843,0.028078920603729785,0.053307023271918295,0.026661536196479575,0.029228067118674518,0.06054866760969162,0.0220155999946968,0.07770587466657161,0.06235738471150398,0.4482316136360168
2021-03-03,0.029173312102648195,0.0687245275825262,0.056326279789209364,0.03704086579382419,0.02793587411288172,0.05363931320607662,0.02624134601210244,0.028130201715976,0.06066618487238884,0.022707518902838862,0.07794504091143609,0.0626282624900341,0.44884127378463745
2021-03-04,0.02802095258011832,0.06843618378043174,0.05528939962387085,0.038099080137908456,0.028362654149532318,0.052243585139513014,0.0256578084314242,0.02840502532199025,0.060721227526664735,0.022820881763677824,0.07921328842639923,0.062924212962389,0.4498057007789612
2021-03-05,0.027191970770945772,0.06844510287046432,0.05384751185774803,0.03896796479821205,0.027895120601169766,0.0512178011238575,0.024683069670572877,0.02909410847350955,0.061095860600471494,0.022866922892689878,0.08223934657871723,0.0628052644431591,0.4496499538421631
2021-03-08,0.026819086485920705,0.06772224642336369,0.05329687148332596,0.03994244169443846,0.027830279292538763,0.05028260871767998,0.02435385499848053,0.029185812268406153,0.06084563434123993,0.023642564926545262,0.08285553008317947,0.06338325962424278,0.4498398244380951
2021-03-09,0.026889795115130254,0.06684546917676926,0.05313256829977035,0.04187257122248411,0.02690003488678485,0.04987912774085999,0.023617255850695074,0.029934053868055345,0.060403567552566526,0.02381312087426295,0.08123567253351212,0.06460987143218518,0.45086690187454226
2021-03-10,0.027060496551712276,0.06736126244068145,0.05293061509728432,0.043474752083420755,0.02679437801707536,0.04944931641221047,0.02336746882647276,0.029327645990997554,0.059726031869649886,0.02407668610828253,0.07983419690281153,0.06623392328619956,0.45036323070526124
2021-03-11,0.027357526281048195,0.06599177047610283,0.05296249613165856,0.04461435070261359,0.02601612617727369,0.04924905113875866,0.023433348338585347,0.028606813587248325,0.05913623124361038,0.02444116993015193,0.0790294161066413,0.06785192862153053,0.45130977034568787
2021-03-12,0.027834210044966314,0.06497414223849773,0.053490374237298965,0.04545770073309541,0.02612931067124009,0.04900592491030693,0.02373030869057402,0.02780585582368076,0.05819797813892365,0.024928524885063297,0.07765290942043065,0.06934263296425343,0.4514501392841339
2021-03-15,0.028819464584375964,0.06249636374413967,0.05436035990715027,0.046934727020561694,0.025112912175245583,0.04658603593707085,0.0249378782522399,0.02881186199374497,0.0572598360478878,0.025245202476816785,0.07575744930654764,0.0710045874118805,0.45267331004142763
2021-03-16,0.029813442673548705,0.06182976998388767,0.05520078018307686,0.047975766472518444,0.024791801278479398,0.04528995752334595,0.02547713994863443,0.02852143025957048,0.0568478524684906,0.025973602631196257,0.07348535768687725,0.07251084856688976,0.4522822737693787
2021-03-17,0.030957721376762493,0.06135016791522503,0.05402258411049843,0.0496522412635386,0.0250669653294608,0.04501905292272568,0.025774401280796156,0.028022447181865574,0.05705419108271599,0.026987559636565094,0.07233685459941626,0.073338071256876,0.45041773915290834
2021-03-18,0.03222160884470213,0.061924760788679124,0.054539823532104494,0.05139040807262063,0.025586389587260783,0.04505700469017029,0.026620823499979452,0.027769405860453844,0.05788365826010704,0.028300021645312156,0.07176586724817753,0.0747377123683691,0.4422024965286255
2021-03-19,0.03162399036300485,0.060151410102844236,0.05287712812423706,0.05346228815615177,0.025271103787235915,0.044267576187849045,0.02554561511497013,0.026654735207557678,0.05753779970109463,0.028820193158303732,0.06790873929858207,0.07530543282628059,0.4505739867687225
2021-03-22,0.03156002258838271,0.059965388476848604,0.053113865107297896,0.05552327064797282,0.025719026988372206,0.044365855306386946,0.025450673972954974,0.026010657520964743,0.057629991322755814,0.030392079958630268,0.06707359068095683,0.07314267791807652,0.4500528872013092
2021-03-23,0.03183434996099095,0.05977284498512745,0.05217209458351135,0.05705422442406416,0.025687794317491353,0.04477815479040146,0.025261296663666145,0.025375406397506593,0.0577380932867527,0.03213110265349748,0.0649389548227191,0.0726778794080019,0.4505777955055237
2021-03-24,0.031882241609491754,0.05897660404443741,0.051306992024183276,0.05622204365208745,0.02582131486851722,0.046437418833374974,0.02476026628864929,0.02456520972773433,0.059619465842843056,0.03392920546342655,0.06154899634420872,0.07444509789347649,0.45048515796661376
2021-03-25,0.031500490913458634,0.059304923936724666,0.05014167129993439,0.05575093077495694,0.025244360766373576,0.0476931381970644,0.02410361779620871,0.023571410588920115,0.06095359399914742,0.03562199731013997,0.06114031635224819,0.07458110824227333,0.450392472743988
2021-03-26,0.03198279109274153,0.059886496514081955,0.049987511709332466,0.05628746310248971,0.025349275209009647,0.049559679627418515,0.02417327029397711,0.02318429509177804,0.0631219457834959,0.03749403540539138,0.057294908165931704,0.07574615404009818,0.4459321618080139
2021-03-29,0.03208585854554258,0.05821544155478477,0.04814094267785549,0.05579371643252671,0.025061553972773255,0.04971685223281384,0.02391932524042204,0.02249291157349944,0.06351899653673172,0.03928806295263439,0.05519476365298033,0.07493955083191395,0.45163201689720156
2021-03-30,0.032945301152358296,0.057211455702781674,0.04712415561079979,0.055430095596238974,0.024931672681123018,0.050288663059473035,0.024339504656381905,0.02236978616565466,0.06551362201571465,0.03942278971764494,0.054586556181311606,0.07415017560124397,0.45168623328208923
2021-03-31,0.033891840976139065,0.05711212567985058,0.047422326356172564,0.055926562706008556,0.02535443047527224,0.051783071085810664,0.024751230399124323,0.022254398465156554,0.0670267790555954,0.038652498199712323,0.05290439557284117,0.07479994259774685,0.4481203854084015
2021-04-01,0.03552855649395496,0.05876147411763668,0.048628059774637224,0.05644456008449197,0.026287663471885027,0.054037315770983696,0.02580661211395636,0.022602592781186103,0.06951093301177025,0.03861442812147455,0.053353008814156055,0.07538690753281116,0.43503788113594055
2021-04-05,0.035470625958259915,0.057101746276021006,0.047022366896271706,0.054831015830859545,0.0255557801341638,0.05337983593344688,0.024922567640896887,0.021505948156118393,0.06788418292999268,0.036889115705464805,0.05105609484016895,0.07314295098185539,0.45123777389526365
2021-04-06,0.03672372201144754,0.05828435681760311,0.047484598308801654,0.0549326004460454,0.025846553058363496,0.053693486377596855,0.02502294317819178,0.02271002740599215,0.06890967786312104,0.036617552275747124,0.049526821449398996,0.0732344590127468,0.4470132052898407
2021-04-07,0.039595312052915686,0.0626359038054943,0.05071510374546051,0.054846526496112345,0.02766235216986388,0.056878598406910896,0.026671508024446667,0.023987687099725007,0.07371196374297143,0.03841566529823979,0.05175585113465786,0.07772480249404908,0.4153987288475037
2021-04-08,0.04600999276917719,0.07172193601727486,0.05716121196746826,0.06050106463953853,0.0306792936520651,0.06429204493761062,0.02990722075337544,0.026710840687155724,0.08348966091871261,0.042913591283008756,0.05803614892065525,0.08736226558685303,0.3412147045135498
2021-04-09,0.05278282663275604,0.08189274594187737,0.06425277218222618,0.0668103788048029,0.03420846718363464,0.0723025493323803,0.03306487820809707,0.029276431165635587,0.09313817024230957,0.048205776741641414,0.06439815498888493,0.09649918004870414,0.2631676852703094
2021-04-12,0.05866000460300711,0.09020529910922051,0.06941024959087372,0.07151556350290775,0.03623196519911289,0.07759059593081474,0.03511738469824195,0.031399345584213735,0.10016349330544472,0.05127416073761317,0.06865664087235927,0.1035752072930336,0.20620007812976837
2021-04-13,0.0607507970489678,0.09280031770467759,0.07053921110928059,0.07070532804355026,0.03626378662884235,0.07917989566922187,0.03533744735177606,0.031808333657681945,0.10123672261834145,0.05132238097005661,0.06988354288041591,0.10514564625918865,0.19502658545970916
2021-04-14,0.0615733018850733,0.09482984989881516,0.07057235352694988,0.06992047689855099,0.03585132444277406,0.07946904748678207,0.035163876879960296,0.031432132516056296,0.10056035444140435,0.05116560545717981,0.07082008458673954,0.1048213291913271,0.19382025301456451
2021-04-15,0.06164419302585884,0.09617449268698693,0.07155302725732327,0.06982501605525612,0.035730029735714194,0.07999087199568748,0.0346512152813375,0.0308900972828269,0.09981270655989646,0.05070272311980055,0.07260447181761265,0.10324252285063266,0.19317863285541534
2021-04-16,0.061644463644188366,0.0969914250075817,0.07238930016756058,0.06977264042943716,0.03534204554744065,0.0794917918741703,0.033917043986730275,0.030213873833417892,0.0985770732164383,0.050182947501800614,0.07256900183856488,0.10225771442055702,0.1966506600379944
2021-04-19,0.06252504332223907,0.09723794534802437,0.07363183870911598,0.07049747398123145,0.03539189649745822,0.07911119088530541,0.033459726301953194,0.03262975495308638,0.09735851287841797,0.049964786250401974,0.07318070456385613,0.10161841996014118,0.19339269101619722
2021-04-20,0.061892559579428054,0.0978211410343647,0.0733890064060688,0.07105603590607643,0.03538062195293605,0.07933865413069725,0.03275834221858531,0.03367320410907269,0.09612277001142502,0.04971849449416581,0.07429573237895966,0.10137796700000763,0.19317546486854553
2021-04-21,0.060244433931075037,0.09830710515379906,0.07361757718026637,0.06625348692759872,0.0356896563898772,0.08117302805185318,0.03212422465439886,0.03347312705591321,0.09623410478234291,0.05074686294570903,0.0762172020971775,0.10310113653540612,0.19281801581382751
2021-04-22,0.05952966196637135,0.09882576614618302,0.07401109598577023,0.06395401936024428,0.03597445762716234,0.0822642058134079,0.03194128826726228,0.033030994981527326,0.09581671804189681,0.05162246551836169,0.07588635422289372,0.10391961894929409,0.19322335422039033
2021-04-23,0.05601919497785275,0.10076780319213867,0.07325992472469807,0.06275054663419724,0.036369699612259866,0.08461193889379501,0.03185966196469962,0.032390743400901555,0.09582854360342026,0.051856381624622826,0.07754579707980155,0.10403592251241207,0.19270386099815368
2021-04-26,0.054327010169799905,0.1012463204562664,0.07288317084312439,0.06153938323259354,0.037092483462765814,0.08572977632284165,0.032035056687891486,0.03194292262196541,0.09542405083775521,0.05209509141885764,0.07841644287109376,0.10422996096313,0.19303833246231078
2021-04-27,0.05328622136148624,0.10102327540516853,0.07282663509249687,0.06022077761590481,0.03746315301395953,0.08675649762153625,0.03254020765889436,0.03182579902932048,0.09513242319226264,0.05259031540363868,0.0795546319335699,0.10416777022182941,0.1926123321056366
2021-04-28,0.053135375234705864,0.09994836822152138,0.07284832820296287,0.05935068773105741,0.03782728831283748,0.08528985232114791,0.03309640395455062,0.03349797958508134,0.09437956884503365,0.052817393684159344,0.08113079033792019,0.10396136268973351,0.1927165985107422
2021-04-29,0.052865819192811615,0.09942541122436524,0.07328951209783555,0.058780028577893974,0.03863460631109774,0.08457986935973168,0.033472289144992826,0.03392689870670438,0.09395434334874153,0.0532695096875214,0.08236831612884998,0.10285425260663032,0.19257912039756775
2021-04-30,0.05306298867144506,0.0993840217590332,0.07348024807870387,0.05817933976650238,0.038939956482499836,0.08342095687985421,0.03365193624049425,0.03401944441720843,0.0936992920935154,0.05326410422603125,0.08398769870400428,0.10228357277810574,0.1926264137029648
2021-05-03,0.05229571150921401,0.09902968406677246,0.07381632626056671,0.055498174857348204,0.03846689146012068,0.08416925072669983,0.03368813553825021,0.03353244373574853,0.09478807002305985,0.05412475870766755,0.08495169095695018,0.10317251980304717,0.1924663096666336
2021-05-04,0.05220256948377937,0.09904252663254738,0.07395312823355198,0.054205011762678626,0.03828805354423821,0.08442569598555565,0.0338375287130475,0.033253068942576645,0.09517955854535103,0.054152904871917505,0.08650319427251815,0.10259209759533405,0.1923646867275238
2021-05-05,0.0514719260550919,0.1002761673182249,0.0731312483549118,0.05070356726646423,0.037719146627932784,0.08648854196071624,0.03376792713534087,0.03248893106356263,0.09624185115098953,0.053672583070261126,0.08945327401161193,0.10196314863860607,0.19262169003486634
2021-05-06,0.05187402088267845,0.10093388631939888,0.07247622832655906,0.049257883429527284,0.03796040853485465,0.0890324778854847,0.03395403737667948,0.03218783726915717,0.0977585643529892,0.05405264091519317,0.09196588639169931,0.09601018130779267,0.19253593385219575
2021-05-07,0.05215066753153223,0.10088822320103645,0.07198996059596538,0.047985808737576005,0.03832511724904179,0.09111381620168686,0.03447400452569127,0.03232865324243903,0.09825585260987282,0.05313534194431604,0.09340192265808582,0.09320876076817512,0.19274188578128815
2021-05-10,0.05227573173615383,0.10029478706419467,0.07231502197682857,0.04702974949032068,0.03876647832803428,0.09262755587697029,0.03513986063189804,0.032577012293040754,0.09814283847808838,0.052380153737412984,0.09467688407748938,0.09080049321055413,0.19297348260879515
2021-05-11,0.0497277649003081,0.09951569549739361,0.07100580967962741,0.04676581900566816,0.0379962439648807,0.0943342074751854,0.035227953596040605,0.0337050998583436,0.09769304543733597,0.052924233713353176,0.09519375711679459,0.08940401449799537,0.19650637209415436
2021-05-12,0.04710710788858705,0.09893907718360424,0.07126839682459832,0.04518589023500681,0.038460200931876895,0.09692227691411973,0.03569372065830976,0.03504679501056671,0.09853375852108001,0.054700823123435785,0.09830901622772217,0.08652602434158325,0.19330691397190095
2021-05-13,0.03269252286263509,0.07268558330833912,0.0522718995809555,0.03232202455401421,0.02805913093034178,0.07210586294531822,0.02695190302329138,0.026842616591602565,0.07304034009575844,0.04116684009278497,0.07635220270603896,0.06160327866673469,0.4039057970046997
2021-05-14,0.033945892985502726,0.0757753647863865,0.055225642211735246,0.03394115474075079,0.02973060423973948,0.07712398432195186,0.02883239518851042,0.027921496145427226,0.07738369330763817,0.04521210755704086,0.07555630467832089,0.06432535946369171,0.3750259816646576
2021-05-17,0.029697530734847533,0.06528869792819023,0.048237016797065733,0.029980856273323298,0.026359526976011693,0.06919639743864536,0.026349188713356852,0.02403441476635635,0.06869566440582275,0.041744057434897286,0.06487000454217196,0.05697413943707943,0.4485725283622742
2021-05-18,0.029284475207896322,0.0651794109493494,0.04813618306070566,0.029761416465044023,0.0265483106020838,0.07004553303122521,0.027162709063850342,0.024056393699720503,0.06893143355846405,0.04282620288627914,0.0646934462711215,0.057089778035879134,0.44628470540046694
2021-05-19,0.02815656790335197,0.0663765773177147,0.0486527195200324,0.030481578689068554,0.027911926596425475,0.07203541696071625,0.02814876614138484,0.02505693337880075,0.06979894936084748,0.04443886615550898,0.06471467688679695,0.058194099739193914,0.43603290915489196
2021-05-20,0.02870609118072025,0.06771434135735035,0.05011528804898262,0.03115896638482809,0.029709752835333347,0.07451332323253154,0.029325048555620015,0.025900871586054565,0.07170110717415809,0.04727857110381102,0.0625990929082036,0.06069118343293667,0.4205863356590271
2021-05-21,0.02903368685838359,0.06789452247321606,0.05092193800956011,0.031630526296794415,0.0307108489330858,0.0751510038971901,0.03016895679756999,0.025406429218128322,0.07191990315914154,0.049417335878321464,0.05934290923178196,0.06263037361204624,0.41577158570289613
2021-05-24,0.03351746818843822,0.0774384930729866,0.05893548112362623,0.03646814450621605,0.035159512399695815,0.08645550608634948,0.03467546014580876,0.02843011375516653,0.08221603706479072,0.058441635096927944,0.0669499171897769,0.0724132426083088,0.32889901995658877
2021-05-25,0.0356053160452575,0.08141901157796383,0.06280481927096844,0.038591403141617776,0.03720075921155512,0.09082580618560314,0.036855103191919626,0.02943392228335142,0.08597903028130531,0.0632711050588048,0.0692025726661086,0.07706147730350495,0.2917496383190155
2021-05-26,0.03968961058417335,0.08952486105263233,0.06917091384530068,0.04300509169697762,0.04182468394283205,0.10040415450930595,0.040686698933131996,0.03195991246029735,0.09488145262002945,0.07188956718919962,0.07468945384025574,0.08564765080809593,0.21662594974040986
2021-05-27,0.04106894531505532,0.09198215678334236,0.07163885310292244,0.044149274565279485,0.04321449045091867,0.10227919146418571,0.04167571058496833,0.03241278128698468,0.09688770920038223,0.07452251058994488,0.07526857107877731,0.08835460692644119,0.19654518365859985
2021-05-28,0.04154833498832886,0.0918954111635685,0.07241685204207897,0.044546508602797984,0.043307246477343145,0.10138255208730698,0.04177022543735802,0.03306082207709551,0.09648634940385818,0.07549080807525037,0.07625056467950345,0.08841252475976943,0.19343177378177642
2021-06-01,0.04192167526562116,0.09235162287950516,0.07247247137129306,0.04473398737609387,0.043783677532337605,0.10040819942951203,0.04182463788893074,0.03309516683220863,0.09576344788074494,0.07602656368478122,0.07591036260128022,0.08865570947527886,0.193052476644516
2021-06-02,0.04191784250433557,0.09186072796583175,0.07311448678374291,0.04491882380098104,0.044947682158090176,0.09923946261405944,0.0420519812265411,0.03294661035761237,0.09490039274096489,0.07587359805835892,0.07675594724714756,0.08845176845788956,0.19302065968513488
2021-06-03,0.042075517384364505,0.0919526107609272,0.073408168181777,0.045125273428857325,0.04525969617534429,0.09831919893622398,0.042410748661495745,0.03287497824057937,0.09425960332155228,0.07602286970567551,0.077451316639781,0.08800945281982422,0.1928305745124817
2021-06-04,0.042980244257341836,0.0926585078239441,0.07331499606370925,0.04611053988337517,0.045322999847121535,0.09875557869672776,0.04251553418580443,0.03362703267484903,0.09412860348820687,0.07035119004469834,0.07782404609024525,0.08837387487292289,0.1940368354320526
2021-06-07,0.04373635745650972,0.09305705726146699,0.07384494878351688,0.047167782485485074,0.04547450083773583,0.09759226888418197,0.04219857782591134,0.03302984395995736,0.09382586106657982,0.06796443014893346,0.0784661877900362,0.08900276347994804,0.1946394383907318
2021-06-08,0.04412136087339604,0.09315029121935367,0.07531662248075008,0.04807922448962927,0.04501195589546114,0.09679951071739197,0.04193846825510263,0.03281840514391661,0.09392462745308876,0.0664734982052508,0.07909021694213152,0.0904240682721138,0.19285176694393158
2021-06-09,0.04439105609199032,0.0933774758130312,0.07642699852585792,0.04863749723881483,0.043976834136992694,0.09606831893324852,0.041848430689424274,0.03252849485725164,0.09382481053471566,0.06491122058395042,0.08007494527846575,0.09129899218678475,0.1926349312067032
2021-06-10,0.04470137604148476,0.09399440735578538,0.07654886357486249,0.04916406963020563,0.0431890563108027,0.0958836805075407,0.04148767488077283,0.032266059424728155,0.09423299133777618,0.06399695122678484,0.07996430341154337,0.09211859330534936,0.19245200753211975
2021-06-11,0.045034969930566146,0.09487321600317955,0.07594232559204102,0.04965515891090035,0.04275627788156271,0.09554171226918698,0.041120721073821184,0.03187534706667065,0.09423528462648392,0.0635201985559549,0.08000685907900333,0.09288987740874291,0.1925480604171753
2021-06-14,0.045772289270098555,0.09566037468612194,0.07671338953077793,0.050413012970238924,0.04214544529095292,0.09559308104217053,0.041019516158849,0.03165634302422404,0.09482737705111503,0.06063102816655608,0.07991259582340718,0.09296122938394547,0.1926943302154541
2021-06-15,0.04681885313257226,0.09640437066555023,0.07654719725251198,0.05128731308504939,0.041980231180787086,0.09398143775761128,0.04082641792483628,0.032821036595851186,0.09502359703183175,0.0587195951319794,0.07919278815388679,0.09376456141471863,0.19263261556625366
2021-06-16,0.04779622590940562,0.0975173193961382,0.07663437649607659,0.052322345599532125,0.041604436351917684,0.09385244697332382,0.04079921306110919,0.033081116434186694,0.09571147486567497,0.05754706403996117,0.07871105410158634,0.09186871647834778,0.192554247379303
2021-06-17,0.04897079342554207,0.09827176928520202,0.07778183482587338,0.053805077262222764,0.04128575539216399,0.08937465809285641,0.04097927995026111,0.03372316528111696,0.09746252298355103,0.054422279551406307,0.07897639200091362,0.09171377420425415,0.1932326525449753
2021-06-18,0.05099161339603597,0.09914480596780777,0.07851698994636536,0.054987979121506214,0.04193889843299985,0.08807616457343101,0.04031113968230784,0.033128368016332385,0.09956939145922661,0.051057802440984366,0.07657420188188553,0.09272807464003563,0.19297457933425904
2021-06-21,0.049210060055338546,0.10039570406079293,0.07907893247902394,0.05277482448145747,0.04283339804969728,0.08942056410014629,0.03899920866824687,0.032027143985033035,0.10322582572698594,0.049798740879690405,0.07843180112540722,0.09149616658687591,0.19230762124061584
2021-06-22,0.04907735341839725,0.1009271763265133,0.07922660633921623,0.05221149921417236,0.04314115629531443,0.08789218999445439,0.03846566528081894,0.03356754779815674,0.1049740269780159,0.048229479548658284,0.07897768132388591,0.09076781645417213,0.19254182279109955
2021-06-23,0.04930700997574604,0.10289817303419113,0.07950248271226883,0.05175915444269776,0.04294754480943084,0.08740809187293053,0.037828012648969886,0.034122311417013405,0.1066286325454712,0.046948362109283256,0.07924326211214065,0.08929811716079712,0.19210883378982543
2021-06-24,0.04954859024146572,0.10441312417387963,0.07973681055009366,0.050550138019025324,0.0434801634401083,0.08669948652386665,0.03705837512388825,0.034530643932521345,0.10729313045740127,0.04601474064594964,0.07992139868438244,0.08842229843139648,0.1923310786485672
2021-06-25,0.049865510207018814,0.10631095096468926,0.07984639406204223,0.049773489311337474,0.04390716156922281,0.08606890626251698,0.036478315899148586,0.03438001833856106,0.1073025792837143,0.04545478608022187,0.08078113347291946,0.08727610409259796,0.19255465269088745
2021-06-28,0.05063779812990106,0.1076790913939476,0.0799426395446062,0.04921966791152954,0.04453250141814351,0.08466657623648643,0.03623683024197817,0.034661632217466834,0.10696453005075454,0.045116887307931286,0.08067511878907681,0.08680709823966026,0.19285963475704193
2021-06-29,0.05157233057179837,0.11010100170969964,0.07963116951286793,0.04814588334411383,0.044955461472272876,0.08401710130274295,0.03557855738326907,0.034337333589792254,0.10688638240098954,0.045317005884788666,0.08081883527338504,0.08610759750008583,0.1925313413143158
2021-06-30,0.05238610084852553,0.11188098043203354,0.07933400049805642,0.04762732107192278,0.045397115079686044,0.08356345482170582,0.03497045903932303,0.0338947064243257,0.10690664052963257,0.04399536519059026,0.0817042574286461,0.08555781543254852,0.19278179705142975
2021-07-01,0.05325859667354962,0.1131424680352211,0.07939303293824196,0.04619989302009344,0.04522616500034928,0.0836146242916584,0.034529648092575374,0.033544252440333364,0.10701050758361816,0.04339795774282749,0.08333059661090374,0.08466585725545883,0.19268638789653778
2021-07-02,0.05405057488096645,0.11428536474704742,0.07971466518938541,0.045501799695193766,0.044609701819717885,0.08337978534400463,0.03409467067103833,0.03328677099198103,0.10687002390623093,0.04283499858616509,0.0842054583132267,0.08440300971269607,0.19276316463947296
2021-07-06,0.054822580530162666,0.11560729295015335,0.07802920266985894,0.04518091678619385,0.04404450748115778,0.08364621587097645,0.03396694532129914,0.033037287462502715,0.10656765550374984,0.042488568359880755,0.08576040975749492,0.08416816294193268,0.19268026053905488
2021-07-07,0.056335142624448054,0.11648105606436729,0.07702347710728645,0.045074260979890826,0.042293561762198804,0.0852431122213602,0.0335861012339592,0.03245636140927673,0.10783308893442153,0.04277739444669262,0.08253407962620259,0.08558130562305451,0.19278104603290558
2021-07-08,0.057674650497210676,0.11719894260168076,0.07561351172626019,0.045321416854858396,0.041340296249836685,0.08665386289358139,0.033151528192684056,0.03196906046941876,0.10832949131727218,0.04323873798222664,0.08009087033569813,0.08646371960639954,0.19295387268066405
2021-07-09,0.05630069358885521,0.11755287498235703,0.07459373548626899,0.04388810377568007,0.03929147431626916,0.08964769951999188,0.03311482071876526,0.03157157255336642,0.10895105302333832,0.044230673816094246,0.08049097768962384,0.0877015896141529,0.19266475439071656
2021-07-12,0.05650002299298649,0.11852003112435341,0.07380983158946038,0.04324700776487589,0.0388236416503787,0.08752967417240143,0.03346155104227364,0.032552176434546706,0.10852861851453781,0.04564096049516344,0.07982137650251389,0.08923162966966629,0.19233348369598388
2021-07-13,0.056577019074757116,0.1200974278151989,0.07304055206477642,0.04252851568162441,0.03825377479661256,0.08673092536628246,0.03354098456911743,0.0330371567979455,0.10785441845655441,0.04684396463026204,0.07884955927729606,0.09046608582139015,0.1921796053647995
2021-07-14,0.05719037271119305,0.12116229236125946,0.07205661796033383,0.04212356116622686,0.038758433004841206,0.08590622991323471,0.03345167036168277,0.033920737262815234,0.10643805116415024,0.04842736343673639,0.08005247227847576,0.08835530281066895,0.19215690791606904
2021-07-15,0.05776285220563295,0.12278608828783036,0.0713100016117096,0.042150075733661654,0.03932804698124528,0.0850771639496088,0.032821739977225664,0.033678343240171674,0.10532417744398118,0.04978070218931485,0.07961002364754677,0.08818803653120995,0.19218275249004363
2021-07-16,0.05794991780567216,0.12383825033903122,0.07085987068712711,0.04115018807351589,0.04036358427256346,0.08494127877056598,0.03186545940116048,0.03325564982369542,0.10482621490955353,0.051211361558777924,0.07931802235543728,0.08842362985014915,0.1919965237379074
2021-07-19,0.05596088003730983,0.12429697066545486,0.0704534349963069,0.04047552887350321,0.04110894249752164,0.08614034503698349,0.03112876005470753,0.03298897929489612,0.10494361817836761,0.05132174466522219,0.07981578372418881,0.08909091502428054,0.19227413833141327
2021-07-20,0.05331193271049415,0.1252911940217018,0.07058788929134607,0.03976245615631342,0.04179519019089639,0.09006057605147362,0.030069665936753153,0.031507558375597,0.1038081631064415,0.054510611605563676,0.07833952866494656,0.08839922398328781,0.19255598187446593
2021-07-21,0.05163096594624221,0.12634466886520385,0.07016143798828126,0.039585726149380204,0.041803065384738144,0.09166079387068748,0.029375938745215536,0.030889753717929125,0.10177768170833587,0.057313287569748364,0.07836739048361778,0.08798220604658127,0.1931070417165756
2021-07-22,0.05133863903174642,0.12751336693763732,0.06949094794690609,0.03967960011214018,0.04225942657794803,0.08901520762592555,0.029728902271017432,0.03162259198725224,0.10069299638271331,0.06017214912523681,0.0788222100585699,0.08752376437187195,0.19214020073413848
2021-07-23,0.051271262842055874,0.12867936193943025,0.06903134435415267,0.039548696018755436,0.04256091937422753,0.08809092715382576,0.029567231656983495,0.03149868808686733,0.09974220991134644,0.06294646296003759,0.07894309312105179,0.08616368472576141,0.19195612967014314
2021-07-26,0.05176209083365393,0.12995171248912812,0.0691632991656661,0.03977032192051411,0.04074001614935696,0.08670579735189676,0.029395006969571112,0.03128747791051865,0.09903174340724945,0.06539938036265144,0.07876766435801982,0.08604218959808349,0.19198331534862517
2021-07-27,0.052584858142654414,0.1308651849627495,0.06912829428911209,0.04008444789797068,0.038050726894289254,0.08517277147620916,0.02914726287126541,0.03146364940330386,0.09823999032378197,0.06746189180773995,0.07978279516100883,0.08564761132001877,0.19237050116062165
2021-07-28,0.053159998801857,0.1302204817533493,0.0685486203059554,0.040624722838401794,0.03588242814876139,0.08481451701372862,0.028584123612381516,0.030976102128624915,0.09808147996664048,0.07018635380368696,0.08024629056453705,0.08646517395973205,0.19220971763134004
2021-07-29,0.05328687809742405,0.1300212562084198,0.06849843207746745,0.04111823197454214,0.035911909537389874,0.08411802798509598,0.028150228690356015,0.030718501564115284,0.09730059951543808,0.07213788065784588,0.08057588674128055,0.08576700016856194,0.19239519238471986
2021-07-30,0.05375167149832123,0.12955374121665955,0.06845948416739703,0.041802875138819216,0.035437016771174966,0.0820201275870204,0.02798813786357641,0.031168952584266663,0.0966177187860012,0.07314411289396165,0.08180983699858188,0.08571739420294762,0.19252889752388
2021-08-02,0.05334581362694735,0.12909036874771118,0.06834504511207343,0.042161436006426814,0.03516604753676802,0.08210430201143026,0.028115824447013438,0.031436355970799926,0.09657767340540886,0.07251962543514753,0.08196225091814995,0.08670969903469086,0.19246555864810944
2021-08-03,0.05312285500622238,0.1288309648633003,0.06837688256055116,0.04296909216791391,0.035807084175758064,0.08250651881098747,0.0280830952571705,0.031508675590157506,0.0955666534602642,0.07281543353147661,0.08057521227747202,0.087339236587286,0.19249833524227142
2021-08-04,0.053036951502872395,0.12884150445461273,0.06890172064304352,0.04350138362497091,0.03660067364107818,0.08253317698836327,0.028068425273522733,0.03155048405751586,0.09473903551697731,0.07288282702904691,0.07900379244238138,0.08764153718948364,0.19269850254058837
2021-08-05,0.05205828694233787,0.128749318420887,0.06874491665512324,0.044075898826122284,0.03759125327924266,0.08334078453481197,0.028198058297857643,0.0316549688577652,0.09423342272639275,0.07342273999406164,0.07689163070172071,0.08809891864657401,0.1929398149251938
2021-08-06,0.05193628493434517,0.1292014479637146,0.06875423807650805,0.04490166585892439,0.037690601020585746,0.08170120771974325,0.028232275042682886,0.03264707867056131,0.09352406486868858,0.07365440612001475,0.07617365568876266,0.08897037729620934,0.19261267483234407
2021-08-09,0.05387481961006415,0.12986468523740768,0.06876192018389701,0.04652504418045282,0.03786296086618677,0.07896531037986279,0.029088568477891385,0.03427984518930316,0.09382158443331719,0.06897188866570829,0.07423366382718086,0.09042149782180786,0.19332820177078247
2021-08-10,0.05582449856883613,0.13155657798051834,0.06876683700829744,0.04839278236031532,0.038483471353538336,0.0774125861003995,0.029416699963621794,0.03556660423055291,0.09359514340758324,0.06410151769780743,0.07229008022695779,0.09114844799041748,0.19344475269317626
2021-08-11,0.0577299783260969,0.13216703981161118,0.06966131012886763,0.05031204018741846,0.039067668560892346,0.07603503298014402,0.02956890659406781,0.036284299474209546,0.09282708615064621,0.06092751571570805,0.0725978147238493,0.08988593816757202,0.19293534457683564
2021-08-12,0.058938514914189,0.13280750960111617,0.07089015021920204,0.05173211228102446,0.039430062379688026,0.07478390466421843,0.029789794865064324,0.036411075945943595,0.09233976006507874,0.05758738070451663,0.07276752740144729,0.08962094634771348,0.19290125966072083
2021-08-13,0.06012631977064302,0.13385047763586044,0.07167563922703266,0.05266640055924654,0.03919156619813293,0.07391394320875407,0.030060524540022015,0.03630620324984193,0.09242506474256515,0.05497533349201582,0.0724237646907568,0.08948417901992797,0.1929005801677704
2021-08-16,0.06116257342655444,0.13551238179206848,0.07162738256156445,0.054073489457368853,0.03900152875576168,0.07346132025122643,0.029846227401867508,0.03533666040748358,0.09281673356890678,0.0529635095520538,0.0715774204581976,0.09014123529195786,0.19247954189777375
2021-08-17,0.06223839327285532,0.13649699538946153,0.07117641866207122,0.054315663129091266,0.0383685851469636,0.07379266899079084,0.02963598067872226,0.034787972643971446,0.09340844079852104,0.051661633876464386,0.07136835753917695,0.09022135213017464,0.19252751469612123
2021-08-18,0.06188451294729021,0.13525391966104508,0.07075093798339367,0.05403779447078705,0.037498643703293054,0.07567037213593722,0.029427382280118763,0.034288800321519375,0.09433533996343613,0.05161770437431486,0.07071091514080763,0.09180818498134613,0.19271546006202697
2021-08-19,0.05813972875184845,0.13334210067987443,0.0704249856993556,0.05506608709692955,0.03759616453899071,0.0788171662017703,0.029529578518122435,0.033798093907535076,0.09551797658205033,0.05276814908057581,0.07004490531980992,0.0920124389231205,0.1929426223039627
2021-08-20,0.05689936546041281,0.1322002023458481,0.0698609596118331,0.053900652937591075,0.036715972691308704,0.08182241786271334,0.029674024367704988,0.03338497318327427,0.0964970387518406,0.05367320928842201,0.06901234975084662,0.0933431901037693,0.19301563501358032
2021-08-23,0.056102070868655575,0.13070373088121415,0.06971678230911493,0.053677929751574996,0.03590200692415237,0.08377415128052235,0.029962788708508013,0.03310404196381569,0.09696441292762756,0.05479063151461716,0.06773558016866446,0.09414594843983651,0.19341991245746612
2021-08-24,0.05526734894956462,0.12863299548625945,0.0690479151904583,0.05349531192332506,0.03557182648219168,0.08483636006712914,0.03055358580313623,0.03302984172478318,0.09652875363826752,0.05552437199700364,0.06858530612662435,0.09393792375922203,0.1949884831905365
2021-08-25,0.055154261863935974,0.12777481079101563,0.06918320748955012,0.05366662750020623,0.03649745138827711,0.08474900443106889,0.03135704915039241,0.03345301356166601,0.09665232002735138,0.05626220739427605,0.06848135404288769,0.09368816614151002,0.19308052361011505
2021-08-26,0.05587672240289976,0.12794808447360992,0.06954512260854244,0.05398375745862723,0.036827098461799324,0.08240296952426433,0.0320621766615659,0.033962882868945596,0.09685277119278908,0.055661946217722226,0.0680418623611331,0.09389674663543701,0.19293783903121947
2021-08-27,0.05506311385834124,0.12720068246126176,0.06948763579130172,0.054042570758610964,0.037115786061622205,0.08185548260807991,0.03267086143605411,0.03410767083987594,0.09753233194351196,0.056047767011674486,0.06752170789986849,0.09453959614038468,0.19281476140022277
2021-08-30,0.054515101150172995,0.12696294188499452,0.06883112564682961,0.05419148737564683,0.03756620227359235,0.08035809211432934,0.03310332293622196,0.03367581656202674,0.0967931605875492,0.05565919768612648,0.06727789230644703,0.09461117833852768,0.19645450711250306
2021-08-31,0.054722694080555814,0.1282059818506241,0.06807767823338509,0.054640565253794196,0.03816565521992743,0.08023381419479847,0.03389087403193116,0.03385232808068395,0.09722602963447571,0.05497663514223827,0.06761117484420538,0.09553451761603356,0.192862069606781
2021-09-01,0.0545665011042729,0.12806673496961593,0.06793444193899631,0.05488141011446714,0.03922390486113727,0.07940305024385452,0.03431865004822612,0.034204863291233775,0.09721976518630981,0.054709777665503265,0.06690960265696048,0.09595769941806793,0.19260359406471253
2021-09-02,0.05422506308168522,0.12826212346553803,0.06796071082353591,0.05503991823643446,0.04022202246123925,0.07922595106065274,0.03481146129779518,0.034482809342443944,0.0968867227435112,0.054462653824196926,0.06545201186090707,0.09620873928070069,0.19275979995727538
2021-09-03,0.054084190601861336,0.12846976518630981,0.06821820102632045,0.055052205733954904,0.04036270775832236,0.07935375832021237,0.03525737836025655,0.034691992402076724,0.09654275104403495,0.053963245885004875,0.06512870891019702,0.09611298218369484,0.1927621215581894
2021-09-07,0.05408170346636325,0.12900503426790239,0.06784972064197063,0.05528930844739079,0.040981274272780865,0.07868545465171337,0.03549859067425132,0.035644362401217225,0.09624438956379891,0.05373621478678085,0.06427517905831337,0.09593033865094185,0.19277843534946443
2021-09-08,0.05494616145588225,0.1300736516714096,0.0680309560149908,0.056809495016932485,0.04225095039000735,0.0779687650501728,0.03569374557118863,0.036899218522012237,0.09600805044174195,0.05033494452211951,0.06367496429011225,0.09419004991650581,0.1931190550327301
2021-09-09,0.05578786356491037,0.1306827336549759,0.06803729012608528,0.056535656843334434,0.042260498018004,0.07810465171933174,0.035767713002860545,0.03703986965119839,0.09640669971704482,0.048767868805651385,0.06398005923256278,0.09436736777424812,0.19226172864437102
2021-09-10,0.05602900093654171,0.1320493549108505,0.06904364824295044,0.05747621115297079,0.04259500605985522,0.07935197427868843,0.0354554433375597,0.03588500367477536,0.09761320650577546,0.048539392258229695,0.06407943582162261,0.08977307081222534,0.19210925400257112
2021-09-13,0.05450384347641375,0.13210882097482682,0.06934667229652405,0.059164862427860496,0.04308733702637255,0.08002800419926644,0.03525140217971057,0.035514962207525966,0.09874456226825715,0.04837813069739205,0.06545878918841481,0.08608852699398994,0.19232410192489624
2021-09-14,0.05359868374434882,0.13206321150064468,0.0701403845101595,0.06006633369252086,0.04316945639438927,0.08058235235512257,0.03515129720326513,0.03508592145517468,0.09908317849040031,0.048395782165430744,0.06644568461924791,0.08385923504829407,0.19235847890377045
2021-09-15,0.051917259873152946,0.1321151524782181,0.06986285485327244,0.06038339743390679,0.04262406658381224,0.08214475251734257,0.03471189173869789,0.034789157751947644,0.10004807412624359,0.04923418659819685,0.06750687547028064,0.08228524923324584,0.19237706959247589
2021-09-16,0.05107004480523756,0.13231179863214493,0.07026912681758404,0.06074810344725847,0.04192487321561202,0.08270102813839912,0.03420137860812247,0.034581135492771864,0.1001966953277588,0.04915091478217928,0.06941708214581013,0.08095812350511551,0.19246968030929565
2021-09-17,0.05113477314735064,0.13296942710876464,0.0708331011235714,0.06158943297341466,0.04094651906052604,0.08281456120312214,0.034083859506063165,0.0344506923109293,0.10102631524205208,0.046235175081216086,0.07033446049317718,0.08062131106853485,0.19296040534973144
2021-09-20,0.04927306181198219,0.1319058895111084,0.07246499769389629,0.06009879540652037,0.04078230786835775,0.0841117613017559,0.0342384833144024,0.03441368117928505,0.10305168181657791,0.04553426738512325,0.07101345788687467,0.08038589209318162,0.1927257001399994
2021-09-21,0.04667830787147977,0.12953243553638458,0.07293829992413521,0.05766223520040512,0.04019130109809339,0.08754222579300404,0.034145515272393824,0.03360591698437929,0.10476576834917069,0.046415685096685165,0.0712082963436842,0.08156856819987297,0.19374546110630037
2021-09-22,0.04513725660945056,0.12870390042662622,0.07389102689921856,0.05638068988919258,0.0403153738938272,0.08923597186803818,0.03422578596509993,0.033305139280855656,0.10551573783159256,0.04677167451005797,0.07091747717931866,0.08264074474573135,0.1929592341184616
2021-09-23,0.044206651179410986,0.12761737927794456,0.07446717396378517,0.055198190826922656,0.0404277392779477,0.09011587537825108,0.034637168236076835,0.033331125788390634,0.10530865639448166,0.046667353280089155,0.07060353783890605,0.08380527347326279,0.19361384510993956
2021-09-24,0.04494710689250496,0.12633417174220085,0.07487611137330533,0.05579179236665368,0.04079347214428708,0.08523098528385162,0.03565074284560978,0.03505671983584761,0.10600092858076096,0.04602575926513062,0.07103877663612365,0.08508827164769173,0.19316515922546387
2021-09-27,0.04612470921274507,0.12582746595144273,0.07521497383713723,0.05461765928193927,0.04046788209816441,0.08256425783038139,0.036247267830185594,0.03585800938308239,0.10666663348674774,0.04651758396300583,0.07216599797829985,0.08484074026346207,0.19288682639598848
2021-09-28,0.04710156890505459,0.12474386021494865,0.0767909236252308,0.05456906519830227,0.04114555916748941,0.08018897250294685,0.03635157640092075,0.035709178727120164,0.1065459594130516,0.04731363664453436,0.0740098469890654,0.08267411515116692,0.19285571575164795
2021-09-29,0.04210607693676138,0.11287006959319115,0.07122986875474453,0.04854119978845119,0.03892523372778669,0.07364412359893321,0.033584828651510176,0.03386094979941845,0.0981264129281044,0.04443109590667813,0.07071286207064986,0.07626569867134095,0.2557015657424927
2021-09-30,0.044875754369422795,0.11960363462567329,0.07658157870173454,0.05081679709255695,0.04171599780675024,0.07793173976242543,0.03590334455948323,0.036222297605127095,0.10444789379835129,0.0483589162475548,0.07735957615077496,0.08207358419895172,0.20410889089107515
2021-10-01,0.04311115091477404,0.12016325667500496,0.07745894491672516,0.05114827007055282,0.043458041339181366,0.07949499003589153,0.03631058086175472,0.03701116479933262,0.10585217624902725,0.04934884245456424,0.08102017641067505,0.08095731809735299,0.19466508328914642
2021-10-04,0.04207342925947159,0.11963421553373337,0.07778847590088844,0.05103138256818056,0.04363882633624598,0.0795194111764431,0.03630923463497311,0.03582993876188993,0.10512629002332688,0.04975340967909059,0.08277396503835917,0.08047339022159576,0.19604805409908294
2021-10-05,0.04003566364117432,0.11849710792303085,0.07766072824597359,0.050237545557320115,0.0433945371536538,0.08135047368705273,0.03613815680146217,0.03490626662969589,0.10412160903215409,0.05148025712488273,0.08656717520207166,0.08073869645595551,0.19487180411815644
2021-10-06,0.03937844660540577,0.11696569472551346,0.07811571732163429,0.05037351213395595,0.04361562507692725,0.0812569234520197,0.03633256673347205,0.03535727588459849,0.10297686606645584,0.0524150934559815,0.08920080875977873,0.08002417832612992,0.19398731887340545
2021-10-07,0.039305231076286876,0.11549546718597412,0.0788771491497755,0.04986310265958309,0.04381582286441699,0.08228081278502941,0.0364581789355725,0.03517620796337724,0.10291920602321625,0.05406887383972361,0.08706677239388227,0.0809620425105095,0.19371114671230316
2021-10-08,0.03968118354605395,0.11352617740631103,0.07990419119596481,0.049968629330396655,0.04478951012715697,0.08036339096724987,0.03659406858496368,0.035955322161316874,0.10195575207471848,0.05497135149233454,0.08672503307461739,0.08151315674185752,0.19405227303504943
2021-10-11,0.040304123616078866,0.11139639243483543,0.07975656688213348,0.05041147228330374,0.04598279441706836,0.07960101999342442,0.036686966591514644,0.03721267348155379,0.09991689324378968,0.05669194828567612,0.08733148230239748,0.08080325424671173,0.19390439689159394
2021-10-12,0.039879770194966115,0.11007353961467743,0.079831051081419,0.05085670622065663,0.04731353524839506,0.07888210751116276,0.03658979441970587,0.03753808094188571,0.09740768522024154,0.05843283045129351,0.08821095461025834,0.08122217506170273,0.19376177489757537
2021-10-13,0.03972767862360342,0.10984496846795082,0.0809962883591652,0.051429499965161087,0.04774910834385082,0.07815502360463142,0.03578695675823838,0.03682709783315659,0.09592322409152984,0.06040998394340473,0.08717950638383627,0.08236001655459405,0.19361065924167634
2021-10-14,0.03974554484229884,0.1101733237504959,0.08206792697310447,0.05195401320233941,0.048763004026841375,0.07740506678819656,0.03500615765806288,0.03591527882963419,0.09462695121765137,0.060632943063586,0.08619156330823899,0.08320853784680367,0.19430970251560212
2021-10-15,0.03991250727558508,0.1099084310233593,0.0832340307533741,0.05229724375531077,0.04856274508638307,0.07706578932702542,0.03469392328988761,0.035101736430078745,0.09307030737400054,0.06124162717018855,0.08526289826259018,0.08422319293022155,0.1954255670309067
2021-10-18,0.040867008802160855,0.10992528721690178,0.08441307246685029,0.05349468030035496,0.049656694510485974,0.07523187845945359,0.03452703012153506,0.03550029760226607,0.09241675138473511,0.0585672884653615,0.08581252321600914,0.08576127514243126,0.19382624626159667
2021-10-19,0.04171247315025539,0.11075068041682243,0.08595234528183937,0.05354062225669622,0.04974095872603357,0.07414044253528118,0.034445426031015816,0.03550767586566508,0.09215893149375916,0.05713794642322778,0.08405858390033245,0.08734279200434684,0.19351111948490143
2021-10-20,0.042805664603656625,0.11085029244422913,0.08713173270225524,0.05397083107382059,0.05046856427798048,0.071617840975523,0.03465557848103344,0.03708220184780657,0.09130276590585709,0.05604393332801081,0.08239799812436104,0.08790658116340637,0.19376599192619323
2021-10-21,0.04382203881250461,0.11104384437203407,0.08855050951242446,0.05422993721440435,0.05025074330624193,0.06990008391439914,0.03481291781645268,0.03808194156736135,0.0903923198580742,0.05513222213474141,0.08164860252290965,0.08864315301179886,0.19349168837070466
2021-10-22,0.04529358223517192,0.11241556778550148,0.09085740968585014,0.054302790015935895,0.05028929518302903,0.06886035017669201,0.0346797508187592,0.038484759023413063,0.08961582034826279,0.05475387593368151,0.07787516694515943,0.08926762938499451,0.19330400824546815
2021-10-25,0.046312685545854035,0.11259797215461731,0.09254218935966492,0.05484077800065279,0.05018698894418776,0.0685340128839016,0.034135283133946356,0.0379118078853935,0.08829487562179565,0.05509778716136289,0.076408358104527,0.09022362232208252,0.19291364550590515
2021-10-26,0.04715050708764466,0.11310978084802628,0.09456852078437805,0.05449738912284374,0.05005230691749603,0.06827042959630489,0.03361218878999352,0.03736488320864737,0.08722273707389831,0.05550628381955995,0.07512603625655175,0.09062969759106636,0.19288923144340514
2021-10-27,0.04796876623295247,0.1136376790702343,0.09451336413621902,0.054762846883386375,0.049425791529938576,0.06883123628795147,0.0333125258795917,0.036803209828212856,0.08694763481616974,0.05483822983250412,0.07464335653930902,0.09160406067967415,0.1927112966775894
2021-10-28,0.048708615786017616,0.1144742175936699,0.09245781525969506,0.05587973007932305,0.04931339556351304,0.07037965096533298,0.032343215425498784,0.03555019269697368,0.08780744820833206,0.056265104535767205,0.07212361339479685,0.09211328029632568,0.19258370697498323
2021-10-29,0.0493234076006047,0.11555077061057091,0.09106304571032524,0.05662169298157096,0.048634433560073374,0.07066169828176498,0.03146720624063164,0.03489073370583355,0.08798729702830314,0.05749267485965355,0.07094355691224337,0.09287887737154961,0.19248458743095398
2021-11-01,0.050591741036623714,0.11732911467552185,0.09061257392168046,0.056722653191536666,0.04699147136416286,0.07240598499774933,0.03114029080606997,0.03435639841482043,0.08837565332651139,0.05754901735877773,0.07027715835720301,0.09132244065403938,0.19232551157474517
2021-11-02,0.05118251231615432,0.11898159831762314,0.08904479518532753,0.05688028009608388,0.046242816280573605,0.07331262938678265,0.031179911107756197,0.034417175641283396,0.08798867985606193,0.05799773634373704,0.06990306861698628,0.09065955355763436,0.19220924973487855
2021-11-03,0.05189119871283765,0.12115740925073623,0.08757497146725654,0.05652253795415163,0.04454161064932123,0.07434378229081631,0.031331826373934744,0.03430223008617759,0.0880470909178257,0.05837447568951006,0.06948610506951809,0.09027424976229667,0.19215254187583924
2021-11-04,0.05317507707513869,0.123192098736763,0.08798139467835427,0.05716160479933023,0.04404354569269344,0.07404276356101036,0.03175155946519226,0.03411255511455238,0.08803492337465287,0.05770807977124885,0.06593047324568033,0.09028711766004563,0.19257878959178926
2021-11-05,0.05446233659749851,0.12558763921260835,0.08835902512073517,0.05759404972195625,0.04333900385536253,0.0741756610572338,0.03172682619187981,0.03344122562557459,0.08831174969673157,0.05772354789766272,0.06435207277536392,0.0886704221367836,0.19225645065307617
2021-11-08,0.055186292411963225,0.12689872682094575,0.08947360143065453,0.05798529079183936,0.042541165475267914,0.07387676164507866,0.03114636349491775,0.032622813759371636,0.0883880913257599,0.05722695445186456,0.06378904040902852,0.088506331294775,0.19235854744911193
2021-11-09,0.05598659009774565,0.12822647243738175,0.09045972898602486,0.05838040914386511,0.042782895511481914,0.07222523689270019,0.030360463866963984,0.03238391918130219,0.08838907033205032,0.056838928573689884,0.06339073721319437,0.08821483850479125,0.1923606961965561
2021-11-10,0.05615256948585738,0.12892477512359618,0.09054140746593475,0.05872374158352613,0.0427055150619708,0.0718415442854166,0.029589334898628295,0.03192279343493283,0.08874178826808929,0.05695965033103256,0.06346031334251165,0.08839788138866425,0.1920386642217636
2021-11-11,0.056463175230601334,0.12676411867141724,0.08933917880058288,0.05852927630767226,0.044266650127246975,0.06976291313767433,0.029670997988432646,0.03302592767868191,0.08806606382131577,0.05879319192656318,0.062925985455513,0.08886792436242104,0.19352459013462067
2021-11-12,0.05666914941321011,0.125797538459301,0.08943066522479057,0.05871107075363398,0.046148350066505375,0.06755198240280151,0.029272529925219715,0.03378390078432858,0.08670804128050805,0.0604419189918298,0.06345521844923496,0.08972957953810692,0.19230005741119385
2021-11-15,0.056893434577068545,0.12483019828796386,0.08911624178290367,0.05864778216928244,0.04722568511497229,0.06621245481073856,0.029057823563925923,0.03415902149863541,0.08552086353302002,0.06213967909580802,0.0636848121881485,0.0903060644865036,0.19220591187477112
2021-11-16,0.05719564283135696,0.12248842716217041,0.0880835585296154,0.05840344242751598,0.04784548105672002,0.06435323283076286,0.029623311117757112,0.03648898168466985,0.08408834412693977,0.06363358755001655,0.06391341276466847,0.09111294746398926,0.1927696406841278
2021-11-17,0.057917334273224694,0.12195447981357574,0.08839055821299553,0.058178333751857284,0.04882574069779366,0.06316950358450413,0.029714160377625375,0.03758494881913066,0.08338600248098374,0.06365764782548151,0.064299251511693,0.09035526141524315,0.1925667941570282
2021-11-18,0.05853785887666163,0.12221774458885193,0.08626738786697388,0.05848291977308691,0.04949561939574778,0.06259827800095082,0.029322958958800882,0.03726720064878464,0.08330648839473724,0.0647119011955141,0.06427942961454391,0.09112811610102653,0.19238409996032715
2021-11-19,0.05935657519439701,0.12346726655960083,0.08519426286220551,0.05875518009997904,0.048147604102268815,0.06229500658810139,0.028857856383547188,0.03656166617292911,0.0835473969578743,0.0649553630668338,0.06501093190163373,0.09153859540820122,0.1923123061656952
2021-11-22,0.060587443337135484,0.1252572476863861,0.08428550660610198,0.05793673074804247,0.048262631287798285,0.06269877217710018,0.028241988318040968,0.035347573552280666,0.0842717207968235,0.06450523626891833,0.06458700709044933,0.09169970378279686,0.19231845140457154
2021-11-23,0.06335830314637861,0.12462893277406692,0.0843900814652443,0.05854572039097548,0.04839352308772504,0.062039120867848394,0.027963601669762285,0.03677031151019037,0.08371544703841209,0.06027101116322644,0.06478966474533081,0.0922064371407032,0.19292788207530975
2021-11-24,0.06542958438949427,0.12334566861391068,0.08456989452242851,0.05915125324390828,0.048338378919288515,0.06098814085125923,0.028642101620789617,0.03879105388186872,0.0823709636926651,0.056735083038224055,0.06555929630994797,0.09309451878070832,0.19298404455184937
2021-11-26,0.06696792275179178,0.12359528541564942,0.08607301265001296,0.058452918007969853,0.048099021846428516,0.06028071418404579,0.02844305804464966,0.039143236714880916,0.08158132582902908,0.05502763345864512,0.06577287595719099,0.09407009333372116,0.19249290823936463
2021-11-29,0.05162246216932544,0.09856611490249634,0.06945180259644985,0.0454203967936337,0.03734079946298152,0.04909472092986107,0.021666706970427184,0.029042970936279743,0.0663394071161747,0.046168551547956405,0.051938295178115365,0.07412017919123173,0.35922756791114807
2021-11-30,0.058412509992922426,0.11120886951684952,0.08017486557364464,0.051304632285609844,0.042436314607039095,0.055816400796175,0.02357961985981092,0.03084749662084505,0.07511232644319535,0.054456236663887124,0.059063608571887014,0.08417245969176293,0.27341465950012206
2021-12-01,0.05476577562076272,0.10976910889148712,0.07956582084298133,0.050959426909685135,0.043953803810290994,0.057208342105150224,0.022491506312508135,0.028265462920535354,0.07505959272384644,0.056391801620047845,0.05772665180265903,0.0819333553314209,0.28190937638282776
2021-12-02,0.05535921189730288,0.11692297905683517,0.08376757055521011,0.05487869419157505,0.04980077717918903,0.06422301195561886,0.023279753676615656,0.02814117835368961,0.0808508574962616,0.06387787864601364,0.061434974893927574,0.08512251824140549,0.2323405921459198
2021-12-03,0.049310502225125674,0.1089068666100502,0.07737326472997666,0.05154899139888584,0.047856900445185604,0.06122151929885149,0.021401259140111505,0.02515221678186208,0.07523805499076844,0.06186858447731662,0.05668910648673773,0.07761544287204743,0.28581727743148805
2021-12-06,0.049605963187059385,0.1159938097000122,0.07974878326058388,0.0555424636695534,0.050912141776643695,0.06767046116292477,0.022489477507770063,0.025458745541982353,0.08107334971427918,0.06915890906959436,0.06039662938565016,0.08051390126347542,0.24143535196781157
2021-12-07,0.04918465818700497,0.11751119196414947,0.07940038293600082,0.057751787500455974,0.052615690021775664,0.06820747889578342,0.023347809677943587,0.02635755864903331,0.08311317563056946,0.07302388210418816,0.06152044199407101,0.08119418919086456,0.2267717659473419
2021-12-08,0.04043050626423792,0.09753581285476684,0.06616600900888443,0.04892663024365902,0.044369258312508465,0.055577130243182185,0.02027740606572479,0.022275695716962217,0.07064888775348663,0.0643854524996037,0.051899582333862784,0.06820624247193337,0.34930137991905214
2021-12-09,0.04345239982940256,0.10188334733247757,0.06990298964083194,0.05302340057678521,0.048168117669411,0.05799994915723801,0.023106241994537414,0.02575174595694989,0.07646192833781243,0.07178950206100794,0.0569628307595849,0.07390396967530251,0.29759358167648314
2021-12-10,0.040117498427571265,0.0928387239575386,0.06350241377949714,0.04895319496281445,0.04586004689335823,0.05306627172976732,0.02141134029952809,0.023600879055447877,0.07082030475139618,0.06803128678500485,0.05269280727952719,0.06692367568612098,0.35218154788017275
2021-12-13,0.04416545800195308,0.09987818002700806,0.06763553731143475,0.05335213071666658,0.05066375066526234,0.05672949999570846,0.023125366249587387,0.02525074975565076,0.07652637511491775,0.07585314707484762,0.05814744643867016,0.072403784096241,0.2962685704231262
2021-12-14,0.04669234478424187,0.10857569724321366,0.07181000858545303,0.05678194779902697,0.05350578434299678,0.061875103414058684,0.02446683761663735,0.02620614485349506,0.08354367837309837,0.0850420248185845,0.06395592913031578,0.07972238808870316,0.23782212138175965
2021-12-15,0.04655672889639391,0.11038992330431938,0.07236458957195283,0.05783519856631756,0.05511766984127462,0.06391577403992414,0.02414033990353346,0.02715740245766938,0.08555322289466857,0.0862039518005961,0.0654981218278408,0.08004566207528115,0.22522143125534058
2021-12-16,0.04669282363320235,0.11022855713963509,0.07346558086574077,0.05846870583482087,0.05494567996356636,0.0650684129446745,0.024767285503912717,0.027409943286329508,0.0865196242928505,0.08822971323290699,0.06634171791374684,0.0809959501028061,0.21686602830886842
2021-12-17,0.045475398297276114,0.1123458281159401,0.07332772314548493,0.059904800215736034,0.056552866287529466,0.06798257641494274,0.025203249789774416,0.027311556530185042,0.08872015550732612,0.09048885521238273,0.06878064963966608,0.08258365169167518,0.20132268071174622
2021-12-20,0.043091950500092936,0.11250801905989646,0.07437691651284695,0.057819328550249335,0.05747112282551825,0.07084287758916616,0.025354236108250917,0.02701883458066732,0.09077753946185112,0.09209157862584708,0.06866661887615919,0.08445275500416756,0.19552822709083556
2021-12-21,0.04063697336387122,0.1111101470887661,0.07349842004477977,0.05749081652611494,0.05589799000881612,0.0730855654925108,0.025153672858141362,0.027893791091628373,0.09190519452095032,0.0926841135798245,0.0685897447168827,0.08459390178322793,0.1974596709012985
2021-12-22,0.038361484996858056,0.10616486854851245,0.07121495269238949,0.055904777627438305,0.05417057909071445,0.07036967109888792,0.024607375892810524,0.02738172358367592,0.08957919999957084,0.0916755895853063,0.06709865815937519,0.08351330533623695,0.21995782256126403
2021-12-23,0.03744185879040742,0.1033672496676445,0.07031048275530338,0.055506934458389875,0.05347473919391632,0.07028514798730612,0.02498438658658415,0.027538528852164745,0.08919007405638694,0.09253839521358084,0.06732545327395201,0.08426419124007226,0.2237725794315338
2021-12-27,0.03817229004271212,0.10392600856721401,0.07218354679644108,0.05675539681687951,0.05476906774565578,0.07164428234100342,0.026448443229310215,0.02852264300454408,0.09149120897054672,0.09592552976704845,0.06945714242756366,0.08672800809144973,0.20397644340991974
2021-12-28,0.038404617336345835,0.10277568846940995,0.07241141311824321,0.0567722852807492,0.05430774139240384,0.07125357128679752,0.027078423590864986,0.02868167923297733,0.09086456298828124,0.09654388541238497,0.07041105553507805,0.08709131926298141,0.20340375304222108
2021-12-29,0.0392732347616402,0.10244534499943256,0.07269678078591824,0.05745813753455877,0.05446774926967919,0.07196747809648514,0.02783909804420546,0.029177661100402475,0.09141843169927596,0.09685427140648387,0.07174334228038788,0.08810924366116524,0.1965492397546768
2021-12-30,0.040333592896786286,0.10111181214451789,0.07270452976226807,0.05818438557907939,0.054130660556256774,0.06940849684178829,0.02875840850174427,0.03143683585803956,0.09059594050049782,0.09678218475635685,0.07286667805165052,0.08897600769996643,0.1947104662656784
2021-12-31,0.040903041736601156,0.10060004889965057,0.07307214587926865,0.05836939280852675,0.05478908745571971,0.06818575821816922,0.029288571828510614,0.031989902071654794,0.08985240906476974,0.09670551606352226,0.07275784052908421,0.08979703411459923,0.1936892718076706
2022-01-03,0.041266205241845454,0.10059262737631798,0.07346372380852699,0.058622446237131955,0.05449135862290859,0.06756837368011474,0.02948383876355365,0.03232861349824816,0.08935084640979767,0.09630043172994665,0.07232075333595275,0.09079392850399018,0.1934168368577957
2022-01-04,0.042861326569254746,0.09936043992638588,0.07454110868275166,0.060531991487368944,0.05572299840860069,0.06439754962921143,0.030988606275059283,0.03473344605881721,0.08946563750505447,0.0901816039680627,0.07237833309918643,0.09096159785985947,0.19387537837028504
2022-01-05,0.043772186952264744,0.10020451731979847,0.07527517303824424,0.06205710945650935,0.05605477811768651,0.06276068165898323,0.03156113923760131,0.03504535893443972,0.0881583571434021,0.0871791176120901,0.07327724415808916,0.09150702655315399,0.19314728081226348
2022-01-06,0.037226111541531284,0.08731089495122432,0.06559895500540733,0.05638294774107635,0.04929159302264452,0.05471104755997658,0.027287140011321754,0.03125732089392841,0.07591248080134391,0.07688806908789925,0.06637363880872726,0.07714538648724556,0.2946144163608551
2022-01-07,0.04116551838233136,0.09583947323262691,0.07298538424074649,0.06363252969458699,0.055653263535350564,0.06022919602692127,0.02977661050390452,0.03414162646513432,0.08270755782723427,0.08126833216152658,0.0757308030501008,0.08412635996937752,0.22274334728717804
2022-01-10,0.04218972716771532,0.09833992607891559,0.07422643527388573,0.06753641460090876,0.059226049575954676,0.06133950501680374,0.030536251608282328,0.035767028387635943,0.08357941061258316,0.0822752006099579,0.08056201599538326,0.0849287286400795,0.1994932621717453
2022-01-11,0.04267207207012689,0.0985854484140873,0.07468791417777539,0.06676050056703389,0.061098513007164,0.062113428488373756,0.030864280904643236,0.03617829505819827,0.0836208038032055,0.08212850009500006,0.08298065029084682,0.08413687869906425,0.19417271614074708
2022-01-12,0.0423912355057837,0.0963626604527235,0.07415273003280162,0.06561502953991294,0.06172221065498888,0.06183534450829029,0.03080102496314794,0.0356301557039842,0.08186329379677773,0.08030574900996648,0.08392701037228108,0.08250675424933433,0.2028868168592453
2022-01-13,0.04311842679526308,0.09599492438137532,0.07399310879409313,0.06562446439638733,0.0636024487670511,0.06306805126369,0.03131400872953236,0.03582701524719596,0.08225170820951462,0.08013103880519719,0.08600657265633345,0.08294586986303329,0.19612237215042114
2022-01-14,0.04093341783373035,0.09697098396718502,0.07350234314799309,0.0651948013342917,0.0633263573050499,0.06479119993746281,0.03094853535294533,0.034527317597530784,0.08209905698895455,0.0809294919956363,0.08598174322396517,0.08370923772454261,0.1970854938030243
2022-01-18,0.040540346007037445,0.09617729783058167,0.07374081313610077,0.06580814863555133,0.06380796805024147,0.06319470852613449,0.03157798232277855,0.03653791153337806,0.08173143416643143,0.08190163630401663,0.0873986391350627,0.08295970112085342,0.1946234256029129
2022-01-19,0.03648993019305635,0.08876327611505985,0.06786951199173927,0.05978586296550929,0.058440161123871806,0.057700926437973976,0.0296951673226431,0.035260072979144755,0.07608417943120002,0.0796207081069344,0.08602350577712059,0.07720976024866104,0.24705693423748015
2022-01-20,0.03666352315995027,0.09327807128429413,0.07054216377437114,0.06307944441214204,0.06185154914855957,0.06009646393358707,0.030997682141605764,0.036394518031738696,0.07950985580682754,0.08577238359044337,0.093736557289958,0.07937058731913567,0.20870718657970427
2022-01-21,0.035425541376753245,0.095018220692873,0.07078424617648124,0.06420507761649788,0.06390457600355148,0.06096531040966511,0.030840066366363317,0.03576663178391755,0.08026649579405784,0.08827101769181542,0.09731166288256646,0.07841575667262077,0.19882538318634033
2022-01-24,0.033856798998749583,0.0964560829102993,0.0707409992814064,0.06166740665212274,0.06259873136878014,0.06171220093965531,0.030156145722139628,0.033710704441182314,0.08145498633384704,0.09052209588300446,0.10149314720183611,0.07871934846043586,0.19691133499145508
2022-01-25,0.03330656727703172,0.09742128513753415,0.07060229927301406,0.059027678333222866,0.059885472804307935,0.062490257620811465,0.029954168433323502,0.033236621459946034,0.08255968540906906,0.0929744649210976,0.10419983547180892,0.07983155325055122,0.1945101261138916
2022-01-26,0.03172981474708649,0.09832704998552799,0.06873252112418413,0.05723208915442228,0.058873881679028274,0.06352135613560676,0.029471925727557392,0.032893707416951655,0.08234229162335396,0.09462903621007808,0.10718023236840964,0.08000767603516579,0.1950583964586258
2022-01-27,0.03170692730491283,0.09703601710498333,0.06763217616826296,0.05858690831810236,0.05807094555348158,0.06333757899701595,0.029647419368848203,0.03392160865478218,0.08273180946707726,0.08998990409058064,0.11245296820998192,0.0788053922355175,0.19608034789562226
2022-01-28,0.03187106286131893,0.0968217447400093,0.06747288573533297,0.0606012168340385,0.05728688733652234,0.06441385559737682,0.029001685755793004,0.03343481859192252,0.08270694985985756,0.08514650071028385,0.11878748703747988,0.0774274431169033,0.19502747058868408
2022-01-31,0.03203500231393264,0.09546601101756096,0.06711638551205397,0.06146169109269976,0.05597335631027818,0.06403122954070568,0.02828512853011489,0.03291274611838162,0.08138061910867692,0.08103876531737271,0.11975942626595497,0.07567115649580955,0.20486845672130585
2022-02-01,0.027912532228947386,0.08210093230009079,0.05814054887741804,0.05370836325455457,0.04835792910307646,0.055345439538359645,0.024649245210457593,0.028669731318950654,0.06977016180753708,0.06842386162074873,0.10429570395499468,0.06421300917863845,0.31441256403923035
2022-02-02,0.02929860195654328,0.08308812342584133,0.05933821219950915,0.055732860439457,0.04930619951337576,0.0572035625576973,0.02568743167212233,0.029430367855820806,0.07154591530561447,0.06943607001661789,0.10795194916427135,0.06459430754184722,0.2973864018917084
2022-02-03,0.03200192872973275,0.08711884506046771,0.06144866719841957,0.059416545019485054,0.05166572136804461,0.061194011196494105,0.027486190560739487,0.030972561321686954,0.07552228569984436,0.07286391008321029,0.1140464037656784,0.06789054945111275,0.2583723902702332
2022-02-04,0.02305362667757436,0.06325807999819517,0.04535742923617363,0.042631464847363534,0.03864800673909485,0.04607307612895965,0.020537018333561717,0.024572276591788976,0.05599972754716873,0.05623546203134744,0.08884890116751194,0.049682244658470154,0.4451027035713196
2022-02-07,0.023577272933471248,0.06219735387712717,0.04554015789180994,0.042810186045244336,0.0396042044274509,0.045324953459203246,0.021504227619152515,0.02659591701813042,0.055758855491876605,0.05898578352636434,0.0924409644678235,0.04906952232122421,0.43659059405326844
2022-02-08,0.02510147237262572,0.06555756367743015,0.0484973469749093,0.04514969435986131,0.04210934280417859,0.04744260758161545,0.023283760820049793,0.02869508331641555,0.058490147441625596,0.06446362477653089,0.09920526500791312,0.05159803852438927,0.4004060745239258
2022-02-09,0.029119093450935905,0.07354771085083485,0.055416780337691304,0.051986264227889475,0.049059904366731646,0.05311051458120346,0.026726827176753433,0.033339644980151205,0.06547127142548562,0.0753698712127786,0.11012873649597169,0.05848472490906716,0.3182386577129364
2022-02-10,0.024773946576169693,0.0611285749822855,0.04759727790951729,0.04380222451873124,0.041781103052198884,0.04417953081429005,0.023320896545192225,0.02846001078141853,0.05438260138034821,0.06591728291952101,0.09144702088087797,0.049418143928050995,0.42379139065742494
2022-02-11,0.02292086869456398,0.056479720212519166,0.044370672199875116,0.04092804717365652,0.04154078522697091,0.0411346010863781,0.022336436179466547,0.0269243162474595,0.05089057981967926,0.06629465033672144,0.08900821730494499,0.0451430544257164,0.45202807188034055
2022-02-14,0.02209105268084386,0.05713622774928808,0.04498682208359241,0.039101015357300636,0.04095163173042238,0.040971210598945616,0.022424170008162037,0.02554464462446049,0.05087829604744911,0.0690924647967961,0.09171558059751987,0.04456161186099052,0.4505452573299408
2022-02-15,0.021811719242759865,0.05653179902583361,0.04535463694483042,0.037719353544525804,0.04038137961179018,0.04001018069684505,0.022694548405706883,0.026335505943279713,0.05017004013061523,0.07111597172142385,0.0934089906513691,0.04361783862113953,0.45084803700447085
2022-02-16,0.02244672057313437,0.0560362683609128,0.04678833913058043,0.03811274734325707,0.042122227046638726,0.04015160910785198,0.023513513803482055,0.026942644076189026,0.0500473290681839,0.07161513611395662,0.08839037530124187,0.044281435757875444,0.4495516359806061
2022-02-17,0.022905271821582574,0.05603025052696466,0.04819971080869436,0.038355236197821795,0.04311907542869449,0.04072629809379578,0.024425836029695346,0.027317087014671414,0.05031644180417061,0.07276326468476561,0.08694031834602356,0.045330622047185895,0.4435705840587616
2022-02-18,0.022092498285564942,0.05625902228057385,0.048312732856720685,0.0364503106335178,0.04284049905836582,0.0409981943666935,0.023989706754218788,0.02593089824076742,0.05013535469770432,0.07390721032130951,0.0884520798921585,0.04497471675276756,0.4456567645072937
2022-02-22,0.0227740378712042,0.06071330588310957,0.051028605084866285,0.03726631007157266,0.043690503016114234,0.04320985358208418,0.024640821292996405,0.02618766268133186,0.052647334337234494,0.07698449241416938,0.09295306988060474,0.047189940512180326,0.42071406841278075
2022-02-23,0.024738352423446484,0.06862161960452795,0.05657905358821154,0.03974923752248287,0.046704028453677895,0.04889767114073038,0.026849634223617615,0.027997028251411392,0.058799292892217636,0.0858573278391404,0.1050464879721403,0.05278016179800034,0.3573800802230835
2022-02-24,0.02209297345179948,0.06347277127206326,0.05157190496101975,0.03604101515375078,0.04177726665511727,0.045137081481516364,0.024863611510954797,0.026873919618083164,0.05426302142441273,0.08063282182007718,0.1002878699451685,0.047876162081956865,0.405109578371048
2022-02-25,0.023211564656230622,0.06748986318707466,0.054467334412038326,0.03656524708494544,0.04090939164161682,0.04822543784976006,0.026616869645658882,0.027967440598877145,0.0575603935867548,0.0851372328349651,0.10913471579551696,0.051006004214286804,0.37170848846435545
2022-02-28,0.021321449336392108,0.060315470583736895,0.049832542333751915,0.03306927825324237,0.03681747978553176,0.04452761150896549,0.024991091236006468,0.024986341438489035,0.05296703428030014,0.07844698911817023,0.0934666994959116,0.04690330922603607,0.43235470056533815
2022-03-01,0.022987383728468556,0.0631966644898057,0.05392759870737791,0.03353877188637853,0.037384106684476136,0.04850666932761669,0.026384996867273004,0.02548916120431386,0.057693998143076894,0.08457024140651441,0.09776367768645286,0.04979881197214127,0.3987579047679901
2022-03-02,0.02598612570145633,0.07306593656539917,0.062210127525031564,0.03692076224833727,0.041513103898614644,0.05690846294164657,0.02931679432513192,0.027424580533988774,0.06719811111688614,0.09718346952597515,0.11224366426467895,0.05738765522837639,0.3126412034034729
2022-03-03,0.029684662618819857,0.07946346569806337,0.06945819351822138,0.040236135758459565,0.04572135135531426,0.062401387467980386,0.03358902974287048,0.031061565468553452,0.07552219703793525,0.10442690026541915,0.12367945909500122,0.06476216316223145,0.23999350368976594
2022-03-04,0.03152880686320714,0.08478119671344757,0.07299902625381946,0.040692996326833965,0.046688024792820214,0.06529368944466114,0.03485261029563844,0.031627697602380066,0.07979127690196038,0.10956895117886152,0.1298440035432577,0.06969395503401757,0.20263775885105134
2022-03-07,0.031746333016781134,0.08711201287806034,0.07397642079740763,0.03989527486264706,0.04514792347326875,0.0664328509941697,0.033901088708080354,0.030291690921876578,0.0800193928182125,0.11127044162188807,0.13359519205987452,0.07258636057376862,0.19402501881122589
2022-03-08,0.0232621017821657,0.06557979844510556,0.05690753627568483,0.029669897630810738,0.03250045794993639,0.04999143686145544,0.02460596668533981,0.02351695340475999,0.060590485855937,0.08455727584344874,0.10305331535637378,0.05511440485715866,0.3906503677368164
2022-03-09,0.02514932933700038,0.07098806370049715,0.06235805507749319,0.031605984643101694,0.03521944936364889,0.05376094914972782,0.026336032000835986,0.026103229250293226,0.06558252051472664,0.09139786194660111,0.11498995870351791,0.06075142323970795,0.3357571721076965
2022-03-10,0.028493852450628764,0.07675465885549784,0.06888330783694982,0.03458996806293726,0.03972231391817331,0.05784324966371059,0.02872527209110558,0.027663992112502457,0.07045420408248901,0.09278582193436975,0.11400981843471528,0.06902089864015579,0.29105262756347655
2022-03-11,0.027706108078564284,0.07232212163507938,0.06665822342038155,0.03188855992630124,0.03729043724015355,0.054750877805054186,0.02815361478133127,0.027775078220292924,0.06786098033189773,0.08710189982631941,0.10396588835865259,0.06897222772240638,0.3255539536476135
2022-03-14,0.027602408092934638,0.07317932453006507,0.06703714560717344,0.03087323633953929,0.03648730106651783,0.05421965122222901,0.0281539267860353,0.027419920393731444,0.06823815926909446,0.08479794634927398,0.10321539212018252,0.07093734629452228,0.32783825397491456
2022-03-15,0.023122297821100802,0.05890011694282293,0.05530611760914326,0.026046984177082778,0.029709962755441667,0.04428457254543901,0.023603331309277564,0.022122373781166972,0.05609306916594505,0.06774290091324549,0.08026131065562367,0.060954717174172404,0.4518522500991821
2022-03-16,0.024453271216043505,0.05933469198644161,0.057266921550035474,0.027349899895489214,0.030324283987283707,0.04463675934821367,0.02454761918634176,0.021389043296221644,0.05608445331454277,0.06412867216331275,0.07378273010253907,0.06531018763780594,0.45139148235321047
2022-03-17,0.025446407377967262,0.05960004236549139,0.058132025972008707,0.028620685823261736,0.03289742302149534,0.04379437007009983,0.02504590022144839,0.020182312023825942,0.054918741807341576,0.0624539380401405,0.06787171885371208,0.0689895924180746,0.45204684138298035
2022-03-18,0.026459194202834622,0.059124146960675715,0.05892074126750231,0.029462362080812453,0.03236610190942883,0.042754690535366534,0.025869819929357617,0.0192242311546579,0.0536396648734808,0.06111182611196142,0.06682143546640873,0.0721983227878809,0.4520474672317505
2022-03-21,0.027870613672348554,0.05944222267717123,0.05999209452420473,0.030695494264364243,0.03275129236280918,0.04200573172420263,0.026197936746757477,0.018552891782019288,0.05295784138143063,0.058893308502605636,0.0634788304567337,0.07467556484043598,0.4524861514568329
2022-03-22,0.02965544156904798,0.05766275431960821,0.05979758873581886,0.031405269727110864,0.03205983741208911,0.04063195735216141,0.027304685476701708,0.019027914863545447,0.05257933922111988,0.05794789979428838,0.06288940533995628,0.07595481649041176,0.45308308601379393
2022-03-23,0.031560759161948226,0.05750537347048521,0.060833556950092314,0.03241269709542394,0.03235184978693724,0.0391952769830823,0.028120053478050976,0.018908245326019823,0.05147995874285698,0.05643760676219785,0.06038558315485716,0.07760988734662533,0.453199166059494
2022-03-24,0.03184259765439492,0.05862089321017265,0.06154753677546978,0.03252906277775765,0.03267187224701047,0.038830789364874364,0.027498391503468157,0.01823800663696602,0.0512343056499958,0.056658865890521784,0.06170948278158903,0.07829828578978777,0.450319892168045
2022-03-25,0.03277661705251376,0.05910187512636185,0.062245924025774,0.033017181884497405,0.032815516274422404,0.03783173598349095,0.026972446672152726,0.01755680172936991,0.050366739928722384,0.05668724664872364,0.059533508215099576,0.07960805650800466,0.45148634910583496
2022-03-28,0.03393038114554656,0.05774734169244766,0.06223837062716484,0.03345778891816735,0.03240282842889428,0.037052884511649606,0.027028182975482196,0.01858890987932682,0.05017763562500477,0.05650332608021724,0.059122178610414265,0.08065268024802208,0.4510974884033203
2022-03-29,0.036212697876908354,0.05887750796973705,0.06511821374297141,0.034784479346126315,0.033276422042399646,0.03761573303490877,0.02726343001704663,0.01895161173888482,0.05083390027284622,0.05511805558410767,0.05643833074718714,0.08436398897320033,0.44114564061164857
2022-03-30,0.036884403108342664,0.05755490884184837,0.06451524794101715,0.03482422484084964,0.032864822819828984,0.036321016028523445,0.0265483564697206,0.01806341134943068,0.04865371994674206,0.054023051109873245,0.053975018206983805,0.08367497324943543,0.45209684371948244
2022-03-31,0.03760091122749145,0.058616744726896285,0.06393415816128253,0.03546500951051712,0.03324020830914378,0.036422991938889024,0.02645089803263545,0.017686985834734513,0.04843408241868019,0.05421103888544572,0.05429914314299822,0.08315393645316363,0.4504838943481445
2022-04-01,0.03690574645042943,0.06007286384701729,0.06441456228494644,0.03509840397164225,0.033437519799917936,0.03693864271044731,0.026004111394286156,0.016914986132178456,0.04880264736711979,0.055314419771252156,0.053187919314950705,0.0826736656948924,0.45023452639579775
2022-04-04,0.03663427029459854,0.06044844910502434,0.06464021876454354,0.03510155882686376,0.03401261251419783,0.03688959963619709,0.026275085110682994,0.0165281459572725,0.04883302003145218,0.05507037154276908,0.05235292436555028,0.08245604913681745,0.45075767040252684
2022-04-05,0.0368222780423821,0.06063587628304958,0.06483686566352845,0.03535640724003315,0.034730222448706626,0.0371316023170948,0.026971140829846262,0.01631189902545884,0.048778987303376195,0.055516047409993344,0.052151184901595114,0.08107642531394958,0.44968104362487793
2022-04-06,0.03613226435008983,0.06017042510211468,0.06337446495890617,0.035215110052376986,0.03459889008663595,0.036998005025088786,0.027506665501277894,0.01624823370948434,0.04913080856204033,0.05581117233558075,0.05264114663004875,0.08138926029205322,0.45078353881835936
2022-04-07,0.03495892655955686,0.06041745245456696,0.06205735541880131,0.034525429178029296,0.03416509162634611,0.03685822989791632,0.027478422597050668,0.016592204984044658,0.049441222101449966,0.05694238430080194,0.052774646785110235,0.0829260865226388,0.45086254477500914
2022-04-08,0.03486433068173937,0.06050343401730061,0.0612825021147728,0.03474927507340908,0.03369908309541643,0.03671395555138588,0.027711737935896964,0.0171161453879904,0.0493445124477148,0.058082021384619154,0.05360019085928798,0.08121074307709933,0.4511220693588257
2022-04-11,0.03474421029750374,0.060673068091273305,0.059645287692546844,0.035249731130898,0.03342991266399622,0.03619682472199202,0.02777425650274381,0.017966407409403473,0.04912648722529411,0.058753440892822265,0.054636075906455514,0.08069751560688018,0.4511067748069763
2022-04-12,0.03340914589643944,0.06044615842401981,0.05886972285807133,0.03540082154795528,0.03302944493480027,0.03592217806726694,0.027720117277931423,0.01849809048580937,0.04908241741359234,0.06067084928636905,0.05520569970831275,0.07937860544770955,0.4523667335510254
2022-04-13,0.03255994372739224,0.060602796450257304,0.0598898321390152,0.03511458467692137,0.03261683234013617,0.03571007046848536,0.02807380009908229,0.01898644967004657,0.04867924060672522,0.062276925518771266,0.05619017295539379,0.07882091589272022,0.45047842264175414
2022-04-14,0.03213102500194509,0.059428241848945615,0.06044244728982449,0.03539830530062318,0.03251440632157028,0.03511215168982744,0.02843618594342843,0.018736442434601486,0.04713553097099066,0.06377572305238263,0.056191188748925924,0.07841835599392652,0.45227997899055483
2022-04-18,0.030506257150045714,0.05888546407222748,0.05953964106738567,0.03610447361133993,0.03189178877510131,0.034530687518417834,0.028611090849153697,0.019221822416875513,0.04668334182351828,0.06518619394161806,0.0578860277775675,0.07814780175685883,0.4528054237365723
2022-04-19,0.029808583411431756,0.057954785972833635,0.059281299263238905,0.0363125869538635,0.03164903614670038,0.0341930590569973,0.0287743573426269,0.020384409796679392,0.046052171103656295,0.06665512955782926,0.059512626565992835,0.0774870777502656,0.45193488597869874
2022-04-20,0.030710055874078535,0.05745062250643969,0.06144205518066883,0.03829926438629627,0.03205990958958864,0.03453562967479229,0.029428879136685283,0.022039015794871376,0.04585312977433205,0.06552683244096932,0.05752337360754609,0.07928143180906773,0.4458498120307922
2022-04-21,0.03163687356682203,0.05984415840357542,0.06397483609616757,0.040628698328509925,0.03240654114633799,0.03506009876728058,0.029289429972413926,0.022292979760095477,0.04597021136432886,0.06676863703841232,0.058238704968243835,0.08114135358482599,0.432747483253479
2022-04-22,0.02972041899120086,0.05789593476802111,0.06106206066906452,0.04023723984137177,0.030684856325387956,0.033198474906384945,0.026880635414272547,0.02141837412491441,0.04434528890997171,0.06557713631510272,0.05813738014549017,0.0792480194941163,0.45159417390823364
2022-04-25,0.02923647987736331,0.058528061024844646,0.06132097169756889,0.04042767467908561,0.031864861585199834,0.033307696133852004,0.0260783709702082,0.02037329225568101,0.04520794544368982,0.0668184231599657,0.058430927665904166,0.07818344868719578,0.450221860408783
2022-04-26,0.029542483361365158,0.05926394313573837,0.06247354038059712,0.0409558451268822,0.032236468885093926,0.03364578075706959,0.026013674039859325,0.019445366761647164,0.045507462322711946,0.06451073939479812,0.05787369525060058,0.07816717326641083,0.4503638505935669
2022-04-27,0.028880197329999645,0.05896348394453525,0.0624711025506258,0.03992379931733012,0.03202645480632782,0.03459318298846483,0.025447238562628628,0.018109615618595854,0.046420087292790416,0.06541089902363825,0.06081920871511102,0.07626051250845194,0.4506742000579834
2022-04-28,0.029007556642318376,0.0583420155569911,0.06238630674779415,0.03991429316811264,0.03266653073951602,0.034941065683960916,0.0253113056300208,0.01865027775638737,0.04683666098862886,0.06454424969419854,0.06263594054616987,0.07435905858874321,0.4504047274589539
2022-04-29,0.029205845336036873,0.058343316055834295,0.06228727959096432,0.039846312068402764,0.03308475660160184,0.03509350102394819,0.025560865842271595,0.018456604977836834,0.046099731139838694,0.06441728880873825,0.06311080353334546,0.07338244672864676,0.45111123919487
2022-05-02,0.02832543766744493,0.05638734828680754,0.061299972236156464,0.039496376924216745,0.03533143503591418,0.03571784123778343,0.025667382031679155,0.018975457915803417,0.04676124732941389,0.06574310770302247,0.06527504473924636,0.06870707329362631,0.4523122787475586
2022-05-03,0.028787279886819304,0.055453971773386,0.061380015686154366,0.04013932067900896,0.03732495428994298,0.03601522855460644,0.026406057528220117,0.019491122337058187,0.046412748470902446,0.06343434357785113,0.06794807016849518,0.06490256022661925,0.4523043274879456
2022-05-04,0.029182488871447275,0.05488594900816679,0.062019786611199376,0.04137949808500707,0.03982950132340193,0.036198517121374604,0.027082901925314217,0.01929073718492873,0.0457772895693779,0.06281981216757285,0.06597726922482253,0.06277697049081325,0.45277928113937377
2022-05-05,0.029937277023418574,0.05558690018951893,0.06227026768028736,0.042518308758735655,0.041689057182520625,0.03585557397454977,0.027810739062260836,0.018872584542259575,0.04464039392769337,0.062243553677012106,0.06486187772825361,0.06098586358129978,0.4527276217937469
2022-05-06,0.029997218373318903,0.05392796583473682,0.06146447733044624,0.041774055594578384,0.04051004378125071,0.03636384196579456,0.028740330890286714,0.0187352777516935,0.04544331729412079,0.06340310834025083,0.0681498943362385,0.05932001415640116,0.45217046737670896
2022-05-09,0.03021541636226175,0.053547871112823484,0.06057576611638069,0.04100459525361657,0.03929519727826118,0.036204698495566845,0.029233751562424005,0.019053679326316342,0.04539935551583767,0.06467822231922966,0.07112996524665505,0.05745791457593441,0.4522035539150238
2022-05-10,0.030547499363456153,0.053595192916691306,0.06105137951672077,0.04083496918901801,0.0387977859005332,0.03715756386518478,0.02891324191587046,0.018197477160720156,0.04662752971053123,0.06532528668066746,0.07068215673789383,0.05653208624571562,0.4517378330230713
2022-05-11,0.031121791169425705,0.054286804422736167,0.06178741008043289,0.040977214183658364,0.038790134247392416,0.037594560720026496,0.028561460494529456,0.017326777154812588,0.04669439699500799,0.06516965001073452,0.07043095806147903,0.055443191155791285,0.45181565880775454
2022-05-12,0.03032719209913921,0.0544449744746089,0.06166144795715809,0.041097036097198725,0.03867866527289152,0.038260985910892484,0.027569314686115832,0.016394775843946264,0.04700531587004662,0.06549193299023273,0.07198845318052918,0.05515866354107857,0.45192124247550963
2022-05-13,0.030287409453376313,0.05521421749144793,0.062130801379680634,0.04155903775244951,0.03850024193525314,0.03938338551670313,0.026780097000300884,0.015635923540685326,0.04698088131844998,0.06323261615089812,0.07208899864926935,0.055502652749419214,0.4527037262916565
2022-05-16,0.030616113064388627,0.056209219992160796,0.0619205255061388,0.041926261782646176,0.03905129032209516,0.03975860234349966,0.027162802289240062,0.01610099436948076,0.04591230358928442,0.06184916028654275,0.07157309018075467,0.05531941801309585,0.45260022282600404
2022-05-17,0.03029339153035835,0.05641165915876627,0.06080194003880024,0.04222061783075333,0.03903623493388295,0.04072944168001413,0.027476661512628196,0.016220025869552047,0.04532032739371061,0.06106204293564872,0.07199843735434115,0.054535442218184474,0.453893768787384
2022-05-18,0.030783035374770406,0.05636336170136928,0.060538744926452635,0.04322612704709172,0.04004718866199255,0.040542045049369334,0.027961067645810543,0.017152802186319604,0.04428450502455235,0.0598774970625767,0.06967516615986824,0.05510704964399338,0.45444139242172243
2022-05-19,0.030783692873592373,0.05550558678805828,0.060742737352848054,0.04293862162157893,0.04020010344684124,0.041884320043027404,0.027349202963523566,0.01677617261884734,0.04594967290759087,0.061180737969104546,0.0694477085256949,0.05537619143724441,0.4518652558326721
2022-05-20,0.03030816065147519,0.055794259160757066,0.06080243848264218,0.042834822088479996,0.04054978238418698,0.04220502851530909,0.026933214836753906,0.016324531205464156,0.046002639830112456,0.0612042013578364,0.06892223171889782,0.05520392544567585,0.45291478037834165
2022-05-23,0.029984792982577346,0.0559455219656229,0.06025746762752533,0.04276193836703897,0.040685621462762354,0.04285979168489575,0.02672661349643022,0.015925316244829447,0.04580894093960523,0.06133248699218239,0.06808204140979797,0.05560198910534382,0.4540274739265442
2022-05-24,0.03010993338939443,0.05549321118742227,0.05993145368993282,0.04292653100565076,0.04093896131962538,0.042354656383395195,0.027232468803413214,0.01609098321059719,0.04529513586312532,0.061985013306238027,0.06709592503029853,0.05586125962436199,0.45468445420265197
2022-05-25,0.029360591592558195,0.05624272413551808,0.058757218345999715,0.04353418489918113,0.039423576835542914,0.04283163212239742,0.026876640156842768,0.015761442843358963,0.04556463398039341,0.06360595563031009,0.06709143812768162,0.056782393530011174,0.4541675627231598
2022-05-26,0.02892546295588545,0.05678050071001053,0.05839305929839611,0.043931241426616904,0.03862694511190057,0.04285073671489954,0.02640110843349248,0.015330461983103305,0.045565017685294154,0.06401735737014232,0.06634315121918917,0.05788285844027996,0.4549521028995514
2022-05-27,0.02888960382915684,0.05697830747812986,0.057981427758932114,0.04431160502135754,0.03839030619710684,0.042647802643477915,0.02607131456024945,0.014956057944800705,0.0451637638732791,0.06525084342508905,0.06553139223251492,0.05885519422590733,0.4549723923206329
2022-05-31,0.02906851662082772,0.057397800125181676,0.05758264362812042,0.044537055864930154,0.038070596754550934,0.042210780270397666,0.025996796716935933,0.014682945958338679,0.044761493988335135,0.0666617233690264,0.06476217072922737,0.05970674492418766,0.4545607328414917
2022-06-01,0.029363806025503435,0.05540642272680998,0.05619377009570599,0.04540436733514071,0.03951498866081238,0.04165969025343656,0.027212869480717928,0.015570315113291145,0.045325382798910144,0.06667932609899233,0.06449790289625526,0.05865732207894325,0.4545138359069824
2022-06-02,0.029181490385963117,0.054207634553313254,0.0559649933129549,0.04446231573820114,0.04011303316801786,0.04094635918736458,0.027500785887241364,0.016705677099525928,0.045478137396276,0.06764172838010118,0.065411740494892,0.05794581063091755,0.45444029569625854
2022-06-03,0.029461724085194874,0.054369902424514296,0.056275568529963495,0.04392885351553559,0.04094578232616186,0.03993338532745838,0.027752444450743496,0.01700570461107418,0.044847539812326434,0.06804794299640644,0.06522935903631151,0.058087948709726334,0.4541138350963593
2022-06-06,0.029109395765408407,0.0553162083029747,0.056425121054053305,0.042588284332305194,0.040946070663630964,0.03981451820582151,0.027758487476967277,0.017136890813708304,0.045701812207698825,0.06683328678370604,0.06856145546771586,0.057401135191321374,0.45240732431411745
2022-06-07,0.029128637020403404,0.054421217925846574,0.056455592066049574,0.042062219511717555,0.041215953044593336,0.03863664921373129,0.02855480877915397,0.018165983608923852,0.04551323372870684,0.06563403868327473,0.06969927798490971,0.05659836493432522,0.45391401648521423
2022-06-08,0.029276738646512968,0.05413797125220299,0.05719594731926918,0.04171305429190397,0.04110259972512722,0.037814197689294816,0.028719421906862407,0.018274007912259548,0.04514755718410015,0.06545484738613538,0.0704051908571273,0.056832196190953255,0.453926283121109
2022-06-09,0.02883834880467475,0.05293297227472067,0.056774980202317235,0.04023963240906596,0.042682689242064954,0.0372873431071639,0.028443892893847078,0.018989247700665145,0.04553742464631796,0.0655684407687259,0.07408814721275121,0.05532568544149399,0.45329118371009824
2022-06-10,0.028105586343735924,0.053259684890508655,0.05616886653006077,0.038258434180170296,0.04157087206840515,0.03714536167681217,0.02758079201448709,0.01960213276324794,0.04602581933140755,0.06630532739795018,0.07927515334449708,0.05372036099433899,0.45298161506652834
2022-06-13,0.02738090923303389,0.053042068518698214,0.055288469046354295,0.036645587626844646,0.041834377124905585,0.036970222182571885,0.02688965604174882,0.020301974460016935,0.04613918140530586,0.06779345905362,0.08132266676984727,0.052477603778243065,0.4539138078689575
2022-06-14,0.02749762468629342,0.05256359111517668,0.05475635528564453,0.036267797090113164,0.041545945778489114,0.037989119067788124,0.027427987346891315,0.020272588887019084,0.04581775180995464,0.06601151056116059,0.08393290971871466,0.051512506976723674,0.4544043064117432
2022-06-15,0.027931268961765454,0.05298461075872183,0.05589928850531578,0.03588008265942335,0.043031321838498116,0.038373944349586964,0.02802358629414812,0.020523696107557044,0.045334221608936784,0.06466697727793758,0.08265225926879793,0.051524142175912856,0.4531746029853821
2022-06-16,0.027968763476019377,0.05354132298380136,0.05717534497380257,0.03554710950702429,0.043326109275221826,0.03879689089953899,0.027995396521873772,0.020372831739950924,0.04564465451985598,0.06397078232240698,0.0807947451947257,0.05178066939115524,0.45308537483215333
2022-06-17,0.02737440473611059,0.05364303905516863,0.056799907609820365,0.03476284928619862,0.041966512240469454,0.039469771459698676,0.0275881334207952,0.01945367455482483,0.045830275304615496,0.06426804478393251,0.08397149215452374,0.051759819686412814,0.45311206579208374
2022-06-21,0.02808453389443457,0.054753624461591245,0.05935274250805378,0.0350881677120924,0.043152435682713985,0.040216606296598914,0.02760941591113806,0.018740994337713347,0.04565058834850788,0.0642547902567168,0.07781105251051486,0.05275647938251495,0.45252856612205505
2022-06-22,0.028876433374534827,0.05499827619642019,0.06002790965139866,0.03521117102354765,0.043822636269032954,0.03978351652622223,0.02822049744427204,0.01975011600879952,0.04463939722627401,0.06422278174831267,0.07393939038738609,0.05275475159287453,0.4537531197071075
2022-06-23,0.029518246974112115,0.0552868926897645,0.061424706131219864,0.03556195218116045,0.0427993256598711,0.04061048161238432,0.02833378966897726,0.01966491069761105,0.04426485635340214,0.06640961655275249,0.06795170456171036,0.05425179600715637,0.4539216935634613
2022-06-24,0.0303642131115339,0.05599300563335419,0.0629405878484249,0.03632473014295101,0.04292263295501471,0.04120704373344779,0.0281577009242028,0.019341689255088567,0.04365881979465484,0.067614189943669,0.060978974867612126,0.055845413357019424,0.454651004076004
2022-06-27,0.03139197381897248,0.0571559127420187,0.06371172852814197,0.03663038667291403,0.04319465570151806,0.04048690292984247,0.02822918489109725,0.018781842198222876,0.042534460127353665,0.06882321801126264,0.05672201244160533,0.0574126236140728,0.45492509603500364
2022-06-28,0.031699967948770794,0.056365234404802324,0.06418026089668274,0.03630086090415716,0.043250440433621404,0.03964640721678734,0.028036667359992863,0.020147106167860328,0.042081715725362304,0.07043172160240178,0.053745106980204585,0.0583076499402523,0.4558068633079529
2022-06-29,0.030766181906801648,0.057161391153931616,0.06328037194907665,0.036451591178774834,0.044032091088593,0.03943124124780297,0.027447451674379408,0.019755774457007647,0.042756886407732966,0.07251268362740948,0.05409480491653085,0.05819832906126976,0.4541111707687378
2022-06-30,0.03082084043599025,0.05747477635741234,0.06269444413483143,0.03693401105701923,0.04496215991675854,0.0393003654666245,0.02684930816758424,0.019019258441403508,0.042843515239655974,0.07507744542454856,0.05052749579772353,0.05873766615986824,0.45475871562957765
2022-07-01,0.030425825767088098,0.058220550417900085,0.06253872066736221,0.03752392940223217,0.04634430650621653,0.039583849161863326,0.0262277708388865,0.018136521405540406,0.04263674095273018,0.07671139351598946,0.04659160524606705,0.05992558002471924,0.4551332116127014
2022-07-05,0.030286541553141432,0.05842195115983486,0.06257889792323112,0.03820598404854536,0.046288113296031955,0.03988996800035238,0.025787131278775632,0.01738841605838388,0.04190859943628311,0.07834563367798637,0.044682519230991605,0.06087757274508476,0.45533868074417116
2022-07-06,0.031115218830018422,0.05867784433066845,0.06461119651794434,0.03699209298938513,0.04724894855171442,0.04159811548888683,0.026113710762001575,0.016708632535301148,0.04179100263863802,0.07564605763585845,0.04120918735861778,0.06248396560549736,0.45580401420593264
2022-07-07,0.03230633412258612,0.0580797515809536,0.06537789329886437,0.037132454477250575,0.047988548688590524,0.04239070424810052,0.02678982967045158,0.01661584305111319,0.04156325981020927,0.07197735309633639,0.03942106403410435,0.06405625604093075,0.45630072355270385
2022-07-08,0.033154919159642304,0.05783596858382225,0.06620819643139839,0.0370574651286006,0.04858181197196245,0.041821551695466044,0.027150575513951482,0.016108713450375945,0.04087827354669571,0.06978184725881462,0.03978689732030034,0.06541342027485371,0.4562203586101532
2022-07-11,0.0339067943412374,0.057608877494931224,0.06684013418853282,0.03704325128346682,0.04872355200350285,0.041301168501377106,0.02767564805690199,0.01565944782923907,0.04021442607045174,0.0684225718041425,0.03933721529319882,0.06605918370187283,0.4572077214717865
2022-07-12,0.034256638729129915,0.05934843756258488,0.06738456934690476,0.03648324385285377,0.04693705197423696,0.04170305533334613,0.027161890803836287,0.014656884013675153,0.04078701063990593,0.06816396342385148,0.03997492780908942,0.0691470704972744,0.45399525165557864
2022-07-13,0.03356915303538699,0.060623233392834666,0.06750963479280472,0.03656315989792347,0.04615011923015118,0.04141667047515511,0.026546138525009155,0.013782906287815422,0.04100369717925787,0.06813721805546749,0.03836473422124982,0.0711072687059641,0.4552260458469391
2022-07-14,0.03270600714968168,0.061278123408555984,0.06786547861993313,0.036809951066970825,0.0455110477283597,0.041125492006540296,0.026125837280415,0.013124637119472028,0.041274933703243734,0.06877819336520793,0.03852572133764624,0.0723862487822771,0.45448833107948305
2022-07-15,0.03311909549302072,0.06099081933498383,0.0681722741574049,0.03616657163947821,0.045531309023499486,0.041289032762870194,0.025715954205952584,0.01380323622142896,0.04152062498033047,0.066659358661013,0.038795397337526086,0.07334892265498638,0.4548874020576477
2022-07-18,0.03324718141302583,0.060587479174137114,0.06827081292867661,0.035903722420334815,0.04507441278547049,0.04111727396957576,0.02578452620655298,0.01361902110511437,0.04138219188898802,0.06645100232355591,0.03885934241116047,0.07437525019049644,0.4553277909755707
2022-07-19,0.03217733101446356,0.05994195491075516,0.06796192713081836,0.036060664989054206,0.04594225063920021,0.040559820970520376,0.02577058570459485,0.014642898470629006,0.041856329329311846,0.06614305896431975,0.039402643125504254,0.07346557900309562,0.4560749471187592
2022-07-20,0.03213786221876944,0.06007582396268844,0.06766554303467273,0.036241468228399756,0.046881170570850374,0.03900207132101059,0.026077716774307192,0.014751931570935994,0.041227126866579054,0.06765472257354084,0.03915193434804678,0.073378536850214,0.45575411319732667
2022-07-21,0.03252388285218331,0.06067068390548229,0.06759936064481735,0.03554591648280621,0.04709942936897278,0.03796454146504402,0.026713132578879594,0.014915893354918807,0.04124002885073423,0.06710097912932404,0.03947610137984157,0.07280161455273629,0.4563484251499176
2022-07-22,0.03312010629542783,0.061129235103726386,0.06792396605014801,0.03585437145084143,0.04794142208993435,0.037272115657106045,0.026628055376932025,0.014736689196433872,0.040910493675619365,0.06683806331697592,0.038009663298726085,0.07331091426312923,0.4563248991966248
2022-07-25,0.0326785620109149,0.06262197755277157,0.06695977561175823,0.03667704053223133,0.04825734570622444,0.037427520751953124,0.026173458062112333,0.014135710871778428,0.04081547604873777,0.06690251603106052,0.037487329356372355,0.0748478602617979,0.4550154089927673
2022-07-26,0.03289391716516547,0.06325962729752063,0.06682450361549855,0.037566760741174224,0.04878601394593716,0.03693265393376351,0.025821466511115432,0.015191090002190322,0.04062675926834345,0.0666772868562342,0.037635043170303105,0.0757475282996893,0.4520373404026031
2022-07-27,0.031614727511441745,0.06462476141750813,0.06680727712810039,0.03647829499095678,0.049150364473462105,0.03711808524094522,0.025620262464508416,0.014987049251794815,0.04117743354290724,0.06678539810885234,0.03771234257146716,0.07746863588690758,0.4504553973674774
2022-07-28,0.030912597608403303,0.06451668702065945,0.06581251956522464,0.03559438716620207,0.049114860594272614,0.036499939812347296,0.025429259007796644,0.014306360110640525,0.03977208435535431,0.06722149664413131,0.03707590121775865,0.07864039223641157,0.45510350465774535
2022-07-29,0.030705299907822337,0.06390909217298031,0.066088842228055,0.03529666606336832,0.0489809587597847,0.03667847369797528,0.025870688259601593,0.014096930518280714,0.0394324466586113,0.06831246877011932,0.036915146838873626,0.07908378038555383,0.45462918281555176
2022-08-01,0.030892087961183277,0.06390424370765686,0.06658177375793457,0.03517886810004711,0.04810784161090851,0.03654841687530279,0.026345263607800005,0.013810253201518208,0.03897464508190751,0.0689030621518727,0.037296649720519784,0.07847637347877026,0.4549805402755737
2022-08-02,0.03132791273928888,0.06391842849552631,0.06843191497027874,0.035615004040300845,0.047518836334347725,0.03715270608663559,0.026339421747252345,0.013594688649754971,0.039128939248621465,0.07012560479916594,0.03689198065549135,0.07770497426390648,0.4522495806217194
2022-08-03,0.03161758138066943,0.062179560959339145,0.07040957026183606,0.03452497664839029,0.04773973785340786,0.03649069285020232,0.02644717865623534,0.014447721862234175,0.03902059281244874,0.06993341406225859,0.03667305884882808,0.07535948380827903,0.4551564395427704
2022-08-04,0.03209886443019059,0.06263437457382678,0.07275706566870213,0.03420502208173275,0.04786669611930847,0.03597049154341221,0.025784543110057713,0.014418760256376117,0.038714392483234404,0.07112114614330398,0.0356529195792973,0.07442293539643288,0.45435279607772827
2022-08-05,0.0324793430227146,0.06302551291882992,0.07453762851655484,0.034219419583678246,0.048277639970183375,0.036044683679938315,0.025222930521704257,0.014381513081025333,0.03859127014875412,0.07119673382781126,0.03487460575997829,0.07392784021794796,0.4532208740711212
2022-08-08,0.03304954564937361,0.06197015047073364,0.07649060431867838,0.0338440079241991,0.04894533772021532,0.03541841288097203,0.025615602429024876,0.0152312928927131,0.038449856266379354,0.06815806155322175,0.033774662762880325,0.07378875724971294,0.45526366829872134
2022-08-09,0.033273287269730646,0.06230507604777813,0.0788918437436223,0.03390516079962254,0.049560751765966415,0.03537798053584993,0.0252775706583634,0.015547591564245521,0.038071144744753836,0.06692083378024911,0.0338163654319942,0.07432519532740116,0.4527271866798401
2022-08-10,0.03377715059668844,0.06373810172080993,0.07854180131107569,0.03435070496052504,0.05101404991000891,0.03548487150110304,0.024573732959106566,0.016221956926165147,0.038850552309304474,0.06684150511617304,0.03460057256743312,0.07587364055216313,0.4461313486099243
2022-08-11,0.03352773717233504,0.06259562149643898,0.0763843035325408,0.03397901076823473,0.05137260276824236,0.03369011590257287,0.023766547860577702,0.01559192394488491,0.037624006532132624,0.06640140004884039,0.034278228785842656,0.07616118658334017,0.4546273112297058
2022-08-12,0.03371110689931811,0.06090274639427662,0.07502212300896645,0.033898777328431606,0.05207210127264261,0.03256913060322404,0.02467175186611712,0.01673508223029785,0.03748063631355762,0.06637251638248483,0.03555061407387257,0.07624734211713076,0.4547661006450653
2022-08-15,0.03399948473179393,0.06020920686423779,0.07437792029231786,0.034187584184110165,0.05271853096783161,0.03133618738502264,0.024745938018895686,0.01686534215696156,0.03668674463406205,0.06736374757433161,0.035775750689208505,0.07694705687463284,0.45478650331497195
2022-08-16,0.035062575917436334,0.060642683506011964,0.0750689698383212,0.034321703389286994,0.05318762008100748,0.030771898105740547,0.02476680064573884,0.01689197378582321,0.036773300543427465,0.06582987438356155,0.03637189548462629,0.07837576419115067,0.451934939622879
2022-08-17,0.03665089809237543,0.06177182756364345,0.07698569390922785,0.03518006820231676,0.054640932753682134,0.030366858188062906,0.024859145376831294,0.017609750252449884,0.038177295960485934,0.06591787459276244,0.037192902714014056,0.0800253989174962,0.4406213641166687
2022-08-18,0.036497709506511454,0.060461099818348886,0.0738471670076251,0.03486795909702778,0.055222504585981366,0.029067229060456157,0.023761183791793882,0.017899298248812555,0.037842167215421794,0.0637355152087947,0.03708857269957662,0.07869148962199687,0.45101810097694395
2022-08-19,0.03842905294213779,0.06306424140930175,0.0763344157487154,0.03619023654609919,0.05712657831609249,0.029797277553007005,0.024423189577646554,0.018878320546355097,0.04001499470323324,0.06525758394708206,0.03961442820727825,0.08038082495331764,0.43048885464668274
2022-08-22,0.0365337428366729,0.060442720726132396,0.0717539306730032,0.0347226357087493,0.055741232447326185,0.02843589074909687,0.023318883683532476,0.01811398586141877,0.038235731050372125,0.0630415919754654,0.03922715000808239,0.07707766238600015,0.45335484147071836
2022-08-23,0.03545224619429064,0.06084151975810528,0.0700363090261817,0.034003880620002744,0.05733130574226379,0.028696483420208096,0.02299165753647685,0.018416580953635277,0.0387250249274075,0.06422115374896328,0.04203358050435781,0.07413891460746527,0.453111344575882
2022-08-24,0.034724151730642916,0.06130600087344647,0.06916000433266163,0.03369127456098795,0.058529149182140826,0.02857925361022353,0.022998279682360588,0.01824706926709041,0.03913283576257527,0.06521260176966237,0.045097365602850915,0.07056920249015093,0.45275282859802246
2022-08-25,0.03439736190684926,0.06161546967923641,0.06872510723769665,0.03368912665173411,0.059030750207602976,0.02850829572416842,0.02343758591450751,0.01867901276855264,0.03936443221755326,0.06602766324910192,0.0481970127671957,0.06883335560560226,0.4494948089122772
2022-08-26,0.03420597999020174,0.06064687706530094,0.06838834881782532,0.033845842629671094,0.05943588688969612,0.02780153099447489,0.023303556255996227,0.017995159613201396,0.03814015220850706,0.06722788546226628,0.04757614228874445,0.0677627244964242,0.4536698818206787
2022-08-29,0.033504941241062625,0.06064626462757587,0.06730824541300535,0.03303040470927954,0.06040706560015678,0.028080322919413446,0.022751048975624143,0.017933703417656943,0.03887591939419508,0.06751735026142694,0.051228194124996664,0.06585043501108885,0.4528661072254181
2022-08-30,0.0326593703670369,0.06060599312186241,0.06609311196953058,0.032712871208786964,0.060584019497036935,0.02789588472805917,0.022529628593474627,0.01839457988680806,0.03881807164289057,0.06824480404034397,0.05406507924199104,0.06375902630388737,0.45363757014274597
2022-08-31,0.03216099818901057,0.061037903651595116,0.06605425532907247,0.033163749426603314,0.06156209297478199,0.028316540317609905,0.022558269393630325,0.017906857776688413,0.03944150423631072,0.06882192151820465,0.05341619923710823,0.0626643382012844,0.45289537906646726
2022-09-01,0.03137002908688373,0.060552654787898064,0.0660123161971569,0.033366399072110656,0.06364014390856028,0.028505234187468885,0.022632170817814767,0.018326050939504058,0.0395812043454498,0.06845803740343666,0.051629380136728284,0.06198613196611404,0.45394026637077334
2022-09-02,0.03185118572646388,0.0599224790930748,0.06583954915404319,0.03273723516613245,0.06504395063966513,0.02884553037583828,0.023208871949464083,0.018811078983708283,0.039339808840304615,0.06777374631117947,0.05003055464476347,0.06264595724642277,0.4539500653743744
2022-09-06,0.03106385972314456,0.06076179333031177,0.06665806081146002,0.032704565115273,0.06538635510951281,0.02963580614887178,0.02360048545524478,0.018838154489640147,0.03903369777835906,0.06851059305544478,0.05043239649385214,0.061720140278339386,0.4516540765762329
2022-09-07,0.030969641165029316,0.060707299038767815,0.06650216951966285,0.03323068507015705,0.06410915525630116,0.029855660255998374,0.024176425230689347,0.01927578895993065,0.038420663587749,0.0682834367781684,0.0495638957247138,0.061940232291817665,0.4529649555683136
2022-09-08,0.031169490261800093,0.06044185310602188,0.06728038266301155,0.03405398176982999,0.0638665521517396,0.029849617276340723,0.023936628154478966,0.018839469001977704,0.03747373539954424,0.06907973398391842,0.046223625913262366,0.06254281401634217,0.45524212121963503
2022-09-09,0.0317160782816245,0.06050545014441013,0.06804761793464423,0.034806272573769094,0.06263337945565581,0.029998173099011184,0.023917154129594564,0.018724398192716762,0.036966608744114636,0.06845979357907428,0.04521181620657444,0.06311110518872738,0.45590213537216184
2022-09-12,0.03232316560834079,0.0604606457054615,0.06865579709410667,0.03499420424923301,0.061771939508616924,0.02977605606429279,0.024000671925023198,0.018408242677105592,0.0359012751840055,0.06883580574551687,0.04459953103214502,0.06413085460662842,0.4561418116092682
2022-09-13,0.03298131706033018,0.06063537821173668,0.06904836650937796,0.03487603859975934,0.06044127037748694,0.029414868634194135,0.024253244302235542,0.018262986716581508,0.03532149558886886,0.06886713395361976,0.04383901059627533,0.06511730924248696,0.4569415509700775
2022-09-14,0.03386940182654143,0.0603853028267622,0.06917194314301015,0.034460786171257494,0.05810423856601119,0.030370841501280665,0.02407516788225621,0.018587440191186032,0.036782017629593614,0.06919958636531902,0.046199300698935984,0.06464053392410278,0.45415346026420594
2022-09-15,0.03444221664358338,0.06121845133602619,0.06926120929419995,0.03400859106332064,0.05649012662470341,0.03057980597950518,0.024407326709479094,0.018459552666172385,0.03701728116720915,0.06918369200045778,0.0478852491825819,0.06298904195427894,0.45405744314193724
2022-09-16,0.03458325330557273,0.06178824193775654,0.07062774393707513,0.034182983450591564,0.05655875913798809,0.031158057507127523,0.024606953351758422,0.01838024735916406,0.037665192922577265,0.06701155504226541,0.0478410778567195,0.0618711169809103,0.4537248253822327
2022-09-19,0.034095972727755,0.062092505767941474,0.06982431132346392,0.034203638322651386,0.05588648729026317,0.03181905909441411,0.02510683028958738,0.018253969066427088,0.03796945186331868,0.0664993789596469,0.04886863585561514,0.06155487410724163,0.45382487773895264
2022-09-20,0.033792189939686065,0.0622283510863781,0.06963659580796958,0.03417826555669308,0.05538050327450037,0.032238629180938005,0.025819187285378575,0.017991582103422842,0.037898804433643817,0.06580284501379374,0.04929557405412197,0.06098148822784424,0.45475597977638244
2022-09-21,0.03306960248792166,0.06160077266395092,0.06878009904175997,0.033141554519534114,0.05667054783552885,0.0327801981009543,0.026299621257930995,0.01866735102084931,0.03861199920065701,0.06608876247501776,0.050175728276371956,0.05928129181265831,0.45483245849609377
2022-09-22,0.03220292228315884,0.06241231299936771,0.06829318590462208,0.03238703962415457,0.05554004330188036,0.03363965582102537,0.026188742974773048,0.018338406668044628,0.039484789781272414,0.0679903815993251,0.05100251920521259,0.05822362676262856,0.45429636240005494
2022-09-23,0.031359586454436796,0.06201441362500191,0.065648977085948,0.03224197570234537,0.05567459687590599,0.03359853392466903,0.026586865866556765,0.018495248604449444,0.03964660400524735,0.06996155489982084,0.05236736182123423,0.05649103112518787,0.4559132635593414
2022-09-26,0.03174915675836019,0.06278002373874188,0.0660863820463419,0.031993352249264716,0.054829432256519796,0.03501736978068948,0.026594105688855053,0.01814230713644065,0.04041102332994342,0.0692314643988281,0.05232000574469566,0.05669840648770332,0.4541469752788544
2022-09-27,0.03210813090472584,0.06280316524207592,0.06612954717129468,0.03177205733954906,0.05477419216185808,0.03565432694740593,0.026821170328184964,0.01795935813570395,0.04086222937330604,0.0681094851829652,0.05154855828732252,0.0561445914208889,0.4553131878376007
2022-09-28,0.03203964616195663,0.06281711645424366,0.06657227501273155,0.031195621751248837,0.054299389384686945,0.03563930122181773,0.027202457701787353,0.018119993244181388,0.0410197370685637,0.06760774960026587,0.051952351815998554,0.05535249188542366,0.4561818718910217
2022-09-29,0.03200652085661204,0.06339915618300437,0.06670859269797802,0.030957928486168386,0.053825408592820166,0.03685206831432879,0.027030917862430216,0.01815360243199393,0.04076372780837119,0.06675749309320533,0.0517692344263196,0.05586350113153458,0.4559118449687958
2022-09-30,0.03159993492772628,0.0647168979048729,0.06638053711503744,0.030816786177456378,0.051920505985617635,0.03753661578521132,0.026094711013138296,0.018023069910123014,0.04099625507369638,0.0681847121346543,0.052755727991461755,0.05599934831261635,0.45497487783432006
2022-10-03,0.03044392274259735,0.06639011390507221,0.06617113631218671,0.03092514965683222,0.051447075046598914,0.037591651128605005,0.025538339093327523,0.017369831894757225,0.04066558298654854,0.06969664654148726,0.05197794903069734,0.05621879473328591,0.45556378960609434
2022-10-04,0.029871452061524906,0.06732700765132904,0.06618314925581217,0.031245972216129302,0.050932121463119984,0.037510550441220404,0.02524703606031835,0.0170569706329843,0.039731927961111066,0.07026486137270549,0.051662294566631316,0.05678308457136154,0.4561835706233978
2022-10-05,0.029520109041186515,0.06817350387573243,0.06643932145088911,0.031698677130043505,0.05029464811086655,0.03704763543792069,0.024972886918112634,0.016942491786903702,0.038753160275518894,0.0704681467710424,0.05170979555696249,0.05753571391105652,0.45644391775131227
2022-10-06,0.029477291409148166,0.06778923906385899,0.06557414885610342,0.03105606008321047,0.05036962367594242,0.03674512701109052,0.02512583965435624,0.017809442602447233,0.03779562492854893,0.07091049890334648,0.05333640407770872,0.05755155980587005,0.4564591646194458
2022-10-07,0.02865979803773371,0.06729314588010311,0.0656319884583354,0.029911581613123416,0.0505615608766675,0.036533825332298875,0.025121120270341635,0.01768792130314978,0.037170780124142766,0.071994576994269,0.05522218309342861,0.05795232802629471,0.4562591791152954
2022-10-10,0.027933095333719394,0.06700851619243622,0.06494988948106765,0.029341293126344682,0.04904993735253811,0.03682957910932601,0.024833552073687315,0.01807087254273938,0.03745502675883472,0.07125823093087949,0.0600097150541842,0.0575278677046299,0.45573241710662843
2022-10-11,0.028023971551829164,0.0674084085971117,0.0656488761305809,0.029394545406103135,0.04781115632504225,0.036880711233243345,0.02524590827524662,0.018747720087412746,0.03747407705523074,0.0686490965126854,0.06232583532109857,0.05689929500222206,0.45549039244651796
2022-10-12,0.028019346759811013,0.06839068681001663,0.06772942822426557,0.02905735094100237,0.04581972137093544,0.036667790310457346,0.025517802638933062,0.018796942941844464,0.03773140879347921,0.06788982189521153,0.06213455321267247,0.056989749521017076,0.45525538325309756
2022-10-13,0.02784742563053442,0.0691779214888811,0.06897553000599146,0.028879086300730706,0.044846429489552975,0.03621574793942273,0.025716218166053295,0.018675919294764753,0.037576561141759154,0.06737442575287336,0.06203882237896323,0.05640455335378647,0.456271356344223
2022-10-14,0.028255950033053524,0.06973033249378205,0.07000729087740183,0.029075077176094054,0.04417222812771797,0.03550482038408518,0.02619484351016581,0.018410621598013675,0.036702467547729614,0.06613275298479789,0.06239368440583348,0.056928520649671556,0.45649142265319825
2022-10-17,0.02825271354167853,0.06975900493562222,0.07012628093361854,0.02925958950072527,0.044632421992719176,0.03600713857449591,0.02635090807452798,0.01875935291463975,0.036862422106787564,0.06542582326544313,0.06209717271849513,0.056796129792928696,0.45567103624343874
2022-10-18,0.02848369243038178,0.07086636275053024,0.07018572892993688,0.029371432773768903,0.04464220479130745,0.03525988832116127,0.027141375234350562,0.018780263626831585,0.0361788195092231,0.06546351128229375,0.06018859827890992,0.057362490147352216,0.4560756266117096
2022-10-19,0.028840732710978045,0.07114764712750912,0.07002110723406077,0.029609904438257218,0.04425565674901009,0.03479472124017775,0.02826827154494822,0.01840351697464939,0.03596727102994919,0.06632677430381709,0.05752910450100899,0.057456177473068235,0.45737913250923157
2022-10-20,0.02970753160057029,0.07053109034895896,0.06943681966513396,0.02988996636122465,0.043304259143769744,0.035143194766715166,0.029127930011600255,0.018732803655439056,0.03696865020319819,0.06532386059936321,0.05846884101629257,0.0573063351213932,0.4560586929321289
2022-10-21,0.029408666529479887,0.06965318992733956,0.06787639874964953,0.03031635321676731,0.043513414822518824,0.03490265388973057,0.029927579686045647,0.01959849622217007,0.03736726487986743,0.06531316600705424,0.05862339213490486,0.056695768237113954,0.45680366158485414
2022-10-24,0.029608629404492603,0.07033134549856186,0.06711248271167278,0.03077986240386963,0.04338223356753588,0.03428348507732153,0.031115270825102924,0.019628172239754348,0.037137746997177604,0.06479632670634601,0.05777761563658714,0.056791657209396364,0.4572551786899567
2022-10-25,0.030372834548506943,0.07134053707122803,0.06736921221017837,0.03146091122180224,0.03890555910766125,0.0339862079359591,0.032143462589010595,0.019440294298692606,0.03717577047646046,0.06428746396898113,0.058626627549529076,0.05720925629138947,0.4576818645000458
2022-10-26,0.030816503992537037,0.07260032743215561,0.06730790361762047,0.03198809344321489,0.03681681845337152,0.033680274803191426,0.03213808136060834,0.01918197767517995,0.03651954345405102,0.0647001009854506,0.05903742611408234,0.058185113966464995,0.45702784657478335
2022-10-27,0.030141645057301502,0.07414151579141617,0.06757531724870205,0.03278141692280769,0.03573580235242844,0.03346895994618535,0.031163770146667956,0.018489815517386887,0.03582781450822949,0.065569908579279,0.060425885021686554,0.05763484165072441,0.457043331861496
2022-10-28,0.029588303899208766,0.07618767470121383,0.06835532821714878,0.03230964317917824,0.03401433154940605,0.033631588285788896,0.029877130035310985,0.017655225103953853,0.035740784974768756,0.06599112490614249,0.06133296731859446,0.057663390040397645,0.4576524913311005
2022-10-31,0.0299179458830622,0.07737575694918633,0.07066442407667636,0.03302186094224453,0.032793313078582284,0.03340992610901594,0.02902740500867367,0.016913450221181847,0.035603938577696684,0.06519906563879818,0.059663732349872586,0.058962097764015196,0.45744707584381106
2022-11-01,0.02948579486546805,0.07674992643296719,0.07309714592993259,0.032843629084527495,0.03264193870127201,0.03332466073334217,0.028219016594812275,0.017242343802354298,0.03620582665316761,0.06433539427860477,0.05908441990613937,0.05954386368393898,0.45722601413726804
2022-11-02,0.028540041641736024,0.07660859674215317,0.07473909929394722,0.03299374263733625,0.03281884100288153,0.03305958155542612,0.027724463772028685,0.01677734004915692,0.036234519770368935,0.06377679445216469,0.05905314274132252,0.06004258841276169,0.45763126015663147
2022-11-03,0.027602119081166165,0.07620753012597561,0.07327791322022677,0.032765630073845385,0.03387856427580118,0.033620292972773316,0.026817562896758317,0.016458525403868406,0.03721219333820045,0.06351841573960311,0.06296431422233581,0.06004156619310379,0.4556353688240051
2022-11-04,0.026321210898640857,0.07656368687748909,0.07210526075214148,0.03209976013749838,0.03510945476591587,0.03328539379872382,0.026230823528021575,0.01623635260621086,0.03734585591591895,0.0632050175007329,0.06503479741513729,0.05976447239518166,0.4566979169845581
2022-11-07,0.025778501700142443,0.07652867399156094,0.0723002202808857,0.032245350815355775,0.036133339256048204,0.03258064775727689,0.027154587768018247,0.0159728209633613,0.03682966330088675,0.0620265264533737,0.0660741614177823,0.06023938357830048,0.45613611936569215
2022-11-08,0.02571201772079803,0.07598206102848053,0.07278658449649811,0.0322133207693696,0.03656431138515472,0.03222966105677187,0.02815166893415153,0.01655249021423515,0.03654416101053357,0.060366169076940146,0.06503728535026312,0.06076432392001152,0.45709596276283265
2022-11-09,0.025859219710423532,0.0755679752677679,0.07341194562613965,0.032859649322926995,0.03752148635685444,0.032282924838364126,0.028794620605185627,0.016617538782884366,0.035952408565208316,0.05932743377520015,0.06253575067967176,0.06190890669822693,0.4573601484298706
2022-11-10,0.025461881136880037,0.07649681270122528,0.07263949234038591,0.03335244711488485,0.03813256863504648,0.033307047374546525,0.028501623775810003,0.016017686648410745,0.037139645451679824,0.05898775572781538,0.06075411587953568,0.06315015926957131,0.45605876445770266
2022-11-11,0.02579830334325379,0.07837509587407113,0.07281743865460158,0.03401174563914537,0.038056695647537706,0.033535533398389814,0.028077163733541965,0.015483379011857323,0.036633147345855835,0.05836873766456137,0.05821372643113136,0.0657513827085495,0.45487765073776243
2022-11-14,0.02585350597246361,0.07883096858859062,0.07195091396570205,0.03426505140960216,0.038399758748710155,0.033645993657410146,0.027899206150323153,0.01535393173689954,0.0363025569356978,0.05874526767112283,0.057949861884117125,0.06606159210205079,0.45474141240119936
2022-11-15,0.02587679042685522,0.07765360660851002,0.07114606015384198,0.03440304435789585,0.039236268401145934,0.03449112842790782,0.02763673565350473,0.015421542510739527,0.0364882652182132,0.06045436672605327,0.05635100863873958,0.0661243550479412,0.45471683144569397
2022-11-16,0.025925370482900688,0.07743255868554115,0.07088042125105858,0.03457155618816614,0.03970253374427557,0.034805117873474956,0.0274795301258564,0.014962398726493121,0.03602611003443599,0.061460015567826785,0.05552741289138794,0.06644688323140144,0.4547801077365875
2022-11-17,0.02595048043024235,0.07849004939198494,0.06971091479063034,0.035590121522545815,0.03889945764094591,0.03589787702076137,0.026954850554466246,0.014101266287616454,0.03596435808576644,0.06302104630261898,0.05471808351576328,0.0661942295730114,0.45450727343559266
2022-11-18,0.02626864285089141,0.07825768440961837,0.0693355679512024,0.03689813558012247,0.03950825501233339,0.03596304547972977,0.026021161302924155,0.013865021840319968,0.03617589976638556,0.06359508893714275,0.053043483197689055,0.06589658111333847,0.45517144203186033
2022-11-21,0.02667900955618734,0.07795223519206047,0.0698540423065424,0.03790560122579336,0.03915878143161535,0.03603386851027608,0.025631509255617857,0.013552596713998355,0.03602763502858579,0.06346160433779886,0.05210040993988514,0.06619657278060913,0.4554461300373077
2022-11-22,0.02692670880383048,0.07882983461022378,0.0699707418680191,0.038048213720321654,0.03790119346231222,0.03644836130551994,0.025326312705874442,0.01319156370300334,0.0357515896204859,0.06349721066453266,0.051989645883440974,0.06666953638195991,0.4554490804672241
2022-11-23,0.02721780966840015,0.078942658752203,0.07045813426375389,0.03827687259763479,0.0367796016857028,0.03654408203437924,0.024948442075401544,0.01280981512973085,0.03536104392260313,0.0640091579580833,0.0520378690212965,0.06729866787791253,0.4553158402442932
2022-11-25,0.02765465269553715,0.07855252772569657,0.07118496708571911,0.03863939233124256,0.03633078634738922,0.036650187848135826,0.02441306309774518,0.012417674864991568,0.035135110327973965,0.06460443699605829,0.0504850547760725,0.06809478849172593,0.4558373689651489
2022-11-28,0.028012239364807102,0.07773534506559372,0.07223147414624691,0.039004160277545455,0.03542201742529869,0.03650913429446519,0.023704536072909833,0.01195472193940077,0.03517272183671594,0.06487499736643709,0.04967571385204792,0.06923466250300407,0.456468266248703
2022-11-29,0.027349842295006966,0.07776857763528824,0.07135448530316353,0.03891798481345177,0.036677238531410694,0.03747958522289992,0.023292031604796648,0.012223912065383046,0.03670599986799061,0.06525727991213923,0.05013672597706318,0.06819936707615852,0.45463696122169495
2022-11-30,0.026791866619123538,0.07715824916958809,0.0709907904267311,0.03894262034446001,0.037494977563619615,0.03690505824051797,0.023144297953695058,0.012609605130273848,0.03692513955757022,0.06583255491401303,0.05043257474899292,0.06731654331088066,0.45545569658279417
2022-12-01,0.02653739635504735,0.07813453525304795,0.07069592364132404,0.038944676890969275,0.03760519502684474,0.03631356838159263,0.023342213593423367,0.01269397666619625,0.03646363001316786,0.06691006983621613,0.05074134729802608,0.06676484942436219,0.45485260486602785
2022-12-02,0.026340204414327672,0.07693322822451591,0.07055232599377632,0.03949315343052149,0.037328657880425456,0.03649102167692035,0.023751031048595904,0.012999879207927733,0.03629986220039427,0.06746311078546921,0.0509742122143507,0.06654907017946243,0.45482426285743716
2022-12-05,0.026302926608536836,0.07614422664046287,0.07137317135930062,0.039734876900911334,0.037549189291894436,0.03677262803539634,0.023638044390827416,0.012982401839690284,0.03617593855597079,0.06703791581990011,0.05096210390329361,0.06638833731412888,0.4549382388591766
2022-12-06,0.026131290145576712,0.0758341982960701,0.0709135390818119,0.040699275210499763,0.03953843917697668,0.037294023274444046,0.023183546401560305,0.012885890054167248,0.03732896032743156,0.06531624241997047,0.05100497305393219,0.06609177738428115,0.4537778377532959
2022-12-07,0.025106490578355078,0.07682432383298873,0.06983181014657021,0.04156931731849909,0.04113278510048986,0.03801639601588249,0.023035761434584856,0.012267323074047454,0.03780016861855984,0.06477770691139284,0.050359958037734034,0.0653243288397789,0.45395362973213194
2022-12-08,0.024491323147935874,0.07729973793029785,0.06915014758706092,0.04224455961957574,0.04136363286525011,0.0386345783714205,0.02306985277682543,0.011953772191191092,0.037973300321027637,0.06444175205356135,0.05011082962155342,0.06513685658574105,0.45412967801094056
2022-12-09,0.024198355467024157,0.07714278325438499,0.06895316615700722,0.04278684128075838,0.04190471628680825,0.038040319550782443,0.02287116162478924,0.011840810024295934,0.03763975603505969,0.06406741627722638,0.05007598213851452,0.0653512455523014,0.45512743592262267
2022-12-12,0.023466159247345787,0.07578733786940575,0.067225132137537,0.04422802003100514,0.04213655302301049,0.037347958865575494,0.023028553277254105,0.012611938090412878,0.03738539824262262,0.0647354658589073,0.05048558823764324,0.06567457392811775,0.45588732361793516
2022-12-13,0.023279212105012447,0.07498636841773987,0.06718541607260704,0.045267561357468365,0.04163982942700386,0.03680784464813769,0.023118143808096646,0.012836521383724176,0.037290856102481486,0.06354704247399585,0.05145353637635708,0.06686282008886338,0.4557248532772064
2022-12-14,0.023165358026858485,0.07448397725820541,0.06764058358967304,0.045941853523254396,0.040855991281569005,0.03615547115914523,0.022964874934405088,0.012846009316854179,0.03725295215845108,0.06269892424030647,0.052253208681941034,0.06807200461626053,0.45566877722740173
2022-12-15,0.02259765298185812,0.07456196323037148,0.06762793511152268,0.04673944739624858,0.0407403920777142,0.03552696271799505,0.022612154576927425,0.012373485293937846,0.03787483763881028,0.06175379269278096,0.05372048206627369,0.06796332076191902,0.4559075772762299
2022-12-16,0.02228905491540445,0.07563011795282364,0.06803015209734439,0.04499433441087604,0.03987864833325148,0.036788157536648214,0.022814463172107936,0.011319331053528003,0.03957475880160928,0.060346612840443646,0.055888427048921586,0.06921797841787339,0.45322796106338503
2022-12-19,0.021678101510542547,0.07557340785861015,0.06808002963662148,0.043868906982243064,0.04072360871359706,0.037451142247300596,0.02268946673721075,0.010870271074236371,0.04038750412873924,0.060261623191623495,0.056636421009898186,0.06797404736280441,0.4538054585456848
2022-12-20,0.021083839051539145,0.07498813681304455,0.06693039648234844,0.04407762018963694,0.042142280470579864,0.037074590055271986,0.022667555324733257,0.011278932797722518,0.04050093088299036,0.06033593898333702,0.05751379206776619,0.06646721661090851,0.45493876934051514
2022-12-21,0.02073234704312199,0.07427016124129296,0.06693855449557304,0.044371640961617234,0.04280858756974339,0.036125236947555095,0.022703476995229722,0.012139083180227318,0.04026862708851695,0.05997880957623227,0.05844501554965973,0.06559342667460441,0.45562503337860105
2022-12-22,0.020604145606148448,0.07374530993402004,0.06730774566531181,0.0444376946426928,0.0431755056604743,0.035349622392095624,0.022724448051303626,0.012540173021261581,0.039886228693649176,0.05948969835607887,0.059575413912534715,0.06565383076667786,0.4555101454257965
2022-12-23,0.02002018737923663,0.07457404397428036,0.06674910336732864,0.04485423276200891,0.04441959364339709,0.03511552650015801,0.02263489831238985,0.012302606852608733,0.04068171950057149,0.05795463669957286,0.05992653518915177,0.0658846490085125,0.4548822581768036
2022-12-27,0.019786801109421503,0.07454614415764808,0.06683443412184716,0.0451736050657928,0.044592694099992516,0.033774593472480775,0.022543748561292886,0.01236747091752477,0.040363887418061496,0.05714843240063168,0.06037917211651802,0.06643996983766556,0.45604904294013976
2022-12-28,0.0194857970063822,0.07424229085445404,0.06577373184263706,0.04604143877513707,0.045555096585303545,0.032213975489139554,0.022561305854469537,0.012943813757738098,0.04023229107260704,0.05684907994684476,0.060686679929494856,0.06661771163344384,0.4567967653274536
2022-12-29,0.019199253303554542,0.07375156842172145,0.06549122594296933,0.04663871712982655,0.0457727799192071,0.03170106781180948,0.02252034517005086,0.012909612609655596,0.040611563296988604,0.05826766375805441,0.06154107265174389,0.066231369972229,0.4553637742996216
2022-12-30,0.019082944394097013,0.07325767949223519,0.06566976606845856,0.04679280091077089,0.04554805364459753,0.030646400083787738,0.02244709888473153,0.012742817439720966,0.0404615793377161,0.05947583353361789,0.06173406876623631,0.06669616848230361,0.45544481873512266
2023-01-03,0.019230306458848646,0.07213435843586921,0.0658672258257866,0.04517204421572387,0.04337248122319579,0.029922794294543566,0.02265761331655085,0.013376259832875803,0.04040142041631043,0.06156240961077675,0.06382137984037399,0.06650703698396683,0.45597465634346007
2023-01-04,0.019304734628394726,0.07173199579119682,0.06644022762775421,0.04535901355557144,0.0433891050517559,0.029585969168692827,0.022344730189070107,0.013399724281043746,0.03994819198269397,0.06369599139455069,0.06188619956374168,0.06729164347052574,0.45562246441841125
2023-01-05,0.019562379480623802,0.07142583765089512,0.06753967851400375,0.04545551515184343,0.04315452072769403,0.029306240426376463,0.02183880307711661,0.013118061545537785,0.039340802608057855,0.06552926636520003,0.059347834438085556,0.0678371362388134,0.4565439343452454
2023-01-06,0.019429459293553462,0.07250844426453114,0.06842724867165088,0.045440737158060074,0.04475194690749049,0.03010114070493728,0.021581554878503086,0.012540269302553498,0.039702533092349765,0.06489210394313857,0.05909949727356434,0.06658059135079383,0.45494447350502015
2023-01-09,0.019519202964215766,0.07262356467545032,0.0695147592574358,0.04517886391840875,0.0451161602512002,0.030490845441818237,0.02161415684968233,0.01229565857211128,0.039688760554417966,0.06460909587278038,0.05848983377218246,0.06602441519498825,0.4548346698284149
2023-01-10,0.019400602923565203,0.07241627648472786,0.07014535367488861,0.044758410891518,0.04514340637251735,0.031080650514923036,0.021933490969240667,0.012277723400620744,0.03981814938597381,0.06410159287549462,0.058203349635004994,0.0649685837328434,0.45575242042541503
2023-01-11,0.01963888051087679,0.07216051258146763,0.07134688608348369,0.04456680919975042,0.04515581401064992,0.030673911527264862,0.022357251774519683,0.012426240163040347,0.039665797352790834,0.06360644363283097,0.057591299340128896,0.06425821259617806,0.45655192732810973
2023-01-12,0.019974573222850723,0.07256533801555634,0.0728783093392849,0.04451101082377136,0.04472696874290705,0.03047414436005056,0.022551132645457984,0.012399817159166559,0.039290212700143455,0.06334164628390031,0.0578627061098814,0.06413566842675208,0.45528845191001893
2023-01-13,0.02026025399243281,0.0731050793081522,0.07400702610611916,0.04431061097420752,0.04384049708023667,0.03037212820490822,0.022413355764001608,0.012381719081895426,0.03908052695915103,0.06308709497158294,0.05816459655761719,0.06365160420536994,0.45532551407814026
2023-01-17,0.020607885029653515,0.07406501658260822,0.07511712238192558,0.044071694789454344,0.043078907672315835,0.029708745202515274,0.021950229816138745,0.012508670357055962,0.038599623879417774,0.06250568294120332,0.05903892330825329,0.062319953739643094,0.4564275562763214
2023-01-18,0.020979748170645962,0.07499166280031204,0.07643389590084552,0.044352902378886935,0.04192509539425373,0.029129531397484244,0.021619171276688574,0.012811457455973141,0.038343142811208965,0.060826709521785996,0.06029501520097256,0.062142344564199446,0.45614929795265197
2023-01-19,0.02000940654262422,0.0765548050403595,0.0760608397424221,0.04617082811892033,0.04244900848716497,0.029597479721996934,0.021184737887233497,0.01261912994668819,0.038415315002202986,0.061511902863901825,0.06153818406164646,0.06152142286300659,0.4523669481277466
2023-01-20,0.019245191170386988,0.07838194631040096,0.07556214407086373,0.04782300596125424,0.04347857031971216,0.02963598583592102,0.020506056491285563,0.01234466020250693,0.03884724173694849,0.061905303202513015,0.06347589306533337,0.061192385852336884,0.4476016104221344
2023-01-23,0.019109404484333938,0.0779880490154028,0.07579169757664203,0.04935758737847209,0.04407890699803829,0.029314588068518787,0.02086067511700094,0.012787176373240072,0.0383498921059072,0.061883745714401604,0.0651761308312416,0.06156231090426445,0.44373982548713686
2023-01-24,0.02018056198796785,0.08164637312293052,0.07970458380877972,0.05268120295368135,0.04642891641706228,0.030864533968269825,0.022404621215537192,0.01408562624710612,0.03978978809900582,0.06499640542288816,0.07002123296260834,0.0650717243552208,0.41212441921234133
2023-01-25,0.024212256863575022,0.09458844363689423,0.09384302347898484,0.06371573973447084,0.05539934849366546,0.03725832748459652,0.02675742725841701,0.016796348415664398,0.0467777724377811,0.07732745555336837,0.08347382172942161,0.0777726337313652,0.3020774066448212
2023-01-26,0.027756660845295756,0.10465220361948013,0.1050980795174837,0.0727816142141819,0.062238264549523595,0.041715287009719756,0.02977547710761428,0.01827348103688564,0.05203794538974762,0.08678837726544124,0.09411515519022942,0.0877010777592659,0.21706637144088745
2023-01-27,0.02949910423677693,0.10709584653377532,0.10826443508267403,0.07519835317507387,0.0638952288776636,0.04202956708613783,0.03014822844415903,0.01765322847641073,0.05302783832885325,0.08567949990186356,0.09685082510113716,0.09099127054214477,0.19966657757759093
2023-01-30,0.030741954401776184,0.10717071071267129,0.110507657751441,0.075766615383327,0.06348782945424318,0.04132140229921788,0.029847609903663398,0.01714108397718519,0.05324691724963486,0.0851778700612856,0.09588968604803086,0.09257593601942063,0.1971247225999832
2023-01-31,0.029965694333270676,0.1060139924287796,0.10921968556940556,0.07677132259123028,0.05967321861535311,0.039867748029064384,0.028435251489281655,0.016265001019928605,0.05389764895662665,0.08530804998751958,0.09391148164868354,0.09042934775352478,0.21024155914783477
2023-02-01,0.028915548610905263,0.10184976607561111,0.10435034409165382,0.07458603968843817,0.05499189365655184,0.03716944353654981,0.02710257302969694,0.015014538625837303,0.052082829922437665,0.08331343491066309,0.08951645568013192,0.0870691955089569,0.2440379172563553
2023-02-02,0.028442056508652058,0.09753422886133194,0.10086742229759693,0.07316458085551858,0.05235729217529297,0.03532789607997984,0.026115353871136903,0.014162807451793925,0.050399062829092144,0.08153289442314655,0.08448056057095528,0.08475536406040192,0.2708605110645294
2023-02-03,0.03130571235496973,0.10338934808969498,0.1068836074322462,0.07888624556362629,0.05420659892261028,0.03693662500008941,0.027727004233747722,0.014280987257370726,0.05326590999029577,0.08102017867886016,0.08809837698936462,0.09064100086688995,0.23335839211940765
2023-02-06,0.0225581847527792,0.07216695994138718,0.07854663021862507,0.05802714631427079,0.038162175100296736,0.026134134421590717,0.020413417462259532,0.010342159138235728,0.03863917565904558,0.055324503363357994,0.06165417693555355,0.06451864764094353,0.45351269841194153
2023-02-07,0.023121599412900196,0.07184409722685814,0.07919761072844267,0.05800498418975621,0.03733800053596496,0.026221671106759457,0.02097356617450714,0.010892898935708217,0.03972681127488613,0.053808428750105365,0.06133898310363293,0.06476440131664277,0.4527669489383698
2023-02-08,0.023634774424044734,0.07193684354424476,0.08039872869849204,0.05792238612193614,0.036751684825867416,0.025896021537482737,0.021791831590235233,0.011424881842685863,0.0400820670183748,0.05221226255324503,0.06032958701252937,0.06462468951940536,0.45299423933029176
2023-02-09,0.023131168620511743,0.07299023270606994,0.07916041035205126,0.0580287491902709,0.037651248089969155,0.0259629174368456,0.02229267074726522,0.011431141935463528,0.04094424790237099,0.05129420567824976,0.05984105356037617,0.0646855503320694,0.4525864005088806
2023-02-10,0.02257319160831912,0.0725883275270462,0.07691262140870095,0.05972558259963989,0.03961344975978136,0.025750768114812674,0.02265038127079606,0.012007723566784988,0.04158010412938893,0.04976480712309943,0.05915850549936295,0.06393265798687935,0.45374184250831606
2023-02-13,0.022522472973594176,0.07210515514016151,0.07618198096752167,0.06018581377575174,0.03976910365745425,0.0255951912375167,0.023414318449795246,0.013009494912694208,0.04271974894218147,0.049425633215358825,0.05992509461939335,0.06428721249103546,0.45085878372192384
2023-02-14,0.02258492052991414,0.07137547135353088,0.07566230930387974,0.06037538743112236,0.04030061112716794,0.02529265385819599,0.02407085825689137,0.013509120943490415,0.04308338935952634,0.049017467319151464,0.060513528808951375,0.06484268233180046,0.44937160015106203
2023-02-15,0.023687405852672327,0.07364469841122627,0.07841193228960038,0.06302312578773125,0.04241156410425902,0.026652195455972104,0.025715472036972643,0.014923736789205578,0.04527919378597289,0.05126932942327134,0.06468905434012413,0.06709984615445137,0.4231924295425415
2023-02-16,0.027939191369932816,0.0829733893275261,0.09005514793097973,0.072217679140158,0.048205241281539205,0.030750354076735674,0.029876905400305985,0.018108740824391133,0.05132019999437034,0.05702057410267578,0.07388850003480911,0.07717915922403336,0.34046491980552673
2023-02-17,0.026645656325456457,0.08204610720276832,0.08872216865420342,0.07299221018329263,0.04967262800782919,0.030006852035876365,0.0300441415514797,0.01900635244237492,0.05175930727273226,0.05670056541508117,0.07394565492868424,0.07573335319757461,0.34272502064704896
2023-02-21,0.030637934281492106,0.09455834850668907,0.10358453802764415,0.08637422127649189,0.05680521372705698,0.03445064967963844,0.03472628146409988,0.022328285209368914,0.05976807228289545,0.06671469565541663,0.08492350280284881,0.08694534227252007,0.23818292915821077
2023-02-22,0.021254786664587754,0.06757627464830876,0.07274121772497892,0.06257368022343143,0.04176669912412763,0.02452777683502063,0.025570025853812694,0.01614608107774984,0.04298538970761001,0.04967682244964653,0.06267491281032563,0.061580867320299146,0.450925475358963
2023-02-23,0.02167488093909924,0.07009085193276406,0.07508352473378181,0.06407753265229985,0.04365058122202754,0.025595197360962628,0.026481063989922404,0.016631737558782334,0.0445152326952666,0.05191063392697739,0.06418646946549415,0.06254967749118805,0.433552622795105
2023-02-24,0.021404877907195898,0.06966669484972954,0.0747158270329237,0.06378387624863535,0.04413942843675613,0.025652863283175974,0.02633170965127647,0.016264544710429617,0.044075037934817374,0.05295431422897216,0.0640513263642788,0.06242032498121262,0.4345391809940338
2023-02-27,0.02054131823613261,0.06720702201128007,0.07337338421493769,0.05933967274613679,0.04161910638213158,0.024952095525804907,0.025253672525286673,0.01559145236024051,0.04230687271337956,0.05285491081945235,0.06399080157279968,0.059615745395421985,0.45335394740104673
2023-02-28,0.02034204696192319,0.06771439462900161,0.07397248037159443,0.057450217858422546,0.04087557224556804,0.025229573820251972,0.025440860912203787,0.015617657909024274,0.0423509415006265,0.05402072031274123,0.06540852263569832,0.059454068541526794,0.4521229565143585
2023-03-01,0.020508142668734308,0.06911612302064896,0.0764335473999381,0.0553941810852848,0.04047154942527413,0.026177742076106368,0.02611843217164278,0.015976456218049863,0.04369769494514912,0.05599064566089087,0.0674899585545063,0.06062508672475815,0.4420004367828369
2023-03-02,0.0222306206918347,0.07476917803287506,0.08484382927417755,0.059313982317689806,0.04426342630758882,0.028960392076987772,0.028569223498925565,0.018337135660840432,0.04745277245528996,0.061869942884321995,0.07426178157329559,0.0644015297293663,0.39072620272636416
2023-03-03,0.026676262767966818,0.08685785755515099,0.10147265773266553,0.06912681818939745,0.05209903689101338,0.03476043799892068,0.033742721239104864,0.021856285889953142,0.05469682705588639,0.07408065194489222,0.08701800554990768,0.07498260214924812,0.2826298475265503
2023-03-06,0.020454029334905498,0.06578881628811359,0.07988841589540244,0.051943288650363684,0.03964828066527844,0.025946061604190617,0.025645794812589884,0.016272260496771197,0.039868380036205055,0.057758956774430284,0.06697063371539116,0.05780223086476326,0.45201284885406495
2023-03-07,0.021133356156542504,0.06629371419548988,0.07784676887094974,0.05177701791981235,0.04027967760339379,0.026144123636186123,0.02539138151332736,0.016412853889050893,0.03939897383097559,0.058378728149519256,0.06811875104904175,0.05829998999834061,0.45052465200424197
2023-03-08,0.021157430841697078,0.06675737723708153,0.07929764427244664,0.050559515575878324,0.041413376480340956,0.025973223405890165,0.02460134415887296,0.015534617665980476,0.039867025217972696,0.05691268711982254,0.0679915688931942,0.057864322513341906,0.4520698547363281
2023-03-09,0.02123734347824211,0.06762725636363029,0.0801753405481577,0.04954341674456373,0.04198322435840964,0.025897999841254203,0.024355102237313984,0.015235984008177184,0.040502628521062435,0.05594522025279005,0.06695178896188736,0.05789673030376434,0.4526479423046112
2023-03-10,0.020801588967913176,0.06867918744683266,0.07852996215224266,0.05024845991283655,0.040941447298973796,0.02641542742494494,0.024076563818380237,0.014289146041119239,0.04117897814139724,0.05709794939641757,0.06690749078989029,0.05719765722751617,0.45363615155220033
2023-03-13,0.020263540831854242,0.07032365798950195,0.07640596348792314,0.04958137052599341,0.04151626126840711,0.028025056654587387,0.024188158847391606,0.013701799081172795,0.041426106146536766,0.05788785107569261,0.06860618963837624,0.05684670507907867,0.45122736096382143
2023-03-14,0.020599213074012822,0.07364559918642044,0.07609348110854626,0.04993051394121721,0.04341736435890198,0.030206942569930107,0.02459182506427169,0.013509828856331296,0.04342063416261226,0.05928367126132113,0.07065079063177108,0.05849229097366333,0.4361578285694122
2023-03-15,0.022634462929329403,0.07968334332108498,0.0807753274217248,0.05452616203110665,0.047989231534302235,0.03349757682299241,0.026911533530801536,0.014336463381914655,0.04651993655133992,0.06322241561267976,0.07480970025062561,0.06301274299621581,0.39208109974861144
2023-03-16,0.02634163617390186,0.0910449393093586,0.09003339577466249,0.05835754876025021,0.05395080242305994,0.04054933104198426,0.03069991832599044,0.015759677642199675,0.05308352624997496,0.07584282911792091,0.08393062204122544,0.07239835485816001,0.3080074369907379
2023-03-17,0.02857903225312839,0.09707980379462242,0.09355430416762829,0.05932495221495628,0.057209845259785654,0.0436968217138201,0.03193633696064353,0.016156470133864786,0.05468465648591518,0.0825497255668722,0.08819469064474106,0.0766489028930664,0.2703844368457794
2023-03-20,0.03034486035654709,0.10427156835794449,0.09778594374656677,0.06057093797717243,0.06250253599137068,0.048953717155382034,0.03397365026175976,0.01630470526579302,0.05936706818174571,0.09159293867289424,0.09495568498969079,0.08161527216434479,0.217761093378067
2023-03-21,0.031510066461760286,0.10869315713644027,0.09807889498770236,0.059833425912074745,0.06461430732160807,0.05032540351385251,0.03416635235771537,0.0163242844020715,0.06057393613737076,0.09413645207827788,0.09669312909245491,0.08360740914940834,0.20144316256046296
2023-03-22,0.03310429919921489,0.11315801590681077,0.09737705402076244,0.059368982608430085,0.06671479810029268,0.051029962743632494,0.034455705992877485,0.01591530069708824,0.06006250425707549,0.0883008542492636,0.09799466356635093,0.08421712443232536,0.19830072224140166
2023-03-23,0.03218994264066168,0.11476383209228516,0.09458337910473347,0.0597840171540156,0.07044714335352183,0.05278346799314022,0.03417498217895627,0.01496975780755747,0.05874863548669964,0.08667283095173257,0.10038210451602936,0.08277816101908683,0.1977217435836792
2023-03-24,0.03219194483029923,0.11640051007270813,0.09222474806010723,0.060195598448626694,0.07351649180054665,0.05320001889485866,0.03377892216667533,0.01423036752094049,0.05844724799972027,0.08493501064326274,0.10153424590826035,0.08213639482855797,0.19720851480960847
2023-03-27,0.03289953829038268,0.11831603050231934,0.09140135757625104,0.06069491028320044,0.07528993543237447,0.053208067367086186,0.033935715816915034,0.013787791001959704,0.058436978072859344,0.07966272068428921,0.10391564667224884,0.08126624897122384,0.1971850574016571
2023-03-28,0.03399103507751988,0.11845164895057678,0.09020894505083561,0.0628214499214664,0.07650900036096572,0.05329005198436789,0.034964817389845845,0.01518717909057159,0.05753737718332559,0.07519769510211738,0.10541415512561798,0.07903203964233399,0.19739462733268737
2023-03-29,0.03461115050524768,0.11883759200572967,0.0893174272030592,0.06400400188285857,0.07807623688131571,0.0533197176118847,0.035514007322490215,0.01596095422573853,0.056314312294125556,0.07267976848339792,0.10659355074167251,0.07759771049022675,0.1971735715866089
2023-03-30,0.0355875642590604,0.11974654644727707,0.09084363542497158,0.06514631342142821,0.07796055562794209,0.05198907982558012,0.035595695953816175,0.0161030724295415,0.05557954758405685,0.07013135170063337,0.10645816326141358,0.07723594382405281,0.19762254059314727
2023-03-31,0.036528234761499336,0.12040000110864639,0.09193819649517536,0.06563163539394737,0.07761476375162601,0.05009932245593518,0.035634665936231616,0.016128036149893887,0.05509216061327606,0.06864618717054664,0.10739309191703797,0.07728496864438057,0.19760874807834625
2023-04-03,0.03750715945535603,0.12102845013141632,0.093826849386096,0.06604989403858781,0.07615554891526699,0.04787554686190561,0.03509125178679824,0.016019475946086457,0.05474575532134622,0.0667009894348082,0.10810814648866654,0.07770009189844132,0.19919086396694183
2023-04-04,0.03871802776390041,0.12167932987213134,0.09520882628858089,0.06711226396728306,0.0757674815133214,0.04642754204687662,0.03496966483071447,0.015990027530642693,0.05502238883636892,0.06664786145462483,0.10882546454668045,0.07702089101076126,0.19661020934581758
2023-04-05,0.03909760510344995,0.12242839187383651,0.09276358261704445,0.06846914808265865,0.07630856651812792,0.045441763376584274,0.034962094761431216,0.01560467307572253,0.05600306950509548,0.06622069281210496,0.10935593247413636,0.07700693160295487,0.1963375210762024
2023-04-06,0.03997337961792482,0.12250952869653702,0.09025962352752685,0.06845720242708922,0.07604457400739192,0.04445005423040129,0.035067899990826844,0.014937254367396235,0.057697777589783075,0.06641422219702342,0.11152354925870896,0.07638362050056458,0.196281298995018
2023-04-10,0.040907490162408064,0.12297290712594985,0.08883511573076248,0.06877375044859946,0.0761063676327467,0.04362647153320722,0.035378731042146686,0.014571781706763431,0.05865635320078581,0.06489737778865017,0.1122905120253563,0.07667014747858047,0.19631302058696748
2023-04-11,0.04198067952004294,0.12225945293903351,0.0877082958817482,0.06913879099301994,0.07620049249380827,0.04430519253946841,0.036164298001676795,0.015395250372239388,0.05782545399852097,0.06285381239138524,0.11297957599163055,0.07668210864067078,0.19650656282901763
2023-04-12,0.042847155188201216,0.1218453124165535,0.08698524609208107,0.06933938849251717,0.07627918999642133,0.04483247864991426,0.03649192871525884,0.01547638475894928,0.0569397164741531,0.061819022106291935,0.11365069001913071,0.0771940141916275,0.19629948139190673
2023-04-13,0.04336857320382705,0.12177738845348358,0.08564902171492576,0.0702638590009883,0.07521876245737076,0.04519354366348125,0.03657586080953479,0.015423227447899989,0.056134449364617464,0.06181779491587118,0.11516117304563522,0.07728920727968216,0.19612714052200317
2023-04-14,0.0441270985226879,0.1209714226424694,0.08614985346794128,0.07079525347799062,0.07483946681022643,0.04463032478815876,0.036946961935609576,0.014969635577290318,0.055835774866864085,0.06148311405662046,0.11543514430522919,0.07756482139229774,0.19625113010406495
2023-04-17,0.04553918251884852,0.11967275440692901,0.08563211411237717,0.07207253891974688,0.07504398114979267,0.04474464096711017,0.0375488723628223,0.015048603212926536,0.05570400538854301,0.057473868898567385,0.11799598038196564,0.07693369463086128,0.19658978283405304
2023-04-18,0.046807494596077956,0.11853413209319115,0.08587976843118668,0.07295713857747614,0.07531633265316487,0.04470635637990199,0.03816380072385073,0.01650269336241763,0.0551919944351539,0.054959203395907784,0.11832815259695054,0.07633393481373787,0.19631896317005157
2023-04-19,0.04784467887932351,0.11881674304604531,0.0855234295129776,0.07384229337330908,0.07478972990065813,0.04444541697157547,0.03861955814063549,0.017216164077399298,0.05491889449767769,0.053431893295645946,0.11931928843259812,0.07512210085988044,0.1961098074913025
2023-04-20,0.049566652527266795,0.11956794410943986,0.08660682067275047,0.07482767589390278,0.07309801559895276,0.04292835568776354,0.0385599092580378,0.018661891261581333,0.05589249737095088,0.052467067657611645,0.11664744764566422,0.07489391714334488,0.1962817907333374
2023-04-21,0.05011615425388527,0.12016137838363647,0.08755325451493264,0.07647315841168165,0.0730899590998888,0.04225654830224812,0.0383838364854455,0.0190662869164953,0.05578283597715199,0.05260959119168884,0.1145973801612854,0.0741450086236,0.19576460719108582
2023-04-24,0.05118523409056479,0.12128795981407166,0.08917062506079673,0.07777160969562828,0.07080428376793861,0.0421619473665487,0.038294771872460845,0.01925238893891219,0.055874150316230956,0.05081332182748177,0.11301847994327545,0.07421174570918083,0.1961534857749939
2023-04-25,0.05191257886324365,0.12187411785125732,0.0905006505548954,0.07818806697614492,0.06910361889749765,0.04256200526142493,0.03825493603944778,0.01930099469027482,0.05608962271362543,0.050417125997304524,0.11186618506908416,0.07386382967233658,0.19606631398200988
2023-04-26,0.05021380042564942,0.12238898575305938,0.0901783287525177,0.0776003641774878,0.06753538586199284,0.043811043089954184,0.03784992666915059,0.018346918834140524,0.056214479450136426,0.0535309364866718,0.11175473630428315,0.07467619627714157,0.19589890241622926
2023-04-27,0.04953441122993354,0.12230954319238663,0.08938739895820617,0.0788782205665484,0.06816376354545355,0.04446091103600338,0.03746771067380905,0.01875157108006533,0.05674987940583378,0.05529225946186624,0.1089555025100708,0.07416606470942497,0.19588277339935303
2023-04-28,0.04913872267527495,0.12022957056760789,0.08935614079236984,0.07938310543540865,0.06806238740682602,0.04486961918009911,0.03787273084744811,0.019635177089367063,0.0560113214654848,0.05743852066964674,0.1072234869003296,0.07418024986982345,0.19659896194934845
2023-05-01,0.0489517452055793,0.11901935189962387,0.08968689665198326,0.07895892676897347,0.06771936044096946,0.0455959172162693,0.03764353124424815,0.019702083014999518,0.055710653122514484,0.05987591702113981,0.10602672249078751,0.07452971264719963,0.19657915830612183
2023-05-02,0.049376094249373635,0.11667749434709548,0.08910387679934502,0.07943804785609246,0.06769954543560744,0.04567553294764366,0.03829977316781878,0.02081755558901932,0.05570756960660219,0.06161588984911166,0.10301445126533508,0.07342691794037819,0.1991472452878952
2023-05-03,0.04838498476983659,0.11735574752092362,0.08897770494222641,0.08029798853676766,0.0698459843173623,0.0465706569084432,0.03721031248569488,0.020111331730731763,0.055891759740188715,0.06507009224893867,0.10078191459178924,0.0735283762216568,0.19597315192222595
2023-05-04,0.04670399601669715,0.11763823479413986,0.08967560678720474,0.08161376861389727,0.07139575537294149,0.046780954420682974,0.0357857215218246,0.019571630033897235,0.05561054311692715,0.0675899106485673,0.09824552983045579,0.07357203736901283,0.19581632316112518
2023-05-05,0.04451805113210412,0.11754041910171509,0.088410122692585,0.08244866388849914,0.07341824863106013,0.04680485868011601,0.0347503911703825,0.01951128268119646,0.0556208873866126,0.06992901371953711,0.09705444425344467,0.07401253432035446,0.19598108232021333
2023-05-08,0.04396120891603914,0.11783876866102219,0.08802253231406212,0.08355576174799353,0.07487840987741948,0.04661045325046871,0.03422207552939653,0.020012657850747927,0.055237707355991005,0.06725083052395693,0.09533179998397827,0.07500092089176177,0.1980768620967865
2023-05-09,0.043749059516972014,0.11735762804746627,0.08695223033428193,0.08444126702379436,0.07595731876790524,0.047107911991770376,0.03458539126440883,0.02163472016545711,0.05520097452681512,0.06706310493437595,0.0942603126168251,0.07497030571103096,0.19671977162361146
2023-05-10,0.043155328377918065,0.11689308136701584,0.08679499626159667,0.08450810754438862,0.0759450163692236,0.04684421831043437,0.03451435826718807,0.022351030437857845,0.05524004080798477,0.06741964718902746,0.09470940977334977,0.07528979033231735,0.19633496403694153
2023-05-11,0.04301566525152793,0.11761431843042373,0.08736144825816154,0.08364102920750156,0.07546512484550476,0.04597519190865569,0.03408567467704415,0.02223172590165632,0.055191041948273775,0.06746926497854258,0.09510324746370316,0.0764347068965435,0.19641158282756804
2023-05-12,0.043862893673383495,0.11934315413236618,0.08786631077528,0.08426447622478009,0.07606836669147014,0.044856622410588895,0.0333287606947124,0.021559871317003855,0.05568326509092003,0.06664834888129398,0.09405389577150344,0.0763090044260025,0.19615502953529357
2023-05-15,0.04479608457085078,0.11920906007289886,0.08864218145608901,0.0850002727820538,0.07352554555982352,0.04445254519669106,0.03249433469027281,0.022502432533656247,0.056115941354073585,0.06694050463405272,0.0931127704679966,0.07628607377409935,0.19692226350307465
2023-05-16,0.045494711351329896,0.11959280222654342,0.08966059088706971,0.0848311415873468,0.07197855841368436,0.04378196405305061,0.032483280869200826,0.02407263697386952,0.05582565716467798,0.06749162632714771,0.09204182550311088,0.07595040649175644,0.19679477512836457
2023-05-17,0.04618542911348413,0.12168970108032226,0.0889692522585392,0.08400805582059548,0.07230350896716117,0.0429340163958841,0.03189792800694704,0.02496483802678995,0.05703167100436986,0.0663605984836984,0.09120319411158562,0.07410094887018204,0.19835085272789002
2023-05-18,0.04686225006490759,0.12440832257270813,0.0885615386068821,0.08350079923402517,0.07204649858176708,0.0417447397718206,0.03164771115407348,0.025424935273622395,0.057488161325454715,0.06632099262894861,0.09091562777757645,0.07375295981764793,0.19732544124126433
2023-05-19,0.048407925218270975,0.12695287466049193,0.08877040296792985,0.08394540649605915,0.07139499485492706,0.041368311995756815,0.031734127271920445,0.0263479382811056,0.05716796540655196,0.06423647980095488,0.08995718657970428,0.07299627438187599,0.1967201203107834
2023-05-22,0.049330239671644446,0.1280087038874626,0.08786130845546722,0.08433393257437274,0.0711936118081212,0.04064230679941829,0.03209566869772971,0.026569294495129726,0.05712984499987215,0.06343721279232764,0.09009829759597779,0.07261831313371658,0.19668125212192536
2023-05-23,0.04993538905366677,0.1298601061105728,0.0877720832824707,0.08365317109273747,0.0711466420441866,0.03903910997032654,0.03256207122467458,0.02641267461294774,0.05748437931761145,0.06253116327049639,0.09025404751300811,0.07260756716132163,0.19674161672592164
2023-05-24,0.04860184638813507,0.13048020452260972,0.08977997452020645,0.07976567833684385,0.06983915511518717,0.03727793996222317,0.03315177052281797,0.025468394628114767,0.05962816840037703,0.06430709395634668,0.0928230382502079,0.07285603508353233,0.19602073431015016
2023-05-25,0.04780351391585782,0.13116426020860672,0.09079967960715293,0.07463875395478681,0.07033681869506836,0.03570747284393292,0.03335168091580272,0.02540355129094678,0.06183806301560253,0.06480054893372511,0.09507098346948624,0.07196993753314018,0.19711475372314452
2023-05-26,0.04837486590001845,0.13128285557031633,0.09172054901719093,0.07285277568735182,0.0713479908183217,0.03544863718852866,0.03378501078113914,0.025583339193690335,0.06239809698890895,0.06439834206871194,0.09491529539227486,0.07194570377469063,0.19594651460647583
2023-05-30,0.04798703969842109,0.12913499325513839,0.0921035386621952,0.07040461582364514,0.07073477059602737,0.03428140338219236,0.03424763800576329,0.02514804220627411,0.06129074161872268,0.06455264872571416,0.09414254873991013,0.07140505239367485,0.2045669823884964
2023-05-31,0.049659372821338366,0.13077430427074432,0.09500792548060417,0.06792382075218484,0.06938501093536616,0.03465138237224892,0.0352426921017468,0.024589422879216727,0.06163082842249423,0.06722098772113334,0.09383440837264061,0.0728372186422348,0.1972426265478134
2023-06-01,0.05010357342887346,0.1310586467385292,0.0957615863531828,0.06472354064462707,0.06814402714371681,0.034779905053437685,0.035802012868225576,0.023652779031544925,0.06222521741874516,0.06974974081845371,0.09373941570520401,0.07399695217609406,0.1962626248598099
2023-06-02,0.050361308295646265,0.13127531111240387,0.09602239280939102,0.06210733047919348,0.0666527645662427,0.03475424582138657,0.036429799441248176,0.02300731377763441,0.06173779405653477,0.07120986539288605,0.09227465093135834,0.0744382306933403,0.19972898662090302
2023-06-05,0.051542100416685346,0.13233455121517182,0.09523267075419425,0.06123602816369385,0.06613837648183107,0.03527252740750555,0.037628431990742686,0.023085171898128466,0.06118093500845134,0.06919720976372527,0.0911208637058735,0.07580103799700737,0.2002300888299942
2023-06-06,0.05297106883542142,0.13431012481451035,0.09175913855433464,0.06007694695144892,0.06624608039855957,0.036417541073751634,0.03888005660846829,0.0236770031391643,0.06177021346520632,0.0695894306721545,0.09120020270347595,0.07613712102174759,0.19696509540081025
2023-06-07,0.05362079712841705,0.13440254628658294,0.08915046751499175,0.05925039448775351,0.06605357583612204,0.03695833263336681,0.03988043442368507,0.023942912121128757,0.06198604446835816,0.069524100204465,0.09160718843340873,0.07705287039279937,0.1965703248977661
2023-06-08,0.05542551309052897,0.13003214597702026,0.0885886788368225,0.058522515476215634,0.06722490340471268,0.03701924583001528,0.040632722340524195,0.025763728388119488,0.062208540248684586,0.0678143036897044,0.09237308874726295,0.0781474843621254,0.19624713957309722
2023-06-09,0.05673291873758899,0.12901499271392822,0.08763279765844345,0.05856823683716357,0.06796912010759115,0.0370954886340769,0.0408968667499721,0.025985700558521785,0.06197558855637908,0.06700731191105813,0.09298091754317284,0.07810676395893097,0.19603326618671418
2023-06-12,0.05814079323442911,0.1283458426594734,0.08629208132624626,0.05856074969051406,0.06899776365607976,0.03752704260405153,0.04091098383069038,0.02669400922895875,0.06181964185088873,0.0661932763495198,0.09280903041362762,0.07821381092071533,0.1954949527978897
2023-06-13,0.059486216469906594,0.12764909565448762,0.08650521636009216,0.05897881726268679,0.06943921260535717,0.03737881071283482,0.04102068301290274,0.02661013246543007,0.06129279586020857,0.06625030602337531,0.09156920611858368,0.07870123758912087,0.19511824548244477
2023-06-14,0.06062069117042483,0.12615003883838655,0.08665420413017273,0.059426044987048954,0.06983113661408424,0.03785290966625325,0.041189308371394874,0.027906252290995325,0.06018846335355192,0.06507063182288544,0.09072162806987763,0.07908824905753135,0.1953004628419876
2023-06-15,0.06167575290800187,0.12673582881689072,0.08417153432965278,0.05998861060943454,0.07045855559408665,0.03828111320035532,0.04106658045202494,0.028198281048389617,0.059929401893168685,0.06488774684971314,0.09008046016097068,0.07961024120450019,0.19491589963436126
2023-06-16,0.062223243938422004,0.12739304155111314,0.08319899514317512,0.06039921573828906,0.07030720952898264,0.0383463983918773,0.04072543662041426,0.027549990775150947,0.059373170626349746,0.06527453738556784,0.08891798406839371,0.08017235398292541,0.19611841142177583
2023-06-20,0.06254403040492776,0.12721031606197358,0.08202012404799461,0.06114590585930273,0.07031233515590429,0.03889105229172855,0.04044786719605327,0.026990655736153713,0.05925738830119372,0.06600512822086202,0.08924827426671982,0.08126476630568505,0.19466215670108794
2023-06-21,0.0635106564294972,0.12899009734392167,0.08337536081671715,0.05913793197833002,0.06642417032271623,0.0392291094904067,0.04053383339196444,0.025911607391026336,0.06018359321169555,0.06574350939606291,0.0909558318555355,0.08153490498661994,0.1944693773984909
2023-06-22,0.06320327475569912,0.12746877819299698,0.08468841090798378,0.05918313976144418,0.06489533372223377,0.03906291232269723,0.04073789324611425,0.024887803437013644,0.06045678162481636,0.06625366955026557,0.09346331804990768,0.08153460174798965,0.19416408538818358
2023-06-23,0.06518434774793036,0.1266358658671379,0.08567129746079445,0.05920884065562859,0.06468524616211653,0.039296820358140395,0.04088597539812326,0.025554248776461463,0.06011256438214332,0.06527807566214375,0.09296121150255203,0.07961331233382225,0.19491219222545625
2023-06-26,0.06577679847801506,0.1261601433157921,0.08611555621027947,0.05711434186669066,0.06367118284106255,0.03960653311805799,0.04106045188382268,0.024869395850691943,0.06038594120182097,0.06700770810653545,0.09481614753603936,0.07875375524163246,0.19466205835342407
2023-06-27,0.0653964343231678,0.12463978379964828,0.0873034380376339,0.05652484322199598,0.06354877166450024,0.03977477604348678,0.04128880240023136,0.02408237749041291,0.06033795720431954,0.06858422638345249,0.0960798591375351,0.07801012918353081,0.19442862570285796
2023-06-28,0.06568323960742646,0.12340944111347199,0.08897269815206528,0.05658210124820471,0.06383791901171207,0.03978792010166217,0.04184941835701465,0.023240065814752596,0.0605084337759763,0.06987858521335184,0.09419952929019929,0.07727239131927491,0.19477825462818146
2023-06-29,0.06570797584793127,0.12218491584062577,0.09015500545501709,0.056436057365499434,0.06267019845545292,0.040064719918882476,0.04272744711488485,0.02269575988757424,0.06154388810973614,0.07130310272071565,0.09298406690359115,0.07680998593568802,0.19471687376499175
2023-06-30,0.06638900670230896,0.11943109184503556,0.09083966836333275,0.05661948141641915,0.06141589786857367,0.041105436510406435,0.04299569055438042,0.024842968373559416,0.06173139347229153,0.07241500573927802,0.09033259749412537,0.07666114643216133,0.19522058963775635
2023-07-03,0.06637040155161458,0.11829251796007156,0.09191136620938778,0.05686570416437462,0.060595781356096265,0.04142429440689739,0.042513498850166795,0.025126165978144856,0.061910974932834505,0.07394935298222957,0.08816164508461952,0.07714174315333366,0.19573653638362884
2023-07-05,0.06638421470744334,0.1175010308623314,0.0933817271143198,0.056789633713196966,0.06033042594790459,0.04179852946253959,0.04180185785517097,0.02580866917851381,0.061969694681465626,0.07493115472599125,0.08610702753067016,0.0781437523663044,0.19505227506160736
2023-07-06,0.0674092324095625,0.11672889739274979,0.09251867048442364,0.05455389530397951,0.0597507581114769,0.04208072830515448,0.041068068239837885,0.028014244884252547,0.06226940543856472,0.07554736393728341,0.085825514793396,0.07912218794226647,0.19511106610298157
2023-07-07,0.06695995601131699,0.1152714028954506,0.0899665292352438,0.05126114751910791,0.05669733043760061,0.04181815543852281,0.04037828240543604,0.029422766937932464,0.06276629548519849,0.07713338838582953,0.08635909408330918,0.07977623865008354,0.20218941569328308
2023-07-10,0.06690662704696707,0.11588559597730637,0.09042826481163502,0.050044770422391596,0.056269690953195096,0.04175774117757101,0.04027609461918473,0.030379473426000912,0.0633953862125054,0.07940148073062936,0.08841856345534324,0.08117402419447899,0.1956622928380966
2023-07-11,0.06641561064964208,0.11631206274032593,0.08992856405675412,0.048845756845548746,0.05520494319498539,0.041312542685773224,0.04033191977068782,0.030522300765005637,0.06345443965401501,0.08079543521573651,0.08950011134147644,0.08230150192975998,0.19507479667663574
2023-07-12,0.06561975789207963,0.11697304993867874,0.08914528414607048,0.04788093742681667,0.05437908172607422,0.040433173588826324,0.040382382739335296,0.030121698228322204,0.0631329690106213,0.08211513274283284,0.0906765915453434,0.08314102292060851,0.19599891901016236
2023-07-13,0.06363341623148244,0.11578961908817291,0.0876804068684578,0.046089573111385104,0.05271656662225723,0.03936212168191559,0.039532667677849534,0.028981711275991983,0.061498021404258904,0.08153398970138567,0.08968876153230668,0.082176673412323,0.2113164633512497
2023-07-14,0.06208247312281401,0.1147521436214447,0.08772672861814498,0.04498460500035435,0.05159333571791649,0.03866548282967415,0.03869004119187593,0.028031415081932208,0.06043141500558704,0.08121512495512828,0.08897496089339256,0.08177419081330299,0.22107807993888856
2023-07-17,0.0631462761657076,0.1154712051153183,0.08774175010621547,0.044773929240182045,0.051701737195253374,0.038885932313860394,0.03817432625219226,0.02984031929518096,0.061992666916921735,0.08240408855995582,0.0894488275051117,0.08294885978102684,0.21347008943557738
2023-07-18,0.06478918483561528,0.11889651864767074,0.09034564830362797,0.04531824600417167,0.05255307145416736,0.03916177078062901,0.03856041394174099,0.030256054701749236,0.06315814692061394,0.08460744876294299,0.08999473080039025,0.08361574187874794,0.1987429976463318
2023-07-19,0.06554874915551637,0.1211855560541153,0.09172674380242825,0.04564495582599193,0.05140831731259823,0.038954344959347506,0.03883926160633564,0.029956895632494707,0.06309825328644365,0.08518289067286844,0.0902477189898491,0.08285591304302216,0.19535038471221924
2023-07-20,0.06583050969055648,0.12291666120290756,0.09264230094850064,0.04566092612221837,0.05055197328329086,0.03877610535710119,0.038704976346343754,0.02948919218615629,0.06277497524861246,0.08541475199180174,0.09044153168797493,0.08299745842814446,0.19379863142967224
2023-07-21,0.0651121842556904,0.11948478668928146,0.09216795787215233,0.046526224655099216,0.05040356293320656,0.038679517373384445,0.0380019610747695,0.03012291724444367,0.06226103838998824,0.08559221434497175,0.09119335263967514,0.08252580836415291,0.19792848825454712
2023-07-24,0.06514734280819993,0.11887858062982559,0.09281946793198585,0.04760306787211448,0.050435373559594154,0.038612844528688586,0.03785434914752841,0.03013185433956096,0.061942657420877366,0.08616026524720333,0.09275857508182525,0.08325237855315208,0.19440328776836396
2023-07-25,0.06512803097008373,0.11794839054346085,0.09379157610237598,0.04806350312428549,0.050761524215340616,0.03821931024431251,0.03765998343005776,0.029809759684212622,0.06114218261791393,0.0856607984809969,0.09409241229295731,0.08393915146589279,0.19378337860107422
2023-07-26,0.06513262892248121,0.11725713312625885,0.09453935958445073,0.04865467628696933,0.05107614658772945,0.03786331070150482,0.03758841315284371,0.029687440121779218,0.06040320593165234,0.08566922732270169,0.09555641263723373,0.08303070068359375,0.1935413360595703
2023-07-27,0.06497081465701057,0.1161486767232418,0.09570379592478276,0.049215768626891074,0.05141701996326446,0.037389490705390924,0.037719813734292985,0.029109922915085917,0.06014712222386152,0.08563308754014613,0.09600540101528168,0.08323483318090438,0.19330427944660186
2023-07-28,0.0645018669676233,0.11258457973599434,0.09338252283632756,0.05114108943380415,0.05091985575854778,0.03733389131375588,0.037362178508192304,0.029642975226670386,0.060420154815074054,0.08029104443217036,0.09678372144699096,0.0786104828119278,0.20702564120292663
2023-07-31,0.0640736461086476,0.11142609566450119,0.09367371015250683,0.05252713729860261,0.0509585227817297,0.03698993533325847,0.03741652425378561,0.02912170422678173,0.05984819548903033,0.07809057202593088,0.09735828638076782,0.07653952687978745,0.21197613775730134
2023-08-01,0.06497705018614397,0.11392034888267517,0.09633744768798351,0.0544146605534479,0.05139583684504032,0.037370859301881866,0.03824852453544736,0.029282710319603212,0.06064846054650843,0.078108881117344,0.10041493326425552,0.07697230577468872,0.19790799617767335
2023-08-02,0.06581204353988142,0.11349105983972549,0.09685814306139946,0.0524807917769067,0.04970333017408848,0.03734489691123599,0.03826943868771195,0.03039140719192801,0.06113805483328179,0.07476008208192546,0.1006619967520237,0.07590065374970437,0.20318810343742372
2023-08-03,0.05406292477046008,0.09738720133900643,0.08470803685486317,0.04346043748082593,0.04098712243139744,0.030895634094486014,0.032903697015717624,0.02626521748570667,0.053080629324540496,0.06486266138451277,0.0868766263127327,0.066151562333107,0.3183582603931427
2023-08-04,0.055089367885557294,0.10060700625181199,0.08908594287931919,0.04435580098070204,0.04209569022059441,0.03197918131481856,0.034576952224597335,0.027960660179815022,0.05493421286810189,0.06796042504658857,0.09127156734466553,0.06764092221856118,0.29244225025177
2023-08-07,0.05780373915218888,0.10869012624025345,0.09786778204143047,0.04775411466835067,0.04495956562459469,0.034876482909021435,0.035786252561956645,0.02998386573708558,0.05854887729510665,0.07454117799641083,0.09934066906571389,0.07214659973978996,0.23770074248313905
2023-08-08,0.059448512856101844,0.1137473776936531,0.10383163467049598,0.049645244574639945,0.046046582609415056,0.03659968421998201,0.03622299269773066,0.031375545494665855,0.059866876201704146,0.07822874226141874,0.10402986481785774,0.07514941170811654,0.20580756068229675
2023-08-09,0.05938204492788372,0.1157289758324623,0.10725967586040497,0.050005931546911596,0.04521753191947937,0.03710532460390823,0.035211318219080565,0.03127299558436789,0.060064345598220825,0.07967890984248224,0.10739395320415497,0.07581404149532318,0.19586494863033294
2023-08-10,0.056881767724121346,0.11649141907691955,0.10796706564724445,0.05079687588149682,0.04547266699373722,0.03686464813508792,0.03377469512633979,0.030432287689473016,0.05975164327537641,0.08033151511715567,0.11091606020927429,0.07622255906462669,0.19409680664539336
2023-08-11,0.05594033356509272,0.1152915358543396,0.10785123016685247,0.05173449330031872,0.045524924620985986,0.03780899395496817,0.03340702983550727,0.03162037225010863,0.05904899328015745,0.08050672444267341,0.11106139644980431,0.0754878468811512,0.1947161376476288
2023-08-14,0.05587398322005584,0.11412238851189613,0.10973875038325787,0.051456776820123194,0.04330158904194832,0.03871656207193155,0.03256708565168083,0.03245628321055847,0.058471250277943906,0.08114141854035353,0.11192902252078056,0.07571778148412704,0.19450710117816924
2023-08-15,0.0563045371006524,0.11415282562375069,0.11151303201913834,0.05119238415500149,0.04207158423960209,0.03911706406652229,0.03185431701131165,0.03240406011427695,0.058394066465552896,0.0815217110678363,0.11193530559539795,0.07512559741735458,0.19441351294517517
2023-08-16,0.05375674168038813,0.1141307845711708,0.1115046001970768,0.05047217105748132,0.04223007522523403,0.03776271027745679,0.03126600836403668,0.03282910774796619,0.05919125891523436,0.08485587567128441,0.11186857372522355,0.07475829795002938,0.19537376761436462
2023-08-17,0.05194826746784429,0.11439158469438553,0.11009674742817879,0.05021523394389078,0.0426295468583703,0.036498722540272865,0.03100168495438993,0.03322082297490851,0.05992887684842572,0.08741359740684587,0.11368049532175065,0.07352048307657241,0.1954539090394974
2023-08-18,0.049622550056039924,0.11475985869765282,0.10739523787051439,0.0499827740713954,0.04397518690675497,0.034639009751845154,0.03083571414463222,0.033112161781536996,0.060990652069449425,0.09043491363678147,0.11677589267492294,0.07247253879904747,0.19500350952148438
2023-08-21,0.04830861725113209,0.1148895911872387,0.10643770750612021,0.04985250449972227,0.043915987573564054,0.03362006328970892,0.03102264110930264,0.03254638212547434,0.06132790272822604,0.09221483201171807,0.11889611929655075,0.07207474410533905,0.19489289522171022
2023-08-22,0.04799139381526629,0.11365667879581451,0.1056363707408309,0.05020710233366117,0.04424623977392912,0.033894100230827465,0.031433012196794154,0.03358969696655549,0.06046216555405408,0.09374289319939315,0.11955587267875671,0.07032622620463372,0.1952582597732544
2023-08-23,0.04732709479146706,0.11259953528642655,0.1049278225749731,0.050210433022584766,0.04441196136176586,0.03370011714287102,0.03168250001035631,0.033875591758805966,0.060291460179723796,0.09473251211351705,0.12091770619153977,0.06994696334004402,0.19537631869316102
2023-08-24,0.045613695669533175,0.10906079933047294,0.10240522604435683,0.048918854678049684,0.04339171871542931,0.032709546787373256,0.029950535017997028,0.03253554867533239,0.05814955875976011,0.09260800662585904,0.1177316278219223,0.06809464618563651,0.21883025467395784
2023-08-25,0.04226403563940266,0.10926805809140205,0.10015625134110451,0.04694026958895847,0.04469134472310543,0.03208179049252067,0.02860358408652246,0.03145251810346963,0.058595399791374805,0.09504415870655744,0.1214909240603447,0.06821897104382516,0.22119269371032715
2023-08-28,0.04168042890577226,0.11195686608552932,0.10227512698620558,0.0471176267717965,0.04635068066418171,0.032153607593500055,0.02864365614950657,0.031222348740811867,0.059822103299666196,0.09851962510609624,0.12667135149240494,0.0702284373342991,0.20335814356803894
2023-08-29,0.0409454979714269,0.11232759580016136,0.10319456234574317,0.046623016765806824,0.04728114828467369,0.03192775608258671,0.028507250407710672,0.030612948564157704,0.060061243746895344,0.1000581402041428,0.12758184596896172,0.071572694927454,0.19930630028247834
2023-08-30,0.03903253098889081,0.10789546519517898,0.10028653480112552,0.04454182662302628,0.04603919126093388,0.030625956131552813,0.02745081330649555,0.028867888800050423,0.05774841260863468,0.0972899276562968,0.12337010353803635,0.07025764286518096,0.2265937089920044
2023-08-31,0.03999384552264473,0.11056110486388207,0.1036556288599968,0.045251700351946055,0.04719162564724684,0.031160377612832236,0.02810613517649472,0.029005889225391,0.059440911281853914,0.10046617580535244,0.12748592272400855,0.07319648936390877,0.2044842153787613
2023-09-01,0.04063428900763029,0.11219270527362823,0.10539255924522876,0.045154604106210174,0.045783962868154046,0.031136283006344457,0.028542436519637705,0.028394116827348624,0.06057156020542607,0.10136939325303658,0.13006337359547615,0.07356285005807876,0.197201868891716
2023-09-05,0.0411331605114242,0.11143002584576607,0.1063959764316678,0.04486096890177578,0.045160808600485325,0.03167641843974707,0.029511798825114965,0.029985657849283597,0.05993858450092375,0.10074012610760015,0.13016096353530884,0.0733407862484455,0.1956647366285324
2023-09-06,0.04237778055346553,0.11038189381361008,0.10132295861840249,0.04447177905822173,0.045000869408249856,0.03204911279681255,0.030156332347542048,0.030972867256969037,0.06028625313192606,0.0988895255626236,0.1335184842348099,0.07177445068955421,0.19879767894744874
2023-09-07,0.04192129182602002,0.11116451472043991,0.09949488639831543,0.04505242650629952,0.045096803829073905,0.03215290229272796,0.030409689620137216,0.031110632019317564,0.060683368111494926,0.09831083001061494,0.1375248409807682,0.07164381965994834,0.19543400704860686
2023-09-08,0.041990615539111785,0.1123894102871418,0.09675606712698936,0.04557032769080251,0.04392367359250784,0.031770970414800107,0.030347991455346345,0.03043789908024337,0.060964313254226,0.09874574572333614,0.14052006155252456,0.07226303592324257,0.19431988894939423
2023-09-11,0.04223032815315264,0.11324998140335082,0.09486734382808208,0.045807948964647946,0.043694644793868066,0.031392242173023985,0.03036118014715612,0.029806128373820684,0.061194522259756925,0.09851161722801063,0.1425352044403553,0.07205648496747016,0.194292351603508
2023-09-12,0.0424661117414189,0.11393229812383651,0.09373594261705875,0.04590613686013967,0.04375103395432234,0.030905086638085777,0.030585234612226488,0.02950450825619555,0.061005809821654114,0.0980610687036382,0.14360642284154893,0.07202223539352418,0.1945181369781494
2023-09-13,0.04163000305505875,0.11468662172555924,0.09391092248260975,0.045806247950531544,0.04383063856512308,0.030213627876219108,0.030579654965549707,0.028564823740543942,0.061013253952842204,0.09727035349108544,0.14545083418488503,0.07252860739827156,0.19451444149017333
2023-09-14,0.041767501780771,0.11523868218064308,0.0932497426867485,0.045706500683445485,0.044136182963848115,0.029775471518951234,0.030638753063976766,0.027689012887276477,0.06180510233389214,0.09698390027857026,0.1472269281744957,0.07126291617751121,0.19451930820941926
2023-09-15,0.04197771708641085,0.11585611924529075,0.09337803833186627,0.04549945292528719,0.04431993868201971,0.029237504057527987,0.031031164154410363,0.02698025254512686,0.06190139666432515,0.09661272054670941,0.14775687903165818,0.07077294811606408,0.1946758896112442
2023-09-18,0.03904044642611097,0.11719145178794861,0.09185770936310292,0.046288038149941715,0.045296964794397356,0.02850936570102931,0.031195252481848002,0.02550948931966559,0.06255177631974221,0.09797243580556074,0.14966738373041152,0.07019246816635132,0.19472722113132476
2023-09-19,0.03815794447873486,0.11810638010501862,0.0907078180462122,0.046604816254694016,0.04611226785928011,0.028035818936041325,0.03153079515323043,0.024532962381454127,0.06300728555070237,0.0986642788863982,0.15105794817209245,0.06917959302663804,0.1943020522594452
2023-09-20,0.03774827499655657,0.1171993799507618,0.09009809531271458,0.04715611486462876,0.046193115040659906,0.02791407519689528,0.03182835816405714,0.024709121087744278,0.06357015348039567,0.09863441768847334,0.15196961909532547,0.06845284625887871,0.19452643990516663
2023-09-21,0.03584289670335465,0.11855197995901108,0.08882346004247665,0.04838421329623088,0.04717805050313473,0.02730564622179372,0.03188207834027708,0.02393088965345669,0.06360244387760758,0.10054224164856933,0.1503972440958023,0.06884972974658013,0.19470912516117095
2023-09-22,0.02975817026401728,0.10226451754570007,0.07664739973843097,0.041163600276922806,0.040912967175245285,0.02408206121326657,0.0286332291085273,0.021733500256596018,0.05624830609885976,0.08954624713091164,0.13419710323214531,0.05796917229890823,0.29684367775917053
2023-09-25,0.03204891943204302,0.1126306876540184,0.0852368999272585,0.04551018285565078,0.046171345934271815,0.02678319914994063,0.03168584043160081,0.023906069769873285,0.062345752737019214,0.10107929306605232,0.1500894121825695,0.06293040812015534,0.21958197951316832
2023-09-26,0.03290870146024645,0.11309969946742057,0.08855398818850517,0.046469990699552,0.04736513532698154,0.02851543923607096,0.033591107465326786,0.0262506814669905,0.0631357373436913,0.10320542342491149,0.15281553715467452,0.0635347805917263,0.2005537837743759
2023-09-27,0.0313726607460012,0.11253873631358147,0.08866126164793968,0.04518095111707225,0.04697620328515768,0.028432235588843467,0.03312136644963175,0.026414898244638607,0.06327896292787046,0.10305008769980901,0.15615672767162322,0.06185277476906777,0.20296309888362885
2023-09-28,0.03148214524181867,0.11275795474648476,0.09159947782754899,0.045567472861148414,0.04792271219193935,0.02934200269082794,0.03320646933279932,0.02767618389734707,0.0633429885841906,0.09859471078458082,0.16080681681632997,0.061468633264303206,0.196232470870018
2023-09-29,0.03159932049759391,0.11265091821551323,0.09374304749071598,0.04573966606985778,0.048318670876324174,0.029679800546728075,0.03308898233808577,0.02808100629099499,0.06322378067998216,0.09518224571735309,0.1607632592320442,0.0616380974650383,0.19629120230674743
2023-10-02,0.03247002698738015,0.11325037702918053,0.09620963782072067,0.04655703511089086,0.04990306496620178,0.029982557582843582,0.033039314090274274,0.02851684210836538,0.06379376170225441,0.09137732963352452,0.1560702607035637,0.06254811361432075,0.19628166854381562
2023-10-03,0.03470362219569552,0.11239323765039444,0.0952593207359314,0.04498030944960192,0.05203655827790499,0.03066676431626547,0.03337929057888687,0.02954177279716532,0.06447550406446681,0.08816923695275936,0.15383290275931358,0.06164528504014015,0.19891618490219115
2023-10-04,0.03255597954307632,0.1062946580350399,0.08894905783236026,0.04165217853151262,0.05053664799779654,0.02942502204386983,0.03207631374243647,0.028424689225539625,0.06169176873518154,0.08414602012902979,0.14719150587916374,0.05750090777873993,0.23955528438091278
2023-10-05,0.035503415729453994,0.11210724115371704,0.09515563659369945,0.044385977741330865,0.054948631301522256,0.030824431849760005,0.03285170863382518,0.028413729530257115,0.06462161839008332,0.09074789912494693,0.14118767529726028,0.06075395122170448,0.2084980994462967
2023-10-06,0.0371445034333874,0.11410277634859085,0.09844737052917481,0.045730671775527296,0.05748811531811952,0.031299824695452116,0.03275751380715519,0.02811093216714653,0.06525877622189,0.09359501258269934,0.1352534718811512,0.061890273541212085,0.19892077445983886
2023-10-09,0.03826164476689655,0.11441370248794555,0.10026936456561089,0.04610623634653166,0.05868095085024834,0.031811108862166294,0.03306257072836161,0.02796707680226973,0.06395227976609022,0.09471697988751479,0.12994563356041908,0.06199796423316002,0.1988144814968109
2023-10-10,0.038616355284250406,0.11297755986452103,0.1007232565432787,0.04563757934374735,0.056766234897077085,0.031966289527190384,0.03197434626054019,0.027035020931225517,0.06164158983156085,0.0928427595340711,0.1227129079401493,0.06199595853686333,0.21511017084121703
2023-10-11,0.040295963206710896,0.11604935824871063,0.10470141284167767,0.04674444851698354,0.05745774041861296,0.03278955411660718,0.03161373052280396,0.026841305819516492,0.061534177453722805,0.09280025254399557,0.11832567155361176,0.0638819694519043,0.2069644033908844
2023-10-12,0.04165185771337292,0.1185972198843956,0.1067594088613987,0.047404242237098514,0.0574980178847909,0.03325959683206747,0.030885660089552402,0.026298892956447162,0.06110356779536232,0.09280615862965824,0.11373368352651596,0.06556553915143012,0.20443617105484008
2023-10-13,0.03953439612010925,0.11029113084077835,0.09514169804751874,0.044290708826156336,0.05284627471119165,0.031198185825633117,0.028947753249667585,0.025144232109960286,0.05681115914485417,0.08632761123393617,0.10540230348706245,0.06001874804496765,0.2640458166599274
2023-10-16,0.04196504195258512,0.11562111675739288,0.09752457849681377,0.045729647018015386,0.05532170310616493,0.03258527682046406,0.02915114499628544,0.02541553486557859,0.05824950014939532,0.08896878634502343,0.10999723374843598,0.06281396672129631,0.23665648996829985
2023-10-17,0.0447707294084239,0.12074773609638215,0.10006650015711785,0.047913692897418515,0.057803282886743544,0.03426773354076431,0.030222363432403653,0.027437409573849436,0.058969995402731,0.0888267611760174,0.11206894665956497,0.06599420756101608,0.2109106481075287
2023-10-18,0.04649593404882353,0.12162891924381256,0.10029547959566117,0.049237242672825234,0.05851144772022963,0.035223096351546704,0.030666207382455467,0.029448622572090244,0.05926633735653013,0.08818825827720751,0.11328799426555633,0.06710555702447892,0.200644913315773
2023-10-19,0.044568115880531424,0.11997845768928528,0.09649397023022174,0.0471485655696597,0.05708307418972254,0.03489627353701508,0.029592956171836705,0.029953283316626767,0.05866933215875179,0.08891558531879333,0.11706600785255432,0.06574251428246498,0.20989187359809874
2023-10-20,0.042858190042670684,0.11862406581640243,0.09270918071269989,0.045989511301741004,0.057081563584506514,0.034748247932293454,0.02978801563149318,0.03076917485550439,0.05805857507511973,0.09047697743740493,0.12185242027044296,0.06443186029791832,0.21261219680309296
2023-10-23,0.041355484208554574,0.12083046287298202,0.09182902090251446,0.04603216984542087,0.057258288562297824,0.0348507121707371,0.030134547676425427,0.030849517326760178,0.058283119776751845,0.0949285972770765,0.1262342758476734,0.06514409929513931,0.20226969718933105
2023-10-24,0.040746809598795154,0.12276301831007004,0.09090822264552116,0.0467022315133363,0.05802649240940809,0.0345986688589619,0.02980745080858469,0.030143185480847025,0.058584933378733696,0.09723244199204437,0.12779938280582429,0.06555814892053605,0.19712900817394258
2023-10-25,0.04073834790340243,0.12345849424600601,0.09139043465256691,0.047381201112875714,0.05907964501529932,0.03401983510193531,0.029026147117838262,0.029253518443510984,0.05900117146084085,0.09888221062654132,0.12370216622948646,0.06610416173934937,0.19796266555786132
2023-10-26,0.037348796112269156,0.11716250628232956,0.08570069409906864,0.04645611082087271,0.05627335384488106,0.03271806624397868,0.028020127315539867,0.02824827009580986,0.057286574272438884,0.09916870253320961,0.12015826851129532,0.06224290058016777,0.22921562790870667
2023-10-27,0.03615563149742229,0.1215369388461113,0.08935981765389442,0.048438366339541974,0.0584419259801507,0.03369451608887175,0.028150242997799068,0.028044641314181717,0.05952905238373205,0.10650787608439867,0.12163347080349922,0.06381012499332428,0.20469743013381958
2023-10-30,0.034897670248039955,0.1225979596376419,0.08940404281020164,0.049806731613352896,0.05963788852095604,0.03354658343159826,0.027545180323068054,0.027435704321624142,0.06027323801536113,0.11034516575369561,0.1226994127035141,0.06358479410409927,0.19822564125061035
2023-10-31,0.03503662651253307,0.12219171747565269,0.09187762774527072,0.05176882483647205,0.06176048219203949,0.033352697937516496,0.026976113906130195,0.027177314847676826,0.06087378304218873,0.1111658390139505,0.11642788201570511,0.06399311050772667,0.19739798605442047
2023-11-01,0.035347768573228674,0.12183236181735993,0.09444787576794625,0.05327229111571796,0.06176634654402733,0.03325473523727851,0.026755825348664074,0.026874480691958524,0.06162645173026249,0.10999076474120635,0.11320319473743438,0.06434435844421386,0.19728355407714843
2023-11-02,0.035506259297790166,0.12030302509665489,0.09652804210782051,0.05413463815930299,0.06143566407263279,0.03314835768178455,0.026209447265136986,0.026342545258057726,0.06160359317436814,0.10754218732584153,0.11013504564762115,0.06430657207965851,0.20280460715293885
2023-11-03,0.02515194801172811,0.08490598946809769,0.06933453828096389,0.038743845256976786,0.04286950919777155,0.022332674850258628,0.018160959077067673,0.01814507127573961,0.04285486848093569,0.07421600261150854,0.07573623135685921,0.045785903558135034,0.4417624533176422
2023-11-06,0.025549723943146318,0.08402564451098442,0.06806693468242883,0.03894004198664334,0.04243545867502689,0.02138001332132262,0.017217294208239763,0.01722200819704085,0.04189286674372852,0.07239444368303723,0.07195068895816803,0.04527515843510628,0.4536497354507446
2023-11-07,0.02698217716073259,0.08531599417328835,0.06617441270500421,0.03947362425387837,0.04326543975621462,0.021538898193102795,0.016880439629312606,0.017510704809160414,0.0421238784911111,0.07010838052802466,0.07190006002783775,0.044813360273838046,0.45391265153884885
2023-11-08,0.028961101304673775,0.08825287669897079,0.06614755485206843,0.04004763070552144,0.04446427058428526,0.02172039968681929,0.016647376131732016,0.0173229309519229,0.04300051718018949,0.06945431863834628,0.06830493062734604,0.045032919570803645,0.45064315795898435
2023-11-09,0.031635938594786236,0.09285134673118592,0.06650127284228802,0.04182647140696645,0.046002831496298316,0.02239143053666339,0.016725532384589313,0.017348121613349577,0.04506336742197163,0.06820864571712822,0.06731213852763177,0.046595847606658934,0.43753708004951475
2023-11-10,0.031607763845238425,0.08998319357633591,0.06287820488214493,0.042823336631408894,0.04576281774789095,0.02178405428712722,0.01640676991082728,0.01709258224493624,0.044155147834680976,0.06653663027093497,0.06438174620270729,0.04462723322212696,0.45196051001548765
2023-11-13,0.03243924504334359,0.0909347489476204,0.06296298764646054,0.044483009001123716,0.04627343900501728,0.021809063936962046,0.0163760612369515,0.016878199983420928,0.044104198372224346,0.06390277185363917,0.06408480256795883,0.04481572471559048,0.45093573331832887
2023-11-14,0.033588263356131166,0.09332386553287506,0.06467207707464695,0.0468209889048012,0.04729665052145719,0.02271556893865636,0.016894107905682177,0.01733277376906699,0.04514793442795053,0.06446235741973041,0.06569909602403641,0.046016113460063936,0.4360302150249481
2023-11-15,0.033302232859011835,0.09041100293397904,0.0632125448435545,0.04624363202601671,0.04618170261383057,0.021695125760743394,0.015972927154507488,0.016274543135614293,0.042624842212535444,0.06326759273104195,0.06364488378167152,0.04560084939002991,0.45156811475753783
2023-11-16,0.033866614080756106,0.09035184979438782,0.061619391292333604,0.04646654465177562,0.04612769093364477,0.02204928761602787,0.016145876958034933,0.016513968495064545,0.04184880653629079,0.06343041695593872,0.0635873831808567,0.04489410072565079,0.45309808254241946
2023-11-17,0.03531382779692649,0.09157479852437973,0.05984777472913265,0.047649432212347166,0.045544313825666906,0.022427596176203223,0.01593543615890667,0.016357818101073462,0.04167763446457684,0.0642219733338715,0.06164918690919876,0.0446583803743124,0.453141850233078
2023-11-20,0.03611203021748679,0.0926635667681694,0.0590753149241209,0.048310938890790564,0.04492195956408977,0.022562302933147295,0.01565747051499784,0.01606962798261975,0.041394361719721925,0.06455943844535046,0.06074919551610947,0.04469456933438778,0.45322923064231874
2023-11-21,0.03672753303557101,0.09403873085975648,0.058455152437090874,0.04846423745329957,0.04455942418426275,0.022562014985305724,0.015441783028654755,0.01579500630275561,0.04106487461831421,0.06493239887052074,0.05980694442987442,0.04514946267008781,0.453002393245697
2023-11-22,0.037600852729917734,0.09505273401737213,0.057360914349555966,0.048849302975577304,0.04410149939358234,0.022811785786689142,0.015277075907215476,0.015576172595206116,0.04159634049283341,0.0657732558132551,0.0600113183259964,0.04539368860423565,0.4505950629711151
2023-11-24,0.039170886446248686,0.09868235439062119,0.0579941876232624,0.050200078284251506,0.04433969371020794,0.02347477772309503,0.015572429343592376,0.015847590915063846,0.04314101591007784,0.06639281118735685,0.06068123430013657,0.04686685651540756,0.43763607144355776
2023-11-27,0.04344987820641109,0.10750242322683334,0.062353967875242236,0.054920558864250776,0.04765098635107279,0.02594112706829037,0.01758348847506568,0.018330559763899145,0.04703997409669682,0.07160189294568227,0.0655120074748993,0.05111163556575775,0.38700148463249207
2023-11-28,0.05202003443845911,0.1272656187415123,0.07284689024090767,0.06479758918867447,0.05550245065242052,0.03093078799684008,0.020709719124715774,0.021968400478840522,0.05566060085548088,0.08453373933016657,0.07668962851166725,0.060436131060123445,0.276638400554657
2023-11-29,0.056803707928270344,0.1388166755437851,0.07842231765389443,0.07010889810335356,0.059717342257499695,0.03361507591616828,0.02206221013329923,0.023633862690189744,0.060816614096984266,0.09080728115289549,0.08357400298118592,0.06600041165947915,0.21562159657478333
2023-11-30,0.05812890517096321,0.14246622174978257,0.0809306301176548,0.0715822311642114,0.05927569232881069,0.03455834504638915,0.0223450023913756,0.02436057879854161,0.06283287145197392,0.09206366660041798,0.08574208617210388,0.06828058883547783,0.19743318855762482
2023-12-01,0.05914718385502056,0.14242683202028275,0.08191157504916191,0.07200138413463719,0.05888212714344263,0.03490662765434536,0.0225399543880485,0.025204904424572305,0.06278499490581453,0.09103829521055821,0.08438272178173065,0.06902452334761619,0.1957488775253296
2023-12-04,0.05883293976584127,0.14206953346729279,0.0801404781639576,0.07149568918102886,0.05734266117215157,0.034584451800765234,0.022087890503462403,0.025264261223969697,0.06178574565565213,0.08894215770094202,0.0819932609796524,0.06886891052126884,0.20659201741218566
2023-12-05,0.0603418885717474,0.1445739358663559,0.08206876665353775,0.0725040565856034,0.05693327095359564,0.03512585832668265,0.021405462315306066,0.025839921390229392,0.06313750096596778,0.08353880458332803,0.08210915625095368,0.07109919935464859,0.20132219791412354
2023-12-06,0.06226639354733834,0.14747063368558883,0.08190701976418495,0.07364157612901182,0.05673386976122856,0.035700337361049606,0.02126127127557993,0.026126128989540122,0.06462625942658633,0.08025504994605796,0.08207523971796035,0.07247465550899505,0.19546155333518983
2023-12-07,0.06254486660453722,0.14760357290506362,0.08233958780765534,0.07508165584004019,0.0570093609392643,0.035609077426852306,0.02081430897815153,0.025509417994862817,0.06539320296142251,0.07807531701004286,0.08163801915943622,0.07367787212133407,0.19470371603965758
2023-12-08,0.06268280721917563,0.14728004038333892,0.08312368169426917,0.07581864735984709,0.05698421094566584,0.035459614027240606,0.020565489795990287,0.024820037552171926,0.06577997077256441,0.07645536699721678,0.08174735717475415,0.07487403899431229,0.19440876841545104
2023-12-11,0.06366720346177317,0.1467251256108284,0.08419357091188431,0.07717387538577895,0.056709560193121435,0.03643377323078312,0.020641325600445272,0.025442251076538015,0.06549481612164527,0.07189263452099973,0.08125805594027043,0.07570248395204544,0.19466533362865449
2023-12-12,0.06445090810677812,0.14756225198507308,0.0850593589246273,0.07816693918721285,0.05708927121013403,0.036864145362233106,0.020741124637424946,0.02522343499147155,0.06537863484118134,0.06751630224952923,0.08065462969243527,0.07680825367569924,0.19448474645614625
2023-12-13,0.06512946987704708,0.14841812551021577,0.08590566739439964,0.0790321648819372,0.0572376448661089,0.036136070132306485,0.02029546732082963,0.02469199399383797,0.06545703324954957,0.0651384658255246,0.08066599108278752,0.07750520259141921,0.19438664019107818
2023-12-14,0.04541098567652853,0.10420301556587219,0.059449412301182745,0.05550573472282849,0.03982412312179804,0.024280936653485696,0.013688350608572365,0.016506732233278854,0.04452561705838889,0.044228630567324775,0.055416414514184,0.053500299155712125,0.4434597730636597
2023-12-15,0.04567729456177858,0.10396697074174881,0.05797438323497772,0.05563884353759931,0.03998228078708053,0.02357530900872007,0.013507201673928649,0.01596935450199908,0.04345796568086371,0.043198390305768976,0.05389275290071964,0.052415452897548676,0.4507437884807587
2023-12-18,0.04699632029348777,0.107106514275074,0.05702274180948734,0.054478556936373934,0.04041329557076097,0.023740100920440453,0.013349641067907213,0.015924953633327733,0.043981690681539475,0.04244064221249673,0.05380668453872204,0.051007045060396196,0.44973180294036863
2023-12-19,0.047850354879147974,0.10970070958137512,0.05686824209988117,0.05419097198173404,0.040659164637327196,0.023990613464047784,0.013490283361170441,0.01663122386504483,0.04450530692702159,0.04233053863734319,0.0541850671172142,0.05039174109697342,0.44520580768585205
2023-12-20,0.04834022782375769,0.11192731112241745,0.05701959989964962,0.054077008325839414,0.04107468351721764,0.024135066192047815,0.013640158309135586,0.016837865417767262,0.044981458433903755,0.04247263757635924,0.05500315055251122,0.05040046349167824,0.4400903880596161
2023-12-21,0.045315342843400684,0.11016287952661515,0.05627284422516823,0.05394727106613573,0.040217474941164254,0.023708554546692538,0.013117111893370748,0.015664039163664257,0.046176127274520695,0.04309160894067308,0.05489371344447136,0.050014352053403856,0.4474186897277832
2023-12-22,0.043930945388365214,0.10989120602607727,0.05618933513760567,0.05369997517846059,0.04013595599681139,0.023362590981287214,0.01291786301881075,0.014626570141933826,0.04712773377541453,0.044447601264835865,0.05588889829814434,0.050326714664697646,0.44745460748672483
2023-12-26,0.044285889486411635,0.11296849101781845,0.0581485778093338,0.05473092671454651,0.040512018650770185,0.02409932962154926,0.01338008011225611,0.014557550832432754,0.04940813549328595,0.0471104251258506,0.05906694866716862,0.05234283432364464,0.42938879132270813
2023-12-27,0.04645540743208585,0.12024259865283966,0.062319789081811905,0.05799919412384043,0.04303857553750277,0.02522516566655213,0.014294460031669587,0.01495205531581405,0.05334152979776263,0.05150137765453646,0.06469447128474712,0.05662178173661232,0.3893136024475098
2023-12-28,0.0529288041712789,0.13778869211673736,0.07190163135528564,0.06677154958742904,0.049528774432837964,0.029525141454269033,0.016616480355151,0.017234434994134063,0.06183060219045729,0.06024362467451585,0.07457305938005447,0.06577743813395501,0.2952797651290894
2023-12-29,0.05897014502895672,0.15289585888385773,0.0797775849699974,0.07373995365924202,0.055625707283616065,0.03283600034228584,0.018216320406645538,0.018783029722203536,0.06819783947430551,0.06665904708207009,0.08261866308748722,0.07415576577186585,0.21752409934997557
2024-01-02,0.060723090974477145,0.1549362823367119,0.07972218170762062,0.07620165202533827,0.0578740231692791,0.03316497946507298,0.018476286670193076,0.01913083952292709,0.0688539308262989,0.0684037068954492,0.08401536419987679,0.07492594569921493,0.20357169210910797
2024-01-03,0.061758974623217,0.152563439309597,0.07980848327279091,0.07545115897955838,0.05848947577178478,0.03304514014344022,0.018067038198933006,0.02014817033566487,0.06863315140362829,0.07034955835042904,0.08374431468546391,0.07651176005601883,0.20142931938171388
2024-01-04,0.061087592308308555,0.15047985315322876,0.0783980630338192,0.07605277148541063,0.060785069689154626,0.03296864297672073,0.017534289811737835,0.020046618388846582,0.06870762200560421,0.07164400265501154,0.08524020053446293,0.07558187544345855,0.20147337913513183
2024-01-05,0.061317006512354055,0.14812506586313248,0.07814859226346016,0.07779134630400222,0.0625825621187687,0.03329621639204561,0.01802024550270289,0.02068537216380264,0.06817909192759544,0.07390873837518583,0.08562875799834728,0.07554380595684052,0.19677318036556243
2024-01-08,0.06158003955172262,0.14585133045911788,0.0772957131266594,0.07847508998820558,0.06354043111205102,0.033648990060100914,0.018728258099872618,0.021379241610873123,0.06741456831805408,0.07548903707399965,0.0873151995241642,0.0750678077340126,0.19421428740024566
2024-01-09,0.06189250393875909,0.14284357577562332,0.07745770737528801,0.07951957038603723,0.06410000994801521,0.033093029918654794,0.01890010720817372,0.021271349912012738,0.0668723413720727,0.07603948971370311,0.08724507614970207,0.07543198615312577,0.19533319771289825
2024-01-10,0.0629617693346745,0.14154477268457413,0.07722015604376793,0.07812456938845572,0.06200896240770817,0.032990252582749235,0.019256536243483426,0.02097276994107915,0.06782500189729035,0.07825434911039739,0.08969028666615486,0.07546124160289765,0.19368932545185089
2024-01-11,0.06360580921475503,0.14130164086818695,0.07731453999876976,0.07758095794706606,0.06054395250976086,0.0326113481088214,0.019488644239027055,0.02070008622703199,0.06844133567065,0.07949303943186514,0.089816040918231,0.07559591680765151,0.19350667893886567
2024-01-12,0.06400732194700823,0.1415705904364586,0.07648781388998031,0.07689532585791312,0.05994473025202751,0.03265345960708146,0.019562705513089897,0.020420642033570857,0.0692413946148008,0.0809128682512144,0.09043170027434826,0.07464894503355027,0.19322247207164764
2024-01-16,0.06401690477403008,0.1422296866774559,0.0759989634156227,0.07612700239405967,0.05913595780730248,0.032954559330937626,0.01964297053636983,0.02021238342994138,0.06999364222865552,0.08156057930325566,0.09041415750980378,0.0745176501572132,0.19319555163383484
2024-01-17,0.06637394726753883,0.1414228841662407,0.075039591640234,0.07132884736347478,0.05457906648516655,0.033312018648121014,0.020274964824784546,0.02113951907895171,0.07030884055420757,0.08043789673428296,0.08985851965844631,0.07376958206295967,0.20215430557727815
2024-01-18,0.06842439489222443,0.14312067329883577,0.07638723701238632,0.06908662522910163,0.05212935358285904,0.03440760707908339,0.020614238805137575,0.021546612608517535,0.07154156581964344,0.07923431443444304,0.09166945666074752,0.07323674336075783,0.19860120713710785
2024-01-19,0.0694467417627493,0.14460176974534988,0.07818009033799171,0.0676269717339892,0.050652234256267546,0.03514996293979493,0.021374153427314014,0.021913958174366144,0.0715165609959513,0.07885598433682901,0.09364723488688469,0.07272494807839394,0.19430937469005585
2024-01-22,0.06924239114766806,0.14457109868526458,0.08010921627283096,0.06616405839449727,0.04945310354232788,0.03536721012342241,0.021995704004075377,0.021684193846806466,0.07071733893826604,0.07855059546294445,0.09458007737994194,0.07281411290168763,0.19475087523460388
2024-01-23,0.06904994175441743,0.1446096584200859,0.08177634626626969,0.06550953531695995,0.04741127863526344,0.03563312198366475,0.022666276327800005,0.02132788636465648,0.07034680198412388,0.07827963201470514,0.09667542278766632,0.07312608286738395,0.193587988615036
2024-01-24,0.06889793829826658,0.14484385251998902,0.0819536380469799,0.06455044614267536,0.0467968437820673,0.03555440073596401,0.023370982613414526,0.021866763398486457,0.06965632264036685,0.07828646713022192,0.09862447306513786,0.07219679653644562,0.1934010624885559
2024-01-25,0.06934360531032553,0.14583942294120789,0.08129084631800651,0.06473244079388678,0.04711885377764702,0.03550039156443745,0.023980826255865395,0.021751113238769902,0.06908714012242853,0.0763225582400608,0.10098564177751541,0.07079511880874634,0.1932520478963852
2024-01-26,0.06915386736376376,0.14604636579751967,0.08165828064084053,0.06446768010791856,0.04682346247136593,0.03531852920041274,0.024487333034630864,0.02133212627715011,0.06866296294610948,0.07580313423691117,0.1025954507291317,0.07026666030287743,0.19338414072990417
2024-01-29,0.068860416003929,0.14476265013217926,0.0819638766348362,0.064732379061752,0.04689252935349941,0.035317238491643366,0.02483165772864595,0.021637904170756884,0.06837251028046012,0.07553072384859102,0.10474881827831269,0.06922672912478448,0.1931225538253784
2024-01-30,0.0688238488945558,0.1446283295750618,0.08265227824449539,0.06517301445419435,0.04697838686406612,0.03548470151217771,0.025023100443650036,0.02141821316547521,0.06831703963689506,0.07571516519888437,0.10402224734425544,0.06884696781635284,0.19291670024394988
2024-01-31,0.06916803503115716,0.1431012362241745,0.08132193684577942,0.06565722235827706,0.04670448265969753,0.035895664259624024,0.02513609954621643,0.020980530323231505,0.06878864280879497,0.076302902728178,0.10616073459386825,0.06829970628023148,0.1924827754497528
2024-02-01,0.06340399603456034,0.14038891345262527,0.07911786288022996,0.06839780623122352,0.048689137771725656,0.03712550156415091,0.024707940663211046,0.019762206142081594,0.07006144777406006,0.07941105991718142,0.10742884650826454,0.06819971352815628,0.1933055728673935
2024-02-02,0.06059005184406487,0.13862913995981216,0.07831350043416023,0.07033995452802629,0.05008693411946297,0.037956641234450215,0.02428939937381074,0.018867677581397402,0.07020079069770872,0.0817870299722447,0.10466494858264923,0.06852471604943275,0.19574922025203706
2024-02-05,0.06157415305499399,0.13620585799217225,0.0778269574046135,0.07141104443289806,0.051873961463570595,0.03821784266165196,0.025372815737500786,0.019607548175565627,0.07031033951789141,0.08201415348461846,0.10260554552078247,0.06811734139919282,0.1948624223470688
2024-02-06,0.061970173750637514,0.13246346712112428,0.07585622295737267,0.0721051129643456,0.05397856943309307,0.038184124434883414,0.026632894284557552,0.020515291276535664,0.06976520651951432,0.08190809296313617,0.10186185836791992,0.06722351536154747,0.19753548502922058
2024-02-07,0.06211340819812108,0.1307542935013771,0.07575079500675201,0.07244501439563464,0.05566664822399616,0.03857826312632824,0.026957004552241415,0.020885513289738356,0.0688027506461367,0.08228103029409653,0.10114439204335213,0.06727489456534386,0.19734597504138945
2024-02-08,0.0628726894745398,0.13165711015462875,0.07590278387069702,0.07248079423152376,0.05637262016534805,0.038924563977889196,0.027206870494410396,0.02161438190609033,0.06806905176490545,0.08271717238614204,0.10155600681900978,0.06697164848446846,0.19365429282188415
2024-02-09,0.06313052894001317,0.1318924233317375,0.07629432007670403,0.07196492034709082,0.055780445039272306,0.03877856716071619,0.02745665713446215,0.02287127638695665,0.06695704234298319,0.08275812823080866,0.10226275026798248,0.06671691164374352,0.19313605427742003
2024-02-12,0.06313920388338942,0.1328571319580078,0.07640901580452919,0.07143989175383467,0.05541427657008171,0.03831037416393883,0.027558701229281723,0.023468096228828016,0.06626675524748862,0.08215188939205334,0.10360999628901482,0.06641908586025239,0.19295561611652373
2024-02-13,0.06289383696295658,0.13271165192127227,0.07702442333102226,0.07093874707061332,0.05539697669446468,0.037717220834838375,0.027551093290094288,0.023487214593455975,0.06603791986126453,0.0818379979166954,0.10517140924930572,0.06648811027407646,0.19274339079856873
2024-02-14,0.04358849872351698,0.09387595653533935,0.05432063043117523,0.050082299906353,0.03949434384703636,0.026728183256000192,0.02016487946966663,0.016968128685346074,0.04781532259657979,0.05803907621148685,0.0785103678703308,0.047018517181277274,0.4233937978744507
2024-02-15,0.04247067744360038,0.09161797389388085,0.05322205796837807,0.04908436367622926,0.039087577164173125,0.02595884726742952,0.019894329452654347,0.016422736367798053,0.04688213155604899,0.05747943442058432,0.07664633244276046,0.04588242918252945,0.4353511333465576
2024-02-16,0.04162122133521393,0.08955986052751541,0.05175996199250221,0.0480678660896956,0.038363828882575036,0.025146181732088733,0.01969773927121423,0.015900077350266884,0.045793609134852885,0.05728425603594154,0.07576868236064911,0.04464109726250172,0.44639561176300047
2024-02-20,0.04130732550802918,0.08919008448719978,0.050624091923236844,0.04881164253310999,0.0394731629639864,0.025257846269778384,0.019910983979934828,0.01627865641549988,0.04606414553709328,0.05833671238706071,0.07771146669983864,0.04392051994800568,0.4431133508682251
2024-02-21,0.041819024215948276,0.09286875799298286,0.051676052436232564,0.05178550846248982,0.0421878844499588,0.026481791622518357,0.02098919342388399,0.017052848442295952,0.048449498135596514,0.061737929718129435,0.08176482245326042,0.04553540572524071,0.4176513016223907
2024-02-22,0.04755775994041187,0.10583381056785583,0.05754840932786465,0.06002978034230182,0.04936278816312552,0.030453633473007356,0.024208846577676014,0.01974205141059997,0.05557968290522695,0.07124247164461543,0.09485956355929374,0.05247220620512962,0.3311089754104614
2024-02-23,0.04737460107683091,0.10640899762511254,0.057685989141464236,0.0615544908127049,0.050787143781781195,0.03024743638061409,0.025043504085624592,0.019761530662140103,0.05635860601905733,0.07377515181074994,0.09777392372488976,0.0539108082652092,0.31931782364845274
2024-02-26,0.053820417621585646,0.11828359961509705,0.0650622233748436,0.0710908908964484,0.05882955566048622,0.03393075364465403,0.028106184373609722,0.0217537150063265,0.06441976814530789,0.0860858364248946,0.10753350108861923,0.06214051768183708,0.22894303500652313
2024-02-27,0.055111467237833264,0.12141403257846832,0.06789196357131004,0.07463975012360606,0.06132499575614929,0.034532646638945154,0.028882902569603176,0.02273372256824473,0.06743044739123434,0.09079236878612189,0.11143693327903748,0.06509712859988212,0.1987116426229477
2024-02-28,0.05480608406641636,0.12176907956600189,0.06920202076435089,0.07522652962361462,0.061423498764634134,0.034123207787251884,0.029377932974603026,0.0227342598217831,0.0678184196120128,0.09215571764068446,0.11177891343832017,0.06617837399244308,0.19340597987174987
2024-02-29,0.055047025400631354,0.12202251553535462,0.06928825825452804,0.07452106515993365,0.059016349539160726,0.033924012368061085,0.0295814745943062,0.022305004487395762,0.06842554963659495,0.09402042360206356,0.11175998747348785,0.06743233278393745,0.19265602231025697
2024-03-01,0.05503745985830051,0.12248307988047599,0.06993778198957443,0.0738036868548079,0.0573629979044199,0.033853659515079924,0.02956104276236147,0.02197654865426557,0.06879162851255387,0.09481320713351007,0.11132053136825562,0.06833759099245071,0.19272080659866334
2024-03-04,0.05487216469899749,0.12264344990253448,0.07048025727272034,0.07292505373770837,0.055959982052445414,0.0337468444255137,0.029691027314402162,0.021575425317149666,0.06862727522384375,0.09301102727551083,0.11164374500513077,0.06937983855605126,0.19544389843940735
2024-03-05,0.05500806328421959,0.12305996268987655,0.07102655544877053,0.07208814659243216,0.05477506220340729,0.034137693751836194,0.03010542014380917,0.021722413562986275,0.069257159717381,0.09104431246252673,0.11346646398305893,0.07130316495895386,0.19300557672977448
2024-03-06,0.051959625499495135,0.1235637679696083,0.07085947319865227,0.07334946315895649,0.05424605384469032,0.034822646158590945,0.02966433190740645,0.02102727092869259,0.0698238386772573,0.09165192283486619,0.11426226049661636,0.07209820449352264,0.19267116189002992
2024-03-07,0.0502340880103759,0.12372109591960907,0.07088832035660744,0.07312337053081137,0.05388230755925179,0.035330516989415625,0.029427120089530946,0.020603266857813197,0.07000522902235388,0.09156397176702384,0.11501362323760986,0.07311885207891464,0.19308822154998778
2024-03-08,0.049178968492600464,0.12309214919805526,0.07120660617947579,0.0724182428632048,0.05333475545048714,0.03598157144660945,0.02964331501862034,0.020471067196791638,0.07026391043327748,0.09172920778784839,0.1157477006316185,0.07398992627859116,0.19294256567955018
2024-03-11,0.04695045267745286,0.12333150058984757,0.07131544724106789,0.0715901399278664,0.05329156517982483,0.03665404820931144,0.029712503112386913,0.02005809336724269,0.07051061545498669,0.09269255739198386,0.1161241814494133,0.07492444589734078,0.19284445345401763
2024-03-12,0.04598360897756493,0.12256566509604454,0.07046187371015548,0.06989720652127289,0.05359986238181591,0.0374388155671113,0.030115653411485255,0.019773368660355572,0.07104837242513895,0.09354159572600569,0.11786726415157318,0.07504351884126663,0.19266317188739776
2024-03-13,0.046255734380952165,0.12132177501916885,0.0706336222589016,0.06962211931386264,0.05444589145481586,0.038173673612618586,0.030969086207915098,0.02029020440623981,0.07150353388860822,0.08974968250742847,0.11880806386470795,0.0757207952439785,0.19250583350658418
2024-03-14,0.04623491225633529,0.12036974206566811,0.07127526625990868,0.06890319905942306,0.054276734963059424,0.03852103471244846,0.03165207632118836,0.02033578995455514,0.07176823518238962,0.088127418384002,0.12009464502334595,0.07590358257293701,0.19253737330436707
2024-03-15,0.0479231493652776,0.11638138517737388,0.06927523612976075,0.06844214674129034,0.0552475780248642,0.038656275521498175,0.03281000915449113,0.021821378300370498,0.07154649910517037,0.08721293391839406,0.12251172214746475,0.07519337981939316,0.19297826290130615
2024-03-18,0.04692443066909391,0.11607370600104332,0.06916434019804,0.06872369448537938,0.055513468012213706,0.0385039382159448,0.033164904336445034,0.022161612217752237,0.07114534177817404,0.08638734551076208,0.12527469545602798,0.07472600489854812,0.19223652184009551
2024-03-19,0.04686449418972529,0.11566778868436814,0.06843191534280776,0.06836672029676265,0.05557734034955501,0.03799455732787464,0.033528812520671636,0.022497182736742616,0.0711154988501221,0.08548401179557352,0.12768732160329818,0.07460674569010735,0.192177614569664
2024-03-20,0.04713701009134752,0.11464350298047066,0.06876327097415924,0.06796426758446614,0.054708439856767654,0.03776909467642327,0.03395174444885925,0.022574072624792052,0.07170948940329254,0.08460294563793128,0.12906211912631987,0.07480217069387436,0.1923119068145752
2024-03-21,0.04749263019165824,0.11418459117412567,0.06899410858750343,0.06737776397931157,0.05440441649407148,0.03754914499777442,0.034430303145200014,0.022541209391573603,0.07211090568453074,0.08367674165732897,0.1291346400976181,0.07549625486135483,0.1926072955131531
2024-03-22,0.047916689032476256,0.11407757326960563,0.06952838823199273,0.0664008831474348,0.053788520768284796,0.037585900191243124,0.03503137511434033,0.022522703049560278,0.07278303625062107,0.08249509147578778,0.1289779797196388,0.07645882144570351,0.19243308007717133
2024-03-25,0.04947177519206036,0.11410114243626594,0.06870235055685044,0.0666490693212836,0.0535173399373889,0.03827041699369147,0.035203155979979785,0.022012876142110827,0.0741332046687603,0.08044540475176057,0.12846049666404724,0.07651774436235428,0.19251502752304078
2024-03-26,0.050171759710636366,0.11379128620028496,0.06887570396065712,0.06623198395318468,0.05331773217767477,0.03869870159296625,0.035068437550216915,0.02271819350585815,0.07463298155926168,0.07925691117363946,0.1286406472325325,0.076230688393116,0.19236496686935425
2024-03-27,0.050941492343582695,0.11425209566950797,0.06932480782270431,0.06618064532667631,0.05344224832952023,0.0394388059310586,0.03523489530198276,0.02283186239830002,0.07520072641782463,0.07862167690520963,0.1259542152285576,0.07609745711088181,0.19247905611991883
2024-03-28,0.05146155344227736,0.11518750116229057,0.06985130682587623,0.06599502482204116,0.053091878443956374,0.040017192304458146,0.035435026802588254,0.022533695674542286,0.07541791605763137,0.07830640558631216,0.12409094572067261,0.07602918967604637,0.19258239567279817
2024-04-01,0.051859014116800495,0.11614360138773919,0.0701078325510025,0.06544737452059053,0.05306102111935616,0.04076614357491053,0.03560693501494825,0.022392960533107954,0.07539002355188132,0.07752869170058183,0.12379194647073746,0.07577934339642525,0.19212513267993928
2024-04-02,0.05326860635745447,0.11455736160278321,0.06906268745660782,0.0655753987863136,0.053806047514081,0.040648296755716726,0.03647614085348323,0.024235567220875963,0.07437473488971591,0.07759535194306384,0.1236067146062851,0.07416728436946869,0.19262577295303346
2024-04-03,0.053038407044496694,0.11426779851317406,0.0671230748295784,0.06526445184354088,0.05570211075246334,0.040806869636435296,0.03657840496161953,0.024516106137531322,0.07347332430072129,0.0786548230348341,0.1254475846886635,0.07325065433979035,0.1918763428926468
2024-04-04,0.05293395662627631,0.11476761102676392,0.06652429401874542,0.06482736981051858,0.05617532841861248,0.0407420341368379,0.03659935175674036,0.02456720800500989,0.0725588767323643,0.07911638357132364,0.12649653851985931,0.07275828719139099,0.1919327735900879
2024-04-05,0.04877288289221724,0.11631729453802109,0.06583444699645043,0.0637216077731864,0.057936014607548714,0.041003932131116014,0.03625857919687405,0.023975379392231842,0.07219091667793691,0.07978232244074342,0.13004367500543595,0.07216532230377197,0.19199760556221007
2024-04-08,0.0471674369195398,0.11616186127066612,0.06521469429135322,0.06348294118433842,0.05880902633070946,0.04083795743963492,0.036698874400462954,0.0249590964276706,0.07107534534297884,0.07969123468389956,0.13213591724634172,0.07159318029880524,0.19217240810394287
2024-04-09,0.046099626167421096,0.11570187881588936,0.06523705050349235,0.06311809786202502,0.05946474578231573,0.040957889390119816,0.036855496454518286,0.025293358252173447,0.07102746283635497,0.07923407675142062,0.13294344395399094,0.07178722172975541,0.1922796279191971
2024-04-10,0.04566096532913662,0.1161725141108036,0.0660499908030033,0.06264742106250196,0.05988210421055555,0.04100187186486437,0.03661171616986394,0.02504104063906425,0.07148014390841126,0.07911983026617087,0.13155185729265212,0.072454933822155,0.19232560694217682
2024-04-11,0.03764816560639019,0.09695076197385788,0.0552305880934,0.05171586168835347,0.05130707286298275,0.03464355833948503,0.031631081795785575,0.022136425915689983,0.06084433807991445,0.066908615408137,0.11529723852872849,0.06017996668815613,0.31550632119178773
2024-04-12,0.0414920944321409,0.10585044398903846,0.06101643145084381,0.05654570299193438,0.057121525332331655,0.03786810822020925,0.034694662783294916,0.024544481022354604,0.06634554383344948,0.07274759101662145,0.12716735154390335,0.06573001742362976,0.2488760769367218
2024-04-15,0.038705343338079956,0.1041915662586689,0.05965352356433869,0.052744981864088915,0.053017393499612805,0.03717144569800439,0.03327711957972497,0.023042140398598577,0.06507590753026307,0.06832846161952322,0.12908834218978882,0.06381677165627479,0.27188701629638673
2024-04-16,0.036411314868647085,0.10342981666326523,0.058501217141747476,0.052534860054583986,0.052383339032530785,0.03680825771571108,0.03299128103535622,0.023518304567886616,0.06464495193213224,0.0678651621110367,0.13314741402864455,0.062374179065227506,0.2753899097442627
2024-04-17,0.03819194597568014,0.10949953123927117,0.062215999141335486,0.05453464591773809,0.05376344844698906,0.03902543351759959,0.03490649393061176,0.025179598489489762,0.06856056083925069,0.07257351069695109,0.1460670880973339,0.06562607511878013,0.22985567152500153
2024-04-18,0.039837981028392734,0.11516625434160233,0.06555397137999534,0.05827967157420062,0.05713281687349081,0.040863886865736276,0.03542151831788942,0.025062135585704935,0.07164206989109516,0.07585671705333041,0.14724487960338592,0.06815819591283798,0.1997799515724182
2024-04-19,0.04024346126397802,0.11665835455060006,0.06711682155728341,0.05919792405074986,0.05817875303328037,0.04146047362646641,0.03504792397143319,0.024852226925912647,0.07231881637126207,0.07657214034448571,0.14605553895235063,0.0684477522969246,0.19384980201721191
2024-04-22,0.03816011579103247,0.1181966446340084,0.06845884881913662,0.06016614365362329,0.05840146746486426,0.04147448284411439,0.03446373937185854,0.024219856597022728,0.07256502071395517,0.07712637781348856,0.1448133833706379,0.06823612079024315,0.19371781051158904
2024-04-23,0.03828431020046423,0.11944038197398185,0.07107424922287464,0.061704048630417674,0.05979086626321077,0.04166621475533248,0.03453414182877168,0.02364393242810934,0.07365074073895812,0.06910892908010276,0.14389918968081475,0.06911742240190506,0.1940855622291565
2024-04-24,0.038313123501973224,0.11856915056705475,0.07313715741038322,0.062264440100989304,0.06034231074154377,0.041769459262832244,0.03503779245074838,0.023345422061146336,0.0747824065387249,0.06470514763480004,0.1422252580523491,0.07030905708670616,0.19519926905632018
2024-04-25,0.038624696607703866,0.11719153970479965,0.07442240491509437,0.062393746031739285,0.061064244247972965,0.041753000614880874,0.03556288658874109,0.024282688807676322,0.07559465803205967,0.06187491342892617,0.14149651750922204,0.07141601145267487,0.19432272613048554
2024-04-26,0.038603463806043695,0.11551930829882621,0.07519618794322014,0.06205282331939088,0.06185946781188249,0.0416080516326474,0.036017924058251084,0.02506452178253653,0.07594020441174507,0.06008502009596182,0.14213983491063117,0.07182836234569549,0.19408482909202576
2024-04-29,0.039035022665444785,0.11483459994196892,0.07666748091578483,0.061738074954701,0.06234402190893888,0.04110899044344478,0.03659287866903469,0.025174224496785767,0.07613048152998089,0.05820725906725066,0.14114664867520332,0.07262714728713035,0.19439320266246796
2024-04-30,0.0395601349965176,0.11456810534000397,0.07803764864802361,0.06125243480601057,0.06267801821231841,0.04080200606267681,0.03696136728394776,0.02498751260757217,0.07645096629858017,0.05686526259940443,0.1398877076804638,0.07393963113427163,0.19400919377803802
2024-05-01,0.035029381791778745,0.10395498424768448,0.07102117389440536,0.05543444101931527,0.058609257079660894,0.03699729091968038,0.03309237661305815,0.022770092352763525,0.07013701694086194,0.04915953904685235,0.12644509151577948,0.06686998531222343,0.27047935128211975
2024-05-02,0.0377738228484759,0.11214308738708496,0.07776492238044738,0.0604912419217726,0.06546915676444769,0.039928831301676834,0.035456600063480434,0.023726301292524,0.07600953970104456,0.05251682010163474,0.12971026301383973,0.0724911168217659,0.21651830077171325
2024-05-03,0.036434501763267235,0.10792427062988282,0.07593977898359298,0.058241922941670056,0.06380751598626375,0.038551036842454776,0.03465752510819584,0.022141211297903852,0.07294888207688928,0.04959006571318394,0.12157922089099885,0.07085309773683549,0.24733099043369294
2024-05-06,0.03588084178435054,0.10469288602471352,0.07525820136070252,0.05681166519279941,0.062279443629086016,0.03822155651660068,0.03455895456718281,0.021173523658367797,0.07136548375710845,0.048257774487775684,0.11686693951487541,0.07051773369312286,0.2641149997711182
2024-05-07,0.037307323412045436,0.10665817707777023,0.07825579717755318,0.05820519009139389,0.06326309628784657,0.03989579898679949,0.03619066764367744,0.021357981652059266,0.07332387240603566,0.049379459896732134,0.1187493622303009,0.07352957129478455,0.2438837319612503
2024-05-08,0.03972089792470115,0.11119329780340195,0.08312597870826721,0.06092384956245951,0.06473768558353185,0.042738207094771496,0.038753053196705876,0.02207838634096504,0.07738823750987649,0.05092780720217682,0.12279093042016029,0.07874798104166984,0.20687366425991058
2024-05-09,0.04128756461640819,0.11244810968637467,0.08451787680387497,0.06163582354165555,0.064773678034544,0.04389778643135287,0.03963406879920513,0.02237113952575669,0.07831443240866065,0.05112073092774398,0.12257914990186691,0.07981483936309815,0.19760477542877197
2024-05-10,0.04224544821010738,0.11337585225701333,0.08549501746892929,0.06158337087035761,0.06356748584657908,0.04461533833809881,0.04037232026457786,0.02228569332425252,0.07760385842993855,0.05042740971803106,0.12177991420030594,0.08058390617370606,0.1960643857717514
2024-05-13,0.04349185341972088,0.11468518003821374,0.08480591252446175,0.06186004060145933,0.06306606419384479,0.04516137211930982,0.04078557789325714,0.02304642513933288,0.07704582177102566,0.050114895864485476,0.1216543510556221,0.0804818294942379,0.19380066692829132
2024-05-14,0.0444996059378866,0.11600407585501671,0.08484072238206863,0.06174438763337094,0.06277303341776133,0.04584057681422564,0.04132474465295673,0.02310209176111755,0.07655106615275145,0.04697379240028461,0.12203926742076873,0.08109384328126908,0.19321281909942628
2024-05-15,0.04536519436505841,0.11766328141093255,0.08507152870297433,0.061580988088462615,0.06223202329128981,0.04638469684323354,0.04177301519084722,0.022917021558714622,0.07608653893694281,0.04542358113421337,0.12049717009067536,0.08188212886452675,0.1931228071451187
2024-05-16,0.045604499830542974,0.11833276376128196,0.08495290353894233,0.06098728739016224,0.06114031076431274,0.046439006247601354,0.04142230935394764,0.02235115989159624,0.07475805329158902,0.044243762372503784,0.11929728090763092,0.0823410414159298,0.19812962114810945
2024-05-17,0.04628366779708983,0.11986894980072975,0.08477368950843811,0.06024476458733261,0.06138201896101236,0.047327609053445484,0.04150278586894274,0.0221903021413965,0.07494493890553713,0.043501837331145946,0.12100330740213394,0.08340035378932953,0.19357578456401825
2024-05-20,0.046696312905788774,0.12083989828824997,0.0846591755747795,0.05965981436129368,0.061048015020787716,0.047784265602513185,0.041542918025515976,0.022507801412930916,0.07441034102812409,0.04244217600504534,0.12169856131076813,0.08383190259337425,0.19287882447242738
2024-05-21,0.04700774855480176,0.12249835878610611,0.0848797120153904,0.058958427483594276,0.0599049124866724,0.048086298394446204,0.04166267234832048,0.02249051942350775,0.07409484377130866,0.041871469766515367,0.12223507314920426,0.08370421007275582,0.19260572791099548
2024-05-22,0.047501861165014245,0.12405254170298577,0.08520349487662315,0.05822442766839231,0.0583602262660861,0.04848056756554797,0.04177703065797687,0.022363255304790643,0.07417892217636109,0.04164308935646854,0.12177342623472213,0.08399969264864922,0.1924414873123169
2024-05-23,0.04923343019000583,0.12555082142353058,0.08570707589387894,0.05688509351493849,0.05899056289345026,0.049224183038586486,0.042027413425967095,0.021789537989189967,0.0751890292391181,0.038975979229171995,0.11892077475786209,0.0842870146036148,0.19321906864643096
2024-05-24,0.04938601414740447,0.1252126634120941,0.08401487469673156,0.057088381921494145,0.059900913387537,0.049455575036790836,0.041982687264680865,0.022231418031262253,0.07566862786188722,0.0361731317575412,0.11830281019210816,0.08302236273884774,0.19756056666374205
2024-05-28,0.049903922894245056,0.12758326083421706,0.08407227098941802,0.057158818391326346,0.06012104563415051,0.0498609075535569,0.04277363570872694,0.022206149223521265,0.07623235899955035,0.03444678406876598,0.11867785602807998,0.0828008159995079,0.19416216909885406
2024-05-29,0.051010139894899,0.12863334268331528,0.08352875262498856,0.05761956902460952,0.060286198370158674,0.04953725792775003,0.04342033939901739,0.023922391452069293,0.07578400634229183,0.033387484415334255,0.11861546486616134,0.08132318928837776,0.19293187856674193
2024-05-30,0.051676744201915883,0.12898292094469072,0.08222506567835808,0.0548333024034946,0.059245032630860804,0.049432894228266376,0.04353571140673011,0.024998467960537597,0.07556343637406826,0.03244979041723326,0.11701097935438157,0.07969227209687232,0.20035337507724763
2024-05-31,0.051432378650031293,0.1315082684159279,0.08420954421162605,0.05556229107678519,0.06031436510384083,0.04996300822986086,0.04381167581304908,0.024789356584125243,0.07625099346041679,0.03300625884865802,0.11504450142383575,0.08041356205940246,0.19369380474090575
2024-06-03,0.05169740571194268,0.13325922340154647,0.08584385812282562,0.05568987488222774,0.05849356967955828,0.05020352430892672,0.04361816979944706,0.024262736283239404,0.07671474283561111,0.03306154612030561,0.11330329477787018,0.08089743405580521,0.1929546445608139
2024-06-04,0.052331353682077975,0.1354023903608322,0.08656574785709381,0.05612857884480036,0.05870522279292345,0.05079802371756159,0.04222440056037158,0.02344374119274164,0.07748468136414885,0.033766762416533244,0.1093122273683548,0.08104621469974518,0.1927906483411789
2024-06-05,0.053807248560070776,0.13731370717287064,0.08560582920908928,0.05693645973369712,0.056180642917752266,0.05220349792534762,0.04082929941359907,0.022664573446735403,0.07891053715720772,0.03367953689058414,0.10661455094814301,0.08257827162742615,0.19267580807209014
2024-06-06,0.053991898572814986,0.13716022074222564,0.0852819949388504,0.057250627054236246,0.054877900332212445,0.053520579522955816,0.040330244903452696,0.022141723977617288,0.0797655787318945,0.03384482868536463,0.1038471058011055,0.08327863961458207,0.19470861852169036
2024-06-07,0.05433004631255471,0.13698409050703048,0.08387065380811691,0.057787897655725826,0.054234597086906436,0.05516978030482278,0.04042121346574277,0.021868892830312348,0.08056332804262638,0.034157108888901,0.10293783247470856,0.08464962542057038,0.19302489459514618
2024-06-10,0.055607654978282996,0.13255774974822998,0.07959331348538398,0.05529515598063881,0.05188466534018517,0.05296087544438706,0.03961567119695246,0.022613064462069586,0.078212168533355,0.031478949579995155,0.0967281237244606,0.08180920332670212,0.2216434121131897
2024-06-11,0.05887951603753265,0.1375926211476326,0.08134760558605195,0.05645414540267666,0.053050066158175466,0.05417538434439848,0.04067664586473256,0.024085553367226,0.07975302208214999,0.031187443181629425,0.09793971702456475,0.08454556614160538,0.20031273663043975
2024-06-12,0.061023988263440285,0.14153100401163102,0.0822504110634327,0.05376640536160267,0.053228276409208776,0.05485526949523774,0.04054127102717757,0.02432118816184925,0.08038653200492263,0.030620941005086343,0.09784922748804092,0.08579863607883453,0.19382681846618652
2024-06-13,0.0615500495019603,0.14327409118413925,0.08259256556630135,0.05192336428190174,0.05301370434463024,0.05443739353422643,0.0397841707104817,0.023727961896793204,0.07970150699838996,0.029916480815243496,0.09723599404096603,0.08670158982276917,0.1961411327123642
2024-06-14,0.0632392964290176,0.14672044962644576,0.08236199989914894,0.0478169409721886,0.05335250608623028,0.05518248414914524,0.03891044019255787,0.023289939390585344,0.08028331287205219,0.029199773822143272,0.09809947237372399,0.08865671455860138,0.19288665652275086
2024-06-17,0.06503512780577125,0.1499313771724701,0.08020643293857574,0.04409490451544116,0.05443852003663778,0.05597274474994265,0.03794943385291845,0.022518660767397593,0.08020219327881932,0.028727600399066234,0.09852792099118232,0.08994152992963791,0.19245353043079377
2024-06-18,0.06625354160684367,0.15206482857465745,0.07907305434346198,0.04200640725757694,0.05514864008873701,0.05588938857790708,0.037261168216355146,0.023580623629838725,0.07927119405940175,0.02809120655433599,0.09888738468289375,0.08997917175292969,0.19249342679977416
2024-06-20,0.06641562440612461,0.15317385047674179,0.07807416841387749,0.040413546806667,0.055697076767683026,0.05608690130097784,0.036832195287570355,0.023700005018821458,0.07857136577367782,0.027995178540153987,0.09976151287555694,0.09079784452915192,0.19248073399066926
2024-06-21,0.06643757049646695,0.1527717739343643,0.07711463943123817,0.039688458974342214,0.056332910992205144,0.05607717187303933,0.0363495035097003,0.024414408905636266,0.07805040590465069,0.027962974289033937,0.10093756243586541,0.09133272469043732,0.1925298750400543
2024-06-24,0.06666956288717926,0.1531112626194954,0.0775280736386776,0.03847491609958524,0.05683637745678425,0.05596743675514517,0.03609654929023236,0.02427859619725581,0.07841311916708946,0.02664456412068361,0.10056733787059784,0.09271584004163742,0.19269635975360871
2024-06-25,0.06607824585438778,0.15083998292684556,0.07847732231020928,0.03835078435331525,0.05766334999352694,0.05552832346397736,0.03589387403335422,0.02352922668497115,0.07854165453463793,0.026122379143069453,0.10191869586706162,0.09441422671079636,0.19264190793037414
2024-06-26,0.0664670800525073,0.14988807141780852,0.07958720251917839,0.038630109122459545,0.05841091070324182,0.05542552694737424,0.035969253000803295,0.02272295726557445,0.07958034370094538,0.025748298025341045,0.10141153261065483,0.09355954378843308,0.19259917438030244
2024-06-27,0.06740063542964662,0.1473017156124115,0.08053260669112206,0.03823383228991588,0.059058528207242486,0.05466025816072033,0.03644444551318884,0.024064460813941934,0.0794142309576273,0.025088649802208353,0.10164079293608666,0.09324457645416259,0.19291525781154634
2024-06-28,0.06732330034487433,0.14607364535331727,0.08208789229393006,0.03808795086588361,0.059022985957562925,0.054014946106508435,0.036650365334935486,0.024318622794794464,0.07945357579737902,0.02461664017176801,0.10208875685930252,0.09356752783060074,0.1926937609910965
2024-07-01,0.06680511630048329,0.14365251064300538,0.0833843968808651,0.038593969139401454,0.05973418056964874,0.05287201843048024,0.037354266410693525,0.026152954458173384,0.0785570541396737,0.024478914187846357,0.10158343240618706,0.09379650950431824,0.19303473234176635
2024-07-02,0.0674312795706669,0.14251578748226165,0.08271156176924706,0.039408409926181776,0.060600698366761206,0.05162546374040176,0.03805302833206951,0.02795581991328646,0.07759595960378647,0.0246851205061553,0.10237662792205811,0.09204013496637345,0.19300009906291962
2024-07-03,0.06733813057872169,0.14240423887968062,0.08344351649284362,0.03994434993401228,0.06076990347355604,0.05037107877205926,0.03810674529522658,0.02830750487350997,0.07702255807816982,0.025058572269226254,0.10261188298463822,0.0919197216629982,0.19270178973674773
2024-07-05,0.0668427558628764,0.14274173378944396,0.08417288959026337,0.04037626355857356,0.06111548375338316,0.04933773858592758,0.03725003958679736,0.027865615311161208,0.07672767583280801,0.025565411300856055,0.10335735827684403,0.09185621589422226,0.19279082119464874
2024-07-08,0.0664243922537537,0.1435704991221428,0.08437224999070167,0.04074873947065498,0.06104430202394724,0.048561983862691706,0.03628770521609113,0.02727149355452383,0.0767684968188405,0.025882798139530826,0.10413056463003159,0.09231637567281722,0.192620387673378
2024-07-09,0.06693133779029381,0.14488888829946517,0.08608834519982338,0.04067749675741652,0.06145526859909296,0.04811207175112031,0.035251416615210474,0.02653159627811874,0.07731454558670521,0.025211893556714847,0.10190798044204712,0.09311425536870957,0.19251488149166107
2024-07-10,0.06722973972097748,0.14600077122449875,0.08652852699160576,0.0403402743206243,0.06200208105146885,0.04799292066109047,0.03443873943760991,0.02631121533024654,0.07778131719678641,0.02511598129649766,0.10011236965656281,0.09357772469520569,0.1925683557987213
2024-07-11,0.06685664057785345,0.1472404792904854,0.0873330518603325,0.03986447536299238,0.061959199421107766,0.047933052934104124,0.03401279540266842,0.025932913433923233,0.07808745987713336,0.025214061638076934,0.0986267313361168,0.09427524656057358,0.19266384541988374
2024-07-12,0.06335153784266936,0.14542166441679,0.08688427433371544,0.04091224347721436,0.06412823628634215,0.04853554673659346,0.033770067454315725,0.02492434263050498,0.0792148957028985,0.02570714905775997,0.09911639839410782,0.09557975381612778,0.19245388507843017
2024-07-15,0.06162969826303026,0.14564431011676787,0.08609674796462059,0.04148821837698051,0.06506511047482491,0.04887555678333229,0.03383532343432307,0.02415289390728361,0.08020756710320712,0.026108174810129902,0.09853150099515914,0.09605716019868851,0.19230772852897643
2024-07-16,0.06125220787779142,0.14423184394836425,0.0863613285124302,0.040725316473617566,0.06359277777373791,0.0487225073474292,0.034562076814472674,0.02563689177954558,0.0809723898768425,0.026959358788153052,0.09754170924425125,0.09711818397045135,0.19232338070869445
2024-07-17,0.06074047865293721,0.1429265096783638,0.08577425330877304,0.04078051459691778,0.0630622360855341,0.048729566223710205,0.03471431585494429,0.025920236734600623,0.08166094366461038,0.027270178578277536,0.09690558165311813,0.0985625445842743,0.1929526299238205
2024-07-18,0.054933982184005005,0.14176967963576317,0.08491279408335686,0.041750112873342,0.06083056516945362,0.049825578489753754,0.0345051346346736,0.025312604108567883,0.08366413749754428,0.028076207631801076,0.09899219870567322,0.10192801058292389,0.1934989869594574
2024-07-19,0.051157149232508914,0.13955587670207023,0.08310030475258827,0.04170351269640378,0.05995208360254765,0.05056818052371455,0.034399417624808845,0.025876131778038314,0.08531572669744492,0.02891046149935228,0.10025162100791932,0.10309896469116211,0.1961105227470398
2024-07-22,0.04848411576671765,0.137379764765501,0.08252421617507935,0.042218862325898956,0.0592078011482954,0.05118928769898048,0.034400466619990765,0.026462909283684867,0.08703865744173526,0.028366042455168737,0.09953857064247132,0.10534900426864624,0.19784033298492432
2024-07-23,0.04684448799779091,0.13546950817108155,0.08224479183554649,0.04280660689510114,0.05898081548511982,0.0514814723400832,0.03487207447178662,0.02659505899904744,0.08824488446116448,0.02848308052031694,0.10030061602592469,0.10757883787155151,0.1960977792739868
2024-07-24,0.04614086669469941,0.13362610191106797,0.08268809095025062,0.04289836802490754,0.057845355570316316,0.05240024484005516,0.03549188782926649,0.026314760113462655,0.09010013155639171,0.029040395674418205,0.1003242701292038,0.1093567207455635,0.1937727838754654
2024-07-25,0.03909668699851352,0.11979756578803062,0.07428229823708535,0.03884232778254955,0.05253065600991249,0.049179161154052055,0.032819792092777786,0.025081997178831018,0.08410633243620395,0.027705515892296795,0.09396597743034363,0.09915581345558167,0.2634358942508698
2024-07-26,0.039106851952939795,0.12622537687420846,0.07889665141701699,0.04080298755106924,0.05575035884976387,0.0536178996086619,0.03506476781331003,0.0263843963153775,0.09024532288312911,0.028838002106973803,0.1015475109219551,0.10473142117261887,0.21878844499588013
2024-07-29,0.03714855511937572,0.12298083975911141,0.07767340689897537,0.04019681905920151,0.055193657800555226,0.053934597129000394,0.03482922338880599,0.025277930825479446,0.08919383697211743,0.028678306671480948,0.09909363687038422,0.1031634658575058,0.23263573050498962
2024-07-30,0.03779236016640084,0.12547341287136077,0.07849160879850388,0.04135196657371125,0.0574170146137476,0.057766085104731246,0.036519200657494366,0.0256134791551041,0.09298227988183498,0.03008478889932853,0.10307335704565049,0.10694247186183929,0.20649198591709136
2024-07-31,0.03662816875508952,0.12628667950630187,0.07854666709899902,0.04200461326945515,0.05807603746652603,0.06072037041117255,0.03733046848792583,0.025257305401045472,0.09436341784894467,0.030785704840073612,0.10468213856220246,0.10848975032567978,0.19682868719100952
2024-08-01,0.03305352234938823,0.11493650078773499,0.07214793488383293,0.039096125095238674,0.05369065403938293,0.05745115015211013,0.03544324890244752,0.022862620131834176,0.08673241883516311,0.028457260400994853,0.09657924026250839,0.0995783731341362,0.25997098088264464
2024-08-02,0.026062539242153092,0.09618700444698333,0.05922449231147766,0.031185272738002822,0.04397978596389294,0.05169901740389378,0.030681141675449906,0.018518949689104856,0.07486221715807914,0.024626135976127728,0.08061545193195344,0.08676412031054496,0.37559388279914857
2024-08-05,0.023207261783753097,0.08957253769040108,0.05441156327724457,0.02826793515305326,0.040678360126912595,0.05118135411319145,0.02851690584793687,0.016475650659464235,0.07152863927185535,0.02459752613240749,0.07428693175315856,0.08484708219766617,0.4124282658100128
2024-08-06,0.021215668117523023,0.08139573968946934,0.050482671707868576,0.025982982258938137,0.03717326447367668,0.052812147238910256,0.026226380793377756,0.014117721820805684,0.06749437116086483,0.024063493836925964,0.07056030854582787,0.07806783840060234,0.45040740966796877
2024-08-07,0.02131414064191688,0.07876005880534649,0.051148748770356176,0.02575572907771857,0.0372567392885685,0.052651230920400846,0.026972975675016643,0.014780521570521898,0.06785223670303822,0.02484119279386583,0.07050606608390808,0.07836923450231552,0.44979110956192014
2024-08-08,0.020694218347955484,0.07764457352459431,0.05049195513129234,0.025783634594336035,0.03768052291125059,0.052425725671673716,0.027185805840417743,0.015710719791287887,0.06834810636937619,0.02602052351810933,0.07174634262919426,0.07710734829306602,0.4491605222225189
2024-08-09,0.020556885472298347,0.07621722221374512,0.04992090091109276,0.0257800148705428,0.03807513099163771,0.0513503411098327,0.027310726791620256,0.015876076608249433,0.06830391027033329,0.027056606111241166,0.07251285612583161,0.07667679861187934,0.45036253333091736
2024-08-12,0.020241139720393164,0.0747696727514267,0.049180984124541284,0.02578099614038365,0.03817826621234417,0.05060222936938317,0.027395752258598804,0.015912116621413473,0.06836956143379211,0.02797946242232534,0.07406915128231048,0.07627766281366348,0.45124300122261046
2024-08-13,0.020282202398108497,0.0738484501838684,0.04839317388832569,0.026007343246237723,0.038882223144173625,0.04990840969883266,0.027407289622351526,0.015775417544526958,0.0688924666494131,0.028536929673472145,0.07586532756686211,0.07490156069397927,0.45129920840263366
2024-08-14,0.02068367526728281,0.0729913093149662,0.04836642295122147,0.026379651375100364,0.03981789667159319,0.04921451106706627,0.027309638541191818,0.015364573667123693,0.06913121789693832,0.029212299059080495,0.07492596730589866,0.07465186268091202,0.45195099115371706
2024-08-15,0.021271281794223284,0.07268323637545109,0.048441984504461286,0.02680187354271766,0.040153784304857255,0.04930638514367729,0.027639670111238957,0.015298890924439234,0.070059534907341,0.029257742174805125,0.07476016208529472,0.07508475929498673,0.44924070239067077
2024-08-16,0.022052068015688063,0.07214383892714978,0.048602265492081645,0.02738022874473245,0.040915797278285024,0.04694544243056953,0.027790252259001134,0.015473644495576621,0.0702435664832592,0.029854208046896778,0.07503717467188835,0.07498554214835167,0.44857597947120664
2024-08-19,0.023358435124315235,0.07399538084864617,0.05026971772313118,0.028738229662485536,0.04298538491129875,0.04748123599317751,0.029225343372672796,0.016169040188087534,0.07298149466514588,0.030614901170797636,0.07641551196575165,0.07741817682981492,0.4303471684455872
2024-08-20,0.02599665994017215,0.08026391081511974,0.05493568778038025,0.031428594167664414,0.04694106131792068,0.05036601935912586,0.031905902456492184,0.01741780557085946,0.07882102578878403,0.03257411760730964,0.08082606643438339,0.08423994854092598,0.3842832028865814
2024-08-21,0.03180460621003647,0.0946357823908329,0.0644413810223341,0.03759287009670516,0.05556655116379261,0.05980940409885989,0.03819129625335336,0.020227301774002625,0.09398798868060113,0.038854646634482216,0.09504603147506714,0.1004718378186226,0.2693703055381775
2024-08-22,0.03529031212157605,0.10285020172595978,0.0702479887753725,0.04125242500012973,0.06036007329821587,0.06444967062689103,0.04179616640321911,0.021244663488242565,0.10182229727506638,0.04221384429002413,0.10140930265188217,0.10954971238970757,0.20751334428787233
2024-08-23,0.03487342403791871,0.10525133684277535,0.06959881782531738,0.041810946035548115,0.05927163809537887,0.06368125161418448,0.04235855173319578,0.0218304157304857,0.10243312045931816,0.04126069686069798,0.10174250453710557,0.11151309832930564,0.20437417626380922
2024-08-26,0.029497885522073376,0.08989491648972034,0.05956607200205326,0.03570708004772314,0.049691570550203325,0.05310988521227955,0.036862767999991775,0.01837676153486143,0.0861556239426136,0.034990365990036666,0.08659462556242943,0.09569686204195023,0.3238556146621704
2024-08-27,0.0320369682531819,0.09832605458796025,0.0637450434267521,0.038408003484801154,0.05231188572943211,0.05731316333658469,0.040297737903892995,0.019497371433133993,0.09221090078353882,0.038239354956790275,0.09432043582201004,0.1037401907145977,0.269552880525589
2024-08-28,0.03461279860567572,0.10496113374829293,0.06747758463025093,0.041333340980054346,0.05546671710908413,0.06122550524307826,0.04376776996068656,0.02047999555993556,0.09822041392326356,0.0414858348964799,0.10056639164686203,0.11165766343474388,0.21874486804008483
2024-08-29,0.03466056534419408,0.10724797956645489,0.06776572912931442,0.04225676949281478,0.055764796957373616,0.062305246777168574,0.04487495259381831,0.020326740651506726,0.09971878975629807,0.04211538391709411,0.10029737949371338,0.11348771452903747,0.2091779589653015
2024-08-30,0.035159251231385726,0.10825234949588776,0.0690728735178709,0.0434200340321695,0.056397052481770515,0.06289175437493669,0.04627145053818822,0.020560550075913397,0.10105635151267052,0.043360238783613524,0.10203421264886856,0.11476627364754677,0.19675759077072144
2024-09-03,0.03612015019085675,0.10708814524114132,0.06957093179225922,0.04455262387928087,0.05684041976928711,0.06236887471604859,0.047188924392685294,0.020874895228485003,0.10156386867165565,0.04339828807147565,0.10050264000892639,0.11610192060470581,0.19382837414741516
2024-09-04,0.03349050010284458,0.10515134185552596,0.06732398010790348,0.04288065201908466,0.0546336617320776,0.06269017349443402,0.04549850737676024,0.01933097615870878,0.10038816258311271,0.044019939521835916,0.0967753805220127,0.11674428209662438,0.21107242703437806
2024-09-05,0.033248431726494235,0.10677357614040375,0.0684685330837965,0.04340677299915115,0.05526167936623096,0.06499231845079975,0.045479422993958,0.018968135621865657,0.10244964063167572,0.04643903733561032,0.0965379849076271,0.12104805558919907,0.19692642986774445
2024-09-06,0.03269230126579572,0.10650563202798366,0.06817667856812477,0.0436702427410637,0.055302012339234353,0.06674791796069712,0.045323803555220366,0.018665593685483373,0.10304568782448768,0.04796474134194888,0.09590543061494827,0.12225954607129097,0.19374038875102997
2024-09-09,0.029671189601668858,0.10508365854620934,0.06574839092791081,0.040254933567484844,0.05237511843442917,0.06871096573204341,0.044323898013681175,0.017329294394917837,0.10252121165394783,0.047799242230293436,0.09223107844591141,0.12235192731022834,0.21159911155700684
2024-09-10,0.028578476429562728,0.10564022734761239,0.06532388925552368,0.03924013324067346,0.05203242897987366,0.07188882409213875,0.04524471024051309,0.017068274365782087,0.10354869365692139,0.049163870845594995,0.09147309735417367,0.12470191717147827,0.2060954451560974
2024-09-11,0.02846658479038382,0.10519025102257729,0.06514049880206585,0.0385963291839289,0.0520526897162199,0.07586888276985064,0.046842846740037206,0.01699497836284678,0.10461428314447403,0.05108216363474529,0.09066377282142639,0.1276968836784363,0.19678983092308044
2024-09-12,0.02837075547540451,0.10329636260867119,0.0649367168545723,0.03811207018006826,0.05216244682669639,0.0781245917346041,0.048258756287395954,0.016969834372602577,0.10474302917718888,0.05211848578236396,0.0905899628996849,0.127205291390419,0.19511169493198394
2024-09-13,0.02849106597054174,0.10146524384617805,0.06506322920322419,0.037742309766326795,0.05223894529044628,0.07900902971978212,0.04969648541882634,0.01701947857557684,0.1042488619685173,0.05212905415693658,0.09007173329591751,0.12704527527093887,0.19577929973602295
2024-09-16,0.029060758196744984,0.10117541030049323,0.06501081734895706,0.0375753291977162,0.05244564600288868,0.0796118593625124,0.05141359409317374,0.017142722493844076,0.10351511240005493,0.052106859609542866,0.08916225209832192,0.12671772614121438,0.19506188333034516
2024-09-17,0.0297551651406053,0.10134895220398903,0.06475077867507935,0.03771808409146615,0.05268382951617241,0.08003705961978085,0.05265483083203435,0.017228521677003526,0.10282913446426392,0.05229532426477181,0.08922701478004455,0.12584767937660218,0.19362363815307618
2024-09-18,0.030671587575884018,0.10183861069381236,0.0654151264578104,0.037310943495685936,0.053193192929029465,0.07992512617320244,0.05335340239107609,0.01717971452798821,0.10268218368291855,0.05193032335167391,0.09040162637829781,0.12293855175375938,0.19315960705280305
2024-09-19,0.031668050350391753,0.10129205882549286,0.06593056097626686,0.037532757385633886,0.05370230339467526,0.0777962182928377,0.053381874691694975,0.01837177313826146,0.10307553857564926,0.05108838618498677,0.09056874811649322,0.12193257138133048,0.1936591535806656
2024-09-20,0.03190860084443159,0.09978146627545356,0.06614123620092868,0.03690226931503275,0.053793564811348914,0.07483005023123042,0.05297222007066012,0.01867329822222814,0.10130389630794526,0.04984373538624087,0.08996543139219285,0.11889303326606751,0.204991215467453
2024-09-23,0.03307281779511726,0.10004521980881691,0.06697415374219418,0.03586403492081445,0.05506997108459473,0.07547121003103711,0.054165685642510654,0.01934634430600397,0.103444504737854,0.050176864310537896,0.09203168749809265,0.11928355619311333,0.19505395889282226
2024-09-24,0.03387952091555633,0.10016123503446579,0.06704267486929893,0.035261446768708994,0.05618102140724659,0.07519551952236725,0.05464164577424526,0.0198159245001051,0.102944715321064,0.049948261480362355,0.09294570386409759,0.11891961991786956,0.19306271076202391
2024-09-25,0.034421854360486746,0.10007979571819306,0.06691814325749874,0.03480924768518889,0.0571663249284029,0.07456989950269417,0.05509813241660595,0.02009494609141029,0.10198510736227036,0.049526797440203475,0.09398222491145133,0.11763140410184861,0.19371612071990968
2024-09-26,0.035744357443374494,0.09953630492091178,0.06633364371955394,0.03464569526986452,0.057009073346853255,0.07305934171354238,0.055128666758537295,0.02209746384365303,0.10193823724985122,0.050074888142843756,0.0938794232904911,0.11618218347430229,0.19437071084976196
2024-09-27,0.037247823007960076,0.09968434870243073,0.06643669344484807,0.034305089741246776,0.058580038137733936,0.07252063770824861,0.05544764893129468,0.02284726249814355,0.10192648321390152,0.05113767315732165,0.093252769485116,0.11330396682024002,0.19330957233905793
2024-09-30,0.0383644726122462,0.10017690509557724,0.06682993993163108,0.0333458710796549,0.05901847369968891,0.07262584405075359,0.055802032724022864,0.02293986338740268,0.10200372934341431,0.05069586201429797,0.0934474527835846,0.11237510964274407,0.19237444102764129
2024-10-01,0.03994318586298036,0.1009230799973011,0.06734376773238182,0.03287683522212319,0.057690242491662505,0.07197125205157136,0.05574430748820305,0.02342573199714053,0.10215097963809967,0.04968356209292644,0.09329323172569275,0.11238343119621277,0.19257040321826935
2024-10-02,0.03857774267852321,0.10270523950457573,0.06692574620246887,0.03237355723103974,0.05844069290906191,0.07256987945766014,0.05597174782305956,0.022707368962529985,0.10268518030643463,0.05011386020780453,0.09428442567586899,0.11087538972496987,0.19176916182041168
2024-10-03,0.038460949274113435,0.1033054195344448,0.06684589385986328,0.032029084768146275,0.05987083222717047,0.07200660280504963,0.05564144076779485,0.022752563327756548,0.10268291085958481,0.0503174126061392,0.094875006377697,0.10952145904302597,0.19169042408466339
2024-10-04,0.0395800803442107,0.10199373960494995,0.0665901929140091,0.031385706322907936,0.05939459502696991,0.06996508080478633,0.05523590249940753,0.02483269474183487,0.10243858695030213,0.05135401855508359,0.09762008935213089,0.10770037397742271,0.19190892279148103
2024-10-07,0.04124468842483466,0.1014077603816986,0.06697376742959023,0.03176955205854028,0.059627967327833174,0.06505870374389815,0.054759761225432156,0.02702081794453761,0.10167380571365356,0.05251936387425715,0.09920855686068535,0.10641719400882721,0.19231804609298705
2024-10-08,0.040300854617831304,0.10161002650856972,0.06639472842216491,0.03231253911508247,0.06098049795255065,0.0624243128273065,0.05404377118684352,0.028678054665412844,0.099134761095047,0.05426164787082417,0.1030895546078682,0.10474503934383392,0.19202419519424438
2024-10-09,0.04180112251614645,0.10141724869608879,0.06755629591643811,0.033500904367247133,0.0588391499593854,0.06118614029260243,0.05392038468271494,0.02882158168665825,0.09908786416053772,0.05505181953991141,0.10134302526712417,0.10558481067419052,0.19188964664936065
2024-10-10,0.04348661139937064,0.10128341466188431,0.068884489685297,0.03455853606283199,0.05748584428802132,0.05921318671685185,0.053687323024496435,0.02902564702975354,0.09865028113126754,0.055434259340034056,0.09986649975180625,0.1061958484351635,0.1922280818223953
2024-10-11,0.04479436941256978,0.10157479643821717,0.0696326594799757,0.03551143908844097,0.05652089361101389,0.05795643092419596,0.05372431394644082,0.029064784761567354,0.09834559559822083,0.05611190193733719,0.10021021515130997,0.10448063611984253,0.19207196831703185
2024-10-14,0.045916516269457475,0.10268807262182236,0.07042070180177688,0.03634097278991248,0.05544533533975482,0.05732147323583377,0.053823908278718594,0.029120320481537475,0.09785864949226379,0.05620428617843558,0.0986462090164423,0.1039738491177559,0.1922397196292877
2024-10-15,0.04761809288044674,0.10452903136610985,0.07121899090707302,0.03729073653594241,0.05353437904268503,0.05700737138886325,0.054056654078885914,0.028937016475723,0.09820303171873093,0.056196134842582166,0.09490371085703372,0.10383970588445664,0.19266514480113983
2024-10-16,0.04732088990091512,0.10616504475474357,0.07307163290679455,0.03552494114192086,0.050942191295325755,0.05783771932301533,0.05391566725447774,0.027812155517192138,0.09995704889297485,0.05810076289913084,0.09140734523534774,0.10557262599468231,0.19237194955348969
2024-10-17,0.04742412340398232,0.10707779973745346,0.07451251707971096,0.03477824757283088,0.04953817930072546,0.05845894895169294,0.05372859481722116,0.027209819848849293,0.10056338608264923,0.059479053627769216,0.08858965076506138,0.10625657290220261,0.1923830658197403
2024-10-18,0.04856241913679042,0.10725983306765556,0.07553109005093575,0.03476635327097029,0.04822503281757236,0.05748378261318976,0.05291370814666152,0.02947465724646179,0.10069772452116013,0.061413267567081854,0.08601423837244511,0.10508986860513687,0.19256804287433624
2024-10-21,0.04931976611802469,0.1083510734140873,0.07629377692937851,0.034776965441415085,0.04757201494649053,0.057139099051892114,0.05205814708024263,0.030403406412058586,0.10072200000286102,0.06272159849548586,0.08265243321657181,0.10558005720376969,0.19240967631340028
2024-10-22,0.05265835829524264,0.10854209512472153,0.0755198135972023,0.034078430356748866,0.047422322630882266,0.05611215207763962,0.05125560029409826,0.03233084747253088,0.10002062618732452,0.06602463753449932,0.08158887922763824,0.10174314081668853,0.19270309507846833
2024-10-23,0.05479472275165307,0.11002640202641487,0.07497689574956894,0.033443038920813704,0.04708635220304132,0.05524431687717879,0.05048165768384934,0.03289243349293543,0.09863005578517914,0.06834469321356842,0.08213318437337876,0.09996132552623749,0.1919849097728729
2024-10-24,0.0539278224742759,0.11188426539301873,0.07491980344057084,0.033010412225848995,0.04757792958989739,0.05533766605881283,0.04975691908039152,0.0333156110097228,0.09797525703907013,0.067403398186101,0.08245973102748394,0.1005446344614029,0.19188654124736787
2024-10-25,0.05361976763224803,0.11379640847444535,0.07494288459420204,0.032984671683516355,0.047611814737319944,0.05515285895608031,0.049207964166998866,0.03317613018090739,0.09706806987524033,0.06730668813208726,0.0827940970659256,0.10033130049705505,0.1920073449611664
2024-10-28,0.05385059781031103,0.11472106352448463,0.07483614087104798,0.03297670803731308,0.047797758132219315,0.05482492086407546,0.04861727203242481,0.03345396841234205,0.09629569798707963,0.06748751368063584,0.08458277508616448,0.0983523353934288,0.19220325350761414
2024-10-29,0.054636365354311066,0.1146363765001297,0.07589471116662025,0.03348395858629374,0.04833602970466018,0.05445174968212996,0.04817752023227513,0.03308135970955348,0.09624961912631988,0.06786294463432033,0.08235024064779281,0.09809164851903915,0.19274748265743255
2024-10-30,0.055233131766904364,0.11534252017736435,0.07585564702749252,0.03361598954070359,0.04832156877964735,0.05459399013575421,0.048180731805041434,0.032720817342831054,0.09649361371994018,0.06819675302953102,0.08196454755961895,0.09674188792705536,0.19273877739906312
2024-10-31,0.05538588410048888,0.11559588760137558,0.07639200016856193,0.033393794069706925,0.047433645091950895,0.054705573994851875,0.04814919233322144,0.032368605144143456,0.09632007926702499,0.06900103124807391,0.08207177817821502,0.09657382518053055,0.19260870516300202
2024-11-01,0.0512460467184944,0.11602796539664269,0.0758354939520359,0.03461559801653493,0.049018679186701775,0.057004582967147145,0.04865724826231599,0.03131138765880337,0.09788291901350021,0.06666665501266156,0.08357053995132446,0.09484696388244629,0.19331596195697784
2024-11-04,0.05036471676881717,0.11584648787975312,0.076877860724926,0.036217215785291045,0.05045319739729166,0.05681414242571918,0.04869510130956769,0.03222715467682704,0.0986797496676445,0.06610181668705532,0.08232657127082348,0.09267228841781616,0.19272370338439943
2024-11-05,0.048983884456453096,0.11545486226677895,0.07783164530992508,0.037501150315802076,0.0514149091206491,0.05664748939975652,0.048114859685301783,0.03163361830484703,0.09889518022537232,0.06590224763854255,0.08279147408902646,0.09222144931554795,0.19260721504688263
2024-11-06,0.04785032548583743,0.115102469176054,0.07838680297136306,0.03849112478637835,0.05224271612241864,0.05633763104347054,0.04765334166586399,0.03086175530626889,0.09841770380735397,0.06589506226803721,0.08311509042978286,0.09176198095083236,0.19388400316238402
2024-11-07,0.05012041691664706,0.11360930502414704,0.0811593398451805,0.03827511531562777,0.05246901661157608,0.05526414805399327,0.04865719620138407,0.03244809643222766,0.1009838417172432,0.061935629527612335,0.08278078287839889,0.09002118557691574,0.19227594435214995
2024-11-08,0.05085310464163868,0.11289108023047448,0.07922779619693757,0.038353937131614654,0.052835647761821744,0.05381254925405301,0.047829736163839696,0.03133996719240599,0.10126662105321885,0.05908322057750368,0.08194752857089042,0.08958410248160362,0.20097469091415404
2024-11-11,0.05409655600287948,0.11522594392299652,0.08216875866055488,0.03754727719642688,0.04974762247875333,0.05420088056689565,0.047293904284015295,0.03057330296641183,0.10515542924404145,0.057721238406843865,0.08148714080452919,0.09151892215013505,0.19326303899288177
2024-11-12,0.057162401932193775,0.11733374670147896,0.08487729653716088,0.037539750094583726,0.048007846157997844,0.053856393351725276,0.04608734124340117,0.029521307862734148,0.10721911489963531,0.05404281713654804,0.07979917339980602,0.09129083603620529,0.19326198995113372
2024-11-13,0.06062311660677651,0.11660858094692231,0.08280445709824562,0.03546665059548104,0.04528116621077061,0.0522054578584175,0.04458039291203022,0.03014003113509247,0.10546367913484574,0.05077997312930353,0.07765661254525184,0.0884876936674118,0.20990219116210937
2024-11-14,0.06527668718486553,0.12050911635160447,0.08268314152956009,0.03503684306633659,0.04485887698829174,0.05299027777773517,0.04474772582761943,0.031331803710565966,0.10724431425333023,0.048937326150992534,0.07800938934087753,0.0900989443063736,0.19827554225921631
2024-11-15,0.06629631381850772,0.12297373563051224,0.08145825192332268,0.03535006112797419,0.04494962226599455,0.053981082089285336,0.044466261519119143,0.03141590896863704,0.10818111151456833,0.048032254529872274,0.07865192592144013,0.09047267287969589,0.19377074539661407
2024-11-18,0.061880377429964994,0.12323929369449615,0.07957570105791092,0.03602839640225284,0.04626683853566647,0.05539383525892845,0.04399144528433681,0.030450361781043257,0.11028466820716858,0.04810974972857736,0.07934414073824883,0.09150374233722687,0.19393145442008972
2024-11-19,0.05913789049378977,0.1235767126083374,0.07783097252249718,0.036646206039586106,0.04728786386549473,0.0561087988710824,0.04388949801214039,0.029633981563584655,0.1103734865784645,0.046943301404227,0.08051103614270687,0.09236928671598435,0.19569095969200134
2024-11-20,0.057300347582165755,0.1234994500875473,0.07672946751117707,0.037240150074649134,0.048004305176436904,0.05753728539239091,0.04424993060529232,0.029202120689440392,0.11064827293157578,0.046081537113649776,0.08135123662650585,0.09373655766248704,0.19441934525966645
2024-11-21,0.05595915653320347,0.12245370373129845,0.07559122368693352,0.03770128028991167,0.04877589363604784,0.05874027722056781,0.04443340385332704,0.029467177069060567,0.1104084610939026,0.045530869188974955,0.08251112326979637,0.09449151307344436,0.19393592178821564
2024-11-22,0.05474040438612278,0.12126500979065895,0.07462038397789002,0.03813977929676184,0.04901232998818159,0.0596762715758814,0.044730863999575377,0.02954556176216556,0.10961332321166992,0.045225687083373066,0.08399922400712967,0.0955222487449646,0.1939089000225067
2024-11-25,0.053947984008672026,0.1207394115626812,0.07377771213650704,0.03858261156856315,0.04909093305468559,0.060476602779999666,0.04514862550422549,0.029486608810908164,0.10852268636226654,0.045004403377844324,0.08501127623021602,0.09643651843070984,0.19377461373806
2024-11-26,0.054886012033510664,0.12153465449810028,0.07468509376049041,0.03987448765547015,0.0492646262049675,0.061076487232458024,0.04411132577806711,0.028568324947510604,0.10835830718278885,0.04230396782920849,0.08352213613688945,0.09864638596773148,0.19316815137863158
2024-11-27,0.05616748324805201,0.12361725345253945,0.07423782199621201,0.04030569664319046,0.04922924917191267,0.061151000406607633,0.042613574769347906,0.028145686645622447,0.10724436342716218,0.040653361892008986,0.08338173367083072,0.10053993165493011,0.19271284937858582
2024-11-29,0.056211025123317174,0.1243847854435444,0.07485990971326828,0.04124296640511602,0.049396957643330096,0.06179732939749556,0.041704965941607955,0.02746577219197377,0.10647778362035751,0.03923205682033189,0.08195884115993976,0.10268964022397994,0.19257795810699463
2024-12-02,0.056569601038292915,0.1259315051138401,0.07537641897797584,0.04181801555532729,0.04936124887317419,0.06264387287455975,0.040976698789745566,0.02686999754726216,0.1055541455745697,0.03794694165750645,0.08090099468827247,0.10348105132579803,0.1925695061683655
2024-12-03,0.05758193140191707,0.12713790759444238,0.07609308436512947,0.04255850482004462,0.050105642341077325,0.06408680897447994,0.04050859427079558,0.02612175590167638,0.10535158365964889,0.036152350394461054,0.07954091466963291,0.10221058875322342,0.1925503522157669
2024-12-04,0.05836146140864713,0.1278475508093834,0.07537072449922562,0.043297652422916146,0.05075545385479927,0.06424531863058291,0.040009074844419956,0.026489414180572268,0.10469889044761657,0.03517122236507166,0.08013321049511432,0.10100595951080323,0.19261407256126403
2024-12-05,0.0588267497839496,0.12911758273839952,0.07560509070754051,0.043950937484623864,0.05128275938332081,0.06460310216234574,0.039674526546150446,0.026219698935589973,0.10420067310333252,0.03477433415268294,0.07952116653323174,0.09978089481592178,0.19244245290756226
2024-12-06,0.059133535061898355,0.12993383556604385,0.07407309785485268,0.04481653193215607,0.05265971533954143,0.06521636294173731,0.03948088763281703,0.02575366644902104,0.10377202779054642,0.033911491347096145,0.08006721213459969,0.09871231168508529,0.19246932566165925
2024-12-09,0.05934972604045115,0.13165406733751298,0.07386160716414451,0.045335275199613535,0.053226581774652004,0.06579480683972179,0.03932434832677245,0.025090399821766952,0.10328730791807175,0.03360621785924813,0.07954843826591969,0.09748109132051468,0.19244009554386138
2024-12-10,0.05818622521545578,0.13152284771203995,0.07343207821249961,0.04627584954432677,0.05537528730928898,0.06529589784281598,0.03930832669138908,0.024771784575626656,0.10249874293804169,0.033602316425561794,0.08039957024157048,0.09703577607870102,0.19229528903961182
2024-12-11,0.05817553784476033,0.1318359449505806,0.07425440177321434,0.04601702047802973,0.05409889537841082,0.06564771112716698,0.03944101966917515,0.02431741792515041,0.10331593304872513,0.033671456609879157,0.0818025391548872,0.09529784619808197,0.19212428033351897
2024-12-12,0.0579862026809387,0.1312356024980545,0.0753721497952938,0.04646164995065192,0.05376077461987734,0.06471544455735057,0.039779482036828996,0.024357197677829134,0.10292907655239106,0.033745736583458454,0.08334405682981014,0.09405717700719833,0.19225544333457947
2024-12-13,0.057916859106161664,0.1297626867890358,0.07501825913786889,0.04652399484912166,0.054427522048354146,0.06415199621101238,0.04034169232472777,0.02595426870625772,0.10243654102087021,0.03278577499247781,0.08466894552111626,0.09357805401086808,0.1924334168434143
2024-12-16,0.05857362938931985,0.1292255327105522,0.07481055185198784,0.0470913882527384,0.0553174814209342,0.062535792423796,0.04066485371440649,0.027889713282284134,0.10045055896043778,0.03152590599537088,0.08626535795629024,0.09306680113077163,0.1925824373960495
2024-12-17,0.05909589765850143,0.1300657108426094,0.07597754523158073,0.04726836066110991,0.05491019152104855,0.061199436899232754,0.040731739206239584,0.028472878613410302,0.0994298741221428,0.030790526719475686,0.0870785053819418,0.09277253448963166,0.1922067552804947
2024-12-18,0.05897082327423604,0.13070469498634338,0.07544977888464928,0.04796212563378503,0.05556920617818832,0.060666576152425475,0.04065378336235881,0.028073008558732227,0.09855617135763169,0.030298206130534844,0.08801454491913319,0.0928007185459137,0.192280375957489
2024-12-19,0.03973228041462988,0.08741736859083175,0.05129679888486862,0.03291205760469893,0.038326870556920765,0.04166673335093947,0.02780662472359836,0.01932052942169271,0.06727544963359833,0.021018473400586934,0.061692171916365626,0.061867325007915495,0.44966732859611513
2024-12-20,0.03976329041722977,0.08627420738339424,0.05131208933889866,0.033186035174730934,0.038989871833473445,0.041058385954283946,0.02825291557237506,0.020206630675954785,0.06669338047504425,0.02129883155443455,0.06291432529687882,0.060104678571224215,0.44994536638259885
2024-12-23,0.039680335036293,0.08563333004713058,0.05180396288633347,0.033290157525334506,0.03920980505645275,0.040617953366927396,0.02869357788003981,0.02040902971709908,0.06566966325044632,0.021696781967157897,0.06420734524726868,0.059105494618415834,0.44998258352279663
2024-12-24,0.03987720292108463,0.08482168689370155,0.05209018550813198,0.033542113883595445,0.039864597283303736,0.039721976937698855,0.029167540743947028,0.020993830441750915,0.06450147479772568,0.021980934291768506,0.06568775661289691,0.057978895306587216,0.4497717976570129
2024-12-26,0.03978353959965268,0.08379433006048202,0.05254521444439888,0.03360252509082784,0.040120333153754476,0.03923368616297011,0.029613108746707438,0.02107526775485624,0.0636190764605999,0.02261191799206035,0.06723686195909977,0.05717880576848984,0.4495853245258331
2024-12-27,0.039941244503836515,0.0839231126010418,0.05385622419416904,0.03388757491848082,0.04038895135745406,0.039576592477760644,0.030305343493819237,0.021438036204279955,0.06402055770158768,0.023563258451154746,0.06860126629471779,0.05729652643203735,0.44320131540298463
2024-12-30,0.03776574407328646,0.08294818326830863,0.05321170389652252,0.034647846112784465,0.04140564110130072,0.03987471912387264,0.030185873620212078,0.021896490265523205,0.06374255120754242,0.02409048788787338,0.07140091583132743,0.056002219766378404,0.4428276240825653
2024-12-31,0.03659632648214277,0.08827971816062927,0.05657726861536503,0.037680190202081576,0.04442768841981888,0.043390973808436685,0.03213169286027551,0.02305895950377046,0.06839081645011902,0.02659567699817931,0.07815291583538056,0.059495837241411206,0.40522193908691406
2025-01-02,0.04047675862208564,0.10426325127482414,0.0668946772813797,0.04576336325990269,0.052821526490151885,0.05234076466640545,0.037584359664469956,0.02715671478395798,0.08109740167856216,0.03263355079099597,0.09542378708720207,0.07102597802877426,0.292517876625061
2025-01-03,0.04268263568049235,0.11471850275993348,0.07481561079621316,0.05144256393541582,0.05858970303088427,0.05939027628091935,0.04175003375858068,0.029728525541788998,0.0903700552880764,0.03683223642447455,0.10896647721529007,0.07829637825489044,0.21241700053215026
2025-01-06,0.041949730725297486,0.11523725837469101,0.07737698331475258,0.053162355008680606,0.05974056143313646,0.06125133606383315,0.04266417413018644,0.030423730361294688,0.09191404208540917,0.03719444602673576,0.11102276816964149,0.0804095782339573,0.19765302836894988
2025-01-07,0.04114343947159042,0.11371884867548943,0.07859396860003472,0.05390804249473149,0.05974390022456646,0.06236866728058885,0.04308176557533443,0.030974632968812976,0.09243784844875336,0.03763344160119928,0.11237325221300125,0.07949497625231743,0.1945272147655487
2025-01-08,0.03796765806052136,0.11288062408566475,0.07876704931259156,0.055409145632438594,0.05996254608035088,0.06212411490541854,0.04295201115310192,0.0315920079425009,0.0914923019707203,0.038619193818656326,0.11520622372627258,0.07807914763689042,0.19494796097278594
2025-01-10,0.03651309519547254,0.11243982389569282,0.0793143443763256,0.05623412381610251,0.0596303740516305,0.06237336347585369,0.04316217107698321,0.03160800501500845,0.09119199737906455,0.03942646167649979,0.11609481275081635,0.07782286703586579,0.19418859481811523
2025-01-13,0.03480635927978213,0.11136712431907654,0.07852579802274703,0.05531751129674376,0.05869674794375897,0.061437105913137204,0.04282989064231515,0.031834842675387165,0.09053976386785507,0.04169021989659409,0.12057598158717156,0.07667369022965431,0.19570498168468475
2025-01-14,0.034222769695611534,0.11104856207966804,0.07942716330289841,0.055284768390265526,0.0577025581151247,0.06104486920794443,0.04328244524076581,0.0324710011192824,0.08993937894701957,0.04184929662464256,0.12302561700344086,0.0771042138338089,0.19359739124774933
2025-01-15,0.03367514112095904,0.11030405536293983,0.08019043952226639,0.05522319411902572,0.05759288277477026,0.06071192361323483,0.04378462270833552,0.03261603654363121,0.08907025903463364,0.042496123611332946,0.12352026179432869,0.07704492807388305,0.19377012848854064
2025-01-16,0.030886318909599097,0.10098290964961051,0.07497156932950019,0.05127822205176926,0.05258059948682785,0.055422211317181794,0.04084254177287221,0.029514733796770366,0.08083818703889847,0.040801857394309235,0.11399854570627213,0.07180666029453278,0.2560756474733353
2025-01-17,0.032367786203023385,0.10586928129196167,0.0798831582069397,0.0546256841327704,0.05520560219883919,0.0583723530377938,0.04332618392072618,0.030272152262955744,0.08448705971240997,0.044810276232493076,0.11934175938367844,0.07659736275672913,0.21484133899211882
2025-01-21,0.03329249984181608,0.1079095371067524,0.08322544917464256,0.05613081438059453,0.05642387289553881,0.059687186023984394,0.044627519929781555,0.030230391517580557,0.08573300093412399,0.046477815594856156,0.11909955441951751,0.07847976535558701,0.19868260324001313
2025-01-22,0.033541219820096654,0.10710232183337212,0.08455368652939796,0.05557815324209514,0.056089370884001254,0.05957594285491723,0.04473538286983967,0.029358306717146655,0.0847182109951973,0.04673399633183965,0.11365071833133697,0.07928492277860641,0.20507776141166686
2025-01-23,0.03514726790566343,0.1089397318661213,0.08600950911641121,0.05610291368575417,0.05700695049017668,0.0603504617118233,0.04517037020996213,0.02962490584330766,0.08520993664860725,0.04813817330401804,0.11243918016552926,0.07988888323307038,0.1959717184305191
2025-01-24,0.03635964728675454,0.10980811789631843,0.0875144511461258,0.05643810309265973,0.057218941673636434,0.06012180638008431,0.04544786047190428,0.029499673325914168,0.08510867282748222,0.04883648306337669,0.10956226214766503,0.08036271780729294,0.19372127056121827
2025-01-27,0.03681667891306297,0.11100771725177765,0.0879803329706192,0.05652633475983748,0.05766157191246748,0.06007220411111121,0.04568522637709975,0.029023149168587815,0.0849551498889923,0.04952495621455011,0.10744487941265106,0.08017397448420524,0.19312781393527984
2025-01-28,0.034506661494261695,0.11316059157252312,0.08902734369039536,0.05904623148526298,0.055977942608296874,0.06165191467853219,0.04552036011591554,0.02733584148336643,0.0868475042283535,0.049692284391388064,0.10290667936205863,0.08084865510463715,0.19347801208496093
2025-01-29,0.033700546352868344,0.1140914499759674,0.09043067619204521,0.0604336103053356,0.055677917785942554,0.06239310755090628,0.04539718702435493,0.026206289111167003,0.08758156895637512,0.05029071162872416,0.10062770694494247,0.08038130402565002,0.1927879810333252
2025-01-30,0.032498010550442304,0.11295372694730758,0.09167610257863998,0.06166409681027289,0.055493572540581224,0.06317585714032248,0.04552487218752503,0.025548110965102743,0.08823811933398247,0.05040162467614877,0.09955578893423081,0.08032562732696533,0.19294446110725402
2025-01-31,0.0319082037663847,0.11190362647175789,0.09305469542741776,0.062252251782047095,0.05558257400989532,0.06402672080375851,0.0460170011036098,0.02512417438583654,0.08831750601530075,0.04996704133314367,0.09787196293473244,0.08049607276916504,0.19347817599773406
2025-02-03,0.031404567866539425,0.11092317625880241,0.09336167201399803,0.061098576544463865,0.054573298804461955,0.06557493582204188,0.04637862388044596,0.026048516145544553,0.08877175003290176,0.05039915670294626,0.09836336821317673,0.08022717162966728,0.19287520945072173
2025-02-04,0.030403928019446268,0.11143879890441895,0.09219782277941704,0.05799640144832665,0.05425298046320677,0.06748512240246782,0.046787843015044926,0.025890111881744993,0.08920369446277618,0.05146263542576115,0.10078312307596207,0.07959614917635918,0.19250138401985167
2025-02-05,0.029949760689748927,0.1114161416888237,0.09169751405715942,0.05605322432093089,0.05444659702479839,0.06855612218660098,0.04720592629164457,0.025694846603852815,0.08883979320526122,0.05211438395965793,0.10155130177736282,0.0791603796184063,0.19331403076648712
2025-02-06,0.030049316234384803,0.11153985783457757,0.09204862862825394,0.05498805330280447,0.053803332708776,0.06967702146621377,0.04686612486839294,0.025420166521920074,0.08876563236117363,0.05343982360065933,0.1004360057413578,0.08015468046069145,0.19281134903430938
2025-02-07,0.030381180207550783,0.11228149458765983,0.09151290133595466,0.05404847026366042,0.053684390522539614,0.07035609109207144,0.04639056837186217,0.025506651987297957,0.08815688192844391,0.05429890607894503,0.1004100613296032,0.0806363806128502,0.1923359900712967
2025-02-10,0.029141488105338807,0.11330551654100418,0.08979628756642341,0.05235614859411726,0.05443605482578277,0.0704362379558006,0.04578651869669557,0.026706555393612063,0.08699476197361947,0.05624074819224578,0.10200125128030776,0.08001703023910522,0.19278136491775513
2025-02-11,0.028899654701136156,0.1139739416539669,0.08967645913362503,0.05165467951446771,0.05501863714307546,0.07025884480117384,0.04573616702109575,0.027087316305142294,0.0857883907854557,0.05660027086270088,0.10245356485247611,0.08008957430720329,0.1927625209093094
2025-02-12,0.029203770702872944,0.11358023062348366,0.08906680047512054,0.0516197661170736,0.0548510255292058,0.06964288757235408,0.04577838387340307,0.027805569827123476,0.08514365702867507,0.05641634657245174,0.10333763435482979,0.08114684373140335,0.19240708351135255
2025-02-13,0.030210629463568495,0.11176069900393486,0.08825790658593177,0.05311914392514154,0.0563796553760767,0.06685795961766416,0.04576259655877948,0.029667475351343776,0.08468818813562393,0.05767990422082807,0.10159014612436294,0.08119355887174606,0.19283212423324586
2025-02-14,0.03090527937115404,0.11124670952558517,0.08868974149227142,0.05373289425915573,0.05646746847778559,0.0645959963732821,0.04460692219436169,0.02946496404767398,0.08355819806456566,0.058484059208798025,0.10083659887313842,0.08189460337162018,0.19551656246185303
2025-02-18,0.03207246661186467,0.11251698434352875,0.08992858603596687,0.05494622151600197,0.057437050715088846,0.06430898891803735,0.04401278849691152,0.028967542858405436,0.08393202647566796,0.055277900340796646,0.10135639011859894,0.08267254903912544,0.19257053434848787
2025-02-19,0.03327893303204803,0.11255606710910797,0.09091291651129722,0.05620319947192911,0.05768279377371073,0.0617909102390513,0.04338458757847548,0.030034630044210607,0.08331939205527306,0.05322283846957081,0.10155039578676224,0.08324173614382743,0.19282158315181733
2025-02-20,0.03456669209240424,0.11380514428019524,0.0918606922030449,0.05437206405767938,0.05762190651148558,0.06097497220043806,0.04286581622436643,0.0301737449437665,0.08347432613372803,0.05186712226201351,0.10210486799478531,0.08401146903634071,0.19230115413665771
2025-02-21,0.03479606196084859,0.11472946032881737,0.09103688076138497,0.05395325070567196,0.05817726980894804,0.060808602676479494,0.04223125195130706,0.029765872411291028,0.0835871770977974,0.050987375154112155,0.10277993530035019,0.08502243086695671,0.19212444126605988
2025-02-24,0.032171596578175254,0.11624785587191581,0.0882975734770298,0.05489809128484922,0.06042439602315426,0.062414752796667014,0.04115886902436614,0.027826250180160984,0.08472327217459678,0.052035420530704715,0.10146520882844925,0.08535235300660134,0.19298432767391205
2025-02-25,0.030729169022880143,0.11786208376288414,0.08657270073890685,0.05591172819986241,0.058840386942029,0.06385988050597007,0.04042071737349033,0.02615114165628274,0.08596805483102798,0.05330070178504283,0.10126680433750153,0.08651831597089768,0.1925983190536499
2025-02-26,0.02981229447182763,0.1192532479763031,0.08568527176976204,0.05763041581158177,0.05880018994212151,0.06606345144864463,0.03975279564037919,0.024766706151845418,0.08745907917618752,0.051513182513089714,0.09831430166959762,0.08850746899843216,0.1924416095018387
2025-02-27,0.029370411096145334,0.11928234919905663,0.08523848056793212,0.058459074491838695,0.05918311532586813,0.06846639328227866,0.03944657500833273,0.023825951314687364,0.08871845230460167,0.05113953840269705,0.09492549896240235,0.08924223184585571,0.1927019625902176
2025-02-28,0.02719661352556315,0.11884797289967537,0.08327651470899582,0.057541417868924326,0.056512066163122654,0.07191332228039755,0.03927024872973561,0.0242298198745484,0.09050625264644623,0.048636565907150243,0.09463936388492585,0.0914771467447281,0.1959526628255844
2025-03-03,0.026467731288667196,0.11849543526768684,0.08408421203494072,0.058063332951132904,0.05315661355853081,0.07498328100709842,0.03963749390095472,0.02407258435331432,0.09245697259902955,0.04748834757352967,0.09296695441007614,0.09479785859584808,0.19332919418811798
2025-03-04,0.02402296130534154,0.11887308359146118,0.08173086531460286,0.0594757546990877,0.05115269627422094,0.07846848072081229,0.039852308295667174,0.02327044767749502,0.09330888614058494,0.04682113868387994,0.09155541956424713,0.09781371802091599,0.19365422427654266
2025-03-05,0.02188521116785367,0.1171875923871994,0.0801776971668005,0.061177360633155334,0.051040677912533285,0.08000250758686889,0.039935378916561605,0.023454065587222673,0.09440153166651725,0.04676489867097313,0.09233622997999191,0.09811438620090485,0.19352246820926666
2025-03-06,0.02092221873263824,0.11465667709708213,0.08001847118139267,0.06198180558276363,0.051714397594332696,0.077653031401087,0.04004964446648955,0.024168738046055793,0.09490595906972885,0.047197910028502044,0.09282941073179245,0.10026456415653229,0.19363717436790467
2025-03-07,0.019436270293415703,0.11271429285407067,0.07743194960057735,0.06100890762900235,0.05213665310293436,0.07751523482852463,0.03966825483366847,0.024048545321626945,0.09358464628458023,0.04771449337606111,0.09377622902393341,0.09630968868732452,0.20465485453605653
2025-03-10,0.018903103633074993,0.11318664699792862,0.07784628905355931,0.06204056290662265,0.0535636892542243,0.07739098819961328,0.04019588502123952,0.024258763881770305,0.09385770410299302,0.04925669471164227,0.0969211921095848,0.09663791954517365,0.19594054222106932
2025-03-11,0.01659963809486307,0.10317264944314956,0.0718317225575447,0.05369311546237441,0.04801304619759321,0.07299383389693048,0.03764229891821742,0.021245036389388794,0.08673303797841073,0.04642445513630733,0.09220102205872535,0.08871105909347535,0.26073905229568484
2025-03-12,0.016880559227473314,0.10726788900792598,0.07593293003737926,0.055570498495944774,0.051918107829988,0.07702462795782594,0.040159625187516215,0.02383202032728544,0.09060803055763245,0.051014189125404744,0.10170871317386627,0.09270227253437043,0.21538054347038268
2025-03-13,0.01687209419128912,0.10796826519072056,0.07778005003929138,0.05593833250604803,0.05360677875578403,0.07726500350031529,0.041270486824214456,0.02550543757576129,0.09145229309797287,0.0533576369676144,0.10653685182332992,0.09374502003192901,0.19870176315307617
2025-03-14,0.016099885382653056,0.10824621319770814,0.07716718502342701,0.05570564584777458,0.05476930420845747,0.07862507495606223,0.04197740945965052,0.024937827602956375,0.08932470604777336,0.05520914195431512,0.11025240123271943,0.09184280186891555,0.1958423763513565
2025-03-17,0.015393597961082505,0.10486842207610607,0.07539802603423595,0.053878817798977255,0.054277739860117434,0.0751555644576456,0.04154316913336516,0.023923646090288207,0.0852773018181324,0.0550500210071343,0.11040454655885697,0.08914890587329864,0.21568025052547454
2025-03-18,0.014860118335968408,0.10238905400037765,0.07419699691236019,0.05239241858798778,0.05428569661453366,0.07262897637538117,0.041757607460021974,0.023412751416021216,0.08229622542858124,0.055421590089337516,0.1103568971157074,0.08673260137438774,0.22926904857158661
2025-03-19,0.014219875681240168,0.10631119273602962,0.07453598417341709,0.053696998013765554,0.055722059309482576,0.07408166236527905,0.04357494041323662,0.023392677323484,0.08297628909349442,0.05817762099784005,0.11402682214975357,0.0868419960141182,0.2124418795108795
2025-03-20,0.013885887754247506,0.10698274224996566,0.07513749375939369,0.05388739122863626,0.05572479823604226,0.07403435333435482,0.044982357136905196,0.022951116648159166,0.082001081854105,0.05960719591406995,0.11554305702447891,0.08657898902893066,0.20868353843688964
2025-03-21,0.013807897391944124,0.10729556865990161,0.07572316862642765,0.05263798325322568,0.055213752761483194,0.07529950588022985,0.046930030919611454,0.0229939234593159,0.08260735645890235,0.06159076955604163,0.11847866401076317,0.08788963109254837,0.1995317369699478
2025-03-24,0.014087919289210405,0.10649717971682549,0.07619044557213783,0.051569409425428606,0.05497253378853202,0.07701751694326049,0.048312704637646676,0.022915946797445307,0.08326334953308105,0.061271401228733424,0.11923338025808335,0.08780482411384583,0.19686336517333985
2025-03-25,0.014578302763900552,0.10481692068278789,0.07653101235628128,0.05163716592651326,0.05468182731419802,0.0740998426880651,0.04897560309618711,0.0245581623364318,0.08352014869451523,0.061430165978033816,0.12088817283511162,0.08846782743930817,0.19581484496593476
2025-03-26,0.015103736518016575,0.10377740301191807,0.07599831372499466,0.05201740106131183,0.054069208540022375,0.07333233501508403,0.04992094468325377,0.025193424563590305,0.08407348841428756,0.06218118295170658,0.12255617156624794,0.0875811941921711,0.19419518113136292
2025-03-27,0.014600524995613462,0.1047723725438118,0.07480405867099763,0.04936844865878811,0.05377940610051155,0.07285103338613226,0.0500614408403635,0.026151624271901854,0.08305668979883193,0.06345042395680203,0.12506481111049653,0.08688347488641739,0.19515569806098937
2025-03-28,0.014473330595953548,0.10543985404074192,0.0744043942540884,0.04854862115025753,0.054117297567427156,0.07258598629032349,0.050715002417564395,0.026649194703350077,0.08200714811682701,0.06400326712595863,0.12682646587491037,0.08637467920780181,0.19385475516319275
2025-03-31,0.013659160815153549,0.10690836422145367,0.07339238449931144,0.04736508839123417,0.05178466374054551,0.07304444963601782,0.05061245746910572,0.02562055630710667,0.08171592280268669,0.06573818058513119,0.12932684049010276,0.08662013858556747,0.19421178996562957
2025-04-01,0.013458426774070099,0.10764762796461583,0.07324454933404922,0.04514765924832318,0.05039868885651231,0.07379969485727997,0.05044067073613405,0.02517321570951907,0.08142570406198502,0.06691255235996837,0.1308245874941349,0.08790540993213654,0.1936212182044983
2025-04-02,0.013332837108948148,0.10733533948659897,0.07337359935045243,0.044077519259008116,0.04957485096529126,0.07492266537060459,0.05029767360538244,0.02495743662758638,0.08148076236248017,0.06736605433190075,0.13053466081619264,0.08913429081439972,0.19361228942871095
2025-04-03,0.013302171447869248,0.1058950550854206,0.07352510839700699,0.04333205676375655,0.048825110681355,0.07596701285465315,0.0503193212673068,0.02490037742516744,0.0815368004143238,0.06801621063703892,0.13004089817404746,0.09045750200748444,0.1938823789358139
2025-04-04,0.008982080776040569,0.06831276435405016,0.04877949319779873,0.028984545085404535,0.033085307013243435,0.05561826497705624,0.03630392830818892,0.01612412538264074,0.056128522381186485,0.04954873617724065,0.08526043444871903,0.061209484934806824,0.4516623139381409
2025-04-07,0.009085401198451493,0.06536322832107544,0.04856998957693577,0.02772827119406429,0.032299726363271476,0.06192164097351451,0.03885117564350367,0.015310928238763389,0.057143209129571916,0.04814786967414264,0.08170053288340569,0.06043761298060417,0.4534403920173645
2025-04-08,0.010175271990418544,0.06321384757757187,0.0493159232661128,0.027982714639802,0.03221924286335707,0.0632738302587768,0.03986485432833433,0.01568132946509824,0.05843491069972515,0.0473283873872413,0.0802079014480114,0.060464168339967726,0.4518376052379608
2025-04-09,0.010689186987103482,0.06147664338350296,0.04945361465215683,0.02863662838062737,0.032559089455753566,0.06404590559320696,0.04026124943047762,0.016356735669765143,0.0591691005975008,0.04830045971714565,0.07761861979961396,0.06000397950410843,0.4514288127422333
2025-04-10,0.011801356258706087,0.06451562345027924,0.05147267784923315,0.030253775115124882,0.033798195887357,0.06050372485235585,0.039718665368855,0.015975947955269198,0.058058615401387216,0.0476988204357788,0.07462538927793502,0.06061751767992973,0.45095968842506406
2025-04-11,0.012265290422098295,0.06253340244293212,0.05089191514998674,0.030080661052488723,0.034032749198377135,0.06033696488293572,0.040967981331050396,0.016456572643987144,0.0586172316223383,0.04991677594429937,0.07295859083533288,0.060220688581466675,0.45072115659713746
2025-04-14,0.013062593155178348,0.06245969459414482,0.051819908618927005,0.030456394214706962,0.03495679274201393,0.057414149268902294,0.041872244141995904,0.016718653606133317,0.057825241982936856,0.051127918508731794,0.07202785611152648,0.059969668835401536,0.4502889156341553
2025-04-15,0.013764179862555537,0.06257549822330474,0.05244755558669567,0.03072442379343556,0.03524850904941559,0.05564986188230705,0.042412441596388815,0.016695425707574964,0.05701403841376305,0.05133241989295971,0.07079442664980888,0.059955132007598874,0.4513861000537872
2025-04-16,0.014131241297551967,0.06263334043323994,0.05257226563990116,0.03100051518995315,0.03534434037283063,0.05413392345494685,0.04271667003631592,0.016641688739916914,0.05636610314249992,0.052363426781294645,0.06987661570310592,0.05980137288570404,0.45241849422454833
2025-04-17,0.013509206596660129,0.06446682028472424,0.051861143484711644,0.03105126752925571,0.03488365998491645,0.053931745805221,0.042833291739225385,0.016311307835711376,0.05571991354227066,0.05350720275851319,0.07059253081679344,0.059660309553146364,0.4516716003417969
2025-04-21,0.013461397668865515,0.06501416265964508,0.052022609114646914,0.03136608752392931,0.034787687752395866,0.05285434637439721,0.042502091638743876,0.01603080690966685,0.0550489105284214,0.05267667390509097,0.07108266279101372,0.060359013825654985,0.4527935445308685
2025-04-22,0.013244562203350085,0.06526368036866188,0.05122476331889629,0.0323039286173298,0.035642726067453626,0.05221573695189363,0.04199558477848768,0.017062893284396096,0.0548640675842762,0.054137816583625306,0.07113058045506478,0.059341369569301604,0.4515722870826721
2025-04-23,0.01357073923890475,0.06591858975589275,0.0515932273119688,0.0332871477221488,0.036192499846220014,0.05186747698335239,0.042101469449698926,0.01736319179577208,0.054192863032221796,0.051038017533590364,0.07168505564332009,0.05943711847066879,0.4517526090145111
2025-04-24,0.013955369572329701,0.06619126424193382,0.05246134400367737,0.033999754438991656,0.037034245766699316,0.05233390992148088,0.04221175014972687,0.017376377504761464,0.05418603904545307,0.04717614976285045,0.07113651931285858,0.05967969819903374,0.45225759148597716
2025-04-25,0.014246789919005565,0.06645282804965973,0.053317039459943774,0.03455771907028975,0.03751260852441192,0.0523246908735473,0.04187302459031343,0.017183413189619044,0.053849973157048224,0.04500446935638376,0.07126080542802811,0.06009189113974571,0.45232474207878115
2025-04-28,0.014551871834592589,0.0664039708673954,0.053926367312669754,0.03498458626418142,0.037655434012413024,0.05299423293477048,0.04172420222312212,0.01696759978292839,0.053794094175100324,0.04195347855485494,0.07161249443888665,0.060602524876594545,0.4528291463851929
2025-04-29,0.01474171582832522,0.06570451743900776,0.0545680932700634,0.035224580840440466,0.03769129468128085,0.054064706078315795,0.042002963833510876,0.01679166425117984,0.053839313611388204,0.03993066005599708,0.07055572420358658,0.061326874792575835,0.4535578966140747
2025-04-30,0.015114160787956622,0.06505898050963879,0.05532200187444687,0.03555404600047041,0.03798226304352283,0.05592990617333271,0.04276007749140263,0.01658177244965735,0.05430117696523666,0.03715454873422459,0.06770836114883423,0.06219699308276176,0.4543357253074646
2025-05-01,0.015595960129408759,0.06350659765303135,0.05554966889321804,0.036297491437289865,0.038740450982004404,0.058478854711347596,0.04263366721570492,0.017187873591486814,0.054375652223825455,0.03529569204142611,0.06458329036831856,0.06325644105672837,0.4544983685016632
2025-05-02,0.01618926149638984,0.06269331686198712,0.05630386434495449,0.03672852800809778,0.03916239868849516,0.05868699637271675,0.04263714998960495,0.017848667499428574,0.054307343810796736,0.032965566835559915,0.06366868913173676,0.06459585055708886,0.4542123794555664
2025-05-05,0.016909103906594326,0.06211399845778942,0.057225126028060916,0.037491548752586826,0.04044406171888113,0.05615251223143787,0.04242337010800838,0.018181308633454307,0.053837275877594945,0.031944600836351,0.06336238160729409,0.06645955517888069,0.4534551680088043
2025-05-06,0.01712783973603127,0.06150191091001034,0.05692358016967773,0.038093036113423295,0.04146030945703387,0.05492314929902022,0.04225029498338699,0.01839248235114237,0.05377661846578121,0.031060278320967426,0.06293212994933128,0.06778445243835449,0.4537739396095276
2025-05-07,0.016976256094161535,0.06166130341589451,0.05641312003135681,0.038757196387450676,0.041995198000222445,0.05454759877211472,0.04251862894743681,0.018331152168135034,0.053713669255375865,0.03016799919698272,0.06346675232052804,0.06812764406204223,0.4533234775066376
2025-05-08,0.01733920721540603,0.0618051391094923,0.056703709065914154,0.03929044260148658,0.04147482942789793,0.05480440368037307,0.04299986436963081,0.0181265825175581,0.05409903824329376,0.027924761666492513,0.0628005251288414,0.06924823820590972,0.45338324904441835
2025-05-09,0.017967433370795226,0.06167087443172932,0.05704510323703289,0.04016671105055138,0.04166348008438945,0.05235340450080912,0.043013603799045085,0.01936463270881319,0.05449308753013611,0.02607650801769452,0.06362555623054504,0.0700763963162899,0.452483206987381
2025-05-12,0.01828580433985465,0.06214668564498425,0.057155580073595044,0.04118107842368772,0.04211969627067447,0.051592396433443356,0.0433783195912838,0.02024623002540089,0.055436738580465314,0.024733076137707855,0.0648946300148964,0.07164894863963127,0.4471808075904846
2025-05-13,0.018603479102661247,0.062467167526483534,0.056228728219866755,0.042289061871997546,0.04230997189879417,0.04842726754886826,0.04326653964817524,0.01976569034846829,0.05483165457844734,0.022804703054693932,0.06538601443171502,0.07206345349550247,0.4515562891960144
2025-05-14,0.019523066918088007,0.06428545936942101,0.057334909215569496,0.044198185119603293,0.043173274211585524,0.04800758068886353,0.044488612562417984,0.020156644837368454,0.05624505579471588,0.022070495820079826,0.06831114739179611,0.07262875139713287,0.43957682251930236
2025-05-15,0.02104594565897049,0.06610924378037453,0.05839037671685219,0.045908644690644,0.045285845082253216,0.0478126835513649,0.045440373942255974,0.021912099162279118,0.057412360608577725,0.021096705341975053,0.07068704068660736,0.0730468600988388,0.4258517861366272
2025-05-16,0.023283014535615897,0.0709170639514923,0.062187661230564115,0.049432754662120715,0.047991528362035754,0.04945064078065116,0.04785808343440294,0.022857364379174426,0.06054353266954422,0.021093963298073958,0.07402768284082413,0.07664103731513024,0.3937156856060028
2025-05-19,0.028947495215254547,0.08637241646647453,0.07457193359732628,0.05936021017696476,0.05702586229890585,0.057709896826236215,0.05617555398494005,0.0264587088260555,0.07186239808797837,0.02320880592764496,0.087270849943161,0.09002146422863007,0.2810144364833832
2025-05-20,0.033079510359341494,0.09703569561243057,0.08194732517004014,0.06605663616937818,0.06275947093963623,0.06307149906569975,0.061302013136446475,0.028879076794958537,0.07909622266888619,0.02388328274329581,0.09569065123796464,0.09830173403024674,0.20889686346054076
2025-05-21,0.03432230573920432,0.09976507276296616,0.08387207835912705,0.06778576244687429,0.06342886760830879,0.06401375642890343,0.06165193393826485,0.030104148158337906,0.08029814437031746,0.02260684639294084,0.09786254614591598,0.09912730157375335,0.1951612263917923
2025-05-22,0.03196325620956131,0.0966718167066574,0.07828794941306114,0.06871682185446844,0.06363565484061837,0.06101270007311541,0.05803225841373205,0.03038182803680094,0.07669335976243019,0.021109725560057767,0.09523380696773528,0.0923012301325798,0.2259595960378647
2025-05-23,0.03287925194570214,0.1006112314760685,0.08056697472929955,0.07314472946454771,0.06654605995863676,0.06271200357768976,0.05897463317960501,0.031091587513360254,0.07865032628178596,0.020772150749237994,0.09839626550674438,0.09371940940618514,0.20193538069725037
2025-05-27,0.031920508777237976,0.10267595425248147,0.08062431663274765,0.07555379565455951,0.06819557528942824,0.06322877997772594,0.058533092774450776,0.030978328779810483,0.0787395641207695,0.02028864213110637,0.10059193372726441,0.09342564046382903,0.19524388909339904
2025-05-28,0.03165323583003321,0.1037027046084404,0.08052311837673187,0.07692471091868355,0.06756361778825522,0.06297713884341646,0.05762326195836067,0.02993949520762129,0.0779977023601532,0.019375252164206814,0.09935829341411591,0.0932601660490036,0.1991013079881668
2025-05-29,0.03138618502314063,0.10469374135136604,0.08019921332597732,0.07454853372182697,0.06854895725846291,0.06395957181830454,0.057278840243816374,0.029946337335717034,0.07901890128850937,0.01901189532338492,0.10106800794601441,0.09387818723917007,0.19646163880825043
2025-05-30,0.03148353556641972,0.10578083768486976,0.08044683560729027,0.07340528855711455,0.06861891727894545,0.06515129585477553,0.05691629145294428,0.029765007212316518,0.07971149384975433,0.018620463748851533,0.10062220245599747,0.09485953599214554,0.1946182817220688
2025-06-02,0.03188034616068443,0.10688363164663314,0.08060781210660935,0.07299646822066279,0.06593403462320566,0.06695941354319075,0.05671021807938814,0.02938702774274784,0.080855330824852,0.01808126456991488,0.09968409389257431,0.095853491127491,0.19416687786579132
2025-06-03,0.032469591281507705,0.1082072414457798,0.08109891191124916,0.07264665713737486,0.06458270940929652,0.06690770818913734,0.055978689901530744,0.029711540842660433,0.08099028170108795,0.01738837722511164,0.09888392984867096,0.09681393206119537,0.1943204492330551
2025-06-04,0.03329160465667798,0.11027636379003525,0.08231945633888245,0.06981143357843393,0.06370044760406017,0.06736557425938372,0.05579897724092007,0.029661050979608028,0.08163996487855911,0.016296329676561073,0.09849415868520736,0.09778663516044617,0.1935579866170883
2025-06-05,0.03387947968026239,0.11236500665545464,0.08241885229945183,0.06865437034430215,0.06349713746458292,0.06788908122543943,0.05440954212099314,0.029254455073497353,0.0820584125816822,0.01575728374160974,0.09729026556015015,0.09915427714586258,0.19337186813354493
2025-06-06,0.03375991074669482,0.1137272909283638,0.08311133310198784,0.06814956596499541,0.06369620207697153,0.06752437997220113,0.05282193552702665,0.02948686891034047,0.08176371678709984,0.015184004449349687,0.09759370386600494,0.09986312389373779,0.19331794679164888
2025-06-09,0.03437148114752393,0.11436653584241867,0.08399800211191177,0.06824655897653428,0.06388953905552626,0.06491539103517426,0.05148713905364275,0.03160041231529718,0.08064839467406273,0.014426306977733816,0.09794684052467346,0.10037441104650498,0.1937289923429489
2025-06-10,0.034672792267409845,0.1153634324669838,0.08503998965024948,0.067735984576575,0.06437131762504578,0.0636800546606537,0.05041290260851383,0.03217408351306883,0.08000293746590614,0.014010091219671495,0.09825213849544526,0.10092082619667053,0.1933634787797928
2025-06-11,0.03501399194875425,0.11715735644102096,0.08614326268434525,0.06712697686452884,0.06449873819947242,0.06265725526773167,0.04931995905935764,0.03193511052600737,0.07957407981157302,0.013778121235688445,0.09793764650821686,0.10168498903512954,0.19317250549793244
2025-06-12,0.03500421287373321,0.11849672943353654,0.08671677485108376,0.06668330213724402,0.06489196866750717,0.062075920108509305,0.048608698323369025,0.031173910717204833,0.07939004898071289,0.013764746281427164,0.09926735162734986,0.10107937306165696,0.19284699261188507
2025-06-13,0.03534902779956326,0.12073088362812996,0.08680486753582954,0.06643508045672206,0.06475643124431371,0.06169325204682537,0.047475666366517545,0.030302395669527547,0.07934424430131912,0.013686191508722346,0.09930670410394668,0.10142706036567688,0.1926881790161133
2025-06-16,0.03429595502533154,0.1215318962931633,0.08559795394539833,0.06497649551020004,0.06409852560609579,0.06178290386505978,0.046639516949653625,0.03133131866029153,0.07993890792131424,0.014043869765438899,0.10234496891498565,0.10109301805496215,0.19232470989227296
2025-06-17,0.03418110765387272,0.12227869033813477,0.08586908280849456,0.06447172221087386,0.0642693242058158,0.06136564383905352,0.046467742323875426,0.03155417100626039,0.08007623255252838,0.013900705540547165,0.10225930362939835,0.10121491253376007,0.19209134876728057
2025-06-18,0.03301629086121416,0.12321700975298881,0.08551763072609901,0.06166371059371158,0.06273883413523436,0.06219399990859529,0.04599321633577347,0.03064711699360423,0.08118297830224037,0.014242658247624718,0.10571395456790925,0.10228458046913147,0.1915880024433136
2025-06-20,0.03239783475640987,0.12368684783577918,0.08572720214724541,0.060064935889386106,0.0616371413692832,0.06255279982924548,0.04541546031832695,0.029886939885915887,0.08178374841809273,0.014378066219450147,0.10732070431113243,0.10323461368680001,0.1919137269258499
2025-06-23,0.03211321736136874,0.1240220844745636,0.08592190369963645,0.05693192848120816,0.06022214088588953,0.06311507357841037,0.045124453492462635,0.02904682548874309,0.08277265429496765,0.014636519656278324,0.10986119359731675,0.10406451076269149,0.1921674907207489
2025-06-24,0.03269575974857517,0.12475328594446182,0.08770248368382454,0.05608532952173846,0.06051745805889368,0.06413124499231344,0.04520809073001146,0.02785223292759458,0.08416659533977508,0.015177598826107896,0.1033579483628273,0.10585367232561112,0.19249826669692993
2025-06-25,0.033433721027049404,0.12489678263664246,0.08955199792981147,0.0555111586858402,0.06110258959233761,0.06542623421337339,0.04571733642369509,0.026753838282714604,0.08547697067260743,0.015169413850665591,0.09697453752160072,0.10719363912940025,0.19279178678989412
2025-06-26,0.03491801961831431,0.12527440264821052,0.08924279734492302,0.0548607993623591,0.06218564808368683,0.06763647833231516,0.04647194631397724,0.02558675214527888,0.087468833476305,0.015524885733807992,0.0948141947388649,0.1033310517668724,0.19268418252468109
2025-06-27,0.03600254587181997,0.1266568586230278,0.08948836624622344,0.05426015686389292,0.06247065551578999,0.06915645234821569,0.047431772388517854,0.02483666694652662,0.08845165371894836,0.01589668762023848,0.09168962836265564,0.1009273424744606,0.19273121058940887
2025-06-30,0.037384647189912634,0.1290251150727272,0.08970001563429833,0.054104990100313444,0.06221194602549076,0.06993260233139154,0.04807262606918812,0.024565561503875167,0.0892302006483078,0.01572867603635473,0.08782929331064224,0.09930959641933441,0.1929047405719757
2025-07-01,0.03849774252235374,0.13202289044857024,0.08992164805531502,0.0536938914883649,0.061945160292088984,0.07068302792467876,0.04847763851284981,0.024287418774651747,0.08963430523872376,0.015594181088991377,0.08445937037467957,0.09801511168479919,0.1927676320075989
2025-07-02,0.03957754213146956,0.13380844593048097,0.09066055119037628,0.05357415740581928,0.0618897195905447,0.07105822509438439,0.048728137649595736,0.023828664459376547,0.08953635543584823,0.015372723610937555,0.0825982116162777,0.09690518975257874,0.19246209561824798
2025-07-03,0.04045407577386619,0.1355283811688423,0.09142841622233391,0.05354202327434905,0.06135700196027756,0.07039633743770538,0.04869337435811758,0.023478504297371926,0.08918383345007896,0.015257162749540499,0.08198953419923782,0.09615622162818908,0.1925351530313492
2025-07-07,0.04145462427265425,0.13660019785165786,0.09245584830641747,0.05356701804703334,0.060949807055294514,0.0688203689385773,0.04862076360732317,0.02385055623494381,0.08884181231260299,0.015144913844477515,0.08086514249444007,0.09609583616256714,0.19273309409618378
2025-07-08,0.04176703836077387,0.1362714096903801,0.09177429825067521,0.05288538780441741,0.05996341295540333,0.06846238332855137,0.04856316726654768,0.025868554961385647,0.08892197608947754,0.015362721644657995,0.08173900544643402,0.09579168260097504,0.192628937959671
2025-07-09,0.04200835295248133,0.13603953272104263,0.09211323708295822,0.0525350597104989,0.0596616942435503,0.06760927359573543,0.04849202539771795,0.027629658758437436,0.08792694211006165,0.01536650450891841,0.08265834972262383,0.09551729708909988,0.19244207441806793
2025-07-10,0.0423709946920944,0.13704458326101304,0.09262901768088341,0.05227085653605172,0.058631295524537566,0.06704695644766616,0.04819027371704578,0.027997712073996796,0.08714924901723861,0.015745754752506967,0.0828366905450821,0.09578916132450103,0.1922974556684494
2025-07-11,0.04272618992907216,0.13763906210660934,0.09302487671375274,0.051793025177903476,0.05814921762794256,0.06676042731342022,0.04785710107535124,0.02805824291965724,0.08642386645078659,0.016154880928661443,0.08266212195158004,0.0965032383799553,0.19224773347377777
2025-07-14,0.04343277877546843,0.13725684583187103,0.09073582887649537,0.050428163712786044,0.05829711966216564,0.06571420645905164,0.047501577995717525,0.030301725667882983,0.08596659451723099,0.01646859734624968,0.08453487902879715,0.09698747247457504,0.19237420260906218
2025-07-15,0.044030458409030436,0.1382369115948677,0.09039837121963501,0.049747258411662186,0.05834582000970841,0.06523251847211213,0.04695516973733902,0.031059647437565906,0.08555200695991516,0.01675192610967997,0.08344184383749961,0.09796698987483979,0.19228109419345857
2025-07-16,0.04512048205656338,0.13925879150629045,0.08779286295175552,0.04829895237344317,0.060647892951965335,0.06501476350513258,0.0464447446167469,0.03199407403515551,0.08525926619768143,0.017201525605597113,0.08436458185315132,0.09633656889200211,0.19226548671722413
2025-07-17,0.045734559680628985,0.14054428189992904,0.08652903214097023,0.047435678071633444,0.061543837934732434,0.06481659394485177,0.04611762687563896,0.032066911952722245,0.08468297123908997,0.017769337185310975,0.08475413396954537,0.09580437690019608,0.1922006905078888
2025-07-18,0.04611081344055279,0.14239516407251357,0.0852620042860508,0.046752822291455234,0.06202540528029203,0.06449508795722067,0.0460088562220335,0.031747976802119736,0.08408882394433022,0.01833791941350569,0.08587035238742828,0.09471916407346725,0.1921855926513672
2025-07-21,0.04636664589159896,0.1435481444001198,0.08308173567056656,0.04605949255201267,0.06205400843173266,0.06494004849901103,0.04611570611596107,0.03135960098127093,0.08408071398735047,0.019045295979347544,0.08680040165781974,0.09427690505981445,0.19227129220962524
2025-07-22,0.04657257363153189,0.14530190527439119,0.08106384053826332,0.045790087219211274,0.06235518809407949,0.06547714728476421,0.04602413699030876,0.030855987812042684,0.08398428931832314,0.019276346186069306,0.08700196668505669,0.093975467979908,0.1923210382461548
2025-07-23,0.04662183017874035,0.1454305976629257,0.08024932071566582,0.04581092889566207,0.06194634940475226,0.06656625196083041,0.04596992004662752,0.030372269510266215,0.08413600772619248,0.0194695515519129,0.0868726059794426,0.09407757967710495,0.19247676730155944
2025-07-24,0.047102032368660576,0.14671407788991928,0.08022799193859101,0.04489300263376208,0.06203001774847507,0.06652308935335896,0.04581499379128218,0.030166511793768967,0.08419321104884148,0.01928335396780483,0.08659729212522507,0.0938752070069313,0.19257920384407043
2025-07-25,0.04788833698094717,0.147810135781765,0.07850085645914077,0.043165441314340566,0.06167531423270702,0.06728149500468135,0.04581094048917293,0.030086806716057346,0.08451267480850219,0.019220547331499915,0.08758092969655991,0.0938916802406311,0.19257480502128602
2025-07-28,0.048798607008389894,0.1488984555006027,0.078121118247509,0.04234196994657395,0.061315851658582686,0.06815668623257806,0.04581799227744341,0.029791526423024805,0.08487071767449379,0.019042613440808508,0.08585965186357498,0.09439174383878708,0.19259303510189058
2025-07-29,0.05042498062911438,0.1503103956580162,0.07838917225599289,0.03899179749714676,0.06094587855041027,0.06907385313679697,0.04561083987355232,0.029522200450892024,0.08559135049581527,0.01905796242293718,0.08710439652204513,0.09271914064884186,0.1922580599784851
2025-07-30,0.050994600697777594,0.15176412612199783,0.07794842422008515,0.03725900287099648,0.06060493029654026,0.06948563725254644,0.04480406306684017,0.028978784903526743,0.08591234311461449,0.019629446245050985,0.08829062283039094,0.09262007176876068,0.19170794785022735
2025-07-31,0.05241787072609405,0.15365619361400604,0.07775861695408821,0.035861770887277086,0.060006101801991465,0.06942179142879468,0.043700759671628474,0.029721793064429923,0.085956259816885,0.01950875806526824,0.0893213041126728,0.09051109254360198,0.1921577125787735
2025-08-01,0.05345389835560486,0.15451450496912003,0.07750194072723389,0.034091027852264234,0.060026365146040914,0.07061360996249277,0.04322890695184469,0.029412469564326037,0.08695282489061355,0.01960865390817048,0.08982730284333229,0.08866251036524772,0.19210593402385712
2025-08-04,0.04998762937474037,0.1522139549255371,0.07714041471481323,0.03507246206572745,0.06221188846975565,0.07357621206956537,0.043186488933861254,0.027552404242528895,0.08990963473916054,0.01934564502466287,0.08929545357823372,0.0884982742369175,0.19200956523418428
2025-08-05,0.047819403289869736,0.15018414705991745,0.07735149934887886,0.035772350846673365,0.0634182507172227,0.07519250049481344,0.04338307753205299,0.026343770005571622,0.09138024598360062,0.019464123139303523,0.08809356093406677,0.08870473504066467,0.19289234280586243
2025-08-06,0.04545188108333811,0.14769615232944489,0.07760026976466179,0.03649711590551306,0.06494973842054605,0.07724818189517464,0.04414182137697935,0.02547627495494318,0.09303580150008202,0.019711923696269194,0.08668443784117699,0.08912147656083107,0.19238491952419282
2025-08-07,0.04431840480274065,0.14563093334436417,0.0776661142706871,0.037176013915450314,0.06595607288181782,0.07876104278075217,0.04473216626793146,0.024917442347945417,0.09427732601761818,0.020103154145741087,0.08535118401050568,0.08867083191871643,0.19243933260440826
2025-08-08,0.043248384002610864,0.14355071187019347,0.07758900374174119,0.037785795150557536,0.06687531117349862,0.07969258101602464,0.04536648690700531,0.024725199245153106,0.09452916383743286,0.02051244353049242,0.08462712466716767,0.08900571465492249,0.19249208867549897
2025-08-11,0.0429496866363543,0.14248499721288682,0.07813490852713585,0.0384023083752254,0.06697141323238612,0.07904460572126482,0.0458369767293334,0.02549881943912329,0.09446424692869186,0.021017836731701323,0.08437752649188042,0.08817009553313256,0.19264661371707917
2025-08-12,0.042604433250548544,0.14131954610347747,0.07901023924350739,0.038435837614815685,0.06684264689683914,0.07870035436826583,0.046668747626245025,0.025483000895434316,0.09474280551075935,0.020784982120994756,0.08507766723632812,0.08745266944169998,0.1928770512342453
2025-08-13,0.04256131692909175,0.14164469987154008,0.07915503829717636,0.03877557516680099,0.06704292055219412,0.07772045678366339,0.04731114525347948,0.02519768510849669,0.09448891654610633,0.020946267472552904,0.085138850659132,0.0873291864991188,0.19268794357776642
2025-08-14,0.042464877173391,0.14157263338565826,0.07900469899177551,0.039062526848283596,0.06707920040935278,0.0769095242352705,0.048101813159883024,0.024904080238744797,0.09405937194824218,0.021286391498435364,0.08541091829538346,0.08752337768673897,0.19262057542800903
2025-08-15,0.04344734072055374,0.1420595645904541,0.07773887142539024,0.03998113959096372,0.06516095940023661,0.07565378710332879,0.048327700793743135,0.025652709122056017,0.0934670940041542,0.021536522008182145,0.08756855949759483,0.08673669695854187,0.19266906678676604
2025-08-18,0.04381077035715144,0.14186537712812425,0.07717059627175331,0.04089938088436611,0.06453247200697661,0.07441879195839647,0.04835499841719866,0.025834581421013247,0.09315872266888618,0.021932371003839535,0.08860065713524819,0.0868502102792263,0.1925710767507553
2025-08-19,0.04408768962539984,0.14172160178422927,0.0773041807115078,0.04139480085286777,0.06436972431838513,0.0733282738003254,0.048333030007779595,0.026075789414106865,0.09259856417775154,0.022348404045153814,0.0898960530757904,0.08590745627880096,0.19263438880443573
2025-08-20,0.043771062723381424,0.14035900682210922,0.07664791122078896,0.04289983597991522,0.06378578078001737,0.07374084244374898,0.048542593605816364,0.02548354514896829,0.09302728921175003,0.022907792884636534,0.09022910669445991,0.0860651433467865,0.19254009425640106
2025-08-21,0.04332927348133211,0.1389094516634941,0.07572548389434815,0.044217950987513174,0.06326088253408671,0.07407693409277272,0.04870710149407387,0.025051260884100125,0.09309619441628456,0.023238718806992152,0.09198829904198647,0.08578971549868583,0.19260873198509215
2025-08-22,0.04270298569630313,0.13687785118818283,0.07583458051085472,0.04454879256663844,0.06313598211854696,0.07349831083247409,0.04860959444195032,0.026218665703239274,0.0927763856947422,0.023463821047415935,0.09398164004087448,0.0856762744486332,0.19267509281635284
2025-08-25,0.040769912186619094,0.13088830783963204,0.0735372893512249,0.043766999323270286,0.06104270499199629,0.07050427780795872,0.04787662662565708,0.025085499384030284,0.08823583945631981,0.023579447054562764,0.09217024147510529,0.08381527215242386,0.21872758865356445
2025-08-26,0.04127003344025511,0.1325342871248722,0.0739474929869175,0.043033882649615406,0.06247750669717789,0.07281673820343712,0.04997516442090273,0.026135862316947468,0.09004108160734177,0.025040853067058323,0.09782536551356316,0.08644681572914123,0.19845491051673889
2025-08-27,0.041406657507657305,0.1326549120247364,0.07446888461709023,0.042592942802002653,0.06241018045693636,0.07379770804545842,0.05115592684596777,0.0262489575916101,0.09021692872047424,0.025958017557815082,0.09872148111462593,0.0873727798461914,0.19299462139606477
2025-08-28,0.04125611326408603,0.13218091279268265,0.07479655519127845,0.04190211125824135,0.06104577127844095,0.07415462817189108,0.051941810362041,0.026127223724184568,0.08982212170958519,0.026708434313711393,0.099528918415308,0.08811956495046616,0.19241581857204437
2025-08-29,0.041128559495462194,0.1322305329144001,0.07461049631237984,0.041512972241616805,0.06014444883912802,0.07450482392105187,0.05261776000261307,0.02592761720423038,0.08925084620714188,0.027428149256610367,0.1002975732088089,0.08788609802722931,0.19246010780334472
2025-09-02,0.04020823494067667,0.1317624643445015,0.07381697222590447,0.04106815959094092,0.059482142142951486,0.07580938055034495,0.05241390410810709,0.026876389907380373,0.08855985850095749,0.027954486439483617,0.10149016529321671,0.08811004310846329,0.1924477994441986
2025-09-03,0.03878318853125382,0.13087851107120513,0.07356495559215545,0.04029927533119917,0.06011675149202347,0.07700383313967904,0.052411928027868274,0.027867339756450706,0.08855014964938164,0.027559400671223956,0.10409335121512413,0.08680234551429748,0.19206898808479309
2025-09-04,0.038462080076879165,0.1307360328733921,0.07365637943148613,0.04038464176119305,0.06047194432467222,0.07823238558758021,0.0521898839622736,0.027791125230359093,0.08876458778977395,0.027551469591367096,0.10305510610342025,0.08666606098413468,0.19203827977180482
2025-09-05,0.038495817416524324,0.13050210028886794,0.07471427693963051,0.04080949983908795,0.05996543150395155,0.07925570098987009,0.05190093368291855,0.02711038574856577,0.08887524530291557,0.027729264280377208,0.10154751166701317,0.08704172819852829,0.19205213487148284
2025-09-08,0.03814024576040431,0.13031114190816878,0.0757397823035717,0.04142525050556287,0.06051349863409996,0.08028420088821804,0.05081077497452498,0.026454404905842922,0.0890120416879654,0.028124336420566463,0.09920549988746644,0.08786971271038055,0.1921091139316559
2025-09-09,0.038077096540868285,0.1308857075870037,0.07651053518056869,0.04189382678887341,0.06075265090912581,0.08132359074525083,0.04946375638246536,0.02602402671998778,0.08889672383666039,0.028314664301476,0.0982534296810627,0.08738062605261802,0.19222335815429686
2025-09-10,0.03839726345101262,0.131951642036438,0.07643967419862747,0.04199141877470538,0.06113823819905519,0.08172957749911802,0.04805909562855959,0.026047244084628395,0.08869300857186317,0.028526550586748557,0.0974609300494194,0.08730714097619056,0.19225822985172272
2025-09-11,0.03858228184055701,0.13264959529042245,0.07640878707170487,0.04206438005494419,0.06128084864467383,0.08226999710259406,0.04739972613751888,0.026018467202333362,0.08821351751685143,0.028884399259015224,0.09697253927588463,0.08695295378565789,0.19230249524116516
2025-09-12,0.038821847123471545,0.13390248864889145,0.0770435981452465,0.04232282487209886,0.061767516657710075,0.0824519648937894,0.04702777322381735,0.025701653898441635,0.08749638944864273,0.02936086379174583,0.09454784542322159,0.08698615655303002,0.1925690859556198
2025-09-15,0.0393950243323344,0.1356136254966259,0.07576694786548614,0.042242054021335206,0.062178094126284125,0.08183638151831474,0.04663524739444256,0.025539185563007293,0.08715230524539948,0.030135370449278297,0.09509971961379052,0.08602950870990753,0.1923765242099762
2025-09-16,0.039824555750101534,0.13710474073886872,0.07526446133852005,0.04224481807614211,0.062331754341721536,0.0810641287942417,0.04664214551448822,0.025205658444442135,0.08661834821105004,0.030595184671989274,0.09545299112796783,0.08521108105778694,0.19244012236595154
2025-09-17,0.03997971545723189,0.13767934888601302,0.07477330565452575,0.04190506039303728,0.06265921071171761,0.08066162077884656,0.046957924775779245,0.024957325945212893,0.08615565896034241,0.031052400558413497,0.09640643075108528,0.08437861055135727,0.19243335127830505
2025-09-18,0.040496852420602455,0.13844868093729018,0.07524227797985077,0.041690418371581474,0.0633743841201067,0.08000433253055235,0.047192960418760775,0.024841162497135548,0.08604737892746925,0.03099264094697176,0.0950269341468811,0.08406854048371315,0.19257343113422393
2025-09-19,0.04125453773353645,0.14007143527269364,0.07554286569356919,0.04205351117416285,0.06328882351517677,0.07796678396352945,0.04710376765578985,0.024702086676243695,0.08596058413386345,0.03131310215812917,0.09427053406834603,0.08406712859869003,0.1924048274755478
2025-09-22,0.04224022867481647,0.1417561262845993,0.07463359758257866,0.04210385595797561,0.06335129830986261,0.07722458494426973,0.04725788999348879,0.02430617141925868,0.08637344613671302,0.031551892317647656,0.09320487603545188,0.08367877751588822,0.19231724739074707
2025-09-23,0.04297840948277667,0.14309923499822616,0.07490690350532532,0.042327979890978897,0.06339578665792941,0.07601429509595618,0.0471814401447773,0.024365063762354387,0.08660427704453469,0.030872332556098316,0.09216019734740258,0.08372300788760186,0.19237107932567596
2025-09-24,0.04227622501517523,0.14340806901454925,0.07513199001550674,0.04262907891534269,0.06336357872933149,0.07566551102208904,0.04725969545543194,0.024134705326556725,0.08687498793005943,0.030644553404445673,0.09213902875781059,0.08430035039782524,0.19217223525047303
2025-09-25,0.04234226935247474,0.1434049755334854,0.07493363097310066,0.04277186940598767,0.06344995703548192,0.0748163513831969,0.04703595023602247,0.025331655904422233,0.08715709447860717,0.029923210587880077,0.09286480173468589,0.08372561484575272,0.19224261939525605
2025-09-26,0.042001888660996654,0.14303376972675325,0.0743839330971241,0.042515772409387864,0.06339249368757009,0.07435756038394174,0.0471383199095726,0.025805361861099562,0.08698838278651237,0.029946172218162558,0.0947480782866478,0.08362657278776169,0.1920617163181305
2025-09-29,0.04179038583653778,0.14291555881500245,0.07451881989836692,0.04248177543049678,0.06255457755178213,0.07384778505638678,0.04720166325569153,0.025998828216372692,0.08665236681699753,0.029947371519452304,0.09583310261368752,0.08409040346741677,0.1921673446893692
2025-09-30,0.04179396073548976,0.14323047697544097,0.07453999817371368,0.042607314890483396,0.06250011771917344,0.07387112466312828,0.047369996458292006,0.026034888666002943,0.08663526326417922,0.02962185852565753,0.0953752264380455,0.08435557410120964,0.19206421375274657
2025-10-01,0.04192701709468736,0.14359937906265258,0.07472644299268723,0.042685906420229,0.06208961401134729,0.07378920431492589,0.04721029717475176,0.02612023521007778,0.08651048094034194,0.029344292362354453,0.09488386288285255,0.08490538075566292,0.1922079086303711
2025-10-02,0.04197009234688505,0.14422360211610794,0.0749817781150341,0.04270591293752659,0.06166820004582405,0.07379361484308902,0.0473556637763977,0.026000366902545303,0.08639182671904563,0.029356057023924364,0.09393088892102242,0.0852622114121914,0.19235980212688447
2025-10-03,0.04211738966898295,0.1450740411877632,0.0759411707520485,0.04273951148497872,0.061289340071380136,0.07417203964359942,0.04760595224797726,0.025805832232076043,0.08643385246396065,0.02932437310555471,0.09195577129721641,0.08500288426876068,0.19253782331943511
2025-10-06,0.042256540996152836,0.14487658441066742,0.07710491865873337,0.04298756114731077,0.060955565236508844,0.07409394942078507,0.047622614167630674,0.02583975872333415,0.08616557046771049,0.029468323686984377,0.09085539802908897,0.08527829349040986,0.19249494075775148
2025-10-07,0.042773141713212226,0.14528176039457322,0.0783158577978611,0.043389294124790465,0.06084308475255966,0.07312207644081355,0.047298166900873184,0.02684315809830142,0.08567130342125892,0.029108422170094173,0.09072050899267196,0.08419366553425789,0.19243956208229065
2025-10-08,0.04300783921749289,0.1449873834848404,0.07804088518023491,0.04277743570273742,0.060203848592936995,0.07377945088082924,0.04752182886004448,0.027040840499983964,0.08579299747943878,0.02931919771875684,0.0916658841073513,0.08379738181829452,0.19206503033638
2025-10-09,0.04323949126298654,0.145014289021492,0.07883141934871674,0.04271570286946371,0.06003497950732708,0.07404184106035246,0.047577728517353535,0.02723691743967418,0.08505120724439622,0.029196333351059423,0.09203073680400849,0.08293119147419929,0.19209817945957183
2025-10-10,0.04407509434925157,0.1446855902671814,0.07949391156435012,0.04221228348906152,0.05910284072160721,0.07558276665895391,0.04812572598457336,0.027489566200375036,0.08493503630161285,0.02693500209703501,0.09223095774650573,0.08277530446648598,0.1923559457063675
2025-10-13,0.04079990898751369,0.13793198466300965,0.07668670788407325,0.04051477593602613,0.05463130455464125,0.07901938209615764,0.04765995591878891,0.025178064726530634,0.08337199687957764,0.027296439230424595,0.08968389555811881,0.08077632784843444,0.21644927859306334
2025-10-14,0.03290625493321091,0.11291157305240632,0.0639634408056736,0.033864740977878685,0.04455811772495508,0.06805808866301959,0.040790208615362644,0.020976648193450666,0.06899275332689285,0.02295118674942174,0.07501454092562199,0.06840068250894546,0.34661176800727844
2025-10-15,0.03606886014121482,0.12231090739369392,0.07075635269284249,0.03817465089960024,0.047578753903508186,0.07920101134131982,0.046730419620871544,0.022778847333983165,0.0762243002653122,0.02608413972098589,0.08159469626843929,0.07720579206943512,0.27529128789901736
2025-10-16,0.036765494095867976,0.12454488947987556,0.07297753542661667,0.0399017900635954,0.048532037530094385,0.08396599908101052,0.04963317699730396,0.023567606949550603,0.07841211780905724,0.027319406527252,0.08322028964757919,0.08119345381855965,0.24996620714664458
2025-10-17,0.03709908736731134,0.12920814752578735,0.07474142983555794,0.043372707802336666,0.051859714277088645,0.09227320119734941,0.05428882017731666,0.024559993693628712,0.08277897983789444,0.029614629535107184,0.087330312281847,0.08668196499347687,0.20619102716445922
2025-10-20,0.037101069272717876,0.1298430949449539,0.07414424568414688,0.045118880155496296,0.0527104202657938,0.0950277024452589,0.05666020475327969,0.02513772839005881,0.08379140868782997,0.027811519189003774,0.08796467036008834,0.08971247524023056,0.1949765920639038
2025-10-21,0.035952234333173294,0.12646858245134354,0.07185356318950653,0.045338361896574496,0.05191115271300077,0.09355859516490454,0.05728669837117195,0.025072709617392518,0.08174887932837009,0.026323974418937725,0.08616810515522957,0.08984334617853165,0.20847381949424743
2025-10-22,0.035302040186638274,0.12244036346673966,0.06863705068826675,0.04414713746518828,0.04946651058271527,0.09235387736953271,0.05759725887328386,0.02452467992352574,0.07965830825269223,0.022348468156844346,0.08291386477649212,0.08846930116415024,0.23214116990566253
2025-10-23,0.035948284225933234,0.1252913475036621,0.06876935437321663,0.046302003390155735,0.05097387908026576,0.09709360030556127,0.06121493391692638,0.025170020436327788,0.08183673918247222,0.021423273660960262,0.08610883206129075,0.09264163970947266,0.20722609162330627
2025-10-24,0.03658366514324953,0.12636004984378815,0.06908678039908409,0.047700877260649574,0.05158305261284113,0.09672891698573949,0.06279075648635626,0.025710383104764034,0.08257943540811538,0.020301262058361403,0.08771488331258297,0.09479839652776718,0.19806153774261476
2025-10-27,0.03696487952972287,0.12661027014255524,0.06917619928717614,0.0483522500959225,0.05151529051363468,0.09619776188101241,0.06424445658922195,0.02618784821141169,0.08276548683643341,0.01891301566781962,0.08811462409794331,0.09637856483459473,0.1945793241262436
2025-10-28,0.03737950406016388,0.1264435440301895,0.06889778971672059,0.04900092867319472,0.05152382142841816,0.09548159898095036,0.06574762985110283,0.02662315755842286,0.0829350396990776,0.0165225239779339,0.08810454756021499,0.09764947295188904,0.1936904489994049
2025-10-29,0.03844224304596313,0.1261981561779976,0.06860228925943375,0.04998622927814722,0.0517721101641655,0.09626229494770086,0.06734385024756193,0.026602613814579713,0.08324035257101059,0.014991817504046878,0.0879810567945242,0.09524037837982177,0.19333661198616028
2025-10-30,0.040861619424867615,0.12702257484197615,0.06857105270028115,0.05133214379893616,0.05331986900418997,0.09146068292247947,0.06722382307052613,0.02818668301488394,0.08323344364762306,0.014153582497853279,0.08916820660233497,0.09217461794614792,0.19329172372817993
2025-10-31,0.039420520802200446,0.12708732187747956,0.0686361812055111,0.05318344248807989,0.053721153363585475,0.09023843922550441,0.06728167869150639,0.029736231137528435,0.08338725492358208,0.01370233200889288,0.09023336544632912,0.09078905507922172,0.19258302748203276
2025-11-03,0.03904053304487398,0.12749815732240677,0.06936722546815872,0.054194847066537474,0.053516822122037414,0.08877833310634742,0.06719781588762999,0.03157085974340994,0.08298781961202621,0.012827678485939487,0.09135178551077842,0.0891946755349636,0.19247345626354218
2025-11-04,0.03901847293381984,0.12719146609306337,0.06963422521948814,0.05526116349210497,0.05382716553285718,0.0876452171962228,0.06713839191943408,0.03296237742475583,0.08202718868851662,0.01215110244702089,0.09291560724377632,0.08763670995831489,0.19259091317653657
2025-11-05,0.0368887346597079,0.12647959291934968,0.0693314291536808,0.05536343087733257,0.05230621052905917,0.08943512383902999,0.06856149844825268,0.03236881410877501,0.08242168053984641,0.011316337925347853,0.09479821249842643,0.08696626350283623,0.19376265108585358
2025-11-06,0.0364456502064888,0.12645893096923827,0.0703221783041954,0.05671335552469827,0.05225137583911419,0.0871852122076234,0.06796631757169962,0.03284145893961643,0.08283919841051102,0.010926577509860636,0.09592450559139251,0.0874608390033245,0.1926644265651703
2025-11-07,0.0340502563299669,0.1261545181274414,0.06935303173959255,0.05838494158815592,0.05165770221501589,0.08727355849241576,0.06813979335129261,0.03143339347223275,0.08377383872866631,0.010660959317921482,0.09819944724440574,0.08788086697459221,0.19303773045539857
2025-11-10,0.03288769105139657,0.12550587877631186,0.0693244144320488,0.05968356563244015,0.05076155066490173,0.08701838904944452,0.06770482137799264,0.03120624120045612,0.08420930504798889,0.010346401808027395,0.09939825385808945,0.08898626863956452,0.1929672032594681
2025-11-11,0.032184819197729905,0.12312495782971382,0.06937936693429947,0.060460597753990444,0.050381543766707185,0.08592170369538507,0.06773704271763563,0.03129393729968584,0.08450913429260254,0.009991843998611217,0.10008302330970764,0.08922461867332458,0.19570738971233367
2025-11-12,0.03203696683177988,0.12084637507796288,0.0699178621172905,0.06155000373837538,0.04999646889045835,0.08570057231991086,0.06821370888501406,0.03114986786680838,0.085411936044693,0.009621777166721301,0.10134156048297882,0.09093063920736313,0.19328226745128632
2025-11-13,0.032470890254819376,0.11877768859267235,0.07052092105150223,0.0630594953079708,0.05015754094347358,0.08657127843580384,0.06869524363428355,0.030853769798108742,0.08609899356961251,0.009377598468465465,0.09949949681758881,0.09099770039319992,0.1929193913936615
2025-11-14,0.02991975267177196,0.11488503292202949,0.0679110161960125,0.06225196740415413,0.04947410859167576,0.08649330474036106,0.06698023825883866,0.03045601449801403,0.08441575393080711,0.00897590384265925,0.09831941053271294,0.08809231221675873,0.21182517111301422
2025-11-17,0.02989620641299151,0.11620517149567604,0.06966330744326114,0.06394667660060804,0.050910144858062265,0.08858646082353516,0.06798955332487822,0.031589314544853406,0.08584553599357606,0.008461802194260315,0.10082976892590523,0.08967957347631454,0.19639648199081422
2025-11-18,0.02853051764223551,0.11553795859217644,0.06937950178980827,0.061504349860479125,0.05070166634395719,0.09119382341741585,0.06905126851052046,0.031072948389612165,0.08651898130774498,0.007935486458005413,0.10289591327309608,0.08930271118879318,0.19637487828731537
2025-11-19,0.026907225252416823,0.11592368930578231,0.06967728063464165,0.05764811154222116,0.050707257445901634,0.09400454265723965,0.07018532585352659,0.030622104175507658,0.0873784027993679,0.007707036651834187,0.10559340119361878,0.08986829221248627,0.19377730488777162
2025-11-20,0.02640493969879021,0.11538354232907296,0.06981346383690834,0.055897879297845066,0.05087082451209426,0.09629772215921548,0.07103834636509418,0.030313295733355262,0.08869345858693123,0.007575216630729642,0.1047575406730175,0.08946316391229629,0.1934905618429184
2025-11-21,0.024570078974388388,0.11502160057425499,0.0688935562968254,0.052655614278046416,0.049958241265267135,0.10022663793806715,0.07269598878920078,0.02928079040450484,0.09047332555055618,0.007695714799909581,0.10371326133608819,0.08930572122335434,0.19550944566726686
2025-11-24,0.023748166500659453,0.11484174951910972,0.0682058285921812,0.05093319325242192,0.04917492875829339,0.10261611172099946,0.07441755495965481,0.02882541089507349,0.09178759828209877,0.007849703513481642,0.10145323053002357,0.09012743085622787,0.19601907730102539
2025-11-25,0.023166280320875643,0.11241493821144104,0.06718867979943752,0.049272205267334356,0.048612742219120264,0.10332674513501842,0.07563013434410096,0.028518273093796863,0.09217342883348464,0.007990715119575498,0.09974192082881927,0.09010741710662842,0.2018565595149994
2025-11-26,0.023246096786823146,0.11079475730657577,0.06743450462818146,0.04879903015680611,0.04856229163706303,0.10493163253104285,0.07747122962027789,0.02853052460378862,0.09356823489069939,0.008260030567660693,0.09806118160486221,0.09172042459249496,0.1986200511455536
2025-11-28,0.0233865876490702,0.1094225063920021,0.06750138811767101,0.04816669702413492,0.048479129280895,0.10560694261657773,0.07895245254039765,0.028447531886322253,0.09399579763412476,0.008531448907537254,0.09748057201504708,0.09270346611738205,0.19732547998428346
2025-12-01,0.023999235663333885,0.10922093018889427,0.06838317550718784,0.048003816255368294,0.04838843895122409,0.10502842541500286,0.07925161626189947,0.028667140834012984,0.0943620152771473,0.008793952709113739,0.09746374040842057,0.09384471476078034,0.19459278285503387
2025-12-02,0.02490616559483687,0.10782938301563263,0.06852339282631874,0.04865620221826248,0.0496323767118156,0.10045633605623153,0.07714420147240161,0.030505833767025693,0.09501554369926453,0.009414392874182909,0.09957135766744614,0.09350756108760834,0.1948372721672058
2025-12-03,0.02583377907355029,0.10837680026888848,0.06880101785063744,0.04935995903215371,0.05040308749303222,0.09776018378070148,0.07599694710224866,0.031008078327696253,0.09559400230646134,0.009698019593687945,0.10033306628465652,0.09330250173807145,0.19353254437446593
2025-12-04,0.026588539866100724,0.10890535116195679,0.06934248469769955,0.04983481143135578,0.05063324151560664,0.09525749651002116,0.07478760555386543,0.030966435885173026,0.09545596167445183,0.010062783934618125,0.10182313621044159,0.0931403249502182,0.19320179522037506
2025-12-05,0.02739305430950356,0.1095536433160305,0.06969180479645729,0.050491452967980875,0.05102207837626338,0.09178837639410631,0.07321182414889335,0.031157459785414333,0.09570474624633789,0.010498787516777953,0.10363786965608597,0.09277401268482208,0.19307489097118377
2025-12-08,0.028149377096227824,0.11055867075920105,0.0691854115575552,0.050893937703222036,0.0518469974398613,0.088880860714562,0.07162255626171828,0.031213072094934447,0.09579074457287788,0.010899270143597307,0.10564957410097123,0.09237446337938308,0.19293506145477296
2025-12-09,0.029036995688998424,0.11093232855200767,0.06957052238285541,0.05173169077024795,0.05293837264180183,0.08769091692556685,0.07081018034368754,0.031266156695204474,0.09584270343184471,0.011435013019750074,0.10400767028331756,0.09172386080026626,0.19301358461380005
2025-12-10,0.029763122580555645,0.11166280135512352,0.0700760617852211,0.05214148333179765,0.053534089028835295,0.08642658374083112,0.07015739511698485,0.03126311375948134,0.09550788328051567,0.011972083492703688,0.10344006717205048,0.09107057899236679,0.1929847329854965
2025-12-11,0.030422397821911317,0.11255923435091972,0.07072929292917252,0.0523333263292443,0.05419614817947149,0.08511844854365336,0.0696507815271616,0.030699361453569197,0.0947867438197136,0.01253276352169408,0.10311892330646515,0.09087457656860351,0.19297801852226257
2025-12-12,0.031063056477601235,0.11322539374232292,0.07144246064126492,0.05241670847171918,0.05391348218545318,0.08449041800486157,0.06910812184214592,0.030557252274201474,0.09424766972661018,0.01304288546324912,0.10268888473510743,0.0910384088754654,0.19276530742645265
2025-12-15,0.029857534380159832,0.11353735625743866,0.07055291831493378,0.053463309444487093,0.053715945966541764,0.08459889062869479,0.06765115763992072,0.031959803605681715,0.09406621158123016,0.014064522472136787,0.10192161798477173,0.09086738526821136,0.19374334812164307
2025-12-16,0.029463885945311574,0.11409119740128518,0.06961722820997238,0.05450725739938207,0.053521317709237334,0.08495897032225912,0.06712679713964462,0.03216699761339577,0.09393648356199265,0.015060096692243974,0.10106631517410278,0.09150639921426773,0.19297704100608826
2025-12-17,0.029395776656603624,0.1139373280107975,0.06896673291921615,0.05483955321833491,0.05314461328089237,0.08620252883411013,0.06701207719743252,0.03178301721624912,0.09467534124851226,0.016219707646142112,0.09927664175629616,0.09156742542982102,0.19297927618026733
2025-12-18,0.02744351137588641,0.11453702673316002,0.06739875078201293,0.05423088748357259,0.0526526034809649,0.08793978195353702,0.06691520642489195,0.031038968023918655,0.09496795907616615,0.01758998165909915,0.09984762370586395,0.09227856546640396,0.19315915405750275
2025-12-19,0.026733024240798108,0.11459580585360526,0.0664594616740942,0.05444440586143173,0.05300603415817022,0.08927154287048325,0.0672251682728529,0.03033719702193647,0.09538382887840272,0.01884852186634518,0.09829694405198097,0.09236005693674088,0.19303800463676452
2025-12-22,0.026577562442433235,0.11330888643860818,0.06598937772214412,0.054676628240849824,0.05339953294023871,0.08909250569449796,0.06704553645104169,0.030789080090244704,0.09528293386101723,0.020114140833617,0.09848811849951744,0.09237374514341354,0.19286192655563356
2025-12-23,0.026703724007199447,0.11175295934081078,0.06596535257995129,0.054723330674460155,0.053532644640654325,0.08888197789965488,0.06701159197837114,0.031013447148174222,0.09509935528039933,0.02050805189601661,0.09895946159958839,0.09297107607126236,0.19287703037261963
2025-12-24,0.027048683227018165,0.11072567626833915,0.06505971252918244,0.05488915570895188,0.05385282542556524,0.08857548568012134,0.06719550099223852,0.03115581248286059,0.0948677860200405,0.020847081767200848,0.10001581460237503,0.09306170791387558,0.19270475208759308
2025-12-26,0.02767696326518898,0.1108112521469593,0.06498468928039074,0.054952779650921005,0.05389911225065589,0.08803888049005763,0.06707836724817753,0.0308402234575464,0.09470960050821305,0.020979684364280615,0.09993531107902527,0.09352016746997834,0.1925729662179947
2025-12-29,0.028321826250119565,0.11096342876553536,0.06445105522871017,0.055077489878749476,0.054330078419297934,0.08746481229063648,0.06629615426063537,0.030575011681188792,0.09437437728047371,0.021255564261268133,0.10075372979044914,0.09356387555599213,0.19257260859012604
2025-12-30,0.028952815894303187,0.11099519431591034,0.06399670094251633,0.05540549262659624,0.054597994219511746,0.08827120720379752,0.06648882161825895,0.030167412747903733,0.09497818276286125,0.01887717261799473,0.09995788484811782,0.09432232528924941,0.1929888069629669
2025-12-31,0.029463745777508522,0.11072107776999474,0.06314380094408989,0.055695515393745156,0.055035713501274584,0.08851965733374527,0.0660694794729352,0.030041307713725197,0.09539392963051796,0.017689060359829513,0.10048254430294037,0.09492944628000259,0.19281471967697145
2026-01-02,0.029205264138093233,0.11046858429908753,0.06275436393916607,0.05683481974992901,0.056188789941370484,0.08846698053130239,0.06517565622925758,0.031095709822672114,0.09630724713206291,0.01685593502094278,0.0989996075630188,0.09467429518699647,0.19297275245189666
2026-01-05,0.029277001136670932,0.1097938023507595,0.06339261271059513,0.057354143616976216,0.05776776224374771,0.08809207672675257,0.06462544575333595,0.031381317329532796,0.09658314883708954,0.016101658774709548,0.09813776314258575,0.09478867053985596,0.19270461201667785
2026-01-06,0.02945308035027274,0.10946279838681221,0.06392154693603516,0.0573625473480206,0.05806298330426216,0.0875544029426237,0.06441144272685051,0.031349228136351395,0.09635966941714287,0.015318063404821202,0.09740239307284355,0.09491996616125106,0.19442190527915953
2026-01-07,0.029893754622636416,0.11011107116937638,0.06484880447387695,0.05737238930305466,0.058638537861406805,0.08726311643731606,0.06431469265371562,0.031425650117969536,0.09635076075792312,0.014728807622072538,0.09635532423853874,0.0957735076546669,0.19292360842227935
2026-01-08,0.030280116386586363,0.11025314480066299,0.0658377680927515,0.0574391468137037,0.058511032816022636,0.08810360222414601,0.0647156996652484,0.03120484713526661,0.09703914672136307,0.013778159898138399,0.09502438008785248,0.09483598917722702,0.19297695457935332
2026-01-09,0.03083359578508187,0.1103202074766159,0.06753108687698842,0.05766768426983617,0.05838091596961022,0.0867199717748008,0.06411805432289838,0.03177526763354397,0.09692072123289108,0.01339290444798138,0.09489623084664345,0.0948173686861992,0.19262600541114808
2026-01-12,0.03143023640253784,0.11148830056190491,0.06903601698577404,0.05774793712771498,0.05785696748644113,0.08591700089600636,0.0638689048588276,0.031742086795186884,0.09650361761450768,0.0131360001715926,0.09407623186707496,0.09443643689155579,0.19276028871536255
2026-01-13,0.031911539057285054,0.1119586169719696,0.07044360339641571,0.05766766695887782,0.05783426184207201,0.08492670416817419,0.06324182208627463,0.03185034065752053,0.09609386399388313,0.012847291454354348,0.0942833386361599,0.09420774728059769,0.19273319840431213
2026-01-14,0.03231081269513645,0.11250856518745422,0.07163931280374528,0.05653413733234629,0.05633886298164725,0.08478947685216554,0.06315477397292853,0.03187445244347149,0.09617536664009094,0.012569333025629703,0.09504617527127265,0.09453703463077545,0.19252170622348785
2026-01-15,0.031874597621667,0.11377401947975159,0.07291373908519745,0.05634048755164258,0.05554354665800929,0.0846716093004943,0.06296946257352828,0.03139791467064388,0.0956254094839096,0.012543673204513795,0.09493790715932846,0.09471997618675232,0.19268763959407806
2026-01-16,0.032041032614576005,0.11436561569571495,0.074571443349123,0.05610861104214564,0.05521637927740812,0.08415225826538517,0.06280672941356898,0.031278152309577756,0.09544425010681153,0.012183436542180459,0.09377073347568513,0.09536207616329193,0.19269931316375732
2026-01-20,0.032430979805237035,0.11415916606783867,0.07594506070017815,0.05640408064355142,0.05448642866685986,0.08194432847376447,0.06217481791973114,0.0321637795693519,0.09570732861757278,0.011837187893680578,0.09342009276151657,0.09666510671377182,0.19266164898872376
2026-01-21,0.030431020538738095,0.113918387144804,0.07698831632733345,0.0548856791399885,0.05496089365333319,0.081812781226472,0.06113055795431137,0.03351750926847128,0.09661429971456528,0.012353744905809094,0.09586750194430352,0.0953739419579506,0.19214538335800171
2026-01-22,0.029445951528283665,0.11399037428200245,0.07819881141185761,0.05438374861842021,0.055220740102231505,0.08058052844462509,0.06069580521434546,0.033092533621490186,0.09622436165809631,0.01239145003648474,0.09646175876259803,0.09518464505672455,0.19412929117679595
2026-01-23,0.02920771861852369,0.11415093727409839,0.07988112047314644,0.054435333015862855,0.05567523003555834,0.08031058728338394,0.060736477933824064,0.03275167812132977,0.09669645875692368,0.012461435517225538,0.09703638330101967,0.09453902393579483,0.19211759865283967
2026-01-26,0.02925960385675328,0.1132275030016899,0.0775989443063736,0.054911138251191004,0.056296832766383885,0.08041495035140542,0.060779609717428684,0.032209834069883314,0.0969519004225731,0.012565896634061602,0.09949481785297394,0.09422337114810944,0.19206562042236328
2026-01-27,0.029439448898155262,0.11307555809617043,0.07639260813593865,0.05511415509390645,0.05635238843970001,0.08064271022922184,0.06067254152148962,0.031924251829166826,0.09697512984275818,0.01269151170068028,0.10114653557538986,0.0933668151497841,0.1922063112258911
2026-01-28,0.02983255525896187,0.11344146504998207,0.07546432912349701,0.055030275415629146,0.05698150852695107,0.08058674185158451,0.05995389577001333,0.031766619265320095,0.09644296914339065,0.012726367984739539,0.1026820793747902,0.09246747195720673,0.19262371063232422
2026-01-29,0.030698190144383374,0.11382245272397995,0.07440695315599441,0.05257167823729105,0.05782787362113595,0.08154801537602907,0.0599052220582962,0.03165161020326881,0.09616129100322723,0.012845171844362114,0.10527478083968163,0.09101959690451622,0.19226716160774232
2026-01-30,0.031192027881029104,0.1142420805990696,0.07329609394073486,0.05165774110937491,0.05717458720318973,0.08235439914569724,0.05990281812846661,0.03153027552285135,0.09565934836864472,0.012897315810180032,0.10760311260819436,0.09025853723287583,0.1922316610813141
2026-02-02,0.022692936471862702,0.07874691113829613,0.050039976462721826,0.03499465044005774,0.037163349939510225,0.058821149710274766,0.04203893952071667,0.021397519080598927,0.06731098890304565,0.007718593694742282,0.07055752612650394,0.06138796284794808,0.44712947607040404
2026-02-03,0.02416578495409354,0.07823804914951324,0.05048968978226185,0.03510033618076704,0.03682299312204122,0.06045168367636507,0.04261042084544897,0.02112116991329103,0.0685955010354519,0.007109566534566625,0.06630746945738793,0.06017802581191063,0.4488093197345734
2026-02-04,0.023640743636054395,0.07816344276070594,0.050794607400894164,0.03531552408239804,0.036709710117429496,0.06203211678075604,0.04343500565737486,0.02106155223978572,0.06963511779904366,0.007362190248407075,0.06524057947099209,0.05875219777226448,0.4478572249412537
2026-02-05,0.023873932605416037,0.08026953116059303,0.05171208642423153,0.03673762610414997,0.03597319880500436,0.06513083357203868,0.0450751356780529,0.02156144605002446,0.07213191762566566,0.007138057637711625,0.06504858881235123,0.05938482657074928,0.43596282601356506
2026-02-06,0.02252214066774627,0.07930990383028984,0.05062251314520836,0.03525149695342407,0.03549876962788403,0.06724272959399968,0.045698906667530535,0.020632944778034457,0.07356854379177094,0.006628641500829957,0.06151076778769493,0.058506814390420915,0.44300584197044374
2026-02-09,0.021940316798171367,0.07645505852997303,0.04932691641151905,0.03433250270900316,0.035332603426650164,0.0679590667339653,0.04650972858071327,0.02057213034735401,0.07386437207460403,0.006422057506819101,0.05808824896812439,0.058025005459785464,0.45117199420928955
2026-02-10,0.021693537569023924,0.07481328211724758,0.04857251234352589,0.033764889359008524,0.03527574501931667,0.06906251627406164,0.04781974945217371,0.021315182052786243,0.07461717650294304,0.006155649219385139,0.05693376958370209,0.058388971537351606,0.45158701539039614
2026-02-11,0.021593277566168467,0.07394495829939843,0.048279383406043055,0.033519615716068075,0.03527221088297665,0.07005290027700539,0.04861770840361714,0.021989190966647598,0.07515395283699036,0.005621175602090744,0.0553651787340641,0.059539244323968885,0.4510511875152588
2026-02-12,0.02204078184264553,0.07402315102517605,0.048709990829229353,0.03389615130145103,0.03644135976210237,0.07012544642420834,0.049016776401549576,0.022778668542741798,0.07637549713253974,0.005328152167435718,0.05523939318954944,0.06020321473479271,0.44582144021987913
2026-02-13,0.020604650782294343,0.07370195630937815,0.04743242673575878,0.03394844903959893,0.03640105491504073,0.07086951603450871,0.04881852399557829,0.02157740939396291,0.07733742520213127,0.004857507150566676,0.05284920632839203,0.06020907610654831,0.45139279365539553
2026-02-17,0.02011316949007309,0.07387941256165505,0.047498277574777606,0.03426370157394558,0.03649823234882206,0.0711533686349867,0.04890763545408845,0.021286110246517963,0.07802329659461975,0.004644295496193251,0.051727887243032455,0.0610031396150589,0.4510014891624451
2026-02-18,0.020119273684850114,0.073858199454844,0.04774803332984447,0.034737632563337686,0.036433466523885724,0.0720489558949339,0.049386209715157746,0.021303812030890157,0.07896283119916916,0.004161345243423398,0.05081567279994488,0.06203485950827599,0.44838969111442567
2026-02-19,0.020843773125864475,0.07470618393272162,0.049313249066472054,0.035967832733877006,0.037358018942177294,0.07343059709091904,0.05054772263392806,0.021909990639137435,0.08139034509658813,0.003988081352686379,0.05214779693633318,0.06214723214507103,0.436249178647995
2026-02-20,0.023431134592815893,0.08295706324279309,0.05550873912870884,0.040253463527187706,0.041481209779158236,0.08233993100948282,0.05664122700691223,0.02440898933234408,0.09113176092505455,0.004092016848798607,0.0584382077679038,0.06916455775499344,0.3701516568660736
2026-02-23,0.02619926565518078,0.09001720324158669,0.06113538146018982,0.0444133035140112,0.04607189348898828,0.08996478389308322,0.06202070061117411,0.026635943091072534,0.09945655837655068,0.004193709234115772,0.06383104249835014,0.07587199062108993,0.31018823981285093
2026-02-24,0.02838578855349567,0.10178215354681015,0.06782932467758655,0.05088684163056314,0.05145432888530195,0.10294784668003558,0.07112456429749728,0.029417958340994234,0.11190600842237472,0.0045913010332725435,0.07236804496496915,0.08573705852031707,0.22156878411769867
2026-02-25,0.029072742620993706,0.10443611554801464,0.0701532732695341,0.05294992855051532,0.05370119428262114,0.10603434509612271,0.07435777336359024,0.03038665409065544,0.1142638459801674,0.004247441977881294,0.07473241053521633,0.08858833312988282,0.19707592725753784
2026-02-26,0.029373625263271207,0.10372038446366787,0.07064013071358204,0.05351729014655575,0.054541540099307895,0.10593900280218804,0.07570116277784109,0.030960146053692482,0.11382775604724885,0.003892378675058694,0.07503983490169049,0.08890872299671174,0.1939380258321762
2026-02-27,0.028910625243333144,0.10458217896521091,0.07077346444129944,0.0538565986440517,0.05374854141846299,0.10615194593046909,0.07688116263598203,0.031081063965628174,0.11266878843307496,0.003639551787182427,0.07453166898339987,0.0896791398525238,0.1934953063726425
2026-03-02,0.028472260652874937,0.10346614047884942,0.06939416453242302,0.054591520433314146,0.053667331719771026,0.10674801932837,0.07830461692065001,0.031240638170950064,0.11120903193950653,0.0034466886445045477,0.075878313370049,0.09045165181159973,0.19312962889671326
2026-03-03,0.02975076905194953,0.101524106413126,0.07060571908950805,0.05119104232871905,0.052414885722100735,0.10282550713818636,0.0784553011879325,0.03211439165877934,0.11279473155736923,0.0034659188101443307,0.0792235154658556,0.09342980235815049,0.19220429956912993
2026-03-04,0.025153744680254064,0.08667511083185672,0.060348492860794065,0.03953344972105697,0.04153652773238718,0.08704919189040083,0.06822470985352994,0.027499130233201895,0.09709914550185203,0.002736876026440882,0.07024614233523607,0.08134791776537895,0.31254956126213074
2026-03-05,0.026576533815033443,0.08915254138410092,0.06313427090644837,0.038736680359579626,0.04261192255653441,0.0888801347646222,0.07156866239383816,0.028716223785022522,0.10109282210469246,0.0027780704308725036,0.07528378572314978,0.08626634404063224,0.28520201444625853
2026-03-06,0.025443002269284774,0.08113607317209244,0.05922771841287613,0.03351464064326137,0.038420432806015016,0.08243247145292117,0.06826365049928426,0.027705596505325048,0.09359110295772552,0.002503322609982206,0.07507101148366928,0.08154544606804848,0.3311455249786377
2026-03-09,0.027376097252019706,0.08868610300123692,0.0643820647150278,0.03508521976182237,0.041818420263007285,0.09194750867536641,0.07672401806339621,0.030305010004279608,0.10000194758176803,0.002834593589557244,0.08789059184491635,0.08942658975720405,0.26352182030677795
2026-03-10,0.028661169940700403,0.09214237667620181,0.06758751273155213,0.035486330301500855,0.04364369586110115,0.09590195043638232,0.08153449594974518,0.030429442646283177,0.10175383388996125,0.0029364483497488435,0.09116579219698906,0.09422150701284408,0.23453545272350312
2026-03-11,0.030596850674116993,0.09489636272192001,0.07020383626222611,0.036756984004750845,0.04591241250745952,0.09849416360229953,0.08308256268501282,0.03341787288166671,0.10434618890285492,0.003130527559383722,0.09771699104458094,0.09961542561650276,0.20182980895042418
2026-03-12,0.032363617228378064,0.09478564448654651,0.070869130641222,0.03762013828381896,0.04730006316676736,0.09620873519888846,0.08046390246599913,0.03558414966075389,0.10423372983932495,0.0032472296711972604,0.10261968905106186,0.10025407746434212,0.19444990456104277
2026-03-13,0.031176977504569693,0.09360007531940936,0.06913604289293289,0.03629514751955867,0.04550856282003224,0.09361223992018494,0.07858709907159209,0.03521637768247672,0.09989173263311386,0.0031388981607960885,0.10603648573160171,0.09941985756158829,0.20838050842285155
2026-03-16,0.03126417628880205,0.09567811600863933,0.07034075893461704,0.035433838772587475,0.04654334108345211,0.0941933484733454,0.07871978236362338,0.03570967031873522,0.09914056360721588,0.0030535682874813118,0.10910256803035737,0.10248131304979324,0.19833895266056062
2026-03-17,0.03155117377375838,0.09614568687975407,0.07157775722444057,0.0348823424661532,0.04791270699352026,0.0930482876021415,0.07835519779473543,0.03428353015597026,0.0975052297115326,0.0029780970446495305,0.10644354978576302,0.10456100106239319,0.20075544714927673
2026-03-18,0.03206938781610624,0.09726120755076409,0.07342489324510097,0.034559418074786664,0.04849960021674633,0.09263768563250778,0.0786362061277032,0.032467710519950545,0.0966742366552353,0.0029373991093962102,0.10698962425813079,0.10697362571954727,0.19686894714832306
2026-03-19,0.02916284467634824,0.09151624888181686,0.06863553188741207,0.031239302922040225,0.04471161102410406,0.08555884439774672,0.0742170519195497,0.029943870839262844,0.0890812873840332,0.0026287996322651,0.10324872783385217,0.09856184870004654,0.25149406492710114
2026-03-20,0.030209748007681014,0.09576567634940147,0.0727765467017889,0.03204256810713559,0.04675087290816009,0.08887233501300215,0.07834850484505296,0.02926150992404857,0.09207923859357833,0.002532387774093081,0.10374917695298791,0.10236567109823227,0.22524573504924775
2026-03-23,0.02198662860154421,0.06794599294662476,0.05235415101051331,0.022699522646144034,0.03242771241348237,0.06217529631103389,0.055490714078769085,0.020994951041314637,0.06600220128893852,0.0018236743538068366,0.07590488074347376,0.07126263976097107,0.4489316403865814
2026-03-24,0.022853062356546515,0.0691946841776371,0.054276838712394235,0.022851174976676703,0.03357878467068076,0.0615390277991537,0.05598797909915447,0.019777598540418495,0.06623261049389839,0.0017715441244575913,0.07149428925476968,0.07197928279638291,0.4484631299972534
2026-03-25,0.023653821047601296,0.06991355903446675,0.05577874481678009,0.02254617118742317,0.03317577803973108,0.0603206042367674,0.055891680624336006,0.018902126080263315,0.06592138558626175,0.0017526636219443504,0.07196683781221509,0.07170644029974937,0.44847020506858826
2026-03-26,0.02465729368238918,0.07083219699561596,0.057109296321868896,0.022485610819421707,0.03339787891600281,0.059349852930608904,0.05553396535106003,0.018154860490822246,0.0655741348862648,0.0017672933315097338,0.0697396945208311,0.07180390320718288,0.44959402084350586
2026-03-27,0.024531803820526575,0.07149275057017804,0.05737692378461361,0.021949760452844202,0.03258035610197112,0.05717624765748042,0.054990776674821974,0.018665901643726814,0.06566439047455788,0.0017209758256100827,0.07146989265456796,0.07309361919760704,0.4492865979671478
2026-03-30,0.023816811303035833,0.07269334457814694,0.05708351619541645,0.02150789014995098,0.03253243219805881,0.05660999547471875,0.05468040127307176,0.01840152105915962,0.06534665822982788,0.0018245122783667965,0.07298265739809721,0.0733764585107565,0.4491437911987305
2026-03-31,0.02349271632173462,0.07380277998745441,0.05638045594096184,0.021454401966184377,0.03197187645127997,0.05617450737045147,0.05430000270716846,0.017544551591421254,0.06497950926423073,0.0018402641255832464,0.07364304058719426,0.07479657456278802,0.449619323015213
2026-04-01,0.02383677491925873,0.07390829138457775,0.05640723332762718,0.021719608921557665,0.032463806460145864,0.05606468526093522,0.05470762443728745,0.016905955308433817,0.06410774365067481,0.0019572130800966647,0.07072394946590066,0.07722330316901208,0.4499738156795502
2026-04-02,0.02404744890661803,0.07312854044139386,0.05608659386634827,0.021841206843964754,0.03245346277253702,0.05623543833571602,0.05550635252147913,0.016666511775225247,0.0639809176325798,0.0020051779629838506,0.06797887114807963,0.07931430414319038,0.4507552027702332
2026-04-06,0.024199618346271733,0.07222342565655708,0.05592189356684685,0.021365146315656603,0.03158781921956688,0.05664743375746184,0.056199704436585306,0.01645301070126024,0.06412130892276764,0.0018859012505373584,0.06687235801946372,0.08087622858583927,0.45164614319801333
2026-04-07,0.024723800829275788,0.07209640108048916,0.05618943423032761,0.021450003748759626,0.03146578405285254,0.05607620573427994,0.05664982465095818,0.016343320030917853,0.06449900344014167,0.001804843618998575,0.06485351752489805,0.08148195818066598,0.45236591100692747
2026-04-08,0.025309743961104657,0.07219289503991604,0.056747829914093016,0.021405708859674633,0.031453571585007015,0.05600085511541693,0.05732329641468823,0.016271800551234606,0.06503622457385064,0.0017444067194034574,0.0621925060171634,0.08185571208596229,0.45246545076370237
2026-04-09,0.026086346674637894,0.07214526645839214,0.05758253112435341,0.021668525645509362,0.03260817220434546,0.056201075999706515,0.05926277977414429,0.016039858265283157,0.0655965268611908,0.00170830314905146,0.05628313352353871,0.0830000575631857,0.45181743502616883
2026-04-10,0.026699048290566553,0.0717221476137638,0.05795453824102879,0.021156912110745905,0.03230231332127005,0.056348979199538005,0.06054919180460274,0.0160539677028936,0.06605593115091324,0.0016582018238423756,0.05404672455042601,0.08319627605378628,0.45225576162338255
2026-04-13,0.02749954214178274,0.07158668041229248,0.05843435563147068,0.021128649078309535,0.03269736709771678,0.056384060911659616,0.0617334199603647,0.016385766079366704,0.06547241881489754,0.0016118449095174014,0.05180817297659814,0.08344912976026535,0.45180858969688414
2026-04-14,0.02826665855029873,0.07192995846271515,0.05907671973109245,0.021025854954496027,0.03288066438399255,0.05626524974795757,0.06282614637166262,0.016363105170743353,0.06456194892525673,0.0015528388014260485,0.05044200588017702,0.0832118671387434,0.45159698724746705
2026-04-15,0.02905457140765435,0.07241795994341374,0.05955992080271244,0.021001429297029972,0.03335654030088335,0.05616213956382125,0.06378702176734805,0.016209855496732217,0.06375306770205498,0.0015145285254803298,0.04797585788182914,0.08322614952921867,0.4519809544086456
2026-04-16,0.03018629917004354,0.07423071637749672,0.06069703809916973,0.020910817477852107,0.0336593912448734,0.05589472088613547,0.064315889403224,0.016450627141383477,0.06398529037833214,0.0014022279295105022,0.04752919636666775,0.08371681496500968,0.44702097177505495
2026-04-17,0.03255196092467507,0.07921832650899888,0.06471331305801868,0.021876153908669947,0.03576620377134532,0.05790461409051204,0.06621826915070414,0.018809293396363815,0.06695372685790062,0.0013995610145244087,0.05058168112300336,0.08837045021355153,0.4156364440917969
2026-04-20,0.03374004906106691,0.08118399903178215,0.06635766290128231,0.0223972138017416,0.03626179491402581,0.05767303638131125,0.0662056338507682,0.01882556596224063,0.06706395894289016,0.0013859508116311758,0.048174723098054525,0.08957810439169407,0.4111522912979126
2026-04-21,0.040480584476996026,0.09669397920370101,0.07856841161847114,0.026379721658304333,0.042329081252682955,0.06755078753631097,0.07671976685523987,0.021779226991839807,0.07852820232510567,0.0015483837441053084,0.05750622032210231,0.10544177740812302,0.3064738094806671
2026-04-22,0.0369509468079535,0.08793685734272003,0.07174472659826278,0.022511180164292453,0.03774725518887863,0.06016256118746242,0.06944049489684403,0.020286486714672237,0.07134769186377525,0.0013086047914526943,0.05409984211437404,0.0923308402299881,0.37413254380226135
2026-04-23,0.03873702081875159,0.09174960851669312,0.0750290259718895,0.0226937151979655,0.039360875636339186,0.0615438892506063,0.07167487968690693,0.020866759763424624,0.07338634952902794,0.0013081207306640864,0.057227318082004784,0.09216544777154922,0.35425700545310973
2026-04-24,0.04307293150534832,0.10148253217339516,0.08358572721481324,0.024433644069358707,0.04291223018663004,0.06818667865591124,0.07940318337641657,0.023609526031906115,0.08112080320715905,0.0013756842655908486,0.06579086426645517,0.10062700733542443,0.2843991696834564
2026-04-27,0.046181776919149084,0.10878425985574722,0.08965789303183555,0.025705287931486964,0.04647112586535514,0.07277948716364335,0.08528043101541698,0.025478008380697758,0.08618632704019547,0.0014280948055500175,0.07181315822526813,0.10498405992984772,0.23525007367134093
2026-04-28,0.04863352200977182,0.11339775770902634,0.09393333792686462,0.026364564150571822,0.04837385950377211,0.07544787252263632,0.08838949897326528,0.027640195055407445,0.08982380554080009,0.0014198800013360824,0.07802041326649486,0.10689549893140793,0.20165980160236358
2026-04-29,0.04871761293701127,0.11455795615911483,0.09276778846979142,0.026434870343655346,0.04823209579335526,0.07668418255634606,0.08950353264808655,0.027876326652771156,0.09028164148330689,0.0013067907535315726,0.0818197812885046,0.10644195675849914,0.1953754812479019
2026-04-30,0.04988650985293823,0.11494957506656647,0.09224543422460556,0.025994041375815867,0.04754020810360089,0.07538504646799993,0.0884531784337014,0.030045765491222197,0.08984620794653893,0.001223825396613165,0.08652180265635252,0.10469430610537529,0.19321409463882447
2026-05-01,0.050008489935088815,0.11430632919073105,0.09071811884641648,0.02534315991215408,0.04759544858825393,0.07364734855364077,0.08723965091630817,0.03091829556141761,0.08821299895644188,0.0011610333360408732,0.08713459745049476,0.10267242938280105,0.201042103767395
2026-05-04,0.051136441533128976,0.11641353964805604,0.09112473651766777,0.025216882955282925,0.047630753612611446,0.07419079059036449,0.08811614057049155,0.03182327170181694,0.08893928676843643,0.0011427971179529095,0.08816655469127,0.1021881215274334,0.19391064643859862
2026-05-05,0.051878108082315674,0.1167313352227211,0.09102670773863793,0.02403836352750659,0.04731130400905385,0.0733899328741245,0.0869164656382054,0.032985695438529916,0.0886929139494896,0.001058419701865887,0.09127746964804828,0.10116699188947678,0.19352628886699677
2026-05-06,0.05235121436970012,0.11800445169210434,0.09117892235517502,0.023498316202312707,0.047978619096102196,0.07258986879896838,0.08604087298735977,0.03307559753056637,0.08785527274012565,0.0010204503059810578,0.09092305642552674,0.1005329355597496,0.19495042860507966
2026-05-07,0.051694011963358835,0.11609415709972382,0.08996784090995788,0.022746003046631814,0.048015828611096364,0.07029969316499773,0.08387987427413464,0.031587717917318514,0.0853439837694168,0.0009801659502727488,0.08265000144019723,0.09854715391993522,0.21819356977939605
2026-05-08,0.053185643426670384,0.11649302244186402,0.08877031952142715,0.021600259374827145,0.048163524555275214,0.07043349782470613,0.08320761593058705,0.03228728019116715,0.0852217473089695,0.0009862374638032634,0.08190125986002386,0.09789961054921151,0.21984995901584625
2026-05-11,0.05397874783560752,0.11774348020553589,0.08868165090680122,0.021004974003881217,0.049029805272584784,0.07013353544170968,0.08297787373885512,0.03182342687989035,0.08437174633145332,0.000995428837316581,0.07950445311143994,0.09779468774795533,0.2219602108001709
2026-05-12,0.056632875684133666,0.12182330787181854,0.09164362549781799,0.021281059924513103,0.0507607355422806,0.07100228430354036,0.08401636723428965,0.032972664394111464,0.08595909029245377,0.00104821682423335,0.08165412386879325,0.10098816752433777,0.2002174437046051
2026-05-13,0.058824918972628384,0.12209127247333526,0.09139038696885109,0.021334435138851405,0.049312636232934894,0.07046602529007942,0.083240856975317,0.03369655218265706,0.08590206876397133,0.0010917770695840546,0.08285104501992464,0.10242848247289657,0.19736957252025605
2026-05-14,0.060762826530496736,0.12333775609731674,0.09198079481720925,0.021615683753043412,0.0505723706970457,0.07049000770202837,0.08300517746247352,0.03360721399812192,0.08593058064579964,0.0011251288240544,0.082401331840083,0.10182660147547722,0.1933445453643799
2026-05-15,0.062171362093976154,0.1240187406539917,0.09286624863743782,0.02163421465083957,0.05079661851632409,0.07045456102350726,0.08276490354910493,0.03330360234015828,0.085733200609684,0.0011311949851602777,0.08192803016863763,0.10053088515996933,0.1926664352416992
2026-05-18,0.046950638936966806,0.09448901265859604,0.0709048941731453,0.0167351296171546,0.03797062032681424,0.05311227723141201,0.06279180909041315,0.0261553492136958,0.06624623611569405,0.00087385646439202,0.06457396689802408,0.07629613019526005,0.3829000949859619
2026-05-19,0.05070355430232017,0.10098672807216644,0.07539244666695595,0.0183621346950531,0.040889190835878254,0.05685053318156861,0.06663050092756748,0.028196050902040425,0.07113144323229789,0.0009590787590411764,0.07067719791084529,0.08162049129605294,0.3376006603240967
2026-05-20,0.05080313794925395,0.10228893011808396,0.07575377002358437,0.01898346859961748,0.041551444074139,0.05744473794475198,0.06705165975727141,0.029908727868683017,0.07268465608358383,0.0009547576275394931,0.07372496724128723,0.0834336295723915,0.32541608810424805
2026-05-21,0.044033001134664754,0.08805572986602783,0.06597368568181991,0.017063226271420717,0.03548205104016233,0.04896455877460539,0.05862854004371911,0.025505313853575372,0.06318494379520416,0.0008433805457599419,0.06065220255404711,0.07363239116966724,0.4179810106754303
2026-05-22,0.046867226441074016,0.09328183308243751,0.06984068155288696,0.018671833071857692,0.03755154463869985,0.05192061323323287,0.06191851133480668,0.026632970371300857,0.06739896982908249,0.000916084834776143,0.06327192396856844,0.07907519750297069,0.382652622461319
2026-05-26,0.053695016979177626,0.10682468116283417,0.07942181006073952,0.021690051909536122,0.04218645159853622,0.05963842758792452,0.06985079771839083,0.029656011940578608,0.0772150106728077,0.0010421915410347537,0.07028373135253788,0.09109775647521019,0.29739806056022644
2026-05-27,0.05386043379790948,0.10720983147621155,0.08007656335830689,0.022386693116277456,0.04312326232902706,0.059792246896540745,0.07020316710695625,0.028908201977766623,0.0776056095957756,0.0010714876556505715,0.06616560989059508,0.09306487366557122,0.29653201103210447
2026-05-28,0.05880446510470527,0.11623494178056717,0.08716759085655212,0.02469852417707443,0.04670797767757904,0.06575170584837906,0.07664548023603857,0.03045303526456138,0.0846716232597828,0.0011286816364929563,0.06802649926394225,0.10178828313946724,0.23792120516300203
2026-05-29,0.06149264357302329,0.12190555483102798,0.09132819473743439,0.02598897721618414,0.048663782433141026,0.06958080086624249,0.08042485057376325,0.030887236848390388,0.08855125084519386,0.0011670418710025387,0.06882674023509025,0.10571597665548324,0.20546696186065674
2026-06-01,0.0628780478482355,0.1246528223156929,0.09203006029129028,0.02680010674521327,0.049510865204501896,0.07212750691105611,0.08222035528160632,0.030548907823595428,0.0904633179306984,0.0011796934171712792,0.06747498102486134,0.1050602674484253,0.19505304098129272
2026-06-02,0.06410198508346668,0.1262340471148491,0.09164165034890175,0.027186684496700763,0.051263610750902446,0.07353224076796323,0.08350482080131769,0.02970347953633201,0.09099237695336342,0.0011344972558987366,0.06732271183282137,0.10015338733792305,0.19322852790355682
2026-06-03,0.06431863140807366,0.12713813334703444,0.09149257838726044,0.027559416368603706,0.05213652730744798,0.07456486767623574,0.08411390604451299,0.029237904248054745,0.0910947524011135,0.001118187607809773,0.06695182789117098,0.09719562903046608,0.19307761788368225
2026-06-04,0.06279582343250176,0.12821258902549743,0.08932126164436341,0.027623701374977827,0.05225726476928685,0.0757704017974902,0.08488807040266692,0.02946093867314694,0.09140708744525909,0.0011019412262925244,0.06854455042630433,0.09557407349348068,0.1930422753095627
2026-06-05,0.06261287139904823,0.12852164953947068,0.08866068795323372,0.028247738350182773,0.051478926616255194,0.07684996051248164,0.08617971166968345,0.02929737836670725,0.09167271554470062,0.0011182465840164468,0.06855232724919916,0.09420546144247055,0.19260232746601105
2026-06-08,0.04037278486509628,0.08508388847112655,0.059902562946081164,0.019236217811703683,0.03320294545701472,0.052798021456692365,0.0620813665445894,0.02078552250100927,0.06334003210067748,0.0007778860560819112,0.045624350942671296,0.06629070974886417,0.4505037009716034
2026-06-09,0.03942440223703123,0.08406862691044807,0.0604755312204361,0.019596720673143865,0.033548195961338935,0.05295644929283298,0.06363922720775009,0.02094379685198149,0.06365708410739898,0.0008059708799891041,0.04604913461953401,0.06569598577916622,0.44913888573646543
2026-06-10,0.038496334571685865,0.08162013739347458,0.06090323254466057,0.02004379192367196,0.0331491956312675,0.05330952945514582,0.06552145776804537,0.020658673081721445,0.06407850161194802,0.0008165325457724748,0.045302679389715196,0.06605738624930382,0.4500425338745117
2026-06-11,0.035531713672712684,0.07982677072286606,0.06077764853835106,0.01992311105132103,0.03240790230483981,0.05477829675655812,0.06759964005323127,0.020464240532975353,0.0652526743710041,0.0008174419532679167,0.0453867994248867,0.06701852902770042,0.45021523237228395
2026-06-12,0.03395849477976505,0.07923194169998168,0.060952980816364286,0.020154559519141912,0.03303746265301015,0.05496742953546345,0.06919165530707687,0.019657639690749917,0.06600813493132592,0.0008512443119201407,0.04356321701779962,0.06883462592959404,0.44959060549736024
2026-06-15,0.03305796196943618,0.07743932083249092,0.06138106510043144,0.020298577100038528,0.03282444597425638,0.054954627354163677,0.06970188984414563,0.019162395405068013,0.06672741919755935,0.0008636157052393401,0.04235926326364279,0.0708019807934761,0.4504274070262909
2026-06-16,0.032668418385638276,0.0764426790177822,0.062135644257068634,0.020648730266839267,0.0333452489823685,0.05516114081838168,0.07030444710981101,0.01880852318368298,0.06719173118472099,0.0008667091961854112,0.04081935994327068,0.07095996290445328,0.4506473958492279
2026-06-17,0.03169400789021033,0.07464305460453033,0.06188725978136063,0.021287981886416674,0.03300525302183814,0.05620830346597359,0.07111393589293584,0.018141786238765435,0.06787455081939697,0.0008552301827307929,0.03977483045309782,0.07206921949982643,0.45144460797309877
2026-06-18,0.03035248475441783,0.07397043183445931,0.06321548223495484,0.022595576383173464,0.03345699224446434,0.05599114399519749,0.07336836067261174,0.01796904151543508,0.06867087259888649,0.0008614178588544519,0.039100694470107555,0.07020638957619667,0.4502411067485809
2026-06-22,0.029686078499042878,0.07305962741374969,0.06424682214856148,0.023643669206649065,0.034223451617435785,0.05542448150808923,0.07502568453783169,0.01781706424398486,0.06860333606600762,0.0008703604128982078,0.0378602284938097,0.06923596709966659,0.4503032386302948
2026-06-23,0.029268095807705306,0.07137780450284481,0.06567159816622734,0.024888062756508587,0.03459026235941565,0.054115938110044226,0.07490325418766589,0.018278607314555727,0.06888332888484001,0.0008764168673167205,0.037277063075453046,0.06914385110139847,0.45072572827339175
2026-06-24,0.02743298701060084,0.0707476943731308,0.06645290926098824,0.024069764465093613,0.03372891635081032,0.05477875107899308,0.07672743761213496,0.01788883989153085,0.07021069601178169,0.0008852396131885598,0.037312672939151525,0.06934870257973672,0.4504154086112976
2026-06-25,0.026508538517543555,0.06990399584174156,0.06793414950370788,0.023960553482174872,0.03346024644197314,0.054698703589383516,0.07692531131906435,0.01749591218982225,0.07097319066524506,0.0009213475653325531,0.036967212334275246,0.0693772591650486,0.4508735716342926
2026-06-26,0.02591477560166062,0.06857642456889153,0.06914874762296677,0.024020494986325504,0.03324839454580797,0.054612472286680716,0.07613730763550848,0.01728344271764577,0.07133809253573417,0.0009363401042378428,0.0375049096532166,0.069719547778368,0.4515590488910675
2026-06-29,0.024636659495677192,0.0681691650301218,0.07071870863437653,0.023804105073213577,0.03238477882623556,0.055259424401447176,0.0758662570733577,0.017071675116146066,0.07197116315364838,0.0009268304965814878,0.03747897623106837,0.0708284132182598,0.4508838474750519
2026-06-30,0.024260945807974464,0.06783762983977795,0.07194197997450828,0.024032303411513568,0.03172154973944998,0.056179110117955136,0.0762859938899055,0.017210549019325328,0.07301707863807679,0.0009390558596692244,0.037788355350494386,0.07107995450496674,0.44770548343658445
2026-07-01,0.02606093928157307,0.06922005228698254,0.07762880772352218,0.025885741878300905,0.03298952878612908,0.05757759190746583,0.07633385196095333,0.01914974343795848,0.0773022562265396,0.0009824497811337096,0.039720547292381524,0.07233076840639115,0.4248177230358124
2026-07-02,0.027678199584987694,0.07104781977832317,0.08173092193901539,0.027003559842705728,0.033214174464956156,0.05871944777318276,0.07597638424485922,0.019933267827902057,0.0808833159506321,0.0010049112607873668,0.04088932266458869,0.07394295632839203,0.40797569751739504
2026-07-06,0.03327290468572493,0.0842534612864256,0.0949571467936039,0.03201121538877487,0.038506210626655955,0.06859554122202098,0.0866988763678819,0.022803958972958328,0.0953534260392189,0.0011289280960227188,0.04813344925642014,0.08551701158285141,0.30876787900924685
2026-07-07,0.03579732380831437,0.08766556680202484,0.09961616918444634,0.03376920986920595,0.0403655920199526,0.07106615380616858,0.08906212967121974,0.02354573152023178,0.0998637244105339,0.0011474071898817328,0.0511518444865942,0.0867292158305645,0.2802199125289917
2026-07-08,0.03730902033965187,0.08814365305006504,0.09971010126173496,0.03389382101595402,0.04011897962845978,0.06935245954664424,0.08619423917261884,0.025024289497395102,0.10144106894731522,0.0011185955615815146,0.052987360022962095,0.08696532621979713,0.2777410626411438
2026-07-09,0.0419717852049434,0.09428452774882316,0.10687176175415516,0.03692348804324865,0.04382323795580305,0.07444127579219639,0.09224128125933931,0.027422905299467004,0.11116554811596871,0.0011944278305747956,0.060408455319702625,0.09158104807138442,0.217670276761055
2026-07-10,0.04418577370670249,0.09469481743872166,0.10903004817664623,0.038043337687849996,0.044638433730142424,0.07533230348490179,0.09356556433485821,0.028240802432115686,0.1137205868959427,0.001216862918431616,0.06340435352176428,0.09252537190914153,0.20140176117420197
2026-07-13,0.04599228709119139,0.09367073960602283,0.10860813409090042,0.03878600876778364,0.045039635320426895,0.07554747650865465,0.09381144936196506,0.029222563334865014,0.11440647244453431,0.001230445905525812,0.06637441348284483,0.0927794799208641,0.19453087747097014
2026-07-14,0.045609297911207845,0.0934707336127758,0.10732668898999691,0.03860700577497482,0.044319605296186636,0.07426282855449244,0.09278650706401095,0.030158525218806177,0.11343736201524734,0.0012496774049395754,0.06922169793397188,0.09260040372610093,0.19694965779781343
2026-07-15,0.04590112216053299,0.09292862899601459,0.10734041109681129,0.03871248215436936,0.04531529329251498,0.07364875976927579,0.09276413316838443,0.030454833108547776,0.11246296614408494,0.0012462750909435273,0.07125540245324373,0.0920657679438591,0.1959039568901062
2026-07-16,0.04648223530022015,0.09178179167211056,0.10766620375216007,0.038780211471021175,0.04536829578355537,0.07370463530533015,0.09299591939197853,0.03029200326613406,0.11160320565104484,0.0012479735288707162,0.07324595432728528,0.09269171953201294,0.19413984715938568
2026-07-17,0.045856353310722395,0.09271141514182091,0.10872707255184651,0.0381939671933651,0.04427770488182432,0.07394027713453397,0.09343239852460102,0.029621972626437554,0.11115851253271103,0.001274598178645192,0.07323476169258356,0.09293096661567687,0.1946399688720703
2026-07-20,0.04276486011838365,0.09402777142822742,0.10916958898305892,0.03809149488806725,0.04340765947854379,0.0752589569077827,0.09456098488299176,0.029078920203055247,0.11041703671216965,0.0012691590844838175,0.0753350306302309,0.09288119822740555,0.19373733699321746
2026-07-21,0.0418887890493572,0.09376048743724823,0.10975528731942177,0.037751637026667596,0.043066964630997975,0.07543206593254581,0.09307020651758649,0.029874499953092482,0.11067027598619461,0.0012649281426092784,0.07726122364401818,0.09284327775239945,0.1933603823184967
2026-07-22,0.041467030102823085,0.09170790947973728,0.11043005026876926,0.03734274543821812,0.0428058884863276,0.0744904487975873,0.09169745414983481,0.03093191438248013,0.10961425229907036,0.0012261168618920236,0.07879842426627874,0.09282234907150269,0.1966654121875763
2026-07-23,0.042123249251289255,0.09047680012881756,0.10882286578416825,0.03777473345398903,0.04264186227119353,0.07486500715604053,0.09172988336067647,0.03174034378844794,0.10962396413087845,0.001188500874411602,0.08194443192332983,0.09344494342803955,0.19362338185310363
2026-07-24,0.03944028568834383,0.09162611160427332,0.10816199183464051,0.03706591669470072,0.042180844393806184,0.07509849952766671,0.09177768608788028,0.032431195828657874,0.10687251016497612,0.0011926227193384876,0.08578652907162905,0.09374345690011979,0.19462236166000366
2026-07-27,0.03867566519571497,0.0930462235584855,0.10796283669769764,0.0371508926153183,0.04190118337028252,0.07558166487142444,0.09225905783241614,0.03261191763516606,0.10534083247184753,0.0011828036208839875,0.08667006548494101,0.09427930116653442,0.19333756864070892
2026-07-28,0.038909225564130165,0.09256392419338226,0.10982844904065132,0.03771095909178257,0.04192789828048262,0.07661524056456984,0.09325765924295411,0.03242788553189726,0.10499199777841568,0.001171370644851777,0.0830300623551011,0.09401537030935288,0.19355000257492067
2026-07-29,0.039543262401776504,0.09263852629810572,0.11132133416831494,0.0381055599078536,0.041144280545631774,0.0775805392768234,0.09375996992457658,0.031667023609116995,0.1046593151986599,0.001190994040860005,0.08004420194774867,0.09431856125593185,0.194026443362236
2026-07-30,0.037758029983363174,0.09249908793717623,0.10874073319137097,0.039975582249462606,0.04061521805997472,0.07870765284169465,0.08990838118479587,0.03228565536778731,0.10579807981848717,0.0012021611720797408,0.08199767153710127,0.09671368896961212,0.19379806518554688
2026-07-31,0.03690471435652043,0.09011296276003122,0.10760622061789035,0.04013392552733421,0.04068093614077952,0.07873003417626023,0.08685893277288415,0.03175129586627605,0.10503430515527726,0.001189991678302249,0.07865134067833424,0.09401395171880722,0.2083313763141632
2026-08-03,0.03820274330258187,0.08978522475808859,0.10948460325598716,0.041021240688860414,0.041673529047329794,0.08061022271867842,0.0861536331824027,0.03230167839197264,0.1083088606595993,0.0012613993594982275,0.07946233246475458,0.09546217918395997,0.1962723344564438
2026-08-04,0.03940168077742712,0.08814520128071308,0.11061133295297623,0.04190379809588194,0.041757127557866626,0.08177658603526652,0.08556618717266247,0.03207503881622316,0.10978822037577629,0.0013205175234816124,0.07687848955392837,0.09625297710299492,0.1945228397846222
