,X-GAT-DRL (Hybrid),X-GAT-DRL (GRU),X-GAT-DRL (LSTM),1/N,GMV,HMM-GMV,GLASSO-GAT,TC-MAC,JM-MPC
2019-01-02,0.9996176479898733,0.9996908432413834,0.9996818270569944,1.0001111346677987,1.0006865220665857,1.0009511518548142,0.9995690433223738,1.0005809917238466,1.0001689849333302
2019-01-03,0.9970459754282104,0.9975077463588455,0.9972470397733492,0.9953548250189617,1.0025496776849365,1.003400704150173,0.9937760387968771,0.9960130462912961,0.9956337112286281
2019-01-04,1.0058936002174002,1.0051463901921922,1.0054771839942807,1.011128206050749,1.0031866391701816,1.0029326237784362,1.0124744378012716,1.0119929964986465,1.010410916309129
2019-01-07,1.0092109758549592,1.007950059784769,1.0085575654159955,1.0168578920177858,1.0042242477283734,1.0028530479798659,1.0187719878792014,1.0172066561842272,1.0158949843908187
2019-01-08,1.0129641513532295,1.0109652345616889,1.0119499964722583,1.0232567176230782,1.0049546655821613,1.0028244677732854,1.026426891102299,1.0225059736758093,1.0220314044291798
2019-01-09,1.0165492744781262,1.014274799245206,1.0156606865780533,1.029981602211958,1.0068411527753824,1.0047798259946943,1.0325586290303654,1.0278078785750642,1.0284829067970305
2019-01-10,1.0177547443959218,1.0148792558368518,1.0165210926933808,1.0318750480035754,1.005800250184936,1.0045354792238899,1.0342662534032778,1.0288763190909067,1.030341441446213
2019-01-11,1.017332907067326,1.0148124580233537,1.0162465840241932,1.0311930173035357,1.0064312840360312,1.0058403422719435,1.0338991409254286,1.0284974106676281,1.029650697450714
2019-01-14,1.0146359984098845,1.0124688579451266,1.0136022806161884,1.0262546021232912,1.0050903440295367,1.0040871936876976,1.0297332656220526,1.0240016794528077,1.0249048558507075
2019-01-15,1.0182056398032118,1.0150903131442175,1.0166917510349407,1.0319557591746285,1.005770515379546,1.0055503491234399,1.0337786494456853,1.0292932514141764,1.0304120373576842
2019-01-16,1.020296626612111,1.0170106680759667,1.0188991243975989,1.0357462069526113,1.0066230844629467,1.0059011694752495,1.036597271916626,1.032302555404578,1.0340654649727092
2019-01-17,1.022641461446188,1.0187664650623882,1.020959766467526,1.0391818832759836,1.0071207258880719,1.0067639169305709,1.0391203074169768,1.035284800129409,1.0374046290663126
2019-01-18,1.0262569810751097,1.0207916029963664,1.0237627169826138,1.0434630716016076,1.0069133401818957,1.0084053074915686,1.0419298649697613,1.0388410850218597,1.0416393919811988
2019-01-22,1.0197284461261555,1.016562524767101,1.0185014417151184,1.0362058245886718,1.0069775520418407,1.0059780829342775,1.0371237025763684,1.032638033592003,1.0344880539618897
2019-01-23,1.0206425672447652,1.017485142819331,1.019381238929311,1.0376313340851149,1.0071678817877716,1.0069011475722616,1.0384078709016304,1.0337596633957002,1.0358559258899798
2019-01-24,1.0232921854593129,1.0201744586770771,1.0222044826520202,1.0412364631061508,1.008681908751449,1.0098368575017311,1.0419060749252163,1.036893016948361,1.0393081014234133
2019-01-25,1.0298312469384172,1.0256225278950362,1.0281254023519775,1.0487279398506475,1.0099096963407748,1.0113473948964913,1.0497997425329513,1.0435231722268115,1.0465418223182024
2019-01-28,1.0263113829927795,1.0230129371273238,1.0253590215305701,1.0448928123286854,1.0090256615498938,1.0086906837400342,1.046427063485742,1.0398705348814288,1.042818688218118
2019-01-29,1.027325388130642,1.024758485466895,1.0272458197872043,1.0469395373334986,1.0106055468476314,1.0100752943743612,1.048026186378767,1.041365066330121,1.0447471889555433
2019-01-30,1.0366197633807415,1.0324620732626495,1.0351475447083809,1.0573995578631359,1.0132405221346645,1.0166257525346054,1.0587845605792343,1.0512471287668175,1.0548032190702161
2019-01-31,1.0413850821576895,1.0372087927914984,1.0399461230670954,1.0635278766286238,1.0157362185764343,1.0222733168306617,1.0644296863570157,1.056883443972714,1.0606709458216754
2019-02-01,1.040219296524119,1.035369742621634,1.0382463132291733,1.0613306121216803,1.0145164722016877,1.019940027934916,1.0626898215114486,1.0550273157517231,1.0586048271959667
2019-02-04,1.0436742494092168,1.037240771060847,1.0405828288866634,1.0644034660508672,1.0140547344005484,1.0206780462579295,1.0658943129997807,1.0584165219178083,1.0616990293165456
2019-02-05,1.047225286490127,1.0408108191010446,1.0440361325116372,1.0691368787880597,1.0155887479989267,1.0239336238186831,1.0700137758273973,1.062754872120673,1.0662422916874794
2019-02-06,1.0447941755888457,1.0382417608619288,1.0414424422184,1.0657665835771637,1.0150311376652406,1.0233305763339158,1.0670964218261565,1.0598914828302075,1.0629758597506367
2019-02-07,1.0403909695873417,1.0354951643119814,1.0386321856348137,1.0615755312337438,1.015158998095795,1.0218279887987394,1.0627631249834535,1.0555527425308657,1.058837466547945
2019-02-08,1.0409631096159857,1.036312943822676,1.0394570841570543,1.0623065632637496,1.016376984093298,1.0234590499962217,1.063257372181268,1.0561409309130654,1.0595016821785623
2019-02-11,1.040276349731123,1.0352782939385459,1.0387279923782495,1.0612819990851154,1.0151220880860325,1.0220168069228797,1.0625990600237096,1.0552127527673802,1.0586215579061513
2019-02-12,1.0458091660548643,1.0393303624897645,1.0427758831215486,1.0669472082261,1.0161687888366824,1.0252539491764079,1.0683813220145222,1.0607989502512742,1.0641075719490642
2019-02-13,1.046120200322248,1.0389889958543375,1.0427916393321581,1.0666352672827233,1.0153061958202902,1.0240633448078538,1.0681560802301702,1.060478895323457,1.0639165871129532
2019-02-14,1.0476919960741928,1.0409360000712848,1.0448673410351323,1.068988926076466,1.017035379222117,1.0261680228364354,1.0700913803406904,1.062437382433938,1.0661126547234658
2019-02-15,1.0538326963114706,1.0461716626684852,1.0507851297528552,1.0761466228310244,1.0189999884363994,1.029498206258215,1.0768685558265387,1.0689164410221788,1.0730705089192927
2019-02-19,1.0565582051504725,1.0490898936820627,1.0536256449539083,1.079799270968455,1.02083290309195,1.0308744896955537,1.0797226164766158,1.0720610102996486,1.076504135156322
2019-02-20,1.057174827780833,1.049340306442267,1.0539302507152042,1.0804362667658753,1.020590966586169,1.0308630575441795,1.0801951955446512,1.0724432277035716,1.0771588259967708
2019-02-21,1.0548816209627214,1.0465223918319282,1.051344708312993,1.077004299777219,1.01825044288752,1.0278216753816125,1.0770299099892655,1.069226373530657,1.0739802437353492
2019-02-22,1.059192763325977,1.0509346009953595,1.0558355092939076,1.0827458800992662,1.020400263590492,1.0318972074468808,1.0821814239266685,1.0746187999638024,1.0795033445908448
2019-02-25,1.0583119941829182,1.05012088400706,1.0544641697954327,1.0819789392086836,1.019405621369438,1.0308208155419198,1.0815005062630232,1.0738648769782846,1.0787803690981232
2019-02-26,1.059012899621083,1.0507807794358777,1.0548479600694183,1.0827467608643344,1.0207844497469785,1.0328888498075386,1.0825060088595067,1.074441812682426,1.0793892519415322
2019-02-27,1.057386908248465,1.0482027138213237,1.0527069976029437,1.079439811328483,1.0187228794656913,1.0303261584016552,1.079452181404471,1.0713633897446337,1.0763540382306944
2019-02-28,1.0552394732088397,1.0458554345622704,1.0504368253564407,1.076245897948631,1.0173905128355247,1.0283851700091489,1.0766040070850598,1.0684555447882946,1.073336372469728
2019-03-01,1.05437986715523,1.0445562975310783,1.049466422745617,1.0750124975913744,1.0147741438169606,1.0272058830965125,1.0762855293589704,1.0681038906872622,1.0724182927336754
2019-03-04,1.0542829660559327,1.044798575147128,1.0494622573219614,1.0751796452871965,1.0159145029055356,1.0288065782464755,1.0764676453122846,1.0680893448523896,1.072444235550624
2019-03-05,1.0553561229716346,1.0458651185696113,1.0504618636009526,1.076714914770378,1.0165219780558492,1.0293206511784165,1.077589154737062,1.0693897594489075,1.0738797256925476
2019-03-06,1.0519920067890676,1.0429263516064486,1.0465949683802729,1.0726907781021835,1.0166188095692448,1.0288443737286095,1.0737180003014004,1.0655132960802212,1.0698013003086937
2019-03-07,1.0481511199878866,1.0396550669931288,1.0429212170357105,1.067884435102812,1.0173021233584383,1.029175780332751,1.0683920578351902,1.0601907706641978,1.0649920161070128
2019-03-08,1.0487194407799634,1.0402467242386126,1.0432433888325396,1.068403423361335,1.0186297669826403,1.0296480527817113,1.0681782608673538,1.0604958088424312,1.06539634275521
2019-03-11,1.0552279159613533,1.04637146491312,1.050056956517041,1.0765827009253905,1.019074414539247,1.0329748377131855,1.0767134892922636,1.0684426141974042,1.0734717663763758
2019-03-12,1.0585990613776082,1.0496652773863804,1.0532975894156367,1.080665904641764,1.0213717762061485,1.03650016639773,1.080447128893341,1.0721322970029572,1.077335754970853
2019-03-13,1.0624398083387279,1.052733743390315,1.056528270277692,1.0847022661691765,1.022268605933834,1.0378843618511864,1.0844342124721855,1.0758991256250983,1.0812720374108469
2019-03-14,1.059662470113286,1.0501240484274459,1.0540871984131146,1.0812927155317034,1.0201189503465142,1.0356253815824585,1.081501072699578,1.0729461067923824,1.078123933304914
2019-03-15,1.0634879744697678,1.054003507508211,1.0575679200528882,1.0865217700785823,1.022194687680723,1.039253143796072,1.08646838596827,1.0778421914489258,1.0830818458462077
2019-03-18,1.0652710392340927,1.0555428735239234,1.059120738653372,1.0887703718201565,1.0223767548781701,1.0395263198822786,1.088349041781712,1.0795942872965614,1.0852988367341858
2019-03-19,1.065753134893464,1.0556960444910453,1.0591301647300992,1.0888633010741575,1.022527483304938,1.0395700403670118,1.0884186367108393,1.0796705637080857,1.0853807397479376
2019-03-20,1.0685768900451158,1.0587434987042266,1.062004224574354,1.092508524515254,1.026010745031304,1.0451572406210192,1.0916852510977795,1.083005012188399,1.0886630539771782
2019-03-21,1.072515893453009,1.0626592287333292,1.0664097238563293,1.097330046109137,1.0264983209162226,1.0476466253732994,1.0971428806918504,1.0875380467833835,1.0935080166803712
2019-03-22,1.0636881131598424,1.0553876848087487,1.0577214031667206,1.08687324515918,1.028085380192535,1.0477717039279253,1.0893807342804236,1.0780528858993887,1.0828704773748228
2019-03-25,1.0653821036756614,1.056961148699017,1.059324113035272,1.0890380363887542,1.0293797789552792,1.0490031167222633,1.0911152517105311,1.0798590742864187,1.0848903903198097
2019-03-26,1.0678981973236445,1.0594630563942748,1.0621584100015222,1.0923805387244447,1.0294569219422747,1.050545545886093,1.0942510149792999,1.0829381278432837,1.0882211144991036
2019-03-27,1.0653625329197765,1.0576865467010501,1.0602025675473195,1.0900627101996911,1.0300972101885741,1.0515666882368935,1.092142491297121,1.0809038321174549,1.085904838360746
2019-03-28,1.0658779009712511,1.0589102837033257,1.061764680893127,1.0917308354531763,1.0297689830160064,1.0531546484038543,1.093845094530322,1.0825993208230433,1.0876571093602938
2019-03-29,1.0683852075145426,1.060989532020871,1.0637364384088541,1.09457909440099,1.0300293785516632,1.0541949017817371,1.0966954977962766,1.0853289097788945,1.0904390043229677
2019-04-01,1.0724627522410464,1.0637155159526583,1.066870542713134,1.0987010705682163,1.0281830364427267,1.0525370739005078,1.1004790398604223,1.0890079920759383,1.094664327219784
2019-04-02,1.0739086946660927,1.0651093234512408,1.0683941116853748,1.1002838243311468,1.0291962666200998,1.0539738006995873,1.1019699758956774,1.0904916135712717,1.0961803553295628
2019-04-03,1.075080776560162,1.0656030841579924,1.0692656901742124,1.101403163005215,1.0279570832402847,1.0523998753306048,1.103162729042131,1.0914921651203675,1.0974141833949513
2019-04-04,1.0764576267079353,1.0669246794490572,1.0704957380754423,1.1032140621768338,1.0289073110211184,1.053989395477148,1.1046496760309417,1.0930162833638273,1.0991181537194243
2019-04-05,1.0795088758369529,1.069842266033127,1.0738600873177429,1.107249138261039,1.029687783949574,1.0560876466642128,1.1084796337920186,1.0967499067050859,1.1031137719975386
2019-04-08,1.079899513116307,1.069690118817838,1.0737029006022079,1.1070213064135845,1.0295593574732909,1.0552466567828622,1.1080847707129284,1.0965152609492392,1.1028915222840439
2019-04-09,1.0782247444995816,1.068252216663442,1.0716013893918304,1.1047364343948194,1.0303385298516277,1.0554285973437345,1.1059918120985581,1.0942114702414916,1.1004858895996215
2019-04-10,1.0828981369724358,1.0727640838615387,1.0768466816394793,1.1108002928973433,1.032391018752855,1.0596025303562513,1.1115053998781894,1.099830158801038,1.1063674223464948
2019-04-11,1.0795566049692378,1.0699082000963154,1.0741489932805224,1.1068318287717909,1.030383943182534,1.0579297229439761,1.1080089043939791,1.0962498096583178,1.1026892014729275
2019-04-12,1.0812598944264515,1.0714331086601223,1.076082464798454,1.1091329356789925,1.0295214206278946,1.0572357037192213,1.1101421783396475,1.0986712262843468,1.1051030207064831
2019-04-15,1.0802538006372584,1.0704786564870155,1.074845170578337,1.107674788677207,1.0295709235403891,1.0571980370544143,1.1089421190952724,1.0972674378904257,1.10365590747985
2019-04-16,1.0778342514003934,1.0679877764968386,1.0722088663258988,1.1045707093985309,1.0276227827816902,1.054966592225216,1.1063763653907566,1.094392692593052,1.1007857571841162
2019-04-17,1.0764185681913112,1.0667641988276866,1.0704826650077943,1.10281376647934,1.0272830597574714,1.0542098252381833,1.1047579338078584,1.0926722563553328,1.099078825168959
2019-04-18,1.0776993007799271,1.0683168432759405,1.0719387507360796,1.1045978353927164,1.0284768220347342,1.0561402733547276,1.1063648263016332,1.0943219547643435,1.1007491825327216
2019-04-22,1.0765559777103957,1.0670156475875854,1.0707628853530131,1.1025034960643416,1.0278916268923317,1.0549923159999932,1.1042398360672951,1.0922105753806732,1.0987743863516564
2019-04-23,1.0811793947993056,1.0717672109743297,1.0760551061798977,1.1084654884210936,1.029321754600326,1.0592641960788562,1.1100140378805,1.0980682410517033,1.104706553222697
2019-04-24,1.0817558646964107,1.0718676775829166,1.0758361943891634,1.1082610416624792,1.0307917025892441,1.0610724406207783,1.1097287759620265,1.0978541034740863,1.1043513819302058
2019-04-25,1.0810042742996078,1.0712020871028745,1.0749901816043534,1.1070733410002136,1.030565371129091,1.060587282465354,1.1086008059135584,1.0967718057594789,1.1032178526443073
2019-04-26,1.0839877804602782,1.0736217723756833,1.0769669939873523,1.1105900204121106,1.031833050789784,1.062932954773815,1.11184693326928,1.1003461209846688,1.1065679247938591
2019-04-29,1.0828123352604322,1.0726814517190815,1.0763717431892705,1.1094719424297712,1.0304146585385026,1.0610319613115158,1.1107800744516287,1.0992137009681586,1.105640470068568
2019-04-30,1.083629977152527,1.0733293639004253,1.0766674502432363,1.1104994209001198,1.0314352613792475,1.061938007020644,1.1115320609928987,1.0999611935532319,1.1064766124152288
2019-05-01,1.0804918375746164,1.0704516481352708,1.0736071640873586,1.1065861575340212,1.0308046306984835,1.0603703630055699,1.1078112697052969,1.0962414147224417,1.1026627643533051
2019-05-02,1.0784445435097976,1.068265363467798,1.0714745203182923,1.1042225967188575,1.0289111067592065,1.0573638163287167,1.1057132855002054,1.0941461696573087,1.1004953996925584
2019-05-03,1.085227286552706,1.0748441477749275,1.0784473182913197,1.1128418875778519,1.0310001218690326,1.0618031900649352,1.1133277993399806,1.102803581409254,1.1089857226844684
2019-05-06,1.0838869794881933,1.0728407739604593,1.0766206173836392,1.1098096321994286,1.031756772717898,1.0625508354179012,1.1111081363529982,1.1000686439187461,1.1059047147844192
2019-05-07,1.0760614024384463,1.0646678913169778,1.0674349573416115,1.0991254545812708,1.0314891811840157,1.0592347531035253,1.1008534364394207,1.0892791096438226,1.0951364832428494
2019-05-08,1.0744954176564745,1.0631852855898654,1.066005019708115,1.0972430550652774,1.0303850190496495,1.0572833802873876,1.0989806402494846,1.0873895734272183,1.0933568359977746
2019-05-09,1.0731839510115304,1.0614472127869161,1.0641198621277108,1.0948260438923987,1.0308995618277466,1.0573571275196403,1.0968980278874594,1.0847718801071737,1.090956960347818
2019-05-10,1.0758992674841632,1.0639284036993761,1.0666006607316851,1.098314808590292,1.0313039308527827,1.0584395902622463,1.1001633804928308,1.0881200063959162,1.0943667047879462
2019-05-13,1.0663247897131414,1.0540144270542096,1.0562875894036465,1.0855019508991808,1.0313494919133182,1.0534863392909886,1.0867794803937243,1.0748030433717426,1.0815156727030286
2019-05-14,1.0712325572770318,1.058834092294992,1.061423635020776,1.0919921985631798,1.0321477783132873,1.0560779785184136,1.0933057556874475,1.0821403979827011,1.0878278887314459
2019-05-15,1.0755538153619315,1.0631130456932065,1.065914554459146,1.0971587545406005,1.0342536828399655,1.0604324956483935,1.0979699050817138,1.0868002346200114,1.0928705456748304
2019-05-16,1.078043387151584,1.0652236839871023,1.0681649058948472,1.0996528642343226,1.0339343588833605,1.0617609653653823,1.1004174046805906,1.0893484399892501,1.0955032473026869
2019-05-17,1.0726773984148552,1.0605742525443917,1.0632110729761375,1.0931250333793154,1.0329476993106406,1.0601168526623095,1.094240463905823,1.0834795899947267,1.0892218240122225
2019-05-20,1.0680064485025438,1.0565985788366121,1.0592084021986654,1.0880341417663304,1.03199076220442,1.0571438547057892,1.088446129514783,1.0779729928276176,1.084144401597603
2019-05-21,1.0725941261366463,1.0604640747765886,1.0630752063649647,1.0935057210716232,1.032326660558522,1.0592542187359542,1.0946747861108301,1.0836992859005865,1.0895313959623876
2019-05-22,1.0702714207255928,1.0589093060503478,1.0608973708683842,1.091091069784683,1.0325916052391706,1.059670754441959,1.092547274494374,1.0816638096596123,1.0871567509501412
2019-05-23,1.064407604563018,1.054943619333581,1.0560414904072273,1.0850400678613297,1.033386975024989,1.0584132827313857,1.0873344555088624,1.076076171975543,1.0811234881381644
2019-05-24,1.0672934647178989,1.0574773045475512,1.0589210143414445,1.0888238292223371,1.0343207258889868,1.0596576624293708,1.0907682481047634,1.0797075207375526,1.0847544905540438
2019-05-28,1.0648804172406559,1.056522813786046,1.0580238997413025,1.086880764186023,1.0353806781805477,1.060815439925894,1.0886800798099945,1.0775201472033016,1.0827169062569773
2019-05-29,1.061044175706764,1.0539231406895944,1.0550297598215452,1.083289008048572,1.0351064951077666,1.059130993038033,1.0848703500161017,1.0739979558846264,1.0790972078961798
2019-05-30,1.0628882703200384,1.056560777144837,1.0571191276099858,1.086375667234284,1.0372739397411577,1.062738601933905,1.0881804255501724,1.0772511664347515,1.081993426021576
2019-05-31,1.0578517954407243,1.0544845156299028,1.054232199717248,1.0825777434621653,1.038314374690683,1.0609391708100169,1.0854036595567818,1.073854526760933,1.078198319467394
2019-06-03,1.0578279990493578,1.0557592488836607,1.0553525325288655,1.0846964441147382,1.0403260218041963,1.062110111936135,1.0886626137467068,1.075629238770173,1.0800561858310969
2019-06-04,1.0665794671630324,1.060842432857638,1.060755988747385,1.0925105106246227,1.0408001144987713,1.0665518810680232,1.096099822455451,1.0836127730457286,1.0875084971233921
2019-06-05,1.0680104704573872,1.0613004251819318,1.0612438703631908,1.0931374499100546,1.0399512054524307,1.0663686367073442,1.0976008184570396,1.0843159024071345,1.0883824891071883
2019-06-06,1.0719532562183185,1.064576508881979,1.0645437835321339,1.0973306018547722,1.0418934852697468,1.0697071553687127,1.1012176405970584,1.0879348121678882,1.092326567722868
2019-06-07,1.078677524181151,1.0708478809394602,1.0705861226192916,1.1054823511612923,1.0450471620144417,1.0758480405969526,1.1088625339726255,1.0953763022958452,1.1001509756633177
2019-06-10,1.0795723827967871,1.0700509897004362,1.070122569928595,1.1057558573235688,1.0428599570587802,1.0740888553855177,1.1085953576991185,1.095346731826715,1.1005356895315215
2019-06-11,1.0810312764681131,1.0713719910110606,1.071603324982495,1.1080997066969964,1.0433487248105495,1.0750690095023308,1.1102741066723936,1.097108601355976,1.102732760015669
2019-06-12,1.0788348624967978,1.0702176772627667,1.0701867692702585,1.1055800960971205,1.0433518734953824,1.0743103616623604,1.1080704701647612,1.0949335599597554,1.1003658842019037
2019-06-13,1.0835434956971526,1.074025774746588,1.07437746917314,1.1105192451272345,1.0456255414006446,1.0780606946425662,1.112403607452811,1.0994799333790135,1.1050627894195364
2019-06-14,1.0820344990404962,1.0730247170200498,1.0729479019841714,1.1081704449923306,1.0460014777583049,1.0782359831974573,1.1103994046213563,1.0974113947836743,1.1028007877236805
2019-06-17,1.0835603269458673,1.0744956311357432,1.0748460003575333,1.1103829397959066,1.0460978970713464,1.0784696299332694,1.1123520054384304,1.0995774176740916,1.1050590995045628
2019-06-18,1.0915020784172955,1.0813495416840326,1.0820840097910114,1.120610687182233,1.0493482551485087,1.0853689217004427,1.1216870856574954,1.1087639416162707,1.1147214002321566
2019-06-19,1.0945796788153885,1.0847200058597686,1.0855584615287475,1.1251706038602918,1.0511765982354269,1.0890746069818482,1.125863113776543,1.1128618776128691,1.1190710323655084
2019-06-20,1.1038901377613892,1.0922816560420512,1.0936463932755087,1.1356858614872876,1.0555792440651672,1.094923062121724,1.1358564877133726,1.1221265713843611,1.128918699421806
2019-06-21,1.1018257594926901,1.0889895928415458,1.0901607378366927,1.1313361450276955,1.0539477205446022,1.0907416674722124,1.1313727699708471,1.1182556906725871,1.1246742930136355
2019-06-24,1.1032621519380854,1.0910278538896137,1.091305888021211,1.1328955796310152,1.056599223738396,1.093115774180375,1.13176818951955,1.1188132470094307,1.126002566467953
2019-06-25,1.0985922973510558,1.0872112921127222,1.086818603769215,1.1270746393044748,1.0563005510678098,1.0902817185603753,1.1248665269240048,1.1130594376825265,1.120221716089717
2019-06-26,1.0973598370250894,1.084815856419934,1.0845182259096877,1.12471775755425,1.0546216929522236,1.0883485562998045,1.1227058386213817,1.1105870992053193,1.1179134932227721
2019-06-27,1.1014037214086994,1.0891975648165892,1.089506605595839,1.1309137469277202,1.0565972380350237,1.0927492015282263,1.129071914827562,1.1165034105499203,1.1238575623159281
2019-06-28,1.1024386950987675,1.0905773427762695,1.090880747571038,1.1328911840704416,1.0567733297851982,1.093554722607203,1.131175074113734,1.1182633029355522,1.125831171987653
2019-07-01,1.1036144549209486,1.0916622044663544,1.092075030982405,1.1348853204621256,1.0556612104723777,1.09525888070809,1.1328192840238378,1.1204402811926948,1.1279102244162393
2019-07-02,1.1061710275473742,1.0954227581877685,1.0946899001240262,1.1385899716940517,1.058273493764706,1.0977646866483957,1.1358261366395606,1.1239693262483224,1.1314671516190569
2019-07-03,1.1115113761472413,1.1001485655270637,1.099776546954007,1.1448889113377698,1.0606829923055434,1.1025848879046076,1.1413370158543923,1.129991877901779,1.1375516434978625
2019-07-05,1.1080396699665114,1.0953282633359287,1.0957978483989839,1.139133305685862,1.056754356308727,1.0962466934007618,1.135660867004132,1.124678185156893,1.1321780468172518
2019-07-08,1.1048321881778942,1.0925982144859532,1.092758904156647,1.1352431531984657,1.055768804857655,1.0942219907893764,1.1319796750513387,1.1205862023777147,1.1284510383031472
2019-07-09,1.106130687519892,1.093154620229668,1.09352325630656,1.1358134625256795,1.0559824663967872,1.0939597941949153,1.1324940801764989,1.1211629385166384,1.1290619351906044
2019-07-10,1.113471827753215,1.0979530793136771,1.098964139458262,1.1426041721836329,1.058256655507731,1.0969110543574165,1.1380036693716453,1.1271394572946822,1.1354938961756855
2019-07-11,1.1100803150960445,1.0940502314647251,1.0951669477082686,1.1376093761130401,1.0550707132873307,1.0923206774231824,1.1334307230748877,1.1225619681303423,1.1307815162772878
2019-07-12,1.1128153515926964,1.0963991975258094,1.0977226279531451,1.1406538256714336,1.0563510079325606,1.09439004073876,1.1362534805886808,1.125357620519858,1.133719647058887
2019-07-15,1.1120500279024697,1.0968945808193986,1.097433194120911,1.1408242466757155,1.0570503570000838,1.095792696228996,1.1366817476271986,1.1256134509770745,1.1338743276784922
2019-07-16,1.1078055130639595,1.0936100757103353,1.0941145898322848,1.1365372920270944,1.0549529272275877,1.0926297862215495,1.1327388397929525,1.1217443767252877,1.1298282525405363
2019-07-17,1.1076556407146105,1.09387866155034,1.0929471881663984,1.1365733325538485,1.057615671719672,1.0945188097739715,1.1333423044333262,1.1213548141018383,1.1296522731970016
2019-07-18,1.1094973806758313,1.0960430888406283,1.0946074259142136,1.1394173072862315,1.05899721644549,1.0958532473166394,1.135901104909469,1.1240199669961461,1.1323705214543764
2019-07-19,1.1049959087368406,1.0917614711332857,1.0903163285920925,1.133783698109379,1.0572166652895258,1.0935748235472988,1.1306343702134733,1.1186795416033206,1.126846735549786
2019-07-22,1.1060955059114856,1.0932012502534378,1.0915743620051315,1.1352246149130096,1.0580638859532117,1.095947490245644,1.1321115660924896,1.1200364837540802,1.128294003555635
2019-07-23,1.1087919931677757,1.0956632685322487,1.0949408546308435,1.138539300233791,1.0576617500088328,1.0969308147702526,1.1347444115063419,1.1229385883106415,1.1316071558099403
2019-07-24,1.1113356489221626,1.0986725401477653,1.0984575350313772,1.1424692603742344,1.0591275199410548,1.0995671529909476,1.1383718659097737,1.1266186050723028,1.1354540233827566
2019-07-25,1.1063125677253307,1.0936198259990157,1.0928189999297124,1.1354922429933172,1.0570353736470204,1.0959766766404586,1.1321113413076507,1.120265598935779,1.1287390024989263
2019-07-26,1.1096931559386012,1.0970811180600386,1.0968814167641974,1.1398569272588726,1.0581598613310887,1.0986140980076013,1.1362967628433909,1.1247070194885513,1.1330543982111294
2019-07-29,1.1105062693774128,1.0970181880857621,1.0963830306445892,1.1399160837368147,1.0587035398934324,1.0981412774166315,1.1361004211974794,1.1245284786774712,1.1330258439613439
2019-07-30,1.1120011979515598,1.0970959410160463,1.0971732965473153,1.1403786599056758,1.05944476381828,1.0985247205061128,1.1362520370298468,1.1246140689094777,1.1334595735913808
2019-07-31,1.1062284536940166,1.0922798473648023,1.092103094209208,1.1341513787929467,1.0588248613326239,1.0975421335653044,1.1303204563385036,1.1188159138732843,1.1273787706580667
2019-08-01,1.1060144648744135,1.091807828856914,1.0891123295026959,1.1326900608576937,1.0631803730008982,1.1017586694181538,1.1279198414369371,1.116688236819749,1.1259110399555505
2019-08-02,1.103101768322014,1.0888307828133208,1.0857659269536004,1.1290192491792648,1.0637126626297162,1.1015777573609915,1.1239014071181883,1.112707948692022,1.1223440302261278
2019-08-05,1.0934860629691188,1.0774843106793155,1.072529795831591,1.114386372286222,1.0651516024968566,1.097625024541298,1.107730162070984,1.0981698520751646,1.1082362298959245
2019-08-06,1.09944406420445,1.0843504196386389,1.0788831073429843,1.1231431157853606,1.0682001244956414,1.1038598203380448,1.117032749395863,1.1069586116353327,1.116673380945716
2019-08-07,1.1016603736122221,1.0861558723589626,1.0802341388053727,1.1256063167209927,1.068963381478631,1.1035422077574324,1.1203466224751146,1.109036923921584,1.1191925997954895
2019-08-08,1.1107211914499504,1.094918120674614,1.0895576951035515,1.1370341808653994,1.0713203841993133,1.1093355030161987,1.131374660809627,1.1202419344141161,1.130212192744213
2019-08-09,1.107962755643491,1.0913703522901204,1.0861197848289326,1.132336498603887,1.0703605031956613,1.1067409660688854,1.1267245459463497,1.1158181434497247,1.1256626207203526
2019-08-12,1.1059213087028585,1.0901165337065457,1.0837331217430186,1.1297929659326909,1.0736020839094993,1.109170366741954,1.1228598160485825,1.1121285778986645,1.1233764767410355
2019-08-13,1.1129071769313186,1.095938143604577,1.0903575339127372,1.1378895682893742,1.0745299214471462,1.1131731792886541,1.1306882351457532,1.1200515432798217,1.130855586620966
2019-08-14,1.1026407764533468,1.0868826219941765,1.0796794089273334,1.1242279201198058,1.0759736832680284,1.1103060975117964,1.1166740259154198,1.1084524367483146,1.1180423024500246
2019-08-15,1.1041686218391262,1.0896312405362725,1.0818122604512816,1.128105933253793,1.078723606967495,1.1144735588749026,1.1208906472379674,1.1117453485259865,1.1218996293778758
2019-08-16,1.1084993818240523,1.0940362366381362,1.086893994925104,1.1352486513526128,1.078188245709911,1.1162203472618346,1.1271890202663923,1.1185555965989624,1.1285392177377302
2019-08-19,1.110881565363979,1.095487906969437,1.0893305730958562,1.137985698519418,1.0759629796837646,1.115503263809303,1.1299244007895333,1.1212512573607094,1.131075212663297
2019-08-20,1.1107253621121391,1.0959090154098463,1.0889787328742622,1.1381211917859793,1.0785522052325511,1.1182043129049557,1.1280811932788575,1.1208025842212526,1.1311078267838934
2019-08-21,1.1136991514590078,1.0984162732334048,1.0920907444865489,1.1421915357612116,1.0782905068998208,1.1196854833873042,1.1334334264919776,1.1244587379961621,1.1348893158826325
2019-08-22,1.1117964743072726,1.096020378183951,1.0900687186569606,1.1389490630346366,1.0766400829215108,1.117231264065059,1.1307609626696096,1.1216429183443113,1.1319479013252425
2019-08-23,1.1048247609496675,1.0907163776598896,1.0820006743140862,1.1299397309092973,1.0790727428640936,1.1153538031374899,1.1208058784159292,1.113262673873904,1.123364980934338
2019-08-26,1.1093241608756872,1.0945240689756026,1.0864636013249895,1.1353877736224638,1.0794620334464085,1.1179309201259529,1.1270854106505106,1.1190451176763805,1.1285547764803103
2019-08-27,1.110672379767035,1.0964400687441955,1.08713483519593,1.1371078558698737,1.0829963147712063,1.121897820970774,1.1283248069134573,1.1202682102785406,1.1302530588408826
2019-08-28,1.1136385814254919,1.0988376680595693,1.0902608868555936,1.140734368811591,1.0838135190187088,1.1243203576101157,1.1316253974042574,1.12348917153903,1.1336071944546549
2019-08-29,1.1179224310755524,1.1024539917140748,1.095046899055684,1.146606714955322,1.0833514063091805,1.1257969578342077,1.1368962809844083,1.1287403460187841,1.1390757189888736
2019-08-30,1.1157406688526967,1.1016420504927855,1.0935041437378379,1.1455315067640004,1.0824141123530684,1.1244809860612248,1.135958791407305,1.127521745556763,1.1381002169635361
2019-09-03,1.1145870038079861,1.100918036615073,1.091971427153499,1.1436040543009525,1.0829769567068699,1.1225881392945711,1.1348202418468827,1.1257537229209533,1.1364890525324218
2019-09-04,1.1231244337099895,1.107887026364128,1.100202047334447,1.1540885031256696,1.0857803442955296,1.1277612949454698,1.1437336256962465,1.1352966933386401,1.1462111442249212
2019-09-05,1.123264929598554,1.1064221554809954,1.1008247079449542,1.1544955192964192,1.0813659329061502,1.1251673042994668,1.1438466988342688,1.1349832863146192,1.146293308919954
2019-09-06,1.1229308936412183,1.1071625208618985,1.101433059411936,1.1555895294204361,1.0821142493138822,1.1274260758111296,1.14447653687696,1.135701977919289,1.1473151498239442
2019-09-09,1.1228351139902704,1.1049589360215746,1.1012400216224352,1.1544671732034422,1.0790204450152974,1.1225754196990825,1.1429744636372992,1.134406612183616,1.1459769215149016
2019-09-10,1.1203527644254416,1.1009340483837013,1.0988997452771536,1.1507920841224217,1.074969731620644,1.1165326223386463,1.1387178262388875,1.1310705197374713,1.1423116005113731
2019-09-11,1.1240066439228436,1.1037481063751804,1.1022789205328196,1.1551790164200753,1.0751985625719898,1.117037370183833,1.1419871699230055,1.1353554111091406,1.1466067367559178
2019-09-12,1.124844095697073,1.1043988052891363,1.1035515388677621,1.1565931098788866,1.074321375062158,1.1158165258971062,1.1426479086792365,1.1363828768623139,1.1480313415709094
2019-09-13,1.1206608769710813,1.0994988361844191,1.1002838061756024,1.1516303853998657,1.0693550691046252,1.1078559362852938,1.1377618457555623,1.1316217250980345,1.1432088383624996
2019-09-16,1.1277931837901292,1.1046896894992144,1.1061399137813708,1.1580105571900434,1.0743550018430934,1.1145834852991867,1.1444919800250237,1.1366543717625988,1.1489144786086054
2019-09-17,1.1277554320541419,1.1060280944834027,1.1066007201821306,1.1592611957344856,1.0750126449576365,1.1161323477483034,1.145458966597311,1.1376490756538644,1.1503183939654558
2019-09-18,1.1257222194756527,1.1047330204462438,1.1044968918251705,1.1572347378385266,1.074977908518787,1.1168074282837572,1.1433228424572897,1.135816180336115,1.1484252065290503
2019-09-19,1.127354205409151,1.1058973305876303,1.1054073704017553,1.1585804763540521,1.076138587711339,1.118082175406348,1.144581831822145,1.136873153740638,1.1497307392664726
2019-09-20,1.1291235908423285,1.1075526968509064,1.1058027374031987,1.160650499973082,1.0795710408773522,1.1220142678478215,1.146573991185099,1.1384921598969004,1.1515625799438538
2019-09-23,1.1302146773282338,1.108177310724799,1.1063586229467963,1.1613835266092247,1.0801764668493046,1.1222377019086602,1.1471609920668224,1.1390981025325873,1.1522648710502255
2019-09-24,1.127244965537338,1.1054658165126892,1.1017327019796233,1.1574793532703758,1.0816777990767241,1.122964908341838,1.1434303660401821,1.1356864014495092,1.1485930982283623
2019-09-25,1.1244101342972483,1.1035886498402403,1.101406167899221,1.1549744469097358,1.0775385725372415,1.1189493981780718,1.141271261041919,1.1336520414797857,1.146306866193159
2019-09-26,1.124327097567434,1.1040233275996623,1.1013577550583584,1.1554159571723885,1.0784935008054821,1.1200909768265177,1.1414628795782389,1.133999850490149,1.1467769139229742
2019-09-27,1.120320046972519,1.1001208967441438,1.0967247185125493,1.1502395175245501,1.0779261933822204,1.1188372273346798,1.1366239379002128,1.1292971148404238,1.1418452414919962
2019-09-30,1.1191977540372406,1.1007622114630677,1.0976464487049904,1.1510712481394354,1.0774180587939417,1.1209573789828549,1.1378544175821188,1.1303293041040474,1.1427441433380192
2019-10-01,1.1163355755691704,1.0967343467175783,1.0922696047342613,1.1456377121701267,1.077920216501332,1.1197636169660523,1.133495664823917,1.1251832011997138,1.1374848278160647
2019-10-02,1.1121938493167627,1.0914352316395444,1.0858211708682939,1.1387511343715817,1.0778954036547115,1.115975912426812,1.1258058243872495,1.1182074123879644,1.1309536480354274
2019-10-03,1.1170393635517535,1.0968922583437128,1.0910923272411508,1.145743683638547,1.080626261243102,1.121121748228551,1.1327231091433594,1.1251277516681726,1.1377034927717617
2019-10-04,1.1232019968705647,1.1029815770954423,1.0973118950747334,1.1534442286988846,1.0832834027433644,1.1272669824430492,1.1401031787253417,1.13220150722815,1.1450759895446767
2019-10-07,1.1195625271825478,1.0994379204439844,1.0943727566674621,1.1488138459722677,1.0806456479413191,1.1231731325700705,1.1359215794681838,1.128057240162771,1.140664993572088
2019-10-08,1.1160139752844567,1.0948543259070305,1.089052706767338,1.1430472751663476,1.080802944327233,1.1201807382361961,1.1296851498756775,1.1216088212772986,1.1351437763660994
2019-10-09,1.1188226779516885,1.097911431449373,1.0922758147312588,1.1468035106629697,1.0807672621809674,1.1213882898559753,1.1340248800189785,1.1254967008895886,1.1386590435268782
2019-10-10,1.1187626620039435,1.0986920952541623,1.0940473042058563,1.1477233754105634,1.0779635768342586,1.1183776930668203,1.1352559439910979,1.12601188293417,1.1393693958121909
2019-10-11,1.1225767832563847,1.1030715376019309,1.0997483551833684,1.1537592694103649,1.0766530698053995,1.1183259251195425,1.140046084138257,1.1318024470238532,1.144894245800768
2019-10-14,1.1230963029990144,1.1032732327630748,1.099286239840438,1.1538060009952347,1.0781954986058448,1.1204865959634713,1.1400123573128416,1.1319297434653064,1.1450201627532222
2019-10-15,1.1243367887275137,1.1054595974402748,1.1022813579329516,1.1565861770288346,1.0761467578672503,1.1193803483875266,1.1440765318320547,1.1346501480554703,1.1477157590373672
2019-10-16,1.1253105388488895,1.1061865674361453,1.102937172442375,1.1577343399424045,1.0769772356307654,1.1198744856140856,1.1447050749140253,1.1355212073546057,1.148750398125767
2019-10-17,1.1276476610571178,1.1087052484942774,1.106259950470929,1.1611623445645067,1.0773562052840064,1.120948341983756,1.1479337422736735,1.1383938645338714,1.1520324092208687
2019-10-18,1.1258658755572237,1.1074485690344362,1.1051247852259771,1.159603252133227,1.0771763509310703,1.1202994615918658,1.146466689475828,1.136916132402036,1.150571894029968
2019-10-21,1.1269707340280686,1.1096562910646681,1.1082183700549735,1.162296870697572,1.075748860553641,1.1192485226103837,1.1489425031573062,1.1395119304389452,1.153271823703672
2019-10-22,1.126912841367665,1.1093217462369398,1.1076457113691969,1.1622545988344704,1.0768925874792858,1.1202779977106145,1.1490949763246754,1.139373455083167,1.1530971506801353
2019-10-23,1.1294685879633957,1.1115897136424744,1.1102762141611406,1.1653092303138535,1.0780207064123049,1.1220148632746147,1.151679081471109,1.141935897033331,1.1559375257396953
2019-10-24,1.1323179673759158,1.1134747345308158,1.1120970539283055,1.1675076895833787,1.0790854010494504,1.1235991654639619,1.1535975364996582,1.143980502443198,1.1580283219315415
2019-10-25,1.1341316392119467,1.114773180448834,1.1136547777890773,1.1691737291463618,1.0789454572828912,1.1235558888944968,1.154878875327134,1.1453588974617845,1.159527317407395
2019-10-28,1.1336772201598384,1.114845920131668,1.114245103749035,1.1691704228458812,1.0768324426708153,1.1217931367108853,1.1545733266886349,1.1454827153342788,1.1596075107335073
2019-10-29,1.132155330824466,1.1138302085769287,1.113482690012249,1.168025273049592,1.0762264973542033,1.1204569084291702,1.1534106292612476,1.1444146726278865,1.1585580628053822
2019-10-30,1.135437171023821,1.1165529452679819,1.115209989030009,1.1716861263300176,1.0789661192830056,1.1244450791467115,1.1568182787475028,1.1479500557454874,1.1621030995719408
2019-10-31,1.1377189664659222,1.1169195046351619,1.1144186920498984,1.1723358096070846,1.0819587705253004,1.127879667224809,1.1569312993027867,1.1485901599697426,1.1627425321553009
2019-11-01,1.1430065704021242,1.1228803523039628,1.121494919431563,1.1800079249300701,1.0831360908552794,1.1310394180443428,1.1643824399506117,1.1554506171913521,1.169895916199603
2019-11-04,1.1428191861485406,1.1236372439872166,1.1229218602184934,1.1806229135918647,1.0811424261428155,1.128602414819468,1.1648708342209657,1.1559713896998856,1.1704363116545238
2019-11-05,1.1382214933159522,1.1200154860037828,1.1197971741608017,1.1757460493390481,1.0776284635833036,1.1242113954468167,1.160352106364743,1.1513869196300743,1.1657047075394078
2019-11-06,1.1384595035936973,1.1196709705681607,1.1184507078413586,1.1755094606890018,1.0788531374972814,1.1259659374929367,1.160224983050593,1.150975089427885,1.1655121636921668
2019-11-07,1.1335792798774849,1.1169515786628528,1.1165574916241214,1.1715273064062737,1.0742132808837719,1.1201356652092236,1.157272778901573,1.1475937161641416,1.1618160994617432
2019-11-08,1.1328259877743099,1.116195860649191,1.1162655551614171,1.1702808562913252,1.0733461613868474,1.1198276202643822,1.156333495756071,1.1463177954878745,1.160729720780955
2019-11-11,1.131569161411731,1.1146834076079861,1.114656781576582,1.1684564500974046,1.0730242391121423,1.1194533609182251,1.1546367063789407,1.1446439261227122,1.159054251659414
2019-11-12,1.1327848256534767,1.1148419932341047,1.1145161910341546,1.1685808635318395,1.0740598170136977,1.1209159960950643,1.1548580529337962,1.1447759987108426,1.1591680934070097
2019-11-13,1.1347342601236845,1.115644079450371,1.1148742073866282,1.1696261175251284,1.0756362940761843,1.1229184066896654,1.1556000139954645,1.14564995673549,1.1601872767657413
2019-11-14,1.1374152019612667,1.117467242799383,1.116045854032595,1.1722583185605104,1.077984252847483,1.1265886033814647,1.157883325038375,1.148090561813506,1.1626965617224019
2019-11-15,1.1395468316542154,1.1210048739492466,1.1199969964573178,1.1764908711244007,1.078383522809367,1.1285665874957382,1.1618116201288553,1.151849763812676,1.166821779051293
2019-11-18,1.1396553414029924,1.1208289674092036,1.1193384679593754,1.176434808116713,1.0786156824024238,1.1287179527236002,1.1617305194435394,1.1519347668409927,1.1668948788028968
2019-11-19,1.140369512824727,1.1211638301502493,1.1193915676535533,1.1771613028862735,1.079427651966407,1.1295733673856543,1.1623198263573051,1.1527164745358631,1.1676825832852897
2019-11-20,1.1421151939209746,1.1210417439438787,1.1190070876698714,1.177375883926806,1.0814085281803132,1.1317130880136548,1.163070403247163,1.1526079010889947,1.1676501810515656
2019-11-21,1.1397547247625865,1.1187851418932564,1.1167551402814955,1.1740789028187493,1.0801457847672389,1.129870384330256,1.1600057298956092,1.149445463176707,1.1643325761836611
2019-11-22,1.1402525491396935,1.1195406469295444,1.1175894732521625,1.1750761690283344,1.0806929657563302,1.1317641822119338,1.1609929305016298,1.1503237404471085,1.1652773741380649
2019-11-25,1.1435522228074144,1.1247939870359065,1.123945702365885,1.1816009529251996,1.0817424702007434,1.1355716712879333,1.1671930349330921,1.156282252868832,1.171663692129663
2019-11-26,1.1470270363765374,1.127478037967783,1.1266640880060335,1.1851976120051386,1.0836512176230648,1.1384388197190725,1.1703374850756854,1.159457400689138,1.1751394319718274
2019-11-27,1.1468187339016331,1.1287185117252105,1.1284165129662294,1.1864092022964257,1.0828011539477298,1.1383740493979975,1.1714273124351788,1.160761763699912,1.176534150112583
2019-11-29,1.143249634467821,1.1237972535353504,1.1228617626240265,1.1801865685991093,1.081557254828896,1.1349290703185675,1.1660102439656357,1.1553880034091533,1.1707371351908935
2019-12-02,1.1379489202272062,1.1182600712666069,1.117095662230316,1.173023421913777,1.0787063377871968,1.1292096721541753,1.1596519759367214,1.1481605149372733,1.1636482641768335
2019-12-03,1.141820839651169,1.1191427197696675,1.1173087824509156,1.1755888915416302,1.0830933763930743,1.1345919512197318,1.1616321553165883,1.1495700871828907,1.1659047503098265
2019-12-04,1.1441471063173598,1.1227404610596843,1.1216809580554823,1.1796129559032478,1.0825057670735696,1.1346103595719785,1.166257818823796,1.1529742155881961,1.1696828024405004
2019-12-05,1.1441485727834568,1.1233069738576866,1.1223656735049765,1.1799587016632906,1.081936053822145,1.1338734923540568,1.1666925575444493,1.1532484870366275,1.1700251392803627
2019-12-06,1.1456339107740416,1.1268509655642232,1.126660134120877,1.183618489314086,1.0810691472296279,1.1347358364286277,1.1708700291497203,1.1569332502594332,1.1736979850796612
2019-12-09,1.1448355355359536,1.1254337834798007,1.12519885351465,1.1820754553231865,1.0811604339548058,1.1344567891406647,1.1694226464420974,1.1553912452750996,1.1721908931229583
2019-12-10,1.1453541637065547,1.1258132208160359,1.1256573322455279,1.182606602423357,1.0815975423183448,1.134804114369366,1.1696740563140027,1.1555619427662476,1.1725713542886815
2019-12-11,1.1478610375407714,1.1286072195860124,1.12767940588533,1.18634766194617,1.083953523445547,1.1387326648630214,1.1734617104203828,1.1590385663869056,1.1760135455083938
2019-12-12,1.1468988808118417,1.13060744773338,1.1303684648409893,1.187725854043632,1.0814982654820224,1.135925935500337,1.174313254518668,1.1601016853331292,1.1773578083819025
2019-12-13,1.1509988795884687,1.133444728273379,1.132633824085978,1.1918033514757775,1.0847640872406779,1.1413299377385575,1.1783323788172542,1.16369958809316,1.1811355030806303
2019-12-16,1.1530426348065947,1.1371746155887283,1.1372698195599245,1.1960889321710217,1.0838914341727428,1.140715941756873,1.183082911968158,1.1673367957494052,1.18542445986008
2019-12-17,1.1529582581837232,1.1377592318104763,1.138170283917292,1.1965701033747524,1.0841065212922245,1.1414490336374519,1.183198579899482,1.1676000813810674,1.1857932643367577
2019-12-18,1.1529941883523582,1.1385666073623264,1.1395025597855448,1.1975594593910166,1.0830157835175513,1.1399815408475729,1.1839142209921951,1.1683550687413127,1.1868231074694562
2019-12-19,1.1559258316793553,1.1414055366298668,1.1425442283553995,1.2009241633485284,1.0839979047364474,1.1417023679605736,1.186893780237719,1.1714200803047106,1.1901441669989807
2019-12-20,1.1571375347552713,1.142923899588111,1.1439468214794766,1.2026610608186454,1.0842656961222334,1.1421627789169586,1.1882383464093293,1.1730558041977401,1.1919287564984526
2019-12-23,1.1574356942779058,1.1435746357273957,1.1446723261828355,1.2032555105570997,1.0844466686653473,1.1423245497376204,1.1887330368794014,1.1735411019537922,1.1925254679550792
2019-12-24,1.1600535107799985,1.1452808134152643,1.1464430617170165,1.2055053951419976,1.0860577260905584,1.1439218904528412,1.19061935917392,1.1754308047378754,1.1945986341435222
2019-12-26,1.1643540412137534,1.1496555192301545,1.1507350553138875,1.2107834533448,1.0880166963660751,1.1470325518525857,1.195334792609136,1.1803005740922565,1.1996818277319268
2019-12-27,1.1650310364319902,1.150112296515879,1.1508359438725086,1.2115765872659865,1.0884418451222393,1.1477558062027595,1.196053234555557,1.1810513294767881,1.2003837213629431
2019-12-30,1.163378781511377,1.1475535157251442,1.148237659656164,1.2084776665125436,1.0878987253373293,1.1461608379372137,1.1931916272828338,1.178045935402813,1.1973329811250244
2019-12-31,1.1620965001938042,1.147640090469931,1.1486085774340151,1.2083498529159695,1.0860712180937426,1.143130715918639,1.193115390394054,1.17818886012976,1.1974270297009397
2020-01-02,1.1671640573085413,1.1539964891617063,1.1543429685603481,1.2160145759638006,1.0895461411350258,1.149597409014246,1.2001873210212657,1.1852891590325048,1.2047664702358831
2020-01-03,1.1714125240482072,1.153641028886765,1.1538395975338027,1.2164384700314774,1.0934502537426416,1.1532783715489898,1.2003001635469193,1.1855854941124702,1.2047150370264472
2020-01-06,1.1727212593237004,1.1553482161989423,1.1557378965414338,1.2179960765059017,1.0934533047349342,1.1521772476191554,1.2019618709606867,1.1871490620686662,1.20636910062161
2020-01-07,1.1705469410594909,1.153531862265979,1.153845314415244,1.2152160435000636,1.0926659161976358,1.1499183382320066,1.1993728891416593,1.1844494707863267,1.203697420357405
2020-01-08,1.16858323822761,1.1534816633833218,1.153802681644035,1.2147985456251926,1.0906785892871913,1.1485062819044518,1.1997146213698089,1.1849028077215364,1.2036139290692331
2020-01-09,1.1700200287856592,1.1558055266088418,1.1557308344270032,1.2174701360026083,1.091500291693771,1.1519642095714362,1.2023410024237815,1.1875562113187437,1.2063232612400234
2020-01-10,1.172525614747096,1.1568996607794457,1.156398925629798,1.2195200358044769,1.093381416883823,1.1539706089539463,1.2037596844684335,1.1891067499256383,1.2081370143103063
2020-01-13,1.17345634193092,1.1600552716871317,1.1598482023438996,1.2231833851957874,1.0922576939188906,1.153851071771694,1.2075531474655585,1.1927930670749998,1.2120268951936273
2020-01-14,1.173940417934441,1.1598340743325621,1.1598775946230153,1.223345453255856,1.093226862617598,1.1552252652539654,1.2079326158012782,1.1927507790863396,1.2120080040811938
2020-01-15,1.176336065624067,1.161101934605377,1.1613671124153797,1.225483296536031,1.094796120900782,1.1573992485661084,1.2098319338177135,1.1948786751736717,1.2141144428565969
2020-01-16,1.1784990800951816,1.1649508402455164,1.1659496105662042,1.2298677572097663,1.094655822926395,1.158477041781876,1.2134639674809706,1.1991307101863715,1.2186464375359738
2020-01-17,1.1789555334098767,1.1662784830932689,1.1670210985071097,1.2308531078069496,1.0939997031448634,1.157700514461286,1.2139594793756665,1.2001364887020347,1.2197131175752338
2020-01-21,1.1800377690089598,1.1640560129702215,1.1645504486234708,1.228597669964995,1.0957041155431009,1.1601672545924806,1.212908862472261,1.1985104066940913,1.2175543731866256
2020-01-22,1.1789556111916684,1.1639309107056157,1.163918383419878,1.2284491968096742,1.095814258158665,1.1606281027131014,1.2128937520792948,1.1983471021705057,1.2174967993667978
2020-01-23,1.1800260496490558,1.1638522771164495,1.1638061666335675,1.2285428333460557,1.0967386949150726,1.1617143926761406,1.2131912929767819,1.1987613375348682,1.2178028888969783
2020-01-24,1.1775217539240639,1.1596883778280735,1.158516067072772,1.2238937577001643,1.0973223558286234,1.1606061628013458,1.2099421424610926,1.1944201206264984,1.213245417459974
2020-01-27,1.1721950979602664,1.1506272938058735,1.1488104961702787,1.2134510470130166,1.0984469814590831,1.1590107381918144,1.201815041340793,1.1838140810866253,1.2030631705128734
2020-01-28,1.1746819304554246,1.154924264911031,1.1539529723186823,1.218353683542513,1.097850174363154,1.161483413124638,1.2059833357328464,1.189298820673475,1.207959373689106
2020-01-29,1.1760259627621472,1.156024706603742,1.154028977440125,1.2198036676041055,1.0999912260013698,1.1644294105502906,1.2065571706111136,1.1902365609627945,1.2093054132087993
2020-01-30,1.175136440081839,1.1551051892004003,1.1533454551990086,1.2183572715129773,1.1000228105097316,1.1651572857399217,1.2054654395487567,1.1892284901018744,1.2082312138926785
2020-01-31,1.1696753306624226,1.1475984024751529,1.1446436722936557,1.208828107910385,1.100872549038047,1.163608204574475,1.19507235325473,1.1798705758551944,1.1988407550540714
2020-02-03,1.1695513338360428,1.1498563503937798,1.1471206302405625,1.2111244482085033,1.0998571486151956,1.1639352016775661,1.198909548920258,1.1828575083651922,1.2015686255389637
2020-02-04,1.173646521641844,1.1562574538268735,1.154332190551496,1.219059619561018,1.0978477517626088,1.164854558352506,1.2035321470343194,1.190268631280544,1.20953393301449
2020-02-05,1.1773565603887313,1.1601354953401974,1.1591627302323182,1.2242312048329778,1.0975051127498925,1.1655576264328609,1.2087274758170536,1.1953453424734612,1.2144017044721482
2020-02-06,1.1807099345973622,1.1629119589693577,1.1617276571341586,1.2274679493117626,1.0990027035106062,1.1676611247432611,1.211652569401322,1.1981558852888063,1.2176248899548539
2020-02-07,1.1794881732476388,1.1608874777107252,1.1587768956166993,1.2245318999424066,1.1009444430222972,1.1698992740608134,1.2076469871645084,1.1954941056619075,1.2147492114610916
2020-02-10,1.1824967180215706,1.164898115270349,1.162900161475571,1.2292213537055463,1.102063210334892,1.1728951502985618,1.2130579609936454,1.1999693334225894,1.2197296293752569
2020-02-11,1.183571782456696,1.166546939289287,1.165249819002191,1.2320958952645,1.1011291845591977,1.1718523149857099,1.214863841004606,1.2021304131797579,1.2224462511984542
2020-02-12,1.1880826600485177,1.170605242012314,1.170145954561808,1.2375950168187084,1.101368100843348,1.1732875439198118,1.2188917278900993,1.2067979983995765,1.2277408803378598
2020-02-13,1.1885302811653435,1.1705959554668377,1.1705791345497112,1.2372635753524728,1.1023169629895453,1.1738450606166873,1.2187844730523731,1.2067185334095958,1.2274872729210733
2020-02-14,1.1904671629479213,1.1726050401525332,1.1724103596475268,1.2395650284612492,1.1037147264138052,1.17598380853924,1.2208895768860262,1.2088097499252355,1.2298288780258138
2020-02-18,1.192919763319873,1.1738462967137078,1.1733975026088228,1.240622592799099,1.1060197925985056,1.1775535119672564,1.2219049260430357,1.2096581255453935,1.230699164074035
2020-02-19,1.1965056537064085,1.176407967009147,1.1759004665785553,1.2438023088171042,1.107151183476661,1.1791436380129166,1.2244942193519228,1.2123833679531109,1.2336548520894708
2020-02-20,1.1958099421688302,1.1761233412530994,1.1757247669958897,1.2433074170314493,1.1086639142699601,1.1808999209528692,1.2243389990181721,1.2120720777477214,1.2331584009473575
2020-02-21,1.19383127908214,1.1744027703784141,1.1728825070325328,1.241053333306042,1.1106152167233512,1.1806749813298738,1.2225262087106659,1.209782768468164,1.2305771041456692
2020-02-24,1.1792036719412207,1.1605940490884226,1.1568241110292419,1.2213177534700799,1.1106482898047416,1.1744406841900086,1.200347694876104,1.190153327631769,1.211284135084835
2020-02-25,1.1675013558571892,1.149719652537133,1.1440517904933027,1.2030932901875417,1.1076057030684456,1.1700214489436007,1.1823878214603991,1.1695312903768702,1.1933789598965028
2020-02-26,1.1662702940776717,1.148599120390549,1.1424663814304101,1.2005129127899072,1.1065782012131098,1.1690972851123063,1.180834409705583,1.1667924686936582,1.1909828427981528
2020-02-27,1.1527218297772013,1.1357216602075055,1.128053932829289,1.1748015162644678,1.1040379637231708,1.1661918595575316,1.157158346088212,1.1413533308977497,1.1658212300263198
2020-02-28,1.1484946165819685,1.1330832457247622,1.123713658488572,1.1688788762660658,1.105493020167159,1.1729997326110153,1.1477738008430982,1.1303656015223504,1.1603810341115706
2020-03-02,1.1614191172174648,1.144623577761539,1.1364169662645773,1.1913838779600807,1.1086640292822738,1.1779777617585998,1.1731662910953304,1.1536666071011328,1.1818956217261811
2020-03-03,1.1595258269235043,1.1436434292282531,1.1348022443606316,1.1883491607851713,1.1136231693789327,1.1839985415067986,1.1779795650909626,1.1536033383422313,1.178677249448947
2020-03-04,1.1699266978113332,1.1538369565587616,1.145269807442974,1.2083828598791764,1.1153279476572588,1.186628851096914,1.2016676335413194,1.174895467879871,1.1979748169748574
2020-03-05,1.163299214374652,1.1479059142851606,1.138367576521933,1.1949948146139935,1.1180193653341841,1.1892159702190637,1.1912418322564846,1.1670993598458725,1.18540997692893
2020-03-06,1.1576006022658105,1.145083664889264,1.133168773090809,1.1869864085315076,1.122903306407166,1.1932040942207396,1.180836171849702,1.1546767657304795,1.1790669983096185
2020-03-09,1.1280591956554387,1.1181880097921786,1.1044219641550843,1.1300794795214482,1.1148663073790424,1.1866234185068067,1.1182699057647836,1.0924885967710853,1.127701858763017
2020-03-10,1.1387197804753348,1.1262248734740694,1.1132099930117374,1.1489914724284547,1.1080567081264658,1.1790225614377654,1.1600564861324145,1.1298366887684366,1.1424727045156367
2020-03-11,1.11922472684666,1.1050187043849982,1.0929560748470564,1.107161672073522,1.0948258318703836,1.1648990329164892,1.1273843192390636,1.0884852986579692,1.1029439116200976
2020-03-12,1.0839036890516796,1.0693020613543787,1.0571780585386357,1.0360958941820915,1.0793210792232806,1.1506252448609064,1.0386975050400196,0.9835355524298491,1.037600111973506
2020-03-13,1.1029127628229636,1.0903089839695737,1.0779647202472629,1.077773898404862,1.0840113478345408,1.1574775741457877,1.0974125934614527,1.0517174625755965,1.0741090966399998
2020-03-16,1.0663399720952553,1.0548462653653534,1.0387423940446567,1.0043821906346548,1.0804223542734461,1.1588991483307143,1.0556215607954258,1.0071142865237337,1.0086791989286206
2020-03-17,1.075062623825154,1.0629325486703594,1.0479915212188688,1.0232124363572594,1.0704304622718048,1.146058240798692,1.0948320535405303,1.0650285262313675,1.022002027282697
2020-03-18,1.05043513504136,1.0357960204840773,1.020592893092071,0.9707689791692031,1.050447661633399,1.1281606032076792,1.0494690058713356,1.008755782446116,0.9739201623062891
2020-03-19,1.0514922126144126,1.036056082134756,1.0209097519607375,0.9735811886431104,1.0480507371481453,1.1274365155792816,1.0531115054111646,1.0183790603398426,0.9755102985557019
2020-03-20,1.048190489386902,1.034248363389298,1.0168219070305715,0.9685063448551194,1.0578584652946625,1.1403069028872554,1.0759005196615865,1.0207627195660385,0.9732959651906272
2020-03-23,1.0518614482614845,1.0384473077382064,1.0200664022341923,0.9721439367681792,1.0723216944351373,1.1534215182947332,1.077292120101368,1.0242699241854745,0.980015651819712
2020-03-24,1.0775844508066794,1.0648078157766803,1.0470765406245588,1.0220191744292555,1.082398292751522,1.1598173209160842,1.1321265609104407,1.0444584048019054,1.022759961148309
2020-03-25,1.0848503478916185,1.0729998424140155,1.0567230746291232,1.0406497957453016,1.088136426971317,1.1643995463210726,1.1444911810353582,1.053693738164561,1.038112739173622
2020-03-26,1.101542438109836,1.0910720436318018,1.0753093308105108,1.0744225074755702,1.0954147070643716,1.171826275092261,1.1633167415310641,1.0659611757827163,1.0682850139508013
2020-03-27,1.0952160330095715,1.0842483842922328,1.0676926288464903,1.0600630138239175,1.0970583663162359,1.173304361021421,1.1687552936947705,1.0717885354915264,1.0562739046125875
2020-03-30,1.1024556128662308,1.0924020863848058,1.075912018548715,1.0747158698336925,1.0998246057305765,1.1788604366946933,1.1735958051785877,1.0770219840198492,1.0696014811013852
2020-03-31,1.0956642151650877,1.0863174719471183,1.0701634857869358,1.0642888402276631,1.0947659128108418,1.1779419622850313,1.165625022319231,1.0710816030087984,1.059414050989803
2020-04-01,1.0810541918124204,1.0711919297519379,1.0524530486116284,1.0331205584876197,1.090996499176768,1.173862660795182,1.1482000221097546,1.0653478874546263,1.0328980576151043
2020-04-02,1.0887050492747925,1.0786957761111273,1.0595437140820054,1.0470487974305298,1.095552758872008,1.1770028930896508,1.1603666335782754,1.0763944682422757,1.0455273204199775
2020-04-03,1.085257363852329,1.0738392376962627,1.0546243380284699,1.0377321401622033,1.0948114954242127,1.1762420543259346,1.1557141473421348,1.0735252784719684,1.0373430828807253
2020-04-06,1.1056215310076616,1.0950734817341268,1.0769966270117846,1.0780970233151899,1.10305188433646,1.1822072327851778,1.1974266168264878,1.0901671191891227,1.0731862344507452
2020-04-07,1.105894504186869,1.0950308927933745,1.0776688459935655,1.079101098365472,1.1014085990843059,1.1796351203185242,1.1946066087993712,1.0850779163347393,1.073344606178528
2020-04-08,1.1144809952745742,1.1047003877195105,1.089221715713981,1.0980740038187766,1.1042897238140026,1.1826752641686622,1.2016268700741017,1.0885176273378652,1.089815822931661
2020-04-09,1.1280300388282742,1.1185481884017285,1.1046285359206653,1.1241140009940347,1.1158743031163139,1.190275509139174,1.2259696544443761,1.1115797675053527,1.1136115913541256
2020-04-13,1.1260488425009645,1.115400987082675,1.100644330268415,1.1169332587882963,1.114797529594363,1.1893206506922398,1.2196073979064304,1.1037663298579123,1.1070914507307976
2020-04-14,1.1338341332162425,1.1240628863183733,1.1091857950568986,1.1319738686435206,1.1166985539505194,1.1932897508942262,1.2282431246802623,1.1114949921103896,1.121438280186609
2020-04-15,1.1258355402015232,1.117102700717778,1.100192861560417,1.1165901394225064,1.1185777054904216,1.197208576293931,1.2318034621441367,1.1092798823410759,1.1091384249334777
2020-04-16,1.1266316638587501,1.1183614648177336,1.100705449684705,1.1177881507937297,1.119830123480217,1.1987750620504498,1.2283035887840101,1.1065804802032142,1.111079069599395
2020-04-17,1.1317877364720266,1.1240361262951228,1.1076249792865167,1.1306676711260477,1.1182755203396104,1.198477329243064,1.235486224530481,1.109420174408552,1.1211092018492754
2020-04-20,1.1256953189037713,1.1179721335987232,1.1007368109760463,1.1188252186639809,1.1171007677042766,1.197728669740172,1.228398900831986,1.0989933069909477,1.1110551896278267
2020-04-21,1.1140080919614421,1.1070027494572419,1.0886541201996576,1.0986020231372235,1.1130803850446858,1.193631040088802,1.2112693776350718,1.079180772636591,1.0936299976529695
2020-04-22,1.1221447524882562,1.1148890861827445,1.096677237479976,1.1126208333300576,1.115533460769463,1.1951705113492155,1.2264167737950715,1.0935901499022682,1.1062559401470307
2020-04-23,1.1226500184261599,1.1153793500125115,1.097120468175716,1.113485899794752,1.1172094463588154,1.1958217212639182,1.2255057133578835,1.0949072514732021,1.1074470594772214
2020-04-24,1.1239561334430905,1.1171292609600707,1.0989020723212182,1.1168833678139705,1.1166642046805144,1.1964709355324965,1.2260606520667803,1.0955908080893153,1.11101358713619
2020-04-27,1.126639836050039,1.1200853899838181,1.1028015058774632,1.123995749570139,1.1126991619048405,1.1926090441473294,1.223147872658389,1.0993449502226238,1.1165379851504222
2020-04-28,1.1270778464473286,1.120514646674759,1.1033952647796978,1.1265036977292973,1.114205107249147,1.194336617735168,1.2256128526961183,1.1015211660100583,1.1183319461425372
2020-04-29,1.1377860929402857,1.1312372327397886,1.115245807582434,1.1473509085606701,1.1181416193995584,1.1990060007308396,1.238676959918558,1.1172116107630652,1.1369744210237982
2020-04-30,1.1330080652419896,1.1262680729710293,1.1098043455265203,1.1359207299831244,1.1150752492843627,1.1971845222849555,1.2325842704317949,1.1097218086032243,1.125814027546478
2020-05-01,1.1237684963837593,1.116769442493056,1.0991431575131383,1.116618911317687,1.1132437417833274,1.1943084858104458,1.2130366256170073,1.0882525349302108,1.1088267051461698
2020-05-04,1.125736233972479,1.118595080895215,1.1013358805053624,1.1199039312597663,1.1139291814246128,1.1959826099510957,1.2150029287095119,1.089984112206304,1.111661338336546
2020-05-05,1.129940984093119,1.1222746745498628,1.1053901179476733,1.1265031453121774,1.1155235359319144,1.1977092255415167,1.2209051983846217,1.094589273199259,1.1171131950755733
2020-05-06,1.124635268997064,1.1176134630983359,1.1006452518296943,1.1166630981585992,1.109897916363503,1.1937495682144939,1.2108763816117991,1.0856169056532892,1.1081772726516483
2020-05-07,1.1309380285792079,1.1238644001221139,1.1067815296151207,1.1283665931194724,1.1150278785657357,1.1995896366655863,1.2229106918013797,1.0969572526892077,1.1195378607836173
2020-05-08,1.137118502108907,1.1296663581217314,1.1136827358633685,1.1409572271341006,1.1146375971136389,1.199520054760389,1.2318926869317697,1.103483731434516,1.1296746865813885
2020-05-11,1.1341933854285662,1.1272285592084361,1.1109865670549062,1.1351250738134464,1.1114195957607682,1.1969483316766392,1.225536281100008,1.0978966597533784,1.1247611752641213
2020-05-12,1.128394430133467,1.1213925821056778,1.1042894140503023,1.1236711397393109,1.1126525431375107,1.1975569708658869,1.221412520515668,1.086010570206986,1.1146625837922166
2020-05-13,1.1242855953787996,1.1170816200629796,1.09932782277871,1.1150596797998533,1.1130511308892468,1.1973787022653213,1.2048488220971392,1.0754570730979625,1.1075138438487178
2020-05-14,1.127991860220789,1.1207536472399904,1.1030465303999195,1.121262548515845,1.1168918984109757,1.2006695275848411,1.2099213984665655,1.0809733106734754,1.1136716239120337
2020-05-15,1.1299760740895122,1.1224382634978447,1.1049411105114644,1.123831941424052,1.1181298118322607,1.2016634568638318,1.2123311082993578,1.0834834251005032,1.1160557382391387
2020-05-18,1.1418559045942127,1.1338201368435419,1.1174975686231539,1.1486264176564993,1.1186084551399855,1.2016077027100724,1.238602372531626,1.1021427434294866,1.136087167571045
2020-05-19,1.1399359521558328,1.1318851347363221,1.1152519941266847,1.1436183628383532,1.1197716770024997,1.2031992246911118,1.2380592540455544,1.1001995692661195,1.1321317192157943
2020-05-20,1.1475594804120801,1.1393032447719609,1.123031762481839,1.1583623168757526,1.1238078221334744,1.2070629909656294,1.252574790005865,1.1135935313492047,1.1454821967326132
2020-05-21,1.144404704511125,1.136309630923038,1.1199758721964124,1.1530548119399142,1.1223487494845454,1.2061982079760472,1.247667059642347,1.1096931313385474,1.140290492961488
2020-05-22,1.145362869797789,1.1374177382729502,1.1207590570978132,1.1538896412115427,1.1236758438493077,1.2075890485684568,1.2500842764731055,1.1111817654718281,1.1417104243988658
2020-05-26,1.149995689082595,1.1412395818217633,1.1251454617665309,1.1647192552510843,1.121869169589832,1.2062211460914982,1.2573385734369664,1.1186242339055354,1.1498142285072077
2020-05-27,1.153467972607518,1.1451351735723603,1.1289427420000095,1.1725489546458912,1.1223848898134647,1.2073112317145127,1.260579382694661,1.1247365651373884,1.1572302733695015
2020-05-28,1.1533669339277337,1.14453932384427,1.1279332054690052,1.171190653555312,1.1223336167290594,1.2067697463076839,1.2604363531568006,1.1233771414664084,1.155863013007552
2020-05-29,1.1567286424817802,1.1480315055053847,1.1315929269260838,1.1772975946937456,1.1261779244183454,1.211436108734679,1.2657415879091911,1.1284505031834537,1.1616840686282957
2020-06-01,1.1612025638367145,1.1519102511227872,1.1357473995980663,1.1866730245057955,1.1266435219089344,1.2119959334227302,1.2756608853710274,1.134994380664811,1.1696073361778827
2020-06-02,1.1645400379948725,1.1551407448153046,1.1392104884879217,1.1942635721196224,1.1273489602657731,1.2124464689546717,1.2824190514812641,1.1407250097874755,1.1760095067121052
2020-06-03,1.167889419949963,1.1581606636683273,1.1425703700016692,1.2029691186117861,1.1244225150165479,1.208987433580579,1.290224338461339,1.146017031385556,1.1831296240846791
2020-06-04,1.1663591604175547,1.1562259585142693,1.1405842132732684,1.1984325450179778,1.122742664553387,1.2058462086510655,1.2871119466634153,1.14253806804174,1.1785618649089682
2020-06-05,1.1740384601472855,1.1637652628033337,1.1491959009940425,1.2151673044871247,1.1229478968928288,1.2063070898124273,1.3008949823243967,1.1590792102305303,1.1933559830914577
2020-06-08,1.1789880736059561,1.1685965985879607,1.1539770027569556,1.224966100609361,1.1249773236197782,1.2078919014397316,1.306245694002304,1.1664599620217093,1.2029337729664056
2020-06-09,1.1777186747333428,1.1676469179075655,1.1528388263758738,1.2211669995925025,1.126853939535799,1.2105140930686753,1.3043802243142255,1.1638197361821363,1.1998676929393495
2020-06-10,1.1784828995304308,1.1689752712871426,1.1537745375455881,1.2218978137817549,1.1314496255949653,1.2170517427918972,1.3002911913161563,1.162174217621617,1.2011194439580926
2020-06-11,1.1573708351357004,1.147270696465576,1.1305976217623765,1.180327481472934,1.1264781005279092,1.2092905821985354,1.241930622162,1.1222477319735382,1.162927579838114
2020-06-12,1.1632968251136417,1.1529799527005522,1.1366889991642624,1.192777375804618,1.12703613998553,1.209362513949,1.2661309493671484,1.1461641229112463,1.1737579546258825
2020-06-15,1.1677991709411737,1.15756862046909,1.1414984318301378,1.201196533285816,1.1298270359646372,1.2116738840872516,1.2722625666690466,1.1534421555143273,1.18157603946349
2020-06-16,1.1724922087612368,1.1626612798122071,1.1468699622641203,1.210254415272096,1.1290464354357421,1.2121244408852485,1.2816488188497293,1.1600521872125291,1.189754779575016
2020-06-17,1.1710824184356619,1.1614825659541559,1.1455761005836964,1.2078114857317268,1.1290724324515051,1.212815378395899,1.2798758760614615,1.157401708724077,1.18779786976465
2020-06-18,1.1712711354056493,1.161908973380121,1.146142886469729,1.2083508303652741,1.1309476628108102,1.2148754814956115,1.2807706937252614,1.157948202846668,1.1884492920208618
2020-06-19,1.170992044577108,1.1615308220555367,1.146017687421626,1.207040135054414,1.132021409425664,1.2154848153032134,1.278713393464342,1.1566703820072732,1.1872794978406065
2020-06-22,1.1744272265663016,1.1649197445799102,1.1498199687633548,1.2136902597030113,1.1332705929467162,1.2163623986861982,1.2837512410312524,1.161914711482864,1.1934472445180162
2020-06-23,1.1756184131741578,1.1663939762862023,1.1513661489547344,1.2161500477027247,1.1331014449928276,1.216677271944565,1.2841236998085603,1.1634824680887028,1.1960390839152633
2020-06-24,1.1663372453000633,1.1573224638906954,1.142058965594803,1.1984313130346405,1.131042240593818,1.214398779781571,1.272997902712085,1.1492589503505657,1.1801631425084547
2020-06-25,1.1704539189627705,1.1611875970928527,1.1460179139396205,1.2063599865065422,1.132429059804927,1.2158494219115994,1.2816589677580355,1.158155863126311,1.1873701241058496
2020-06-26,1.1640336977054437,1.1543367175034245,1.13934306187094,1.193977811546935,1.1320630879400073,1.2148692456097416,1.2693286772609846,1.148445642339461,1.1760914409986014
2020-06-29,1.1693607232376526,1.1595050709516708,1.14477085264002,1.2043338990898949,1.1333783458810731,1.2175415754120562,1.2808476366864048,1.1601055370009803,1.185189407130453
2020-06-30,1.1734726703666902,1.163903134837074,1.1490010886535182,1.2111833771132468,1.1348313948501798,1.2187845631720842,1.2873913865635713,1.1659530446358037,1.1919307881888064
2020-07-01,1.1764433282372992,1.1668405924677263,1.1515009498937767,1.21667280016758,1.1354124953179228,1.2192822389611286,1.2923459524135872,1.1696612757220703,1.1969712873956462
2020-07-02,1.179457120286411,1.1699407006462104,1.1545541566827606,1.2233072273976646,1.1370578607703985,1.2212897730450742,1.2986648144431288,1.174602108381908,1.2030003549083712
2020-07-06,1.1855135326246962,1.1763123617079203,1.160902650426624,1.235979016116638,1.138928881051595,1.22320238103423,1.311040873514,1.1837616558727893,1.2150263521306925
2020-07-07,1.1821434832738755,1.1734698110443726,1.1584460798895642,1.2290617116885554,1.1407256912426378,1.224658167857959,1.3066721039470681,1.1797713338249853,1.2090589911652656
2020-07-08,1.1860401360907005,1.177338268917504,1.1625708028669122,1.236800252562377,1.1416985869207241,1.2253193032296779,1.3134322240621878,1.1864451734659052,1.2162010887581356
2020-07-09,1.184255618374068,1.1763339313614243,1.1615351454986271,1.2340045231699621,1.143587396301478,1.2278220080376185,1.3103719436861914,1.184833970619779,1.2147732852308963
2020-07-10,1.1868312943981305,1.1782792191776785,1.1633032212369028,1.2379901320610254,1.1433614445300817,1.2274191144972457,1.314589318625962,1.188229168196979,1.2182300140714752
2020-07-13,1.1820471694021433,1.1739538399013394,1.1588673631543536,1.229762653271424,1.1421431524044043,1.2252932657057336,1.3054072406248478,1.18074651093361,1.2103657621180268
2020-07-14,1.1868933222770477,1.178060418233909,1.1628236337609548,1.2385979234799693,1.1445413633833708,1.22714281811027,1.3149007216907025,1.189323107789557,1.2185017660865982
2020-07-15,1.1917621854644411,1.1818587171505786,1.166917636177064,1.247616920826107,1.1455414731106157,1.2283582651298919,1.3262916142357881,1.196904672186772,1.2260660157515122
2020-07-16,1.1885674466479985,1.1789819798226628,1.1636761723580835,1.2417187470163629,1.1451396219001002,1.2280702183729597,1.3205932016581172,1.1923200415949675,1.2207201422782195
2020-07-17,1.191026030347383,1.1810625459717663,1.1658638101541718,1.246312168920498,1.146130523025513,1.228582254483442,1.3247136867656806,1.196367246646455,1.224870270786428
2020-07-20,1.1945420046205408,1.1851145959586762,1.1697835991098058,1.251900116934485,1.1483605432288306,1.2324047398767302,1.3308849277926453,1.201313002983271,1.23132558415719
2020-07-21,1.197934061116102,1.1880396857832785,1.1731766484349146,1.257473610743832,1.1504634390698072,1.2340817764714482,1.3355581054500718,1.2058364074060721,1.2356484363803453
2020-07-22,1.2026164982390248,1.1923017989333886,1.1775139233425722,1.2630597055653419,1.1530194350748886,1.2369368041075224,1.3410036952563917,1.210862963690061,1.2409963333326297
2020-07-23,1.1984426743087415,1.1888194598196697,1.1743317197732936,1.2590517103144987,1.1542670218311817,1.2353994835161397,1.336043116484356,1.2072575986314218,1.2366650627242943
2020-07-24,1.1953693914818162,1.1865531113564227,1.172149164349406,1.255251582198329,1.1543722209966893,1.2333534578973075,1.3301769490780675,1.20296162363727,1.2330774061626808
2020-07-27,1.2044314778577447,1.1942941434052294,1.1802125078986823,1.2653680116550454,1.1562848969038593,1.2351115340522798,1.341347238732814,1.2121405960737404,1.2428321279234686
2020-07-28,1.2027133835371633,1.1929093608571333,1.1789262450475688,1.2637675640051451,1.157043285931703,1.2337375927109244,1.3387603961624643,1.2103466816484294,1.2412630438615435
2020-07-29,1.2126371501931545,1.2010530557126986,1.1871799147705697,1.275911961299149,1.159384502447275,1.2394984563959421,1.3516231476750655,1.221663889633981,1.2524604448763375
2020-07-30,1.2089098086892662,1.1983478618166912,1.1842365422158843,1.2710032439176977,1.1592685981332393,1.2403118582710153,1.3473186378484792,1.2181539022631858,1.2485620806529742
2020-07-31,1.2107911292269646,1.200909629046401,1.1867939806951204,1.2713884664431763,1.161000765385231,1.2435966145283577,1.3482839585275808,1.2186928717853247,1.2500075772348254
2020-08-03,1.2165633303436445,1.205435726946127,1.1911805557085258,1.2774350257744684,1.1616169842372503,1.2458175464562928,1.354475041410172,1.224085353274597,1.2555808876927435
2020-08-04,1.2239070966015098,1.2124642549320017,1.1985061791748801,1.2871304302713253,1.1656839478718286,1.250242334772501,1.3626539094509575,1.2322252608324948,1.2649215972289956
2020-08-05,1.2284006893539308,1.2155527327497184,1.2020160294000704,1.2918113415932952,1.165637008333653,1.2497729060099547,1.3676543263623666,1.2360545376373318,1.2690413582730502
2020-08-06,1.2340983661488787,1.2210356452139997,1.207565532345028,1.2981995733318599,1.168915372007719,1.2548636177437658,1.373790013686618,1.241773812812017,1.275731539423018
2020-08-07,1.230134423887068,1.2161291556871112,1.2026977634857474,1.292926433134433,1.1652675115694529,1.2504122611888713,1.369892411311417,1.237266271084451,1.2701462327324344
2020-08-10,1.2310721136642326,1.2164460975661775,1.2031833419717264,1.2941135659784144,1.164396365109614,1.2494890520228823,1.370466200593678,1.238579806980732,1.2706855427821673
2020-08-11,1.2165785684886627,1.2030487398297174,1.189444950547362,1.278288018346847,1.155578410627643,1.2393300821776925,1.3560559113245956,1.224339504750633,1.254343122672865
2020-08-12,1.224783643840851,1.208808442656491,1.1952487429307392,1.2868707145296232,1.1550005846342297,1.2406258125697318,1.3628401422989598,1.2342116429990075,1.2625609652084264
2020-08-13,1.2249220623443131,1.2085266127148502,1.1949679869914938,1.2850546896178392,1.1545625108608122,1.2360089162084158,1.3603410157569207,1.2328048804810177,1.2612766179631685
2020-08-14,1.2229546704421737,1.2068302334728667,1.193458832573322,1.2825297479153759,1.153219878089461,1.233903066598347,1.3578152478496897,1.2304328516689467,1.258830797364011
2020-08-17,1.2323023375147215,1.2147292624874448,1.2015431413881255,1.2930840002843293,1.157209571680987,1.2390987673735383,1.3670560005536776,1.239674189464529,1.268890587226792
2020-08-18,1.2346532630319107,1.217062190191335,1.203338273050571,1.2952600000402446,1.1597246608501575,1.2427514940363955,1.3685406122582608,1.2418280718251193,1.2716369740060465
2020-08-19,1.226037716058569,1.2099241106453513,1.1966889488312376,1.2852489317582334,1.1554306340746134,1.2388794946852961,1.3594813655452078,1.2333577728429928,1.2616093639828825
2020-08-20,1.230274604051399,1.2136786241829913,1.2001047942075507,1.289545515524807,1.1582890941735222,1.2440056427577437,1.3634182212375427,1.2372127563734192,1.2664484606786264
2020-08-21,1.2293453416233868,1.2134498292059517,1.199594909989662,1.2890407323906328,1.158379015491015,1.2457477150291048,1.3629522671455985,1.2367153240134072,1.26652434363044
2020-08-24,1.2337789745985153,1.2175801414632115,1.2041551037781497,1.2951550185603211,1.1583871949754108,1.2479105010783793,1.368191158243077,1.2419462900117697,1.2719849440497961
2020-08-25,1.236259644838441,1.2196558659265655,1.2064632636348265,1.2975047523788126,1.1575977653156484,1.2468006250982142,1.3700622403126324,1.2437529557540896,1.2742051101063605
2020-08-26,1.2408662934541592,1.2237492531846874,1.2096163248395628,1.3012221005314928,1.158880461841498,1.2490399618199783,1.3741416215529223,1.2471983238028586,1.278982840630593
2020-08-27,1.2371453912159391,1.2203309155462194,1.2068257317523432,1.2960482642947178,1.1543932118610916,1.2428532216200976,1.3689236096854343,1.242679658031453,1.273765529006849
2020-08-28,1.2437309602189968,1.2262057059905467,1.2124217925044372,1.3042100210819747,1.1568430814439004,1.2458628673312109,1.3760715692535515,1.2502968100074157,1.2815650979675437
2020-08-31,1.2425507127133366,1.2245691351873045,1.2101368743349783,1.3005173159069898,1.1583263705117819,1.2479682794348492,1.3732344217621575,1.2475946820075403,1.2789569107719532
2020-09-01,1.249232421989681,1.231768684526405,1.2175962755429421,1.3098274814336859,1.1619074311479294,1.2562361197176877,1.3832096163546157,1.2558746269943921,1.2884203348096865
2020-09-02,1.2527017367345887,1.235845608815761,1.2217141939443008,1.315370143269298,1.1625968740096506,1.2610092149064163,1.3900611515213919,1.2606052367808231,1.2940953297651063
2020-09-03,1.2352802567265992,1.218215083222717,1.2034716320645304,1.2945759151975746,1.159244101146961,1.2507375045916431,1.3703146136661597,1.2420016570475674,1.2722812102092678
2020-09-04,1.2307535880225429,1.213269263182613,1.1982537346049718,1.2864248998572545,1.154344788541948,1.243073059244029,1.3626911497449343,1.2350487542984876,1.264156074862404
2020-09-08,1.2209474759504821,1.2028503888377484,1.1871740686077359,1.2693691147124797,1.15189235180486,1.2386910382045495,1.347185176053851,1.2169406931043982,1.2468692762058742
2020-09-09,1.2287053684780693,1.210483223051587,1.1948324932345167,1.2833367925369823,1.154535910768578,1.241622336668757,1.3618942277261763,1.2311186668531329,1.2606830081320395
2020-09-10,1.2230891554942607,1.2045795053112573,1.1887386380011316,1.2724996214145745,1.15338928442137,1.2401503756945442,1.3500671188665538,1.2214919028672433,1.2502237979746038
2020-09-11,1.2234405205966916,1.2052087089262684,1.1889612834555974,1.274016372348427,1.1541832301976822,1.2409897410137716,1.3508442129480385,1.2223813471266038,1.2511070689565482
2020-09-14,1.22938904628069,1.2108852287084395,1.1952815726776445,1.2859094392624708,1.1557303111723063,1.2423490492813056,1.3662506879061762,1.2335225898510842,1.2625969732032578
2020-09-15,1.232538293712486,1.2139930966482828,1.1984788435300517,1.291694394733664,1.156202932687515,1.2435523120317074,1.3714456019347796,1.2379155131091033,1.2681828317038304
2020-09-16,1.2330091997152792,1.2141968403684698,1.19934299702832,1.2929720097686754,1.1564979489340146,1.242785566604077,1.3714925161599996,1.2386774210531162,1.2680265645132565
2020-09-17,1.2301746059344436,1.2116553608910305,1.1968290860175586,1.2880704156307188,1.156355108555642,1.2420022997057003,1.3629447435623732,1.233889562371973,1.2625374812972483
2020-09-18,1.2264998536950333,1.2078447168596764,1.1933446892647277,1.280780306432454,1.1552677964837241,1.2401276384224427,1.3517975791361634,1.2263947202536432,1.25534189755398
2020-09-21,1.2177200881856742,1.200514583108303,1.185031830874548,1.2642114060412377,1.1523394717647935,1.239314937383093,1.3319753999608137,1.2103846775066003,1.2410203295083961
2020-09-22,1.2201561503445006,1.2029207867589087,1.187225298520498,1.267830999889942,1.152628986405956,1.2407292334230375,1.3354319638031908,1.2143337012621724,1.245079580895716
2020-09-23,1.2088888558394701,1.192902394664861,1.1772557757010804,1.2481038238536815,1.1477893168611453,1.2361395766588241,1.3169211287804439,1.196456619549666,1.225908874889177
2020-09-24,1.210235221595319,1.1940328452710507,1.1783266880755892,1.2499524642533621,1.1487902430935957,1.2369004845384608,1.3183252887864658,1.197791751713925,1.22781468410165
2020-09-25,1.2146948513539135,1.1985170156673948,1.1825808507175157,1.2578311482718654,1.1494202374609828,1.2393240807873016,1.3264182485621288,1.2055399814432437,1.2357898094174002
2020-09-28,1.2227306229145252,1.2055344422419354,1.1894586541166932,1.272062149822288,1.1521494055569217,1.2422395427189492,1.3403541434014026,1.2180374502919182,1.2493403194476251
2020-09-29,1.2212829518662647,1.2039714510949178,1.187764241071154,1.2693992507137308,1.1521948354462903,1.2418739632031304,1.3378853648083948,1.2159145008900458,1.247165825205211
2020-09-30,1.2229836255664204,1.2056399638955304,1.1894835506459902,1.2724646376810755,1.1513787617696754,1.2411543645006067,1.3411442586682427,1.2178508446014082,1.2497049695319202
2020-10-01,1.2276181919185452,1.2095278473490338,1.1931362507537104,1.2807786101603666,1.152870480873627,1.2429271685411722,1.3504039916986301,1.2248831195398466,1.2582751323372943
2020-10-02,1.224454174051935,1.206496034308867,1.190262314684896,1.2757201289992968,1.1507816347594897,1.2394059016372359,1.345312303431981,1.2204761774938306,1.252340647622645
2020-10-05,1.2322437748042312,1.211910245662925,1.1960517647914604,1.28741430594959,1.150507896299779,1.238361033061413,1.3542054729581308,1.2311604580943631,1.2630015593287596
2020-10-06,1.2280822489706087,1.2091221924960815,1.1937388928108827,1.2816497028760252,1.1496786175423477,1.238234705169791,1.3496013090533237,1.2258966292629774,1.2565505430318475
2020-10-07,1.2325982392261903,1.212862362424189,1.197638414067603,1.2896079880826365,1.1497618627839616,1.2382656633398108,1.3575331281321514,1.2340460566319713,1.2644552606374257
2020-10-08,1.2371663045780292,1.2170981653490502,1.202078220597176,1.2984940229129143,1.1521264604047967,1.2408740167961243,1.3655518112297071,1.2412969874040263,1.2726105991500234
2020-10-09,1.2417300278359549,1.220445118403304,1.2052887391164084,1.3055341634129776,1.1545984020877114,1.2426134397382265,1.3717413947615216,1.2472580227539414,1.2800527166762108
2020-10-12,1.2463496290898886,1.2250963571438698,1.2094525027599696,1.3136442906889014,1.1564072975293107,1.2468241204504873,1.3796090181336444,1.2543512553057463,1.2893038620607709
2020-10-13,1.2419385680049206,1.2222384045198003,1.2065049190705945,1.3075996886331707,1.155815281516306,1.247056797317885,1.3751778563910746,1.2495308099972406,1.2836268127212138
2020-10-14,1.2394799922126976,1.2197324986678186,1.2038824749178922,1.3038718582244135,1.1562420457471776,1.2461071685837526,1.3718773749890698,1.245570092774739,1.2797317511963104
2020-10-15,1.2391222514330575,1.2189186799852245,1.2035330605144197,1.3028478260289735,1.1560320484663738,1.2446292890119066,1.3711212204877168,1.2447022777235277,1.2784617553134698
2020-10-16,1.236153419499644,1.216754930429919,1.201205238894585,1.3002445181205058,1.1546381686401883,1.2423056205196685,1.3684217377732713,1.2423438651815566,1.2758894822589526
2020-10-19,1.229221432703845,1.2103591371724634,1.195039826992749,1.2920849977043098,1.1528667313684762,1.2368003658160363,1.359528092620948,1.234953013431165,1.2675393187758315
2020-10-20,1.2331181338980677,1.2131015163307175,1.1979881215604826,1.2961054092522641,1.1525733765034547,1.2364991280845417,1.364164419054185,1.238951969263722,1.2709315058166846
2020-10-21,1.2313983553034644,1.2112126073387133,1.195649972596098,1.29357391513226,1.1519501316197147,1.2342443689416702,1.3609657814711507,1.2367398485984409,1.2689337387914759
2020-10-22,1.2317172949644875,1.2113812127797383,1.1963863510257158,1.2937854113855332,1.149741685488011,1.2326212143583266,1.3620277028767054,1.236743077344107,1.2688105346522325
2020-10-23,1.233524653370943,1.2137383185322452,1.1985358481645734,1.2972546108442133,1.150677043228496,1.234973821262513,1.365605584815155,1.2398779915768199,1.2722154126588041
2020-10-26,1.2230556555763594,1.2048300644274808,1.189450038784223,1.2853630267462297,1.1501322691971976,1.231010603357598,1.3534977640090664,1.2293194913059868,1.261101663910955
2020-10-27,1.2228286260113457,1.2049219088125447,1.189702245176249,1.2852782838716394,1.1522257768655273,1.2343143757284076,1.3521190443342352,1.2278599392076583,1.2614983941103295
2020-10-28,1.2005096676819105,1.1857123145226123,1.1710905989686096,1.259794003983942,1.1469188839392728,1.2221476962585314,1.3240346283909332,1.2049980807506617,1.2368805048789129
2020-10-29,1.2026512924245376,1.1876757055716836,1.1726211929105808,1.263716892664268,1.1449867732471148,1.2193802057520895,1.3291799594277922,1.211235805290282,1.241227629175683
2020-10-30,1.1982306459836338,1.1830666151018354,1.1680725589157233,1.2548954822058782,1.1425362495996207,1.2147424967217773,1.3214908113694481,1.2020239492973905,1.231952116338058
2020-11-02,1.2050100009284124,1.1892311189634333,1.174411683833998,1.2678909724300889,1.1461525816806326,1.2174918036100812,1.3351977326383655,1.2147036086278362,1.243458424977045
2020-11-03,1.2128557649249045,1.1957688306374563,1.1808070605478769,1.2812614811351724,1.1475429282981748,1.2182759262600131,1.3503091476694982,1.2269492415012784,1.256033332728992
2020-11-04,1.2219567985054192,1.2056901423569037,1.1900953360392248,1.3001470985051322,1.1552116636842074,1.2293451702914628,1.369100522577355,1.243372167555836,1.27526950610159
2020-11-05,1.2312321166264164,1.2136985064141657,1.1980774782323937,1.3170149219296226,1.1592476656081088,1.232475921120452,1.387109967279665,1.2569392185261274,1.2922539654376723
2020-11-06,1.2296246702630758,1.2120637940043595,1.1962167859380552,1.3135007200036495,1.156754923386908,1.229703477006883,1.38318225972176,1.2528479166600952,1.2892121634637033
2020-11-09,1.2307662101815766,1.2138463751690403,1.1982021184590357,1.3178108247838483,1.1501148038396707,1.2229254376013678,1.3882302005670477,1.2572664198049222,1.2902912637765063
2020-11-10,1.2326156005676234,1.2143963594572027,1.199600294582653,1.320173223924421,1.149546885355423,1.2203374354157277,1.3900557886754854,1.2605008065323662,1.2909750210132307
2020-11-11,1.2356191252506987,1.2173598436307014,1.2023782610489613,1.3256389025104207,1.1506543750852651,1.2232556961120329,1.395019534079137,1.2653180131530821,1.2970457505452422
2020-11-12,1.2326902946042044,1.2147739819435752,1.1993570150037978,1.3204409347652188,1.1529958727612146,1.226320050122258,1.3905256716296777,1.2615607110932476,1.2923634566544862
2020-11-13,1.2383892229625555,1.2202284036870057,1.2049746963280923,1.3318444189452792,1.153964371995905,1.226521201751552,1.4034314540091875,1.2730896177014703,1.3034161953569354
2020-11-16,1.2433503032058304,1.2252569111847984,1.210404808538985,1.3421305834610868,1.1552561337747351,1.2277049588482718,1.4126787861979655,1.2812324841320581,1.3130929381146474
2020-11-17,1.2434516046330868,1.2254842102282022,1.2108764972182289,1.34290888626447,1.1563537492375742,1.2295465917391295,1.4137448860329922,1.2822244977266093,1.3134564513400802
2020-11-18,1.2395097272714244,1.2217957539466682,1.207026967547052,1.3358480605244332,1.1558550140058195,1.2284697605270785,1.407209299196035,1.2762425576581051,1.306400092460303
2020-11-19,1.2421045792765566,1.224291450871472,1.2095643701810495,1.34091268464184,1.1575344780413255,1.2308958212389698,1.4124612929407163,1.280862101460569,1.3114360821074607
2020-11-20,1.2419294205550748,1.2241525360696452,1.2097574463849956,1.3416448576784499,1.1587933929532919,1.2311456036510422,1.4119009755653902,1.281254785806402,1.311651471865539
2020-11-23,1.2413531192853595,1.2248768282451545,1.2106531473003788,1.3424683996681688,1.1569856036757642,1.2311845975427083,1.4138655942549643,1.2817209979407422,1.3122327618996683
2020-11-24,1.2472686170139924,1.2316710483016757,1.2181005704517596,1.3511663322780643,1.1561404954174455,1.23383292967693,1.421283814943029,1.2889553469090593,1.3203769494050994
2020-11-25,1.2481297017705497,1.231921598662294,1.218791955993176,1.3512008131525761,1.1562981543252033,1.2343105966686374,1.4218456680019906,1.2891775614727292,1.3204250211269737
2020-11-27,1.2497985853099558,1.2344808871073685,1.2213716079532193,1.354997900912638,1.1576773912406026,1.2388332990608277,1.4254985529617588,1.2924644864547448,1.3244422897131947
2020-11-30,1.2434444834003138,1.2274147847258159,1.2140196598269688,1.344735480081228,1.156752676755108,1.2381261327129103,1.4164405395327535,1.2847010582623888,1.3151362692839108
2020-12-01,1.2517808325934507,1.234533316486911,1.220332658176355,1.3543651499075227,1.1563179276043474,1.2362473468482884,1.4273242575495626,1.2939323409757009,1.3248281375601914
2020-12-02,1.252257380594236,1.2345673803738377,1.22044957860049,1.3543284498822907,1.1559097264023213,1.235057577947217,1.4271367910095933,1.293895411327465,1.324886045397934
2020-12-03,1.25646657515499,1.2386674713374295,1.2244364369746814,1.3602905830110854,1.1583661566117682,1.2383900937343326,1.4323664852399802,1.2988887172353831,1.3304180647445814
2020-12-04,1.2606413173602917,1.2435513928923219,1.2298619192349058,1.3661304364780162,1.1562430264832224,1.2365920753111665,1.440991292520184,1.3035958776883214,1.3360124723546836
2020-12-07,1.262896960762065,1.2442632016212836,1.230690129989939,1.3678520953758824,1.159034863388173,1.2391363770090034,1.442533240435214,1.3051405610816058,1.3380538073914732
2020-12-08,1.2655249581630252,1.2462398206585743,1.23308946351906,1.3710590134741172,1.1601133115879811,1.2404849564780507,1.44547868036105,1.307910569793126,1.3413792678366991
2020-12-09,1.2574531003022513,1.239640902706107,1.2264115095082122,1.362071403173698,1.1569768007364347,1.2354637659062573,1.4365336821147818,1.2995836452514828,1.3315443711371775
2020-12-10,1.261200690782382,1.2439991652513789,1.2315728504158943,1.3682190563675383,1.1596036909576446,1.2404956169953407,1.442302162825926,1.3047024643371143,1.3371102610040857
2020-12-11,1.2603112131823542,1.2426177419067816,1.2299032799539236,1.3665303050662296,1.1602049311154652,1.2410413452336817,1.4402006293134697,1.3031445161977626,1.3354572388288641
2020-12-14,1.2595869668718427,1.2418551782289142,1.2300116609704577,1.3652086970706152,1.1595288193828543,1.2405899467034411,1.4390447715839754,1.3019947208819052,1.3344813410931158
2020-12-15,1.2699029479947799,1.251462393118995,1.2400169843251205,1.3780754796433567,1.1615575030322423,1.244263948766294,1.4521805365617457,1.3135067826964217,1.3470125950482332
2020-12-16,1.2719256074907392,1.2531079203000344,1.2416786525456223,1.3801983171831131,1.1618222867934167,1.243972263756494,1.4539262144823466,1.3151116334475865,1.3491623083589936
2020-12-17,1.2785338191760605,1.2590516078976328,1.248084540254313,1.3881402741237594,1.163397616847439,1.2461740520185658,1.4613165589967774,1.3218423042438576,1.356739772245194
2020-12-18,1.2747601593819646,1.2557295549504686,1.244843578293823,1.3834675756341523,1.1627549028852773,1.2449660936341016,1.456816535737326,1.317688387303576,1.3522424046914818
2020-12-21,1.2708213647104138,1.251145320331302,1.2403282911984155,1.377304701228215,1.16200747630442,1.243138628999689,1.4508566783919516,1.312139410703797,1.3467376700949445
2020-12-22,1.2709156649651414,1.251145929811123,1.2407811292632156,1.3774012225922934,1.1621040841265802,1.2448578742281258,1.4514314594239521,1.3126198304908867,1.347193354982558
2020-12-23,1.2733482628343347,1.2537750273992885,1.2435628557590919,1.3812730804332118,1.1624131169305125,1.2450342698129842,1.454840446729173,1.3156350180245768,1.3503356304718588
2020-12-24,1.276624617815798,1.2564417028979717,1.2461264170461122,1.384724919824527,1.1641688515349076,1.2483677860038986,1.458211851175457,1.318730389307957,1.353623047775175
2020-12-28,1.2784282379710967,1.2587488544661822,1.2479108639044878,1.3875492125610227,1.1642218929675991,1.2502474365260055,1.4616181885546558,1.3215115940894648,1.3568735667065837
2020-12-29,1.2774402825458395,1.2579846098394862,1.2463114468757028,1.3871482143552047,1.164335341663424,1.2495771518905194,1.4609311210954679,1.3209078727961578,1.3563014026236522
2020-12-30,1.2819124399368056,1.2621188922280622,1.2504848074323784,1.3931376373767976,1.165931632148253,1.251645201230702,1.466371639620434,1.3259162092581305,1.3617982129514297
2020-12-31,1.2840596959855304,1.264078264574062,1.2522465780393195,1.3952395123879973,1.1669084877608005,1.2533272682838272,1.4683585294747599,1.3277777756590068,1.3637552191694657
2021-01-04,1.2795041579315594,1.2575535173743366,1.245331957592236,1.3890769257187894,1.167012470141096,1.2482063938921555,1.4617244502994873,1.3214119274759124,1.3576239088255637
2021-01-05,1.286393364189943,1.2654882280225381,1.2536338491408305,1.3988854855283863,1.1675508187321237,1.2491622102208535,1.4716034413452577,1.3307010995548916,1.3667945291244055
2021-01-06,1.2847432651747417,1.2649345032818433,1.2535853317251233,1.3973059247769188,1.1621599361604402,1.242104571271032,1.470887818687292,1.329231847210482,1.3650292792972645
2021-01-07,1.2901266024807774,1.2713184209840456,1.2602337986013235,1.4040630860058974,1.1618709846756758,1.2445535705108302,1.4756349870797003,1.336434777634377,1.3730550924773042
2021-01-08,1.289389276424166,1.275354145210696,1.2646639938548592,1.4075969843179021,1.1592428356527789,1.2455634355992253,1.4775690157179704,1.3385405283917489,1.3766273895298156
2021-01-11,1.2819654225772652,1.2677446312125478,1.2569999344827025,1.3976941403022458,1.1570214114718864,1.2399596887978737,1.4683975895646741,1.3294190946226285,1.3669111083093932
2021-01-12,1.287350349113536,1.2728775765708253,1.2629451165434717,1.4048300357224364,1.1586654420235556,1.2420321529564176,1.4745199395633748,1.3361163938206375,1.3733432870319449
2021-01-13,1.2899320511380057,1.2758485591904296,1.265526089986049,1.4087928599136939,1.1611045036812224,1.2479698143753648,1.4783307642567032,1.3393860458191467,1.3769476407882488
2021-01-14,1.2921958819888022,1.2780852130289175,1.268834296659363,1.4119259480885675,1.1595441511344604,1.2447975239037274,1.4826300636402725,1.3418992733139932,1.3797519533118283
2021-01-15,1.2860265191231144,1.272262128680655,1.2625619599140094,1.403871932109162,1.1582782623938226,1.243586907013805,1.4745921217201383,1.3346697722566545,1.3714134252598407
2021-01-19,1.2928723744180244,1.278854214702791,1.269314462251849,1.4128030126317819,1.1605247775934904,1.2478008142451766,1.4836925692673248,1.342881914937896,1.3808542306710503
2021-01-20,1.303752895952718,1.2882444262319053,1.2783296169571026,1.4251376641234805,1.1630237174692557,1.2519390230531315,1.4953738110035526,1.3529739480470984,1.3937807344788233
2021-01-21,1.3025926863587018,1.28738875503339,1.2773169156912882,1.4232014084030544,1.1616784432906107,1.2498861614795629,1.4934786378248492,1.3511425571264923,1.3924990214868707
2021-01-22,1.3000036266942472,1.284637189439851,1.2750632594699345,1.4197968906939995,1.1605096402109356,1.248550509520234,1.4900290624518377,1.3484741003687903,1.3896117172355609
2021-01-25,1.3047949395296967,1.2896562893140162,1.2801544919642398,1.4265265102644165,1.1636975405723256,1.2544012207745647,1.4967911378438543,1.354205441598815,1.3959161385580718
2021-01-26,1.3043184898694327,1.288966200527651,1.2795641037824934,1.4253216434169478,1.1631875821597142,1.2536003085149772,1.4957493090053475,1.3532248157697453,1.3945604113494472
2021-01-27,1.2910658056485578,1.2750617173026524,1.2660778134534525,1.407637635141545,1.1613218912783916,1.2477539486731917,1.4773537776431787,1.337838211682507,1.3758162862954249
2021-01-28,1.2923920430360794,1.2769470983314424,1.2673874392942095,1.4099325622187444,1.1605670943516482,1.24740849854127,1.4809180705643796,1.34068252951076,1.378468164830362
2021-01-29,1.2824914627947865,1.2656087239585343,1.2568834231667596,1.3953165022533165,1.1582934581835334,1.240901689103083,1.4650380839577324,1.3276838744225474,1.3632196757451784
2021-02-01,1.296708311935685,1.2799289242044476,1.2711077692232917,1.4143740454935971,1.1617273741609848,1.2477865742049037,1.4866843157774017,1.3474031721582584,1.3823098675059737
2021-02-02,1.2995300732392687,1.2844433911315785,1.2752839679163688,1.4214495562604443,1.1607193065535488,1.2472553822954444,1.4932448003878622,1.35238141930362,1.3901159806074757
2021-02-03,1.2990867970277302,1.284490390023321,1.2752457085850262,1.4211358667675889,1.1593221541371064,1.2453380739201312,1.4925036551227768,1.3517217376419408,1.3896669350366897
2021-02-04,1.3005648215705756,1.2878210110844628,1.278754122779797,1.4254208759042306,1.158390605748369,1.246780897471952,1.4992146540624827,1.3556432402775582,1.3946957704508522
2021-02-05,1.304054702042385,1.2907189594832853,1.2815626844828232,1.4304949353645195,1.1582314238077136,1.2457048140386446,1.503115004133853,1.3598315401248808,1.4000044482964715
2021-02-08,1.3119616591311005,1.2976786835450371,1.2888909170997347,1.441402768136755,1.1614123710821704,1.2500603559963113,1.5130055264449522,1.369226307131711,1.410723083543805
2021-02-09,1.314056825544023,1.2997124700311073,1.2908956160229335,1.444824750471227,1.1617652847892868,1.2498307705925686,1.5153560159164694,1.3715834751967562,1.4139760266858348
2021-02-10,1.314541288321378,1.2999476404284716,1.2910074193334924,1.4459439794333717,1.1631924046527897,1.2515549946978444,1.5164236522714596,1.372411357735237,1.4145855241152234
2021-02-11,1.3141445748051,1.3008972049547647,1.2918123906195633,1.4467287472808879,1.1615961837145243,1.250404622644207,1.5172352575428962,1.3730438152482753,1.415826437520507
2021-02-12,1.315450421852784,1.302995985343828,1.2939505611761528,1.44816543068944,1.1600947545301696,1.2490041615834118,1.5176900902514927,1.3742498009251163,1.4175844385001584
2021-02-16,1.310780865657357,1.3004308664181785,1.2914960303229044,1.4433436740159897,1.1559978894362597,1.2429351127440036,1.5119129033713128,1.3698670235302295,1.412994051275429
2021-02-17,1.307716964183412,1.2990035919223326,1.290160024568312,1.441436914452114,1.156377397028887,1.245004018565197,1.5106244868722183,1.36773939053591,1.410570527501366
2021-02-18,1.3030878813734459,1.2942126439704134,1.284938259545917,1.4344297401318555,1.1551497575024028,1.2422728277202089,1.5034058776899333,1.3613992542347597,1.4034084585754592
2021-02-19,1.3042184070238723,1.2948263271484166,1.2862502962630713,1.4354977922988217,1.1526385340564844,1.2370329472614323,1.5044777904525386,1.3628345744056836,1.404908804064275
2021-02-22,1.3024077894378272,1.2914712255463177,1.2829925313707489,1.4301265364099756,1.1521427737152208,1.2315914074798537,1.4990609502060441,1.3572704316251218,1.3974504838197686
2021-02-23,1.3017360119520374,1.292068534946222,1.2835159527741788,1.4306580408406424,1.1520644487636844,1.2322519906855187,1.499287637322019,1.3576649490105603,1.3974647207350546
2021-02-24,1.3075299607578132,1.2979665757437042,1.2903670595234882,1.4373879380381815,1.152522240614848,1.2347005053193927,1.5064566644664985,1.3634266334230054,1.4046584821459933
2021-02-25,1.2854231750670928,1.2775135320506128,1.2697646091822987,1.4090160032929115,1.1434405352664943,1.2157413975237055,1.477968847992666,1.3380496496787173,1.3759376494760216
2021-02-26,1.2822388659306438,1.2744879872884074,1.266520299853395,1.404615836264313,1.1465644796480892,1.2209727985532712,1.4738749679543217,1.3251188167066024,1.3715482734249902
2021-03-01,1.2885947252558574,1.2819033186812103,1.2741668366217143,1.4195445531497366,1.1465578825149094,1.2230544290901304,1.4911796851220487,1.340620946241378,1.3884998605464116
2021-03-02,1.2856640551883491,1.2785518622605387,1.2704152114521068,1.4130658985608004,1.1465554132550637,1.2228981536206756,1.4841451659265918,1.3344446399650027,1.3808040552639604
2021-03-03,1.2788699009139763,1.2728166460567925,1.2648238032078305,1.4014234349484767,1.142080874367498,1.2162743518802555,1.4698585509179196,1.321865572293438,1.3682145760985545
2021-03-04,1.2723934162586383,1.2668770872970558,1.2589466111625336,1.387569813537789,1.1388776287399622,1.211201192591481,1.4515233066467066,1.3057873333102388,1.3536582688005467
2021-03-05,1.27829542073657,1.2737746739638967,1.2661610872113356,1.3998649814242097,1.140876535947008,1.2125068044366527,1.4653511123693173,1.3190975456116696,1.3662790970721137
2021-03-08,1.2717730871452637,1.2675802687109232,1.260282471836737,1.3878592093614879,1.1358905243944368,1.2060250933974002,1.4541280316196141,1.3084777150211155,1.3540565564555576
2021-03-09,1.282557429240781,1.2767470172460147,1.269211451448504,1.40699930909226,1.1419116388500006,1.2133646517139876,1.4725679389877109,1.327690350059565,1.3740920968379557
2021-03-10,1.2857961628002763,1.2799415192127002,1.2726643992333684,1.4133145050836993,1.1438753145730167,1.2154333328540947,1.479104475766111,1.3331704671335523,1.3800108668081024
2021-03-11,1.2918233545508053,1.2873475372438912,1.2803277798467603,1.4268099527245977,1.1447791884592167,1.2180034827613442,1.4951968553323254,1.34402992763983,1.3944409092071581
2021-03-12,1.2893048075485525,1.2852897461940886,1.2789518002367057,1.421217124546417,1.1397476207517423,1.2114272869472573,1.48830142350097,1.3381456711870998,1.3895274258091108
2021-03-15,1.2923704405399983,1.2881361599419987,1.2819263950645579,1.4271089347964347,1.1415023116458285,1.213308089980743,1.4934342723709704,1.3438150719497666,1.3956019104330586
2021-03-16,1.2912274452814931,1.2867922692464764,1.2802901160272526,1.4246132292749607,1.140702404884312,1.213193338899193,1.4907554676222894,1.3411417971761,1.393238562448124
2021-03-17,1.2929800184206943,1.288173325953435,1.2818102924324717,1.4274250803590716,1.1405651426474444,1.2126788260975163,1.4925967293054085,1.3433229725769802,1.3964875874934257
2021-03-18,1.2808197200549727,1.2750243573279998,1.268406880075182,1.4040814821713423,1.1337300237054477,1.2026097533311708,1.4705167664184537,1.3240746356666622,1.373032880585645
2021-03-19,1.283883151302888,1.2777455064280983,1.2708962169182145,1.4096450529270954,1.136211536154529,1.203627173451857,1.475298825199065,1.3262266209250562,1.3781177396716984
2021-03-22,1.286691188674434,1.2806177761421744,1.2734670862225779,1.4146462947423688,1.1388860900133513,1.2075059577667029,1.4802057287347463,1.3305454080542725,1.3833283621019474
2021-03-23,1.280967447967813,1.2745339446951724,1.2667584662445135,1.40282462681518,1.1385552551286053,1.2090919505619422,1.4679281035794438,1.3214877049288098,1.3710481133345676
2021-03-24,1.2794658615997503,1.2729654530644392,1.2647168616025466,1.3983097019585276,1.140544255826243,1.209786553107886,1.4634463723954416,1.3153048513769907,1.364584915958951
2021-03-25,1.2793556972680848,1.273510193027282,1.2657898572789577,1.4000413200497646,1.1382877069451915,1.207924313379261,1.4667292510699568,1.3176735186204434,1.367139777736576
2021-03-26,1.2864308510975793,1.2819319303200076,1.2743018765726533,1.415431936650126,1.1397417809063577,1.208364379732785,1.4786705664928532,1.3304566244320806,1.38262416065461
2021-03-29,1.2822031229306163,1.2785507090540207,1.2704423023709666,1.4071568659347005,1.137117132201328,1.2055135598083457,1.470842944687132,1.3230144495474871,1.3744757795172524
2021-03-30,1.2804197083580315,1.2772605942108728,1.2691097665079276,1.4052986995282135,1.1355705575846793,1.2039424307300342,1.4680145843055123,1.3218634723280258,1.3730417758974787
2021-03-31,1.2845359191144554,1.2802161370893574,1.2717906383223123,1.4109792616089345,1.1372526955048865,1.2051579752426087,1.4739693999079961,1.3267794765620173,1.3794471832309765
2021-04-01,1.2932089798358748,1.288597865514437,1.280296233017169,1.4274793430273296,1.1429542100538779,1.211417359082324,1.4897385664718856,1.3405136247554887,1.3954397794417968
2021-04-05,1.295054335726268,1.2910587884479774,1.2828035586183122,1.4316767180406704,1.1417783126671441,1.2101346409796019,1.4925040233936175,1.3423878944854775,1.4013950169876266
2021-04-06,1.2968071824233955,1.2921804653305773,1.2837085841948606,1.4346438033698388,1.1446361656343278,1.2140704209655115,1.4969299150281923,1.3448344913930554,1.4035871601701313
2021-04-07,1.2947918291811538,1.2907547385001017,1.2822391728627678,1.4305495462847824,1.1434463921177864,1.2132329991695805,1.4934431684136404,1.341577831119298,1.399609895102199
2021-04-08,1.2999588098740045,1.2947020863030008,1.2860876069946134,1.438372300168049,1.1466991833753541,1.2174537785066706,1.500926135076111,1.3480912870575383,1.407453529596577
2021-04-09,1.298707022416153,1.2943921453498988,1.2855358856605588,1.436779727249022,1.1452547007035148,1.2162189151655576,1.499564832669805,1.346836537492357,1.4067629419612853
2021-04-12,1.2968188036723165,1.2933054613417179,1.2843996264875115,1.4345887505343538,1.1445376581498214,1.2154872585958991,1.497403784938455,1.3448949210436685,1.4045892188855174
2021-04-13,1.3027683170209443,1.2984844735010455,1.2896151662065687,1.4419371979387612,1.1477843965498178,1.220851698165104,1.5046986709494765,1.3510692797683304,1.4116556983831907
2021-04-14,1.3031158316450875,1.2981772887804162,1.2897762389055851,1.442819456327664,1.1475061616914317,1.2198872724343968,1.5051765445883551,1.3513212348169141,1.4115819258486655
2021-04-15,1.3143557471481566,1.308820565431368,1.3002167141320218,1.4573630905302435,1.1533188139661106,1.2294593778382152,1.519163146889743,1.3639900588335971,1.4256160652877468
2021-04-16,1.314574668088034,1.3094417294524843,1.3009082889481813,1.4577346484362623,1.1517900996190533,1.2257083011751162,1.519633761641767,1.3632031250089598,1.4264831200595407
2021-04-19,1.310368752812241,1.3058599842819911,1.2974002469918389,1.452836948037263,1.1504122604829348,1.2225924516442115,1.5148979235487865,1.358568088378495,1.4210303307275243
2021-04-20,1.3068439149606936,1.3022194218557084,1.2934062697748583,1.4475857369238025,1.1511361823630935,1.2224113868023754,1.5098164122722446,1.353560171292645,1.4148756310249557
2021-04-21,1.3144324500017204,1.3093470089606978,1.3005335441962718,1.457310410277562,1.153111339978435,1.2262869805497754,1.5192661490186945,1.3625647591649805,1.4250539452503672
2021-04-22,1.3113208886852392,1.3056519851465513,1.2971281941728183,1.4534554849234593,1.153053719120565,1.2254674380540105,1.515555631214172,1.3590407732309564,1.4201984182896557
2021-04-23,1.3177940189858712,1.3126370770985984,1.3043065353678052,1.4627571867615958,1.153573677880976,1.2285387367874334,1.5247758367849744,1.3675765291790536,1.4302182274800226
2021-04-26,1.3213951425438843,1.3154333376276324,1.3074350489782478,1.4664144586605516,1.15398526728324,1.2291130334266436,1.528140513181688,1.3706827925334981,1.4342904344594496
2021-04-27,1.3197450097480985,1.3138936704090625,1.306206521806325,1.4640172127027877,1.152039590061492,1.2254560317371932,1.5252249248741456,1.3683617040492062,1.4320531383203
2021-04-28,1.3204799317694118,1.3145990033415258,1.3069706250043025,1.4657959126708056,1.1526462647946696,1.2262689889843525,1.5263846632402884,1.369553250950097,1.4334299815454477
2021-04-29,1.3211761892845264,1.3164218555143554,1.3087697228629305,1.4670908867745707,1.152236600375298,1.2266795679112725,1.5279749795862199,1.3708419429161185,1.4349302292339723
2021-04-30,1.3160688128784035,1.3116476362007745,1.3039025996383904,1.4597720448296927,1.1517476113624192,1.2257169863595558,1.5210994296365015,1.364691722166051,1.4272100146809727
2021-05-03,1.3200559688507174,1.3146612921234746,1.3068722543192928,1.4646368714802072,1.1537759385096076,1.2275934815330238,1.5248992107739021,1.3686673916104957,1.4312424086369488
2021-05-04,1.3149287679742203,1.3097043299988413,1.3021021211488066,1.458230781450058,1.154269653306208,1.2277379968276407,1.5172732876403214,1.3625073269906292,1.4234113994007964
2021-05-05,1.3153410154733618,1.3095939321216827,1.3014457471424026,1.459274936496211,1.15528978030841,1.2290712134370774,1.5179395296148883,1.363042766143584,1.4239072649668734
2021-05-06,1.3217430006537576,1.3152549058055931,1.3066430797493862,1.467162501468581,1.1576273421264105,1.2316308097030246,1.5255673845742994,1.3698866017372648,1.4317123239701655
2021-05-07,1.3293366097902728,1.322404792197424,1.3139379841164895,1.4766925303917773,1.1587470182453137,1.2334992298019367,1.5350434108244984,1.3777990748890458,1.4414335838205012
2021-05-10,1.3182634858956075,1.3130184963971692,1.3043250352025046,1.4634103890912225,1.1555693630056014,1.2256526123304303,1.5217989405079542,1.3661667610693091,1.4271683978642933
2021-05-11,1.3158031492853524,1.3092735006431717,1.3014249322331493,1.4581437596945568,1.1545376290751839,1.222734554637037,1.5157858971268556,1.360224963531203,1.4220235915176007
2021-05-12,1.299246290988924,1.2931318781251195,1.2857729525552963,1.4356450639844442,1.1497727104977185,1.2124568793858606,1.492506107373327,1.3389140895261482,1.3990018848101873
2021-05-13,1.301531953271843,1.2955553786033334,1.2875494710595268,1.4411283176322671,1.1504878487379646,1.2145419316441353,1.5003413824826901,1.3450901320324724,1.4050763045175048
2021-05-14,1.3117436529429134,1.3051160518597442,1.2968814306319758,1.4586650919582023,1.1547032822120846,1.2205559701524116,1.5159463464615983,1.3615707177068963,1.4229627333311559
2021-05-17,1.3127178674975004,1.3055058620498934,1.2975303544461378,1.4597533932017392,1.1554176546106254,1.2196348571195539,1.5171562763403037,1.3623404778356356,1.4235767991126087
2021-05-18,1.3107356572025546,1.3038605613600724,1.2960003849720148,1.4575178298137714,1.1541805833301826,1.218346243276775,1.5140173474322947,1.3596828686855407,1.420932731254963
2021-05-19,1.307477327700742,1.300489593803279,1.292456463723804,1.4509831518699692,1.1522123187998305,1.215150203686008,1.5081637204881213,1.3542657921397812,1.4150984083209082
2021-05-20,1.3126964732843505,1.305593073163019,1.297348446119016,1.4612024196482338,1.1552367281957745,1.2202924637049277,1.518303192796752,1.3640547297270673,1.4257604354581697
2021-05-21,1.3130796059344876,1.305811254993594,1.2975750343069532,1.461282649887854,1.1561707576292422,1.2208078078886788,1.51867687244099,1.364389562909427,1.4253112074719685
2021-05-24,1.319789082372915,1.3120898839302295,1.3037385965157027,1.4715642481988709,1.1585272264994664,1.2248305472818632,1.5289970093083478,1.372940729045636,1.435884448276292
2021-05-25,1.3206708020310987,1.3133714191576484,1.3048841447579302,1.4742462400019658,1.160962945326338,1.2275804986889953,1.53153361230924,1.3750629846058156,1.4379240371973807
2021-05-26,1.3236416031082705,1.315638733056407,1.3076021658967827,1.4781938976885607,1.1607353653372927,1.2276091666153697,1.535477334616614,1.3782903254378376,1.4422552525715782
2021-05-27,1.3256565828057973,1.3167401434375592,1.308914163104758,1.4798804847743974,1.160465448656595,1.2265383487968644,1.5364310946392554,1.379208116062974,1.4438191460070617
2021-05-28,1.3271207666918439,1.3182226347512445,1.3104634022869501,1.482151926581078,1.1605814303938615,1.226624785868436,1.5384071449209527,1.3810705109827097,1.4462234764022863
2021-06-01,1.3320729375542861,1.3233851362161793,1.3164122969287246,1.490438770886001,1.1613250678195324,1.2282394272317079,1.5450310029271404,1.387417687924443,1.4537462140401167
2021-06-02,1.3355440151787075,1.3268286864116083,1.3200175960743448,1.4951275773287458,1.162710754338413,1.230289311424188,1.5490899260602546,1.3912348008827056,1.4581371686718128
2021-06-03,1.3269342429923596,1.3194675787468233,1.3125737780399025,1.484897687190738,1.1590834959078342,1.225646087039701,1.5394067816869337,1.3825611230590928,1.4480260031623025
2021-06-04,1.3366386015566507,1.3281208915570393,1.3208512793670644,1.497124595974361,1.1642499617008777,1.234615247039666,1.5511488126302033,1.393217708429851,1.4599975943632997
2021-06-07,1.3400457052107138,1.3306615936748285,1.3240035921809756,1.50045753048838,1.1642342091209374,1.23420898256073,1.5541549747740162,1.3958554352890942,1.4636433037064651
2021-06-08,1.3436125841011064,1.3338673176952636,1.327568955129963,1.5048850913506677,1.166124604419057,1.2380315804605977,1.558058258436042,1.3994454153467357,1.467670031169047
2021-06-09,1.3425756288189477,1.333738576377619,1.327128594274806,1.5045848778689923,1.1675383595680793,1.24080363807628,1.5580757430385972,1.3992775057764741,1.4669141189864459
2021-06-10,1.3470204693970733,1.3382583670484232,1.3314092609939432,1.5107750851630137,1.1700969373911456,1.2457778666908856,1.564057748507021,1.404446574378999,1.4728839866514005
2021-06-11,1.346388451336406,1.3370914511621945,1.3308804725718486,1.5099504844975304,1.1689157632161706,1.2457371648473095,1.562881101081029,1.4038828761451623,1.4726266943472022
2021-06-14,1.3457305449912471,1.3361136755341834,1.3305085229632874,1.5087231302364505,1.166721771259824,1.2431271990422188,1.5613696940256796,1.4033798944930571,1.4724571002007467
2021-06-15,1.3420321254733938,1.3327841267728255,1.3268536137815576,1.5042014395116872,1.1659374462766272,1.2421268872581142,1.5573886621960444,1.399263404811172,1.467747005564492
2021-06-16,1.335319658345063,1.326057070366865,1.320729506033513,1.4951395766925408,1.1628036491855005,1.237655447852183,1.548994157971645,1.3913510203709771,1.4592603078601993
2021-06-17,1.328716221404117,1.3224665502980766,1.3174907633860908,1.4909781600528804,1.1621788657754033,1.2415882293764349,1.5459095181142761,1.3877283054496832,1.455806515113886
2021-06-18,1.3238000285238751,1.3180743627830462,1.3117093830873714,1.4841694043635159,1.165044146975015,1.2454502376976482,1.5392314875792064,1.379891884462358,1.4474162978893659
2021-06-21,1.3328351547768114,1.3252788874637922,1.3201182913732452,1.494136973494844,1.1643269525082565,1.2442279350825323,1.5516974533192067,1.3900472787028186,1.4580279638183846
2021-06-22,1.3344582057855379,1.3265379817297933,1.321684169747845,1.4958113495520426,1.1651412005315345,1.2471924490178294,1.5535079430743015,1.3918777781855598,1.4602797934647147
2021-06-23,1.3349364282254863,1.3262180604824538,1.3217533948304925,1.495686249120399,1.1646135626897811,1.2459401889410708,1.5529845672525084,1.3915855535641701,1.4603195346244058
2021-06-24,1.3392982149768617,1.330241720250691,1.3263227159950515,1.5022117125964507,1.1656643425700823,1.2489711243831882,1.560019360675835,1.397363534279746,1.4671009491998466
2021-06-25,1.339481059871724,1.3306535386411098,1.3269937729465753,1.5029943389336717,1.164083888747357,1.2464534237687526,1.5607841381945406,1.397738522347079,1.4681865043661977
2021-06-28,1.3408575858016478,1.3323059576502239,1.328280246456921,1.5048479110600703,1.1663822309918526,1.2509859706378272,1.5630279594990208,1.3993929022475249,1.470222184630384
2021-06-29,1.3398375142944474,1.332033128938491,1.328235944298448,1.5042219357044027,1.1663056619008982,1.2525914616526146,1.5625821730231455,1.3988520540977414,1.4697233162553596
2021-06-30,1.3414471459916295,1.3323666311339515,1.3283392835663892,1.5044044534231489,1.1679584819502407,1.2546182973285294,1.5622105036924387,1.3987062375585597,1.4695173850420642
2021-07-01,1.344309071708213,1.3345081063911477,1.3307666004493923,1.5073260048851895,1.1685487889867558,1.255702597645636,1.5648952381503678,1.401192125163442,1.4725342697095052
2021-07-02,1.3491445486611209,1.3391502254489858,1.3349723309981705,1.5129670139977442,1.1714847188741953,1.2610505007998267,1.570319844339694,1.4062005731243397,1.4781035092448678
2021-07-06,1.3460003652232362,1.337219259477256,1.3317464790991378,1.5090598309815433,1.1729572736664082,1.2632833313309584,1.5663613058833779,1.4036147094837794,1.4742508871059063
2021-07-07,1.3459367208198876,1.338459949054491,1.3318257684179253,1.5104795877474098,1.1745654326234747,1.2660781229576283,1.567433653459673,1.4048427343347416,1.4754606104561747
2021-07-08,1.3436369340741992,1.3348685996282097,1.328112551576627,1.504536466517691,1.1752272449205514,1.2660339170109518,1.5617156932753622,1.3996275257924637,1.4689929637885508
2021-07-09,1.351480994338282,1.341349417134268,1.3360521047315586,1.5148230923980897,1.173929252742575,1.2645509581511718,1.5726043750689027,1.409017066383818,1.4798015538371265
2021-07-12,1.3530490257030385,1.3432294958301911,1.3382200223824858,1.5173053826060172,1.1737895719990938,1.2648151212719203,1.5746828134197217,1.4110774936284465,1.482578503497338
2021-07-13,1.349562363268266,1.3392848883511002,1.333832366614779,1.5111935308606186,1.1722654056574697,1.2609555915588468,1.5682268099774102,1.4054855659677075,1.4765829153882717
2021-07-14,1.3503862061573073,1.3416822937252273,1.3349812782861858,1.5142332512647207,1.1751388891778096,1.2649642684264923,1.5707516261759447,1.4076802135925195,1.4789184364881514
2021-07-15,1.3484446396610594,1.340756950295307,1.3332051582252789,1.5129679738027302,1.1766330142237322,1.2668678507662596,1.5686156056058975,1.4063745421445375,1.476823904507345
2021-07-16,1.3426723082623933,1.3358678514626787,1.3281682149466525,1.5055749220208727,1.17492267138458,1.264101976050984,1.5608549222524173,1.399913857276705,1.4691583479634633
2021-07-19,1.3316623145188649,1.327513720411402,1.3173540792172416,1.4931550738197144,1.1764417981384523,1.2648763322058145,1.551738466422066,1.3884615481636267,1.4563598187477413
2021-07-20,1.3418211416512598,1.3359870576595851,1.3279710504967164,1.5052491659042682,1.1766486471069115,1.2679121143251544,1.563639736997942,1.400675504919277,1.4691177733141119
2021-07-21,1.3480551760952744,1.3401571417540312,1.3333259875546775,1.511670358786026,1.1753388755228515,1.2670892272698036,1.567804869888149,1.4060370214984814,1.4761073988040823
2021-07-22,1.349225325773707,1.3418934710403039,1.3341892549371634,1.5133588165760643,1.1778986171841248,1.2714841381896138,1.567702237480067,1.4070155336938976,1.4774775575336057
2021-07-23,1.3525553353636903,1.3448743786994155,1.3378754632024217,1.516186484760581,1.1775156684267891,1.2729218634709234,1.5722719596370498,1.4100178849911582,1.4814493973429887
2021-07-26,1.35317630253122,1.3442245536244257,1.3376064594715946,1.5144820759496227,1.1769960701657038,1.2721922643707337,1.5710729623503124,1.4090719085411318,1.4802192883293606
2021-07-27,1.3504869110685958,1.3416903514462644,1.334109989303209,1.510438767436253,1.178571125010993,1.2738880143569042,1.5679358485151411,1.4058382753435368,1.4752388663602087
2021-07-28,1.3552241507984357,1.345825147157326,1.33845132533494,1.5178967459463726,1.1796981575042251,1.2755782260225232,1.5748086029353336,1.4119920984111367,1.4822378055048722
2021-07-29,1.3610699294192736,1.3493056717178638,1.3429760275921685,1.5236069731684236,1.1804519479014042,1.2755423975392715,1.5795180598096132,1.416415365772607,1.48776735411613
2021-07-30,1.357223783202325,1.3463480655047453,1.3394565264300005,1.5189497776235898,1.18016492945934,1.2755005357027762,1.575256510319337,1.4125559814107562,1.4828683107875993
2021-08-02,1.3559922331643706,1.3466195903209797,1.3385410320563609,1.5195464255206665,1.1812229783319075,1.2772505623493744,1.57640407930858,1.4130228449258917,1.4830778867845047
2021-08-03,1.3577790898311521,1.349283407956401,1.3409514508014415,1.5231501347712848,1.1815662237536086,1.2791355482455375,1.5797729454438678,1.4161537931442791,1.4871235067454813
2021-08-04,1.3529812568956805,1.3465795386663704,1.3375421871860462,1.5190120590489968,1.1808000988480167,1.2772536386653437,1.5762786996319147,1.4128002575158074,1.4831888399690116
2021-08-05,1.3589089534508332,1.350374030078895,1.3429514101433897,1.5248301512732865,1.180267801717082,1.2773934597827161,1.5800069100723504,1.417858424541346,1.4895973966944802
2021-08-06,1.3511662475703947,1.34370048483569,1.3368901422445485,1.515199288719084,1.174127106590992,1.2700440984013068,1.5688905825748123,1.409646193010048,1.4813806552051627
2021-08-09,1.3441951758769888,1.3392701985684186,1.3322090577669392,1.5087152451514432,1.17073839883905,1.2662041228167762,1.5609222435517864,1.4040837746663273,1.4758842620135402
2021-08-10,1.3461345357336192,1.3386671999494808,1.3316216854003533,1.5086588311176024,1.1703761985849934,1.2647646688675245,1.560602713815595,1.4034396927902069,1.475418909081017
2021-08-11,1.351597720400817,1.3424850881490369,1.3355885084320238,1.5146169933896956,1.1722713244467264,1.2666099634244925,1.5656459959624913,1.408367377367156,1.480685874022192
2021-08-12,1.350963443196323,1.3425893264860735,1.3357375950692512,1.513832270076973,1.1721877030278647,1.2672163402121572,1.5648903280980169,1.4077757900980696,1.4803671539833898
2021-08-13,1.354696927020309,1.3469826667858167,1.3388683085246937,1.5194114041814104,1.176589278637984,1.273559883603856,1.5700022175162738,1.4127020076613426,1.4850953934047693
2021-08-16,1.353720735821345,1.3466394218128823,1.3377248908555608,1.5176248310786586,1.1775197678616782,1.2748202676473481,1.5674314544114019,1.4113762117891038,1.4833208736738162
2021-08-17,1.3470934569223292,1.3407035437784312,1.3310584015737452,1.5082837362288803,1.175999527425472,1.2711935844538316,1.5581723045245253,1.4035268242499443,1.4739811024101195
2021-08-18,1.3415809435402055,1.335419059703286,1.3249851324528128,1.50177673723325,1.1751169553203167,1.2678672880478419,1.5524486738572112,1.397239804681269,1.4668487909103949
2021-08-19,1.3376460404536121,1.3341125974106667,1.3229383551698646,1.4976558321879017,1.1756808603411797,1.2696645403667521,1.5490683770956712,1.3937057941294297,1.463456343279518
2021-08-20,1.3372390161698664,1.336623624374813,1.3259043797545198,1.5005419047416226,1.1753055073946423,1.2706805546066227,1.5510082892844403,1.3967629903643173,1.4676964205577272
2021-08-23,1.3516375074256695,1.346316451784125,1.336616116688229,1.5151986313537749,1.1789287288354686,1.2765156568307758,1.5643843135896032,1.4091875779381537,1.4820530451009248
2021-08-24,1.3570937134284078,1.34905560542233,1.340161299662652,1.5207432378442851,1.178640995091435,1.2762388735229595,1.5696119891369327,1.4132677880321696,1.4872866188328004
2021-08-25,1.3574273427137407,1.348564376144654,1.3403464120706763,1.5202119003000585,1.1769200723321194,1.2743773412531367,1.5693820203160571,1.4126572606574739,1.4871926871755679
2021-08-26,1.353299496749097,1.3449895754242136,1.336411022473129,1.514880445533783,1.1765693910305395,1.2727114464220657,1.5638288075784015,1.4081290259208175,1.4815177106145256
2021-08-27,1.3662405788051828,1.3554136883159618,1.3474551842697426,1.5306398654579607,1.1809228739869602,1.2798850203085546,1.5792965950003097,1.4218497251608875,1.4969978582453531
2021-08-30,1.3682158352039293,1.358870112252728,1.351193986762967,1.5344120377460109,1.1818589686529621,1.2832129878349476,1.5827328880911598,1.4248486001841374,1.501318552190342
2021-08-31,1.367456125437863,1.3586141531607763,1.3515222252061723,1.5349445029528619,1.1804755499208095,1.2805350870727705,1.5826844124708896,1.4248449811889012,1.5018894219567902
2021-09-01,1.3696884225041663,1.3621407920403301,1.3557579896628849,1.5408724237131732,1.1807895746770771,1.2814416556619677,1.5873770144108206,1.4299020520904573,1.5076573578038959
2021-09-02,1.373730592263797,1.3650215998691555,1.3586818166097827,1.5449484593303442,1.1821612446276741,1.2844389105019072,1.591061655771256,1.4332607619170001,1.511412545905243
2021-09-03,1.3747027003512688,1.3653366076113809,1.3594419559283586,1.5455812049287467,1.1813841133429694,1.2816336351095237,1.5913503252400316,1.4334388103418194,1.512275712077609
2021-09-07,1.3661375121937698,1.3596239480329992,1.3538658760086622,1.5372756201921818,1.1770078696532136,1.2761019755898806,1.5832883095213848,1.4263933018847155,1.5049927242425596
2021-09-08,1.3658848528191037,1.3589363277792594,1.352716607493333,1.5354237347188213,1.1785353196632922,1.278991049028228,1.5829746409169012,1.424136276042488,1.5025260403770933
2021-09-09,1.3650486608142591,1.3572410724748796,1.3498833864132895,1.5337983813395477,1.1808913337201934,1.2823440723057684,1.5820095961023968,1.4223379686740343,1.5000670650855699
2021-09-10,1.362376510769771,1.3519618523939836,1.3446946735692076,1.527201538493693,1.1788499241335664,1.278135889254593,1.5749133271805649,1.4161590946224851,1.493034088888823
2021-09-13,1.367156399172021,1.3558538311202606,1.3485957399452568,1.5333257320716467,1.1808693329096382,1.2815272449470436,1.580525368157767,1.4214165399374878,1.498521030352735
2021-09-14,1.3669207133284023,1.3550805815608888,1.3468918786151103,1.5319296370940483,1.1833364724079263,1.2841069540966814,1.5786371107186663,1.4200265767169344,1.4962859124358638
2021-09-15,1.3713150096163307,1.3587048409331581,1.3511062997350212,1.5365688911384274,1.1834061169939627,1.285932849988945,1.582962785144448,1.4238316083696347,1.501535591256157
2021-09-16,1.364780205135806,1.3546222294540804,1.347653609029673,1.5299772464319856,1.1800887962527054,1.283234653724642,1.5762179022977865,1.418525207341457,1.4959954419930446
2021-09-17,1.3591313491927939,1.3480093855926942,1.3409861445913942,1.5213650513650305,1.1778031899823396,1.278113398497686,1.56804783054254,1.4102710871712023,1.487097522651917
2021-09-20,1.351696753032508,1.339505313730271,1.3303857681536595,1.5086568398019389,1.1790054131017897,1.2767038514033229,1.5542333393987908,1.3971850019570928,1.4727457850735646
2021-09-21,1.354021290451196,1.341423331158963,1.3324951030795331,1.5120916954210593,1.1795590108019052,1.276880169198459,1.5579364716417419,1.4003497587081835,1.475862410432657
2021-09-22,1.3610479393890418,1.3483755332388387,1.3399202834964263,1.522302800818632,1.1815699026100215,1.2821192655997091,1.5683588609215777,1.4092735326097319,1.4862130129796314
2021-09-23,1.3635595225901367,1.3502713689327743,1.3433187182701924,1.525026023185034,1.177427519720993,1.2777110942089591,1.5718923936578648,1.4119221963272408,1.4905775757197897
2021-09-24,1.3609884137229586,1.3468005267895793,1.3397160014767957,1.5189974698437476,1.1756822327923337,1.274887082409086,1.5669308762363783,1.4064651313282506,1.4853523659642796
2021-09-27,1.3631821891233753,1.3461601024125873,1.339288955030614,1.519576949672417,1.1754210905713736,1.2733153055625575,1.5667858265095325,1.406915209430826,1.4853961668604254
2021-09-28,1.3478399045974434,1.3310288184688122,1.324142866392862,1.498681114529205,1.1692584492299403,1.2604453887977243,1.5444567868317873,1.388315504207648,1.4636934527449086
2021-09-29,1.347170569237921,1.3308745053030886,1.3240583190731563,1.4980080053558813,1.169357250397234,1.2613146574401797,1.543532541348505,1.3866874144756536,1.463034379905004
2021-09-30,1.347583091113832,1.3287922355207056,1.3217466738666055,1.4960084231902877,1.1705208670611433,1.259244449834001,1.5397054296232062,1.3841156586610004,1.460057440804536
2021-10-01,1.3563381953432492,1.3367573946830678,1.3297554973528782,1.5069210918155174,1.174197708088891,1.2670963556719825,1.5506695042937866,1.3935951743321582,1.470827010999512
2021-10-04,1.353634486701278,1.3314593521271827,1.3244530615451688,1.4998690405180657,1.1736353199195424,1.262836474707508,1.541343212821509,1.3863725097459503,1.4625062963073954
2021-10-05,1.3561676171731598,1.3345237283069291,1.3276411064904874,1.5029695687917966,1.1724506447461607,1.2624235553663865,1.5454068688663891,1.3897642448864795,1.4668546277103331
2021-10-06,1.3552818347721032,1.3343677703435055,1.3269913662115758,1.5022465549245825,1.1728016606345713,1.2630916576646751,1.5450598501394468,1.3895205023697927,1.4666399147261464
2021-10-07,1.3594679332282018,1.3388359145752393,1.3323238083341171,1.5087171126959538,1.1712852075912734,1.2619892469430671,1.550318011077699,1.3951739509154668,1.4739853944409107
2021-10-08,1.3565286156899985,1.3357846218671516,1.3290595863478112,1.504537647839994,1.1695136916046132,1.2578693654368005,1.545765010882659,1.3911976184089212,1.469791675325192
2021-10-11,1.3543450646248718,1.3330782103383687,1.3265895652451365,1.5009580509575122,1.1683107081544284,1.2544393843002353,1.5418889701167096,1.3876434737695533,1.4658624904497595
2021-10-12,1.358390969004536,1.3362896723236368,1.3298500602666088,1.5062610516089425,1.1719361920576084,1.25994158712863,1.5470303427145498,1.3923242954969812,1.470042720529621
2021-10-13,1.367083346223682,1.3435922331356438,1.33739405730076,1.5175783104088603,1.1760530511707388,1.2654151982461956,1.557823930569648,1.4016736264341951,1.4806631794890297
2021-10-14,1.3771740273484316,1.3536599698771608,1.3476112111226477,1.5307900797087943,1.1792245616205357,1.2735842404729012,1.5715386446790054,1.4129095480249625,1.4946329783368497
2021-10-15,1.3766238258234187,1.3546601496393351,1.348357794699838,1.5316523338877215,1.1768752571415162,1.271767013579604,1.5706600555177705,1.4125980114306698,1.496396333844465
2021-10-18,1.3769844686310744,1.3550825819332066,1.3488324690572984,1.5318667528431384,1.176996830934051,1.2724740541508028,1.570824869837791,1.4129385539640307,1.4974620478825467
2021-10-19,1.3785548713136084,1.357127578852739,1.35153165597026,1.5346937976043395,1.175131854451472,1.2697659422355467,1.5712058956438313,1.4149216106335178,1.5012510807891626
2021-10-20,1.3828202195174955,1.3608838439421735,1.355900427077251,1.5396643010174689,1.175360718561946,1.2692440373675555,1.5742031738796551,1.4191719765114221,1.5062122002477871
2021-10-21,1.3807749002779655,1.3587409555256613,1.3541781130014352,1.5367021108872112,1.173939510840592,1.266920821873981,1.5715614088453391,1.4170450493434772,1.5043166268558863
2021-10-22,1.3833447804844774,1.3603146947015354,1.3550035072266045,1.5396054974957885,1.1763077995659923,1.2692603373009008,1.5751101244143941,1.4193495215925072,1.5059233352171195
2021-10-25,1.3881894699372377,1.3647822643392677,1.3599879221763986,1.5454230595579852,1.1776402358546558,1.2718388833387728,1.5803250148996826,1.4242072946534439,1.5123446308274526
2021-10-26,1.3887941222429168,1.3653797186693541,1.3600023324166919,1.545945180671203,1.1787744068687525,1.2749787838139357,1.5813970474279126,1.4247689577510072,1.5127816026498113
2021-10-27,1.3871566255108045,1.3624377450536302,1.3556899132017382,1.5423700401257576,1.1814351584953346,1.2789753332600549,1.5795147472994924,1.4219041381008461,1.5084816185386452
2021-10-28,1.3925893333233206,1.3686583646196424,1.363385880885462,1.5507548892425478,1.1815471940139224,1.2805669530403696,1.5870651392628798,1.4296878734283238,1.517975160775724
2021-10-29,1.3897335890752047,1.3656580844561201,1.3600815024456419,1.54581128053657,1.180961836507927,1.280635886112421,1.5833399694925057,1.4259523167506671,1.5140038626124315
2021-11-01,1.3944098899264852,1.370372939481109,1.3663840062391783,1.553034127117107,1.1808456862869887,1.280100143438592,1.5883429751520408,1.4322386426846874,1.5216154161605149
2021-11-02,1.396745594304212,1.3724548458815249,1.368443490492794,1.5553287042832122,1.1823806839709186,1.2841413704385916,1.5910670386083212,1.4344040277326613,1.5241489251563374
2021-11-03,1.3939690888634928,1.3724936048617582,1.37036067900877,1.555704366352586,1.1791833500516025,1.281547374284293,1.5926487040325479,1.4353158455451853,1.5263455794382228
2021-11-04,1.39849002446298,1.3759270335074958,1.3733422913177522,1.5600583018901992,1.1828635786561918,1.287964086187921,1.5978592431475058,1.4389451293930928,1.5309291772509848
2021-11-05,1.4080515583338693,1.3831883790363895,1.3803400305952391,1.5707080443796162,1.1882440211119871,1.2964022930995363,1.6072836726028619,1.447989915394784,1.5405193278320377
2021-11-08,1.4091998254845366,1.3840785942445248,1.3810090032588827,1.5721229122311633,1.187771095485569,1.2943359448318061,1.6085160243837728,1.448554395233678,1.5418843958272466
2021-11-09,1.4118038052095125,1.3847675207398018,1.380901387107624,1.5739038897051276,1.1907806921831103,1.2981518863972712,1.6090240279098214,1.4494480762569604,1.5422055030838264
2021-11-10,1.4023328150326362,1.375273711610051,1.370904444468678,1.5602896530542358,1.1857229060415249,1.285359319254811,1.5958382332224765,1.4372902758611017,1.528570245654072
2021-11-11,1.4054786105924033,1.3783094241125313,1.3742574740336524,1.5650972703149408,1.1856739272310888,1.2838343475206255,1.6001054151362295,1.4418951034298424,1.533421273145804
2021-11-12,1.407245033825261,1.3812901848501453,1.3773295130253231,1.5682164932778166,1.185821295650679,1.2852350642301662,1.6036505983138682,1.444468104654852,1.537436468843487
2021-11-15,1.4041434286962415,1.3792968377498822,1.375879640416833,1.5645189083046465,1.1828433490901076,1.2798422736484136,1.5997465941114106,1.441277467710817,1.5345579504928284
2021-11-16,1.402992947018165,1.3791672423432462,1.3757067156714107,1.5634940498246654,1.181899654492448,1.2798339037039248,1.598926635031915,1.4404296424890395,1.5345004622487783
2021-11-17,1.4034028288425733,1.3788812714435148,1.3746694070742367,1.5630185455395014,1.1838481657130846,1.28187546968822,1.5988059951301858,1.439987937354286,1.533387089287183
2021-11-18,1.4051120778561694,1.3803250768788922,1.3756730136356976,1.5635868671972513,1.1847680129044922,1.2844136185327373,1.599748455789581,1.4406588397289473,1.5348579640914328
2021-11-19,1.4022614390952945,1.377998007850157,1.3724862274906942,1.5598307934440436,1.1853651785916706,1.2866541062939019,1.5972821307881493,1.4378477640285896,1.5313675179226183
2021-11-22,1.3934188811645756,1.3701233660658094,1.3648289915608314,1.5488626553743192,1.1800470725634826,1.278566630595162,1.5856680877979883,1.4281944538439628,1.520890317342071
2021-11-23,1.3912828400644224,1.3687574174832555,1.364286443320165,1.5467228328597238,1.1770414625953571,1.2738954518508439,1.5821850960098773,1.426926574445572,1.5191897460700838
2021-11-24,1.394481743475058,1.371731806893721,1.366782923074236,1.5505910846477422,1.1797174293910475,1.2787734723288733,1.5860126912280956,1.4303251080037982,1.52284088273003
2021-11-26,1.378789042011027,1.354366936696598,1.3453536590518103,1.5261205351996812,1.1805081739792955,1.2781011722170872,1.5607590186949443,1.4108321529242138,1.4963921665072448
2021-11-29,1.3810182537500182,1.3589101076338,1.3501250747125333,1.5318099151471893,1.1804276179437785,1.2794364581959066,1.5671801996559618,1.4170710524907852,1.5039877156748458
2021-11-30,1.37263466068254,1.349278248941814,1.3391455578853912,1.5192606639560815,1.1801885459508257,1.2779535514039149,1.5518895028720776,1.4054631860150564,1.489783872456084
2021-12-01,1.3673834501904243,1.342766254264532,1.3313936414434813,1.5109476926093957,1.1803283208559952,1.2762624685602606,1.5440708786098325,1.396103917673672,1.4796220406922123
2021-12-02,1.3752089659706785,1.3529497648074174,1.3427758820461442,1.5256903302325908,1.1815802963562743,1.2810473906434845,1.5592816641326628,1.4100575193889746,1.4945575718937358
2021-12-03,1.3739742421677623,1.3493501374189458,1.3377783133264427,1.5215337229997972,1.184581993041678,1.284079203802525,1.5574385322860027,1.406259667259819,1.4882215418475406
2021-12-06,1.379053666281931,1.3557171107460064,1.345626094926995,1.5304548933356197,1.1832849647636858,1.2834537810653686,1.5681682473273726,1.4145901751063534,1.49794378881859
2021-12-07,1.3905637434946412,1.369146675276124,1.3601425589444045,1.548027618156098,1.1845920880105043,1.2883991870069669,1.588079544440932,1.4299665354470135,1.5175705192074134
2021-12-08,1.391416709035509,1.3702073685384204,1.3623830356501663,1.549767198144355,1.1822823252206063,1.285237391786673,1.5894892613069143,1.4301131412254893,1.5201975564385777
2021-12-09,1.3833551014384238,1.3625732005433417,1.3534332577017891,1.5381168229859619,1.1810226633725656,1.2826818651379377,1.5779569216506202,1.4199347119075718,1.5074831405845575
2021-12-10,1.386946812345978,1.3662074029223,1.3568996303421936,1.5433551409361768,1.1824336427852076,1.285331260625542,1.582130134700513,1.424305357790598,1.5134192109335924
2021-12-13,1.3849655068979816,1.3631951044534794,1.3529907177565932,1.539222193172619,1.1846130138802347,1.2873177711637604,1.5787781638862062,1.4215013154615,1.5076421335288968
2021-12-14,1.3774778476588398,1.3561565434130929,1.3457265963735083,1.5296162879625925,1.1818992907596515,1.282485314736333,1.5691869725995407,1.4127434214048844,1.4977559503098459
2021-12-15,1.3854164430803317,1.3649624485889411,1.3549458074774685,1.5401036152671248,1.1825012917685918,1.2859174848862118,1.576183548968494,1.4221600725004568,1.5102928928708887
2021-12-16,1.3815233152546285,1.3603166508960127,1.3507375437594087,1.5358369969745538,1.1831852652987314,1.2837495682272753,1.572122412044567,1.4178819129141516,1.5031905241987342
2021-12-17,1.3794499023811877,1.357679721736122,1.3478600744643927,1.532720723522414,1.1839471978607428,1.2841891415322482,1.5688227405114452,1.4152202431783105,1.4995614825903247
2021-12-20,1.371585601257804,1.3498750701835822,1.3402364766473904,1.5218557271902802,1.181140953972914,1.2784995612872028,1.5583147128737618,1.405628518597402,1.4886006218842542
2021-12-21,1.384097764778257,1.361797334757213,1.3528297378975136,1.538105349406895,1.1828241502930545,1.2842524589014406,1.5732874101212713,1.4204911745768203,1.5061488437408532
2021-12-22,1.3927206063817517,1.3698150841776342,1.3610546501137517,1.5492663318008593,1.1857649924866878,1.2892327491357627,1.5832056145303282,1.4293561755992457,1.5176943292730525
2021-12-23,1.3955317905819464,1.3726226232043155,1.3644499192401758,1.5531292703239277,1.1852960116843343,1.2893688237433827,1.5869076884210829,1.432087916514037,1.522276513975619
2021-12-27,1.404921773934368,1.3815146546074608,1.3732302312179063,1.5649011307039018,1.1875739872140372,1.2947683514758683,1.5986858900212353,1.4414863648677845,1.5352001065398346
2021-12-28,1.4022676828575107,1.3793869183588734,1.3711078932236975,1.561911106797811,1.1862897105334813,1.2929694365450042,1.5954678709171042,1.438749438938375,1.5321510342139248
2021-12-29,1.401377377276252,1.3783411196181354,1.3707773760837467,1.5600071222913836,1.1839060110880686,1.2883559375557536,1.592743774143041,1.4369422481006193,1.5310868088350509
2021-12-30,1.4026957933981734,1.3802615139828518,1.3725702731796272,1.5632264367645867,1.1859169637000642,1.2906743854736717,1.5957625126192558,1.4395362363712936,1.5332094190370202
2021-12-31,1.4012703664282444,1.379102083051458,1.3715471561262464,1.5615527764825294,1.185967897720648,1.2890245169126022,1.5937766551714663,1.438054074564895,1.5310871742240764
2022-01-03,1.3988315034539798,1.376966250687785,1.3704691751907068,1.5584162818030178,1.1798730086094746,1.2811788874955627,1.5903827747538617,1.4353627677021283,1.5302866941501658
2022-01-04,1.3986269596076795,1.3762839086848233,1.370155628006143,1.5582954026182718,1.1800392775739525,1.2796552318060919,1.590431482771493,1.435114515409438,1.529004895916335
2022-01-05,1.3819586312891694,1.3600273851743714,1.353077459500728,1.5364694436869593,1.1759694332479633,1.2686238376185213,1.5683473119272493,1.4154169278661062,1.5051771574894992
2022-01-06,1.3819027397515615,1.359429112496033,1.352672939280052,1.5364184584946539,1.1752765812711448,1.2678627587365907,1.5682903939838997,1.4155959002128788,1.5052163652835475
2022-01-07,1.3775943749806652,1.3559974370710224,1.349625941815257,1.5323348752614472,1.1734685970615333,1.262645464669279,1.5630337614330587,1.4112928145348593,1.5003321286405256
2022-01-10,1.3763280378768423,1.3546151931486534,1.3477469061326948,1.5300030934769164,1.173713143549464,1.2624374250881072,1.560814737728967,1.4092399374297597,1.4980173236880543
2022-01-11,1.3873559668888724,1.3650774107551618,1.3590293225556698,1.545104553267006,1.1779700387867489,1.2697362419045337,1.5752212606390512,1.4224373919627336,1.5129301226641076
2022-01-12,1.3893418447124315,1.367982178119881,1.362513363265582,1.5495459436656462,1.178290396124519,1.2704665894576699,1.5793431672977931,1.4253589962281739,1.5172041403114147
2022-01-13,1.38147515187765,1.3602373806091388,1.354180891247675,1.5400177476447459,1.178066696165131,1.2682420103417753,1.5687705771256757,1.4172521479832767,1.5055577673966454
2022-01-14,1.380287252793191,1.358844027768839,1.3534350292207953,1.536923689246891,1.1750249976948108,1.2628409824488016,1.566135487953827,1.4147567803689898,1.5038449080655947
2022-01-18,1.3670387557818802,1.3461696563638184,1.340646927453241,1.518259956098575,1.1702269760817183,1.250930313628269,1.5480532658275825,1.3973580672319181,1.4844964921782051
2022-01-19,1.3652363992717538,1.3443338982882884,1.338903747638933,1.5161710412412177,1.1724288264968088,1.2509705004369915,1.5448828253452807,1.3930589169204621,1.4807099279754776
2022-01-20,1.3591257065429434,1.33875073503178,1.3331355992310983,1.5093096733996014,1.172239893336265,1.249120231015146,1.5353396400447246,1.3861609319584915,1.4725662257634646
2022-01-21,1.3519322179079571,1.3312307024336258,1.3252623767027192,1.4999202953354216,1.173597033596343,1.2496655096840468,1.52030408728596,1.3756748810414219,1.4607586406855109
2022-01-24,1.3535619548726805,1.3317911510951297,1.3260852761042086,1.4998694446814205,1.1727327936686793,1.2481241847768274,1.520219804031927,1.3757736078414335,1.4616712899923578
2022-01-25,1.3474685630497356,1.3263872436025814,1.3212659326133476,1.4927305945210445,1.17169743170551,1.2432696952679216,1.5117666899358178,1.3682452162047571,1.453219019022466
2022-01-26,1.339640292900616,1.3190436544289208,1.3132646851383039,1.4810365463481698,1.1671251356140486,1.2364110384473108,1.4998600079223656,1.357206986166603,1.442784590389237
2022-01-27,1.3346744721542965,1.3138108489113165,1.3066845209472802,1.4738763424246941,1.1685313893671556,1.2385144525882554,1.4944963512997156,1.3487575027950904,1.4349377777045256
2022-01-28,1.346628171749923,1.325364719200602,1.3176545015746086,1.4887028668686262,1.170342150934022,1.2457496042048444,1.5108024782413605,1.3627190038080983,1.4515361790514285
2022-01-31,1.359438077512799,1.33805983753641,1.3309940787833257,1.506722409985173,1.171752920097187,1.2502962177136052,1.5229403178883907,1.378104062113289,1.4708714361148412
2022-02-01,1.3623830811194513,1.3411288694806254,1.3342580363401266,1.5119774203440928,1.1722480677134015,1.2516013118687885,1.5266417683644933,1.3823938244454843,1.4764234180601
2022-02-02,1.3656951881695216,1.3447971332298683,1.3376010112989871,1.5171559672394186,1.1738829644851052,1.2546253592179022,1.5309582929922865,1.38620739525663,1.482026762144905
2022-02-03,1.3520235503154865,1.3324019608903201,1.325622017923008,1.4983967565973169,1.1693979693330223,1.2426577928932456,1.5117917150577747,1.3700398047651574,1.461362614435902
2022-02-04,1.3518038461043047,1.3326187246220642,1.325979299992828,1.4971081277500617,1.1664035767910195,1.2372993107429824,1.5093506303295892,1.369136058533238,1.4619222021500875
2022-02-07,1.351937035400738,1.3327200076289623,1.3262806460965446,1.497539978564892,1.167097443493503,1.2370966270453077,1.5098451349376334,1.3692274344584219,1.4616242775656327
2022-02-08,1.3537057585443841,1.3339270548398487,1.3275758721952786,1.5008073314386228,1.1658346176180485,1.2352159829985403,1.5141488447393432,1.3729638320844089,1.4658781283837454
2022-02-09,1.3637219648413323,1.343735117289818,1.3379680243354137,1.5176455243675615,1.1686027060207123,1.2408412673501854,1.5291740476982716,1.3872295163241704,1.483462736849729
2022-02-10,1.3531438351498712,1.3339522101304304,1.32821104344382,1.4974225660381075,1.161784070964822,1.229206354409537,1.5106494439311413,1.3698592994408485,1.463323421557665
2022-02-11,1.3509592045024004,1.3324980040747212,1.3268687985978949,1.4926925044682295,1.1662497309165418,1.234664330063474,1.5052482223059194,1.3590248757597077,1.4553926649033417
2022-02-14,1.3487981703303153,1.3307956577976743,1.325353214958451,1.4867703882969334,1.1635649656520894,1.2295923510513456,1.4979403566453287,1.353544878294821,1.4506171630248248
2022-02-15,1.35268060740501,1.3335368803673786,1.3284051843234326,1.4958508310040817,1.1610225008917727,1.2286907140623724,1.5079452171413747,1.3643264602669847,1.4613434453641019
2022-02-16,1.3550968569274975,1.3360525448363871,1.3312641500025941,1.5014833221411374,1.1634291162988801,1.2306147355247,1.513084427259583,1.368960490771158,1.4662169373062366
2022-02-17,1.3499084436258306,1.3320746078080845,1.3271705716614375,1.49098884608757,1.1649259291870082,1.231585274320451,1.500001319268198,1.3578105232649291,1.4533311580949873
2022-02-18,1.348442818279393,1.3307548200870027,1.3255144024516214,1.487757197285839,1.1665938693840907,1.2331566743117826,1.493551598438187,1.3533532607415295,1.4490621392593517
2022-02-22,1.3460527328493805,1.3290601551067995,1.3236100676555378,1.4816635970840106,1.1669232052590353,1.2322068272610627,1.4850743589028916,1.347206745965173,1.4427462110702518
2022-02-23,1.3376744366755964,1.3225413629138008,1.317408313864409,1.467521175728164,1.1633372410577905,1.223977398769692,1.469017227704507,1.3337747266628825,1.4282766007923782
2022-02-24,1.3446322902195609,1.3277616021784697,1.3223678976261097,1.4761058141264811,1.1655597419231176,1.230059345167513,1.4780186193058014,1.3407826911027119,1.4388737879859221
2022-02-25,1.3517882056782304,1.3335169854112676,1.3278699962311802,1.490782405932454,1.1663865896538306,1.2330114142641886,1.4883801735087934,1.352087850735702,1.4535219858937731
2022-02-28,1.3549138063604376,1.3366753552048776,1.3308072240039541,1.4944406201791003,1.1731447729356574,1.2425488182765771,1.498009395666583,1.35753857762394,1.4564875692275774
2022-03-01,1.3552386543905253,1.3393140671908876,1.3338805261472246,1.4932500449326793,1.178440561915567,1.24865841893331,1.4960134778517358,1.3575659304861358,1.4542985197047982
2022-03-02,1.3599407639546603,1.3456507086422982,1.340864208552774,1.4997308207308808,1.1727768688597684,1.240992787624627,1.5067040466722867,1.3650818084070033,1.4639524719434693
2022-03-03,1.358140935986847,1.344434137019066,1.3400264991323185,1.496625301893609,1.1751491665351324,1.2426936951078686,1.5063606033298482,1.3632970963108098,1.4602938588080558
2022-03-04,1.3590019207707937,1.3480494662671039,1.344703397382886,1.4962097083485535,1.1807776006141508,1.2472108960143367,1.5059068960457278,1.3620382169071286,1.4600583816610058
2022-03-07,1.3441831329350595,1.3358416607355799,1.3347033862309867,1.4742264415381856,1.178106071321914,1.234456169835471,1.4838612302232175,1.3427360904208785,1.4389671322624076
2022-03-08,1.3453086652074782,1.338455156035806,1.3385083903671864,1.4765060986242151,1.1780812037815318,1.2292052837804082,1.4840699615017827,1.3446543588975415,1.4418494844477001
2022-03-09,1.348147647047191,1.3370635546873324,1.3335973020099419,1.4840575412308643,1.172288970470567,1.2274467252022911,1.5007996894878557,1.3553151150891494,1.447035331507283
2022-03-10,1.3414185827155338,1.32983873869314,1.327186567409549,1.4724963304225216,1.167580141508016,1.2181036401035534,1.4893541002615633,1.3462878831655989,1.4365589507762526
2022-03-11,1.3354208099369367,1.3244951747932152,1.3220449831753995,1.4622471217887756,1.1668168083479329,1.2151893821799935,1.4816377713514604,1.334279947128809,1.4263250783843087
2022-03-14,1.3224090535454334,1.3109338333780034,1.307514963307542,1.440733389396345,1.15695730383786,1.1992027480553618,1.4609119697867952,1.314925201639865,1.4055838292010134
2022-03-15,1.3259904283881094,1.3130984279123357,1.308948250375836,1.4475454147562963,1.1566004213103809,1.2006627190244055,1.463885198481407,1.3220648234074017,1.4131838093683584
2022-03-16,1.3385399397706883,1.3260351804047952,1.3215822655711402,1.4774165522030391,1.1610608023052182,1.203946239043239,1.487668133328977,1.3461309314311236,1.4412586582071425
2022-03-17,1.3463550516117064,1.3343575692409184,1.3307593666569286,1.4920767081863704,1.1646375862567147,1.2067074008838905,1.5010272832095326,1.356395773733678,1.4572464525386564
2022-03-18,1.3511349265613728,1.3388792997228642,1.335139852667625,1.50229807856226,1.1672097633676417,1.210686084301501,1.5095821202699706,1.3637813689050133,1.4677774950418216
2022-03-21,1.3488625903662506,1.337405738062609,1.3337225106700517,1.4952534318028694,1.1630149400026426,1.2020543747220955,1.501010074344182,1.3555156471232355,1.4637415215036433
2022-03-22,1.3514260059639294,1.3399936508129384,1.3366989859873963,1.5010247755313841,1.1610291578483964,1.1998832343904278,1.5018669321914058,1.3598357920312005,1.4708777931553303
2022-03-23,1.3511364423017735,1.3401807765319642,1.3356840784984372,1.4999400821164646,1.166113308919652,1.2043222609674604,1.5059134636942588,1.361628762843966,1.4683280247742752
2022-03-24,1.3549416290771477,1.343978621112535,1.3396108653062442,1.5069488674941145,1.1657339312126087,1.2023399816895888,1.5137714652420997,1.367760496961201,1.4768086547578398
2022-03-25,1.3534702108013879,1.3428106131344324,1.339463080131613,1.5037481121359546,1.1617076918904512,1.1949930804235183,1.5088597232177339,1.3630865662921845,1.4754991100483235
2022-03-28,1.35274458988147,1.34181305200127,1.3383154804402997,1.5030630369836855,1.1609810154726015,1.1963754625372425,1.508426888816061,1.363404109194001,1.4741551632716456
2022-03-29,1.3619375885003866,1.3511854075097771,1.3495931035497166,1.5234028709050982,1.1651782745889392,1.2028531685684496,1.5242896649995517,1.3807298308917613,1.4941427861264565
2022-03-30,1.3612642459325943,1.3506596701680065,1.347751862976195,1.5215648998498166,1.1676276748390904,1.2052338310742183,1.5274234207803097,1.3805753329566273,1.491262716845931
2022-03-31,1.3555665229442901,1.3444288732646443,1.3408060903805457,1.5086345297375026,1.1661319794826643,1.2042143337888604,1.5170668387567179,1.3704069452446148,1.4774204379547338
2022-04-01,1.3580835164566196,1.3471900123513152,1.3449744827639103,1.5159576811072715,1.1660363514946808,1.2003147876262952,1.524823828465931,1.3773065054168125,1.484329384062242
2022-04-04,1.3627280944693343,1.3523084728834542,1.3496643405092992,1.5254140074497733,1.1679668518270836,1.2029155438767631,1.5326187038492551,1.3837029523983055,1.4949693813783898
2022-04-05,1.3521159515612904,1.34205939582999,1.3393977012965723,1.5031770164153362,1.1594006778693502,1.190748297534294,1.5122366177505975,1.3646043369836498,1.4738690497195217
2022-04-06,1.3463061254605175,1.3367521990148672,1.3345805822054835,1.491899878331549,1.1559091322807782,1.185659849211835,1.5038883274356543,1.357304750849836,1.4622687016312474
2022-04-07,1.3455445798951164,1.336062709873972,1.333297115225532,1.4893345285482917,1.1547849246416662,1.1840195022160793,1.500206660553936,1.3542789261078458,1.4607201354747075
2022-04-08,1.3432060743300822,1.3339861292737005,1.331787189364015,1.4852638423592028,1.152395272674471,1.179378377490995,1.4951803452459176,1.3497224018014913,1.4570271548048264
2022-04-11,1.3359187603100522,1.3260780708064006,1.3246343389186415,1.4701888681469222,1.147574797354185,1.1729900484391707,1.480780075024179,1.336217543385517,1.441688505150274
2022-04-12,1.3379506363263698,1.3281610973565607,1.3272239644860508,1.4741491294545197,1.150379280837417,1.1773090748609383,1.4832292963851113,1.3382910838290807,1.4458195464474985
2022-04-13,1.3454190776934496,1.3359706653319143,1.3354112173142878,1.4893644036151836,1.1540295411910302,1.1820566507533008,1.498779212867819,1.3506256449878182,1.4619836930450356
2022-04-14,1.33878055594104,1.3291830313391164,1.3294388274844464,1.4757046965955107,1.1482307004782863,1.1735439145838742,1.4851112001628286,1.338254056168651,1.4491567082470151
2022-04-18,1.3377642494223714,1.3284985089431656,1.3286662773887483,1.4730578200653173,1.1472524746351402,1.1715874845482912,1.4821532896910863,1.335248360230421,1.447738986532194
2022-04-19,1.3387989291773332,1.3307595860812267,1.330641179086702,1.4750496682180918,1.1433696399013575,1.167458916214212,1.4844047295512373,1.3384332695267034,1.4514989261839266
2022-04-20,1.3415556428525772,1.3332760475954972,1.33379542328811,1.4815844573209582,1.1479723649121223,1.172438800338651,1.4928097255101769,1.3438825004219057,1.4557762610958618
2022-04-21,1.3338070132471773,1.3253186946017421,1.3257127099624066,1.4654751777936224,1.1437187501214432,1.1653355339775207,1.476428637531242,1.3302517266574374,1.439903382244141
2022-04-22,1.3239701208586865,1.3142727193410408,1.3145268405189208,1.4454251502713023,1.1395167234704928,1.1620763252203534,1.456546317652281,1.3098368779316396,1.4180630499238684
2022-04-25,1.325700639145092,1.3157628662983905,1.3146818963496487,1.447904606903206,1.1417546265767233,1.1676955875068729,1.4574589618409621,1.3106692809812202,1.4201520147528912
2022-04-26,1.3176695795269737,1.3066743851312883,1.3053607942945007,1.4311357755758696,1.1423735331667804,1.1690169713825054,1.4389287412123464,1.2956800055238287,1.4017681730907658
2022-04-27,1.3157194399521774,1.3050331220142732,1.3038078875937749,1.4279660198498403,1.1387247314894786,1.1646681377135908,1.4374488260596001,1.2938513178933952,1.3994812423900376
2022-04-28,1.324476490456624,1.315152486498531,1.313657548661129,1.4456640384940216,1.1416988412697084,1.167548857402605,1.4520059880770444,1.311522696593193,1.418765415927842
2022-04-29,1.3113518570705394,1.30007269472883,1.299217448072082,1.4198469380227379,1.1353258971436984,1.1589714014624304,1.4317422358908602,1.2887168046348187,1.390795684827515
2022-05-02,1.31036887429854,1.2990106617809938,1.2977920513317738,1.4164266752404537,1.1316925965787148,1.1555632198491212,1.4241141313720682,1.2813567757949833,1.3898468098946537
2022-05-03,1.3128230548615587,1.3014515167327767,1.3002623024034217,1.4222821472150944,1.1333139332325606,1.1565561233675623,1.4290362594877168,1.2871165821901647,1.3943597922773026
2022-05-04,1.3250203704900738,1.3145883925836812,1.3132557933725988,1.4464233638898765,1.1400975877763617,1.1658121747808794,1.4511191640895191,1.3087051788827415,1.42013465801502
2022-05-05,1.307848410353071,1.297038991451363,1.295256189677032,1.4100306287091409,1.1303390417382628,1.1533582727282534,1.4201454101477444,1.2807189412010866,1.3841903074079254
2022-05-06,1.302414717163383,1.2917735253008,1.2895751876954917,1.3980575920884528,1.1264722060775005,1.148024061605603,1.4075433762274818,1.2665846095435964,1.3733634416984966
2022-05-09,1.2872793728008747,1.2743937579093998,1.270812866127303,1.3669676226640695,1.1229756996464069,1.1473921353981564,1.37944896720111,1.2357990797691907,1.3390387961650034
2022-05-10,1.2885044167077278,1.2747543264398682,1.270763516859822,1.3688642030539748,1.1246230849469903,1.1505306210622424,1.377862619691302,1.234334529634902,1.3403497470889665
2022-05-11,1.2867569120264923,1.2731188702213654,1.2689571281385648,1.36559255044778,1.128273921158391,1.1531943842522148,1.3719223477548708,1.2261606949326462,1.3359671413333232
2022-05-12,1.286539542296177,1.272837578924046,1.2690110971249553,1.3653508841614563,1.127442059103343,1.1551995142215503,1.3717217642160398,1.2249824299100693,1.33588190566179
2022-05-13,1.2947130693118818,1.2819499854588743,1.2795186306132251,1.383097800530952,1.1262561445088888,1.155081421404272,1.3863221722905072,1.2413826609835572,1.3552279103237654
2022-05-16,1.2948585384855038,1.2821594355214836,1.2799372763687313,1.3829924081927445,1.1277694084408636,1.157629180716373,1.3903709596769611,1.2411975632978558,1.3552028176716449
2022-05-17,1.2993035844217478,1.286774752145089,1.285696669572815,1.3934053466617327,1.1251150020317575,1.1541305410966571,1.4006370291590022,1.249292425146911,1.366287432501127
2022-05-18,1.2881242800044337,1.2741629876155849,1.2720595030447117,1.3703411987962673,1.1251334834320301,1.1538014795316425,1.3914577200386193,1.232306754201828,1.3396260894745797
2022-05-19,1.290937377338664,1.2771691224861301,1.2755819727172353,1.376485543316609,1.1280191002733657,1.1567328458115016,1.39730298978428,1.2372044269800864,1.3448844235960167
2022-05-20,1.2926753433390934,1.278771198683868,1.2771114767769784,1.3804369218973505,1.1303768482512329,1.1598177242144752,1.4008917012293618,1.2402116697063126,1.3479191476182997
2022-05-23,1.2970000485678235,1.283606169436977,1.2823822988030695,1.3888918234939205,1.1292448586904835,1.1575660530455336,1.408404955426551,1.2452821444917106,1.3577217892935676
2022-05-24,1.2972124326382375,1.2836978996948147,1.2813650011212465,1.3888876513593882,1.1340156261456305,1.162453827935509,1.4095155587574646,1.2460400734308286,1.3557566570186674
2022-05-25,1.302154140756303,1.288871225078359,1.2864071620081494,1.3989461672961951,1.1371464513752083,1.1663416571373777,1.4197056946917919,1.2544228948475844,1.3655568278257486
2022-05-26,1.3088431915131666,1.2959913693740917,1.2937748071505915,1.4124816908111828,1.1390698502903591,1.1691833508171516,1.430985016484185,1.2636974265589984,1.3799014925993185
2022-05-27,1.3183337287089671,1.305948176322863,1.3042714609744537,1.4318903559533676,1.1426518534649017,1.1739604855430024,1.4469107292187562,1.2774902652111744,1.4002879545109013
2022-05-31,1.3126398591165915,1.3004654041844323,1.2989553363641715,1.421229764878193,1.136320365768076,1.1657886894044935,1.43401468132268,1.2664794965131045,1.3905703436760946
2022-06-01,1.3098736993094593,1.2979691264117124,1.2963722449096002,1.415050916243068,1.1351184994257164,1.161346339187442,1.4304749285189677,1.2601707769823767,1.3849917282532949
2022-06-02,1.3194260246558174,1.3078382160505135,1.3072938518990318,1.4344236854042853,1.1388977598363965,1.1657960882667138,1.4457942159036108,1.2759137526102722,1.4056784113575465
2022-06-03,1.3130799903269865,1.3015626585931301,1.3006766153292684,1.4211769030317203,1.1362603280976047,1.1622881350786367,1.4373535111813904,1.2664847866342113,1.3925992183980354
2022-06-06,1.3115597534453247,1.30014838638524,1.2999806664373463,1.4183753792226235,1.1320884457949887,1.157220642757226,1.434055826047945,1.2647922838671473,1.3914297808859604
2022-06-07,1.316687625256338,1.3052824549981077,1.3055167741301434,1.4289855626242514,1.135799576569842,1.1613622871387812,1.444634645010278,1.2740493632375904,1.4018822466691885
2022-06-08,1.3116499795471381,1.300833439344323,1.300859271296522,1.418972006876508,1.1330994205019316,1.158024020048656,1.4338076760565737,1.2657638225286267,1.3928475136099823
2022-06-09,1.3031726071115086,1.2925232199860497,1.2918122768592242,1.400830694793075,1.130857628370309,1.1545811610662893,1.4149912206048996,1.2478554460673217,1.374636516590041
2022-06-10,1.2918121525095654,1.2816473522467182,1.281236413294622,1.3788822848794724,1.1260163288692118,1.1441090425737466,1.3909887041431241,1.2263846732980834,1.352470617567444
2022-06-13,1.269710035605739,1.2595354297543826,1.2586713349146206,1.3337284134560516,1.1112827278465076,1.125811574252621,1.3444797584992867,1.182168936465942,1.3098134666132488
2022-06-14,1.2667359374444223,1.2569016607065016,1.2557743066007514,1.3284420860054422,1.1077293383416176,1.1203020999749629,1.3408854931270697,1.1834221415189183,1.3045192911933652
2022-06-15,1.27744726389277,1.2674368392335633,1.2660487728646637,1.3495662048208212,1.1161556294031525,1.1326142159467316,1.361079944766594,1.2019530947781583,1.323774743270883
2022-06-16,1.2676178492872243,1.2578729469607388,1.2554907958709467,1.3289360927599112,1.116135848488537,1.1332503728726342,1.3370652638095821,1.1874834889559898,1.3029317212299751
2022-06-17,1.2671017426088345,1.2563379329923767,1.253400691394348,1.3282758185329777,1.1150630361110252,1.1331647337620803,1.3409616075096364,1.1879944186936864,1.3003443309895624
2022-06-21,1.2709635992993142,1.260379127764451,1.2581667997797137,1.3365067324441897,1.1123621067580367,1.1311339685703397,1.3462498784975203,1.1975307590766155,1.3096901841522484
2022-06-22,1.2721975134848003,1.2606577577867304,1.2578761808631214,1.3383023007598729,1.1170805069315632,1.1387003816327461,1.3503369392728666,1.2007180626612879,1.3094921396259709
2022-06-23,1.2752501239576948,1.2631129582782363,1.2603680789776905,1.3447288814796365,1.1189811416439694,1.1432292219174658,1.354869513167436,1.2068309725486863,1.314514215500169
2022-06-24,1.2845884503871297,1.2726195654048267,1.27101148766629,1.3639085477010726,1.1195403939083912,1.1444964873652572,1.3619076623256399,1.2191669973252064,1.3347210674157584
2022-06-27,1.2819175774150464,1.2699627755671872,1.2690067803061944,1.3588128313540782,1.1162651153019145,1.1395419354401686,1.3559449319379258,1.2142405660726676,1.330145076491708
2022-06-28,1.2768097275860495,1.2649283759735532,1.2632557904891943,1.3486429385372112,1.115444371796388,1.138041810135627,1.350091594735003,1.2051554700311295,1.3193848012407008
2022-06-29,1.2761744976019898,1.2637936666525964,1.2614160335403017,1.3470788721994322,1.117777472595954,1.1427550281227932,1.3467400417363797,1.2033214847574427,1.3164343684104283
2022-06-30,1.2728243674380142,1.259636830168705,1.2571255164477424,1.3405180940120731,1.1175614014564466,1.1454799150305708,1.3426841243715608,1.1995876036975486,1.3077368396998157
2022-07-01,1.2780278970475696,1.2647357748675292,1.2619677971960597,1.3506371145543687,1.122363067099403,1.1541332699079987,1.3521886659626532,1.2081361522644452,1.3171493060842294
2022-07-05,1.2732883961945964,1.2586111002967335,1.2567750566975673,1.3413098999696578,1.1193763383765454,1.1548829797688358,1.345853585129887,1.2035300716655832,1.3063080667909717
2022-07-06,1.269572186154976,1.2545533218695664,1.2527599931785385,1.3335376867878677,1.1140638692145526,1.148731952894833,1.3355079638115634,1.1962282355322302,1.2997034345298821
2022-07-07,1.2772212576863444,1.2630047237711775,1.2613363659903418,1.349233103189933,1.11629257890403,1.1487993771326284,1.347100614562715,1.2078305671742315,1.3166902182337423
2022-07-08,1.277148082622855,1.263236116494015,1.2612520679588048,1.3487894972306667,1.1150999198771483,1.1456947196034986,1.3466139586558123,1.2061866934972407,1.3173945841181482
2022-07-11,1.273206303438829,1.2588340962548952,1.2551931511631707,1.339465644108949,1.1165930101774628,1.1487515534009127,1.3384022375233444,1.2002556146151222,1.3072263013068868
2022-07-12,1.2696399560603835,1.2546671612796296,1.251218804416536,1.3321768628412454,1.1152086398374972,1.1478644952957113,1.3324601807486547,1.1946120939796272,1.2976760688897853
2022-07-13,1.2707711085996085,1.2556807321083623,1.2515745155081759,1.3340325207918606,1.1181620759932385,1.1511973425417674,1.3337252693776815,1.1965288091936321,1.2989375677005601
2022-07-14,1.2662470215669865,1.251141710731656,1.246533364743652,1.3244246723576405,1.1143928426364487,1.1468397247838484,1.3238536857449796,1.1888676438925463,1.2904655559299403
2022-07-15,1.2738044851140582,1.2586504842020438,1.2546812329140988,1.3395212501986546,1.1184005003128046,1.152051186584377,1.337402194138291,1.201844511231592,1.3055838501656463
2022-07-18,1.2723373316414446,1.2569023877104115,1.2532908577673678,1.3366267011687898,1.11617785125009,1.149528609337611,1.3347985382740228,1.198368288443619,1.3032963214194035
2022-07-19,1.2816859822612738,1.2664906964551794,1.2650296248523052,1.3561114919113337,1.118020652881851,1.150156048997201,1.3560307136811625,1.2167055518972096,1.3233053905649206
2022-07-20,1.2829696473854821,1.26773157713838,1.2664984804820918,1.3582851345109666,1.1182581056842842,1.150767297910783,1.358344521557101,1.2188086101227356,1.3264167435750511
2022-07-21,1.2891661095692735,1.2746511378107843,1.2727481344585072,1.3708229503879465,1.1245511942535593,1.1599365949363294,1.3704383887668903,1.2291993960322949,1.337048018174449
2022-07-22,1.2878902795631353,1.2733486629262738,1.2702410011582093,1.3679771948188915,1.127471151954747,1.1658091105019182,1.3666699681553385,1.2280160972396958,1.3321166527996517
2022-07-25,1.2882828096418248,1.2732467880544878,1.2710226273294416,1.3687608198351013,1.1256967273111376,1.1632002847936769,1.368451404939556,1.228395235014032,1.3335321154406967
2022-07-26,1.2845166849393248,1.2691893244491137,1.2670916474584633,1.3614985265270005,1.1246477544645772,1.1615497559995263,1.362121243513109,1.222356904146275,1.32590237481308
2022-07-27,1.2955818245218773,1.2803966915475615,1.278961511360723,1.382632026884568,1.1291108222570199,1.1684444582630937,1.3803711849909022,1.2409205280737514,1.3484088717962794
2022-07-28,1.3024747227380833,1.288222481135487,1.2876901618124093,1.3972730274662046,1.1342058651539857,1.1766633972619354,1.3934308301589302,1.2524386737675703,1.3622839118795071
2022-07-29,1.30683771008366,1.2924979198359563,1.291882464075947,1.4048179724579801,1.1356111671362736,1.178889559104247,1.3998524854566896,1.2581563094152337,1.3708762921397786
2022-08-01,1.307116112185908,1.2928347954550716,1.2911120528607662,1.4046262284165634,1.138842734537053,1.1820438819118004,1.4001932251820408,1.2588315317998962,1.3690893753817284
2022-08-02,1.3010573796630096,1.2866793516946924,1.2856297462280726,1.3920959432876827,1.1323931661010072,1.1714809689217642,1.3879040182507798,1.2482339190341052,1.358288398022819
2022-08-03,1.3072997188025144,1.293781228843279,1.2920451525354564,1.4045980342962503,1.137220084098828,1.1771032668599908,1.398162305338375,1.258365186069492,1.370650448791828
2022-08-04,1.3087621863671808,1.295631446730951,1.2941654349198395,1.407783924149325,1.1390317281993714,1.1807013749010817,1.4004201480651997,1.2603572812583372,1.373089580661527
2022-08-05,1.3038229380849033,1.2910240425787467,1.2910677316937014,1.398721586206677,1.1317102328370006,1.1693175722685354,1.3916090362110523,1.2520457853323113,1.3655011277485616
2022-08-08,1.3075430684246727,1.2944174715680505,1.2950731450329869,1.4064208746470197,1.1359482162360148,1.1738506686219925,1.3994243247844944,1.2585490023260513,1.3722205285291775
2022-08-09,1.3053198083524071,1.2918799174099516,1.292604954535701,1.4017352490308346,1.1344950511235972,1.170710640559294,1.394740838360574,1.2541230529810934,1.3678063198749009
2022-08-10,1.3143395781432812,1.301421267547068,1.3032383285159141,1.4201213727974256,1.1374048975265811,1.1756890490761378,1.4108362967564845,1.2707624757384608,1.3871305133199514
2022-08-11,1.3124210535242495,1.2990253321192402,1.3023463188199331,1.4166544909480172,1.1332012112891634,1.1708272624571765,1.404972122957413,1.2668293949324383,1.3853135843322681
2022-08-12,1.3195620970858777,1.307290464472424,1.3111685992689994,1.4320901374752169,1.137970984461977,1.1762140096720395,1.4181005011015495,1.2807425080665888,1.4004248869031732
2022-08-15,1.3186955786025911,1.3070071981975253,1.310490381874032,1.4301576902810185,1.1368043444892229,1.1781520849087783,1.416825742107513,1.2786399093587406,1.3991154162129484
2022-08-16,1.317190232050645,1.305847264988456,1.3091875402168827,1.4274665091202778,1.135879024944752,1.1763003049703822,1.4145356337574593,1.2759275212365069,1.3962398458146479
2022-08-17,1.3117396355053599,1.3000932557047675,1.303262852582405,1.4164090993053704,1.1315309208267308,1.1695406826148187,1.403975626484059,1.266320211444009,1.3859442372606745
2022-08-18,1.3132877630741917,1.3008099923548118,1.303804150272874,1.4183511187461695,1.1329634921633056,1.1718425322760346,1.405506023332098,1.2673155482448701,1.3884815663179295
2022-08-19,1.30484382101273,1.2917258849359838,1.2943380220042926,1.4010053660493285,1.1269011763723944,1.1624384986982919,1.3883779278799702,1.252929453063196,1.3719513850366223
2022-08-22,1.2972525375754314,1.282617984379308,1.28476070949223,1.3847841292356613,1.12342212881475,1.1567940721558723,1.3720230922242842,1.2362509266305741,1.3554291834079126
2022-08-23,1.298042007487514,1.2826923966419423,1.285322172561769,1.3859691845707494,1.1240511140185199,1.1561024471658978,1.3713314059852828,1.2363190933557173,1.3569721774648416
2022-08-24,1.2992874193485022,1.2840801018796761,1.2874810331008384,1.388444264540655,1.1235503473961739,1.1545672433726226,1.3734050243318574,1.2377017543398032,1.3604274612616698
2022-08-25,1.3056106673235655,1.2917630175632622,1.2951383460652124,1.4027714856425986,1.1279259761681806,1.1608524531866884,1.388325800202835,1.250399468138389,1.3733339381094454
2022-08-26,1.2945020047317861,1.2787442101546926,1.2814888577790875,1.379617369707296,1.1245039001138855,1.155737943107423,1.3645458340289296,1.231728672698575,1.3487437183857733
2022-08-29,1.2918724898290563,1.2754073529452818,1.2785591334005983,1.3735035031789038,1.1223179725219676,1.151293305761532,1.3577420143502617,1.2255698757287028,1.3435490032591493
2022-08-30,1.2858671709587703,1.2688017250916725,1.2708285194781042,1.3609910745189582,1.1197756614610241,1.1488532526654935,1.3469928279986596,1.2147646707651536,1.3299776729770796
2022-08-31,1.2804897362140502,1.2640283659886993,1.266193351427011,1.3512594832582001,1.11503727366923,1.1439732344849958,1.3380968153469215,1.2072192720561932,1.3201835040959427
2022-09-01,1.2757652528964327,1.260266759476132,1.2614570736667219,1.3415001249752323,1.110035946636574,1.1376828168149082,1.3271459081146955,1.1990589298574263,1.3114055127554138
2022-09-02,1.2743473975870563,1.2577117825017101,1.2587746851798383,1.337547681358082,1.111796271731233,1.1404538364199779,1.3267894826424689,1.193324223407438,1.306717691988528
2022-09-06,1.2696269693648836,1.2533619042431865,1.2544369094416365,1.3274985303521831,1.105293863247004,1.1314475753738062,1.3175811765278158,1.1838633045600204,1.2981672645678495
2022-09-07,1.27658844621304,1.261512846151919,1.2622815218642474,1.3423051137817348,1.1107232462918457,1.1380248692356523,1.331095283128609,1.1979391997956508,1.3115286706975118
2022-09-08,1.2771894313948877,1.2621923591509743,1.262918987770209,1.3427689482856497,1.109256858499313,1.136220360993353,1.3306396139265975,1.1973573827753508,1.3131116067129662
2022-09-09,1.2857163164361896,1.270965625639642,1.272538484421053,1.3596453361806027,1.112695251631894,1.1396177609309972,1.3470348120501328,1.2112923804594355,1.330882532268385
2022-09-12,1.2900959417090736,1.2760055902554948,1.2785612493841356,1.368960807075192,1.113104413319633,1.1396444864694584,1.3542940124284064,1.2172197208508593,1.3410926115009882
2022-09-13,1.2742865095336873,1.2579875378074667,1.2592020590814899,1.3355740923874582,1.1070646429201232,1.1302096188367843,1.3264972573013607,1.1913231029511295,1.3062278318820386
2022-09-14,1.2756427470824838,1.2591818386505833,1.2601503322840553,1.3381279477857202,1.1082968323820044,1.1316647325767906,1.3274156735478655,1.1897143709419007,1.3088824856327603
2022-09-15,1.2676807857458798,1.2508699538537547,1.2512473286885837,1.3229282481392435,1.103644889372693,1.126401826666014,1.3122930091281462,1.1776215493215438,1.2928841215683597
2022-09-16,1.2656167208396862,1.2485658385342266,1.248441560093375,1.317633056105601,1.10273104296023,1.1262253107791922,1.3068630873296356,1.1713874283106984,1.287618335672371
2022-09-19,1.267778829458258,1.2508850928826132,1.2508765580704337,1.3218255968527481,1.1037310891510845,1.1255114729353193,1.3106454122169138,1.175388486785362,1.292117961474018
2022-09-20,1.261290205696199,1.2440115307656088,1.243861109804746,1.3082557170253077,1.0994142692902915,1.11994297768703,1.2981479496128865,1.1637499352966474,1.2795688991309173
2022-09-21,1.2576924303056511,1.2392553800090487,1.2382995785543964,1.2999554090540597,1.101246702053177,1.120980747230154,1.2890390392707578,1.1533079360381708,1.2699635129566338
2022-09-22,1.2514297445436737,1.2329917381748197,1.231857412758967,1.2867155872860931,1.0945620730970336,1.1096579877215578,1.276265898774934,1.1410893741616326,1.2582185947599922
2022-09-23,1.2413215176756467,1.22247809484003,1.2200410966149375,1.266545176499567,1.0904937244138657,1.1070408764342767,1.2568112082594025,1.1217753543648852,1.2377099801157485
2022-09-26,1.2316618598059237,1.2127965725194922,1.2101877596595596,1.2472583398466184,1.081962422750359,1.0940890319467476,1.238661228388883,1.1052422735378942,1.2200645503417547
2022-09-27,1.2290124595526262,1.2100872410818808,1.208466258074951,1.2412676474868005,1.0774046933970798,1.089438584272372,1.2325984851865621,1.0995812708522108,1.2159895362765305
2022-09-28,1.2435963367605507,1.224372729994862,1.2230559554666154,1.2689194261590482,1.0903691729388247,1.1076723668058945,1.257725783954253,1.1213379447204028,1.2420380548399919
2022-09-29,1.2349570332400785,1.214703083715332,1.2128866628209158,1.2510796310128403,1.0865876692775984,1.1016072590437023,1.2403023224389822,1.1103305908319727,1.2242113457908934
2022-09-30,1.231077799792549,1.2108403634072473,1.2092277351169194,1.2436970333922142,1.0830979793335869,1.0980257367877195,1.2356428840250617,1.1038285840735178,1.2162666552457029
2022-10-03,1.2438538782997288,1.2237661963642408,1.222764535490833,1.268212690411968,1.0927456781966223,1.1098193250182022,1.2587489020858456,1.1254956358357535,1.2401502352534837
2022-10-04,1.2578959121159528,1.23855801515073,1.2388137919202409,1.2958797090764567,1.0983455352489082,1.1157880606096235,1.2854075896439403,1.1397792081406477,1.2679149012392192
2022-10-05,1.2550386275286505,1.2355572497259701,1.2359449397669369,1.2895996713583489,1.0956138995369966,1.1099379038303445,1.2798727720458642,1.1341586450706425,1.263403758530266
2022-10-06,1.250582026246836,1.2306397574846493,1.2311920437100905,1.2803081574975248,1.0937993884764976,1.1059937539912335,1.272187210114034,1.1247776548901276,1.255062153189685
2022-10-07,1.2405872381067782,1.219359518660946,1.2195753924243682,1.2596541398346721,1.0886006539757382,1.0993063663900633,1.2491117804215774,1.1058436123811046,1.234893735148616
2022-10-10,1.2341469676579864,1.2126454751502853,1.212783567647493,1.2469145908149815,1.082613425569915,1.0935039054651743,1.2372134460537167,1.0949795267297724,1.223052098619593
2022-10-11,1.2320562723088728,1.210429325476116,1.2099963312861652,1.2422360484539112,1.0822237035885038,1.0934344887283194,1.2346738724885735,1.0891817278258844,1.2175153379268153
2022-10-12,1.2318701454416288,1.2100865100425982,1.2097126886412946,1.241722391042821,1.0835251040734117,1.0954038001119506,1.2342847954733713,1.0891761622945677,1.216810826357785
2022-10-13,1.2381673245869782,1.2168623222539505,1.2169560765188063,1.2534651665189833,1.0836304276139024,1.0954234462600982,1.244002624504013,1.0978928528020717,1.2300034597864675
2022-10-14,1.227699887847867,1.205858715563322,1.2049815183632253,1.2332589081966752,1.0780206426818373,1.0881083201103068,1.2274322507233755,1.0814972767740207,1.2092442950444584
2022-10-17,1.2374885043846415,1.2169764820270856,1.2169143294597298,1.2532078344504087,1.0803805302096496,1.0919742443549854,1.2453055769509211,1.105678926584869,1.228858244410516
2022-10-18,1.2405748926191842,1.220361475937861,1.2201308784973586,1.259366288018247,1.0821247900439543,1.094397617021509,1.2492110440043342,1.1098829215298924,1.2345116586918479
2022-10-19,1.2332784727958683,1.2127082582366062,1.2120984796412264,1.2437335312495466,1.075849583425671,1.0864392586217282,1.23431780926229,1.0969367494914581,1.221069984337179
2022-10-20,1.2297534777166037,1.2093038912491105,1.2088712535211406,1.2368793674326495,1.0716546902799917,1.080864082307556,1.226758577297799,1.0913637140798131,1.214929915573056
2022-10-21,1.236713552167368,1.2167278393261245,1.2170056390333097,1.2498991461796205,1.0732775083256414,1.084768050822458,1.2371574571798438,1.103135284213175,1.2288892812585277
2022-10-24,1.237390344932049,1.2168893746206935,1.2163970237519655,1.2477827878827261,1.0726717244486401,1.0849154271707915,1.2370398972518606,1.1020949512010663,1.2290227376786829
2022-10-25,1.248642721929316,1.2282268009950605,1.2280452709804401,1.2691980101436207,1.0805016090847506,1.0954182909293622,1.2573082463850491,1.1201206681281077,1.2489357186423977
2022-10-26,1.2505034729394902,1.2300143985642533,1.2302115643994695,1.2747312035708227,1.084025580036563,1.0980912254696673,1.2620653679278397,1.1247659089578774,1.2523972297817434
2022-10-27,1.2497958609122233,1.2291937810152538,1.228943626608805,1.2737232202489677,1.0863617570252582,1.101596267153649,1.2612255961018726,1.1249223903910497,1.2501020792824094
2022-10-28,1.255080909444825,1.2347511861911462,1.2345625798849602,1.2820830077815921,1.0857650292394534,1.1007304003145948,1.2740503161438486,1.131815596531389,1.2599284075506108
2022-10-31,1.2504980494353322,1.2300093995953294,1.2303654555672616,1.273668420432547,1.0817609133743584,1.096068989658797,1.2650786746456073,1.1243094076021798,1.2518285935617655
2022-11-01,1.253068575631767,1.2327662612228536,1.2331182811940138,1.2800813089921381,1.0850347734349821,1.096605874788955,1.2706211749583622,1.1288489888588775,1.2567939758133606
2022-11-02,1.2438338297096936,1.2230997086444249,1.2224376779433799,1.2629177848022182,1.0818713117478334,1.0925634178182861,1.2520427974402977,1.1151005477100073,1.2391171334796058
2022-11-03,1.239615367252807,1.2189161660257386,1.218429499211334,1.2559996341010409,1.0790924541618443,1.0880351816795326,1.245888665761613,1.1092677533646411,1.2318365045967423
2022-11-04,1.2496834905377527,1.2295704367150009,1.2307999400341259,1.276352404190692,1.0821853775846286,1.0900031198863203,1.2643800578547575,1.1270098839012122,1.252700119896395
2022-11-07,1.249912615451425,1.2300300989433472,1.23120731006728,1.2762165406766806,1.0801961672423004,1.0881462923533585,1.2640307443445424,1.126007631898299,1.2533766434072704
2022-11-08,1.2535922675806241,1.2331459562950258,1.234606074422437,1.2832713376604847,1.0840352642660571,1.0927597991841165,1.2695060687551682,1.1319725937168252,1.2590834507417288
2022-11-09,1.2453941273806928,1.22394102588984,1.224758074226641,1.2673844125721634,1.081418301311963,1.091548674355601,1.2530866395099793,1.119925792849101,1.2418338867092444
2022-11-10,1.2745782996074604,1.2541412777346261,1.2557774820731618,1.3223845473948184,1.099024211561643,1.1145351577673024,1.3089166489405306,1.1722701135249427,1.2947041679960478
2022-11-11,1.280481351719308,1.260458489248451,1.2627453300606855,1.3344306586163714,1.1009603414522229,1.1158124929143083,1.3180427768371838,1.1767042299508663,1.3073315564158534
2022-11-14,1.2747589210719354,1.254121901837125,1.2563294044808215,1.3233664888907033,1.098628819220251,1.1125776242295118,1.3075070485251992,1.1682508917913308,1.2961395505093871
2022-11-15,1.2820535420969228,1.2618475821963504,1.264325895368571,1.3387003050059914,1.104579704299844,1.1199378217464255,1.321286308507784,1.1812784212716851,1.310327040352793
2022-11-16,1.2794223168434355,1.258284223354263,1.2597669481682965,1.3337803770369452,1.1074335436823173,1.1234229607651434,1.317603979123335,1.1830250480247435,1.3034216300635344
2022-11-17,1.2753171711890192,1.2541535695787007,1.2555298116167692,1.3258831027211657,1.1033071759845618,1.117844947311982,1.3092155354906267,1.1750413488250016,1.2957692303297208
2022-11-18,1.2753905269758234,1.2546428177074471,1.255871398795943,1.3256156397021337,1.101609486129332,1.1154812180647964,1.3127712557626892,1.175204929229314,1.2958113402192857
2022-11-21,1.2732739725328988,1.2525314603106807,1.25320986002518,1.3210225711038799,1.1010239483839144,1.1140244473319696,1.3099373625912,1.1719721781594032,1.2909515664289182
2022-11-22,1.2795294917757662,1.2588991699964964,1.2592947843002702,1.3329004991304747,1.105888406496514,1.1199118653243942,1.3214385515658547,1.1817721652109276,1.3025810549336168
2022-11-23,1.2830985563284962,1.262411376357529,1.2626084317534225,1.3406548927262072,1.1101196229289612,1.1244109018114867,1.3298449097202514,1.1882658607970609,1.3087914992700833
2022-11-25,1.2824019523934058,1.2616501213547904,1.262116813087939,1.3394673976995592,1.1092616259246755,1.123481075022982,1.3285077030874437,1.1866547973916923,1.3073075860785965
2022-11-28,1.2752125548288906,1.2537924145786008,1.253685452661912,1.3256809353613603,1.1067426631452977,1.1214136185173533,1.3187940835311374,1.1761341987059368,1.2931713440471497
2022-11-29,1.2769081167341998,1.2559405219406496,1.256573712116667,1.3296432481343619,1.1055933670036118,1.1186588832131568,1.3261107410145132,1.1813278595399543,1.2969773427754527
2022-11-30,1.2916179781302302,1.271409799217372,1.2727530516726697,1.357650740221155,1.1134452036973321,1.130057208573838,1.354638132573239,1.2037458693334948,1.3255775756322468
2022-12-01,1.2956997309374616,1.2751468889083437,1.275939569326063,1.3661153513033903,1.1210844801285345,1.137923924301638,1.3609809631025105,1.2130813679460795,1.3316800728458449
2022-12-02,1.2953247876430978,1.274890890175168,1.275565514553434,1.3668544988917106,1.1225391732659011,1.1389222406352086,1.3606086607988834,1.2135040790236462,1.331193239419389
2022-12-05,1.2843137785602836,1.2637225495650453,1.263526022456264,1.3451681349653386,1.1150081774219838,1.129100848940223,1.341920032073374,1.196072321451881,1.3097787890681059
2022-12-06,1.2800778416018583,1.2593244696985422,1.2584350359565666,1.338391739280841,1.1159677935855952,1.1308006785592395,1.3325764245993463,1.1832871486564986,1.300949352709121
2022-12-07,1.282185963834248,1.2614755184022857,1.2596219266445028,1.3428826723346465,1.1215077449986526,1.1367679821295467,1.3361124180810353,1.1867750068361786,1.3037033401347669
2022-12-08,1.2843755541343984,1.2640746754469159,1.262807048194759,1.3473008963804507,1.1208657629757945,1.1339960572201653,1.3426207690302419,1.1891552360413868,1.3085639431507827
2022-12-09,1.2813010866967776,1.2606080893950862,1.2596478002158598,1.3394234105209712,1.1163413670943503,1.1284388400578123,1.3355737970665114,1.1820153078261146,1.3018770974506748
2022-12-12,1.2848363585141613,1.2641789623592188,1.2631900709286632,1.345363544812082,1.1172800203384285,1.128960899501768,1.3423460188781546,1.1874360396463468,1.30869330712687
2022-12-13,1.2931216580718028,1.2722601079591334,1.2717431196807776,1.3608068326493017,1.123527653219583,1.137176588156232,1.356727468556606,1.1993665864996765,1.3233924097987697
2022-12-14,1.291922096879349,1.270738006883799,1.270074599240815,1.3585362865115367,1.1239744437614012,1.1384889872196833,1.3534715874262104,1.1974881653749674,1.3207989095580308
2022-12-15,1.282002480368836,1.261030027727108,1.2581869101499936,1.3392177211766598,1.1213063334928401,1.1362629593033235,1.3377609378492292,1.181527122144616,1.3003848018259243
2022-12-16,1.2768061203569534,1.255599509844614,1.2527866262353218,1.3294087909215164,1.1186319537210176,1.1331308273884624,1.328603538972321,1.1716993948013843,1.2906408792460398
2022-12-19,1.2713620869655746,1.2499564162888053,1.2473746901667213,1.318850667488132,1.1137027484298696,1.1260389552508696,1.3178256806798365,1.1623415767850005,1.280803787073971
2022-12-20,1.2713310370320765,1.249393260595616,1.248302996067496,1.3176259695855015,1.1111805429859056,1.121089333116494,1.3171010905984626,1.1619593152942913,1.2808653758799209
2022-12-21,1.2772073229777907,1.2553245207005284,1.254786269276387,1.3291415173607193,1.1140609937073718,1.1243112827826935,1.3277771308567827,1.1718371454803278,1.292499848512159
2022-12-22,1.270871572941114,1.2492270798358194,1.2476657908463904,1.3175270997101964,1.1112222236304006,1.1214056458675172,1.3140429779846812,1.1618878775611954,1.2800268546976334
2022-12-23,1.273015010328577,1.2508326246007533,1.2503846173129798,1.3202873796027934,1.1102284086030465,1.1194663696276066,1.315430778490404,1.1640024643639177,1.284039713614382
2022-12-27,1.270204009469396,1.2477716550768196,1.2490218574421597,1.315571044394165,1.1058437140092516,1.1124943430746186,1.309152731050011,1.1592696242485987,1.2802484647097834
2022-12-28,1.2634986453098533,1.2406415343396155,1.2412734399356817,1.3019564113769562,1.1023368890622445,1.108796327421766,1.2963922049580696,1.146638348527588,1.2670321070509143
2022-12-29,1.2722136021779713,1.2501717673688846,1.2513248239433121,1.3196071791926332,1.1071921946565195,1.1146476953151663,1.314234774117636,1.163746374148646,1.283815557889603
2022-12-30,1.271042674989812,1.2482490685641912,1.249584716645133,1.3147161657100799,1.1056768962402428,1.112075803956572,1.3100490576791002,1.1600746088648675,1.2803368671642985
2023-01-03,1.2712025606313646,1.2491492505398105,1.2493219534246172,1.3171142508759617,1.1089112119033582,1.1160592229841404,1.3125639509997997,1.162482536770504,1.2802511629379527
2023-01-04,1.2763817286520611,1.25579963902998,1.2560724332124857,1.3305666964171208,1.1131048421680416,1.1215103385107952,1.3268461861056762,1.1737164531863096,1.291261515231791
2023-01-05,1.270689778001011,1.2500174172157594,1.249081938962172,1.3199976576286234,1.1114798853685826,1.1189612524676678,1.3166805836596274,1.1660178237380943,1.2802468861276501
2023-01-06,1.2832335645489437,1.2632825584010936,1.2628646687665004,1.3455625799022366,1.1205088755479946,1.1310607206354653,1.3418668825591373,1.1883551118274815,1.3043042937728293
2023-01-09,1.2862568790032547,1.266228438524115,1.2659215469631233,1.3510709754860408,1.1229869098777776,1.1340311929571767,1.346167808203803,1.1925779162607333,1.3095531630314037
2023-01-10,1.2873298182978175,1.267430103901297,1.2685166977826297,1.3531925328727445,1.1207267455332526,1.130709102016123,1.3497465754087197,1.1926915115517516,1.3127922531965228
2023-01-11,1.2961203832647,1.2763128199790805,1.2776604203853636,1.369549877503849,1.126187118245909,1.1376035137137996,1.3673601278291914,1.2067155448251266,1.3285732367782854
2023-01-12,1.303054560887631,1.28324967742426,1.284988925554523,1.3836367214273637,1.1326145582953966,1.1451393472546119,1.379708777473235,1.2185470758379047,1.3412063864038175
2023-01-13,1.3048936410169751,1.2851239721850973,1.2877914648400284,1.386722317888062,1.1323606347263588,1.1427317611786676,1.3812126433942153,1.2195210685694369,1.3452950089434588
2023-01-17,1.3044469474610847,1.2843829631753492,1.287469455127919,1.3847564613811223,1.130588697208127,1.1407825644678706,1.3798498239593195,1.2175568297847932,1.3441713536368733
2023-01-18,1.3024655749603642,1.2818168721289747,1.2829239500230674,1.3809578578919244,1.1348427024139074,1.1485444553596154,1.3790556814213273,1.2148336902186023,1.3378413787389665
2023-01-19,1.3016228302876194,1.2811181055665959,1.282294956342778,1.379074119576939,1.1346776074450977,1.1467603647705489,1.3755830284384358,1.212512512386419,1.3361706133750573
2023-01-20,1.3058763948790841,1.2862975256980518,1.2890769193509621,1.3876975648319272,1.132877157605653,1.1448654459910783,1.383705238359518,1.2194133405783392,1.3464593155773434
2023-01-23,1.3093660298402034,1.2901335143686208,1.2939827200560596,1.3941328427023874,1.132871699909741,1.1447082384721776,1.3893231987376256,1.2248601864337794,1.3540851288353961
2023-01-24,1.3106062720212193,1.2911735239370414,1.294308391226612,1.3965431143273421,1.1358192815864712,1.1484482394813946,1.392846514518177,1.2270502993673622,1.355275885542481
2023-01-25,1.3113034773636025,1.2918782801272497,1.2952465068323045,1.3982363775380298,1.1365739216972215,1.1486265850786423,1.394183119871465,1.2281861884452157,1.3566205609205932
2023-01-26,1.3150683394801213,1.2964043853347993,1.3004330749158974,1.4037292925750848,1.136058715353013,1.1501409865536594,1.39687072281673,1.2326449575014256,1.3630474752151975
2023-01-27,1.315547459332396,1.2967798376512691,1.3014026515975998,1.4036848813844482,1.1348979143845193,1.148357721024719,1.3960829298673116,1.2325464126265033,1.3635520871362765
2023-01-30,1.3058714485909766,1.2862288351262836,1.2896031211822676,1.3899306215318217,1.1318715155294545,1.1411593122639032,1.3863270313384033,1.2209188617230748,1.3496184131776656
2023-01-31,1.3176243248008324,1.2973262707290665,1.3022329105941897,1.4046764301914232,1.1365310060841165,1.1508321026656483,1.4002673681916038,1.2348928960786811,1.3645385789402305
2023-02-01,1.326117386822369,1.3061265427180193,1.3108981984905983,1.4173946546453182,1.1414577606610812,1.160468037607481,1.4122642485316872,1.2450032237938045,1.3761505817480464
2023-02-02,1.3324497469340781,1.3122455515851117,1.3180202466206372,1.4251136310065857,1.1414569436118567,1.1654867164072067,1.4206095280212945,1.2514316734885038,1.3853469213462426
2023-02-03,1.3166808416222493,1.2964995545263245,1.3021137645069434,1.4038835444308637,1.1329292872893217,1.151549994462154,1.4007111929663123,1.2336104542206805,1.3650293120946493
2023-02-06,1.3123023582957014,1.291697047777441,1.296800231292217,1.3937788128743216,1.129922161396948,1.1441611605287243,1.3921567959674948,1.2234833599960546,1.355925708213069
2023-02-07,1.316396330212307,1.2961224751574147,1.3020321053359951,1.400881771386098,1.1304776261527927,1.1449187348044814,1.3981491671302793,1.230486718781088,1.3648363537876105
2023-02-08,1.313785583364235,1.2930100271527096,1.2980543652332137,1.395541114267322,1.130943626723853,1.1458519258300446,1.3908862000609714,1.2255976682566954,1.3582345532774394
2023-02-09,1.30859844686728,1.2881196546458824,1.292979326572059,1.3861164651259965,1.1267695348915827,1.141048549683841,1.3812111576040689,1.2169795888969777,1.3489587847142575
2023-02-10,1.307430469712433,1.2868150910207716,1.2923750531131721,1.3829478927222496,1.1245367808412936,1.137449494737686,1.3776417272883372,1.214014164785065,1.3471510244618827
2023-02-13,1.311633784142726,1.2915602396887478,1.2974789006243694,1.3917963043758508,1.1266080214427039,1.1405755841870233,1.3864471142299255,1.2219047384616741,1.3560051859677595
2023-02-14,1.3117954946342874,1.291612507932946,1.2976411053214834,1.3910483745270883,1.1260935288619793,1.1383829896688817,1.3858530565026272,1.2212413437892606,1.3560581410548254
2023-02-15,1.3105235241335536,1.2906370448525957,1.296938766965771,1.3880062788104965,1.1233147848400808,1.1360347076098363,1.3834218887681433,1.2189511096651169,1.3542179002366526
2023-02-16,1.3032733693969256,1.2833339525312533,1.2900970884289156,1.377157713187737,1.11912812432993,1.1283733548831771,1.3725180263064778,1.2098290208384364,1.3433381357250038
2023-02-17,1.3031331103309896,1.2825775510708626,1.289067857525248,1.3765529959064071,1.1207590372558045,1.1303535180944104,1.3720484897064604,1.2081973281456655,1.3418555259179032
2023-02-21,1.288756040448198,1.2673751410229577,1.2738194609983335,1.355973760730424,1.1136887737385834,1.1144663186051071,1.3507340248999589,1.1909603383841154,1.3222511822005598
2023-02-22,1.287896474215063,1.2663492127749079,1.2718680057216558,1.354199189751229,1.114714113924883,1.1150007542215894,1.3482842993753075,1.1868860225392683,1.3197681034882847
2023-02-23,1.292692690242411,1.271204771977257,1.2766013086421135,1.3629032423053051,1.1184126129856464,1.1197690578214698,1.3563507985380283,1.1936953918884916,1.3279104917397075
2023-02-24,1.2855210008070588,1.263174412082085,1.2681074479083494,1.3473868456854725,1.1138343726470221,1.1133791000064959,1.339804966987634,1.1810085077552839,1.3133484253058083
2023-02-27,1.2883305695634695,1.2662149321252327,1.2713761485505959,1.3530287788689521,1.1156716422860755,1.116010417038007,1.3449598938754186,1.1860237268691434,1.3187601497181345
2023-02-28,1.2884638489477371,1.2657401037876475,1.2709273663836647,1.3520641865966088,1.1167691746535153,1.117022733820453,1.3433799344858706,1.1850264913221538,1.3177681007594981
2023-03-01,1.2872490101701435,1.2650480569548035,1.2718196409216558,1.3519250312200768,1.1149359923549091,1.1117294646399214,1.3426539129264232,1.1840161534065836,1.3179893269678247
2023-03-02,1.288553812606741,1.2670666288550767,1.2736319297968726,1.3542262737658788,1.113844599715748,1.1101729222275287,1.3448940606870963,1.186122550355194,1.3209870706041755
2023-03-03,1.3017115543939897,1.2802776585970275,1.286686987343572,1.3733757674957225,1.121828659191262,1.1228975309201397,1.3627984746011021,1.2021510269723434,1.3393859364294955
2023-03-06,1.2993476222812792,1.27787868477391,1.2833420794471857,1.3682195477380183,1.1199197764019937,1.1208131637598042,1.3571123295285548,1.1972405324876103,1.3347654148203694
2023-03-07,1.292008163380712,1.2696942031031062,1.2737768733617396,1.3525168272779808,1.1170686642021403,1.1183206303787818,1.3415670251248424,1.1845554752876026,1.3184840164689704
2023-03-08,1.2927586796760941,1.270826562905086,1.2750438863836566,1.3543774783293878,1.1166745049416715,1.1180500667487105,1.3435194936230415,1.1870340706522604,1.3203792996828683
2023-03-09,1.2871017566109624,1.263586794683281,1.2666035839320835,1.3412661973723832,1.1166077825704201,1.1196588727658834,1.334593291067102,1.1757083802115418,1.3064273621991562
2023-03-10,1.2876959840880269,1.2617288223482195,1.2632741450778564,1.3404994146861882,1.125544382548718,1.1313652230262483,1.332748250917869,1.1703388205044283,1.3030698462765526
2023-03-13,1.2896640336544822,1.2632181658295876,1.264364438786048,1.343158316895764,1.128565813581916,1.1389896396583026,1.333824299648731,1.1733024242888583,1.3054387086942068
2023-03-14,1.2922338919751373,1.26707064065823,1.2682744404012491,1.3477815509920177,1.1257912162658013,1.1349470759489018,1.340242762434332,1.1772751797048342,1.3115576094214858
2023-03-15,1.2912700124076373,1.2645931299701973,1.263393071294428,1.3430832117003333,1.1299071477022722,1.1426939437949486,1.3372879091787124,1.1735483636574278,1.3059725290543327
2023-03-16,1.2967045278765075,1.271411464411254,1.2706589354806714,1.3519734613192296,1.1297237527532429,1.142727876770924,1.3442242877301847,1.181077985418182,1.3162993364474915
2023-03-17,1.2954007928135478,1.2680561283055722,1.2665619248644606,1.3483406792168162,1.134672523107018,1.1463606214659952,1.3395220238345058,1.1782677853652737,1.311962103925175
2023-03-20,1.2980400364320088,1.2716965057205596,1.271269186591358,1.3531290888419862,1.1333709139159618,1.1443167058945414,1.3468047821474278,1.1827691163611957,1.3172871228872396
2023-03-21,1.3011235777537435,1.2765056686073042,1.275686928124665,1.3586078864777416,1.1320266860566772,1.147213842731236,1.3526237905410792,1.1867345321047038,1.3234310722450098
2023-03-22,1.2978578437088037,1.2712322460325187,1.2694392494055418,1.3537310244669558,1.1364624297474129,1.151161969857209,1.338792578560955,1.1818343409847851,1.3170043394411421
2023-03-23,1.3004519681250855,1.2738843569658107,1.272542140952831,1.3573760923819305,1.1384097194828826,1.1533872025364527,1.339395130217336,1.184285762598999,1.3209301353319398
2023-03-24,1.3037152809657926,1.2778741689762807,1.2761640371304936,1.361721779057339,1.1388049485306866,1.155681641561969,1.345725965119873,1.1875576845638076,1.3249578132940707
2023-03-27,1.300320608994099,1.2754705509250222,1.275917117802499,1.358112852262094,1.1334771311972753,1.1467391536810083,1.3389775093524758,1.1839886334134748,1.3229624139922618
2023-03-28,1.3008929305767816,1.2761365494873231,1.2774461723908714,1.3598246543901646,1.1342151317708513,1.1459629598711152,1.340491811018732,1.1847735818712386,1.3241582433090489
2023-03-29,1.3080740328953158,1.284147681785503,1.2851051680230658,1.3692568183963085,1.1352597803991344,1.1517531780978247,1.3489034444957198,1.191747328221281,1.3337493284122932
2023-03-30,1.3149538172349429,1.2912469586065387,1.292548636741991,1.3781941385514926,1.1380131703558864,1.1561905361722435,1.3561087752248764,1.1981872986555693,1.3425014879792607
2023-03-31,1.3258333509000872,1.302200434178986,1.3032995277353607,1.3918284586627505,1.1429044629607916,1.167830143150822,1.3687530655861806,1.209385514406681,1.355704890313381
2023-04-03,1.3294580657837445,1.305506376860334,1.306789684702666,1.3967140397549889,1.1459940739194205,1.1722559123816712,1.373058894183657,1.2135395212645488,1.3603329495407002
2023-04-04,1.3303712220452675,1.3056179546730318,1.3055811945520817,1.3966494468877946,1.1485091714858155,1.1731808173655367,1.3725052162431526,1.213558315213879,1.3597421802570657
2023-04-05,1.3283220427356026,1.3029957545869937,1.3016195989968131,1.3934803345104372,1.1500584145691768,1.174368030363981,1.368729014871572,1.2112924677348136,1.35598795946704
2023-04-06,1.3302772860929062,1.305293043982044,1.3040197488365097,1.39628225882545,1.1502784187908466,1.1763823555747004,1.3721393652256166,1.2136222408072361,1.3586581181542339
2023-04-10,1.3277372857825218,1.30321930114,1.3036663056013507,1.3936189083533426,1.1462608509155723,1.1703156829258485,1.3700728609289834,1.2110432794204014,1.3569264732208006
2023-04-11,1.329999827804746,1.3052586799879635,1.3064617352281405,1.3971711736815264,1.1473276363911673,1.1709172236797036,1.3729124745619299,1.2138013332331374,1.359874155887365
2023-04-12,1.3291730040798186,1.3038276448575488,1.3050332207236321,1.3955951414789762,1.1478629093031925,1.1703049088917437,1.370734647694454,1.2122969163347361,1.358219798612293
2023-04-13,1.3361149133967525,1.311565344025085,1.3136797159438258,1.4049513530665054,1.1491624520023092,1.173329030755804,1.380404603851383,1.2198077479793679,1.3686059112108553
2023-04-14,1.329097857681011,1.3055458575981442,1.3075606873537002,1.3962548817684186,1.1456709908476617,1.1690500291127257,1.3728763865133446,1.2128333594174832,1.3608544992290648
2023-04-17,1.3289641734722264,1.305708241836982,1.3094794626340078,1.3968123237121268,1.1424463182874727,1.1639033644649943,1.3729015252713324,1.2143306599700256,1.3619098117270108
2023-04-18,1.3303333112753188,1.3068930153044864,1.3102393999597715,1.3983741966734486,1.1439337284844575,1.1659273594512694,1.3746676922968828,1.2153869847130925,1.3632950116098277
2023-04-19,1.3275880671734124,1.3035177569055572,1.3065499434995334,1.3940202459758788,1.1419135222714087,1.16223363631328,1.370799793902007,1.2121955956476838,1.3592082649420292
2023-04-20,1.326264574008823,1.3012412057535994,1.3030598815912866,1.3920153190277318,1.1435905711755587,1.163933138449013,1.3700011854504095,1.2102103171503058,1.3560869631149635
2023-04-21,1.324721552777048,1.299823561139362,1.3019104270716808,1.3899878321052062,1.1421831691299096,1.1634086548788176,1.3681140316450897,1.2086659146121441,1.3545157827169607
2023-04-24,1.3275360723980032,1.3021318570628058,1.303731205850574,1.3931742027678586,1.145197004301362,1.1681974326005062,1.3709929400806298,1.2110160803675156,1.357120264659702
2023-04-25,1.32240786002495,1.2938360856555573,1.292267426916556,1.383453053475845,1.1473475816406051,1.169348804341453,1.3603600187456244,1.203619658858645,1.3456980225897919
2023-04-26,1.3168632208006192,1.2893764334091655,1.2876574472909936,1.377009642190668,1.1439248554953099,1.1638029037702335,1.3551754025546023,1.1979461228365749,1.339995625938606
2023-04-27,1.3241850808063542,1.2989397980844146,1.2988875789275658,1.3877563152007981,1.1431869274935509,1.1649162432432978,1.3657190202651235,1.2083132396761032,1.3523055909444495
2023-04-28,1.3318319107275944,1.3065101067391973,1.306221295252033,1.3977532760745948,1.1479539053108585,1.1741066895759242,1.3751269233795385,1.2164533808386129,1.361392840958043
2023-05-01,1.3235831301141476,1.2994986154477643,1.3005125469165373,1.3874802060439309,1.1405907074178576,1.1612241972559396,1.3672904119546894,1.2077748275198354,1.3532953489170085
2023-05-02,1.3226540255849946,1.2956585126296507,1.2933831515222378,1.3838219853317568,1.1461664413533579,1.1673648223322377,1.366763452722135,1.2011969096305948,1.3474765960339767
2023-05-03,1.3223233975215987,1.2940742653589645,1.2918859909948395,1.3833893123951437,1.1476083841934448,1.1682261501464628,1.3648155731302192,1.2003829250867926,1.3460401896285814
2023-05-04,1.3213411440097727,1.2929827632624187,1.2913369848152267,1.38196433253106,1.146508948439176,1.1645436624729841,1.363330815720418,1.1983475931964218,1.3446629480443586
2023-05-05,1.3294967519453689,1.3036356633406474,1.3040222865831892,1.3943805829904141,1.1464322398973372,1.1681334627913709,1.3765080841944979,1.2085220968809154,1.3581000032806378
2023-05-08,1.3270624472156882,1.301939721089417,1.3030097085729817,1.3910323584508317,1.143661955683155,1.162632418952183,1.3724531177986916,1.2055816853580306,1.3561499152149321
2023-05-09,1.3255750568974107,1.2997771595963838,1.3005821415355212,1.3880463395085607,1.1434375247108233,1.1603557523994728,1.3698362288817474,1.2027442276020717,1.3533603344405534
2023-05-10,1.330932303978989,1.3045628061807126,1.3048377323074656,1.3943325937393496,1.1468479763045265,1.1681382995204372,1.376279551472208,1.2078659249517303,1.3590915243126873
2023-05-11,1.328080441419173,1.30159042956928,1.3004908331583198,1.3905612846461357,1.1474411067904053,1.1700754594404703,1.3728747643704293,1.2053570248570298,1.3548546990593808
2023-05-12,1.323713767139144,1.2970290426645812,1.2960291944582214,1.3842588361827493,1.1444002139700162,1.164066279669281,1.3666787000716292,1.200468371088986,1.3494319172872362
2023-05-15,1.3257380795421423,1.300776779840652,1.3017626894761232,1.388968184678311,1.1434611423511076,1.1623110296672352,1.3687993482569982,1.2045290000217774,1.3546955577994637
2023-05-16,1.316937047432283,1.2925211428917653,1.2923018563397382,1.3769880371154295,1.1402241073702906,1.156757782220382,1.3584316449832494,1.19480528692804,1.3436974130861494
2023-05-17,1.3227519083178048,1.2993350622259165,1.3007547593418758,1.3855002476447187,1.140714969871754,1.159240934437062,1.3644252645670953,1.202718836082037,1.3529851582011363
2023-05-18,1.3208727876463089,1.2991064470456817,1.3010128197946316,1.3835545853439957,1.1381003245916232,1.157574157456562,1.361723037293325,1.2012570635674664,1.3530758700396943
2023-05-19,1.3204004971812617,1.2986882075726527,1.3006536315686024,1.382717796853993,1.1375066477075995,1.1550731139624073,1.360042587136234,1.2003812335962842,1.35254767571962
2023-05-22,1.3219715664127596,1.3009563398596748,1.3040189969383804,1.3859107311198995,1.1372412168556698,1.1555151924984097,1.362464599033902,1.2027683240651583,1.355694368831283
2023-05-23,1.3186503924447406,1.2952212587518241,1.2971608251251483,1.3787823528406542,1.1374358654946835,1.1537258765161524,1.3555398669745689,1.1973623088531977,1.3480922371119253
2023-05-24,1.3113284508306986,1.287621915806718,1.2887746889503833,1.3681323166890333,1.1348826198323634,1.1485938756029108,1.3447600874375467,1.1881138831542812,1.338206779409662
2023-05-25,1.3097306212044648,1.2883175308851813,1.2889045615022827,1.3662419403405,1.132886082174421,1.1472811229820818,1.343347628432224,1.1871316940568581,1.3383227141699994
2023-05-26,1.3206466045876133,1.3006411290043547,1.3023900713125416,1.3809446402925858,1.1369749752078755,1.1555706860940689,1.3552428950173188,1.1994439158870698,1.3537537929570742
2023-05-30,1.3213686473928252,1.3001735532503098,1.3001845622023676,1.3804767685262773,1.1396600207781182,1.160709757139941,1.3538077440784952,1.2001616478668238,1.3526502673611998
2023-05-31,1.3193385516082068,1.2967275029145526,1.2955757700028303,1.3766979814522966,1.140646465733575,1.161186505406211,1.3490758276800294,1.197056194639803,1.348040510980528
2023-06-01,1.3278337766822035,1.306228420426727,1.3059384838967034,1.3886973254976456,1.1441672964699008,1.1675633605900277,1.3606797941173905,1.2066633829540008,1.3600597206105982
2023-06-02,1.3338168346081762,1.3145275811496442,1.3173137654869076,1.3996279527511648,1.1422329002972111,1.167742101443291,1.3727236229662345,1.214248686048695,1.3714512465874658
2023-06-05,1.332003686940002,1.3125852049218123,1.314467045073693,1.3961915984360502,1.1421001878472075,1.1662255795132879,1.3703737699177805,1.2112585324459944,1.368390485670252
2023-06-06,1.3365489592237683,1.3172672914875627,1.3209657996802076,1.404051333885256,1.1436015877069725,1.1686827643315556,1.3770935979408694,1.2177746301176358,1.3753735233230797
2023-06-07,1.3323070464438784,1.3126416838793928,1.3182617061567865,1.3992419058819703,1.1387059609212136,1.1601045728024133,1.3710752923172964,1.2137880817253188,1.370524321252827
2023-06-08,1.3390003737615124,1.3195336957850747,1.3243157081493748,1.4076960795234,1.1435808443753084,1.16817154673093,1.3797708857616995,1.219999699400847,1.3786800824894787
2023-06-09,1.336631839851669,1.3182517545884858,1.322567816669991,1.4051641916215063,1.1424855305701092,1.1664453044645375,1.3768267451466925,1.2176369495992272,1.3766563915641175
2023-06-12,1.3383761978774298,1.3218942012182846,1.3257011228162185,1.4085389082887512,1.1432876692469582,1.1692303015079308,1.3804509591248084,1.220806966154397,1.3809989851956428
2023-06-13,1.341154523732613,1.3260746986739442,1.3312391831862262,1.4129253295804503,1.141491176881013,1.1673771199345917,1.3834525955019707,1.2240398686090894,1.3866144302919434
2023-06-14,1.3435356489786987,1.3288902021938853,1.333698739230754,1.4162369111332962,1.1433475065402017,1.1703521952543248,1.3864931305515014,1.2264752086820077,1.389725179729181
2023-06-15,1.354390718213742,1.339830510871788,1.3447642411515144,1.4300167229872132,1.1487861847503873,1.1805954104057874,1.3993121213865196,1.2370929037524612,1.4034129513267624
2023-06-16,1.353207605573275,1.3376141412992346,1.342625866007808,1.4269702945613851,1.1478009541232506,1.1776981878364026,1.3965488998464002,1.2345025890174404,1.4005372664546216
2023-06-20,1.3485621404457624,1.3320952742288144,1.3357441836569108,1.4193561275978928,1.1478396821918235,1.1784687551653883,1.3891107218270924,1.228515725750163,1.392897404242671
2023-06-21,1.3478019133809815,1.329543048338798,1.3333626139727968,1.4172825358359482,1.1482022109583787,1.177521919226268,1.387374068841768,1.2264769678482919,1.3900153901575674
2023-06-22,1.3410230715009015,1.325333435504013,1.3279542631522887,1.4089540215242349,1.1441853830000535,1.1723606158834492,1.3795079970814879,1.2200914258953326,1.383823945037738
2023-06-23,1.3361003678944898,1.3187381861710323,1.3196424949736476,1.4008063391446564,1.1453503942154784,1.1727543581007405,1.3730443149396663,1.2120820650473114,1.374721414397893
2023-06-26,1.33718751784378,1.318702641632434,1.3205573645499957,1.4030632082380383,1.1458092203459889,1.1726364840976997,1.3747047349371941,1.2139924494951257,1.3751765592355405
2023-06-27,1.3393653143479094,1.3238951031014936,1.3262460128436449,1.4088157102110324,1.1449360719752981,1.1734706291765968,1.380490205744126,1.2189395526670397,1.381915179685304
2023-06-28,1.3410267734399575,1.325232078483834,1.3273548825869848,1.4107398635788901,1.1465742968340493,1.17761671059844,1.3822441336738562,1.2205911576718116,1.3835010284074736
2023-06-29,1.3394486148862113,1.323836629344869,1.327318443888738,1.408231579109717,1.142456138660579,1.1702873924082255,1.3805585221740282,1.2186817050770506,1.3824520262545148
2023-06-30,1.3481822389261824,1.3333822088245846,1.336623799094218,1.4198382468808164,1.1468295727230635,1.1783795930959158,1.390925589591549,1.2282796182441111,1.3942950699971708
2023-07-03,1.3486383487140425,1.3345317853412244,1.33853891602129,1.4212664862185715,1.1455720348350897,1.175685663865836,1.3923183067182239,1.228659808807777,1.396048542711329
2023-07-05,1.3457616389038376,1.3312851699653638,1.3351523154420022,1.4155379920423985,1.143034505550924,1.1707051852637482,1.3872309847273312,1.2239868233579538,1.391516835891149
2023-07-06,1.3370716037590118,1.3214045069977516,1.3248317401993908,1.4011600622610398,1.138302855289492,1.1606809473793043,1.3741044330529406,1.2118167056509925,1.3786393615035493
2023-07-07,1.339218442513749,1.3232369947524607,1.3278706367972746,1.4046367313445292,1.1384254524478181,1.1596310541189325,1.3765707029085472,1.2151635904672053,1.381803450537862
2023-07-10,1.3431923206590306,1.3269459341587826,1.3322648580887584,1.4101918148282668,1.1404064894223407,1.1642148452672672,1.3818473657079458,1.2194873989605541,1.386817411548156
2023-07-11,1.3506311645751676,1.3345320304627994,1.3405981913145164,1.4205073325227582,1.143330540115167,1.16974620461882,1.3914861042712166,1.2274209066094381,1.3966875703295278
2023-07-12,1.3617696904676106,1.346252872646019,1.3526074057155015,1.4366892764778532,1.1492093014460636,1.1802159074510346,1.4067623271192495,1.2399639095548096,1.4118844174756358
2023-07-13,1.3718552604806593,1.3568567772256726,1.3631361649386176,1.450462072798096,1.1539774459155272,1.1900681368665387,1.419582725005756,1.2504722816557639,1.4255851550256826
2023-07-14,1.3667090674107365,1.3523632585188154,1.3583268041791314,1.4432547286172792,1.1509453697432666,1.1837460729643527,1.4129024006058608,1.2441063407704809,1.4194649654024944
2023-07-17,1.3678632806020592,1.354075819294028,1.3601199557186283,1.4451006889464777,1.1516223807267685,1.1857934752683177,1.4139744427645409,1.2455739244976214,1.4219414958583227
2023-07-18,1.3743329314150634,1.359951648540711,1.3664738155141498,1.4519976043907907,1.1548018670198217,1.190367082179744,1.4208156709212645,1.25103707202205,1.429709516122309
2023-07-19,1.3785006062439622,1.3634830063929897,1.3700870352565984,1.4570473007138045,1.1576080403133275,1.195092499276941,1.4256916889623792,1.2552203982644,1.433897154389605
2023-07-20,1.3703595748124828,1.3549167055385172,1.361398084837762,1.4464205536223058,1.1533717491150557,1.186116366386941,1.4160275398932411,1.2465152564698843,1.4227742550131992
2023-07-21,1.3712574062927696,1.3554825672961257,1.3617523814805976,1.447235278979699,1.1538830275549328,1.1874741213637463,1.4164806256308557,1.2469235592924712,1.4232287251702853
2023-07-24,1.3735023852700716,1.3587381080140186,1.3657136385601847,1.4511623356366918,1.153696551457708,1.1873513886948097,1.4196004953900048,1.249425901655544,1.4275602173218134
2023-07-25,1.3747345888256692,1.3605889182241233,1.3677187889649791,1.4529593401607932,1.1540218895894612,1.1870649948043566,1.421020621290903,1.2507915653765114,1.4301174967018315
2023-07-26,1.3768569027843425,1.3625684338941353,1.3700468759634599,1.4566879918071192,1.155483682385494,1.1897805757128157,1.4240799608179129,1.2537053288042856,1.432801374217056
2023-07-27,1.366026216168702,1.3521136552746609,1.3590618451929581,1.4412789259354066,1.1486570686988031,1.1779664998329575,1.4104857655752965,1.2415138641328207,1.4196960707351098
2023-07-28,1.3745131002115356,1.3618133023100216,1.369291458303006,1.454036166313304,1.1524077530856358,1.1853447208059185,1.4209110475695623,1.2520826420273317,1.432832495977666
2023-07-31,1.3777070589745806,1.364986774611666,1.3731213387603898,1.4584967741201893,1.1538960873236537,1.187862944859814,1.4247542225000962,1.255488206953099,1.4370454846862153
2023-08-01,1.3700265470294843,1.3580345714029152,1.3661160541782644,1.4476387498230892,1.1488448118715302,1.179484207152551,1.4151908529901747,1.2472055975551277,1.427875145624748
2023-08-02,1.3588597421120048,1.3453151129137066,1.3523067704872165,1.4306625611079775,1.1445752485413907,1.1708089190728825,1.4006306213108732,1.2317827270899235,1.4102186929447533
2023-08-03,1.3549000110746783,1.3421861216254414,1.349762994609471,1.4246383145347075,1.1403086345098121,1.1635523001891883,1.3943262147273348,1.2276514933752771,1.4060359105721936
2023-08-04,1.358455299026192,1.3438042717351681,1.3505930146607623,1.4284471749542262,1.1452821500002037,1.1716563436831386,1.3985617922710263,1.2291712019418777,1.40762047481596
2023-08-07,1.3599229281253151,1.346545658857789,1.3535445954532102,1.4311360031287343,1.1440682425318076,1.170903857987164,1.403258917943136,1.2310147074706523,1.411693566297705
2023-08-08,1.3585798815316061,1.3437298058418363,1.3495118320052009,1.4277320363244457,1.145791010162682,1.1740399061123699,1.397840807329441,1.2279979122432785,1.4069536322045768
2023-08-09,1.35725420003942,1.3417977549721782,1.3470993024549838,1.4260206846618022,1.1462117742173672,1.1739894226572534,1.3947879157059695,1.226090108497629,1.4039095147088136
2023-08-10,1.3532264767058761,1.338870677938032,1.3444473950266846,1.4214891094568474,1.1424901401808727,1.1676390717836145,1.3908691288280999,1.222448714749213,1.4007905374401257
2023-08-11,1.3501582198225404,1.3358033660265405,1.3415713307088695,1.416800752079878,1.1410612670460591,1.1641316653090539,1.3866040878766253,1.2183789352438517,1.3965188887291495
2023-08-14,1.34994770121096,1.3357448215020211,1.340955620668089,1.415250235161618,1.1405953817950676,1.1643633435719594,1.3853917725611138,1.2171315826714777,1.3963904179510576
2023-08-15,1.3419115589722563,1.326535722586879,1.330969315304174,1.4032653833966255,1.1377238687001003,1.1581102215067345,1.3747401810787196,1.2074109228148646,1.3842051586205868
2023-08-16,1.334548674701959,1.3189531947733855,1.3225459246217257,1.3928698812904368,1.1347232557866667,1.1522852963906112,1.365285830263351,1.1978145605168717,1.3739728772220612
2023-08-17,1.3297442739390788,1.3140338739164488,1.317082409724694,1.386530161198406,1.133174505392854,1.1481927298051522,1.35950507842312,1.1926394465022943,1.3671653893858522
2023-08-18,1.3319951607018998,1.3160357807720222,1.3192418182750436,1.388753591367494,1.1347932802594072,1.1509663781949304,1.3611141336252388,1.1936615744801036,1.369180222554125
2023-08-21,1.3319411817670153,1.3168825682204632,1.3202845924559437,1.3878839356162798,1.132665864216202,1.147703353240739,1.360499259478069,1.1936171825596513,1.370799668375794
2023-08-22,1.3329051627221287,1.3171834165718495,1.3203327670859144,1.3885275453664518,1.1341148748380385,1.1493257121665146,1.361327885912099,1.1938960466789659,1.370788476089442
2023-08-23,1.346182103772673,1.3294534218827228,1.3323979271532855,1.4058925891932432,1.1418351257346457,1.163328188700901,1.3773375719800518,1.208865821444487,1.386665120624575
2023-08-24,1.3381850697272282,1.3214294572152352,1.3242205356555803,1.3954524004877993,1.1391821504438584,1.1562798589173233,1.3672453108647034,1.2006962862836401,1.3751451129259513
2023-08-25,1.3422205312301683,1.3260850268200142,1.32877290958401,1.4005490719382576,1.1407088697351124,1.1595658046146011,1.3717834391417454,1.204881594805214,1.3808784234535598
2023-08-28,1.347066182995468,1.331143532284738,1.3343043136437465,1.4080639225968903,1.1423317710671979,1.1632484541753918,1.3790314657624236,1.2106502488772823,1.3882554234209348
2023-08-29,1.359010250604547,1.3430676681526679,1.3465219797052883,1.4236320009914012,1.1475353313906609,1.1734549489926414,1.3931009363703473,1.2229649003393552,1.4041594486422875
2023-08-30,1.36060158894762,1.3448880737661164,1.3485818769119358,1.4252927398302764,1.1478497885754508,1.173782296735738,1.3946406360295551,1.2240672245737738,1.4065983234742607
2023-08-31,1.3610629767743618,1.3446843614555826,1.3477183613230674,1.4236396132291016,1.148949263082375,1.1754683303562354,1.3938182125253267,1.222905916421581,1.4053994703158494
2023-09-01,1.3603017638189936,1.3464070136805373,1.3514026641496961,1.4249309868315667,1.1465915106617965,1.1713395838770744,1.3935285004239082,1.22319735274231,1.4077182122970706
2023-09-05,1.3537167623726956,1.340475342424424,1.3442925090173126,1.414284899408728,1.142630800126487,1.1641756779915708,1.3839872352019211,1.2142226765368367,1.3990101248830564
2023-09-06,1.3506402325022575,1.337285471484374,1.3410341061904667,1.4101897970479558,1.141881679375631,1.1617892729122292,1.3803808169517955,1.2103828121437348,1.3943321155953066
2023-09-07,1.3502353039538622,1.3358645010540737,1.3387285795826727,1.4083534498780153,1.1430712969931078,1.1638284324607626,1.3783132644336156,1.208392984933307,1.391565005677944
2023-09-08,1.3508249887493549,1.336493468239086,1.3390152657169665,1.4088356530293535,1.14389609688811,1.1648686247870768,1.3785927348909859,1.2087585180143219,1.3920689455014672
2023-09-11,1.3539908404500514,1.3409337994056516,1.3439842028199966,1.4138102521972373,1.143764284320581,1.1653109941860276,1.3835405263311997,1.2128593964178918,1.3983122362976386
2023-09-12,1.3517746965955872,1.3386212182818404,1.3415784745757364,1.4112699593159224,1.1439688541693687,1.1648674556056438,1.3811696973957575,1.2106616396378322,1.3946245673031423
2023-09-13,1.3519741195708674,1.3387009151792206,1.3407717005126476,1.410065617588569,1.1446334723381293,1.166813143478043,1.3798708600602265,1.2095460157682179,1.393931072311361
2023-09-14,1.3567787180755018,1.3449571208189695,1.3486018217050832,1.4179970944699032,1.1444194707311115,1.1672500286307825,1.3870697004877608,1.2157231213100281,1.4028513286569462
2023-09-15,1.3506226926979734,1.3392283390630917,1.3428919760717506,1.4109383016037795,1.1427523688768408,1.161525079874557,1.380569795851293,1.2099579670490785,1.3947232755190484
2023-09-18,1.3510793673999797,1.339378603036658,1.3422544923028739,1.410465467644163,1.1443451651449152,1.1632216399394766,1.3792651243341578,1.2090347319704697,1.394163453848108
2023-09-19,1.3480508479103313,1.3369390119335947,1.3398547137151102,1.4063084582834566,1.1424890587312193,1.1593375256723373,1.3753699844227347,1.205623327357378,1.390774162549
2023-09-20,1.3434947493002811,1.331571230357375,1.334106537410592,1.4010538415725968,1.1419662083930826,1.156837582721099,1.3703038404669736,1.201160372978033,1.3839233469159
2023-09-21,1.3278701074740278,1.3172764646742723,1.3194281246825175,1.3801420865360665,1.1351310121992333,1.1438241298318226,1.349194435330955,1.183594364545492,1.3643447956377612
2023-09-22,1.3293412011362282,1.3184689779214498,1.320418706314688,1.3829605887554683,1.1375750956955075,1.1472000338858213,1.3513442698411045,1.1850388605240476,1.3661322188704768
2023-09-25,1.3253741746196255,1.3153043477038477,1.317799543760144,1.3772763437840467,1.1324964612606143,1.13979796046034,1.3472469196350605,1.1803972979238662,1.3628285105584426
2023-09-26,1.31659401073346,1.3063553428846102,1.308293921140704,1.364878529081614,1.130195685851335,1.1347739287077798,1.3366148133423932,1.1681569743673206,1.3500591111126443
2023-09-27,1.3150402642557562,1.305477572239573,1.3080280903695995,1.3628912867641159,1.1280614633748884,1.1321629773636663,1.3352976111659554,1.1669076445959656,1.3490704775571287
2023-09-28,1.3195099010030333,1.3093205374266406,1.3118386364419898,1.3685340329330231,1.1292510093824049,1.1359919942858163,1.3408630063353792,1.1720096452488717,1.3547289961658018
2023-09-29,1.3171375930943447,1.3058151931875803,1.3076862272683019,1.3651183978556054,1.1277582806455688,1.1343401190567617,1.3381879051969456,1.16941101804578,1.3510703681142442
2023-10-02,1.3097423510249067,1.298744606771422,1.2996176083501514,1.3533525856988617,1.1226664341981925,1.1263752735055765,1.3272246977538535,1.1603255015597052,1.341974161075047
2023-10-03,1.2965652366450118,1.2866906491869268,1.2874274386238131,1.3362208928112367,1.1163739651060691,1.1133479395644241,1.3123366362683275,1.145026791941823,1.3258204547538035
2023-10-04,1.3013197143364559,1.2878074109105495,1.2866961218107855,1.3405172650488548,1.1191809325615765,1.1197706912343386,1.317080196755607,1.148591431721492,1.3291831387799249
2023-10-05,1.3009225751911564,1.2870545900316552,1.2861715310601696,1.3410154578398834,1.118398165366036,1.118933022041647,1.3171193015001201,1.1487014156313982,1.3292333913618777
2023-10-06,1.3050407171698248,1.292500996728752,1.2929153817762367,1.3472522133838989,1.1175158827836023,1.1181271565861517,1.323648427257262,1.155341720690231,1.3375639501750496
2023-10-09,1.3164584965878632,1.3038702023309845,1.303551280054971,1.36041534458662,1.1260944944510243,1.1313413660918286,1.3361049587192124,1.1652620910129312,1.349482665937263
2023-10-10,1.3191253358160098,1.306789309510383,1.3076595796021657,1.365799624234629,1.1259023361309735,1.131530753104647,1.343075134193286,1.1685532284084494,1.3549317604685769
2023-10-11,1.325592448550395,1.3118947423017788,1.312234784861051,1.3739038435226771,1.1302356132115452,1.137701791236356,1.3505384364422435,1.1749622287511927,1.3616375850652032
2023-10-12,1.315754203679568,1.3033751392893733,1.302876832931333,1.3599054651497369,1.1241459649805674,1.126733675371405,1.3376755060511802,1.1633709976741615,1.3500942572318657
2023-10-13,1.3196957149229172,1.3080776524946278,1.3070810396692347,1.365140674359614,1.1308238882725672,1.131792629287942,1.3476800593683373,1.1648309286771705,1.3536486738135929
2023-10-16,1.3210633083509233,1.3104332205240898,1.311247508967263,1.368236425295453,1.1277281295153643,1.1282679218560316,1.351470297699793,1.1666169487873874,1.3585908166261458
2023-10-17,1.318112248271168,1.308520222970721,1.3110230367864382,1.3654415652983638,1.124628856961873,1.1213765166731138,1.348561131114909,1.1645711704726105,1.3569888399609753
2023-10-18,1.3103023206232631,1.3010514460081162,1.3030140138011739,1.3536133887647988,1.1229595067621274,1.114076687726549,1.3408119832741996,1.1534380881569324,1.345951316595103
2023-10-19,1.3030222249958023,1.2949949867105057,1.2974546479824014,1.3437966968164081,1.1200673308333582,1.1064122227285356,1.328802423485677,1.1441562729884212,1.3378263874159493
2023-10-20,1.299589784784505,1.2896045480814995,1.2908976599204716,1.3376213392793257,1.1212037772242456,1.10720551235628,1.3225055658455214,1.1381526360429723,1.329821037701885
2023-10-23,1.300583331989995,1.2896391689222855,1.2892956351004963,1.3378065434576651,1.123698063617798,1.112180597396159,1.3223342553028008,1.1379687530645728,1.3291281885480977
2023-10-24,1.3062857321715622,1.2950156520693255,1.2940673918574002,1.3458381631653216,1.1263561423423805,1.1177100521863819,1.3313928612692625,1.144777524511625,1.3360787628375432
2023-10-25,1.2947131569446002,1.283927322888299,1.283928891431481,1.3311207219609695,1.1213499807597225,1.106263784997446,1.3167722084673397,1.1326912409735255,1.3220956051411625
2023-10-26,1.2952774327958831,1.2821796817983135,1.281816272397503,1.3317074183284603,1.1240617136424442,1.1096197670257812,1.3170852808218305,1.1329313695393457,1.3190948384009933
2023-10-27,1.295210841295511,1.2825633563237746,1.2828762656054569,1.3303330007246452,1.1250732105230954,1.109235687969873,1.314841317906991,1.131436894839193,1.319108624335249
2023-10-30,1.2963294955759037,1.2845084901074686,1.2842737026340498,1.3332117330156572,1.1234012290978037,1.1082790759661323,1.318250338756013,1.134024660418026,1.322474158032826
2023-10-31,1.2983011424153055,1.2863973118212324,1.2861168748780603,1.3353952114794798,1.1224354146962952,1.108204816959979,1.3184827247505337,1.1358619157742234,1.325098223242401
2023-11-01,1.3085426430497469,1.296039741998265,1.2942243973399405,1.3480862688584918,1.1288527371089392,1.1218096779496325,1.3316008024229746,1.14594532449399,1.3367540491494683
2023-11-02,1.32502873043451,1.3124361503183632,1.3111666069422578,1.370641183646292,1.1359352524755082,1.1358029377439842,1.3526696546345562,1.1622646811354633,1.3580612944851527
2023-11-03,1.3315088019087868,1.319154924693891,1.3190125375327506,1.3855442538389044,1.1394850752836876,1.141754150233387,1.3640868496582264,1.1718599975608412,1.3717277131907069
2023-11-06,1.3286314544031361,1.317175854103909,1.3167609063254624,1.3802166075364033,1.1366774843652394,1.1379065403965234,1.3587305657491122,1.1669793796912304,1.3679955342124566
2023-11-07,1.3290600945253346,1.3167401676400208,1.315096137828977,1.3797150724671072,1.1389115483090821,1.1419031641908712,1.3569402004902336,1.1662215208777773,1.3668685926594237
2023-11-08,1.3292783178818557,1.315842838281255,1.3128326435897468,1.3787388810528445,1.1407255848286355,1.144330423868419,1.3571108047478957,1.1661823692594686,1.3647299744526165
2023-11-09,1.3231508171447255,1.3104255619650835,1.3075098814257904,1.366781888992878,1.1353713809442658,1.135968867603513,1.3449876858297962,1.1562304670936878,1.3545430344487386
2023-11-10,1.3281417212085773,1.3156427380367661,1.3130573116163864,1.375991201689273,1.1373673913392897,1.139093880961132,1.3522316499277833,1.1643031443447087,1.3650909210817426
2023-11-13,1.3285591220469444,1.3163985472137114,1.3140068292883753,1.37675846016384,1.1381208187766254,1.139182919915292,1.3528845535677132,1.1646354157559018,1.3661748369716586
2023-11-14,1.3442236656442863,1.3313414193550086,1.3313674188259403,1.4082197485251617,1.1466187552821394,1.15264354956174,1.3829120522118878,1.1884553210042044,1.3951337161448671
2023-11-15,1.3421970095421263,1.3299881684824963,1.3307867629428787,1.405261781409338,1.1429901702179186,1.147005789337003,1.3787449091334414,1.1846999191463683,1.3932245463169814
2023-11-16,1.3425893802599722,1.3296139797209319,1.3286421701044164,1.4041218801278474,1.1460735123972876,1.1515433121700682,1.3771682137086805,1.1829553336780985,1.3909234798704313
2023-11-17,1.3454839961210483,1.3324977971827927,1.332293434575742,1.4104329547229437,1.148027643950094,1.1529727796913536,1.3822278858210777,1.1878360462822595,1.3968991154888544
2023-11-20,1.3496689937898485,1.3370569181765275,1.3373509289986338,1.418976069252834,1.150445313479406,1.155706340631982,1.389116213351569,1.1939723042122254,1.405905805812379
2023-11-21,1.349024946443776,1.3365045695168785,1.336082787286192,1.4167232031306005,1.1516585952571057,1.156447843306406,1.3873053980299952,1.1928531665219797,1.403522816156476
2023-11-22,1.350193123150478,1.3373867647396829,1.3369017353609578,1.4185553911862092,1.1521316120608716,1.1566732662608292,1.3896588931220455,1.1942818519307543,1.4052708785186214
2023-11-24,1.3493228415444678,1.337038186017769,1.3374399823027483,1.4176535873111604,1.1497887298321128,1.152596951406055,1.3886380526066235,1.192956576293537,1.4050474263222463
2023-11-27,1.3516693385107343,1.3384060796205575,1.3377047112655183,1.4204911060547687,1.1538132833081252,1.1578774624035637,1.3907545276463382,1.1950952711106817,1.4062602743351829
2023-11-28,1.356016420652162,1.3429532067857084,1.3423653804130102,1.4270257429733357,1.1570566804420852,1.161918464334469,1.3964498013931037,1.2001759153173908,1.4124332605078154
2023-11-29,1.3610721405321107,1.3464403012844215,1.3452757463100435,1.4325758618170352,1.1608900639100606,1.1683897737145699,1.4009131250369775,1.2050075279152643,1.4167297751320753
2023-11-30,1.3571922490970445,1.3439293008721023,1.3429211571793334,1.428884378405416,1.1573005168046202,1.1630009665187497,1.398942592260841,1.2014626338130785,1.4135044573729885
2023-12-01,1.3698391438365765,1.3552459518933184,1.3545261956628423,1.445385176473111,1.1640067179902802,1.1738433634667829,1.4140711654978846,1.2149361723548568,1.4277277188783246
2023-12-04,1.365166983590608,1.3492521077703525,1.3485251695081717,1.43824620761629,1.1601784774653034,1.1689605695192733,1.4075898529736974,1.2089381932727705,1.4203017162963285
2023-12-05,1.3660143761979489,1.3489877619172488,1.3459867118312445,1.4379231906914098,1.1638345942955488,1.1754116543772613,1.4070224627182697,1.2076246955822856,1.4187170440914796
2023-12-06,1.364286926629204,1.3471573774371937,1.342679001042987,1.4364566319847853,1.1653372810421088,1.1769459275003507,1.4061299786110013,1.206300741722946,1.4154615119499778
2023-12-07,1.3674830065463226,1.3517100587611774,1.348349507305792,1.4411636441798321,1.1654666939329013,1.1782064796353207,1.4090929578857188,1.209840746278238,1.421690878935733
2023-12-08,1.3657564283896604,1.350719415076083,1.3485117452326387,1.4390458353586024,1.1625534464788925,1.1747053146402633,1.4061173681129617,1.208219481753837,1.421154528444146
2023-12-11,1.3658608701931694,1.3519251557883143,1.3502220714772053,1.4400167584249457,1.1616060973634754,1.1750755471696903,1.4076407734011025,1.2091462552184957,1.4228674353772042
2023-12-12,1.3661442847619618,1.3534651551711094,1.35114051964596,1.441229721434095,1.1625524974643198,1.1780822354784584,1.4092294556575067,1.210288165449829,1.4243678714403814
2023-12-13,1.387333102350938,1.373418552794185,1.371722089062386,1.4685601333947413,1.1730414162068832,1.1966006909610374,1.4334040420205487,1.2317348638644474,1.4496571454031237
2023-12-14,1.3967136279397083,1.381478835043994,1.3801698879219595,1.4872634510159168,1.1801248373367645,1.2036054891919712,1.448686360314787,1.244156357975607,1.4653984588719537
2023-12-15,1.394798900609973,1.3791448873059187,1.3775107983671928,1.4815764655626977,1.1793625423707617,1.2031410481856657,1.443069258431938,1.2408181017028008,1.4606391084689205
2023-12-18,1.3955840550818557,1.3805596056774263,1.3794667871198316,1.48280168339362,1.1788768695615954,1.202313606672917,1.4436030780696725,1.2417286492339774,1.463355278568558
2023-12-19,1.4002848776254753,1.3855827062438966,1.385247603098198,1.4928008056464468,1.1814857244056185,1.2048317015860839,1.452881594222411,1.2493317228125482,1.4731908492369195
2023-12-20,1.3959731043770836,1.37929142374876,1.3771147315426702,1.4814618590290267,1.1815184509432581,1.2061392198864282,1.4445112500062531,1.2421295652615334,1.4600296773722075
2023-12-21,1.399843537572088,1.3851067838050302,1.3844180990129071,1.4922106544436038,1.182201269916531,1.2065253133152152,1.4538798417582637,1.2510545984152066,1.4715831676868596
2023-12-22,1.400477860578752,1.385854863458853,1.3855900287617369,1.4930873884097915,1.1817956180494702,1.205950546054573,1.4549624836012913,1.2515172030929644,1.4731739547329434
2023-12-26,1.4049365649405858,1.3902503451174695,1.3908255556521885,1.5015665592544702,1.184090857303006,1.2079039220445529,1.4627146086745277,1.2578790731416896,1.4817837969545362
2023-12-27,1.4089530656520421,1.3941201339946192,1.3938446703543557,1.5093714192833778,1.1888074399167108,1.214622135619925,1.4694690759469473,1.2637803014715179,1.4878100599192785
2023-12-28,1.40588039703423,1.3924986456882216,1.3922343730363256,1.5064840685871228,1.1861707704585611,1.21046553355166,1.468280837935701,1.2610693314115689,1.485247026905497
2023-12-29,1.3996348323229055,1.3870523233765966,1.3864701655114535,1.4988363635557933,1.183609711733064,1.205375869492044,1.460957244670007,1.254627063873541,1.4779955369058793
2024-01-02,1.393391674994855,1.3800502507407622,1.3785149217477854,1.4897324685870639,1.1805001220474163,1.1985639203074705,1.4527776007528899,1.2474815582027399,1.46825530890243
2024-01-03,1.387874122255233,1.3722105069166521,1.3695021030389174,1.4802508067607085,1.1803843127824896,1.1974263220786707,1.4420125985759578,1.238209378813799,1.457850116388965
2024-01-04,1.3829142739376565,1.3679585024578826,1.366073647380837,1.4742882259030017,1.17671247258035,1.1902290742684132,1.4367164111178872,1.2335671911878892,1.4527508730845449
2024-01-05,1.3818042729404942,1.3672267828593376,1.3662349548092387,1.4728289567507047,1.1752234804136823,1.1876850001936337,1.4347162335596604,1.23231575291015,1.4522341972133763
2024-01-08,1.3886020278872329,1.377031968405788,1.3749610330080813,1.4832443416745495,1.1776671310291262,1.1955908981458927,1.4466228009772681,1.2410103257090124,1.463491043956154
2024-01-09,1.3875245964759437,1.3745127213671562,1.372303474213176,1.4790134879824905,1.177565220739248,1.1956841301654932,1.4427558506564748,1.2383054496247181,1.4602973653492288
2024-01-10,1.3873323408269775,1.3758993284060181,1.3736710255327038,1.4794360384383207,1.1767122302316129,1.1954065565970127,1.4436127357399295,1.2386839452323266,1.4618786306270846
2024-01-11,1.3895745123506555,1.3771845721572766,1.3745931094131882,1.4816525586254965,1.179483628989501,1.2003912034753639,1.4458296918095361,1.2402768494285785,1.463467075984394
2024-01-12,1.3924436136777467,1.3798297693229824,1.3777401264177913,1.4854342719816076,1.1809615532016147,1.2019637088230672,1.4489189573729324,1.2430011564996344,1.4670117900945405
2024-01-16,1.3826011712004165,1.370056514225816,1.3677811220954461,1.4699846361036697,1.1751679468748593,1.1920791178175634,1.4349915039009404,1.2317659530163867,1.4542441301532418
2024-01-17,1.3760639962238783,1.3625314801260573,1.3595457166434595,1.4596153898767439,1.1729477208643966,1.1882410844477818,1.426048571915062,1.2217633816385234,1.444363403955031
2024-01-18,1.3794632648802667,1.3673935519514953,1.3661178328528356,1.4649597087735762,1.17317495872234,1.188825736272883,1.4307531495361514,1.2266222561977638,1.4517542343439094
2024-01-19,1.3855467008068485,1.3753954893255536,1.3747863759787704,1.4739696277000325,1.1748782078437896,1.192784636966958,1.4392151481207114,1.2339316975193275,1.4623823508803113
2024-01-22,1.3896918827180134,1.3786181729087352,1.3785254441256434,1.4786126836662334,1.176478634096379,1.1961888216524001,1.443584505918421,1.237874796511634,1.466903401525252
2024-01-23,1.388984886850694,1.3787422501774076,1.3795156730565103,1.4782632691949664,1.175616584818753,1.1941249855914131,1.44332841066215,1.2375812597429068,1.4676298765278561
2024-01-24,1.3871970288860715,1.3783223224818835,1.3796540043393521,1.4772819882173527,1.1743350475868866,1.1928817908639946,1.4424925374628221,1.2366157428211728,1.467598447072226
2024-01-25,1.393902356711484,1.384459252256632,1.3858106405536315,1.4857198214303655,1.1778066749287983,1.1996994314657998,1.4501319743899808,1.2430714044373397,1.4752261291121742
2024-01-26,1.392666879161797,1.3832251706096157,1.384951455433294,1.4846793916862036,1.1771377637906497,1.1977493165171291,1.4487421312314546,1.2419386888967383,1.4738585603489704
2024-01-29,1.399328207307325,1.3901071345273885,1.3915193481161185,1.493474671031896,1.180624787068344,1.2039247120780439,1.456792073442828,1.249248255682494,1.4827022798594036
2024-01-30,1.3987670721698138,1.3883387157887106,1.3891035815821857,1.491701393871093,1.1824658872731184,1.2058184514001908,1.4554248674075878,1.2480260527114477,1.4800603726577375
2024-01-31,1.3925255738703968,1.3795405245888095,1.3781195108823292,1.4825136710684954,1.1833180903460714,1.2052506098160485,1.4464257577590989,1.2407699640809537,1.4675501232483008
2024-02-01,1.4025011864911359,1.3899873444769697,1.387384781980014,1.4965086775366947,1.188681213525242,1.214816467879085,1.4593711107219616,1.2522372169521954,1.480723806001887
2024-02-02,1.3954196963632528,1.3866324602042763,1.383997550177691,1.4877038365940465,1.1825756804704206,1.2062617415214358,1.4510352453685906,1.2450588183482243,1.4765513191360347
2024-02-05,1.3867225697895464,1.379479371559929,1.3777154667290836,1.4767566866863928,1.177348080956703,1.1967662659119365,1.4403465903112704,1.2357413387463332,1.467655086417176
2024-02-06,1.3930783744648936,1.3857109360501307,1.3843673586500231,1.487275824626762,1.1807649608342579,1.2023923626457926,1.4487672043977506,1.2448598670505764,1.4759891054506689
2024-02-07,1.394285852981406,1.3882674284488687,1.3870615807971711,1.4887585332101092,1.1805287981475472,1.202825455224573,1.4505212164301302,1.245833055259343,1.479340632178074
2024-02-08,1.3957136888959525,1.3893943454520863,1.3892853604604252,1.4897584484496031,1.1793162626047893,1.200421956179535,1.4522909891425775,1.2468389666963775,1.4812896573939338
2024-02-09,1.398761164197149,1.3933772293644067,1.3941018472046949,1.4943444239450248,1.1792532124690551,1.2015672660503995,1.45652832493144,1.2506302110621739,1.4872042647890669
2024-02-12,1.399703900809179,1.3941591948806311,1.3957769897193082,1.4970105736788517,1.1792728038989437,1.2014230124845269,1.458516395929501,1.2526524196064552,1.489139679935397
2024-02-13,1.3826651536636692,1.377268074060317,1.3776374043559165,1.4730401765278702,1.1720580172873163,1.1877191410775692,1.4376834661618523,1.234452859548199,1.4659203837311898
2024-02-14,1.3866391277241468,1.3821248199313105,1.3827223610125572,1.4833309803267574,1.1740374223962902,1.1910750789375695,1.4466810651451563,1.2449814596970594,1.4763257495332012
2024-02-15,1.3926091654845458,1.388016122825664,1.3893968342543324,1.4956861655664535,1.1767192936176414,1.1941157260457884,1.457577009091868,1.2540559959446884,1.4881233184835851
2024-02-16,1.389473712247031,1.3851203517300836,1.3867740842791683,1.4903894103928512,1.1750719931852973,1.1901769549887853,1.4515923064371805,1.2495063854069914,1.4823144826057975
2024-02-20,1.3885370387518523,1.3837185122240316,1.3851111812681367,1.4885903823123243,1.175833896195984,1.1907437655273188,1.4487035021292956,1.2474787037461246,1.4790537362224596
2024-02-21,1.387634231614463,1.3831666040357982,1.3848585153304793,1.4873211149628152,1.1744323999299187,1.188066039807157,1.447005331414756,1.2461555025011937,1.4779753642898885
2024-02-22,1.394358264412723,1.3922898926754714,1.3938207327419019,1.4991422556297838,1.177040841645768,1.1931393682022073,1.4585713624104537,1.2553130077103336,1.492903403844688
2024-02-23,1.3954024547231199,1.3924681376626744,1.3931134722647067,1.5007663631612465,1.1794080069085435,1.1959760596831062,1.4601958017635717,1.256799554060761,1.4931018604654247
2024-02-26,1.3939447750510845,1.3910765119626343,1.39232655336387,1.4984361395666357,1.1786519636942696,1.1937255464679357,1.458500895032223,1.2550065225676958,1.4913609716495881
2024-02-27,1.395677219406051,1.393424978360631,1.3955318096363551,1.5011304434706225,1.1780406299517991,1.1930660155086972,1.4602709405556928,1.2569426815286913,1.494900958261993
2024-02-28,1.3955525487127656,1.3917437198329188,1.3929881709872318,1.4991033873263377,1.1791044748612471,1.19401244535429,1.4587912419189768,1.2556746345612682,1.4919533188568344
2024-02-29,1.4005136791284958,1.3962492364169607,1.3975922004184147,1.5048832326499815,1.181237815316515,1.197275266057203,1.4640276057398,1.2602160515228806,1.4980927886419177
2024-03-01,1.4111413483889386,1.4073189571920024,1.4093992315991748,1.519108792518401,1.1859496753330452,1.2044177098529678,1.4764865251016623,1.2709149079050925,1.5128726434212998
2024-03-04,1.4126005767192382,1.4085856913920094,1.4113867912604334,1.5203673919643355,1.1864631436683934,1.2025055662970634,1.4776461731540282,1.2717148718685045,1.5140533853326488
2024-03-05,1.4091406958985724,1.403254894500428,1.405018964395577,1.5156836254457837,1.1889835513326639,1.2043706771550005,1.4733640321446222,1.2679998482516568,1.5060954534751425
2024-03-06,1.4156929599723314,1.4106782112048106,1.4131352962275807,1.5257726184154528,1.1919514523912451,1.2087835467509103,1.4822501039517935,1.275785527325976,1.5158995696318678
2024-03-07,1.4216168959239113,1.4176763992645955,1.4204421767727229,1.5339029319975384,1.193735696854707,1.2125373920809925,1.4894925834606507,1.2818536357374761,1.5257489049586346
2024-03-08,1.4205843672433736,1.4157618393930091,1.418890025377525,1.53288900128744,1.1939140242911779,1.210922683339646,1.4886086284283464,1.2807274398042083,1.522763977072283
2024-03-11,1.4192705385756443,1.4149566215750986,1.418051806943642,1.5313382570062515,1.1942435350951106,1.2105779706601947,1.4867536370281058,1.279147140844904,1.5209128553767144
2024-03-12,1.4196551942595772,1.4172518028305638,1.4200709808914775,1.5328840770588377,1.192143122457457,1.209735224364279,1.4889248864690856,1.280579824384236,1.5248185526621023
2024-03-13,1.4193819751274694,1.417495663770086,1.4212148820429928,1.53284925784937,1.1923615237381135,1.2084367307850337,1.4884949767965427,1.28036194649845,1.5245723765650794
2024-03-14,1.4115128359544584,1.410726415950049,1.4143646682366324,1.521887142428016,1.1882291404881977,1.2007445583339578,1.4781502605957306,1.2716235675929917,1.5153636570970275
2024-03-15,1.4084504663227755,1.4074689773970364,1.4115302937329,1.5184712973783034,1.1875565234573273,1.1987440932024664,1.4746677132924715,1.2683449061314753,1.5107244286146098
2024-03-18,1.4110798479605875,1.410656605948893,1.4149290904529983,1.5208688971363,1.1880864172997572,1.2000099881944377,1.4765515301921925,1.2701130714672475,1.5146442711391102
2024-03-19,1.4132394845550333,1.4126151267370919,1.4164725268780176,1.5233722893012447,1.1895494533757616,1.2036974471536797,1.479041277112036,1.2721231589802102,1.5173368068192232
2024-03-20,1.4211108735035338,1.4207817309348962,1.4250439301527815,1.5342787746022954,1.1917796541853058,1.2075631631874224,1.4898708661759585,1.2809335197629252,1.5292097556592565
2024-03-21,1.4241979321896738,1.423358089623886,1.4277748747865668,1.5378953067940748,1.1923869243467713,1.2089386080754836,1.4931741170078425,1.2837861547998637,1.533192258838796
2024-03-22,1.4214628075070914,1.4198444483111896,1.4228988160517875,1.533469443439495,1.1934814964798235,1.2115439366280383,1.490067774431676,1.2805783560580806,1.5282488126486276
2024-03-25,1.4200572881546658,1.4190784226519337,1.4227905762353132,1.5318400429118848,1.192744551614175,1.2088496535942372,1.4882021453213177,1.2790239420398049,1.526854653696318
2024-03-26,1.4185665094284863,1.4174583726629815,1.4206291860284348,1.5302607817992537,1.1930408702053856,1.20835310540632,1.4867264391042567,1.277700021061855,1.5247083440901903
2024-03-27,1.4283246739956288,1.4262224927091478,1.4296166919827067,1.5429393179789381,1.196839308198806,1.21524609090057,1.498275818209069,1.2878164434245867,1.5365035972417858
2024-03-28,1.4314869862491588,1.4297816618940011,1.4336827106666097,1.5467284929200111,1.198108127672866,1.2147459902369468,1.501456866758861,1.2903970828685012,1.5401697641924583
2024-04-01,1.4266358502652408,1.4262900941641523,1.4306645384383199,1.539671132416825,1.1946167234990281,1.206296362812954,1.4950641495138621,1.284773951357276,1.5356193951330384
2024-04-02,1.4229136942514373,1.4237809665866503,1.427829101306313,1.53494048646403,1.1947385281667586,1.2031221298049704,1.4913586417703066,1.279871736671742,1.5304603535388706
2024-04-03,1.427028945718131,1.4281877203603133,1.4329286496907223,1.5401054833023755,1.1965214810689333,1.2049020669328563,1.4953213563092174,1.283828207563978,1.5359728407570352
2024-04-04,1.4220181909108371,1.4229843185714195,1.4271629616078292,1.5338909137021435,1.1969518869846774,1.204519292932142,1.4889093209810977,1.278419417503258,1.5271389342422081
2024-04-05,1.4261618052242473,1.4278128729759831,1.432727756303016,1.538031217830973,1.1962451611976226,1.2017831534629733,1.4930180430207431,1.282175970418467,1.5344220141959086
2024-04-08,1.4292680715995632,1.4308097055095317,1.4361910057739165,1.5424096336493682,1.1967812573920846,1.20180799481318,1.49617432275495,1.2857158915595779,1.5385470415104174
2024-04-09,1.4345002343526359,1.4348324154100243,1.439938802646329,1.5487349796413876,1.1995287615381396,1.2061251776352113,1.5020408387264041,1.290652749812352,1.5438306086760274
2024-04-10,1.4170948836942823,1.4201982561601705,1.4251948634350453,1.5260236945099526,1.1921730746051082,1.191889910642706,1.4809747921587422,1.2732178494784359,1.523737304184585
2024-04-11,1.4220031114711909,1.4249450322276154,1.4303205201347091,1.5325277349035493,1.1934093136823791,1.1919541989092899,1.488006754913578,1.278919411539185,1.532740885072196
2024-04-12,1.4146478705644334,1.416324571836349,1.420575188188932,1.5198476422507243,1.193044494827739,1.191544439971925,1.4767252374003306,1.2685142421569606,1.5179323981592283
2024-04-15,1.4071589566322968,1.4097302968372365,1.4140783950641145,1.508597061150649,1.1898203400633733,1.1816922997484942,1.4628713652704946,1.2584473938499325,1.5070975715782247
2024-04-16,1.403286943293585,1.4056249396119203,1.409677140842281,1.5010239697845487,1.1880373543341227,1.1779831951527302,1.4555392893156673,1.2513771537832667,1.501111411165738
2024-04-17,1.399079951611147,1.4006973829000824,1.40310001772054,1.496657505138154,1.1890791095645663,1.1802109360832251,1.4517735355339778,1.2477325651406692,1.4938343546332489
2024-04-18,1.3972783920148575,1.399334890147589,1.4019309456929143,1.4949106796118647,1.1880762527649138,1.1775220209899218,1.4498087099656425,1.246165809830548,1.4918832414021848
2024-04-19,1.3956251211028041,1.397526639539627,1.4001830848259769,1.4935367794522811,1.1888147288529651,1.1769116137892555,1.4473128136609932,1.2440952735672115,1.4878027550709165
2024-04-22,1.3976537619017344,1.4005240916282722,1.4040641950758899,1.4989505559185707,1.1878509540744222,1.1804615965688134,1.4551666016294058,1.2490592786417907,1.4933194539106305
2024-04-23,1.4046724296263637,1.4080494635870822,1.4126235077467688,1.5090638490720187,1.1893436944974125,1.1850873379035167,1.4637903749680001,1.2574583369995367,1.504671741572141
2024-04-24,1.4031666414922892,1.4068864247149215,1.411729990967003,1.5068511305873105,1.1875224763295649,1.1818562686763248,1.461099896469386,1.2554386868369953,1.503388084089167
2024-04-25,1.400614209795546,1.4053695843875094,1.4100576947243424,1.5034301252995206,1.1864016081180124,1.178122450433457,1.4578607400940313,1.2523487800316166,1.5003224356781315
2024-04-26,1.4071474945454439,1.4122487156502919,1.4172481272029898,1.5126413950605104,1.189048258301081,1.183595581802085,1.4657127022507288,1.259861146319317,1.5104929726349148
2024-04-29,1.4118403947193232,1.4164856220184832,1.4220791487448983,1.5197195051296468,1.1913308341740398,1.188341130753896,1.4718613434938703,1.2651111065365446,1.5166078915928993
2024-04-30,1.3966731265123409,1.4009444958415003,1.4059384515249225,1.4998121482564983,1.185589733702204,1.1786266320614152,1.453682263613455,1.2503142690967817,1.495618301947327
2024-05-01,1.3971756060225993,1.3997541952786317,1.4040690267934248,1.5005581298110693,1.1876573906208128,1.1809723463166817,1.4545481710541752,1.2492074732261351,1.4944799801999373
2024-05-02,1.4055581757674027,1.4089820511277629,1.4152508158944561,1.5150090768635003,1.190442352770495,1.1879798656838716,1.4671071016213015,1.2599300631287997,1.5085432175852698
2024-05-03,1.413969273433674,1.4171788530177,1.4239622874547435,1.5270490254416704,1.1943015255386418,1.1962686113158143,1.4776357280498382,1.268931496636185,1.5214817641793636
2024-05-06,1.4207525589815502,1.4244928777773245,1.4313090372798543,1.536379157364962,1.1973618460262014,1.200443860533418,1.4870086917622791,1.2762311580032921,1.532199111624901
2024-05-07,1.4222545628073655,1.4252275218838166,1.432404735393093,1.5381397888696093,1.1982382439163455,1.202238420996766,1.4885913064479566,1.2777490246158845,1.5334076322121095
2024-05-08,1.4184508121374972,1.4218202901637629,1.4286313431715272,1.5333410251231525,1.1963129127251546,1.1989338516784862,1.4840036457517494,1.273929622690997,1.529344615898381
2024-05-09,1.4263225253156289,1.4289209936052159,1.4362633170853631,1.5434067980062978,1.199319231018453,1.2020783400011197,1.4930727523079916,1.2816822704367152,1.5390622074858478
2024-05-10,1.4257444437580071,1.4285664220043133,1.4353628169513903,1.5421306091317588,1.1985668274689962,1.1993373810045656,1.4916379400270205,1.2803657470930596,1.5388674928960602
2024-05-13,1.42622708895187,1.4300802938558494,1.4376360772354562,1.5439795073161569,1.1986329373897793,1.2006863584065268,1.4931955153171037,1.281655078716855,1.5403409024905614
2024-05-14,1.4319257935287484,1.4350645465730143,1.4429695839344234,1.5515836943489671,1.201028143400518,1.204247696497025,1.4999803193414616,1.2876291129179358,1.5479384708173114
2024-05-15,1.444526843434094,1.4471586597208543,1.4552472295923993,1.5681082315659045,1.207046275590024,1.2148173844037085,1.5147168624256842,1.3004983000123045,1.5645668210491825
2024-05-16,1.4421467613117744,1.4453179803487903,1.4532322623263738,1.5650387259808896,1.2061557004184031,1.212871714274818,1.5117046670900434,1.2977528222909245,1.561399661564226
2024-05-17,1.4447380150368334,1.4482010183299496,1.456208660000867,1.568169761567879,1.2067352932771471,1.2112594179143217,1.514233372494086,1.299527440732027,1.5653869260136137
2024-05-20,1.4466534836537865,1.4500798389670666,1.4584254102338554,1.5694694758126693,1.2072808968507873,1.2116733801573467,1.5153753325087496,1.3006935956702927,1.568170270049117
2024-05-21,1.4471268297397661,1.4499582200043704,1.4577798140372598,1.5692427106019398,1.2082539392645981,1.213518272979788,1.5155716858488282,1.3007220109288495,1.5679415716038272
2024-05-22,1.440268542449538,1.4433369308279052,1.4504085967939926,1.5601328397252672,1.2057140410272411,1.2110857590055348,1.508215402991819,1.2939779357179186,1.558713683912137
2024-05-23,1.4295250499573011,1.4337852073521904,1.4402009472235155,1.5464550629394285,1.2016410847405126,1.2055559455457314,1.4971786281452348,1.282493615900996,1.5454519803807052
2024-05-24,1.4346332086481939,1.439535035967524,1.44670611275549,1.5538122789587052,1.2036693200587048,1.209855092176604,1.5034662422007385,1.2887874238594628,1.5537009158990787
2024-05-28,1.434949077845207,1.4398861550597157,1.4480472552661687,1.5529243088910007,1.2022882644427961,1.2052565121016048,1.5017638172750527,1.2876982893944289,1.5553125934314276
2024-05-29,1.4254550784778672,1.4293956954291713,1.4368317081952373,1.5381230832947321,1.1978422359095346,1.1979668235515526,1.4885023493596883,1.2758092100999385,1.5411983009165402
2024-05-30,1.4279635568602966,1.430184937008884,1.4371189501147812,1.5414560220167626,1.1998212956179808,1.2009608440563952,1.491534125331217,1.2775355891463411,1.5413281059080017
2024-05-31,1.4320878358994744,1.4341344855126008,1.4408252280114804,1.5469782340500593,1.2015223822365986,1.2058032086784454,1.4969741857476384,1.2817340831903594,1.5459385193207738
2024-06-03,1.43570710190982,1.4375461891928873,1.442290925649923,1.552008427681352,1.2055578211100801,1.211930622254821,1.5014654539267291,1.2853074649113532,1.5495930189922573
2024-06-04,1.4356112779059371,1.436854069426836,1.4401193399342351,1.550061162981245,1.206969491226234,1.2155298134189163,1.4988625017130621,1.2839795928602364,1.547023623564279
2024-06-05,1.4449325305566274,1.447144628512513,1.4509737343222466,1.563249958816316,1.211046635351208,1.2225107642458868,1.5106107272292606,1.2941449543636574,1.5618499988962984
2024-06-06,1.446983108270769,1.4491575642604273,1.452973385012985,1.5657249498127377,1.2119795131703281,1.2223264240648402,1.5129489962400968,1.2955316851050567,1.5644076440039232
2024-06-07,1.4327237021014092,1.437299560835665,1.4419335772777029,1.5479952127733634,1.2035900335326417,1.2125235448211804,1.497082404064437,1.2827041576532712,1.5487559933447168
2024-06-10,1.4362376474410674,1.4404853141423168,1.4460684137274917,1.5522233505753789,1.2041275999937844,1.2122242368762726,1.5005095261660024,1.2864001532212792,1.5540886343682976
2024-06-11,1.4385037013081683,1.4423572542856709,1.4468970093615279,1.553554821117022,1.2070904452503315,1.2172021584876795,1.5017902876031184,1.2873914465066234,1.5555023767984504
2024-06-12,1.4470186312802862,1.4517083829824717,1.4571374819027934,1.566080075351137,1.210733406298627,1.2246892924483763,1.5141236723794158,1.2968284781041766,1.5683752960904167
2024-06-13,1.448294140308132,1.4533997636366893,1.4579828775922274,1.5666931481180555,1.2134815948093676,1.2304443087387653,1.5140310807435973,1.2976767923275354,1.5683160957610247
2024-06-14,1.4497949699726185,1.4539382066204465,1.456797631284163,1.5662350024526064,1.215730396234757,1.2316168034879837,1.5136533291625267,1.297238622820633,1.568157899969983
2024-06-17,1.4500238815780284,1.456321526445778,1.46076038685844,1.568145422178785,1.213867529247131,1.229983437280079,1.5141155135485027,1.2986248390284478,1.5728305213775662
2024-06-18,1.4549087473039937,1.4613621435142616,1.4655403152400568,1.5753464252082805,1.2171972100163988,1.2353569413374297,1.520270265140894,1.3038771335301738,1.578816087815963
2024-06-20,1.45414321557456,1.4590043222969857,1.4626971866468776,1.573104132227335,1.2166601682867864,1.231836220376172,1.5179720909096897,1.3018590265830496,1.5764138481589285
2024-06-21,1.450261192617555,1.4561507070929771,1.4602298440856456,1.5689382237905256,1.215114243976524,1.231402070517753,1.514473083617407,1.2988217695770297,1.5716669697817722
2024-06-24,1.4522275741011954,1.4568985632190332,1.4609559952433235,1.5718635539927532,1.2162912867481213,1.231591955634556,1.5165814721892419,1.3009073642067577,1.5725417089801799
2024-06-25,1.451106777538851,1.4573144628538934,1.4604497326601984,1.5704014158808555,1.2162793400528964,1.232973521689086,1.5160147424850816,1.300038667106501,1.5727668758988298
2024-06-26,1.4460818965725528,1.453527240043478,1.457965599994704,1.5641928107245777,1.2125088149255014,1.2276183779227245,1.5090830110620117,1.2953141765136438,1.56849417989198
2024-06-27,1.4521821201962368,1.4580510590912976,1.4631046824001617,1.5708776365742545,1.2150429564919625,1.230454320606041,1.5149250243870307,1.300636737443451,1.5749782148082172
2024-06-28,1.4486874501706497,1.4541674803644842,1.4609003293605594,1.5668173305237854,1.2109209799665699,1.2229356026601048,1.5110746502628947,1.297156762932347,1.5715308187174106
2024-07-01,1.4470148910868024,1.4528420214143682,1.4606049913783092,1.5640585238496991,1.2083548809896765,1.2181773522611878,1.5076896460709492,1.2947964672157042,1.5715785214770426
2024-07-02,1.4520474480196515,1.4588074549724093,1.4664226776194706,1.570925829531421,1.2112491852309966,1.2243081699068674,1.5140856531987166,1.3002753429770846,1.578924167780693
2024-07-03,1.4604456231600362,1.467022931080266,1.4736447421351806,1.5820804751244602,1.2163874780022992,1.232313389244577,1.5233827740039767,1.3086221529175472,1.5894429832912962
2024-07-05,1.4682925303520247,1.4740056827702783,1.4795000885676601,1.5905519541064024,1.220688470675802,1.2387921753835558,1.530402318123927,1.315143209280115,1.598438835643415
2024-07-08,1.465390789728173,1.4730252549738156,1.4787601661845704,1.588596630355985,1.2194954227761121,1.2386553398509126,1.5292247706701247,1.3138780089979676,1.596411602144198
2024-07-09,1.4635854413133247,1.4717304097288346,1.4771299641398943,1.5863942976365228,1.2184373605455272,1.2365309855330353,1.5265876967991197,1.3121095750934988,1.5947640643015102
2024-07-10,1.4692373433541208,1.4789622711013282,1.4847675910655775,1.5956193690745413,1.2203517263207426,1.2405080170845137,1.533738365046763,1.3195041846989506,1.6051112685860303
2024-07-11,1.477894369693065,1.4828754914411957,1.4912887844182037,1.607454637605765,1.2243691509903152,1.2440487727350484,1.5426642333115799,1.3277046550724643,1.6113719910120428
2024-07-12,1.4817630041866283,1.488102072825451,1.4970275907569497,1.6147191023235576,1.2259709031563788,1.247939524891692,1.5486385531908533,1.333125767069593,1.6187751931718137
2024-07-15,1.480747180470915,1.4869784612999164,1.4977946902229353,1.6130587172763589,1.223791863785601,1.2442454140478265,1.5475596218254413,1.3321137349553922,1.6190803071158346
2024-07-16,1.491724007737877,1.4956641027112003,1.5076592904324122,1.6276628396375799,1.2289947864513768,1.2510396528998278,1.5606098371543553,1.3436189552112823,1.6324541209336894
2024-07-17,1.4853315221105587,1.4861817196377198,1.4976411164207544,1.6177742963356594,1.2276776852134443,1.247107572244846,1.5509031072904516,1.3360587212598865,1.618266775452137
2024-07-18,1.4775991145908938,1.477930833752166,1.4883522437810779,1.6055677620902213,1.2245768925640559,1.2415655794914309,1.5398485635841985,1.325920988045821,1.606311404939796
2024-07-19,1.4682208891223598,1.4698538965074908,1.4803117532861365,1.594427219329178,1.2205213452792774,1.236280188277599,1.5304973126893568,1.3169453163928333,1.5946063950163765
2024-07-22,1.4734424578147123,1.4777660849990548,1.4897152145925414,1.604086394953344,1.2212262090689132,1.2390384136630817,1.5382443901251976,1.3255298178312296,1.606334036459488
2024-07-23,1.472715712427139,1.4756215032192554,1.4877123063791426,1.6018453173707192,1.2209430975746034,1.23798043868321,1.536686771666141,1.3240119588892403,1.6041399750091185
2024-07-24,1.459181172213173,1.4589889487998389,1.470340404550225,1.5820628850620637,1.2166960112311132,1.2277676079109707,1.518008767545847,1.3077018926556507,1.580498693317783
2024-07-25,1.4563848010970033,1.4566336338625214,1.4686617797087411,1.5799054293402592,1.2169873815952585,1.229247333120444,1.5160568454211876,1.3047319864904297,1.576119912621863
2024-07-26,1.4649657595045034,1.4659097584040268,1.4777371174081078,1.5930783718551922,1.2204550082228296,1.2353375951967993,1.5296904251699164,1.3154475039591016,1.589508679018796
2024-07-29,1.4650498440246484,1.4656851258849546,1.4767998626165029,1.5919150562167972,1.2212891002976947,1.236671011400414,1.5283425311014676,1.3144846590270733,1.5880898949303657
2024-07-30,1.4660200112914419,1.4649645496617907,1.4758605052422002,1.5925266398481535,1.2225204119922068,1.2363559355723226,1.528457412196676,1.314685722906201,1.586645541820197
2024-07-31,1.4822621926650636,1.4805005714936426,1.4914705014148133,1.6127294390359208,1.2295627448650592,1.2479794810905145,1.5470548555694925,1.3301343764554074,1.6090033202778575
2024-08-01,1.4742445156379376,1.4710561734086793,1.4804194145992557,1.5984477857037669,1.2294719663953095,1.2463136697058765,1.533528779345936,1.3201954495740214,1.5906640001366354
2024-08-02,1.4696573256894196,1.4648284859420226,1.4716543608340076,1.588387237139366,1.2339773197819497,1.2528433687359701,1.5215105394522341,1.3079135064244392,1.574477261294317
2024-08-05,1.4581814223478047,1.4511190270286276,1.4569605963310541,1.5636432819391246,1.2314184061854057,1.2488068324545776,1.490779119461762,1.2858526204964569,1.5464790196749634
2024-08-06,1.4576078224229252,1.452544573522467,1.459433275962921,1.5644787560033382,1.2265623829937276,1.2426129930300391,1.4953005411831384,1.290132705655413,1.5499366187133283
2024-08-07,1.4549795978700066,1.4502672948190292,1.4574087842979666,1.560551909197745,1.2249329309400916,1.2392965092927892,1.4905737125230367,1.2852159360525912,1.5450514779675928
2024-08-08,1.4647747727567026,1.4601212702109858,1.4679532874631591,1.5797330332363244,1.2274682143280349,1.2409111501857344,1.512280734553572,1.3021136132737574,1.5678961877669828
2024-08-09,1.4680429349122148,1.4634690169035438,1.4711420634259929,1.5861484100983054,1.23060520835791,1.2447747546265673,1.5176648896243534,1.306623739890573,1.5738483177384377
2024-08-12,1.4713162256452235,1.4651536673699852,1.4728865246965404,1.5899785171928984,1.233989013084754,1.247839562736256,1.5190107386088652,1.3089046144157752,1.5777054505686057
2024-08-13,1.4777719429494953,1.4725796528842177,1.4797636963177356,1.6041400111017872,1.237123074920609,1.2534578977457642,1.5337644687972032,1.3196486126914526,1.5935838762309305
2024-08-14,1.4772943925835207,1.4728655973632014,1.479275670824473,1.6038079880343246,1.2378466052416994,1.2544289213645612,1.5335732686276717,1.3195054318245727,1.5928193356292968
2024-08-15,1.483295323791827,1.478421874483473,1.4858364476439305,1.6152377583398219,1.2377663665596192,1.2528293892212445,1.5408959977407446,1.3274382164160548,1.6084003781038865
2024-08-16,1.4870651241576742,1.4813135391135643,1.4882071148691138,1.6220255891412947,1.2408243415409512,1.2547707209827066,1.5464822119473147,1.3321572975715599,1.614811493229378
2024-08-19,1.4910503807483384,1.4860148736535528,1.492936356262854,1.6312131328723283,1.2422980313301404,1.2571721738189043,1.554547853126051,1.3383860379934467,1.6250145203694772
2024-08-20,1.4908098642931484,1.4853219939616131,1.4911931772205071,1.6292850307534614,1.2441235855480508,1.2593648641612536,1.5537771861954506,1.33752452097794,1.6223548698373667
2024-08-21,1.4935955499678113,1.4885567390184269,1.4946055747198745,1.6347710624155438,1.2448810855049426,1.2614007004106027,1.558461989280001,1.341455648665185,1.6280101914394767
2024-08-22,1.484827439430623,1.4811496180720733,1.4875012888468278,1.6237814791249503,1.2408920480110093,1.2547659639590818,1.549005848509792,1.3334138136276112,1.6160190677037976
2024-08-23,1.5002217936300921,1.4961754290599751,1.5046049848579897,1.6456994244888545,1.2460081230268862,1.2634963845602147,1.570134337251926,1.3516893664875842,1.6377737266313608
2024-08-26,1.499199436336374,1.4943964750893117,1.5031473732892888,1.643136818171326,1.2458520941279134,1.26154183863761,1.5675265220195291,1.350189271670882,1.634619061661645
2024-08-27,1.4991309083621727,1.4945267782827036,1.5028841717610395,1.6430720019180098,1.2457262008805385,1.2609804328643879,1.5675458117122711,1.3497913924319516,1.6350842801752747
2024-08-28,1.4921789769003388,1.4887451833083123,1.4961629678619472,1.6347271344438066,1.243688868915935,1.2575019067702204,1.5603712920393726,1.343562152369985,1.6255604668831964
2024-08-29,1.4944349768033585,1.489931353913272,1.4981807637250995,1.637131283679868,1.2440865979197768,1.2570316935995345,1.561608095500373,1.3451399563387942,1.6281755246945457
2024-08-30,1.4947809579286593,1.4908920434576545,1.4998779388563335,1.6378700490385694,1.2414804442178005,1.2550854716021984,1.5625950047222388,1.3456972779513434,1.631560724996054
2024-09-03,1.4814583601399105,1.4802411451446318,1.4859420132740013,1.6215553525638315,1.2417975435249442,1.2528812789718886,1.5511603362285709,1.3331474849447051,1.6098886945112476
2024-09-04,1.4821538788191269,1.4819678277329948,1.4865972933061566,1.623392627188689,1.2447770269063083,1.2579994308887894,1.5515554392362036,1.333452643416752,1.6099433831798298
2024-09-05,1.4846523750962257,1.4838461449172835,1.4878642000673297,1.6259460222025568,1.247464804649696,1.2615020444830154,1.5527941628293382,1.335229141798562,1.6117903850811621
2024-09-06,1.4714214659850242,1.4724820273988397,1.4754899008982167,1.6094163092509792,1.2450770383795908,1.2562725602602065,1.535587473432917,1.3224228723051428,1.5922629374478492
2024-09-09,1.4784401601092851,1.4798459660114354,1.483045407395485,1.6193027052586304,1.2474694334265894,1.2609168928717458,1.5450612697857544,1.3310055107231586,1.603140846372722
2024-09-10,1.480892051212526,1.4830452037306847,1.485782791657409,1.6220620080813584,1.2491597604626647,1.2637163605169808,1.5480324655401911,1.333302552512898,1.6067094627494016
2024-09-11,1.487693080990831,1.488676770523263,1.491671990767326,1.6293830107180067,1.250400398023565,1.2674024884855344,1.5537522788798626,1.3389062086278625,1.6165273392014787
2024-09-12,1.497992749015114,1.4962528815035299,1.5003851245118345,1.6406549518501201,1.25276312165284,1.2695976695626592,1.5638789751154476,1.3471166403763397,1.6293459536148027
2024-09-13,1.505874979901502,1.5031756462256622,1.5081963650387182,1.6507812014552428,1.2553107016329672,1.2734894106188555,1.572897471813482,1.3547715006465897,1.639614228724099
2024-09-16,1.5090471105118208,1.5070209845396938,1.5118535572405327,1.6564673312650586,1.257924538595877,1.2778032769240002,1.5773656479371163,1.3587695693153565,1.6436046849479755
2024-09-17,1.5089428495544401,1.5056552448396818,1.51117687047988,1.6554730663100623,1.2571252695004147,1.2772818582853707,1.576287658211494,1.358017770294398,1.6429891272433594
2024-09-18,1.5036217130600382,1.5006234848478037,1.5067714847442717,1.648695411739574,1.2535051643308668,1.2721357014273589,1.5704459408446925,1.3530178215180333,1.636825496205575
2024-09-19,1.5196955038167974,1.5128805525423576,1.5201590294227425,1.6675549000831862,1.2568414197931332,1.2778514391140254,1.5860713227610803,1.3677616060887625,1.6587794342730382
2024-09-20,1.5187360307719813,1.5111875333413374,1.5181294259343336,1.6648262143580346,1.2575385556172445,1.2772140555105562,1.584364416756944,1.3661130484081978,1.6563118095154263
2024-09-23,1.520174382676048,1.5133091211762613,1.52059265120825,1.6675027409514331,1.257319335782258,1.2763402467064802,1.5859703137013499,1.367938464806656,1.6593409760287736
2024-09-24,1.5278516224877041,1.5201997766321893,1.5287596388181794,1.67918477263751,1.2600103744961075,1.278965976207435,1.5952633339978821,1.3758284800264473,1.6704169473660766
2024-09-25,1.5222217077828086,1.5142711081358173,1.5223298466414492,1.6700361729285422,1.2571684951267037,1.273757202116846,1.5873823008460926,1.3692588015706921,1.6628731025996666
2024-09-26,1.5259385303110293,1.5188528260386251,1.5264736986135117,1.6791913370902434,1.257953089676004,1.2748540494944276,1.5948957283832679,1.3761311092054642,1.6717765449697009
2024-09-27,1.5258479930818052,1.5194077368378274,1.527486423682384,1.6799826873735764,1.259252897467212,1.2783019742505348,1.595804332404613,1.376659487105387,1.670859837562236
2024-09-30,1.5244545340015103,1.5181292598133993,1.5263030226407375,1.676700173993445,1.2574334087793055,1.2764992349242386,1.593128135540924,1.374628435445208,1.6690805410734306
2024-10-01,1.5246896913202652,1.5175339439358448,1.5257972358201732,1.6766940544527091,1.2605790871935965,1.2786356493432018,1.5913966729362024,1.3736334516812223,1.665906314385042
2024-10-02,1.5250545557759578,1.5172832107818917,1.5271228044876266,1.6780540438347993,1.2594782175698622,1.2766647835250602,1.592945254946657,1.3744149957750684,1.6676221381715428
2024-10-03,1.52266870491874,1.5124870871460425,1.5232610695259798,1.6711638536680375,1.2574295941632125,1.2720380455370277,1.5862571266927372,1.3691153966688707,1.662328273559612
2024-10-04,1.5251754982046006,1.5130031563864887,1.525209936368358,1.6735656035981867,1.2546116155784524,1.2680043352453496,1.588512986720823,1.3718164503443115,1.6679479244774449
2024-10-07,1.5205176487645542,1.507435620556282,1.5212054579861891,1.6674367351969868,1.2523066312279993,1.2623137404650404,1.5829945701658423,1.3666559303990937,1.6609070127567318
2024-10-08,1.519428879207042,1.50733463789286,1.5185324597520886,1.6642314314036764,1.2519045226667023,1.2646571947016993,1.5815411245741062,1.364566629234505,1.660306129652399
2024-10-09,1.5182334758313614,1.5065345881330456,1.5173469948193248,1.662377161542057,1.2500092567998025,1.2629128546285597,1.5794065266088082,1.3637194926893825,1.6606447019007369
2024-10-10,1.5204034334433458,1.5067990712583976,1.5183359726012038,1.663046870787745,1.2509895585034965,1.2628280871796438,1.5801104196426314,1.3636900297066208,1.6615300553679564
2024-10-11,1.5261369605308128,1.5124675594307782,1.5249977623778597,1.6716327868851695,1.2520479584577608,1.2640724856048746,1.588024127508974,1.3704011948639985,1.6706197004064878
2024-10-14,1.5265658188332174,1.5141384030109561,1.5259996793388877,1.673190410333105,1.2515975824461292,1.2645029640928378,1.5896334629057542,1.3719166393025233,1.6738125768105987
2024-10-15,1.5221933874911338,1.5110252969352687,1.5217961306165328,1.6676161271267014,1.2531994920700054,1.2658178603084762,1.5849772757579526,1.3679875189474318,1.6656002600721396
2024-10-16,1.526528256710712,1.5160673313823383,1.5274342025028853,1.6752789588521346,1.2549910389061456,1.2687241279981514,1.5913184100064677,1.3742398378306422,1.67274336113141
2024-10-17,1.523919643860469,1.5129744947450199,1.5243041330014806,1.6705390175950476,1.2520766361862123,1.262611892624133,1.5871321021191718,1.37044048629186,1.6701223323453807
2024-10-18,1.5273197653015689,1.517297064194657,1.5284933869875874,1.6762111459816935,1.2533908608253241,1.263934005175567,1.5914141513548108,1.3750287047800456,1.6764802323888457
2024-10-21,1.5204033264750008,1.5091081007507814,1.5198122783958408,1.6635892219971824,1.2489532342709218,1.255360454297366,1.5804810070979247,1.3655513090684201,1.666758040927381
2024-10-22,1.5247861122785005,1.5114831409109328,1.522322143028062,1.6659526617689393,1.2507748504634442,1.2559892349262625,1.5829575634696835,1.3667839674155458,1.6695316510342049
2024-10-23,1.5165398370015966,1.5042075314357823,1.5151568962535193,1.65602603965801,1.2476641086649396,1.2505433589685773,1.5738395067577269,1.3586502299029333,1.6576122651845702
2024-10-24,1.521335313117135,1.508748955316722,1.5194700517295567,1.6616129535247428,1.250339732205508,1.2545212882372472,1.5786624559534863,1.3629799719835334,1.6637065214740248
2024-10-25,1.5214686410444849,1.507816268861379,1.5186583560259357,1.6597000474199588,1.2497901020437447,1.2530390935479714,1.5768484160733098,1.3613523070527955,1.6633828085334061
2024-10-28,1.5185087470855614,1.5076330151482318,1.5185224074835284,1.6604001291164825,1.2481511389171238,1.251207357629564,1.5778045927838928,1.3629036934165817,1.6644428107083054
2024-10-29,1.5207101864558994,1.509328088995786,1.5196489919295788,1.6613033740996506,1.2497766891022912,1.252703850014427,1.5788230663623513,1.3635905670415902,1.6670120835526616
2024-10-30,1.5219623998774328,1.5091978874942054,1.5194656646701217,1.660300609012722,1.250665862020435,1.251832043924789,1.5783659021215188,1.3622650366778246,1.665270217899633
2024-10-31,1.5118214513259098,1.4970994086630673,1.5070094085328738,1.6459712934880506,1.248312241831733,1.2467212653525708,1.5654893645732737,1.3505981659909205,1.6466132648392218
2024-11-01,1.5075434019700913,1.4942386855473615,1.5043333382684858,1.6416977642705122,1.2446934880270113,1.241970072982994,1.5624573850850763,1.3478588942967131,1.6450788888121513
2024-11-04,1.5152266835268302,1.500169933932784,1.5108866378091348,1.6508298424986214,1.2493464326670662,1.2490849062223057,1.5708697304168675,1.3544731372686676,1.6515430602589922
2024-11-05,1.5247937785478638,1.5103032705773898,1.521795895306482,1.664900469166345,1.2521370651173611,1.2549762838658807,1.5840648572214884,1.3649829178200377,1.666513489210266
2024-11-06,1.5202563516914525,1.5086000770982781,1.5229864302848817,1.6613140848610124,1.2447447591894454,1.2506822354679816,1.5824750609655782,1.3644672034679755,1.6710909999182635
2024-11-07,1.534021604685355,1.5219486672510225,1.5358174299412917,1.6795832614122117,1.251511129072141,1.2616945744551118,1.59711700040645,1.3787395777806355,1.688988562320887
2024-11-08,1.533182728895486,1.5221714855824495,1.5354957188727887,1.6777726338512988,1.2528077137978686,1.2651634125982463,1.5956716973216962,1.379104749387956,1.6872172368537068
2024-11-11,1.5258547752663199,1.5164513697200275,1.5311722788915636,1.6711736535571067,1.2488706503261962,1.2620405880300696,1.5894547959244016,1.3747162817923004,1.681401762856256
2024-11-12,1.5150230734335044,1.5055511366520837,1.5198981826199736,1.6541474617482501,1.2437525717583473,1.253521090009996,1.5754352327368952,1.3611868425002094,1.6667060393319066
2024-11-13,1.5106077145098487,1.5018637042078065,1.5164795296716536,1.6480124462491963,1.2410605117938114,1.2506529329179052,1.5694529785503988,1.3561614872413164,1.6612710784010496
2024-11-14,1.5071275940118598,1.4975931392266568,1.511123057684696,1.6425687222621759,1.241071068474412,1.2493560705802358,1.5647380612091542,1.3513696647369995,1.654230036209619
2024-11-15,1.4998579100226084,1.490085365873083,1.5026150399109228,1.6338948852404946,1.2395210642588024,1.2453154458974667,1.5549908970454818,1.3436002866968506,1.641529042052482
2024-11-18,1.510456080842202,1.4989169617656348,1.5114273404842722,1.6457067006988282,1.2435492161176236,1.2496955407714443,1.5643437483392852,1.3527024182805054,1.6537134295804652
2024-11-19,1.5158252320508854,1.5038308847910198,1.5163814858228462,1.6517067191219477,1.2461436756730448,1.2532493697924754,1.569634531010378,1.3575838420218482,1.6604548405332524
2024-11-20,1.515475190729294,1.5034426393816636,1.5159160401217369,1.6508465862720378,1.2458400864289256,1.2516471317928048,1.5687375798041996,1.3568369372375768,1.6602163913395227
2024-11-21,1.5206929765902861,1.5081299796580778,1.5211155958457123,1.656770909006226,1.2470559924494247,1.2527363978758823,1.573999180894325,1.3610896028656827,1.66737664377802
2024-11-22,1.5262061758507257,1.5130091204692964,1.5262352910427073,1.6637317162957,1.2487545183411395,1.2539689668426568,1.579867452775201,1.366075340369768,1.675002246025303
2024-11-25,1.5283553196661797,1.5171060476655382,1.5310609840260367,1.670547464237078,1.2520976083803759,1.264895196934856,1.585724282642053,1.3719165377244231,1.6784065814016238
2024-11-26,1.5281116112586834,1.5172035578440737,1.5308611389502007,1.6689780676975776,1.2514116649270701,1.263485700576474,1.5843308445930873,1.3708667198687914,1.678630451360182
2024-11-27,1.5290623458059316,1.5182197969168993,1.5316562361020658,1.6714967788960469,1.2531838650551541,1.2660960047494174,1.5865555533107558,1.3726385725148962,1.6788284929814739
2024-11-29,1.5356412463719848,1.5243155587590735,1.5368757673713551,1.6800682093563453,1.2571748753238454,1.2725272326405976,1.5942265964185376,1.3789179612727258,1.6876536900483663
2024-12-02,1.533932607978501,1.5235283088215048,1.5360150418641754,1.678924050100945,1.2569289875171339,1.2737769410594688,1.5922333498019015,1.3781063434677714,1.6877067617819843
2024-12-03,1.534420492332366,1.5235567442163171,1.5361288804487376,1.6785636612734334,1.2559983476743868,1.2716693671936075,1.5910036535320997,1.3774761091047292,1.68844305619077
2024-12-04,1.538719040781381,1.5283098054804438,1.5405039021266191,1.6844487519813016,1.259153941786836,1.2776739197537275,1.595969519304671,1.382023486951074,1.6952594292935457
2024-12-05,1.5359316594999082,1.5263629043226645,1.5383664671916129,1.682347158749391,1.258548101048363,1.2769967699142601,1.5940223262666533,1.3801769165827253,1.6919973801093915
2024-12-06,1.5372625984861579,1.528189182231978,1.5402342868506655,1.6840854712157485,1.259539296136031,1.2796315071580282,1.5956090557600353,1.3816372849326621,1.694887222897802
2024-12-09,1.5375778478263034,1.5275864214769175,1.5401906423848006,1.6851759426785298,1.258637471515807,1.27557026249416,1.596178685933354,1.3818798496212312,1.69468950446903
2024-12-10,1.535882241352034,1.5235870530479878,1.5351020027810127,1.6791912518648209,1.2588352485763865,1.2735103861609718,1.5895700656633491,1.377256420777504,1.6896582201101664
2024-12-11,1.5418565459862923,1.5292233607890833,1.5415504922871628,1.6855497689084542,1.2592199521393292,1.273792921104836,1.5954597662509593,1.3823478316940063,1.699900184968143
2024-12-12,1.532724979086245,1.521379045107932,1.533981233085611,1.6738869034521,1.2545967439340902,1.2670949112577137,1.5852699608425573,1.3733965694529668,1.688317333337591
2024-12-13,1.528187413487554,1.518348965382927,1.5317572900113943,1.6682957060475696,1.2510688363608542,1.2624746908132178,1.5802070576972105,1.369306239181646,1.6848773171733062
2024-12-16,1.5308929816100025,1.5211374818287304,1.5344565799847891,1.670488808555555,1.2523140817804364,1.2651850108626257,1.5828956877834301,1.3709371148990712,1.6895600772745982
2024-12-17,1.5268534404597247,1.5171602191104423,1.529646149149965,1.665058327185628,1.2516481006649152,1.2636163081535847,1.5780460634977227,1.3666799880397789,1.6831571976215336
2024-12-18,1.4998850421007106,1.488847848214312,1.4993472907201004,1.627538937514219,1.2431070780846145,1.2462062518941528,1.5430765652079295,1.3362346915381644,1.6417152670782318
2024-12-19,1.495802572994743,1.485110091006108,1.4955527893079252,1.6208520655361995,1.2400010828829207,1.241535537083528,1.5366788623087202,1.3287879300035423,1.6361698145947672
2024-12-20,1.501810635382663,1.4912823390794465,1.5019652206498548,1.6322771620890215,1.2439147007593037,1.2458083204045154,1.546915578812816,1.3375188433587653,1.6484726144386337
2024-12-23,1.5016939986019782,1.4923080818256809,1.503403343830638,1.633145588571931,1.241799344172001,1.243292752108118,1.5485181816761415,1.338027048645212,1.6517275311208859
2024-12-24,1.506194586389106,1.4973006477343695,1.508794376398687,1.642075406057078,1.2441859616294955,1.245585194745292,1.5571742554968306,1.3454183753161844,1.662600451498814
2024-12-26,1.5079713402700212,1.4985838690469615,1.510119835962267,1.6449593688525763,1.245061533745295,1.246303637476739,1.55976567833613,1.347895323120462,1.6655127451204723
2024-12-27,1.5026495755868892,1.4933428166840894,1.5047462607745923,1.6346890121943984,1.2420775077476625,1.2427117621308081,1.5496299897302803,1.3396462059607892,1.6536750372531224
2024-12-30,1.5015378802515922,1.491182977404251,1.5024942820920126,1.631068008127062,1.2440275854689873,1.2461773926631994,1.5456070630228202,1.3352431619790959,1.6465474851410007
2024-12-31,1.5015176135899626,1.4905545588856444,1.5022376497956051,1.6305260929506415,1.2434284884343028,1.2439380373461346,1.5450612346348118,1.3344898373783318,1.6452622286098781
2025-01-02,1.5035534440093226,1.4913104014948366,1.5030130844203122,1.6321318751826788,1.2457024479398484,1.2448905281034692,1.5455105749257039,1.335249199110949,1.6466769517248268
2025-01-03,1.507423455940875,1.4969300605081652,1.5094142482844177,1.6391984343675883,1.244909369262881,1.246068489083937,1.5529196734021617,1.3410670661143076,1.6564323983356288
2025-01-06,1.5081085711989417,1.498991081844666,1.5113594490895528,1.6408674101779477,1.244613425706285,1.24656904784168,1.5537502531167278,1.3425108769117609,1.6604788127509127
2025-01-07,1.5013496268518074,1.4916326672442048,1.504089379549949,1.631561275036673,1.241913880676592,1.2391078405682718,1.545875654914045,1.3348972031519621,1.6497325505527163
2025-01-08,1.5025995384289577,1.4921328048143134,1.5039183684533275,1.631928146637613,1.243029467292524,1.2405124010820492,1.5458119011856188,1.3348858310134852,1.6501938967555085
2025-01-10,1.4947160207408248,1.4839137711682018,1.495328994758541,1.6185974938716117,1.2417016169612878,1.2332266693164837,1.5321190222881729,1.3229602550716124,1.6363195212373247
2025-01-13,1.4940951956040653,1.483960458461392,1.4960295240900656,1.6179090731967545,1.240694769309094,1.2323127319882354,1.5321864717110334,1.3224318828292032,1.6353773876329958
2025-01-14,1.4975792211253396,1.4872002471725385,1.5000450668373873,1.6235248960906312,1.2413220417432442,1.2329664393996638,1.5368455154952587,1.3268836551638674,1.640477619755149
2025-01-15,1.5140923199474814,1.5041246526199539,1.517336583653287,1.6457851387299127,1.2494314976394394,1.2487985545805524,1.5565373801048925,1.3445299820890402,1.6639677391917986
2025-01-16,1.5172270598801894,1.505822422423234,1.5192013237138098,1.6497467186068122,1.2506948608524062,1.249647647142487,1.559820459996116,1.3467944582789373,1.6660712698333575
2025-01-17,1.5205607098902854,1.5098122295541963,1.5230001798647825,1.65482528420363,1.2512896712316857,1.2526507632253296,1.5644970341663622,1.3507728035521143,1.6734341504255923
2025-01-21,1.5322237296199965,1.5197302581069791,1.5334951064658826,1.6707010209942847,1.2553528273682546,1.2584980453910077,1.5773368030396664,1.3619410173641364,1.689027138184786
2025-01-22,1.531531218443041,1.5193209336482951,1.532109523107361,1.6685690347634494,1.2548481955003217,1.2573019063274031,1.5759567808797252,1.360365655935087,1.690239783425091
2025-01-23,1.5326311381583484,1.5206400318192559,1.5337887101710235,1.670580941306225,1.2534518994861694,1.2559344125015868,1.5767342218369464,1.362053469002812,1.6933613772254505
2025-01-24,1.5340177057251745,1.5221031210453952,1.5350924361107339,1.6734317170391353,1.2550303238848992,1.2572051370633885,1.5784904880977721,1.3638385365243613,1.694358896066038
2025-01-27,1.5275434468380982,1.5141525472933846,1.5266312110683538,1.6654254074577368,1.255440953361571,1.2577761900754505,1.572267064572011,1.3581013167099345,1.679716658389435
2025-01-28,1.5306646633183225,1.5174889403020442,1.5294739336087324,1.668978837599104,1.2566873566946344,1.2594756582031896,1.5745861961317953,1.3606058145068651,1.6861679105974225
2025-01-29,1.526833607076092,1.5145585610070147,1.526599798070373,1.6649472583370988,1.255787760367947,1.257762899215707,1.5708870557082721,1.3573804913094605,1.681982096372745
2025-01-30,1.5354502790597935,1.522664023348176,1.5351929350667304,1.6769475816520776,1.2586865375156004,1.2611472802239343,1.5807367184876444,1.3664855824625477,1.693822171144299
2025-01-31,1.5319743453957233,1.5182554017627818,1.5301560720412144,1.6696821297470614,1.2570950415162212,1.2573868403511406,1.5748292896817155,1.3612313272901164,1.6873887982864342
2025-02-03,1.5301520380719331,1.516361030364895,1.5269918418252835,1.6661588384931283,1.2588588738173165,1.2578668401175566,1.5708607096826483,1.3576266973245525,1.6821572699037761
2025-02-04,1.5383572744990783,1.5247013715669528,1.536147231586137,1.6781404501386847,1.2616756101479762,1.2624423372595501,1.5823853905525296,1.3667880228993743,1.6952217952672137
2025-02-05,1.5468559605633994,1.5313539690060136,1.5429633323768097,1.6882752922911397,1.2661204265139068,1.2696472412590758,1.5912476865710339,1.374405422226799,1.7043003930676575
2025-02-06,1.5478163167099155,1.5326042881976327,1.5440657591480755,1.6896311364155665,1.2657146382652074,1.269182093807555,1.592500286301521,1.3750601733250487,1.7065102432791939
2025-02-07,1.5410253967111756,1.5264510135925855,1.5373717286219826,1.6808918798428985,1.2634148451938987,1.2631235833919756,1.58409408769411,1.3680019313522125,1.6965380983912723
2025-02-10,1.5493650583213414,1.5347001163132767,1.5457116400354167,1.6910094792412642,1.2660075974902698,1.26594582355842,1.592861487457243,1.3758405096504627,1.7089328363218796
2025-02-11,1.5483414339260364,1.5341764233821833,1.5451502715971526,1.6896100361512376,1.2646742499638985,1.2638754540752366,1.5915175564761521,1.3745576500209336,1.7078554928484955
2025-02-12,1.5432393931561577,1.5289851196711592,1.539589602403588,1.682579210578729,1.260802341589465,1.2566992822188074,1.5854070481198204,1.3692252245902201,1.7023823131149138
2025-02-13,1.5559568697552484,1.5409717044011924,1.5514359542517095,1.6988249791401526,1.2670075750355312,1.267319315463158,1.6000765302197846,1.3819330048128209,1.7190068666351819
2025-02-14,1.5552578706380857,1.5413192057110372,1.5521302141459425,1.6999692231981027,1.2676685527427973,1.2709898192785418,1.600879101916057,1.3825088981493723,1.719137025119467
2025-02-18,1.5599093865857756,1.5457645855331563,1.5573109536534389,1.7053240702998955,1.267409170953454,1.2679229407614891,1.6056805168645953,1.386178826167281,1.726570820478329
2025-02-19,1.5602973621123513,1.546496590851023,1.5577340009276361,1.7054178594152867,1.2684836397470325,1.2696925243026662,1.605443955007478,1.386195937300811,1.7267817436574495
2025-02-20,1.5605001016210707,1.5474124241550153,1.558147687411969,1.7070160080662369,1.269510476961489,1.2707860932172244,1.6062477584166006,1.3868234360080738,1.726426027941921
2025-02-21,1.551327056571094,1.538742202786759,1.5463405786819688,1.6955132769850119,1.270304949827948,1.2698424326371145,1.596852666394591,1.3776832340791905,1.7096697375016152
2025-02-24,1.5497510546090243,1.5363712607502489,1.5425980090802334,1.6919898008922307,1.2712607929287143,1.2700924694018134,1.5934495719615172,1.3740535599771437,1.7044166656946234
2025-02-25,1.5489250444432385,1.5361598371333225,1.54174494005349,1.6936305430810659,1.2734635461269377,1.2752732303892824,1.5957188179188686,1.3751095113358915,1.7010457661930491
2025-02-26,1.5499802883896046,1.537402976277603,1.5425817203015937,1.6959352353018242,1.274804501338875,1.2775774887326279,1.5980958113817392,1.3767170564552222,1.7027517125855793
2025-02-27,1.5367225947438872,1.5253176104564483,1.5305553496183166,1.6798259772292268,1.2707437385373488,1.270383081980645,1.5828931925429983,1.3641378930078312,1.6830262676875811
2025-02-28,1.543751679492566,1.5309417185427932,1.5359431696465526,1.6867967976514413,1.27373898917215,1.2783749379720428,1.589024713460857,1.3698461478496442,1.6916755471057503
2025-03-03,1.5390566428835981,1.526611989055196,1.5292609548859817,1.6806522360589964,1.2748221483859477,1.2758599530994057,1.584211916076734,1.3645862856511137,1.6816263013660362
2025-03-04,1.535312630190156,1.5229678900168826,1.5255937572184355,1.6755221421868796,1.2730414591160806,1.2706053620919462,1.57886222409965,1.3600453172145173,1.6767730145421855
2025-03-05,1.5416519875409123,1.5303777850183964,1.5343023380165268,1.6869215239294593,1.2717911776596504,1.2692890512526767,1.592923620725233,1.3696982460566367,1.6899763874936444
2025-03-06,1.5270338575192135,1.5168356094888376,1.5195957218876963,1.6695231421690537,1.2688250462603246,1.2620887562285759,1.5742789397399433,1.356016861421559,1.6691703979022765
2025-03-07,1.5310415023955868,1.5211067640936902,1.5247716567884806,1.6754169872547413,1.2691535139805277,1.2630559420014225,1.5801733787645125,1.3615012198744345,1.6762484940954299
2025-03-10,1.5152949881337832,1.5059313634944589,1.5082028802687952,1.6550713886005852,1.2687002061737216,1.2597143172754792,1.5602391317187012,1.3452643315439528,1.649398749829035
2025-03-11,1.5133174524086737,1.5036544734944377,1.5064407064987064,1.6521377350454427,1.2675053631317634,1.2545587249191137,1.5568034775637247,1.3427039707546722,1.6471341819321303
2025-03-12,1.5158693984016354,1.506018930157743,1.5088441660978122,1.6550891181851637,1.2670385891023752,1.2537343245127623,1.5588731905101354,1.3453238791462687,1.6523220279980453
2025-03-13,1.5110435020741273,1.5003777154480358,1.5013630993975355,1.6478811637890578,1.2692378128396922,1.2522605823512902,1.5510355444137616,1.3391862410367699,1.6428502339865503
2025-03-14,1.5237910961675247,1.5130348079322855,1.5152011889404151,1.665296024324906,1.2700708127161016,1.2564063765886948,1.5721453440921578,1.3544065350793044,1.6631659666153642
2025-03-17,1.5321484271099046,1.521858155708389,1.5248734031963525,1.678422467534039,1.272599275221657,1.260404654046337,1.5825997782078156,1.363460437761576,1.6760621491931602
2025-03-18,1.5286737610886734,1.5180422947746377,1.520547221921027,1.6735526832504202,1.2732593706987068,1.2583224915644076,1.5783390341441648,1.3595595988906917,1.669218819901939
2025-03-19,1.5371325592955247,1.5258359422713184,1.5285176288910494,1.6843670591524322,1.27693863769012,1.2659320941199965,1.587690313088476,1.3678753301496014,1.6810490336255488
2025-03-20,1.5345314726726182,1.5233821121784217,1.5258290841110014,1.6799902464617642,1.2768411417512762,1.2652019005582922,1.5832993987399189,1.3647946342958326,1.6764739615803952
2025-03-21,1.5300854870298872,1.5188217590531192,1.5207162371014933,1.6732280730320654,1.2748288614450183,1.263147602095476,1.577173257279718,1.3599317010832617,1.6708395651863384
2025-03-24,1.5385724700210162,1.5254210892458155,1.529012776732374,1.682452567263681,1.2735047619979034,1.263884871150098,1.5857890951513403,1.3677470153803226,1.6839505715985654
2025-03-25,1.5394404218382742,1.5259893894451304,1.52885089171769,1.6826879613157453,1.2745269962114194,1.2652398455838123,1.5867800426290732,1.3678422958164946,1.6854202065799846
2025-03-26,1.5311939826190932,1.5186238819039126,1.521728334961262,1.6721976554720492,1.2717411231769458,1.258444312604567,1.5764867100186903,1.3598416215987128,1.67313111323079
2025-03-27,1.531134688088804,1.5187199177288244,1.521676888389147,1.672286493406527,1.272163538770356,1.256341027477127,1.5754225673495208,1.3597251460632587,1.6732275305334179
2025-03-28,1.523949999424012,1.513128653743004,1.5144677546172867,1.6631901803586426,1.2748447681515584,1.2570044202974657,1.564471940455362,1.3526270998332746,1.659430732890542
2025-03-31,1.5288808025235237,1.5188602802075684,1.5200050146655348,1.6693990694374372,1.2790474266560747,1.2617437886808676,1.5678589405406598,1.356963723895505,1.6656960177090288
2025-04-01,1.532219604479664,1.5223731574140784,1.5231979308193548,1.6739299499687037,1.2814525775072674,1.2665729507295882,1.5716038120706062,1.3603468020015956,1.6700253297942238
2025-04-02,1.5382179403023721,1.527233063315402,1.5290305253703382,1.6809254805323466,1.2826732910037961,1.2692463881970382,1.5778388133280725,1.3655503880550928,1.6778770931868157
2025-04-03,1.5051202064761522,1.4987600298102226,1.495865647396482,1.640696553838327,1.2781882237948494,1.2562907816775029,1.546123980457847,1.3358762184107618,1.6302052745328766
2025-04-04,1.4775085127639758,1.4733434099511658,1.468807799470886,1.5871220682550449,1.2716069976676967,1.2495204908488815,1.4942526271617724,1.282427243363185,1.5698125436244137
2025-04-07,1.4664144852554637,1.4605195176018255,1.45599551426562,1.560194089002198,1.2607117032407174,1.2388265067656103,1.4605285118669609,1.251693066238949,1.5477826519317597
2025-04-08,1.4564573133288494,1.450458109044017,1.4446654317528584,1.5390705170209185,1.2543694218201238,1.2317971288649399,1.4466045189096948,1.2335213495651338,1.5280660110939228
2025-04-09,1.500911356869859,1.4894612740760185,1.4841100222441868,1.6205818021432206,1.269703591644262,1.2443068195499014,1.522242877906579,1.3153082222203578,1.6196910487157337
2025-04-10,1.485473168740404,1.4745925708095675,1.4686960232042607,1.5876884474199449,1.2614457992078856,1.2342624634230799,1.5039748342453085,1.3074582016328922,1.5861411693981713
2025-04-11,1.495452337455612,1.4844095548031861,1.4786840551308038,1.6082777648745374,1.2651799559117671,1.2330811197380118,1.5200646972860026,1.328222104043804,1.6086076824964948
2025-04-14,1.5011609425061756,1.4901037794213345,1.4845999658363924,1.6203090513996925,1.2682532333806944,1.2397382366635523,1.5292445582639638,1.335571684287168,1.6191878481072624
2025-04-15,1.503471795086885,1.492123945233353,1.4864526088764827,1.6240999995445888,1.2702871182470308,1.2423642541383242,1.5328201806026123,1.3389223797390943,1.622465423810128
2025-04-16,1.5026712764052814,1.492072959581087,1.4863010236951253,1.6215023092187233,1.27424387154131,1.244087117301569,1.5352045429492336,1.3386352602937894,1.6170978628311063
2025-04-17,1.5050760860846049,1.4943743675075825,1.4896641738204832,1.6271157224571389,1.2733171204165425,1.2426961186110148,1.5435333052590827,1.3411644783446626,1.6222772041256905
2025-04-21,1.4986746352081597,1.4875363570349385,1.482457996123417,1.6118990958610357,1.2697851818230703,1.2359485034930064,1.5284454864852177,1.3297546472852306,1.6083238820811807
2025-04-22,1.5072615194676615,1.4957870310063293,1.4911993323394648,1.6302181663027404,1.2717296454243319,1.2391690970046143,1.5488939634108103,1.3462441136159589,1.627221342020775
2025-04-23,1.510119391703279,1.4990301011217864,1.4945487344299613,1.6382351010633625,1.272654197005754,1.241763788374043,1.5516359739145922,1.3506978167317953,1.6349424192468978
2025-04-24,1.5212294233520474,1.5098507776744041,1.505148483368051,1.6595937367033826,1.2797061558364013,1.249595617332029,1.5691377509728834,1.3669014483191597,1.658620154426058
2025-04-25,1.5228464907552628,1.5117273634668444,1.5068932487555642,1.6633667936900869,1.28150424383809,1.253507872496607,1.571699935796452,1.3697081134222413,1.6624262873207563
2025-04-28,1.526435786788087,1.514856265066405,1.5094435907852435,1.6690049104097182,1.2842491573590693,1.2564513733234013,1.5776769016593497,1.3744357663101194,1.6678873845329951
2025-04-29,1.5276392714350766,1.5162876974798265,1.510732555522589,1.6722377602463052,1.2851995864525618,1.2590495925566632,1.5795601232693808,1.3769552525824327,1.6704253158524525
2025-04-30,1.5248171899757479,1.5132533114820583,1.5074441036765762,1.6661302981981332,1.2818439279458156,1.2586826002263964,1.5728582338421473,1.3713755779149894,1.664861308220064
2025-05-01,1.524136447970435,1.5128080340970511,1.5082673705952783,1.6659371439976203,1.2793904652977346,1.2565643647942857,1.5653986986682489,1.3693854554412292,1.665863541693047
2025-05-02,1.529987093125939,1.5183043242086063,1.515386986872536,1.680008904999987,1.2784141771024429,1.253546093323936,1.5675686240168147,1.3762842311198622,1.6820861552966104
2025-05-05,1.5314291061842713,1.5192883279024403,1.5147562265824392,1.6803643157645114,1.2793689391865781,1.2518530586680763,1.5703266252822257,1.3777206732336722,1.6835633533197483
2025-05-06,1.5335763107831344,1.5210065786412281,1.5148830366440698,1.681556626027253,1.2831579583109747,1.2539262887957268,1.5746602947782038,1.379582098933921,1.6846639110443837
2025-05-07,1.532219627945916,1.5198113106165994,1.5136682334810643,1.6787547071005584,1.2826872395461941,1.2555846715740149,1.5732969637311451,1.3777961453737366,1.6814749740343227
2025-05-08,1.5311257383715142,1.5188871027538484,1.5147663263782971,1.6783760385115574,1.279203134317669,1.251217255409615,1.5690080243089108,1.37710269077534,1.6826791280265736
2025-05-09,1.5333893887868086,1.5211025590449867,1.5172514090697669,1.6828274510319945,1.280601569032193,1.2520999991065282,1.5721862895646004,1.3804456210160663,1.6868183035326085
2025-05-12,1.538511780620213,1.5278414261009188,1.5267002410672241,1.69868365339271,1.279262788119069,1.2522175439966352,1.5795813768690454,1.3927604056199128,1.7071534037510097
2025-05-13,1.541424839523545,1.5303042804469635,1.5290836495600288,1.7033881404117073,1.2807205012279144,1.2538899341956347,1.5856544646397754,1.3970663854412104,1.7147687511700291
2025-05-14,1.536470515079333,1.5262626313255845,1.525656243079657,1.695730212479334,1.2766624786230765,1.2505899778981655,1.5796317284848047,1.3910071188970647,1.7080790922771707
2025-05-15,1.5424407848809576,1.5317564908314734,1.5302966988869833,1.7058725022179506,1.2807630423117065,1.2557064107824414,1.586967775264971,1.3991196246699302,1.7176039016911548
2025-05-16,1.5433216683204887,1.5333506817795461,1.5329816504845624,1.7091606937892077,1.2805896837612287,1.2567314149848825,1.5895390946254389,1.4014649111609352,1.720624909990924
2025-05-19,1.545646437028997,1.5349938452648402,1.5335554364247619,1.7116290273825883,1.2813206678055291,1.2558739687298024,1.5911220005964013,1.4028362613678935,1.7241666655382104
2025-05-20,1.5486104709403896,1.5361301179002862,1.5339566362270678,1.7132802672307783,1.2821562530327095,1.2537667394462166,1.5922531670232098,1.4034172154921247,1.7268950336912796
2025-05-21,1.5367686887180896,1.5230051097327562,1.5188481591356882,1.6947438956011638,1.277059206730598,1.2411868762415978,1.5749629487547114,1.3886846361938503,1.7093050702489758
2025-05-22,1.5358745386864825,1.5225353871440097,1.518366913863796,1.694161077277945,1.278039577978059,1.2445967399453115,1.573641849758055,1.3872821694217905,1.7078185650949755
2025-05-23,1.539508484031723,1.5239461978743793,1.5189030853128564,1.696961170944416,1.2806038109793711,1.2446170688110412,1.5740695037931565,1.3888308880685367,1.7097020906008216
2025-05-27,1.5489809990417596,1.5355469434390343,1.5315220425465552,1.7120429998892006,1.2838289879035207,1.2556179767450197,1.5920295094706096,1.401009747272734,1.7255845116752626
2025-05-28,1.5440360928284786,1.5305878264111152,1.5258883114581623,1.7043869809597418,1.281991422617176,1.252023482218787,1.5849314627233002,1.3952074842696593,1.7178113079609472
2025-05-29,1.548915077743792,1.535293732575635,1.5299390903972618,1.7109394594848282,1.2848833991777548,1.2564294410854007,1.5904083164230551,1.4001009962501627,1.723686622881998
2025-05-30,1.546814808526842,1.53297717183782,1.5272316301550566,1.7074534768470955,1.2848678971543726,1.2576543153044755,1.5872309072962762,1.3978043220067717,1.7196707825429236
2025-06-02,1.5563449907996945,1.5400002852224832,1.5339690754355029,1.7171058421422551,1.2868137878544597,1.2572005282469716,1.5955675091666655,1.404341145232494,1.7326991856897602
2025-06-03,1.55737285332303,1.542305745672287,1.5374509379124421,1.7199306369526715,1.2867175992626076,1.2591698943446044,1.5989273368361456,1.406751825650321,1.7362395295299657
2025-06-04,1.5626435272844459,1.5475492338959835,1.5420239447890973,1.7277851812340828,1.2913252715840269,1.266006970058592,1.6052381822559312,1.4124308437429804,1.7422647700517866
2025-06-05,1.55966344417073,1.5453845282559553,1.540784937961232,1.7254648450946588,1.2901346741422857,1.2630839269611145,1.6025195600400066,1.410292682601196,1.73844111033148
2025-06-06,1.5593052820399302,1.5479080927397946,1.5452879799248518,1.727680247059928,1.28664883222611,1.2599545241766903,1.6055466408735553,1.4123360464409995,1.7431716145338576
2025-06-09,1.562318782369604,1.5508709582304059,1.548272029628434,1.7321348035310422,1.28804593116971,1.2619112979741751,1.6087037056603395,1.4156840341535057,1.7474135321221795
2025-06-10,1.5662827886660917,1.5556796878777572,1.5531883979587136,1.738327710714785,1.2897566638900826,1.2655120000757287,1.6139572329002303,1.4202106895957562,1.7537929626169848
2025-06-11,1.568704560921139,1.557071104280875,1.5546431368382534,1.74100309363764,1.2922834199192812,1.2683651177762159,1.6162554538950475,1.4219079249839985,1.7552989631864064
2025-06-12,1.5755544650768858,1.5622684784756142,1.5585246846344332,1.7485406228785227,1.2965181850913847,1.2737763635390085,1.6226670598943174,1.4275128400363288,1.7624530493133308
2025-06-13,1.5730834237261013,1.5557239820670883,1.5519915510284206,1.7399779262972979,1.2960618052781132,1.2684198182837552,1.6155628534777553,1.4210131066434992,1.7542400073624196
2025-06-16,1.5725977050474755,1.5593025334470088,1.5569304156056587,1.7432766301290032,1.2936593205736604,1.2683204392906693,1.619917976261376,1.4245350665091714,1.7595950948199468
2025-06-17,1.572737696011354,1.5567192343376295,1.5549079540039152,1.7408448590139658,1.2969690188254934,1.271716574997196,1.6181710951076516,1.42236561111527,1.7544176719847502
2025-06-18,1.573180540110289,1.5578497663541446,1.5570042830436672,1.7425381296669649,1.2972616460696682,1.2729555632517435,1.6196436778877077,1.4236605119350134,1.7553678497102139
2025-06-20,1.5721221587468648,1.5561172754877537,1.5555761775696124,1.7401503392080857,1.2975716308038665,1.2735940068941154,1.6170094472475545,1.4217166988513685,1.7524668083802795
2025-06-23,1.575250521781865,1.5607243843868224,1.5582622989931132,1.7459955256923785,1.2978832819226618,1.275900733550924,1.6237160855410018,1.4271047767825655,1.7590950308060043
2025-06-24,1.5768547672999356,1.5675623819514446,1.5646725804824964,1.7544489742237743,1.298215790624645,1.28102477645702,1.6263438689969052,1.4334477498350546,1.7674015964568912
2025-06-25,1.5744159445121197,1.5641850045380596,1.559067363021413,1.7492708604345217,1.2986212135261144,1.2809849714936448,1.6240813333407593,1.4291931960608089,1.7634220389572832
2025-06-26,1.5806316185458866,1.5712378300883032,1.5668364831501767,1.7591797184145594,1.3011240075113883,1.2866407132284148,1.632604688210832,1.4368918722061401,1.773826255849926
2025-06-27,1.5767484672009868,1.570102095037432,1.5665795519369337,1.7565393154455489,1.2981330373282034,1.284850026340772,1.6310163284429033,1.4349080748319678,1.771934500958644
2025-06-30,1.5840287191722198,1.5763991146422975,1.572039730890485,1.765086241712161,1.3023810850412632,1.2911097317683744,1.6381944104497688,1.4412539591792648,1.7806406232885397
2025-07-01,1.5869400470150676,1.5780477962594976,1.5737245784221572,1.7686140473388532,1.3035214409178548,1.2907384209861796,1.6406887734510425,1.4435178037650702,1.7828732599764505
2025-07-02,1.5929416378968584,1.5831896057772437,1.5803112792185592,1.7759948273228399,1.3043510655416062,1.2919675568585434,1.6476308781553666,1.4489830758890003,1.791955881515635
2025-07-03,1.593508258512624,1.5854395307090892,1.5837819750839626,1.7779701555011196,1.3027071198102995,1.2912123042465027,1.6498928498233612,1.450644633157692,1.7962191643710093
2025-07-07,1.5864429308417383,1.5765196674942452,1.5740391059305465,1.7652613008096527,1.2997450287540337,1.2846042955134578,1.6390086920372013,1.4409888143675458,1.7841353397402078
2025-07-08,1.5849915529167997,1.5767883101087248,1.5757196511541045,1.7659550496498095,1.2983517331044157,1.2831613837214968,1.6393858485762332,1.4417982433866752,1.7844647345046853
2025-07-09,1.5913643926648295,1.5829399461955578,1.581685432113259,1.7743933477822018,1.3020928377125096,1.2898146897381395,1.647317866062122,1.4481997646200455,1.7930261590805052
2025-07-10,1.592497856753551,1.5843807871718387,1.583011228845033,1.7763479216511955,1.3022530755571675,1.28963483064292,1.648904044338059,1.4495119809098818,1.7948515197447292
2025-07-11,1.5912753950237093,1.580675302172704,1.5791980141565325,1.7710987428440905,1.3004548280206767,1.284304890876083,1.643537290587127,1.4451869984204686,1.7913419859499613
2025-07-14,1.5910889303758877,1.5818512263317737,1.580889098997082,1.7719777210387675,1.299645125335418,1.2840147684096406,1.6445660606930224,1.4462002380602352,1.7927224081434912
2025-07-15,1.5840897060643384,1.5755525816826224,1.573741948279261,1.762468237784649,1.2970189921538429,1.2792515557844897,1.6362958384853254,1.4388573138690313,1.784220522550893
2025-07-16,1.5888653836963227,1.5803757152289026,1.5789382716307756,1.7694204295008564,1.2987247396765944,1.282067718313166,1.6420512379108438,1.4444487290593304,1.7908858812610589
2025-07-17,1.5929054400770135,1.5852431695861167,1.5848079742364476,1.7758000146894426,1.299761542469352,1.2849184516475451,1.6476758382765633,1.4491520944366092,1.7983768071561121
2025-07-18,1.593603162605271,1.5852481285004043,1.5844901960034854,1.775816009488407,1.3009851412096098,1.2866679043512628,1.647588632866148,1.4490910683773663,1.797930414660851
2025-07-21,1.5999085680433058,1.5903423220097606,1.58850183275524,1.7831801038387682,1.3047327650543767,1.2908891089939394,1.65371515372393,1.4547277088407649,1.805540180726133
2025-07-22,1.6055021644252587,1.5945694744711592,1.5925830132648229,1.7902020198973834,1.307099489687288,1.2933452546982878,1.6593505256187668,1.4597643412845214,1.8109246440610987
2025-07-23,1.6063999095278654,1.5992798806382122,1.5978150014169672,1.7961620293529066,1.3050218847411161,1.2925403808745353,1.6637322211541081,1.4639713891700994,1.8177216911849
2025-07-24,1.6022547437557328,1.5959084515442825,1.5944277681627723,1.790338854901692,1.303929532942448,1.2912051905416835,1.6594777853483924,1.4596414510817892,1.812617672234452
2025-07-25,1.601169010179652,1.5967011164422025,1.5946819736896056,1.7902072226490677,1.304399412860084,1.2939321452873354,1.6598267130720918,1.4599750776920908,1.8120016537804289
2025-07-28,1.5971905245309663,1.5925785692320584,1.5914936611714943,1.7835798429176164,1.303094183525034,1.2925210619107452,1.6545636866648925,1.4547592148328055,1.8068372937709272
2025-07-29,1.603197107180551,1.5971107887819445,1.5966477272539317,1.7910419665609574,1.3079303535820868,1.2993569577888637,1.660711756050219,1.4598354847897863,1.8112912642011036
2025-07-30,1.5944993358726827,1.5907827239744365,1.5909698393526361,1.7809383320230854,1.304601276094262,1.2957169183585904,1.6519541969827536,1.4524059579677073,1.8020560628129367
2025-07-31,1.5907147505292212,1.5853936064455587,1.5842376762445138,1.773689440579431,1.3048258532009627,1.2947135718016092,1.6460704315493098,1.445928373287022,1.7946347885740979
2025-08-01,1.5907871054420688,1.5798793777587627,1.5753914940628937,1.7692377919828215,1.3092830268463997,1.2978095440336528,1.641990408750914,1.4417052839163484,1.785234926265577
2025-08-04,1.6009876537326273,1.5919909544858164,1.5874835308262754,1.7841608399355782,1.3117228620474175,1.3033302981049484,1.6571449225448132,1.4543627774110335,1.802936304055743
2025-08-05,1.600454739463256,1.5907646213081417,1.585951260209588,1.7834512780365446,1.311522434228612,1.3019802019653248,1.6560352190200542,1.4534150656486315,1.8005182826523958
2025-08-06,1.6007288340469736,1.5933773189472278,1.588341036110789,1.7852648409830865,1.311006012830645,1.3028072007919598,1.6573730710280494,1.4549406610138296,1.8052244290652117
2025-08-07,1.6039781238984738,1.5960415710840148,1.5908080629346342,1.7892352559944167,1.311608557703778,1.3021507893340514,1.6602079185675938,1.4575509798574162,1.8099934741118893
2025-08-08,1.6044192001919022,1.5976169915206848,1.5921750689704783,1.7901914584628569,1.3109276328980997,1.30168910819909,1.6610801683778023,1.4585751887573921,1.8138525112983692
2025-08-11,1.5998683027496274,1.594642040278766,1.58977462688447,1.7858858076916768,1.310034086971125,1.301992421663451,1.657798213844522,1.4552921408441863,1.808231358588055
2025-08-12,1.606880135727554,1.6033430524194447,1.5992962289534247,1.7971662284296306,1.3101515181470935,1.3043937574242825,1.6677247313096577,1.4642178713995277,1.8217876205398873
2025-08-13,1.613854055756175,1.6106160117815544,1.6066921742558422,1.807962979702499,1.3130380396036037,1.3094727251818448,1.6760677566681037,1.4720380270064792,1.8310760369485954
2025-08-14,1.6087050670163527,1.6052937505112708,1.6014489045844198,1.8001552376317045,1.3106859515950904,1.3057861797761146,1.6696885248268558,1.4663568839550178,1.8245191166844348
2025-08-15,1.6074781268246419,1.6037559271826474,1.599842698487849,1.7984898397108078,1.309153181069509,1.3030009721412388,1.6680895624881584,1.4650407360935738,1.8226339497978938
2025-08-18,1.6058076271789508,1.602951616801658,1.5991252398709426,1.7973197570424442,1.3083912177016934,1.3016461849615923,1.666934973909035,1.4639928210591855,1.8217704921910347
2025-08-19,1.6035730463750804,1.6000192273971219,1.5957408428339035,1.7941455902179493,1.3083188491700846,1.3012692390791691,1.6644743530151742,1.461726393926901,1.8149475792445946
2025-08-20,1.6066161495872133,1.600820590191608,1.5965871603748243,1.796809349335978,1.3102084290259026,1.3019870303680072,1.6659913818150476,1.4634079869411865,1.81653960115316
2025-08-21,1.6037670702618685,1.5974672901551963,1.5941209740886093,1.7925018759506695,1.3084745365380028,1.2984255526278419,1.6618953081232588,1.4597916836900693,1.8119853647891393
2025-08-22,1.6218623527267155,1.6154787710085634,1.61278952322057,1.8175997554973455,1.3139878918206405,1.3093211381161434,1.6838533069638821,1.479575907956824,1.8380255966630554
2025-08-25,1.6171526716270659,1.6105362388870623,1.6081834450856016,1.810110014141015,1.3127891733671038,1.306497811687905,1.6778572674312775,1.4744651881657111,1.8305136586647657
2025-08-26,1.619836023080547,1.6124441462053805,1.609307041467277,1.8123324660514186,1.313906392396248,1.3083522468521436,1.6802951749678854,1.4762691190004962,1.8340496007433171
2025-08-27,1.622635877705527,1.6140912550600202,1.6113310591309336,1.8144428639613777,1.3145932870283095,1.3097088987315955,1.6822369086307871,1.4779074607137603,1.8366077013471125
2025-08-28,1.627349537752493,1.6185628201071893,1.6156328201552594,1.8205725667756592,1.3174061730338398,1.3133694668269562,1.6873548812678287,1.4823374948793575,1.8434167945550275
2025-08-29,1.6254713827209515,1.6145236305345905,1.611705173590667,1.816074876124171,1.3163325147083498,1.3089081567560035,1.6826919839353092,1.4785724934030795,1.8381130750551473
2025-09-02,1.624937291591994,1.6106985168687513,1.608167777809716,1.8125225089107857,1.3171382166769048,1.3051346039173,1.6771843117803678,1.4746886724367958,1.8353729117764208
2025-09-03,1.6294331137207414,1.6155176384904522,1.6114843946266808,1.8185989438253773,1.3206578163439218,1.3108585775276858,1.6822158313900408,1.4794546838063825,1.8419080013119928
2025-09-04,1.6354546827563072,1.621800951208558,1.617150606180936,1.8264081874737736,1.3231018234333958,1.3173801433356171,1.6900592678586164,1.4855127988208008,1.8499898435646478
2025-09-05,1.6422792441498313,1.6283517430024543,1.6224875968480073,1.8360949555299146,1.3275091190247323,1.3224393411944793,1.69772115653465,1.492382469804526,1.8578973804371837
2025-09-08,1.6485052903005475,1.6346283937115607,1.6279494942344577,1.8453857345794706,1.331905698226096,1.3276484784127411,1.7051538857863875,1.4990452407635957,1.8670449641301383
2025-09-09,1.6468813829322482,1.633720603228724,1.6273036269970327,1.8436272371592843,1.3306511742433018,1.3258617820674559,1.7034818733686072,1.4975895473016365,1.8663960059419349
2025-09-10,1.6493922836588542,1.6368115337838092,1.63007285629688,1.8480570739193376,1.3330614582371376,1.3294124605216826,1.7068180204206662,1.5003995812454822,1.870193253706868
2025-09-11,1.6571990041950098,1.6458413302562098,1.638962518369902,1.8607243218701068,1.3349333580154092,1.3340988108793088,1.7176228409245424,1.5099177043313772,1.8823031365014482
2025-09-12,1.6560340617112437,1.644203483264287,1.6377241245933278,1.8580117288756295,1.3343350808680996,1.3323711267896452,1.7156686782301278,1.507904074013843,1.8811721475467538
2025-09-15,1.663208427529308,1.650683043409783,1.644344471201741,1.8672555578293357,1.3374020604150234,1.336903727796683,1.723256698569046,1.5146257260090157,1.891890538090691
2025-09-16,1.6636749963251916,1.651602627643545,1.6455266311596768,1.8686150229809748,1.3384022971443916,1.3374503343104807,1.7238468890102125,1.5152480569902784,1.8927807313016096
2025-09-17,1.6593234227439424,1.648767367915463,1.6425903557689632,1.864385802145663,1.3362128805388342,1.3346092470547328,1.7203665389223524,1.5120864545420654,1.8882258279788433
2025-09-18,1.6623039944548281,1.650966922682927,1.646475263184347,1.867534903200806,1.3342543835390683,1.333345290593421,1.722995002575357,1.5154705187825146,1.8940861734256047
2025-09-19,1.6623142908674737,1.6505762846653012,1.645175502282959,1.8661758397498525,1.3347820529828813,1.3332887454210856,1.7223486559362564,1.5146399276527827,1.8955264183420784
2025-09-22,1.6675356444073839,1.6543460711458766,1.6488165958365089,1.871666394323139,1.3358837524413085,1.3329469286886535,1.726370231962113,1.518835214116672,1.9038768390721832
2025-09-23,1.6700046307286431,1.6555841541952268,1.6499410177656195,1.8740283520322147,1.3381075109760519,1.3347436814337488,1.7272331628165332,1.5201774968103425,1.903741602286006
2025-09-24,1.6639548106818254,1.6503706388612518,1.6452248518741666,1.8663431785865499,1.3360577284218242,1.3315072081971586,1.720197749055704,1.514195163259283,1.8957395372076766
2025-09-25,1.6620562614260708,1.6470039674970194,1.6417554525325884,1.8616688965439745,1.3359285391935483,1.3290437199635856,1.7151096977307065,1.5098103749031322,1.89087758857088
2025-09-26,1.6676864307328199,1.6514615171660136,1.6464512836860705,1.8682139074160955,1.3370038465426848,1.3308222790191087,1.720802822830306,1.5151065683382297,1.8985900223054288
2025-09-29,1.6731470478812334,1.6566804462622826,1.6500467670383094,1.8754097536162686,1.3404344061305036,1.3345509084810203,1.7270447199587242,1.5206363093617299,1.9065675494894243
2025-09-30,1.6758161864790524,1.6589493321157343,1.651843117588826,1.8785124804432116,1.3406885376469482,1.3340237167818751,1.7298172649353052,1.5229906798606219,1.9112054982526736
2025-10-01,1.679395357357549,1.663435999775493,1.6559782544715345,1.8847169150392695,1.3424873101444263,1.3377872464708256,1.7354009059386457,1.527944687664753,1.917523901703496
2025-10-02,1.6792647389633693,1.6646034088162174,1.6568724735707612,1.885907017392046,1.3427801292345631,1.3390287683638937,1.7366844912973425,1.5289803022902995,1.9189676546470722
2025-10-03,1.6824833315465308,1.666442707153624,1.658512353074213,1.8895462935663314,1.3429714264530308,1.3374544838828786,1.7391930775720925,1.5312150878055875,1.9226479341542628
2025-10-06,1.688083364332949,1.669833895190364,1.6617963234106894,1.893928890972149,1.3438637961331303,1.3363186873711184,1.7423104089343449,1.5341413682730067,1.9310531155639095
2025-10-07,1.6871383020632789,1.667486355755295,1.6585085412482998,1.8905071662433008,1.3456245616369102,1.3374627427741388,1.7393492094022096,1.5313513543163422,1.9264284493633674
2025-10-08,1.6943061587614705,1.6737878650207592,1.6641878637036744,1.8983248161225028,1.3477505286581555,1.338849343337447,1.74586187572511,1.537259088040602,1.9379337790564268
2025-10-09,1.685280247900468,1.6666833784360302,1.6575577763976592,1.8874725157049166,1.344820644187204,1.3360067499819221,1.7374698938851365,1.5293073977855784,1.9261635128639818
2025-10-10,1.6718046143595149,1.6484272557579247,1.6352555778233968,1.8636148205071337,1.345833678008999,1.3316061147618097,1.7201424517047375,1.5077276016120225,1.895385463472821
2025-10-13,1.6894492477615335,1.6655551798597945,1.6524803704938311,1.8875815404274872,1.3508854951431744,1.3389570333789262,1.7421004710024597,1.5280315024345912,1.9240228137019495
2025-10-14,1.691936738225604,1.666279727594787,1.6528989838431605,1.8904549613067358,1.3521481129488793,1.3399109092274393,1.744523927777999,1.530098401331691,1.925773741403207
2025-10-15,1.7009437287880411,1.6738095579691614,1.6604369282585498,1.9027162288460389,1.3542281937582723,1.341137126139657,1.7555313901399723,1.5389739166123835,1.9401088172167387
2025-10-16,1.7032293842794761,1.6749480501158065,1.6588294413508975,1.904231537149772,1.3577824479294578,1.3422975098654837,1.7542640802407796,1.5389519711051183,1.941602928628033
2025-10-17,1.699812971830633,1.6741289647607578,1.6595965576847076,1.9028537065405449,1.3559104946957772,1.3426528586044892,1.7543962359014156,1.5379617126591167,1.939889822540655
2025-10-20,1.719451012182625,1.6888839869835617,1.6727866269779395,1.9236255304991385,1.3619321740960837,1.348333432211429,1.7726171409869327,1.553229323722279,1.9652486237832005
2025-10-21,1.6998404135210903,1.6787234072293424,1.6664802962263219,1.9083250432136103,1.3562184709649445,1.3484980485662172,1.7593608838973782,1.5419411349578358,1.943507975275996
2025-10-22,1.6986250980070459,1.6770622270708637,1.6651606188441292,1.906561289943717,1.3568678876105,1.348108813462263,1.7578172124830747,1.5403012072875713,1.939210399949567
2025-10-23,1.7062235046924346,1.6821977685649954,1.6713124914107353,1.914756882936377,1.3573594712384607,1.3489644025207592,1.7638839752838482,1.5461150316272168,1.949766188859249
2025-10-24,1.711075104926891,1.6873821898388652,1.6772474505706265,1.9219285708053888,1.3583345178688049,1.3526009888845796,1.7700709396062293,1.5514993143040585,1.9584122717539896
2025-10-27,1.710279297953287,1.6915305793270752,1.6837430025213582,1.9269556977405993,1.3574036689887035,1.3571261653632793,1.7745149016976272,1.555585519097359,1.9640596660595775
2025-10-28,1.7057300373975097,1.6894432089224354,1.6803999833584087,1.9222624673349922,1.3570100041173023,1.357849357295837,1.771288695797036,1.5518474312651351,1.960981679029364
2025-10-29,1.7003742124565,1.6836371647209827,1.6741448899643998,1.9137677635578896,1.3539440307822932,1.3524832040230879,1.7641153580114255,1.544887645939405,1.9555741105830446
2025-10-30,1.6992824983475423,1.678736851215046,1.6677949914526067,1.907576687049312,1.3533807118967078,1.3463819582772438,1.7580489887756383,1.5397435784366855,1.9484036798135584
2025-10-31,1.700959057066674,1.6797809447048497,1.6701399041441465,1.9086426722879999,1.3527881606965013,1.3463102815997297,1.7592578160908248,1.540828721243557,1.9504679254478996
2025-11-03,1.7026316080148634,1.6809217965544734,1.6715681783987435,1.910097918177738,1.3526710696979267,1.3453037975724869,1.7599976186464417,1.5416299943815441,1.953386364516122
2025-11-04,1.688848531361009,1.6705148614673175,1.6612370782925754,1.894836463647942,1.3504155254078434,1.342550793184452,1.7468645059184607,1.5300309587899543,1.9323788738333418
2025-11-05,1.6947629524106684,1.6729838679629023,1.6637538813285766,1.8998040652814214,1.349334062352875,1.3397356524192328,1.7521874681144234,1.534915937732781,1.9407943688112377
2025-11-06,1.6877699819172125,1.668141540736207,1.6578634491932065,1.8931906619565344,1.3510791339518926,1.3412546632411437,1.7451202228445668,1.5296012854405405,1.9288693379755328
2025-11-07,1.6918084496778285,1.6702894579888001,1.6605495008691606,1.8971063870150244,1.3514379756132007,1.3408134601238029,1.7494708485047483,1.5328229586160604,1.9325314033333836
2025-11-10,1.708883516085477,1.683179768925674,1.6721828542059114,1.9154184749005236,1.3558972218504206,1.346087992436623,1.7661260452182486,1.5465460286977772,1.9572235033396244
2025-11-11,1.713482163731252,1.6875374934032308,1.6768684982398863,1.9223173329869823,1.3583227717352993,1.3496994600780845,1.7714826875234315,1.5512128982702664,1.9626981762711153
2025-11-12,1.7147027162577966,1.6873286875766793,1.6742353402152572,1.9223012908352788,1.3593211869623016,1.3484232980991098,1.770559020139389,1.5510684006073148,1.9644298839891687
2025-11-13,1.6978683391735396,1.672232237535823,1.6588038592430456,1.9009567715136821,1.3547657591374946,1.3391989999334586,1.7514193632151698,1.5350087103339187,1.9399661584182373
2025-11-14,1.693768950928124,1.6700498129257768,1.6584535534079132,1.8974071203845828,1.3520011272536712,1.337318278257808,1.749158377491417,1.5330413045516142,1.9355315193580196
2025-11-17,1.6832376731859742,1.6619805658259785,1.6503236169466693,1.8845960113747668,1.350811308833666,1.3355640364212793,1.7378553204146197,1.5223285579250918,1.920103257227571
2025-11-18,1.6831343245148789,1.6598197043416962,1.6486153435208046,1.8824106097922022,1.3517309039608945,1.3348033196461437,1.7342122206949429,1.519694521621876,1.9156608766113656
2025-11-19,1.6824978851907573,1.6586833062337194,1.6462015223370152,1.8800179036259563,1.3513589283251812,1.33468106347548,1.7324365811427644,1.5181881248967386,1.9154253035134443
2025-11-20,1.670778669447117,1.6479472598087854,1.6350602650854387,1.8655936028107225,1.3507138859452579,1.3314776050553587,1.718308662379265,1.5060881148702747,1.8962770483412446
2025-11-21,1.6802528677648005,1.6564961481736524,1.6441902856813524,1.8783837948291526,1.352462343644174,1.336596007530351,1.731915948521073,1.5169240875612622,1.9092596675224864
2025-11-24,1.6958726823066086,1.6693067451590313,1.6555614094282,1.8951679707897775,1.357184385293754,1.3443269963830509,1.7471467756712498,1.5298061568044758,1.9310848711340969
2025-11-25,1.7034170851840416,1.6764285080723453,1.6626948964449693,1.9058778235008373,1.358794443172387,1.3488015003365799,1.756831984489053,1.5376179038124769,1.942316751314991
2025-11-26,1.7130519580860106,1.6847410078622898,1.6706340047237302,1.917863116159293,1.3619311640317286,1.3534337948453075,1.76695547779592,1.546071852496705,1.9556898845297725
2025-11-28,1.7216223180948973,1.6896978426366496,1.6753116727847523,1.925127232931606,1.3632726584840602,1.3541671493511174,1.7732932353038946,1.5510102380655963,1.9660818007315706
2025-12-01,1.7167252296453,1.683099572753279,1.6681955794107863,1.9162585265851015,1.3604254066043544,1.34766073906531,1.7646499270493345,1.5439814754237282,1.9590737465624346
2025-12-02,1.716451091843972,1.6838634609473329,1.6689413720925776,1.9164190449067482,1.3603396873181701,1.3492197221717657,1.7651493867125387,1.544095228797574,1.9600747844764983
2025-12-03,1.7220677845110943,1.6888842440423122,1.6742833006942512,1.9235371868121598,1.3618768600558038,1.3524076508143899,1.7715234048717041,1.549208503504206,1.9669822658554328
2025-12-04,1.7232519468919265,1.688694394116309,1.6743344464637844,1.9239111987187762,1.360880315054752,1.3505988264467623,1.7716108756186306,1.5493183733327751,1.9681608890151354
2025-12-05,1.723594986789215,1.689214230468978,1.6752604287403319,1.924676261039363,1.360232060691896,1.3498811225844785,1.7719124573741423,1.5497213542383628,1.969950205048109
2025-12-08,1.718779440849242,1.6843017830984055,1.6697352614815835,1.9178518879721802,1.3580739441990535,1.3460641043803236,1.7664411827328244,1.5448099187457993,1.9635919563711728
2025-12-09,1.719360690165934,1.6838062429769698,1.668721958674275,1.9171716076983376,1.3582749202800855,1.3450114165618035,1.7657032045233814,1.5441847152782227,1.9639306792840963
2025-12-10,1.727671849280428,1.6918290835613004,1.676775135858044,1.929252109493792,1.3612483354178424,1.3505864109943109,1.7758218716892447,1.5532249334895987,1.9760281915003899
2025-12-11,1.7322933413587758,1.6938647912086735,1.6782977194375044,1.9330206539891888,1.3619877553717483,1.3500918181659032,1.7788054224106185,1.5556984577028004,1.9806615059744233
2025-12-12,1.7223811274140326,1.6832646207516753,1.6671942783794373,1.919126064848851,1.3586683421619257,1.3417822631643108,1.7665746744758075,1.545086918994132,1.9651835793872425
2025-12-15,1.7205498386088884,1.6818490940242885,1.6655933476661413,1.9177577526034177,1.3587481587543377,1.3415515117666597,1.765105153145702,1.5436497898929877,1.9627630219694476
2025-12-16,1.7180886520538667,1.6799041378178978,1.662745509375537,1.9141608297293224,1.3597335049564463,1.3431449743212691,1.7622285026320648,1.540992551765002,1.9591094351193477
2025-12-17,1.713823016830083,1.6755828352341247,1.6585151115663421,1.908623611674624,1.360044530953682,1.3400893162871572,1.756323994601665,1.536086872022914,1.9505245632964352
2025-12-18,1.718890785548941,1.6810237123707257,1.6634460016122379,1.9159843425390741,1.3619062127684618,1.3451582081134414,1.7641346937073064,1.5422114372057065,1.9596054155257638
2025-12-19,1.7249996471293834,1.685973112140011,1.6683994624122669,1.9227297095702407,1.3619858058626224,1.3458543772645317,1.7706476962777709,1.5472535476916465,1.9697203413509232
2025-12-22,1.736093667130542,1.6931058395225629,1.6749560566317565,1.9337120681337123,1.3649172270002992,1.3476022238877448,1.7797369328336379,1.5552308347324815,1.9839885437601348
2025-12-23,1.7419469899852542,1.6976663617000327,1.6789680855350935,1.940426455233616,1.3674572111355998,1.3498693451989456,1.7846210664858837,1.560048270989951,1.9926848576501677
2025-12-24,1.744358821694854,1.701109010892551,1.6826551990473557,1.945049164671638,1.3691366647017025,1.3539216152260418,1.7888449723244153,1.5636086879644158,1.9962514786305885
2025-12-26,1.7468675597547856,1.7025696566617652,1.6836928845387815,1.9476899125686957,1.3700852062629143,1.353650198108694,1.7905437452258925,1.56520224836266,2.000062316175281
2025-12-29,1.7331511721037258,1.6960161105353142,1.679428957544455,1.9373117961181456,1.3661939429102643,1.3535943705832725,1.7828668350917198,1.5581656794524357,1.9834015151514772
2025-12-30,1.7325264094850614,1.6959382692974234,1.679836818322771,1.9373894527529663,1.366054735938951,1.3528467040341932,1.7827472131187752,1.5581768519216803,1.9830724802414275
2025-12-31,1.7228470845955828,1.6872552678584136,1.6711447040690015,1.9254195895221158,1.3622225398144248,1.346479935834078,1.7726169705876662,1.549159493958552,1.9703940218228213
2026-01-02,1.7265038483556103,1.6919518571041046,1.675836668617223,1.9340098267667987,1.3625982727255586,1.3463504026375444,1.7785538244039056,1.5561827039271807,1.978597893823916
2026-01-05,1.7428883133543178,1.7043096102921917,1.68721283215636,1.9523153602553707,1.3683546211462898,1.3526013633739824,1.793028384785889,1.569657851441091,1.9996698724236797
2026-01-06,1.750997772066722,1.7098728128494107,1.6925502932333094,1.960775311089474,1.3695415987032105,1.353745758878835,1.8005272265125511,1.5758058143523108,2.0109884039951025
2026-01-07,1.7458841730900136,1.7063786430327166,1.688823023784164,1.9548526232884915,1.3693061600366954,1.3544073931828957,1.7959081085164008,1.5717348614909912,2.0039938164777076
2026-01-08,1.7496706576895174,1.7084195572509224,1.6916408088261634,1.9585568019655077,1.3691357557559531,1.3526570654734391,1.7983485112177406,1.5742659924747122,2.0075567163286845
2026-01-09,1.7577253985941117,1.7152217473253646,1.697908735636218,1.968352405101515,1.3720538030665221,1.357126843594383,1.8066551435921618,1.581573265661374,2.0191658798567023
2026-01-12,1.7665637745001288,1.7208361561430479,1.702896770900096,1.977399874425385,1.3740401928973325,1.3573035084757064,1.8130326712729463,1.5874012317277157,2.0302714666590673
2026-01-13,1.7673863225593471,1.7211690459393767,1.7037689792691781,1.9773630228924313,1.3749931646971938,1.3587487022206812,1.813011636466929,1.5872879269290594,2.029109786526468
2026-01-14,1.77042352623004,1.7238685232442947,1.7060055025008793,1.9823683116384245,1.3771284328818145,1.359695299580272,1.8160319578100959,1.590475552016011,2.0317079488163268
2026-01-15,1.7698430310762208,1.7248218701826197,1.7077754066769304,1.9839693886346939,1.3759395486438433,1.3588540864632164,1.8179325295418771,1.5917484462763825,2.033450446396932
2026-01-16,1.7684410948501492,1.7236727138193235,1.7080148108649935,1.9826402182830931,1.3738005481189741,1.3557938329370574,1.816163979827621,1.5910218393130593,2.0320708336742364
2026-01-20,1.7692649859084715,1.7146538928009953,1.696060671864801,1.9708952809352185,1.3737198164216358,1.3465421980265604,1.8062197695825413,1.5804040683747569,2.0220672946141467
2026-01-21,1.7851212903163551,1.7281868549231054,1.7091693710070102,1.990752147259194,1.3790190863000913,1.3546852416301203,1.82341798663879,1.5967284641164894,2.044604805431145
2026-01-22,1.7936105240257505,1.733168526893293,1.7123326390883897,1.9984600886925739,1.3821322837527565,1.357417856776183,1.8293272569036398,1.6023031875287492,2.0558731545649547
2026-01-23,1.8006356719207486,1.7375494878772446,1.7157492761836113,2.004398712834371,1.3852681003521266,1.359794586513683,1.8313358167468519,1.6058887436942342,2.063048531478162
2026-01-26,1.8077092624626412,1.742041444695225,1.7188067698815575,2.0108074335461414,1.388304026991114,1.3626742446544882,1.8356698561512372,1.610531319123082,2.0717987683816097
2026-01-27,1.8214387267970535,1.7508524012131899,1.7265725778344743,2.0243730231788684,1.390733141073538,1.363249455210318,1.8464856138143046,1.6197682584035877,2.090639744766589
2026-01-28,1.8334259022323016,1.754191521091069,1.7270206531654364,2.0293095221013595,1.3946021570066163,1.3629037503859331,1.8476528839079625,1.6232442083480056,2.102253253412791
2026-01-29,1.8374457142395308,1.757267130204399,1.730945243379155,2.0337688169475143,1.395762207072919,1.3635916852007695,1.8515648776515432,1.6262306357839273,2.1051966332123024
2026-01-30,1.7927254884913373,1.7350817942140058,1.7145344959243118,1.9993766956166115,1.3825195290172834,1.358436646570611,1.8262482923064212,1.6026659955079567,2.054139921067437
2026-02-02,1.7821471863150002,1.7300052379249693,1.7102951354036942,1.9892193444360744,1.3763558329350754,1.3546092890315617,1.8182928145556865,1.5950094642733406,2.0418144023741696
2026-02-03,1.7944348372272596,1.7344440013552431,1.7122421987657324,2.0016056026344065,1.383790090205069,1.3560734071519212,1.8287326602374583,1.6035589359400453,2.057396947075879
2026-02-04,1.7917713989113677,1.7317257345955126,1.7096146376521424,1.9964142638846503,1.3825825403840226,1.3541380440124067,1.8239354925598794,1.5992917413409173,2.049002688566894
2026-02-05,1.7796529543732382,1.7251970712969624,1.7035072415041037,1.9815743550502232,1.381124612961478,1.3558790424157763,1.8112937105654905,1.5877318427757765,2.026011129791927
2026-02-06,1.797449465500993,1.7391307059292884,1.7167528292136953,2.0124346148563923,1.3865107294025998,1.3595419800319017,1.8413307434939317,1.6139281679051107,2.063702639282071
2026-02-09,1.807067372203816,1.7450622309066637,1.7217189260762462,2.0260413189971604,1.3901170049278102,1.3612949881996668,1.8536975906986672,1.6235147714718747,2.081717271216163
2026-02-10,1.8051741127729257,1.7461136607517036,1.7233441667150828,2.0277409189232896,1.3912730299274054,1.3639485983899278,1.853434750514795,1.6245140749770608,2.0790040255645654
2026-02-11,1.8085670347084355,1.7479652340719833,1.7243578647151763,2.0321998091027598,1.3917589128585404,1.3626090847066619,1.8561309883659953,1.626915544394579,2.0859326160074563
2026-02-12,1.7927083232889052,1.740104553000654,1.7177112699191803,2.01342748091705,1.3893676569011488,1.3637794656546212,1.8421808655419538,1.6139076090427484,2.0564887475917053
2026-02-13,1.8013677046536642,1.7455847118077314,1.7226362724657782,2.026368121643089,1.3939790302798383,1.3678348962177411,1.8554242948027593,1.6244836447095108,2.0711723583436497
2026-02-17,1.7943240628699817,1.7435206372066014,1.7221790607113474,2.0204244312658606,1.390690667533815,1.3667490837919938,1.8473877653909803,1.6197924029466984,2.0607883498485844
2026-02-18,1.8030717689216826,1.747389733795356,1.724856379137779,2.0295006657930963,1.393958591359457,1.3675287751658929,1.8566546571716793,1.6252743422173217,2.074577070311008
2026-02-19,1.8039840007877865,1.747589579632253,1.7251066281909495,2.0300764038677506,1.3950653593439928,1.3683904617994693,1.857287709554218,1.625584155205921,2.074497481630043
2026-02-20,1.8131324433564615,1.7540161394825178,1.7303078175731919,2.0431624248897844,1.3975459882502377,1.3696972067191413,1.868062294753718,1.634529837575168,2.0914482285835656
2026-02-23,1.8157905543668962,1.7523903825703042,1.7266745615609929,2.0409173972779193,1.400932490274117,1.3698680096079063,1.8685609015287636,1.6333439054946972,2.0897231056697136
2026-02-24,1.8166213911354296,1.7564807088552008,1.7317634668765896,2.046768741416225,1.400324170443886,1.371432472593352,1.8746910038687319,1.637607989675806,2.095186948725323
2026-02-25,1.8218341435419094,1.7617107826525134,1.7371179139020956,2.0543662023967277,1.400918431730475,1.3738867508445338,1.8810727838891181,1.642795916214506,2.10519974633172
2026-02-26,1.822614643033805,1.761200242564051,1.7364142928765514,2.054295992519687,1.4023611912538936,1.373703492837958,1.8812022877736996,1.6428442962878835,2.1032891510424454
2026-02-27,1.825833389228283,1.762646719863286,1.736493205925823,2.055599444327989,1.4054984110932287,1.3752940156787636,1.8810032446018548,1.643620551346461,2.1045637275227875
2026-03-02,1.834101774950828,1.7613823200318812,1.735832839454339,2.055206761140378,1.405775004243512,1.3729914508478143,1.8787302179113408,1.6431111713363915,2.1079383538104044
2026-03-03,1.8102020986499774,1.7443599590619279,1.7225719096348882,2.0261369591088276,1.4003960102084343,1.3696317286539021,1.8551896411135327,1.6223689643754147,2.0718379759059165
2026-03-04,1.8197112248133727,1.7503878347496395,1.7288882841393252,2.038413321168162,1.4020998383591783,1.3716062847820858,1.8665922914535162,1.6320635505837962,2.0878407077812176
2026-03-05,1.8113730856696388,1.7417189187326367,1.7213182895571297,2.0220542356474374,1.399686305923127,1.3678203754195108,1.8523518034240192,1.6201088252893487,2.071194979877021
2026-03-06,1.8115985205871532,1.7381358234903939,1.7173219088399803,2.0160496940515698,1.401120007038852,1.3652987502873786,1.8437325727660203,1.6132425052885453,2.065654548248687
2026-03-09,1.8162559550437676,1.7454244946516406,1.7240334017373573,2.0278746219668067,1.4038350371411197,1.3716492252318402,1.855796202685274,1.6231813627816085,2.077125429583116
2026-03-10,1.8212165866703665,1.7452094538589853,1.7240773938135079,2.029223661284215,1.403009748333258,1.3676599728091179,1.8561919844806016,1.6235245461217571,2.0818314370752034
2026-03-11,1.820843240784631,1.741556065964895,1.721728901647819,2.0249161337505166,1.4001534332624233,1.3623591273557565,1.851705677120257,1.619898236282567,2.079786382109362
2026-03-12,1.807194244071562,1.730022539730924,1.7128459126851836,2.004816415885516,1.396914787775136,1.3559833001279493,1.8319810426226668,1.6023702373389,2.0559983493848057
2026-03-13,1.7984685605493418,1.7240159737421035,1.7081479848347951,1.9951914636932904,1.39365533956712,1.35174715544601,1.824330375136073,1.5947256529639868,2.0442612573601093
2026-03-16,1.8052420090623766,1.7335135041528738,1.7164689255221246,2.010329560934595,1.3961121512398917,1.3578899731839558,1.840022223411657,1.6082019771530591,2.0584711116203493
2026-03-17,1.8118028280983753,1.739912254456518,1.7243272852166645,2.0195949107001065,1.3987851274302654,1.3635925288747426,1.847711187815073,1.6147599616576107,2.0671080008086427
2026-03-18,1.794610519723663,1.7273402739942512,1.7142227323239605,1.9975842237711614,1.3934511779158976,1.3564682038918594,1.8260643826874203,1.5977092935105375,2.0410281386612454
2026-03-19,1.7820833285475097,1.7235804307459959,1.7123309542008127,1.9899040730985833,1.3902611933973203,1.3575211690563915,1.821275959150153,1.5911342070954366,2.0263536358745666
2026-03-20,1.7573297478542997,1.7009308666844156,1.6904692721104517,1.952247622399957,1.3803588926152541,1.3426073042782942,1.7883105752391888,1.5603805825088837,1.9879058224486998
2026-03-23,1.7561325128508127,1.7045300102919463,1.6938409890889368,1.9627328668519972,1.3793817631162992,1.3439299973797352,1.7990734668667765,1.5737867857028829,1.9943737844957607
2026-03-24,1.7562004410866598,1.702794464406699,1.6925969568134607,1.9583854440295525,1.3786179474079046,1.34147040192648,1.7969397440353523,1.569421731463753,1.990673241306519
2026-03-25,1.7655101594154414,1.7091809782978653,1.6979021221322892,1.9752460963136522,1.3846525782528178,1.3468112378017258,1.8121273572755887,1.5841423150581166,2.009670313501612
2026-03-26,1.7507653551187725,1.6981725474230827,1.688277251146553,1.946635799694767,1.376671237308946,1.3376295236546263,1.7853737341282392,1.5612044734434032,1.9757752382297773
2026-03-27,1.7519878694111655,1.6950103704819042,1.6840286348184448,1.9420296807123623,1.379053169637821,1.3371532845087746,1.7796140041791504,1.5540063830745101,1.9724961667350531
2026-03-30,1.7516631490844456,1.6963709928935382,1.6846967919125475,1.943036887955381,1.3827787812067285,1.3423724633746261,1.7779035472688252,1.5524507180940472,1.9702309252109456
2026-03-31,1.7714543220808483,1.7111573615494122,1.6987336776299604,1.9798225072140259,1.3894314236561527,1.3480574352384647,1.8172466956373021,1.581453362800505,2.014216322992892
2026-04-01,1.777806723397698,1.7150680038331603,1.701803321422468,1.9901280147877498,1.3913423790884096,1.348599305139217,1.8243348271026527,1.5883357270900065,2.0281862950551406
2026-04-02,1.7791866405353474,1.7189165796824277,1.7074647385460249,1.9940545851666744,1.3928618059231639,1.3517004598762703,1.8275489612420481,1.5911093565048051,2.028999264411254
2026-04-06,1.7811785657063903,1.7211760503379947,1.7100917324048828,1.9986294047716917,1.392544128029105,1.3504918079436812,1.8305534753896588,1.5938954328600072,2.034438047401826
2026-04-07,1.7828704618039193,1.7219582700975757,1.7106786124883646,2.001295136940513,1.3938715172001765,1.35249450495457,1.833086871550121,1.595507414768108,2.0377387216504204
2026-04-08,1.7954842087952334,1.733971166918399,1.7237194255994386,2.0330884731846237,1.3964518020214989,1.3565179915024619,1.8567641164899626,1.6152440222298505,2.0721657445958623
2026-04-09,1.7993560085408078,1.7366870305766455,1.7266307379476107,2.038438062189594,1.3976454305958024,1.3573636357073664,1.8609348174264708,1.6195293262601904,2.0799476549804687
2026-04-10,1.7981537414633786,1.7354903667964918,1.7256376375364801,2.0363044445362357,1.395950296858187,1.355534016583456,1.8572680951472031,1.6171954403154174,2.078287939348612
2026-04-13,1.8045174265708008,1.7419446669869736,1.732665011464566,2.049499296586083,1.3987136542865433,1.359452131192062,1.8675259442484988,1.6263466603442263,2.0922152527435856
2026-04-14,1.8144362584100409,1.749797616737082,1.7408107975265066,2.0689445013189776,1.4035283574266775,1.3642354025409507,1.8830621913782564,1.6387506927799254,2.1158742715814234
2026-04-15,1.8153454810411622,1.7511747202561272,1.742638059854976,2.0698323563212924,1.402307450087828,1.3638159938882881,1.8845760861862035,1.6391259166462409,2.1191391713608008
2026-04-16,1.8167799342406104,1.752384123060586,1.7446381362224999,2.0719498001856924,1.4011396473084277,1.3627624175021036,1.8856137663896408,1.6401714328418802,2.1230173159142622
2026-04-17,1.8243588754487996,1.7601321348208079,1.7535168189616785,2.089820193402394,1.404803588642424,1.3680192436577867,1.898531820012499,1.6526416116079803,2.1421032237396154
2026-04-20,1.8241027400264793,1.7604527729185413,1.7545322956837954,2.08905209603762,1.4044626246008847,1.367671195601955,1.8991816732438254,1.6527428313027799,2.1399413099055096
2026-04-21,1.8133372802941101,1.7523935190037365,1.746542352417537,2.071498144473858,1.4004378560260895,1.3634367095412854,1.8859458971643894,1.640555155011642,2.120568017198382
2026-04-22,1.8217767671828076,1.7584274681882965,1.7522284613413042,2.0848270324745166,1.4039927276348134,1.367328295103712,1.8960273495518207,1.6501778810547056,2.1385462389508265
2026-04-23,1.8191953652917174,1.7568878325245927,1.75141223400938,2.079418829584278,1.4025978898105282,1.3654215159701046,1.8925745494144839,1.6465633106413096,2.1315848418144583
2026-04-24,1.826044406514418,1.7630664280936041,1.7580855811985974,2.0909455249660245,1.4046848102964253,1.3691530903051343,1.901382653708786,1.6547176113107271,2.1466635249860726
2026-04-27,1.8243305036309774,1.761551093060681,1.7570966050057886,2.088040967960966,1.4031806043760389,1.3676204548345854,1.8994170516372524,1.6525869821120283,2.1444919612831366
2026-04-28,1.8174211836698448,1.7581752623058857,1.7543272219879238,2.080582882347685,1.4014222779752812,1.366136375443739,1.8934406990935704,1.6470011349649163,2.1328231617939517
2026-04-29,1.815732970072844,1.7556665275786638,1.752952264813531,2.0751570024739823,1.3992874515372657,1.3630615490993718,1.8895478526082998,1.6431181195245446,2.130191594366764
2026-04-30,1.830767816925738,1.7681096116417316,1.765590877287897,2.0961470701058302,1.402058205757772,1.367047530525384,1.9065710863107068,1.6593684937709563,2.1536700444553616
2026-05-01,1.831558605394985,1.769826495489718,1.7676177175629244,2.09806228043088,1.4028115706489732,1.3692012021715794,1.9080725660778053,1.6608576933484653,2.1567109210084636
2026-05-04,1.8246016145660233,1.7646641914126109,1.7645684340229504,2.0889839869110833,1.3994604961804429,1.3655192939214906,1.901330477371812,1.6541530462380911,2.147215268296039
2026-05-05,1.8351651398126319,1.774205447244202,1.774359425393029,2.104852514763021,1.402420553067119,1.3703865670838302,1.9140839212294194,1.6665294052236206,2.1652576078893313
2026-05-06,1.8517865806012304,1.7889415148174952,1.786285942728403,2.1297190095375877,1.4073779303271907,1.376866121227817,1.9341159941924868,1.6828302215932625,2.194366063707464
2026-05-07,1.845088276119801,1.7816511370190797,1.7783121437164005,2.1169434859809426,1.4055300472360948,1.3723136199479695,1.9257914081772314,1.6746549488196982,2.1831545949574624
2026-05-08,1.8562571493476179,1.7924454755137362,1.7896923708002053,2.1334118754556157,1.4090514427236773,1.3792534155239915,1.9387623373247187,1.6871456940028304,2.2036748701247584
2026-05-11,1.861611180877358,1.7948662432662887,1.7929999050491912,2.1370205379949145,1.4091332246541257,1.378328184538327,1.9433358906626548,1.6896541164102057,2.209985577212861
2026-05-12,1.8584605325411059,1.7899864357787383,1.7875218152458598,2.1273167759151197,1.4076867450396051,1.3751829481595514,1.9358960183229135,1.683443093333643,2.2002872630030152
2026-05-13,1.8589318665877619,1.7920259374521155,1.7893693702590756,2.1306991875755434,1.4069023732931305,1.3759872974204415,1.9382856842179867,1.6858939578550782,2.2055055634643304
2026-05-14,1.8570723337714135,1.7930414661226544,1.7907950200442602,2.130517676372303,1.4062791330127806,1.3768151780776405,1.938865338688279,1.6859432736349975,2.2067981817205493
2026-05-15,1.8369676706098277,1.7741907767025833,1.7715095793177122,2.0997821653182425,1.3988271581802836,1.365647785150342,1.9132556885968774,1.663754256702114,2.1738943007754403
2026-05-18,1.8385215316709638,1.775086388222562,1.7720203732811377,2.102374397870671,1.3990033135190052,1.3645497557154558,1.9148364511375406,1.6664288927932362,2.175660193848096
2026-05-19,1.832006197390045,1.769709601457203,1.7674395889102241,2.0908319146129744,1.3952357867851795,1.359687045558616,1.9045144593494745,1.6568479997502248,2.1625439124791637
2026-05-20,1.8424919311156507,1.7809583150564714,1.7787775429880586,2.1122422546677857,1.400236263342952,1.3679180571159146,1.9238748642102395,1.6748979519630154,2.1852422363527677
2026-05-21,1.8438735655046101,1.7829842492620072,1.7811571308847467,2.1174012579660824,1.400974349828081,1.3684964828909583,1.9270975278638967,1.6781470910842358,2.18989943670297
2026-05-22,1.8434855342330743,1.7845827904565708,1.7834776605522513,2.1191064982889376,1.4014580485196277,1.3698641745903393,1.9285913091808082,1.6797898047134676,2.1912497158746493
2026-05-26,1.8502530412155378,1.7935310253052075,1.7937744757935485,2.136294461168563,1.403498647192541,1.3749131058089648,1.9437179760337242,1.691778080696009,2.210207057013834
2026-05-27,1.8435370047282107,1.7903245409545299,1.7910264829750495,2.1298317469854227,1.4017387431947093,1.374224421844618,1.9354142834892885,1.686986999798964,2.201811046906515
2026-05-28,1.8504891493826416,1.7958363052888977,1.7960318958763581,2.1384028165955073,1.4052582456328944,1.3787772630408706,1.9432252537909809,1.6928038675895374,2.2127925755679603
2026-05-29,1.8512195518530008,1.7953199224594936,1.7939686152519274,2.1381404161815616,1.4064474713186412,1.3796181820812103,1.9429963654999496,1.6926315259776903,2.2144893233303686
2026-06-01,1.8513615754235933,1.7965368621073585,1.795174855683673,2.139234627737876,1.4061490857845782,1.3809246482950142,1.9433180588858754,1.6929013852496733,2.2165588330675243
2026-06-02,1.8567878009617782,1.8015788730040445,1.8010186519646652,2.1472696688283013,1.4073597697134383,1.382712359817896,1.949821154672285,1.6986439661196757,2.2253493869347696
2026-06-03,1.8500951300341273,1.7951200989708775,1.7947108514597465,2.1362120433445195,1.4049888872241385,1.3788107040368618,1.940760875519061,1.6908041242736904,2.213433649033097
2026-06-04,1.8531695998581166,1.7984875142846113,1.7981187922064978,2.1416277402546364,1.4060686816069514,1.3799972021038263,1.945627129466346,1.695589517195363,2.217405619044758
2026-06-05,1.8154353486294441,1.7666142804172915,1.7669221963195243,2.0928885477078287,1.3963937627236664,1.3648228926054589,1.9051969577482573,1.6607432409574008,2.154490974182241
2026-06-08,1.8194367151965731,1.7693252877752295,1.7697332874993899,2.100174753489955,1.39687198385023,1.3650638075974786,1.9112001260992106,1.6639834856617266,2.1663645319856824
2026-06-09,1.8157551155531912,1.7691458628086751,1.7710389430471847,2.0994771907195426,1.395927380413844,1.3655955266050508,1.90947715734516,1.662515582845987,2.1593268347468846
2026-06-10,1.8037620653497841,1.7603951986030297,1.7640641976079536,2.078014953467167,1.3901825732892028,1.3622620261676028,1.8865838847885532,1.6446294353943194,2.130093705680831
2026-06-11,1.8203741318425848,1.7756713125978132,1.7790394535710772,2.114262133663247,1.3986162446983934,1.3716597448810566,1.9217993105812992,1.675689657065361,2.172999774174014
2026-06-12,1.8216325295708726,1.7778539559134598,1.781500442597456,2.11830001787222,1.397861855957831,1.3705156625092216,1.9235941041145412,1.6771499017967941,2.1788226288308206
2026-06-15,1.8309854748418442,1.7860652357759275,1.7884893026328588,2.1369508141205684,1.4013878212667625,1.374170369655482,1.9391225226536597,1.689789581185624,2.207305406830284
2026-06-16,1.8265016840393147,1.782278762965823,1.7842613306139292,2.1290184617798986,1.4016282358829797,1.3739187135454807,1.9337949764052793,1.6843127904435102,2.1939025228718605
2026-06-17,1.8166651181293363,1.7742216505750668,1.7766019837833107,2.1110033578299015,1.3972957235550445,1.3679436285669415,1.9148001112843225,1.6699893714600305,2.1725196106530302
2026-06-18,1.8236321646152893,1.7824744811954367,1.7861727762600512,2.128809495929499,1.3998098626924023,1.3733025509044947,1.92939496679841,1.6844509132534922,2.1948642858247185
2026-06-22,1.8224836450404431,1.7817249765125172,1.7864056031555038,2.1273719327040057,1.3966808992265796,1.3696093888195817,1.9272229548074165,1.6823650664398975,2.1931727643715098
2026-06-23,1.8093388599593412,1.7721668809557902,1.7771306086407717,2.1012109829959447,1.393347075215827,1.366790703221047,1.9078810683331984,1.6643466228990307,2.1565687541689598
2026-06-24,1.80208472712877,1.7715155597096168,1.778132033120906,2.095726883468848,1.3924258377734982,1.3700964361263814,1.9046786691522812,1.6599821014117522,2.1457942342216607
2026-06-25,1.809229752063111,1.776016809393813,1.7827339213500781,2.107492431817314,1.3949807934150886,1.3724917033105317,1.914850713936291,1.6685178726960943,2.1597030300493976
2026-06-26,1.8074733797156755,1.7745455024305052,1.7814755839484222,2.10397079395167,1.395138118103709,1.3727091970634906,1.9139500060709145,1.6663210979828622,2.152916145677128
2026-06-29,1.810470711958655,1.778700780213745,1.7853359210049664,2.110474224677939,1.395658276762531,1.375308703839813,1.918110291753953,1.671096194343726,2.1646224584010394
2026-06-30,1.813117111363855,1.7787314162843904,1.7851371568899799,2.1123891594865696,1.3935092485159604,1.372710185597731,1.9175341047496652,1.6722260354577645,2.173508588204083
2026-07-01,1.8084822409928598,1.7738453388006459,1.779390447137651,2.100741221308965,1.391634308659149,1.3687301519473496,1.9090170423160655,1.6639557141412789,2.160069156078201
2026-07-02,1.8114423580720267,1.7746623988095829,1.778641719556048,2.1039087423602694,1.3938158529223532,1.3684681166391077,1.9114451061593967,1.666141959800887,2.1600448740677827
2026-07-06,1.821674602426303,1.7811985790393818,1.7849907255168076,2.1192240765675576,1.3967254222127394,1.3719571691712773,1.9232150983183982,1.6768217921361932,2.17954988351402
2026-07-07,1.813515851097165,1.773473677947575,1.777603770412718,2.104450265582599,1.392443043956469,1.3650328548810933,1.9119089706538308,1.666257319713616,2.161496459558124
2026-07-08,1.8114894939935675,1.7703373880856528,1.7744627348157271,2.1001101529116912,1.3917140594914195,1.3640717009827237,1.9066308647657169,1.661497739603714,2.157847520150366
2026-07-09,1.8195808704391339,1.7773389547970118,1.7816701171485692,2.1109255968519056,1.3937653735906554,1.3673478264064483,1.9171734626520536,1.6701072687497531,2.1730538657838836
2026-07-10,1.8196073342489805,1.7779397646721071,1.7818975253507365,2.1112873199548234,1.3931685449431437,1.366803561286739,1.917076172871192,1.6699953850331735,2.174378509268138
2026-07-13,1.808986427938961,1.768977882135649,1.7749674580583694,2.0955242906989686,1.389501677401225,1.362143336687216,1.9030913900974884,1.658420155153991,2.153705631136229
2026-07-14,1.8196945592244604,1.7760283163317188,1.7817151108057852,2.1083222946828437,1.392974935214607,1.3666247803604823,1.9132471729459812,1.668163331236103,2.1692310067695924
2026-07-15,1.8229894633221604,1.7791145566579563,1.7851282825263892,2.113440146567153,1.3946441373300384,1.36983694078656,1.91760794135037,1.6714690507236276,2.1734192181052543
2026-07-16,1.811852677852238,1.774253024403822,1.7816280165801641,2.1024920199223622,1.3912955422894304,1.366412079690274,1.909387130327472,1.6639806458216375,2.156808807334541
2026-07-17,1.8114411997868125,1.771219165102135,1.7786888744491156,2.0993310977052806,1.393241606255083,1.3657831389878239,1.906428487914339,1.6601942442276936,2.1502081851301904
2026-07-20,1.8094205991002936,1.7679210804422296,1.7754912288788642,2.0948216563247812,1.3914470681191982,1.362793012175017,1.9021631243274488,1.6564534811970997,2.1470401486433355
2026-07-21,1.8265230415038012,1.778360206758563,1.786297580340827,2.1140662367213836,1.3940425009516726,1.3645840469510468,1.9185357703701076,1.6705947054217263,2.1724991010264576
2026-07-22,1.8280084859116827,1.7760314365011924,1.7827169445956634,2.1121138165654605,1.3945567953769176,1.3625180266130121,1.9177097115941213,1.669083979728715,2.171189961616749
2026-07-23,1.8164150548858033,1.7669778778619114,1.7760944202891247,2.098412612673375,1.3910691730652769,1.3569295330479614,1.905330263865617,1.6582176320282842,2.15261394875579
2026-07-24,1.8145022089613818,1.7670521421891388,1.7755385765418865,2.096683761101856,1.390936049731013,1.3562494769627513,1.903930872379055,1.656827514056117,2.148050955043815
2026-07-27,1.8101860840728103,1.7656600767100439,1.7724630539262536,2.0954144671187565,1.3912352048743823,1.3562049276565928,1.9042300354287638,1.6567956389435243,2.1450482726827214
2026-07-28,1.8018939932439904,1.7630396141576004,1.7703535771638774,2.0890979689203584,1.3907311433454115,1.3579196107244609,1.8976037541619422,1.652364603810969,2.135059078993058
2026-07-29,1.7976062046503753,1.7533531789847585,1.7604335669484448,2.0758477616509188,1.387986928556205,1.3499026263506138,1.8863681252300102,1.6408943472104331,2.1201903691934487
2026-07-30,1.8163228190334166,1.7670738843727873,1.7726779468373512,2.0998026336502282,1.3913907564177592,1.3560212393414333,1.906607034440083,1.6614508063803177,2.151944142702852
2026-07-31,1.814125756066221,1.766097131412775,1.7716245839054408,2.0969614829583425,1.3891220966945463,1.355318807278766,1.9038086198567976,1.6585158844521366,2.1509960030781605
2026-08-03,1.8188310056238137,1.7726172995818783,1.7782716249456805,2.105713560488971,1.3904660766486077,1.3601402879771567,1.9116677773878303,1.6663008176853287,2.163458992669295
2026-08-04,1.831913384043656,1.7861273661254582,1.7912214034649239,2.126004148235816,1.3943713609896433,1.369347415723697,1.9266860486715087,1.6815500255575537,2.190477763123607
