,X-GAT-DRL (Hybrid),X-GAT-DRL (GRU),X-GAT-DRL (LSTM),1/N,GMV,HMM-GMV,GLASSO-GAT,TC-MAC,JM-MPC
2019-01-02,0.0,0.0,0.0,0.0,0.0,0.0,0.0,0.0,0.0
2019-01-03,-0.0025726562219406945,-0.0021837720104140868,-0.002435562213642606,-0.0047557811166825115,0.0,0.0,-0.005795502135842345,-0.004565293035080242,-0.004534507441264379
2019-01-04,0.0,0.0,0.0,0.0,0.0,-0.0004664939637780696,0.0,0.0,0.0
2019-01-07,0.0,0.0,0.0,0.0,0.0,-0.0005458000657582174,0.0,0.0,0.0
2019-01-08,0.0,0.0,0.0,0.0,0.0,-0.0005742834089154103,0.0,0.0,0.0
2019-01-09,0.0,0.0,0.0,0.0,0.0,0.0,0.0,0.0,0.0
2019-01-10,0.0,0.0,0.0,0.0,-0.0010338300014627322,-0.00024318439172732464,0.0,0.0,0.0
2019-01-11,-0.00041447837106001195,-6.581848344411334e-05,-0.0002700471944563354,-0.0006609624889750698,-0.0004070838167683499,0.0,-0.00035494968209714983,-0.0003682740250192662,-0.0006704030020664442
2019-01-14,-0.0030643394228424548,-0.002375058784443884,-0.002871373843762237,-0.005446827977048541,-0.0017389125792282023,-0.001742969048433629,-0.004382805458758132,-0.004737828587993986,-0.005276489304239518
2019-01-15,0.0,0.0,0.0,0.0,-0.0010633627686802427,-0.00028830932337498005,-0.00047144916116914626,0.0,0.0
2019-01-16,0.0,0.0,0.0,0.0,-0.00021658661034529292,0.0,0.0,0.0,0.0
2019-01-17,0.0,0.0,0.0,0.0,0.0,0.0,0.0,0.0,0.0
2019-01-18,0.0,0.0,0.0,0.0,-0.000205919410498967,0.0,0.0,0.0,0.0
2019-01-22,-0.0063615011340676375,-0.004142939868286066,-0.00513915498212536,-0.0069549629598262275,-0.00014216155278201636,-0.0024069930406543927,-0.0046127503923042434,-0.005971126401615345,-0.006865464261779919
2019-01-23,-0.005470767979052105,-0.0032391138086655946,-0.004279778879051621,-0.005588829806445927,0.0,-0.0014916223745873314,-0.003380260213803332,-0.0048914330588422095,-0.00555227282660542
2019-01-24,-0.002888940753115077,-0.0006045742514708685,-0.001522065909165149,-0.002133864202821467,0.0,0.0,-2.2832673623129907e-05,-0.0018752320269058709,-0.0022380975371442124
2019-01-25,0.0,0.0,0.0,0.0,0.0,0.0,0.0,0.0,0.0
2019-01-28,-0.003417903618774365,-0.002544396887486755,-0.0026907036973105036,-0.003656932724142248,-0.0008753602367460589,-0.002626902654679797,-0.003212688011402731,-0.0035002934698500354,-0.0035575588291705262
2019-01-29,-0.0024332712910245524,-0.0008424565613964763,-0.0008555207008414945,-0.0017053064471644896,0.0,-0.001257827457260885,-0.0016894233083969423,-0.0020680958067132993,-0.0017148224030681947
2019-01-30,0.0,0.0,0.0,0.0,0.0,0.0,0.0,0.0,0.0
2019-01-31,0.0,0.0,0.0,0.0,0.0,0.0,0.0,0.0,0.0
2019-02-01,-0.0011194568210589617,-0.0017730761469104683,-0.0016345172122079754,-0.002066014963245544,-0.0012008495438471378,-0.002282451138389874,-0.0016345512229386516,-0.0017562279280426418,-0.0019479355344348415
2019-02-04,0.0,0.0,0.0,0.0,-0.0016554339061006784,-0.0015605127772267968,0.0,0.0,0.0
2019-02-05,0.0,0.0,0.0,0.0,-0.00014518590044387825,0.0,0.0,0.0,0.0
2019-02-06,-0.0023214784179146353,-0.0024683239182070604,-0.002484291694960228,-0.003152351469455028,-0.0006941574970930064,-0.000588951735482901,-0.0027264639644335453,-0.0026943083166033333,-0.0030634987584980955
2019-02-07,-0.00652611906048528,-0.005107224763146068,-0.005176015186201588,-0.007072384934366127,-0.0005682779348444855,-0.002056417497152796,-0.006776221958766038,-0.006776849279868102,-0.006944786562363081
2019-02-08,-0.00597978004821631,-0.004321510879617407,-0.004385909847360425,-0.006388625871789899,0.0,-0.0004634810415654611,-0.006314314636654994,-0.006223392977168674,-0.006321836567042438
2019-02-11,-0.006635570061809815,-0.00531559151861738,-0.005084249450847844,-0.007346935512923647,-0.0012346757422737609,-0.0018720128445971485,-0.006929551722784311,-0.007096762904735376,-0.007147281476958867
2019-02-12,-0.0013522595887738298,-0.0014224070158673774,-0.0012070936539876342,-0.002048073175103471,-0.00020484058560343854,0.0,-0.0015256381270538633,-0.0018404261610166506,-0.002002096291863098
2019-02-13,-0.0010552516083551788,-0.0017503884599130437,-0.001192002020548033,-0.002339842124024605,-0.0010535345543690733,-0.0011612775249590923,-0.0017361417574186522,-0.0021415820871979463,-0.0021812158387053415
2019-02-14,0.0,0.0,0.0,-0.00013838519139053318,0.0,0.0,0.0,-0.0002987421606466256,-0.00012158302575715485
2019-02-15,0.0,0.0,0.0,0.0,0.0,0.0,0.0,0.0,0.0
2019-02-19,0.0,0.0,0.0,0.0,0.0,0.0,0.0,0.0,0.0
2019-02-20,0.0,0.0,0.0,0.0,-0.0002369991259570936,-1.1089760672655657e-05,0.0,0.0,0.0
2019-02-21,-0.002169184091268428,-0.0026854153919740886,-0.0024532386279421114,-0.0031764640768024988,-0.0025297580011460763,-0.0029613831212786934,-0.0029302903479306863,-0.002999556610379095,-0.0029508946913936462
2019-02-22,0.0,0.0,0.0,0.0,-0.0004238103024967188,0.0,0.0,0.0,0.0
2019-02-25,-0.0008315475459755861,-0.0007742793771647882,-0.0012988192634210138,-0.0007083295394412215,-0.00139815411336075,-0.0010431193118781712,-0.0006292084197625503,-0.0007015724883495666,-0.0006697297385360734
2019-02-26,-0.0001698120598268016,-0.00014636644310328517,-0.0009353248832763006,0.0,-4.746452120107936e-05,0.0,0.0,-0.00016469773410099364,-0.00010568994518111996
2019-02-27,-0.0017049352488411884,-0.002599483518240242,-0.0029630673181810785,-0.0030542225157168534,-0.0020669627907445864,-0.0024810911710014816,-0.002821072058762031,-0.003029362802212554,-0.0029173660053309902
2019-02-28,-0.003732361335932466,-0.004832999530397619,-0.005113186561680694,-0.006004047438122995,-0.003372138815274095,-0.004360275357052079,-0.005452165370116502,-0.005735294390639134,-0.005712786488358934
2019-03-01,-0.004543928487232063,-0.006069172580520421,-0.006032271591765226,-0.0071431876340003475,-0.0059351136279388594,-0.005502011869026324,-0.005746369488599856,-0.006062530524088783,-0.006563251418044369
2019-03-04,-0.004635414289111073,-0.005838637192476015,-0.006036216736268196,-0.006988813867332411,-0.004818026703016121,-0.00395228543886772,-0.005578133975980393,-0.006076066333133845,-0.006539219239655392
2019-03-05,-0.0036222305204342,-0.00482378486819901,-0.00508947240896318,-0.005570874291178862,-0.004222948753947575,-0.0034545814196628166,-0.004542103306775069,-0.004865949223176735,-0.005209450185102216
2019-03-06,-0.00679834378238986,-0.0076201215387960985,-0.008751875488459682,-0.009287474343606883,-0.004128093353908846,-0.0039156934259506615,-0.008118207646131248,-0.00847324082166434,-0.008987507385471272
2019-03-07,-0.010424583437880108,-0.010732860057655058,-0.012231348675546538,-0.013726502169037258,-0.0034587244619737056,-0.0035948393435357717,-0.013038219565345788,-0.013426183591884522,-0.013442597057753636
2019-03-08,-0.009888023132943569,-0.010169878074833716,-0.011926214216633979,-0.01324717655266805,-0.002158175057481837,-0.003137604812396888,-0.01323572144162799,-0.013142326489958056,-0.013068048289356371
2019-03-11,-0.0037432727090899176,-0.004341979108802518,-0.005472966883573571,-0.00569298395686102,-0.0017226017572287144,0.0,-0.005351027633875072,-0.005747327114141609,-0.005587364082466295
2019-03-12,-0.000560523040682881,-0.0012078045653620695,-0.0024037076381037137,-0.0019218309375585996,0.0,0.0,-0.0019019570785890894,-0.002313846510901274,-0.002007950814467696
2019-03-13,0.0,0.0,0.0,0.0,0.0,0.0,0.0,0.0,0.0
2019-03-14,-0.0026141134807294852,-0.0024789696153033614,-0.002310465259898531,-0.0031433055353655703,-0.002102828527494549,-0.0021765240442573885,-0.0027047650644670407,-0.002744698608245555,-0.0029114820295096377
2019-03-15,0.0,0.0,0.0,0.0,-7.230805356028824e-05,0.0,0.0,0.0,0.0
2019-03-18,0.0,0.0,0.0,0.0,0.0,0.0,0.0,0.0,0.0
2019-03-19,0.0,0.0,0.0,0.0,0.0,0.0,0.0,0.0,0.0
2019-03-20,0.0,0.0,0.0,0.0,0.0,0.0,0.0,0.0,0.0
2019-03-21,0.0,0.0,0.0,0.0,0.0,0.0,0.0,0.0,0.0
2019-03-22,-0.00823090860196507,-0.006842780571574281,-0.008147263190915188,-0.00952931252273126,0.0,0.0,-0.00707487287939379,-0.008721681886945554,-0.009727902441759362
2019-03-25,-0.006651453671590812,-0.005362095279692114,-0.006644360664149307,-0.007556532102428348,0.0,0.0,-0.0054939325473435385,-0.007060877106485508,-0.007880716217081418
2019-03-26,-0.004305480373346882,-0.0030077114587938603,-0.003986567038636424,-0.004510500192938416,0.0,0.0,-0.0026358150460101815,-0.0042296625425704,-0.004834808799406343
2019-03-27,-0.00666970119221455,-0.004679470048179479,-0.005820611131117204,-0.006622743936716358,0.0,0.0,-0.004557646485912836,-0.006100213859690395,-0.00695301561913253
2019-03-28,-0.006189178661387129,-0.0035278901539038676,-0.004355777014490303,-0.005102576636641154,-0.0003186370852393816,0.0,-0.003005794613960222,-0.004541198328598672,-0.0053505847518515726
2019-03-29,-0.0038513983463382973,-0.0015712437885175845,-0.0025068089568877072,-0.0025069501358330193,-6.584974334467031e-05,0.0,-0.00040777085960919113,-0.0020313192821372894,-0.002806575087323404
2019-04-01,-4.954818132485439e-05,0.0,0.0,0.0,-0.0018582457334265223,-0.0015726009283743014,0.0,0.0,0.0
2019-04-02,0.0,0.0,0.0,0.0,-0.0008746199480623718,-0.00020973453938744058,0.0,0.0,0.0
2019-04-03,0.0,0.0,0.0,0.0,-0.002077597072510984,-0.0017027462835368379,0.0,0.0,0.0
2019-04-04,0.0,0.0,0.0,0.0,-0.0011551328900676339,-0.000194941470729737,0.0,0.0,0.0
2019-04-05,0.0,0.0,0.0,0.0,-0.00039746369075710497,0.0,0.0,0.0,0.0
2019-04-08,0.0,-0.0001422146237063382,-0.00014637541462925174,-0.0002057638516768101,-0.0005221378234631091,-0.0007963258390598638,-0.00035622041853800024,-0.0002139464561721205,-0.00020147487878086068
2019-04-09,-0.00155085597908311,-0.0014862465432223804,-0.002103344702524712,-0.0022693211305324645,0.0,-0.0006240479401118382,-0.002244354896219325,-0.002314508027833284,-0.0023822405853555217
2019-04-10,0.0,0.0,0.0,0.0,0.0,0.0,0.0,0.0,0.0
2019-04-11,-0.0030857306787324124,-0.0026621731731949483,-0.0025051740465501515,-0.0035726171040172394,-0.0019441040592795833,-0.0015787121721130282,-0.00314572964251314,-0.0032553654889980743,-0.003324592535241311
2019-04-12,-0.0015128316228933958,-0.0012406970194466238,-0.0007096802674469993,-0.0015010413924195776,-0.0027795651771815866,-0.0022336928888176955,-0.001226464161749763,-0.0010537377134253179,-0.0011428406282335546
2019-04-15,-0.0024419068099704733,-0.0021304100397325776,-0.0018586778371224577,-0.0028137409038523353,-0.002731615406605048,-0.002269240807709849,-0.0023061343500426768,-0.002330106053289205,-0.002450826743338075
2019-04-16,-0.004676234448237171,-0.004452337132230588,-0.0043068483124444334,-0.0056081939648787715,-0.004618633719736365,-0.004375167101079436,-0.004614493540017861,-0.004943914443947817,-0.005045037525183482
2019-04-17,-0.005983544121001216,-0.005592921243461779,-0.005909863251838066,-0.0071898850487081,-0.004947698016158908,-0.005089366025064934,-0.006070565263174177,-0.00650818891301197,-0.006587863154970175
2019-04-18,-0.00480085431400179,-0.0041455904914246,-0.00455768772572851,-0.0055837737388858555,-0.0037913897418918596,-0.0032675054110711255,-0.004624875036252196,-0.005008231491577919,-0.00507809584799368
2019-04-22,-0.005856653590495142,-0.0053585279004318975,-0.005649640185735327,-0.007469206558598174,-0.004358224528104415,-0.0043508902859150655,-0.006536687821481091,-0.006927963703660445,-0.006863032878114184
2019-04-23,-0.001587168833751429,-0.0009292563968217316,-0.0007350865012429875,-0.002101912009907503,-0.0029729667313813657,-0.00031930301004590156,-0.0013417496647816218,-0.0016019907576051429,-0.0015011912771937252
2019-04-24,-0.0010548289234466601,-0.0008356042974475564,-0.0009383761565550097,-0.0022859655791419575,-0.0015491380054264425,0.0,-0.0015983943185140514,-0.001796691344694401,-0.0018222159976594154
2019-04-25,-0.0017488834897462224,-0.0014560487083438156,-0.0017240151887726318,-0.0033551952776395,-0.0017683683707065967,-0.00045723377297457457,-0.0026132072457312194,-0.002780750297748824,-0.0028467664887561472
2019-04-26,0.0,0.0,0.0,-0.00018929819030222284,-0.0005404618530536753,0.0,0.0,0.0,0.0
2019-04-29,-0.0010843712641732672,-0.0008758397797030693,-0.0005527103443327963,-0.0011958499435639203,-0.001914352390182561,-0.0017884415510514007,-0.0009595374918328625,-0.0010291489149766297,-0.0008381362811179516
2019-04-30,-0.0003300805730478418,-0.00027235706538530913,-0.00027813641995377836,-0.00027086056705905026,-0.0009257707169539886,-0.0009360399907658579,-0.0002831975040443746,-0.0003498239545685067,-8.25185481925228e-05
2019-05-01,-0.003225075917532405,-0.0029527384056283745,-0.003119714827614417,-0.003793783086183833,-0.0015366155124906244,-0.002410868678721645,-0.003629693479584084,-0.0037303773639459914,-0.00352907431442262
2019-05-02,-0.005113744869086001,-0.00498910235029304,-0.005099946144797585,-0.005921583042914902,-0.0033707305957120237,-0.005239407076510827,-0.005516629659659267,-0.005634546447814026,-0.005487711115819693
2019-05-03,0.0,0.0,0.0,0.0,-0.001347257830180193,-0.001062874853776985,0.0,0.0,0.0
2019-05-06,-0.001235047331670236,-0.0018638737705513053,-0.0016938248875936202,-0.0027247854455074716,-0.0006143467188656215,-0.0003594952571540633,-0.0019937191798302667,-0.002479986043401272,-0.0027782214297503716
2019-05-07,-0.008446050175696995,-0.009467657686945574,-0.010211310986572797,-0.012325590139705689,-0.000873542633031521,-0.0034792426499531404,-0.011204573269395723,-0.012263717667790663,-0.012488203552426969
2019-05-08,-0.009889051841224794,-0.010847025784340492,-0.011537233550655168,-0.014017114818104082,-0.0019430619472347033,-0.005315080749970447,-0.012886733897241709,-0.01397711092154641,-0.014092955722515232
2019-05-09,-0.01109752370808148,-0.012464072131522452,-0.013285262915122442,-0.016189041665807036,-0.0014446628244696447,-0.0052456998620024065,-0.014757353101450765,-0.016350782320672108,-0.016256983266663694
2019-05-10,-0.008595452016483818,-0.010155652889908273,-0.010984920040789992,-0.01305403683103501,-0.0010529807798848045,-0.0042273263721746,-0.011824387080744847,-0.01331476906755591,-0.013182331925008617
2019-05-13,-0.017418007337070884,-0.019379293978423084,-0.0205478084203341,-0.024567673974042803,-0.00100884918661448,-0.008887310756901634,-0.023845913990466316,-0.02539032200251834,-0.024770427084439217
2019-05-14,-0.012895666602826816,-0.01489523435846829,-0.015785363811294806,-0.018735535791209568,-0.0002356088295514258,-0.0064491144287273094,-0.01798396093621568,-0.018736957128981935,-0.019078544944480247
2019-05-15,-0.008913774386840934,-0.010914235432184283,-0.011621118268466235,-0.014092867290775968,0.0,-0.002352414716461304,-0.013794584368926666,-0.014511511441404834,-0.014531455797851645
2019-05-16,-0.006619718735549007,-0.008950566282321826,-0.009534459608804835,-0.011851659692856953,-0.0003087481938940373,-0.001102599560178441,-0.01159622050850051,-0.012200850311720801,-0.01215748328043853
2019-05-17,-0.011564294681270182,-0.013276245919072505,-0.014127945850264001,-0.017717570140580396,-0.0012627303639266563,-0.0026493694629167175,-0.01714439848306426,-0.017522604877501013,-0.017821598842953867
2019-05-20,-0.015868416011603714,-0.016975083295644455,-0.017839458419847687,-0.022292246624106338,-0.0021879744525847844,-0.005446345455775048,-0.022348916320914958,-0.02251587590049886,-0.022400036879404728
2019-05-21,-0.01164102725078886,-0.01337875172703662,-0.014253929390552367,-0.017375484084549142,-0.0018632007924324068,-0.0034609295170867638,-0.016754286778977945,-0.01732338907011388,-0.01754245011828348
2019-05-22,-0.013781321214859421,-0.014825257929316549,-0.01627334699180427,-0.019545290338154442,-0.0016070308748923345,-0.003069055594903669,-0.018665234855292367,-0.01916911778852548,-0.019683726569073245
2019-05-23,-0.019184628185882624,-0.018514803734609564,-0.020776005933782593,-0.024982722187995687,-0.0008380031218225836,-0.004252076315943376,-0.02334743087034019,-0.024235874714476857,-0.02512406965786651
2019-05-24,-0.016525406296937994,-0.016157545503995174,-0.0181059414017668,-0.021582633277572816,0.0,-0.0030813724701397316,-0.020263170692936372,-0.02094304104651834,-0.021849904498111306
2019-05-28,-0.018748947399473526,-0.017045572631910533,-0.01893779900382697,-0.023328672007785767,0.0,-0.001992143378762523,-0.022138780280702708,-0.02292650716063438,-0.023687244921335338
2019-05-29,-0.022283913375198305,-0.01946422383993296,-0.021714142241901047,-0.026556224976041265,-0.00026481378159659563,-0.0035768594046377,-0.025560710278454857,-0.026120359065045284,-0.02695121693355884
2019-05-30,-0.020584642967860556,-0.017010252758913436,-0.019776757120715027,-0.023782552255624423,0.0,-0.0001828458126520438,-0.022587573762836488,-0.02317041348546367,-0.024339625038231727
2019-05-31,-0.025225583111664673,-0.018941938872879316,-0.022453687040028925,-0.027195367512232838,0.0,-0.0018757382155137892,-0.025081687351877213,-0.026250417695712902,-0.027761766979784608
2019-06-03,-0.025247510676204787,-0.01775596855672068,-0.021414848338670134,-0.025291502573086433,0.0,-0.0007741248721141458,-0.022154468439480435,-0.024641144712601926,-0.026086482685586998
2019-06-04,-0.01718333073701961,-0.013026739687121092,-0.016404444838311272,-0.018269780442468186,0.0,0.0,-0.015474307652016739,-0.01740183717847732,-0.019366548298825115
2019-06-05,-0.01586470991713551,-0.012600638540046116,-0.01595205221093776,-0.017706412642936042,-0.0008156311999921728,-0.00017181007687649963,-0.014126100949122478,-0.01676425368377432,-0.018578447996072334
2019-06-06,-0.012231567063295312,-0.009552676929212467,-0.012892177970468155,-0.01393844525105059,0.0,0.0,-0.010877442160432516,-0.013482699450762858,-0.015021974242620861
2019-06-07,-0.006035383050826737,-0.0037179965520957037,-0.007289364569502799,-0.006613281274465588,0.0,0.0,-0.004010737331810343,-0.006734906594987433,-0.007966511056395675
2019-06-10,-0.005210801300326695,-0.004459398215465704,-0.00771919798170051,-0.006367508568271174,-0.002092924640305638,-0.0016351614215506238,-0.0042507172134457205,-0.006761720498776547,-0.007619604995898643
2019-06-11,-0.0038664804475398995,-0.003230381605607402,-0.006346154506339907,-0.004261324931951416,-0.001625225411471587,-0.0007241088566649623,-0.002742851359139098,-0.005164092816964283,-0.0056384519123142685
2019-06-12,-0.005890401149250546,-0.004304317534535751,-0.0076596685632721595,-0.006525447650552518,-0.0016222124519159609,-0.0014292714924116767,-0.0047221754260839965,-0.0071363763975463845,-0.007772722683660027
2019-06-13,-0.0015515559518430866,-0.0007613876207389625,-0.003773804291736682,-0.0020871270901499095,0.0,0.0,-0.0008301165997269822,-0.003013816863011387,-0.0035374064649236203
2019-06-14,-0.0029420449999482123,-0.0016927391367802525,-0.005099383357790255,-0.0041977594819770925,0.0,0.0,-0.00263030773179318,-0.004889525856172083,-0.00557710963655722
2019-06-17,-0.0015360465291411884,-0.00032424853399060094,-0.0033393545263687985,-0.0022096110951549397,0.0,0.0,-0.0008764659448265988,-0.002925420074388785,-0.003540733753001457
2019-06-18,0.0,0.0,0.0,0.0,0.0,0.0,0.0,0.0,0.0
2019-06-19,0.0,0.0,0.0,0.0,0.0,0.0,0.0,0.0,0.0
2019-06-20,0.0,0.0,0.0,0.0,0.0,0.0,0.0,0.0,0.0
2019-06-21,-0.0018700939505497116,-0.0030139325166682607,-0.0031871868825684713,-0.0038300348776867388,-0.0015456191751951343,-0.0038188935772428545,-0.003947433316643489,-0.0034495936648202274,-0.00375970954360505
2019-06-24,-0.0005688843498297125,-0.001147874401718707,-0.0021400932410043927,-0.002456913439618069,0.0,-0.0016506072470945377,-0.0035993087489889497,-0.002952718935122167,-0.0025831204278452535
2019-06-25,-0.00479924607450255,-0.004641993117143195,-0.006243141794528673,-0.007582397980666511,-0.00028267356616973327,-0.004238967761218682,-0.009675483574066668,-0.008080312803437684,-0.007703817233732813
2019-06-26,-0.005915716168587881,-0.00683504989836603,-0.008346543656109762,-0.009657691712982919,-0.0018715996962175296,-0.006004536802046712,-0.011577738239154534,-0.010283574485546398,-0.009748448851693459
2019-06-27,-0.002252412869393039,-0.0028235310996957974,-0.003785307303278418,-0.0042019670415882615,-1.8793344985779115e-06,-0.0019854003159686107,-0.0059730898746449546,-0.0050111644959119905,-0.004483172356406051
2019-06-28,-0.0013148434005988419,-0.0015603239845273231,-0.002528829904689278,-0.0024607838413925887,0.0,-0.001249712935874614,-0.0041214833478327995,-0.0034428098819929698,-0.002734942237854865
2019-07-01,-0.0002497375698995441,-0.0005671170730280339,-0.0014368102000478222,-0.0007048965319631506,-0.0010523726152764645,0.0,-0.0026739325983416995,-0.0015027629098791628,-0.0008933105688505583
2019-07-02,0.0,0.0,0.0,0.0,0.0,0.0,-2.6720870233476468e-05,0.0,0.0
2019-07-03,0.0,0.0,0.0,0.0,0.0,0.0,0.0,0.0,0.0
2019-07-05,-0.00312341038988162,-0.0043815011373720125,-0.003617733589648564,-0.005027217570989229,-0.0037038738485634104,-0.005748486645677842,-0.004973245212774646,-0.004702416759625461,-0.004723826572029299
2019-07-08,-0.0060091044614394296,-0.006863028574230157,-0.00638097149534278,-0.008425060321383793,-0.004633040676184197,-0.007584810210054971,-0.008198578222795017,-0.008323666486461212,-0.008000168824627507
2019-07-09,-0.004840875894586039,-0.006357273477918923,-0.0056859647214395626,-0.007926925243328609,-0.004431602979264371,-0.00782261194064049,-0.007747874251912923,-0.007813276854285567,-0.007463140997408302
2019-07-10,0.0,-0.0019956270290956146,-0.0007387023282093841,-0.001995598989134484,-0.0022875230539318725,-0.005145938067384392,-0.0029205628455427624,-0.0025242841677705075,-0.0018089265080305506
2019-07-11,-0.00304588995665378,-0.005543191395624869,-0.004191396205443176,-0.006358289570840281,-0.00529119356011698,-0.009309224708250574,-0.0069272201546762835,-0.006575188651119279,-0.005951489991045333
2019-07-12,-0.0005895759049810989,-0.0034080560741885924,-0.0018675784699633269,-0.003699123665533377,-0.004084146162810276,-0.007432395687393734,-0.004454017695996626,-0.004101142205133357,-0.003368635139229803
2019-07-15,-0.001276906891855778,-0.0029577684411252747,-0.0021307535967977076,-0.0035502699185940845,-0.0034248077246563646,-0.006160243760024331,-0.0040787849360240935,-0.0038747419431319763,-0.003232658350405093
2019-07-16,-0.005088871175743304,-0.005943278954870901,-0.005148279564065827,-0.007294698400840294,-0.0054022409329865795,-0.009028875501801203,-0.007533424345308903,-0.007298726068549866,-0.006789485999578515
2019-07-17,-0.005223470314772549,-0.005699142982311667,-0.006209769435912782,-0.007263218904098534,-0.002891835362801576,-0.007315607368757915,-0.007004689508892659,-0.007643474230963787,-0.006944186091254023
2019-07-18,-0.0035694186222954283,-0.003731747524906903,-0.004700155730825606,-0.004779157171803661,-0.0015893305278603664,-0.006105326366989572,-0.0047627570729879,-0.005284914894009507,-0.004554625781696076
2019-07-19,-0.007612153989991155,-0.007623601626712939,-0.008601945902661834,-0.009699817264729016,-0.003268014139156672,-0.008171764783056146,-0.009377287770612641,-0.010010989034243023,-0.009410480842135693
2019-07-22,-0.006624614703196752,-0.006314888271746755,-0.007458046792862327,-0.008441252534682753,-0.0024692640226452456,-0.006019851833428902,-0.008083019856318763,-0.008810146641217043,-0.008138215082491684
2019-07-23,-0.004202921411026961,-0.004076992085760844,-0.004396977128269142,-0.005546049962663724,-0.002848393269834104,-0.005128016170346972,-0.00577621180814436,-0.006241894060543429,-0.005225685991401274
2019-07-24,-0.0019184848487480144,-0.001341660049878235,-0.001199345381825978,-0.002113437329660406,-0.0014664818572300842,-0.0027369637900579447,-0.0025979617794126275,-0.002985218651075483,-0.0018439779214383112
2019-07-25,-0.00642967325211119,-0.005934416253063235,-0.006326327874116355,-0.008207493540550503,-0.0034389338614683185,-0.005993380951109795,-0.008083216805016558,-0.00860738838588837,-0.007747024980631401
2019-07-26,-0.003393594449747739,-0.0027882120316682357,-0.0026324712941262485,-0.004395172342980924,-0.0023787795154236457,-0.0036013462007016273,-0.004416095282100629,-0.004676899468552653,-0.003953442740326496
2019-07-29,-0.0026633438780270247,-0.002845413373603667,-0.0030856416413104215,-0.004343502283679634,-0.001866205479366112,-0.004030175396672608,-0.0045881230383059135,-0.004834901321992269,-0.003978544237870585
2019-07-30,-0.0013207606739567002,-0.0027747384368537187,-0.002367072123788949,-0.0039394664298250115,-0.0011673878965212658,-0.0036824079878429172,-0.004455282492296098,-0.004759157209419107,-0.0035972607748154806
2019-07-31,-0.006505215380091078,-0.0071524141455310275,-0.006977283490952613,-0.009378667605642765,-0.0017518249905003058,-0.004573574692182336,-0.009652328245607467,-0.009890304742054212,-0.008942778904099002
2019-08-01,-0.006697397000020255,-0.007581463932695209,-0.009696712919408323,-0.010655051646733193,0.0,-0.0007493468262783631,-0.011755663954709505,-0.01177321832324385,-0.010233033030938476
2019-08-02,-0.009313266104025275,-0.01028750395026945,-0.012739515167159321,-0.013861311784356234,0.0,-0.0009134267616619507,-0.015276477056298643,-0.015295622515314578,-0.013368723397007898
2019-08-05,-0.017949052940498644,-0.020601085669634256,-0.024774806480352796,-0.02664235695662953,0.0,-0.004498395921910037,-0.029445162398636926,-0.028161287217128517,-0.02577062216867443
2019-08-06,-0.012598220448083008,-0.014360011350699975,-0.018997895225980388,-0.018993803972649048,0.0,0.0,-0.021294557278802917,-0.020383567985652773,-0.018353683256039033
2019-08-07,-0.010607770979555231,-0.012718912341986743,-0.017769435257334765,-0.016842328042330323,0.0,-0.00028772908911123274,-0.018391056355571256,-0.01854434035322905,-0.016139085910790607
2019-08-08,-0.002470324111221389,-0.004754307751102749,-0.009291752837208733,-0.0068606922423524175,0.0,0.0,-0.008728670766283475,-0.008628330590983557,-0.006451971473647955
2019-08-09,-0.00494765289288035,-0.007979116195763858,-0.012417760828687396,-0.010963869603047849,-0.0008959794080362071,-0.002338820798810537,-0.012802940503163995,-0.012543217990533484,-0.010451413652704411
2019-08-12,-0.0067810598006704526,-0.00911879734689458,-0.01458789538240568,-0.013185511061889699,0.0,-0.00014886053299090207,-0.016189083109670266,-0.01580834371684503,-0.012461119315198554
2019-08-13,-0.0005071083145729016,-0.0038271394013676963,-0.008564478909245055,-0.006113556502365891,0.0,0.0,-0.009330093180818677,-0.008796819531495248,-0.0058863761616192445
2019-08-14,-0.009727279155075985,-0.012058320074736173,-0.018273837610317867,-0.018046284677368685,0.0,-0.002575593654430164,-0.021608858379582152,-0.01906158935713753,-0.01715029041481464
2019-08-15,-0.00835513362997331,-0.009559913379292184,-0.0163344877216014,-0.014659045011071292,0.0,0.0,-0.01791440068306116,-0.01614748719227388,-0.01375938772490215
2019-08-16,-0.0044657132809513556,-0.0055559122471783295,-0.011713790464602303,-0.008420257974105727,-0.0004962914078510128,0.0,-0.01239598417598764,-0.010120675667202095,-0.007922651961909999
2019-08-19,-0.0023262936022931946,-0.004236390160081593,-0.009498269341242538,-0.006029591823267344,-0.00255916090637065,-0.0006424210544904163,-0.00999933841304157,-0.007735118023414089,-0.005693307087712651
2019-08-20,-0.002466578473402148,-0.003853616002477245,-0.009818189076363781,-0.0059112456106179545,-0.00015889309720928946,0.0,-0.011614293054021063,-0.008132176752977727,-0.005664636635005826
2019-08-21,0.0,-0.0015745985114555827,-0.006988512792662438,-0.0023560151118997563,-0.0004014930839344455,0.0,-0.0069248515141674405,-0.0048966191826892436,-0.0023404015373258424
2019-08-22,-0.0017084300991363488,-0.003752390788361315,-0.008827091579588275,-0.005188143796582612,-0.0019314716323316494,-0.002191882773027176,-0.009266371840981225,-0.007388512891765564,-0.00492614309394257
2019-08-23,-0.007968391192284097,-0.00857355830178752,-0.016163167589956173,-0.013057319605798923,0.0,-0.0038686580419976524,-0.017988672191704747,-0.014804711746192911,-0.012471225060078917
2019-08-26,-0.003928341489341292,-0.0051124881926892796,-0.01210513687156689,-0.008298742018738037,0.0,-0.0015670143869718212,-0.012486763336255313,-0.009687468060146531,-0.007908974567420679
2019-08-27,-0.00271776420769243,-0.003370905438659144,-0.011494800278374795,-0.006796341016880092,0.0,0.0,-0.01140084721706347,-0.008605077446480203,-0.006416046865826308
2019-08-28,-5.438635149945803e-05,-0.0011915640383227677,-0.00865235772191042,-0.003628773486262893,0.0,0.0,-0.008508984038220202,-0.005754648763337533,-0.0034674900834206213
2019-08-29,0.0,0.0,-0.004300553518278294,0.0,-0.00042637658731803363,0.0,-0.003890818231860882,-0.001107558299727529,0.0
2019-08-30,-0.0019516221897046826,-0.0007364853566603768,-0.0057033433141864265,-0.0009377305900075683,-0.0012911876822753188,-0.0011689246127601916,-0.00471221415968992,-0.002185973539564401,-0.0008563978751152668
2019-09-03,-0.0029835945454259605,-0.00139321469244591,-0.007097005134475198,-0.0026187363245003814,-0.0007718692350289214,-0.0028502639994779644,-0.0057097718876937265,-0.003750606587274996,-0.0022708468044142505
2019-09-04,0.0,0.0,0.0,0.0,0.0,0.0,0.0,0.0,0.0
2019-09-05,0.0,-0.0013222204505274338,0.0,0.0,-0.004065657858490224,-0.002300123845027424,0.0,-0.0002760573741295014,0.0
2019-09-06,-0.00029737949484009985,-0.0006539525104894972,0.0,0.0,-0.003376460994996222,-0.00029724298558797546,0.0,0.0,0.0
2019-09-09,-0.00038264847139601876,-0.002642950294456381,-0.0001752605733513768,-0.0009712412482284494,-0.0062258442195489705,-0.0045983802331486245,-0.001312454376530714,-0.0011405859643267569,-0.00116639992877976
2019-09-10,-0.002592589776797438,-0.006275890785764515,-0.002300016431443286,-0.004151513297650289,-0.009956537463293058,-0.009956603988050983,-0.00503174198204781,-0.00407805768754832,-0.004361094084165851
2019-09-11,0.0,-0.0037358682703694246,0.0,-0.0003552411906733166,-0.00974578493627587,-0.009509037781045171,-0.002175114013912016,-0.0003051564731649803,-0.0006174529013541763
2019-09-12,0.0,-0.003148534996785246,0.0,0.0,-0.010553671645996077,-0.010591575630320982,-0.0015977856590345674,0.0,0.0
2019-09-13,-0.003718932020885468,-0.0075713407415171075,-0.002961105645788331,-0.004290812764344176,-0.015127622522547512,-0.017650329683586596,-0.005867041311061527,-0.004189742613357139,-0.004200672084274992
2019-09-16,0.0,-0.0028859773504223973,0.0,0.0,-0.01052270149525425,-0.011684928100782477,0.0,0.0,0.0
2019-09-17,-3.347398843145388e-05,-0.0016779074368494795,0.0,0.0,-0.009917014426043425,-0.010311532457521255,0.0,0.0,0.0
2019-09-18,-0.0018362979527121182,-0.0028468660096464538,-0.0019011630108227706,-0.0017480598017214355,-0.00994900656794584,-0.009712930130522213,-0.0018648630831070712,-0.0016111253961998973,-0.0016457942829889438
2019-09-19,-0.0003892365969999645,-0.0017959374278689877,-0.0010783923764110526,-0.0005872010405749695,-0.008880024983733081,-0.008582595964680584,-0.000765749625908918,-0.0006820397694081715,-0.0005108626464341848
2019-09-20,0.0,-0.00030177220715266184,-0.0007211117473343576,0.0,-0.005718747305382577,-0.005095960575527747,0.0,0.0,0.0
2019-09-23,0.0,0.0,-0.0002187755989301321,0.0,-0.005161152046697759,-0.004897838808235244,0.0,0.0,0.0
2019-09-24,-0.0026275643472584154,-0.0024468053856258054,-0.0043990737704437954,-0.0033616572384556065,-0.003778430177300063,-0.004253015797872073,-0.0032520509784061957,-0.0029950897780381958,-0.0031865701316716732
2019-09-25,-0.0051357880475477735,-0.004140728058723231,-0.004694152270255714,-0.005518486832856051,-0.007590643726043456,-0.007813618721348337,-0.005134180002313471,-0.004781028991878045,-0.005170690356667729
2019-09-26,-0.0052092579214398915,-0.00374848238177683,-0.004737901420224344,-0.005138327951197175,-0.006711158042536969,-0.00680136670173892,-0.004967142823011583,-0.004475691804861404,-0.004762756606690011
2019-09-27,-0.00875464684205407,-0.007269968354961076,-0.008924629714641696,-0.009595459922882354,-0.0072336462476718655,-0.007913082006615113,-0.00918533164872104,-0.008604164707475714,-0.00904273819328738
2019-09-30,-0.009747637782440144,-0.006691257066869016,-0.008091691351571173,-0.008879304926854847,-0.007701636473271711,-0.0060331171083007895,-0.0081127013113792,-0.007698018642155469,-0.008262620818708655
2019-10-01,-0.012280057972590463,-0.010325932408538852,-0.012950574842849116,-0.013557807630584784,-0.007239150934618799,-0.007091640771200836,-0.01191230118301434,-0.012215718121148744,-0.0128269494328066
2019-10-02,-0.015944606253098126,-0.015107762018971904,-0.018777820161202108,-0.019487440383901933,-0.007262003481868118,-0.010450245607362851,-0.018615667571730832,-0.018339676010499906,-0.01849507309493348
2019-10-03,-0.011657355050127327,-0.010183435693792653,-0.014014443202628124,-0.013466561744973071,-0.004746892941566161,-0.005887368848954799,-0.01258575127929562,-0.012264396572476133,-0.012637179735586201
2019-10-04,-0.006204733134634877,-0.004688539982792506,-0.00839401686442831,-0.0068360689887858594,-0.002299674667425644,-0.0004383130584779682,-0.006152417481320338,-0.006054434898191796,-0.006238914060615719
2019-10-07,-0.009424891004660374,-0.007886274331946663,-0.011050023094740014,-0.010823023014331468,-0.00472903785852008,-0.0040683807787721404,-0.00979758959410637,-0.009692635204350486,-0.010067023450575863
2019-10-08,-0.012564605936057016,-0.012022430606393408,-0.015857583584352408,-0.015788282701418743,-0.004584168422689716,-0.006721774140723835,-0.015233992710699695,-0.015353621620828206,-0.014858645016680105
2019-10-09,-0.01007950047461359,-0.009263751545961263,-0.012944963065372073,-0.012554006159208098,-0.0046170315579020516,-0.0056510230649498006,-0.011450975180194,-0.011940500658159547,-0.011807899264468902
2019-10-10,-0.010132601844600186,-0.008559294057764899,-0.011344124169924807,-0.011761963972869105,-0.007199216215635795,-0.008320556770928356,-0.010377835507007105,-0.011488228774433229,-0.011191415760406831
2019-10-11,-0.00675791442551843,-0.004607361180792191,-0.006192265081514159,-0.006564805703004661,-0.00840618872692156,-0.008366460055169278,-0.006202187816504057,-0.006404764868375601,-0.006396641462079411
2019-10-14,-0.0062982497679527905,-0.004425354962841355,-0.006609864071377869,-0.006524567845484608,-0.006985617053701487,-0.006450566280828296,-0.0062315880712621174,-0.006293012912007567,-0.006287363677415669
2019-10-15,-0.005200683302587272,-0.0024524173687933137,-0.0039032707736428307,-0.004130719500040181,-0.008872500297958275,-0.007431489797979363,-0.0026887771255283965,-0.0039048036927001872,-0.003947974226370388
2019-10-16,-0.0043391212109696875,-0.0017964122432281293,-0.003310631985810164,-0.0031421030031951735,-0.008107633105548406,-0.006993332158793053,-0.002140865292475036,-0.003140111611132479,-0.0030500564694428967
2019-10-17,-0.002271264320495514,0.0,-0.0003079427882042296,-0.00019044703119197592,-0.007758603345309978,-0.006041130328065747,0.0,-0.0006182417450701916,-0.00020174339702372368
2019-10-18,-0.0038477661441190802,-0.0011334657805109893,-0.0013337556439603215,-0.0015328911037644222,-0.007924248591957728,-0.006616500661130509,-0.001277994316065456,-0.001915524330784124,-0.0014692602914417874
2019-10-21,-0.0028702010027278346,0.0,0.0,0.0,-0.009238962368946946,-0.007548381358040701,0.0,0.0,0.0
2019-10-22,-0.002921423714275395,-0.0003014850908539257,-0.0005167381278368133,-3.636924796701635e-05,-0.008185593764833077,-0.006635532952225631,0.0,-0.00012152163753553769,-0.00015145867604382524
2019-10-23,-0.000660130663496461,0.0,0.0,0.0,-0.007146600068782205,-0.005095432603167138,0.0,0.0,0.0
2019-10-24,0.0,0.0,0.0,0.0,-0.00616601993327015,-0.003690612100417212,0.0,0.0,0.0
2019-10-25,0.0,0.0,0.0,0.0,-0.006294907665760907,-0.0037289859740898823,0.0,0.0,0.0
2019-10-28,-0.0004006757561442198,0.0,0.0,-2.827894946766385e-06,-0.008240986928640504,-0.005292040311485557,-0.00026457202138407965,0.0,0.0
2019-10-29,-0.0017425740709022808,-0.0009110779672758529,-0.0006842423935459196,-0.0009822801078572807,-0.008799060501988532,-0.0064768905876068095,-0.001271342040497947,-0.000932395305572653,-0.000905002699974955
2019-10-30,0.0,0.0,0.0,0.0,-0.006275878034009974,-0.0029405298919383815,0.0,0.0,0.0
2019-10-31,0.0,0.0,-0.0007095497600400069,0.0,-0.0035196564298727306,0.0,0.0,0.0,0.0
2019-11-01,0.0,0.0,0.0,0.0,-0.0024353484147531246,0.0,0.0,0.0,0.0
2019-11-04,-0.0001639397869057646,0.0,0.0,0.0,-0.004271506826478033,-0.0021546580835251072,0.0,0.0,0.0
2019-11-05,-0.004186395083003336,-0.0032232448708998662,-0.0027826389069348645,-0.00413075521122952,-0.007507854378700385,-0.006036944856733895,-0.00387916644787889,-0.003965902712351199,-0.004042598531847852
2019-11-06,-0.003978163316092909,-0.0035298522190148063,-0.003981712829301265,-0.0043311482811273505,-0.006379933873957411,-0.004485679694681721,-0.0039882972720144405,-0.004322166029816499,-0.004207104575725484
2019-11-07,-0.008247800816510331,-0.005950021112365311,-0.00566768607847179,-0.007704074756535895,-0.010653226016227646,-0.009640471111053484,-0.006522659076166115,-0.007247301802096429,-0.007364956219270913
2019-11-08,-0.008906845237322325,-0.0066225851606874775,-0.005927665399426019,-0.008759831087027936,-0.01145184012034195,-0.009912826733613489,-0.007329000103779126,-0.008351066728837786,-0.008293138872159211
2019-11-11,-0.01000642453557321,-0.00796861836606444,-0.007360332837676897,-0.010305122282817214,-0.011748329439195793,-0.010243725321395947,-0.008785633171826568,-0.009799086446347305,-0.009724629936523566
2019-11-12,-0.008942857384495406,-0.007827482401617458,-0.0074855334837842236,-0.010199742797968425,-0.010794565718019511,-0.008950547423698718,-0.00859561506136075,-0.009684833974956342,-0.009627365568986357
2019-11-13,-0.007237325219862312,-0.0071136521858976565,-0.007166707779915571,-0.009314401694339725,-0.009342635711394154,-0.00718013114761229,-0.007958667994036661,-0.008928796211016166,-0.008756593406004765
2019-11-14,-0.004891807786275848,-0.005491097078572649,-0.006123316705723747,-0.007084899788964982,-0.007180173677858281,-0.0039351543296112235,-0.005998527027473943,-0.006817493890074244,-0.0066127048990654025
2019-11-15,-0.003026875643148408,-0.00234272230833954,-0.002604690374988783,-0.0034998833411532537,-0.0068124474024824355,-0.0021863345425044978,-0.0026262260177166707,-0.0035655085618335747,-0.003088192469115514
2019-11-18,-0.002931942025453771,-0.002499273313554373,-0.003191132336154423,-0.003547369297119518,-0.006598629207783646,-0.0020525061140279632,-0.002695848059005135,-0.003491974710499335,-0.0030257373394548814
2019-11-19,-0.0023071237258673882,-0.002201256544496877,-0.0031438452576327824,-0.0029320206017853234,-0.005850808004121966,-0.0012961976703017575,-0.002189949124588253,-0.0028157402449791036,-0.002352736617801443
2019-11-20,-0.0007798524559976538,-0.002309909232029228,-0.003486237722596486,-0.002750268208144502,-0.004026427756023687,0.0,-0.0015456056765356108,-0.002909664236382281,-0.0023804205108944876
2019-11-21,-0.0028449929543218344,-0.004318210454419047,-0.005491673245899831,-0.00554284581281439,-0.005189410139807338,-0.0016282427966199942,-0.00417651827347032,-0.005645404878811711,-0.005214923195807519
2019-11-22,-0.0024094535707364084,-0.003645835948918541,-0.004748671439429697,-0.004698150865677375,-0.004685458312012614,0.0,-0.003329041817695888,-0.004885630650636852,-0.004407704601343321
2019-11-25,0.0,0.0,0.0,0.0,-0.003718868292284294,0.0,0.0,0.0,0.0
2019-11-26,0.0,0.0,0.0,0.0,-0.0019609184156360593,0.0,0.0,0.0,0.0
2019-11-27,-0.00018160206193762463,0.0,0.0,0.0,-0.0027438241661418283,-5.689398494945763e-05,0.0,0.0,0.0
2019-11-29,-0.003293210873781427,-0.0043600402923649195,-0.004922606394336837,-0.005244930404511128,-0.0038894510190949916,-0.003082949509198074,-0.004624331712295593,-0.0046295118075132535,-0.004927196478856755
2019-12-02,-0.007914474429486007,-0.00926576498033882,-0.010032510696032393,-0.011282599929888448,-0.006515135907090408,-0.008106845449256994,-0.010052127326601878,-0.010856016416729841,-0.010952411312936783
2019-12-03,-0.004538861387099136,-0.00848377328454264,-0.009843644069081559,-0.009120218162377403,-0.0024746882890006594,-0.003379073545902056,-0.008361728478251229,-0.00964166538476241,-0.009034501719936805
2019-12-04,-0.0025107778350850207,-0.005296316666578815,-0.005969032563199139,-0.005728416789100299,-0.003015874471447133,-0.003362903724627553,-0.004412987094040366,-0.006708997793736016,-0.00582333090070275
2019-12-05,-0.002509499342032595,-0.004794408713340359,-0.0053622393785670575,-0.005436994774357218,-0.0035405784361282056,-0.004010164873104238,-0.004041868275110327,-0.006472712057068342,-0.005532360307261341
2019-12-06,-0.001214553413576569,-0.001654572102421592,-0.0015564987087395288,-0.0023522347744251437,-0.004338996456008215,-0.0032526853672808498,-0.0004757301452192886,-0.0032982766664154672,-0.0024106100385190565
2019-12-09,-0.0019105921404491966,-0.0029101394291737304,-0.0028514820676641683,-0.0036528264993652693,-0.004254921692951941,-0.0034977993629823345,-0.0017113020772190346,-0.004626718929553464,-0.0036915689945838936
2019-12-10,-0.0014584422310282008,-0.0025739729427615154,-0.0024451793189808058,-0.0032051334950101706,-0.0038523463784920775,-0.0031927103035747084,-0.0014966836632239744,-0.004479662490854297,-0.0033681944748669146
2019-12-11,0.0,-9.860043761311665e-05,-0.0006532225223837562,-5.187109990101302e-05,-0.0016824957824851383,0.0,0.0,-0.0014845400381846563,-0.0004424900068896731
2019-12-12,-0.0008382170815651735,0.0,0.0,0.0,-0.0039437800067061435,-0.002464783394109382,0.0,-0.0005686596400958921,0.0
2019-12-13,0.0,0.0,0.0,0.0,-0.0009359692871500069,0.0,0.0,0.0,0.0
2019-12-16,0.0,0.0,0.0,0.0,-0.0017396797913231676,-0.0005379653695065656,0.0,0.0,0.0
2019-12-17,-7.317736597456381e-05,0.0,0.0,0.0,-0.001541585286654934,0.0,0.0,0.0,0.0
2019-12-18,-4.201618636989757e-05,0.0,0.0,0.0,-0.0025461510631525908,-0.0012856402227636732,0.0,0.0,0.0
2019-12-19,0.0,0.0,0.0,0.0,-0.0016416207646848813,0.0,0.0,0.0,0.0
2019-12-20,0.0,0.0,0.0,0.0,-0.0013949858102090262,0.0,0.0,0.0,0.0
2019-12-23,0.0,0.0,0.0,0.0,-0.0012283107142150307,0.0,0.0,0.0,0.0
2019-12-24,0.0,0.0,0.0,0.0,0.0,0.0,0.0,0.0,0.0
2019-12-26,0.0,0.0,0.0,0.0,0.0,0.0,0.0,0.0,0.0
2019-12-27,0.0,0.0,0.0,0.0,0.0,0.0,0.0,0.0,0.0
2019-12-30,-0.00141820678500848,-0.002224809523805882,-0.0022577364134122035,-0.0025577588623066916,-0.0004989883357975344,-0.001389640772824885,-0.0023925417281167594,-0.002544676932294321,-0.002541470851049943
2019-12-31,-0.0025188481219979852,-0.002149534487577487,-0.0019354334997554457,-0.002663252479398248,-0.0021780006337687174,-0.004029681452383249,-0.002456282109044028,-0.002423662101372126,-0.0024631220911979224
2020-01-02,0.0,0.0,0.0,0.0,0.0,0.0,0.0,0.0,0.0
2020-01-03,0.0,-0.0003080254387944903,-0.0004360671310479347,0.0,0.0,0.0,0.0,0.0,-4.269143498480954e-05
2020-01-06,0.0,0.0,0.0,0.0,0.0,-0.000954777230717907,0.0,0.0,0.0
2020-01-07,-0.0018540793448764692,-0.0015721268337083316,-0.0016375530575343245,-0.0022824646642649604,-0.0007200934268420944,-0.0029134625255048396,-0.0021539633507327016,-0.0022740120584650025,-0.002214645801876358
2020-01-08,-0.0035285632141407453,-0.0016155759704735706,-0.0016744409811169092,-0.002625239064711904,-0.002537571047366738,-0.004137847168787623,-0.0018696513135493253,-0.0018921417864876666,-0.0022838545441500324
2020-01-09,-0.002303386688494835,0.0,-6.110480976428967e-06,-0.00043180804391595995,-0.0017860964274433178,-0.0011395011039603276,0.0,0.0,-3.799780810276321e-05
2020-01-10,-0.00016682956418589967,0.0,0.0,0.0,-6.574386926261333e-05,0.0,0.0,0.0,0.0
2020-01-13,0.0,0.0,0.0,0.0,-0.001093426496464267,-0.0001035877182007372,0.0,0.0,0.0
2020-01-14,0.0,-0.00019067828918861718,0.0,0.0,-0.00020708896882526417,0.0,0.0,-3.5452912854228025e-05,-1.5586380556764645e-05
2020-01-15,0.0,0.0,0.0,0.0,0.0,0.0,0.0,0.0,0.0
2020-01-16,0.0,0.0,0.0,0.0,-0.0001281498643523893,0.0,0.0,0.0,0.0
2020-01-17,0.0,0.0,0.0,0.0,-0.0007274575975508846,-0.0006703001376665574,0.0,0.0,0.0
2020-01-21,0.0,-0.0019056084419500907,-0.002117056741132939,-0.0018324183671056815,0.0,0.0,-0.0008654464347902513,-0.001354914231215587,-0.0017698787997785237
2020-01-22,-0.0009170535432948546,-0.002012874645021978,-0.002658662376541998,-0.001953044585115804,0.0,0.0,-0.0008778936319355779,-0.0014909858573372015,-0.0018170815550807573
2020-01-23,-9.93134305682375e-06,-0.0020802972977641554,-0.0027548189811261725,-0.0018769700837901748,0.0,0.0,-0.0006327941022213901,-0.0011458289787136255,-0.001566129486295087
2020-01-24,-0.0021321479286285916,-0.005650541753729921,-0.007287812915479863,-0.005654086635232147,0.0,-0.0009539606996190608,-0.0033092841917919946,-0.004763098305359148,-0.005302640450499885
2020-01-27,-0.006646118670659118,-0.013419770247226404,-0.015604347136591201,-0.014138210874682478,0.0,-0.002327297054569466,-0.01000398962337623,-0.013600459421963196,-0.013650707549542673
2020-01-28,-0.004538700958727215,-0.009735426269825043,-0.011197849126416415,-0.010155090144515433,-0.0005433189821656415,-0.00019882645249014175,-0.006570354100222664,-0.009030362905040001,-0.009636482314377304
2020-01-29,-0.0033997269851641088,-0.00879187658708347,-0.011132721665105039,-0.008977058377446223,0.0,0.0,-0.006097657203813722,-0.008249001536439482,-0.008532911728558634
2020-01-30,-0.004153535637454464,-0.009580296691433565,-0.011718419937390534,-0.01015217511717259,0.0,0.0,-0.006996971456805334,-0.00908896504926493,-0.009413610067079636
2020-01-31,-0.008781446338993026,-0.016016826931910533,-0.01917482575257623,-0.017894092931858507,0.0,-0.0013295039085329252,-0.015558283815741536,-0.016886340043504755,-0.01711251787031387
2020-02-03,-0.008886525031926662,-0.014080798829395724,-0.017052363742184662,-0.01602844358381439,-0.0009223596534756462,-0.001048857589711183,-0.012397391108267208,-0.014397512699184767,-0.01487603254799863
2020-02-04,-0.005416137970298607,-0.008592312566563898,-0.010872903644883247,-0.009581556215870868,-0.0027476362073715066,-0.0002598167570341259,-0.008589522565209395,-0.008222279311049907,-0.00834555635589107
2020-02-05,-0.002272137969346777,-0.005267170613298733,-0.006733698546533717,-0.005379929523653959,-0.0030588793326685737,0.0,-0.00430986671919531,-0.00399216778564504,-0.004354641289457173
2020-02-06,0.0,-0.0028865525453082297,-0.004535857474832761,-0.002750253847283557,-0.0016985122656340002,0.0,-0.0019003187614885508,-0.0016503151365478974,-0.001712064575095651
2020-02-07,-0.0010347684168000582,-0.004622399761886498,-0.007064313490952823,-0.005135631396183116,0.0,0.0,-0.005199920028965521,-0.003868212560679707,-0.004069732499073497
2020-02-10,0.0,-0.0011835662261887592,-0.003531158979739435,-0.00132570986013969,0.0,0.0,-0.0007426264198577837,-0.000139280224390248,0.0
2020-02-11,0.0,0.0,-0.0015177784764855984,0.0,-0.0008475246854583451,-0.0008891121363973076,0.0,0.0,0.0
2020-02-12,0.0,0.0,0.0,0.0,-0.0006307346847489459,0.0,0.0,0.0,0.0
2020-02-13,0.0,-7.933114548830389e-06,0.0,-0.00026781092500482995,0.0,0.0,-8.799373666412702e-05,-6.584779730001156e-05,-0.00020656428473464494
2020-02-14,0.0,0.0,0.0,0.0,0.0,0.0,0.0,0.0,0.0
2020-02-18,0.0,0.0,0.0,0.0,0.0,0.0,0.0,0.0,0.0
2020-02-19,0.0,0.0,0.0,0.0,0.0,0.0,0.0,0.0,0.0
2020-02-20,-0.0005814527791182522,-0.0002419447708869038,-0.00014941705327908839,-0.0003978862092043345,0.0,0.0,-0.0001267628146360833,-0.0002567588880033611,-0.0004024230450456745
2020-02-21,-0.002235154189187627,-0.001704507863739435,-0.0025665093532989403,-0.0022101386141311075,0.0,-0.00019048152938638818,-0.0016072028843864272,-0.0021450306509380734,-0.002494820928713337
2020-02-24,-0.014460426251720282,-0.013442545753008739,-0.01622276382355614,-0.01807727416779592,0.0,-0.005469757977160872,-0.019719590418808663,-0.018335817620851347,-0.018133691904786864
2020-02-25,-0.024240836438484736,-0.02268627484720742,-0.02708449991343287,-0.03272949273448289,-0.002739469158891783,-0.009212018576892356,-0.03438676739022006,-0.03534531956553366,-0.032647617868767576
2020-02-26,-0.025269717309798656,-0.02363877787167501,-0.02843275098395548,-0.03480408077740793,-0.0036646061845081457,-0.009994611424005706,-0.03565538240715205,-0.03760435887241231,-0.03458990917844107
2020-02-27,-0.03659307734449757,-0.034585201683970834,-0.04068927184669169,-0.05547569100290406,-0.0059517726198750065,-0.012454960098117085,-0.05499076451283624,-0.05858710943493273,-0.05498589978247126
2020-02-28,-0.040126042844608745,-0.03682797337264887,-0.04438029371807972,-0.060237412344324226,-0.004641676113766868,-0.006689972792511711,-0.0626547821103065,-0.06765002605506909,-0.059395719843191586
2020-03-02,-0.029324171081228312,-0.027018168984706326,-0.033577246915175274,-0.04214369959392905,-0.0017865786502193615,-0.0024745189176670346,-0.041917656649909096,-0.04843085314763984,-0.04195600598953897
2020-03-03,-0.030906520724203856,-0.027851339586039248,-0.03495042598078446,-0.04458357058741158,0.0,0.0,-0.03798683042013762,-0.04848303858714176,-0.04456481693190517
2020-03-04,-0.022213815549255278,-0.0191863801362796,-0.026048683546070484,-0.028476751238396436,0.0,0.0,-0.018641644402931146,-0.03092083004778534,-0.028922218442363534
2020-03-05,-0.027752847827248628,-0.024228034426227785,-0.03191842432534231,-0.03924055604103849,0.0,0.0,-0.0271560180276208,-0.037351228418525895,-0.039107271437247904
2020-03-06,-0.03251556005613687,-0.02662707410892562,-0.03633954973423892,-0.04567920471190501,0.0,0.0,-0.03565394332798677,-0.04759765248187009,-0.044248886702302204
2020-03-09,-0.057205294299231824,-0.04948959786882823,-0.06078618425201199,-0.09143159526999922,-0.007157338465623386,-0.005515130014895342,-0.08674954271597923,-0.09889179804936299,-0.08588544287488409
2020-03-10,-0.04829552877754539,-0.042657900101323754,-0.05331273806636416,-0.07622661231334882,-0.013221617743920722,-0.011885253203255175,-0.05262395869342096,-0.06808628472365086,-0.07391220276838106
2020-03-11,-0.06458885223012178,-0.06068410332654073,-0.07053691540138352,-0.10985719818572437,-0.02500435645400223,-0.023721894218554418,-0.07930613193442082,-0.10219380483940577,-0.10595422232400331
2020-03-12,-0.09410901177601838,-0.09104486594652206,-0.10096297383515707,-0.1669931090838287,-0.038812092666581366,-0.03568446468300179,-0.15173343522212646,-0.18875862336319382,-0.15892187331318974
2020-03-13,-0.07822185427500716,-0.07318803123925444,-0.08328574493745211,-0.13348456522012775,-0.03463518038526736,-0.029941667354304813,-0.10378295289767026,-0.13252071054782744,-0.12932770878276412
2020-03-16,-0.10878818767628862,-0.10333294660766978,-0.11664088622481705,-0.19249049184523992,-0.03783135368052459,-0.028750275041948492,-0.1379121729507835,-0.16931037397513682,-0.18236515081978044
2020-03-17,-0.10149808277550654,-0.09645923992446515,-0.10877531644481375,-0.17735123250384766,-0.04672961940352016,-0.03951197758237479,-0.1058903862200491,-0.12154145760884638,-0.1715656728851609
2020-03-18,-0.12208092641482016,-0.11952651670878767,-0.1320754416726896,-0.2195150529247405,-0.0645252751152684,-0.05451162238555607,-0.14293674132101764,-0.1679564326676496,-0.2105408083494852
2020-03-19,-0.12119745581041641,-0.1193054525388978,-0.13180598105278807,-0.21725407507161065,-0.06665985292938403,-0.05511846544945831,-0.1399620441094972,-0.16001894511371373,-0.20925184470886915
2020-03-20,-0.12395692729079166,-0.12084209526502088,-0.1352823338958652,-0.2213341798857087,-0.057925594075077136,-0.044332056510441586,-0.1213510830365383,-0.15805285147600556,-0.21104678221616646
2020-03-23,-0.1208888608230646,-0.11727280258198713,-0.13252317587540696,-0.21840960586998814,-0.045045385193378196,-0.03334096498553141,-0.12021461344951312,-0.15516003331951989,-0.20559980762866048
2020-03-24,-0.09939042287961408,-0.09486517803529881,-0.10955342702501636,-0.17831059873073518,-0.03607168437792163,-0.0279807733365679,-0.07543331522656649,-0.1385081382588712,-0.17095129207651893
2020-03-25,-0.0933178255104069,-0.08790158473512566,-0.1013498976628483,-0.1633318346747621,-0.03096159681556998,-0.024140503740459174,-0.06533557860232864,-0.13089063573716664,-0.1585063379636974
2020-03-26,-0.07936712651745981,-0.07253939600077675,-0.08554392027815783,-0.1361790375695794,-0.024479934457354857,-0.017916313924852934,-0.049961426402843734,-0.12077218810548496,-0.13404870726895668
2020-03-27,-0.08465452744253466,-0.07833981518436761,-0.09202125588648724,-0.14772387355344963,-0.023016175964093888,-0.01667756027296796,-0.045519958180490816,-0.11596565589558794,-0.14378490643185082
2020-03-30,-0.0786039251455598,-0.07140879948128398,-0.08503138732546855,-0.13594317825653368,-0.02055270524621755,-0.012021126641719948,-0.041566888082390174,-0.11164899446104648,-0.1329815796616245
2020-03-31,-0.08427995156474588,-0.07658099705926946,-0.08992000921581045,-0.1443263670736904,-0.02505771729032702,-0.01279088129987993,-0.048076337235670175,-0.11654874908328283,-0.1412395053645289
2020-04-01,-0.09649052767645083,-0.08943839229914952,-0.10498117950927788,-0.16938523818133888,-0.028414563434216666,-0.016209660626574585,-0.06230670266663063,-0.1212780415708995,-0.16273335620116103
2020-04-02,-0.09009619310839245,-0.08305978337297326,-0.09895119170681677,-0.15818712506949217,-0.02435699260933577,-0.013577896027644365,-0.052370672527623396,-0.11216658303423255,-0.15249608215041444
2020-04-03,-0.09297765498179322,-0.0871880607657316,-0.10313468868921793,-0.16567758975369662,-0.025017123756484128,-0.014215539468025784,-0.05617018922816197,-0.11453315275644127,-0.15913022096597562
2020-04-06,-0.07595795508129499,-0.06913799256375475,-0.08410902315103685,-0.13322477722324322,-0.017678656708405738,-0.009216245140982071,-0.022105128874974067,-0.10080660292323884,-0.13007578040724765
2020-04-07,-0.07572981309269522,-0.0691741950903837,-0.08353735998660516,-0.13241751465172003,-0.019142082136737626,-0.011371880106627485,-0.02440812711093887,-0.10500428740894374,-0.12994740436469865
2020-04-08,-0.06855350677010752,-0.06095468689483885,-0.07371265964097973,-0.11716355884314111,-0.01657630045878067,-0.008823997590247656,-0.018674934447566294,-0.1021671394456446,-0.1165958443840156
2020-04-09,-0.057229662614646015,-0.04918342975398138,-0.06061051312043908,-0.09622775820129881,-0.006259669243776744,-0.0024543873891735846,0.0,-0.08314498789103875,-0.09730700651971258
2020-04-13,-0.05888548122375381,-0.05185869327421644,-0.06399872986623467,-0.10200097646503359,-0.007218588427473915,-0.003254634766431952,-0.005189570977455538,-0.08958968010141766,-0.1025922292157403
2020-04-14,-0.05237879177254934,-0.04449568700546436,-0.05673496475069206,-0.08990853239365348,-0.005525633793437956,0.0,0.0,-0.08321491246869628,-0.09096269650526478
2020-04-15,-0.05906375225722582,-0.0504121596882281,-0.06438266432397965,-0.10227683972992507,-0.0038521579659290817,0.0,0.0,-0.08504198287222176,-0.10093295296094906
2020-04-16,-0.05839837833712702,-0.049342153248918,-0.06394675317430609,-0.10131365501581835,-0.002736818842204669,0.0,-0.0028412595577824717,-0.08726850808628761,-0.09935986737495195
2020-04-17,-0.05408910274172596,-0.044518434236017757,-0.05806230138737467,-0.09095869728578587,-0.004121268537682576,-0.0002483641984315499,0.0,-0.08492626694342864,-0.09122944723929394
2020-04-20,-0.059180944597535756,-0.04967310240085232,-0.06392008315228248,-0.1004798666694714,-0.0051674428864718625,-0.0008728846164751669,-0.005736465172801353,-0.09352657250123919,-0.09937922446784375
2020-04-21,-0.068948743776859,-0.05899757524454563,-0.07419534974142239,-0.11673903855185053,-0.008747789151952623,-0.004291065208554823,-0.019601065891780567,-0.10986837896119306,-0.11350407628141523
2020-04-22,-0.06214839101495673,-0.05229383220075057,-0.06737239362536374,-0.10546810739707047,-0.006563205928463822,-0.0030068616000977766,-0.007340794705223086,-0.09798321322355608,-0.10326949367293581
2020-04-23,-0.06172610639278342,-0.05187708576285166,-0.06699546487302666,-0.10477260582213199,-0.005070659259672761,-0.002463632152540862,-0.008078205142586947,-0.09689683938690596,-0.10230397294550264
2020-04-24,-0.060634498498675526,-0.050389582280528145,-0.06548036712781868,-0.10204108812423551,-0.005556223488747403,-0.0019220674427545825,-0.007629038897040474,-0.09633302711911873,-0.0994129474265516
2020-04-27,-0.05839154828892501,-0.047876738856606926,-0.06216424159927725,-0.09632283072452663,-0.009087286896477864,-0.005143598743682309,-0.009986636538000027,-0.09323652956517536,-0.09493487318651961
2020-04-28,-0.05802547363149835,-0.04751185124705404,-0.06165930183684787,-0.09430647479611265,-0.007746169334784225,-0.0037024830227032623,-0.007991486783363255,-0.09144153975835478,-0.09348068931241871
2020-04-29,-0.04907587405393998,-0.038397167935030785,-0.05158145669641945,-0.07754560316595849,-0.004240513836265336,0.0,0.0,-0.07849972187487686,-0.07836910858975066
2020-04-30,-0.05306919216614048,-0.04262117857429293,-0.05620894193906634,-0.08673531000001,-0.006971265538303517,-0.0015191570724198966,-0.00491870736593325,-0.08467747254171909,-0.08741571790549041
2020-05-01,-0.06079131937014404,-0.05069544425792483,-0.06527534536043933,-0.10225370752074958,-0.008602312032320314,-0.003917841042939352,-0.02069977494635611,-0.10238579339179854,-0.10118563286309501
2020-05-04,-0.0591467491312786,-0.0491435690128087,-0.06341062716825763,-0.09961259653486998,-0.007991894699523883,-0.002521581024532815,-0.0191123529177476,-0.10095755103722326,-0.09888788063071419
2020-05-05,-0.0556325575287443,-0.046015747918564776,-0.05996285453992689,-0.09430691893190168,-0.006572044478935446,-0.0010815418676241029,-0.01434737393929153,-0.09715911473837335,-0.09446860831172355
2020-05-06,-0.0600668993804685,-0.0499779885546745,-0.06399794615936027,-0.10221818190659127,-0.01158193227275739,-0.004383991834187473,-0.02244376799305836,-0.10455971737210801,-0.10171206251513387
2020-05-07,-0.05479926060030904,-0.04466440925303983,-0.058779581204305265,-0.0928087324483381,-0.007013451466830634,0.0,-0.012728313052835838,-0.09520595408594157,-0.09250317551345166
2020-05-08,-0.04963382447340581,-0.03973248243655603,-0.05291071181918805,-0.08268603535622354,-0.007361016078912597,-5.800475685224793e-05,-0.0054770317090862,-0.089822773387639,-0.08428626964176289
2020-05-11,-0.0520785406110017,-0.04180472181410211,-0.055203566431540785,-0.08737500664958031,-0.010226802771773014,-0.00220184045294769,-0.010608640705978889,-0.09443111083998335,-0.08826915943378622
2020-05-12,-0.05692511636861375,-0.04676556640749219,-0.060898906466646086,-0.09658381257713045,-0.00912880317580822,-0.0016944676225691957,-0.013937806192847235,-0.10423501434161242,-0.09645507258023922
2020-05-13,-0.06035914506872009,-0.05043007919862719,-0.06511830378181915,-0.1035073082793111,-0.008773841399970839,-0.0018430756090979106,-0.027309895086482516,-0.11293976680521733,-0.10224983756769979
2020-05-14,-0.05726157103678087,-0.04730868995272952,-0.06195586977749434,-0.09852028689173165,-0.005353451149257449,0.0,-0.02321473829131626,-0.10838985485383024,-0.09725834415859402
2020-05-15,-0.05560323046598903,-0.045876689910994695,-0.06034469590233005,-0.09645453022767558,-0.004251029049133881,0.0,-0.02126934824147575,-0.10631945823393452,-0.09532578228922917
2020-05-18,-0.045674459575604676,-0.03620158258013051,-0.04966653183269221,-0.07652011134399661,-0.003824773907668222,-4.639747796353344e-05,-6.021536635103519e-05,-0.09092884927128742,-0.07908831579041165
2020-05-19,-0.047279092560357006,-0.037846421922845264,-0.051576195584253526,-0.08054651874221808,-0.0027888682728046676,0.0,-0.0004986819751974236,-0.09253162131083448,-0.08229460022933022
2020-05-20,-0.0409075988422688,-0.03154069275093374,-0.0449601863417447,-0.06869258188032124,0.0,0.0,0.0,-0.08148399195767164,-0.07147270989735699
2020-05-21,-0.04354425658908567,-0.03408539997230153,-0.047558952455273085,-0.0729597430668012,-0.00129832932303231,-0.0007164356757308754,-0.003918113634951204,-0.08470112616930503,-0.07568110235196601
2020-05-22,-0.04274345361444376,-0.033143458587180374,-0.04689292252870991,-0.07228855178044435,-0.00011743848153333847,0.0,-0.0019883152308597385,-0.0834732685686238,-0.07453010664601734
2020-05-26,-0.038871495909559406,-0.02989471864662252,-0.04316267086763148,-0.06358169059939311,-0.001725074790778769,-0.0011327549538314718,0.0,-0.07733455978192005,-0.06796116712892608
2020-05-27,-0.03596947575264087,-0.026583289397719256,-0.039933417762113566,-0.0572867196548118,-0.0012661705070786677,-0.0002300591035282462,0.0,-0.07229297690193337,-0.06194972490930273
2020-05-28,-0.03605392055193746,-0.02708978862655831,-0.04079193985620011,-0.058378775105224046,-0.0013117949309306987,-0.0006784611550959552,-0.00011346333267381326,-0.07341425892122988,-0.06305802546811279
2020-05-29,-0.0332443153121853,-0.024121276206506392,-0.03767966840032844,-0.053468878174544265,0.0,0.0,0.0,-0.06922964054790892,-0.05833948072208084
2020-06-01,-0.029505159261333902,-0.020824166933042565,-0.034146654518575015,-0.04593116117113538,0.0,0.0,0.0,-0.06383210899614788,-0.051916884048329504
2020-06-02,-0.02671580833113185,-0.018078101126696167,-0.031201601779603072,-0.03982846497896819,0.0,0.0,0.0,-0.059105362263932704,-0.04672728784694535
2020-06-03,-0.02391650525662059,-0.015511033461640844,-0.02834431784338398,-0.03282932497862279,-0.002595864592393249,-0.0028529386349526176,0.0,-0.054740388495763015,-0.04095572430101968
2020-06-04,-0.025195445751107992,-0.01715562038073204,-0.030033369582754266,-0.03647666793790927,-0.004085953750558535,-0.005443753990472366,-0.0024122873093801456,-0.057609912637857974,-0.044658347581732705
2020-06-05,-0.018777340073175997,-0.010746870609823933,-0.022709886035008897,-0.023022150808846953,-0.0039039051155080884,-0.005063629033896677,0.0,-0.043966421126821476,-0.03266624285533182
2020-06-08,-0.014640616236277881,-0.00664001659309188,-0.018643979184215342,-0.015144053097679966,-0.0021037289513584634,-0.0037565101895730146,0.0,-0.0378786175604956,-0.02490249122032162
2020-06-09,-0.01570153798677787,-0.00744728814091189,-0.019611898164971886,-0.01819847821807674,-0.00043910159801574533,-0.0015937824353288166,-0.0014281154737151303,-0.040056332885005985,-0.027387854141614376
2020-06-10,-0.01506282408290227,-0.006318127665269846,-0.018816158052344045,-0.017610913631589287,0.0,0.0,-0.004558485982758098,-0.041413592151352985,-0.026373185398065102
2020-06-11,-0.03270759185255867,-0.024767998314095485,-0.038526087967286626,-0.05103289075298201,-0.004393942915878246,-0.006377017772110416,-0.049236580940025365,-0.07434582027609826,-0.05733149116348413
2020-06-12,-0.027754844692873704,-0.01991487219196353,-0.033345906842255246,-0.04102334643598826,-0.0039007354013790296,-0.0063179144916699626,-0.030709953586330996,-0.05461906422690688,-0.04855239483080653
2020-06-15,-0.023991932404423544,-0.016014296968723696,-0.029255907048421403,-0.034254459273200366,-0.0014340803104467836,-0.0044187592980302615,-0.02601587702014463,-0.04861598566655956,-0.042215059210259365
2020-06-16,-0.02006964603199768,-0.01168530610336549,-0.02468789250411918,-0.0269720463671701,-0.002123992182117229,-0.0040485558118881215,-0.01883020573044758,-0.043163888687233865,-0.03558537660683625
2020-06-17,-0.021247902332925284,-0.012687266215084203,-0.02578820814919125,-0.028936128217679435,-0.0021010154492827615,-0.0034808416495752947,-0.02018748698037509,-0.045350060618086774,-0.03717164671070816
2020-06-18,-0.021090178907713808,-0.012324800609679443,-0.02530620656645377,-0.028502502528352402,-0.00044364572032196126,-0.0017881419661692766,-0.01950245684560903,-0.044899300456708424,-0.03664360415884815
2020-06-19,-0.021323433826047622,-0.012646246345503154,-0.025412677353447655,-0.029556283584689758,0.0,-0.0012874781191219986,-0.021077428744361026,-0.045953274697176805,-0.03759183873051464
2020-06-22,-0.018452421910180372,-0.009765508863769368,-0.022179171244897322,-0.02420967456052603,0.0,-0.0005664049287811279,-0.01722069062071252,-0.04162763842220463,-0.032592266389058544
2020-06-23,-0.017456867393437214,-0.008512345209973238,-0.02086428088187331,-0.02223203873988433,-0.00014925645732033477,-0.00030768687490068114,-0.01693555377469791,-0.04033451889641837,-0.030491322682755895
2020-06-24,-0.02521376168419487,-0.01622354119801983,-0.028779222345424182,-0.03647765843561823,-0.0019663021053991647,-0.0021798276252744664,-0.02545293848077579,-0.05206638367954464,-0.043360352768374355
2020-06-25,-0.02177318148304408,-0.012938003093425077,-0.025412484719801287,-0.0301031136902864,-0.0007425703508295856,-0.0009878962726266316,-0.018822436205653936,-0.04472801777077595,-0.037518377125682734
2020-06-26,-0.02713899086090954,-0.01876156072101043,-0.031088859768874988,-0.04005821256076769,-0.0010655045795983087,-0.0017932657301397148,-0.028261924162372942,-0.05273721770168882,-0.04666087195569557
2020-06-29,-0.022686838448835678,-0.014368226441418441,-0.026473000754146492,-0.03173206018948871,0.0,0.0,-0.019443552949124143,-0.043119884628896044,-0.0392860652044863
2020-06-30,-0.019250208528784785,-0.010629673142952822,-0.02287555680907627,-0.026225173785759504,0.0,0.0,-0.014433967151281868,-0.03829673397425126,-0.03382150512357274
2020-07-01,-0.016767430564964103,-0.00813270124797294,-0.02074964453052075,-0.021811752926657046,0.0,0.0,-0.010640985576096607,-0.03523810484398926,-0.029735679012401817
2020-07-02,-0.014248602476040428,-0.005497469028009627,-0.018153160494871368,-0.016477764411718332,0.0,0.0,-0.005803563291334246,-0.03116279930084298,-0.024848519931794044
2020-07-06,-0.009186852605052143,-8.126883182346667e-05,-0.012754324518272853,-0.006289820050186634,0.0,0.0,0.0,-0.023607806603817227,-0.015100252657561986
2020-07-07,-0.012003428807915273,-0.0024975655105806682,-0.014843421858464878,-0.0118512379532143,0.0,0.0,-0.0033322908958759445,-0.02689911045479365,-0.019937392442097246
2020-07-08,-0.008746734779972898,0.0,-0.01133570747737489,-0.005629557209446245,0.0,0.0,0.0,-0.02139438330550314,-0.01414801174070146
2020-07-09,-0.010238175886920109,-0.0008530577681834517,-0.01221644304787639,-0.007877285303047987,0.0,0.0,-0.0023299872806010757,-0.022723338229098222,-0.015305388558715771
2020-07-10,-0.008085510735624024,0.0,-0.0107128500240381,-0.004672910409377229,-0.00019758155093962948,-0.0003281367639083044,0.0,-0.019922905901383237,-0.012503365906493369
2020-07-13,-0.012083924768326204,-0.0036709289325816963,-0.014485157467248766,-0.011287690532615469,-0.0012629064483785646,-0.0020595349450743816,-0.006984750196138534,-0.026094763303223134,-0.018878124567822785
2020-07-14,-0.008033669878269922,-0.00018569532603851524,-0.011120697022639514,-0.004184254443203583,0.0,-0.0005531664385411972,0.0,-0.01902060088673685,-0.012283083860293198
2020-07-15,-0.003964434457349619,0.0,-0.007639107778933174,0.0,0.0,0.0,0.0,-0.012767162743639315,-0.006151506902522419
2020-07-16,-0.006634491892135941,-0.0024340788676090463,-0.010395687873175241,-0.004727551952276032,-0.0003507958637449793,-0.00023449734911151765,-0.00429650049544672,-0.016548665123983564,-0.010484869239839267
2020-07-17,-0.004579688647564084,-0.0006736601991917945,-0.008535294193382281,-0.0010457952948771387,0.0,0.0,-0.0011897289051449045,-0.01321044294239715,-0.00712077716726367
2020-07-20,-0.0016411532028994813,0.0,-0.005201858186643427,0.0,0.0,0.0,0.0,-0.00913107624408449,-0.0018881034094225813
2020-07-21,0.0,0.0,-0.0023163679418939376,0.0,0.0,0.0,0.0,-0.005400074530956367,0.0
2020-07-22,0.0,0.0,0.0,0.0,0.0,0.0,0.0,-0.001254062290228175,0.0
2020-07-23,-0.0034706192176766626,-0.0029206859511862193,-0.00270247638367227,-0.0031732429062403256,0.0,-0.0012428448941592674,-0.0036991536932993174,-0.0042278452980949455,-0.0034901558465559868
2020-07-24,-0.006026116195662068,-0.004821503735135346,-0.004556004720468576,-0.006181911537996521,0.0,-0.0028969517264871847,-0.008073613977815475,-0.007771258304003159,-0.006381104405589255
2020-07-27,0.0,0.0,0.0,0.0,0.0,-0.0014756372752281477,0.0,-0.0002002434921062335,0.0
2020-07-28,-0.0014264774311921746,-0.001159498734664921,-0.001089856989741289,-0.001264808052012456,0.0,-0.0025863984206584423,-0.0019285405714880577,-0.0016799028743853528,-0.0012625068395574202
2020-07-29,0.0,0.0,0.0,0.0,0.0,0.0,0.0,0.0,0.0
2020-07-30,-0.003073748403052523,-0.0022523517034825913,-0.0024792978031928925,-0.0038472226378795105,-9.99705566109288e-05,0.0,-0.0031846967359138167,-0.0028731203406912043,-0.003112564743510182
2020-07-31,-0.0015223193235469612,-0.00011941742757781704,-0.0003250847412827884,-0.0035453032757579717,0.0,0.0,-0.0024705030786343896,-0.0024319437398993005,-0.001958439207838003
2020-08-03,0.0,0.0,0.0,0.0,0.0,0.0,0.0,0.0,0.0
2020-08-04,0.0,0.0,0.0,0.0,0.0,0.0,0.0,0.0,0.0
2020-08-05,0.0,0.0,0.0,0.0,-4.0267808664062876e-05,-0.0003754702184449732,0.0,0.0,0.0
2020-08-06,0.0,0.0,0.0,0.0,0.0,0.0,0.0,0.0,0.0
2020-08-07,-0.0032120148365325507,-0.0040183016328148025,-0.004031059788389024,-0.004061887174938161,-0.00312072244545869,-0.003547283140535984,-0.002837116543554896,-0.0036299217144534213,-0.004378120723667056
2020-08-10,-0.0024521971405648824,-0.0037587335519740916,-0.0036289462194168953,-0.0031474416086569867,-0.0038659829499402276,-0.004282987923856507,-0.0024194477029427786,-0.0025721317347257022,-0.003955375002434147
2020-08-11,-0.014196435341607416,-0.014730860196247475,-0.015005878614700707,-0.01533782277705531,-0.01140968944327303,-0.01237866437948254,-0.012908888684109887,-0.014039841943440434,-0.016765609447757734
2020-08-12,-0.00754779567296171,-0.010013796571324396,-0.010199686132453811,-0.008726592609455963,-0.011904016070546919,-0.011346097673652689,-0.007970556838067022,-0.006089812601124844,-0.010323938703081903
2020-08-13,-0.00743563402745695,-0.010244608786139975,-0.010432183609174861,-0.010125472218638909,-0.012278785522560565,-0.015025299378151225,-0.009789704245706576,-0.0072226779454215295,-0.011330692244535312
2020-08-14,-0.009029827777408017,-0.011633904216320712,-0.011681933107441034,-0.012070428721731141,-0.013427399702426346,-0.016703449561399797,-0.011628244256965736,-0.009132871885410898,-0.013247882910107256
2020-08-17,-0.0014553366922944733,-0.005164781840131694,-0.004987216673208117,-0.003940513579434701,-0.0100142410708709,-0.0125629989963153,-0.004901777612190794,-0.0016908259183960883,-0.005362376005315417
2020-08-18,0.0,-0.00325416791740607,-0.003500645870744501,-0.0022643462160989447,-0.007862597564933793,-0.009652143496795107,-0.0038211090312630924,0.0,-0.0032095823380077215
2020-08-19,-0.006978110560518669,-0.009100090248963189,-0.00900703375714007,-0.009975847966417373,-0.011536111386698855,-0.012737737258817772,-0.010415455054162415,-0.006820830656274146,-0.011069864625689707
2020-08-20,-0.0035464685605407498,-0.0060252303524840345,-0.006178329819491513,-0.006666199854651,-0.009090716136229027,-0.008652713197267237,-0.007549765499635597,-0.0037165494615667427,-0.007276671037379945
2020-08-21,-0.004299119086673242,-0.006212608155856447,-0.006600571266627386,-0.007055033085337392,-0.009013788995354655,-0.007264456938397279,-0.00788893967276405,-0.004117114057663351,-0.007217189124870349
2020-08-24,-0.0007081246691467147,-0.0028299777851141794,-0.002824218210547569,-0.002345213196862206,-0.009006791496141586,-0.005540934143814069,-0.004075481250963686,0.0,-0.0029368211551126233
2020-08-25,0.0,-0.0011300073776243647,-0.0009128023951304742,-0.0005352189041812894,-0.009682143774558782,-0.0064253935898219705,-0.0027134957576099294,0.0,-0.0011965129570660205
2020-08-26,0.0,0.0,0.0,0.0,-0.008584804688627767,-0.004640867614170152,0.0,0.0,0.0
2020-08-27,-0.0029986326954392073,-0.0027933317463296747,-0.002307006800350342,-0.003976136152822551,-0.01242361978838924,-0.009571076851572768,-0.0037972882748367187,-0.0036230531144618716,-0.00407926631851574
2020-08-28,0.0,0.0,0.0,0.0,-0.010327771242398365,-0.007172692143818882,0.0,0.0,0.0
2020-08-31,-0.0009489572451041317,-0.0013346625246047905,-0.0018845901513688812,-0.002831373103483248,-0.00905882645528866,-0.005494890609159864,-0.0020617732062678806,-0.0021611892298272206,-0.002035157792395381
2020-09-01,0.0,0.0,0.0,0.0,-0.005995250834757049,0.0,0.0,0.0,0.0
2020-09-02,0.0,0.0,0.0,0.0,-0.005405436654679074,0.0,0.0,0.0,0.0
2020-09-03,-0.01390712529336946,-0.01426596127160118,-0.014931939049405929,-0.015808651411259866,-0.00827371347178607,-0.008145626688013885,-0.014205517385778355,-0.01475765702890719,-0.016856655807418797
2020-09-04,-0.017520650022612716,-0.018267933690181315,-0.019202903146755657,-0.022005397917958858,-0.01246504564376183,-0.014223651540657634,-0.019689782529712208,-0.020273184448764137,-0.02313527776051616
2020-09-08,-0.025348620388186194,-0.026698496756103696,-0.028271854012804964,-0.034971926945585485,-0.014563090374643983,-0.01769866265689668,-0.03084466853894463,-0.03463776161039123,-0.03649348890533766
2020-09-09,-0.019155691696469246,-0.02052229306254305,-0.022003264628527086,-0.024353107675606833,-0.012301541739880628,-0.015374097198090575,-0.02026308250136155,-0.02339080393080817,-0.025819057425337855
2020-09-10,-0.02363897196911291,-0.025299360439095753,-0.02699121947393257,-0.0325919833851257,-0.013282473614562473,-0.016541385237553552,-0.028771419596228087,-0.031027424583339513,-0.03390131374515182
2020-09-11,-0.02335848612629221,-0.024790232429478087,-0.026808979261312094,-0.031438885193249,-0.012603257825870684,-0.0158757554314386,-0.028212383700120913,-0.030321855358804273,-0.03321877439767984
2020-09-14,-0.01860992905994352,-0.02019700513500189,-0.0216356832045298,-0.02239727285705584,-0.011279739450056336,-0.014797802747615552,-0.01712907636412664,-0.021483844537167895,-0.02434005891016222
2020-09-15,-0.016095964770243443,-0.017682234748091386,-0.01901864652913121,-0.017999305105701024,-0.0108754146148059,-0.013843596595766727,-0.01339189255540163,-0.017999071406098577,-0.020023639267734095
2020-09-16,-0.015720052460885037,-0.017517372957319477,-0.018311317840840835,-0.017028008135377637,-0.010623030008046097,-0.014451637693774999,-0.01335814279901959,-0.01739467288245089,-0.02014439327014772
2020-09-17,-0.017982836727652773,-0.019573843004475733,-0.02036900942142672,-0.020754407250514917,-0.01074522908403841,-0.015072780576093181,-0.019507348960396742,-0.021192736337565354,-0.024386030721234575
2020-09-18,-0.02091629816675733,-0.022657273494636754,-0.02322106497591081,-0.026296656506793026,-0.01167541795652316,-0.016559416249407266,-0.027526538917622356,-0.02713816786493961,-0.02994635041157323
2020-09-21,-0.027924962122349295,-0.02858854330624161,-0.03002532282229109,-0.03889303515807896,-0.01418058196501848,-0.01720390086517598,-0.04178647212534825,-0.03983845045929679,-0.041013207478574176
2020-09-22,-0.025980315533787435,-0.026641533393804928,-0.028229921199863783,-0.03614126686895858,-0.013932903948204234,-0.016082342019113405,-0.03929984494452676,-0.036705809375195964,-0.03787645913094151
2020-09-23,-0.03497471074744851,-0.03474804121531816,-0.03639019540215582,-0.05113870020527367,-0.018073211844487735,-0.019722011507614434,-0.05261640659542055,-0.05088715750140138,-0.052690441969453605
2020-09-24,-0.03389994113839667,-0.0338333229057447,-0.035513630015736486,-0.04973328560837087,-0.01721692553290366,-0.01911859967632723,-0.05160626398084189,-0.0498280375443334,-0.051217745817448423
2020-09-25,-0.03033993189771378,-0.03020490009600474,-0.032031504111811326,-0.04374357688735564,-0.01667796917859976,-0.01719665000285031,-0.0457842468941797,-0.04368160129034382,-0.04505504270561678
2020-09-28,-0.0239251794271389,-0.024526661224998025,-0.026401870410845185,-0.032924567786957515,-0.014343182451266978,-0.014884643161675926,-0.03575886432448394,-0.033767737311332424,-0.03458401347109785
2020-09-29,-0.025080818479762956,-0.02579137514708363,-0.027788784841354386,-0.03494901628321012,-0.014304317456882765,-0.015174553426801074,-0.037534885897567705,-0.03545180885088417,-0.0362643334540228
2020-09-30,-0.02372321383191689,-0.024441277053348864,-0.026381492052780398,-0.032618579498529976,-0.01500246352986434,-0.0157452064355319,-0.03519046108123425,-0.0339157659606395,-0.03430223354661477
2020-10-01,-0.0200235571489098,-0.021295347314415736,-0.023391676492131586,-0.02629794608455638,-0.013726306898106277,-0.01433934514632862,-0.028529075702430684,-0.02833727498403804,-0.027679720808755137
2020-10-02,-0.02254931230181456,-0.02374857692379384,-0.025744056519358627,-0.030143617348233787,-0.01551330205974022,-0.01713176479109524,-0.03219199964004049,-0.03183316879554543,-0.032265538080598954
2020-10-05,-0.016331071739139724,-0.019367599789242185,-0.021005263980759192,-0.02125320957204102,-0.015747483649157124,-0.017960361888936793,-0.025794317411156897,-0.02335765220335939,-0.02402741878528425
2020-10-06,-0.01965311218307686,-0.021623588034825003,-0.022898400683305398,-0.02563570457016906,-0.016456926588560794,-0.018060541879795333,-0.02910651982740886,-0.027533288380175436,-0.029012380981294217
2020-10-07,-0.01604811178820753,-0.0185971825506549,-0.019706556571115197,-0.01958547966021984,-0.016385710790045915,-0.01803599156751079,-0.023400426199695734,-0.021068594175187916,-0.02290408476557948
2020-10-08,-0.012401541165781071,-0.015169729400645204,-0.016072477052697653,-0.012829940258822337,-0.01436281188952615,-0.01596752654324285,-0.017631843221328602,-0.01531665014029604,-0.016602123600108043
2020-10-09,-0.008758436726713392,-0.012461500289841498,-0.013444596869962577,-0.007477727776208587,-0.012248080795974947,-0.014588136986417699,-0.013179101322139508,-0.010587941123397338,-0.010851297246737168
2020-10-12,-0.0050707263017437665,-0.008697892030535725,-0.010036464539013301,-0.0013120661049117466,-0.010700581734094716,-0.011249001425403304,-0.007519189624361378,-0.004961094316129788,-0.0037025616228791858
2020-10-13,-0.00859196440305443,-0.011010440300062818,-0.012449126767204999,-0.005907428168328455,-0.011207047836929607,-0.011064485035953364,-0.010706935528719597,-0.008785007756958896,-0.008089448128827281
2020-10-14,-0.010554583053709377,-0.013038125501277364,-0.014595655117044082,-0.0087414824669092,-0.010841953629862733,-0.011817555452019124,-0.013081278123930229,-0.01192692491463776,-0.011099320303862847
2020-10-15,-0.010840158437816827,-0.013696637112103782,-0.014881658509003137,-0.009519995040483953,-0.011021605027930259,-0.012989537031833032,-0.013625250236614206,-0.012615336342649552,-0.012080697682816166
2020-10-16,-0.01321010161451619,-0.01544746224743676,-0.016787031820840737,-0.011499139786766088,-0.012214060751898792,-0.014832242433799991,-0.015567238696252095,-0.014486193668289182,-0.014068397503187224
2020-10-19,-0.01874373072392288,-0.0206226987104966,-0.021833557376814805,-0.017702352211761307,-0.013729514576985902,-0.019197995386716182,-0.021965263087185827,-0.020349132782571666,-0.02052090783303817
2020-10-20,-0.015633093067763726,-0.018403668162755293,-0.0194203132790155,-0.014645865360112253,-0.013980477881983422,-0.01943688161207735,-0.018629923179180552,-0.01717688209228485,-0.017899627187918377
2020-10-21,-0.017005948667921378,-0.01993210260353806,-0.021334139750029846,-0.01657041422794059,-0.014513660094027991,-0.02122494082387205,-0.02093100006312454,-0.018931690497595244,-0.019443382875199422
2020-10-22,-0.016751347231944713,-0.019795673392783653,-0.020731397772186133,-0.016409625833620378,-0.01640297234416166,-0.022512127756494138,-0.020167061437552203,-0.01892912923133039,-0.01953858771553041
2020-10-23,-0.015308578890961377,-0.01788839166139844,-0.018971986979128275,-0.013772193718841086,-0.015602779479148232,-0.020646473741934956,-0.017593158890506944,-0.016442296604235906,-0.016907500245962326
2020-10-26,-0.02366571410326901,-0.025096617382490582,-0.02640892225039393,-0.02281267875556814,-0.016068830353612062,-0.02378936743221538,-0.026303438141773605,-0.024818035465829058,-0.025495545108056406
2020-10-27,-0.023846946042489825,-0.025022300344497483,-0.026202485758720195,-0.02287710387196895,-0.014277847260683929,-0.021169424348726706,-0.027295279164970432,-0.025975853992789788,-0.025188975576237893
2020-10-28,-0.04166360397066826,-0.04056598488964047,-0.04143652846682011,-0.042251330980665136,-0.018817861921573753,-0.03081779116956651,-0.04749900611077007,-0.04411147471683052,-0.0442122180416018
2020-10-29,-0.03995399929796328,-0.038977282356681964,-0.04018370358391554,-0.03926898513649402,-0.020470770881817257,-0.03301245435975364,-0.04379749194988036,-0.03916327653581275,-0.040853018609548264
2020-10-30,-0.04348288914561926,-0.04270678581323817,-0.04390686078173134,-0.045975394357904764,-0.02256717897617322,-0.03669023004568017,-0.04932900978988941,-0.0464707632288045,-0.048020583953678364
2020-11-02,-0.03807110216873666,-0.03771870007046896,-0.03871814729236045,-0.036095673208152323,-0.01947342884882186,-0.034509986748641364,-0.039468349160739824,-0.036412373052014946,-0.03912919212624966
2020-11-03,-0.0318080279137718,-0.03242862853775719,-0.03348339046823656,-0.02593084715253602,-0.018283995763384464,-0.03388816524197602,-0.028597305815205365,-0.02669828293391141,-0.029412050380417498
2020-11-04,-0.02454290381149482,-0.02440067452094885,-0.02588073222182563,-0.011573202297514129,-0.011723439225522658,-0.025110081861934197,-0.015078925787614494,-0.013670472501760234,-0.014547478250256485
2020-11-05,-0.017138652784290942,-0.017920606136892503,-0.019347172873220075,0.0,-0.008270664096926894,-0.022627347563104028,-0.0021230607290168013,-0.002908141381403051,-0.001422896972951948
2020-11-06,-0.018421836415480564,-0.019243354219780073,-0.020870190534438504,-0.0026683083596533708,-0.010403189924625744,-0.024825939041100864,-0.004948625311989363,-0.006153647386502703,-0.003773420851684417
2020-11-09,-0.01751057407343537,-0.01780095627624656,-0.019245152100063945,0.0,-0.01608377186088039,-0.030201030139081708,-0.001317172954830248,-0.002648582505041186,-0.0029395562298262234
2020-11-10,-0.016034252670012017,-0.017355929580161633,-0.018100714120585892,0.0,-0.016569622674247997,-0.03225335628788961,-3.857992794453757e-06,-8.28413570005404e-05,-0.0024111892533001944
2020-11-11,-0.013636615151839115,-0.01495798913164681,-0.015826887328625916,0.0,-0.01562217193798121,-0.029939129982634705,0.0,0.0,0.0
2020-11-12,-0.015974626316514917,-0.017050371601334158,-0.01829984381889105,-0.003921103805386461,-0.013619034899986948,-0.02750904939797183,-0.0032213616653229415,-0.0029694527547834415,-0.0036099681825315644
2020-11-13,-0.011425316459879431,-0.012636857725068396,-0.013701647815161366,0.0,-0.012790489688004003,-0.027349533014652594,0.0,0.0,0.0
2020-11-16,-0.007465012025236528,-0.00856797771131712,-0.00925698126564578,0.0,-0.01168539533321633,-0.02641079515078415,0.0,0.0,0.0
2020-11-17,-0.007384145667119646,-0.008384055834844584,-0.008870893683474712,0.0,-0.010746391972388136,-0.024950351508431834,0.0,0.0,0.0
2020-11-18,-0.010530846311071485,-0.011368616572223766,-0.01202181858085083,-0.005257859123769526,-0.011173056933511893,-0.025804295475947536,-0.004622889816631837,-0.00466528293532853,-0.005372358461201987
2020-11-19,-0.008459441818653213,-0.009349192052687472,-0.009944898588781781,-0.0014864758458653649,-0.009736285653293986,-0.023880391444785154,-0.0009079382744066056,-0.0010625255315709348,-0.0015382080087681382
2020-11-20,-0.008599266580083142,-0.00946159670973834,-0.009786861459555318,-0.0009412616142084884,-0.008659291593575036,-0.02368231009127908,-0.0013042738373937324,-0.0007562731190415839,-0.0013742210278077094
2020-11-23,-0.00905931325585263,-0.008875526596819117,-0.009053710514904889,-0.00032800929445520044,-0.010205844338811554,-0.023651387326238837,0.0,-0.00039267677911303256,-0.0009316558909611139
2020-11-24,-0.004337121567947078,-0.0033778980839568318,-0.0029578304896946683,0.0,-0.01092882932006578,-0.021551218586061793,0.0,0.0,0.0
2020-11-25,-0.0036497394630878865,-0.003175162112059593,-0.0023919161826960744,0.0,-0.010793953082201657,-0.021172421202140246,0.0,0.0,0.0
2020-11-27,-0.002317512093661267,-0.0011042817150115347,-0.0002804141858869791,0.0,-0.00961402427946012,-0.017585847576248148,0.0,0.0,0.0
2020-11-30,-0.007389830366489103,-0.0068219072267642344,-0.006298145798314891,-0.007573754043823988,-0.010405111904483344,-0.018146641533626107,-0.006354277533418329,-0.006006685888639951,-0.007026369137834609
2020-12-01,-0.0007351344012170857,-0.0010618578238972276,-0.0011308174815302108,-0.00046697563493580674,-0.010777037162009728,-0.01963654806437365,0.0,0.0,0.0
2020-12-02,-0.0003547182280683181,-0.0010342946018541133,-0.0010351155369062726,-0.0004940605663642517,-0.011126250810663318,-0.020580053382976415,-0.00013134124147173853,-2.8540633127738246e-05,0.0
2020-12-03,0.0,0.0,0.0,0.0,-0.009024789688437007,-0.017937316321484875,0.0,0.0,0.0
2020-12-04,0.0,0.0,0.0,0.0,-0.010841114616134018,-0.019363173009851353,0.0,0.0,0.0
2020-12-07,0.0,0.0,0.0,0.0,-0.008452715103382746,-0.017345502030321147,0.0,0.0,0.0
2020-12-08,0.0,0.0,0.0,0.0,-0.007530109219643144,-0.016276057451244497,0.0,0.0,0.0
2020-12-09,-0.006378268408464005,-0.00529506267018498,-0.00541562815060459,-0.0065552322781828876,-0.01021337519993315,-0.020257939988214013,-0.006188260240568844,-0.006366585555585891,-0.007331928363096596
2020-12-10,-0.0034169751870560816,-0.0017979327654699118,-0.0012299294966299223,-0.0020713602249569085,-0.007966086573128695,-0.016267603494553362,-0.0021975540547789496,-0.002452847717653195,-0.0031825501817231983
2020-12-11,-0.00411982786039955,-0.0029064058873343734,-0.0025839030008767416,-0.0033030732910702687,-0.007451729270437135,-0.01583483247917139,-0.003651420888658108,-0.0036440210098747094,-0.004414880377110464
2020-12-14,-0.004692117095661086,-0.0035182974873512185,-0.00249600912152681,-0.0042670055380605865,-0.008030138750543037,-0.016192798562927657,-0.004451057538577885,-0.004523129522652658,-0.005142413416533542
2020-12-15,0.0,0.0,0.0,0.0,-0.00629461221203631,-0.013279257551948143,0.0,0.0,0.0
2020-12-16,0.0,0.0,0.0,0.0,-0.006068091312820378,-0.013510568319825111,0.0,0.0,0.0
2020-12-17,0.0,0.0,0.0,0.0,-0.004720406021184287,-0.01176451584372562,0.0,0.0,0.0
2020-12-18,-0.0029515525811649734,-0.002638535963360056,-0.0025967487425408997,-0.0033661572801471085,-0.005270243911550732,-0.012722445706715324,-0.003079430826774976,-0.0031425208036882646,-0.0033148343151093718
2020-12-21,-0.006032264731657078,-0.00627955797581059,-0.006214522178375148,-0.007805819842223283,-0.005909662811118821,-0.014171653700447706,-0.0071578471758416695,-0.0073404319932180995,-0.007372159610016804
2020-12-22,-0.005958508172922983,-0.0062790738973049764,-0.005851695742989715,-0.007736286981692042,-0.005827015406119407,-0.01280826538566504,-0.0067645162247470525,-0.006976984866773894,-0.007036292042089998
2020-12-23,-0.004055861694036045,-0.004190916770405617,-0.0036228992102568247,-0.004947045927964577,-0.005562639719621676,-0.012668380932186696,-0.0044316970390388954,-0.004695935513148508,-0.004720243265764479
2020-12-24,-0.0014932740390807275,-0.0020729134399971594,-0.0015689027025379554,-0.0024603812474126574,-0.004060619431036194,-0.010024850534859686,-0.002124596345812857,-0.0023542255577005955,-0.002297216115999423
2020-12-28,-8.257990784454883e-05,-0.00024046149462941813,-0.00013915431545197254,-0.00042579382916452246,-0.004015242807576702,-0.008534258317223653,0.0,-0.00025018881097316203,0.0
2020-12-29,-0.0008553052049304899,-0.0008474617334616186,-0.0014206516637478295,-0.0007146682414217453,-0.00391818813745981,-0.009065804500679397,-0.00047007314534541766,-0.0007069159798409608,-0.00042167825873429265
2020-12-30,0.0,0.0,0.0,0.0,-0.0025525713245957427,-0.007425809078174916,0.0,0.0,0.0
2020-12-31,0.0,0.0,0.0,0.0,-0.0017168772821180012,-0.006091903637008067,0.0,0.0,0.0
2021-01-04,-0.003547761890053347,-0.005161663943271666,-0.005521772283786142,-0.004416866505350336,-0.001627920987431808,-0.010152836999855697,-0.004518024067082349,-0.004794362656006079,-0.004495902386086548
2021-01-05,0.0,0.0,0.0,0.0,-0.0011673670380871748,-0.009394859724670579,0.0,0.0,0.0
2021-01-06,-0.0012827328413967942,-0.0004375581917186455,-3.87014244553896e-05,-0.0011291565805837678,-0.005779234330433813,-0.014991677627658961,-0.0004862877035075597,-0.0011041189827685205,-0.0012915253825839246
2021-01-07,0.0,0.0,0.0,0.0,-0.006026430570370334,-0.013049582985646402,0.0,0.0,0.0
2021-01-08,-0.000571514497254566,0.0,0.0,0.0,-0.008274796094371428,-0.012248744199967798,0.0,0.0,0.0
2021-01-11,-0.006325875218617383,-0.00596658898763458,-0.006060154641388649,-0.007035283625913102,-0.010175210986748895,-0.016692602924479605,-0.006207105086620812,-0.00681446215160908,-0.007058032764945099
2021-01-12,-0.002151923200329975,-0.0019418674014357595,-0.0013591573095618203,-0.0019657250095677092,-0.008768752836707305,-0.015049106482070473,-0.0020635761322552737,-0.001811028145725202,-0.0023856146716595417
2021-01-13,-0.00015080019464563943,0.0,0.0,0.0,-0.006682150405020959,-0.010340448251220047,0.0,0.0,0.0
2021-01-14,0.0,0.0,0.0,0.0,-0.008017022530179108,-0.01285612413537518,0.0,0.0,0.0
2021-01-15,-0.004774324815362108,-0.004556100241909888,-0.004943385248860066,-0.0057042764815739,-0.009099982657962857,-0.013816162234709939,-0.005421407616947094,-0.00538751395213477,-0.00604349791422476
2021-01-19,0.0,0.0,0.0,0.0,-0.007178102551442245,-0.010474467993653702,0.0,0.0,0.0
2021-01-20,0.0,0.0,0.0,0.0,-0.005040274667911904,-0.0071928037845130355,0.0,0.0,0.0
2021-01-21,-0.0008898999170915411,-0.0006642149432914968,-0.0007922066831439478,-0.0013586446903829374,-0.0061911485556719326,-0.008820755070912623,-0.001267357475942088,-0.0013536039797732435,-0.000919594424177439
2021-01-22,-0.002875751432736884,-0.002800118299448373,-0.0025551762580164894,-0.0037475491413426765,-0.0071910524902635276,-0.009879947932899813,-0.003574188950205004,-0.0033258938095616086,-0.0029911571742461396
2021-01-25,0.0,0.0,0.0,0.0,-0.004463823096475639,-0.0052402425404496356,0.0,0.0,0.0
2021-01-26,-0.00036515290321081917,-0.0005350951195937093,-0.00046118510340142915,-0.0008446158124642,-0.004900089420645459,-0.005875378469767156,-0.0006960415599517322,-0.0007241337236925105,-0.000971209638728765
2021-01-27,-0.010522062482927419,-0.011316636946055447,-0.010996077894620648,-0.013241166558741635,-0.0064961766361963935,-0.010511633124115072,-0.012986020366659412,-0.01208622370988588,-0.014399039961963123
2021-01-28,-0.009505628906016361,-0.009854711745975409,-0.009973056182024487,-0.011632414768510846,-0.007141900821897695,-0.0107855804734589,-0.010604730932827433,-0.009985864531816824,-0.012499299381790174
2021-01-29,-0.017093472743655247,-0.018646491747249305,-0.018178328431104895,-0.02187832317628291,-0.009086982752174344,-0.01594558197167928,-0.02121408463966623,-0.01958459651805522,-0.023422942044833417
2021-02-01,-0.006197623357526494,-0.00754260277732044,-0.007066899188915121,-0.008518919685948756,-0.006149288493304761,-0.010485760567970015,-0.006752326233713246,-0.005023070526526285,-0.009747198041676675
2021-02-02,-0.004035014338977794,-0.0040420833253258515,-0.0038046377046240254,-0.0035589622537270937,-0.0070116842078077335,-0.010907004047541857,-0.002369293461411459,-0.0013469317425289784,-0.004155090546189677
2021-02-03,-0.004374742979938229,-0.004005640365963625,-0.003834524200029721,-0.003778859669301471,-0.00820693961286123,-0.012427459530855334,-0.0028644495632528244,-0.0018340673287664533,-0.004476775752329409
2021-02-04,-0.0032419791271154352,-0.0014230754696118453,-0.001093906394293187,-0.000775053496889333,-0.009003873600594958,-0.01128327792237438,0.0,0.0,-0.0008742417065829011
2021-02-05,-0.0005673209367125231,0.0,0.0,0.0,-0.009140052783850994,-0.01213662888966871,0.0,0.0,0.0
2021-02-08,0.0,0.0,0.0,0.0,-0.006418771713696869,-0.008682616098818596,0.0,0.0,0.0
2021-02-09,0.0,0.0,0.0,0.0,-0.006116856181086372,-0.00886468090931214,0.0,0.0,0.0
2021-02-10,0.0,0.0,0.0,0.0,-0.004895963807114212,-0.007497344267443418,0.0,0.0,0.0
2021-02-11,-0.0003017885552949462,0.0,0.0,0.0,-0.006261521123315572,-0.008409607270789321,0.0,0.0,0.0
2021-02-12,0.0,0.0,0.0,0.0,-0.007545984669873218,-0.009520194762332013,0.0,0.0,0.0
2021-02-16,-0.003549777413009658,-0.0019686314881258715,-0.001896927847859442,-0.00332956205918733,-0.011050827870688673,-0.014333045269422584,-0.0038065655941804666,-0.0031892145022952567,-0.0032381755189031525
2021-02-17,-0.00587894271110545,-0.0030640105314230226,-0.002929429239085679,-0.004646234535596316,-0.010726161430572034,-0.012692370644101225,-0.004655498131442393,-0.004737428657310749,-0.004947790627705562
2021-02-18,-0.009397952422962264,-0.006740881378154762,-0.006964950517154289,-0.009484890514922184,-0.011776399587998032,-0.01485824763588095,-0.009411811181551877,-0.009350954012659063,-0.010000095613138749
2021-02-19,-0.008538531473570643,-0.0062699028142098046,-0.005950973046514485,-0.008747369687306716,-0.01392473599117583,-0.01901355466840371,-0.00870553210027536,-0.008306514952193034,-0.008941713870176615
2021-02-22,-0.00991495551507493,-0.008844816044824011,-0.008468661890330242,-0.01245637680418632,-0.014348855951555994,-0.023328780693125828,-0.012274666722216998,-0.012355373301538242,-0.014203002045996005
2021-02-23,-0.010425637996626436,-0.008386403734561454,-0.008064147669204047,-0.012089357664381462,-0.014415862471798602,-0.022804927895020755,-0.012125303477750426,-0.012068294936911306,-0.014192958965034252
2021-02-24,-0.0060211019460657544,-0.003859881117589614,-0.0027694270246363395,-0.007442169535926246,-0.014024224324053702,-0.020863217553073965,-0.007401659836319241,-0.007875691518983596,-0.009118297297225575
2021-02-25,-0.02282658949882621,-0.01955681642909357,-0.018691558023569255,-0.02703380882244255,-0.02179356808138244,-0.03589808611039391,-0.026172169479109275,-0.026341754768332337,-0.02937870076240412
2021-02-26,-0.025247288206698415,-0.021878807284197443,-0.021198848043950447,-0.030072251071753597,-0.01912105263979902,-0.03174950339765459,-0.02886961085046713,-0.03575113067903668,-0.032475077903560856
2021-03-01,-0.020415590090503755,-0.016187821681623915,-0.015289397561260687,-0.019763541466445322,-0.01912669644715903,-0.03009873787409445,-0.01746760112603163,-0.02447070005838825,-0.020516998609634185
2021-03-02,-0.022643473421431914,-0.018759937373743374,-0.01818875498817607,-0.024237239326952764,-0.01912880888395707,-0.03022266676185159,-0.022102618011653585,-0.028965011261648077,-0.025945814751686003
2021-03-03,-0.027808361555188732,-0.02316149829047398,-0.022509946548380677,-0.03227669626025431,-0.022956749721008807,-0.0354754449827559,-0.03151601215610955,-0.038118418206365634,-0.03482675250995171
2021-03-04,-0.03273175855118948,-0.027719884368823555,-0.027051999561561235,-0.04184302143077867,-0.025697106896767186,-0.039498539523862064,-0.04359703211465382,-0.04981806624151597,-0.045095140693874436
2021-03-05,-0.028245079023109132,-0.022426248206912636,-0.021476457291813134,-0.0333528533699603,-0.023987053923802515,-0.03846316894152357,-0.034485945594796896,-0.04013262747159896,-0.03619208848139377
2021-03-08,-0.033203330191647784,-0.027180219303253983,-0.026019610292384643,-0.041643185267336236,-0.028252556518748584,-0.04360326701743944,-0.04188078912826387,-0.04786035687232726,-0.04481417848506786
2021-03-09,-0.02500511768864222,-0.02014508747000232,-0.019119053285283072,-0.02842639433644112,-0.023101529678181132,-0.037782882654005534,-0.029730807068987786,-0.033879903663954325,-0.030680600379769052
2021-03-10,-0.022543045758228075,-0.01769342836850285,-0.016450521821665398,-0.024065569352217597,-0.021421617025784934,-0.03614238620429422,-0.025423908829099506,-0.029892188278950682,-0.026505349996512217
2021-03-11,-0.01796119938043772,-0.012009590417738414,-0.010528053959812711,-0.014746573500705296,-0.02064835840685908,-0.03410421719104062,-0.014820703557101078,-0.021990087438937933,-0.016326032273242697
2021-03-12,-0.01987578845229765,-0.013588867002584881,-0.01159144822798619,-0.018608582674283003,-0.02495283401558701,-0.03931924316892366,-0.019364076328424074,-0.02627188282196724,-0.019792128023592426
2021-03-15,-0.017545306861719734,-0.011404352407047624,-0.009292600870828838,-0.014540117756422832,-0.023451706614830536,-0.037827736991766114,-0.015982062501642136,-0.022146431423793356,-0.015507032576033253
2021-03-16,-0.018414207155883044,-0.012435737546095282,-0.010557161578478969,-0.016263474403795608,-0.024136021990153744,-0.03791873639144816,-0.017747116359401183,-0.024091692592371983,-0.017174198157672294
2021-03-17,-0.017081908264121926,-0.011375828902866258,-0.00938232812592632,-0.01432181012668865,-0.024253448999973837,-0.038326753078078535,-0.016533916316160413,-0.022504517248113642,-0.014882253524914346
2021-03-18,-0.026326117064172427,-0.02146716362172607,-0.01974084780932628,-0.03044123798557341,-0.030100851733891765,-0.04631168502569549,-0.031082316565183565,-0.036510949628427936,-0.03142779837626464
2021-03-19,-0.02399730922997012,-0.019378784892469803,-0.0178170209509263,-0.026599431906067506,-0.027977932908024084,-0.045504854981426646,-0.02793143694138711,-0.034945015067662344,-0.027840809871062633
2021-03-22,-0.02186265077010141,-0.017174426823539646,-0.015830183600644032,-0.023145930179477858,-0.025689868328782173,-0.042428918446630104,-0.02469829760207165,-0.03180236434556727,-0.02416510471464739
2021-03-23,-0.02621381491246355,-0.021843536717532697,-0.02101478661358025,-0.03130913286106696,-0.025972895562975995,-0.04117120139231256,-0.03278797627505292,-0.03839338085462196,-0.03282790351086773
2021-03-24,-0.02735531469316055,-0.023047294555911035,-0.02259259391412438,-0.034426818700662665,-0.02427131754863132,-0.040620370726102695,-0.03574097123284403,-0.042892456312123906,-0.03738720678768337
2021-03-25,-0.027439061164966305,-0.02262922729479122,-0.021763353826747545,-0.03323108646279771,-0.026201781408624725,-0.04209715591261154,-0.03357789545367018,-0.04116884882689231,-0.03558494252162803
2021-03-26,-0.02206055832520948,-0.01616586333400105,-0.015185035033826622,-0.022603421781536626,-0.024957829967838463,-0.041748176421960714,-0.02570980993370897,-0.031866969501145315,-0.024661866267759902
2021-03-29,-0.02527445988830168,-0.018760822416008294,-0.018167818393168056,-0.028317596792250654,-0.027203200991167242,-0.04400892114193555,-0.03086739899355717,-0.03728241498971918,-0.030409940891080955
2021-03-30,-0.02663020431086449,-0.01975093662791627,-0.01919763815832798,-0.029600714291887598,-0.028526286180809657,-0.045254851036609756,-0.0327309944665638,-0.038119946287658246,-0.031421523397792805
2021-03-31,-0.023501077824572225,-0.017482669563605335,-0.017125787892311672,-0.025678122328056108,-0.02708722740847269,-0.044290905255559454,-0.02880739000954513,-0.03454271874818027,-0.026902986681718977
2021-04-01,-0.016907852738062612,-0.01105001089131652,-0.010552434203183525,-0.01428434018913316,-0.022209616346519967,-0.03932711612085449,-0.018417148506896575,-0.024548794656486073,-0.0156214038874406
2021-04-05,-0.015505020780477996,-0.00916134587529116,-0.00861470514585072,-0.011385931675581884,-0.02321558941770474,-0.040344331607909734,-0.016594999874909644,-0.02318494528301185,-0.011420428351809897
2021-04-06,-0.014172513931106523,-0.008300501409754357,-0.007915276895882895,-0.009337073674769214,-0.020770713564737697,-0.03722319661588536,-0.013678797375464402,-0.021404630739083275,-0.009874034978005652
2021-04-07,-0.015704577176335666,-0.009394692678578065,-0.00905087772653368,-0.012164276284561737,-0.021788557580680323,-0.037887285177675256,-0.015976200934298967,-0.023774403884813444,-0.01267969858428819
2021-04-08,-0.011776659706384085,-0.006365252950981781,-0.006076703714547049,-0.006762439092838135,-0.019005814419401856,-0.03454014124946592,-0.011045703785681149,-0.019034759073618623,-0.007146599968535172
2021-04-09,-0.01272826338300792,-0.006603120877351598,-0.006503088887681585,-0.007862156628747563,-0.020241560570432804,-0.03551940716324009,-0.011942660559036922,-0.019947802367739298,-0.007633757993507961
2021-04-12,-0.014163679505477145,-0.007437109638947281,-0.007381220716779047,-0.009375089245586166,-0.02085498611933434,-0.03609962224891072,-0.013366566365124122,-0.021360657910728276,-0.009167157357053313
2021-04-13,-0.009640883929306288,-0.0034624142311474593,-0.0033505105215483333,-0.004300774358157233,-0.018077421140939243,-0.03184553789663813,-0.008559994814134608,-0.016867763881924014,-0.004182283577576773
2021-04-14,-0.009376704741425046,-0.003698166853630225,-0.0032260291821144538,-0.0036915494932309167,-0.01831544937210894,-0.03261034256206552,-0.008245125762838645,-0.016684423816373917,-0.004234324593633154
2021-04-15,-0.0008321672078569486,0.0,0.0,0.0,-0.013342760660953523,-0.02501951349383469,0.0,-0.007465703895036091,0.0
2021-04-16,-0.0006657444098248089,0.0,0.0,0.0,-0.014650566498455309,-0.027994175866446702,0.0,-0.008038331829278822,0.0
2021-04-19,-0.0038630639027700253,-0.0027353223056292286,-0.0026966097350173968,-0.0033598024196332954,-0.015829299509513173,-0.030465093203189464,-0.003116433849076894,-0.011411107744796256,-0.003822540382944606
2021-04-20,-0.006542631139201949,-0.005515562422006903,-0.0057667548412567715,-0.006962111741904975,-0.015209988738610014,-0.030608680450368797,-0.006460339074670252,-0.015055217485600791,-0.008137137321400978
2021-04-21,-0.0007738580140708162,-7.233654591576322e-05,-0.00028806392817481985,-0.0002910256397866684,-0.013520253397077964,-0.027535274085382255,-0.00024190869691875783,-0.0085028513391594,-0.0010018869407398823
2021-04-22,-0.003139254128428859,-0.0028941679653951002,-0.002905735021812572,-0.002935488648358131,-0.013569547690959194,-0.028185184082927917,-0.0026836271544724566,-0.011067149279498922,-0.004405731607691754
2021-04-23,0.0,0.0,0.0,0.0,-0.013124726129995379,-0.025749596224316718,0.0,-0.0048559379390634705,0.0
2021-04-26,0.0,0.0,0.0,0.0,-0.012772613896620433,-0.025294170020906503,0.0,-0.002595604081017111,0.0
2021-04-27,-0.0012487807338303902,-0.0011704638878521356,-0.0009396468091342758,-0.0016347669948327814,-0.014437128940516297,-0.028194229470291043,-0.0019079320798006671,-0.004284589942779249,-0.001559862692658065
2021-04-28,-0.0006926094587502707,-0.0006342657299618359,-0.00035521762576906646,-0.0004218084362800356,-0.013918122391619936,-0.027549541677728273,-0.001149010792040217,-0.003417537315164809,-0.0005999153960238868
2021-04-29,-0.00016569855019776814,0.0,0.0,0.0,-0.014268587813824118,-0.02722394617686552,-0.00010832354357492857,-0.002479795162934506,0.0
2021-04-30,-0.004030837933327702,-0.0036266636668041974,-0.0037188537750501016,-0.004988676578155715,-0.014686914943904394,-0.027987288379553665,-0.004607615258184983,-0.00695512471795956,-0.005380202044472204
2021-05-03,-0.0010134543786719519,-0.0013373854160093623,-0.0014498108494495066,-0.0016727084303268525,-0.012951693390863772,-0.026499198402663793,-0.00212107615747803,-0.004062150353496663,-0.00257003478070994
2021-05-04,-0.004893596443237502,-0.005102866901954717,-0.005094556817480833,-0.006039234109068703,-0.012529323381517021,-0.026384595517206177,-0.007111404643503905,-0.008544642994732343,-0.008027449417749799
2021-05-05,-0.004581617470507338,-0.005186728983624267,-0.005596076676122053,-0.005327516071988669,-0.011656610928048594,-0.02532733392571529,-0.006675422501272954,-0.008155020123697954,-0.007681881698863857
2021-05-06,0.0,-0.0008864557389973715,-0.001624917719591057,0.0,-0.009656840992620652,-0.023297534114825602,-0.0016838298475780888,-0.0031749680334057784,-0.0022425517270792117
2021-05-07,0.0,0.0,0.0,0.0,-0.00869896487454025,-0.021815847798163146,0.0,0.0,0.0
2021-05-10,-0.008329811887458849,-0.007097899112009198,-0.007316135944154811,-0.008994520543170181,-0.011417429628968412,-0.028038337989948703,-0.008628075416727388,-0.00844267791417519,-0.009896526705308384
2021-05-11,-0.010180612198031347,-0.009929857810354825,-0.009523320000337954,-0.01256102425892236,-0.01230007173901737,-0.030352403310724307,-0.012545256741175237,-0.01275520624025539,-0.013465755564994297
2021-05-12,-0.022635590248354154,-0.022136122195732577,-0.02143558668800627,-0.027796894453338106,-0.016376430636823036,-0.038502760286457494,-0.027710814659191785,-0.028222536995119563,-0.029437151656928395
2021-05-13,-0.020916189559254228,-0.020303475722796893,-0.020083530102607328,-0.024083695168468644,-0.015764634216507423,-0.036849281284379476,-0.022606545259309052,-0.02373999478785216,-0.025223000012690178
2021-05-14,-0.013234388278928866,-0.01307371270861124,-0.012981246977179728,-0.01220798376273513,-0.01215835648668373,-0.0320800548289466,-0.012440732443288138,-0.011778464275320033,-0.012814222380186702
2021-05-17,-0.01250153059080672,-0.01277893898089244,-0.012487369928181558,-0.011470998086205553,-0.011547215239294917,-0.03281051184858541,-0.011652526800259744,-0.011219776043655094,-0.012388211922025105
2021-05-18,-0.01399265803012295,-0.014023112247299796,-0.01365178521460908,-0.012984897115257077,-0.012605522204937825,-0.03383240274957655,-0.013697373796686452,-0.013148656094840283,-0.014222543997622794
2021-05-19,-0.016443752416462343,-0.01657223153110987,-0.016348960645300115,-0.01741010941186738,-0.014289360554134434,-0.036366912056080114,-0.01751070370181873,-0.01708034442624362,-0.018270127597410424
2021-05-20,-0.012517624492827006,-0.012712990102273558,-0.01262581506738969,-0.010489733255055977,-0.011701996688135097,-0.0322890195568557,-0.010905371085730309,-0.009975580193422151,-0.010873305949199663
2021-05-21,-0.01222941107320441,-0.012548001415101262,-0.012453365385078685,-0.010435402215947409,-0.010902940181706011,-0.03188034357125691,-0.010661938462520504,-0.00973255986595778,-0.011184959563520502
2021-05-24,-0.007182174437266209,-0.007800114101261135,-0.007762457379329901,-0.003472816505373566,-0.008886995377954565,-0.02869024841126,-0.003938912393951721,-0.0035261642513449987,-0.003849733769558328
2021-05-25,-0.006518896489686954,-0.006831019588763643,-0.006890613916338828,-0.0016566010455557612,-0.006803252717707098,-0.02650949400072533,-0.002286449028417459,-0.001985841283461909,-0.002434761242220085
2021-05-26,-0.004284096774330726,-0.005116481111486215,-0.004822007047742938,0.0,-0.006997946015866341,-0.02648675988741711,0.0,0.0,0.0
2021-05-27,-0.0027683183908220332,-0.004283596666684764,-0.0038234841160403876,0.0,-0.007228858096553603,-0.027335935139942702,0.0,0.0,0.0
2021-05-28,-0.0016668788643220411,-0.003162539542245657,-0.002644403215023683,0.0,-0.007129636424870633,-0.02726738919233984,0.0,0.0,0.0
2021-06-01,0.0,0.0,0.0,0.0,-0.0064934591245469075,-0.02598695337618162,0.0,0.0,0.0
2021-06-02,0.0,0.0,0.0,0.0,-0.0053080127252060905,-0.024361363199481567,0.0,0.0,0.0
2021-06-03,-0.006446640536362791,-0.0055478960774454356,-0.00563918091439064,-0.006842151996343304,-0.008411110278238265,-0.02804351264739935,-0.006250860076243425,-0.0062345175797137165,-0.0069343033884256
2021-06-04,0.0,0.0,0.0,0.0,-0.003991230176764726,-0.020930828700335025,0.0,0.0,0.0
2021-06-07,0.0,0.0,0.0,0.0,-0.004004706413212156,-0.02125300277656983,0.0,0.0,0.0
2021-06-08,0.0,0.0,0.0,0.0,-0.0023874847191620585,-0.018221622946287375,0.0,0.0,0.0
2021-06-09,-0.0007717665750001101,-9.651733417304076e-05,-0.0003317046948525526,-0.00019949262797602785,-0.001178025777242131,-0.016023337967150275,0.0,-0.00011998293639770008,-0.0005150423232386236
2021-06-10,0.0,0.0,0.0,0.0,0.0,-0.012078696995613147,0.0,0.0,0.0
2021-06-11,-0.0004691970723728067,-0.0008719660679591401,-0.0003971644464151325,-0.0005458129893598507,-0.001009466940071202,-0.012110974193190294,-0.0007523043360229131,-0.0004013668046332075,-0.0001746860625345681
2021-06-14,-0.0009576130690898133,-0.001602598995117832,-0.0006765297921867974,-0.0013582133745221325,-0.002884518387721746,-0.014180717835217793,-0.0017186414529177796,-0.0007595019315087548,-0.0002898303291519744
2021-06-15,-0.003703242851173849,-0.004090570558263118,-0.0034216730691692954,-0.004351174252133827,-0.0035548260845741364,-0.014973980701404654,-0.004263964241309259,-0.0036905423548194705,-0.003487702448709218
2021-06-16,-0.008686438935295082,-0.00911729527121774,-0.00802139152348802,-0.010349329045749922,-0.0062330632382530116,-0.018519901978643616,-0.00963109613424118,-0.009324351845717005,-0.009249661829900502
2021-06-17,-0.013588693274385943,-0.01180027499859837,-0.010453958835663912,-0.013103820220861762,-0.006767021913070326,-0.015401144813539491,-0.011603299437037085,-0.011903812672054093,-0.01159458021968196
2021-06-18,-0.017238372690499437,-0.015082292599368108,-0.014796260236214054,-0.017610616603878637,-0.004318266508240187,-0.012338511903676075,-0.015872982280553782,-0.017483534343410767,-0.01729103513436614
2021-06-21,-0.010530882746430215,-0.009698784557766404,-0.008480464986602931,-0.011012964028576433,-0.00493120244870815,-0.0133078169655797,-0.0079027102417496,-0.010252647511741153,-0.01008634961589272
2021-06-22,-0.009325963411052185,-0.008757939129855452,-0.007304359020935514,-0.009904674599102492,-0.004235321622720001,-0.010956911119489487,-0.006745150837806246,-0.008949287514903537,-0.008557492172442838
2021-06-23,-0.008970941011012146,-0.00899699703916268,-0.007252365179015063,-0.009987480062915277,-0.004686256775947362,-0.011949972916307172,-0.007079777754422811,-0.009157358527871029,-0.008530510305540084
2021-06-24,-0.005732841182189308,-0.005990358061734424,-0.003820421825137754,-0.0056681981657376035,-0.0037882287179951124,-0.009546393778035456,-0.002581994069618565,-0.005043296219640725,-0.003926336021007115
2021-06-25,-0.005597100932492882,-0.005682630943743772,-0.003316401783229006,-0.005150168483551876,-0.005138932041985567,-0.01154296968301216,-0.0020930239408393225,-0.004776295627255123,-0.003189309088682868
2021-06-28,-0.004575196691839478,-0.00444787758833709,-0.0023501523000420965,-0.003923267044282697,-0.003174699702723216,-0.007948589233214176,-0.0006584085587525434,-0.003598337041555766,-0.0018072041281866902
2021-06-29,-0.0053324765776135985,-0.004651746077748875,-0.002383426936001798,-0.0043376075783669865,-0.003240137948485211,-0.006675409786300768,-0.0009434277508513222,-0.0039834340325343165,-0.0021459058722110846
2021-06-30,-0.004137519460219119,-0.0044025399426167455,-0.0023058104802892165,-0.004216796929224831,-0.0018275882728766568,-0.005068097443174713,-0.0011810592136675124,-0.004087258942532146,-0.0022857208305931964
2021-07-01,-0.002012885290506361,-0.002802344262974321,-0.00048269195909833584,-0.0022829872637540882,-0.0013230941428165055,-0.004208230358708431,0.0,-0.0023172467183352197,-0.00023743685522059632
2021-07-02,0.0,0.0,0.0,0.0,0.0,0.0,0.0,0.0,0.0
2021-07-06,-0.002330501532252338,-0.0014419337987882086,-0.002416418546008825,-0.002582464111941851,0.0,0.0,-0.002520848520500385,-0.0018389010003138084,-0.0026064630216118267
2021-07-07,-0.002377675427304493,-0.0005154585209162788,-0.002357024566863042,-0.0016440716997272453,0.0,0.0,-0.0018379637055625508,-0.0009656081895779156,-0.001788033633749575
2021-07-08,-0.0040823013311563905,-0.0031972707314001925,-0.005138518051841845,-0.00557219516490115,0.0,-3.491565478852543e-05,-0.005479234752936435,-0.004674331284954425,-0.006163672164591016
2021-07-09,0.0,0.0,0.0,0.0,-0.0011044605914186656,-0.0012062168824851227,0.0,0.0,0.0
2021-07-12,0.0,0.0,0.0,0.0,-0.0012233148335110133,-0.0009975701047243435,0.0,0.0,0.0
2021-07-13,-0.002576892905237327,-0.002936659365608274,-0.0032787252427259883,-0.004028096001940873,-0.0025202268547491746,-0.004045983660798891,-0.004099875471613945,-0.003962877790899988,-0.004044027412324569
2021-07-14,-0.0019680140890294684,-0.001151852389905672,-0.0024201880424221667,-0.0020247284274573785,-7.518183663945965e-05,-0.0008797676153932121,-0.002496494665639837,-0.0024075786420426626,-0.002468717171166812
2021-07-15,-0.0034029705905052055,-0.001840746903310042,-0.0037474137834814236,-0.002858626123000585,0.0,0.0,-0.003852971380724046,-0.003332879664755928,-0.003881480121570746
2021-07-16,-0.007669136331001414,-0.005480555921653973,-0.007511326439383015,-0.007731113801888068,-0.0014535907275053939,-0.0021832385387337006,-0.0087813819071757,-0.007911426836690105,-0.00905190214360796
2021-07-19,-0.015806309141726205,-0.011699992791682878,-0.015592311291304561,-0.015916577548037214,-0.00016251123584709593,-0.0015720018147438175,-0.01457077374701754,-0.01602742979527305,-0.017684517000447486
2021-07-20,-0.008298209332026851,-0.005391809957337013,-0.0076586597976039394,-0.007945807640280078,0.0,0.0,-0.007012889407103873,-0.007371663679803908,-0.009079269766472997
2021-07-21,-0.003690812020037071,-0.0022872890192610074,-0.003657122704751714,-0.0037138363078319525,-0.001113137373064066,-0.0006490095378486327,-0.004367827903472121,-0.0035720732225725804,-0.004364763604753907
2021-07-22,-0.0028259877186229687,-0.0009946362807209397,-0.0030120364199500704,-0.0026010360703885294,0.0,0.0,-0.00443300446297179,-0.0028786228629470445,-0.0034405908029149224
2021-07-23,-0.00036487246948924135,0.0,-0.0002574757321675003,-0.0007374242906292849,-0.00032511181501437836,0.0,-0.0015310091417307659,-0.0007509216482246561,-0.0007615827099110017
2021-07-26,0.0,-0.00048318644869882466,-0.0004584918030137164,-0.001860737257483036,-0.0007662348908928918,-0.0005731688025220061,-0.0022924306016713913,-0.0014213146311032876,-0.0015912919028653327
2021-07-27,-0.0019874656817396863,-0.002367527632008537,-0.0030712685586333777,-0.004525532729588444,0.0,0.0,-0.004284650119428357,-0.0037129203098814623,-0.0049505892064504176
2021-07-28,0.0,0.0,0.0,0.0,0.0,0.0,0.0,0.0,-0.00022980097961899926
2021-07-29,0.0,0.0,0.0,0.0,0.0,-2.808803295706319e-05,0.0,0.0,0.0
2021-07-30,-0.0028258255757582784,-0.0021919467731525977,-0.0026206731094657876,-0.0030566908834428475,-0.00024314284251425455,-6.0905962615320774e-05,-0.002698006182208501,-0.0027247546553871294,-0.003292882664064911
2021-08-02,-0.0037306652253125128,-0.001990713782047848,-0.0033023638878790784,-0.002665088647706204,0.0,0.0,-0.001971475084880381,-0.002395145469821225,-0.0031520165559831836
2021-08-03,-0.0024178328511934577,-1.650016147525246e-05,-0.0015075301041350686,-0.0002998400540191737,0.0,0.0,0.0,-0.0001846722611521523,-0.00043276078673681884
2021-08-04,-0.005942877987940243,-0.0020203969409116063,-0.004046118690491207,-0.0030158132644085844,-0.0006483977708486854,-0.001471235462711551,-0.0022118658393477375,-0.0025522938709633403,-0.0030774395838510937
2021-08-05,-0.0015877038510155872,0.0,-1.8330519884979246e-05,0.0,-0.001098899080240967,-0.001361926392563273,0.0,0.0,0.0
2021-08-06,-0.007276394573719314,-0.004941997620329763,-0.00453164108858406,-0.006316023162422635,-0.006295979872362967,-0.00710749525857568,-0.007035619544872196,-0.005791996851839842,-0.005516082068585115
2021-08-09,-0.012398153230440356,-0.008222782179710286,-0.008017246476494044,-0.010568328615739087,-0.009163959409876021,-0.010109503599128433,-0.012078850034706545,-0.009715109517704157,-0.009205933570621494
2021-08-10,-0.010973274306359082,-0.00866932410476684,-0.008454612709783427,-0.010605325545393063,-0.009470501901337913,-0.011234836994190478,-0.012281083160495143,-0.01016937340256896,-0.009518335387082577
2021-08-11,-0.006959384535442759,-0.005842042096586453,-0.005500857058029385,-0.00669789869715165,-0.007866591918440302,-0.00979222635022936,-0.009089146394430259,-0.006693931502547712,-0.005982504193457583
2021-08-12,-0.007425398213934953,-0.005764849900413593,-0.00538984492217276,-0.007212528678771091,-0.00793736359181818,-0.009318174332445639,-0.009567415103039822,-0.007111171516675174,-0.006196468073570105
2021-08-13,-0.0046823475129479375,-0.0025114251440988555,-0.0030586689435101455,-0.0035536725761562415,-0.00421215926417895,-0.004358931818702949,-0.006332056203234293,-0.003636764285313898,-0.0030222953528927787
2021-08-16,-0.005399570910411877,-0.0027656102552523487,-0.003910074810510533,-0.004725326416592179,-0.0034246543364074844,-0.0033735913321369937,-0.007959114343602858,-0.004571833576641482,-0.004213570079131479
2021-08-17,-0.010268739463598187,-0.0071613390698122,-0.008874042256577286,-0.010851316804425304,-0.0047112859323723555,-0.006208852378936092,-0.013819310161640508,-0.010107920539413229,-0.010483567116198245
2021-08-18,-0.01431887183591185,-0.011074687488425106,-0.013396289114416815,-0.015118676674110931,-0.005458236960095064,-0.008809277650950409,-0.017441845373877052,-0.014542086503979812,-0.01527164711388862
2021-08-19,-0.017209908513411754,-0.012042169284963378,-0.014920350036500385,-0.017821210488717876,-0.004980984809918043,-0.007404225370623019,-0.01958126434729479,-0.0170345853957381,-0.01754907297298658
2021-08-20,-0.017508955810650484,-0.01018266450464722,-0.012711803849735581,-0.01592849309241573,-0.005298658875908968,-0.00660992781453984,-0.018353477192439738,-0.014878378413453186,-0.014702614401282399
2021-08-23,-0.006930152367430997,-0.003004781049094074,-0.004735684608862423,-0.006316454269656768,-0.0022322023642155076,-0.002048173407701137,-0.009887676049487593,-0.006115453033328833,-0.005064691714886771
2021-08-24,-0.002921389933698948,-0.0009763403525229197,-0.0020958884385769982,-0.002680241747311074,-0.0024757212954859,-0.002264556501889947,-0.006579035110005793,-0.0032377255935558402,-0.0015512767857996934
2021-08-25,-0.002676267123972953,-0.0013401131049115556,-0.001958050975941039,-0.0030286986189062004,-0.003932197221015121,-0.003719861432142313,-0.006724584360081498,-0.0036683238564911846,-0.0016143352051021242
2021-08-26,-0.005709062041721835,-0.003987380188559042,-0.0048884008233639475,-0.006525123949834732,-0.004228990828119006,-0.005022221321487885,-0.010239260594884447,-0.006862038164124673,-0.005424073711382649
2021-08-27,0.0,0.0,0.0,0.0,-0.0005444889619514726,0.0,-0.00044956453513744776,0.0,0.0
2021-08-30,0.0,0.0,0.0,0.0,0.0,0.0,0.0,0.0,0.0
2021-08-31,-0.000555255791169107,-0.00018836170554037412,0.0,0.0,-0.0011705446832876998,-0.0020868716164533785,-3.0627796158699816e-05,-2.539915634369727e-06,0.0
2021-09-01,0.0,0.0,0.0,0.0,-0.0009048405979470431,-0.0013803882829838132,0.0,0.0,0.0
2021-09-02,0.0,0.0,0.0,0.0,0.0,0.0,0.0,0.0,0.0
2021-09-03,0.0,0.0,0.0,0.0,-0.0006573817981568864,-0.00218404734506783,0.0,0.0,0.0
2021-09-07,-0.006230574912896025,-0.004184066805603126,-0.004101741817942206,-0.005373761475669481,-0.004359282625682415,-0.0064907212354450294,-0.005066147655093389,-0.004915109320518418,-0.004815912718087456
2021-09-08,-0.006414366924508141,-0.004687693713360974,-0.0049471390857823705,-0.00657194211312484,-0.00306719999565197,-0.004241432916066379,-0.005263256110414893,-0.006489662643578864,-0.006447019959820222
2021-09-09,-0.007022638083523769,-0.005929332804358145,-0.00703124504388386,-0.007623555172400209,-0.001074228167478708,-0.0016309364182374164,-0.00586968751599426,-0.007744203371428227,-0.008073029867858184
2021-09-10,-0.008966440218927563,-0.009795939801831022,-0.010848041208997516,-0.011891750738455054,-0.0028010734653636238,-0.004907217615239601,-0.010328962641829031,-0.012054728527417069,-0.012723621119558493
2021-09-13,-0.005489405947423753,-0.0069453762817581755,-0.007978432573603311,-0.00792936198888694,-0.0010928388355708751,-0.0022668774132089675,-0.00680237211792567,-0.008387013325992454,-0.00909535319189736
2021-09-14,-0.005660850903164816,-0.007511719815697759,-0.0092317860711294,-0.00883264353316704,0.0,-0.00025844468157387723,-0.007988947700405147,-0.009356683751074568,-0.010573336273302814
2021-09-15,-0.002464307907500629,-0.004857239336623964,-0.006131674954555133,-0.0058310192706664266,0.0,0.0,-0.005270706243968193,-0.0067022058443455546,-0.007101959474504094
2021-09-16,-0.007217920800568267,-0.007847426120101586,-0.00867146026152732,-0.010095851610385287,-0.0028031972233537594,-0.0020982404052640735,-0.009509171363610736,-0.010404073681251957,-0.010765411329788588
2021-09-17,-0.011327068139530216,-0.012690806004974964,-0.013576020113606813,-0.015667991747371546,-0.004734576686028502,-0.00608076190862239,-0.014643221123530226,-0.01616233842942516,-0.01664920571335593
2021-09-20,-0.016735216503817374,-0.018919359326562635,-0.02137361411275318,-0.02389027830375956,-0.003718675971822294,-0.007176889979676249,-0.023324207908552275,-0.02529149352115101,-0.026139365122605174
2021-09-21,-0.015044278224512375,-0.01751456477406954,-0.019821995879495735,-0.021667906804826442,-0.003250875702611511,-0.007039777225197885,-0.020997170182027514,-0.023083686164284578,-0.02407848076520802
2021-09-22,-0.009932882912602081,-0.012422632102580988,-0.014360063220647756,-0.015061262414347243,-0.0015516350283920621,-0.002965617053230063,-0.014447770521545,-0.016858255516553955,-0.017234092229235
2021-09-23,-0.008105881917802926,-0.011034083898887603,-0.011860188357329049,-0.013299321755572358,-0.005052024987124759,-0.006393612061513676,-0.012227308640686552,-0.015010486572111015,-0.014348002936587334
2021-09-24,-0.009976183668516714,-0.013576198512856075,-0.014510332247390512,-0.017199830717548492,-0.006526824638399598,-0.008589692362205303,-0.015345112019862772,-0.01881746107260529,-0.017803199441946527
2021-09-27,-0.008380365605559548,-0.014045258210971356,-0.014824465884593185,-0.016824903908901123,-0.006747494632588502,-0.009811977683357287,-0.01543626085399763,-0.018503476199774882,-0.017774235876773847
2021-09-28,-0.01954080380213219,-0.02512771499080313,-0.02596586737783213,-0.030344630388866478,-0.01195504025275762,-0.019820211600815596,-0.02946776562299136,-0.03147905987239963,-0.03212526587890285
2021-09-29,-0.020027698429858853,-0.02524073705793528,-0.026028060043975065,-0.030780135926315566,-0.011871551443738526,-0.01914422868112986,-0.0300485588453403,-0.032614852848178,-0.03256108114369938
2021-09-30,-0.01972761763725872,-0.026765833338790124,-0.027728496900782384,-0.03207387717990817,-0.010888273896665246,-0.020754116480633966,-0.032453504924527254,-0.0344089690644398,-0.03452959725269544
2021-10-01,-0.013358892074138762,-0.02093199052086625,-0.021837238762582922,-0.02501331731386558,-0.007781275398898946,-0.014648116592654525,-0.025563711711378834,-0.027795840130880878,-0.02740816423028669
2021-10-04,-0.015325650880446684,-0.02481238347770187,-0.025737689079410542,-0.029576035387146482,-0.008256503776775892,-0.017960794206039243,-0.03142432663969186,-0.0328345376560899,-0.03291027910634026
2021-10-05,-0.013482975754228854,-0.022567972712866813,-0.023392576122276965,-0.027569975618922382,-0.009257576152834734,-0.01828189910753164,-0.028870736785573947,-0.030468384935751214,-0.030034922867917313
2021-10-06,-0.01412732045569065,-0.02268219946292549,-0.023870522441410524,-0.028037769782637834,-0.008960961251686328,-0.017762352306705864,-0.029088802362611466,-0.030638425341332765,-0.03017690291988273
2021-10-07,-0.011082226811058304,-0.019409640735044698,-0.019947999600852806,-0.023851281391903623,-0.010242392048368187,-0.018619637134305922,-0.025784589044617445,-0.02669444914584662,-0.02531966712874989
2021-10-08,-0.013220374599268947,-0.021644468902016545,-0.022349148080985426,-0.026555419383897605,-0.011739355737520163,-0.021823444787483104,-0.028645681365287445,-0.029468430482097352,-0.02809278520650904
2021-10-11,-0.014808755173897015,-0.023626699154758124,-0.02416608560590383,-0.028871439319354097,-0.012755898945223443,-0.024490754465896547,-0.031081374313893795,-0.03194788381747926,-0.030690978673515557
2021-10-12,-0.011865642907782803,-0.02127455978680659,-0.0217676786660167,-0.025440367154061616,-0.009692298165138613,-0.02021199074317026,-0.027850550455504997,-0.028682434540079127,-0.027926780289268205
2021-10-13,-0.005542546854414354,-0.015926017331197362,-0.016218344984462396,-0.018118035099409346,-0.006213476267895146,-0.01595546123806213,-0.02106789067035042,-0.02216012548177726,-0.02090394782916205
2021-10-14,0.0,-0.008552204393499796,-0.008702647990315837,-0.009569943767939626,-0.0035334914306922593,-0.009602841638387316,-0.012449603488809413,-0.014321687238230574,-0.011666347346490857
2021-10-15,-0.00039951488634470955,-0.007819652613522132,-0.00815346413297302,-0.009012060315308656,-0.00551869705476582,-0.011016000104097867,-0.013001706408763414,-0.014539022357138442,-0.010500319555703408
2021-10-18,-0.0001376432561120966,-0.007510254702767671,-0.007804295597023114,-0.008873330008073221,-0.005415964957315111,-0.010466173127358869,-0.012898137560718892,-0.014301452025636374,-0.009795610732060811
2021-10-19,0.0,-0.006012457816540362,-0.00581878462968044,-0.0070442156579596515,-0.006991904489651146,-0.012572124394782613,-0.01265870203228936,-0.012918025921096699,-0.007290093466686964
2021-10-20,0.0,-0.003261293694451939,-0.0026051342873915084,-0.0038282711334799435,-0.006798510094280563,-0.0129779814097859,-0.010775220948152975,-0.009952872579887195,-0.004009528012250851
2021-10-21,-0.0014790926619829836,-0.004830788282501608,-0.003872061549938466,-0.005744825320870062,-0.007999456836861318,-0.014784619675224597,-0.012435298551692342,-0.011436666064896683,-0.005262985550953614
2021-10-22,0.0,-0.0036781500487496066,-0.0032649048989540352,-0.0038663173529169814,-0.005998209174379876,-0.012965305838627206,-0.010205295822079852,-0.009829013033317069,-0.004200541481792608
2021-10-25,0.0,-0.00040601216507551996,0.0,-0.00010232097172069299,-0.004872275930052794,-0.01096011090337523,-0.006928273533161833,-0.006440118421360608,0.0
2021-10-26,0.0,0.0,0.0,0.0,-0.00391388050027619,-0.008518381169828282,-0.006254611353799566,-0.006048289280478403,0.0
2021-10-27,-0.001179078097960029,-0.002154692629088628,-0.0031708910434665727,-0.0023125920570438163,-0.0016654962910235271,-0.005410482148387463,-0.007437443379259667,-0.008046853592740821,-0.002842435486810735
2021-10-28,0.0,0.0,0.0,0.0,-0.0015708242110175075,-0.004172766057435773,-0.00269279863093963,-0.002616740168072562,0.0
2021-10-29,-0.0020506722116712117,-0.002192132266956248,-0.00242365605082695,-0.0031878723970313327,-0.0020654621020925745,-0.004119160558476831,-0.005033684676765127,-0.005222750728625103,-0.0026161812563935127
2021-11-01,0.0,0.0,0.0,0.0,-0.002163611181491887,-0.004535778482059438,-0.001889810207276077,-0.0008372646592746946,0.0
2021-11-02,0.0,0.0,0.0,0.0,-0.0008665098213695988,-0.0013931361582130153,-0.00017801651039195399,0.0,0.0
2021-11-03,-0.0019878390538988766,0.0,0.0,0.0,-0.003568315966700153,-0.0034103458082509475,0.0,0.0,0.0
2021-11-04,0.0,0.0,0.0,0.0,-0.00045845490400964195,0.0,0.0,0.0,0.0
2021-11-05,0.0,0.0,0.0,0.0,0.0,0.0,0.0,0.0,0.0
2021-11-08,0.0,0.0,0.0,0.0,-0.0003980037921634816,-0.0015939097599015906,0.0,0.0,0.0
2021-11-09,0.0,0.0,-7.792574197906799e-05,0.0,0.0,0.0,0.0,0.0,0.0
2021-11-10,-0.006708432249529772,-0.006855886629026919,-0.007316794290522455,-0.00864997967153025,-0.00424745393907322,-0.009854445598013295,-0.008194902287738781,-0.008387882667211355,-0.008841401098938606
2021-11-11,-0.0044802221057695935,-0.004663668471817095,-0.004888837950584035,-0.005595398453355771,-0.004288585619119378,-0.011029170797864585,-0.005542871093837776,-0.005210930250514889,-0.0056958880774691245
2021-11-12,-0.003229040301088504,-0.002511133340128313,-0.0026643492003866065,-0.0036135601827481656,-0.004164827801615534,-0.00995016245976632,-0.003339558330234138,-0.0034357709556375182,-0.003092346792177292
2021-11-15,-0.005425949756619475,-0.003950614747951997,-0.003714213904431829,-0.005962868166136559,-0.00666566324522011,-0.01410436863414477,-0.0057658764800812,-0.005637048115061161,-0.004958841461598862
2021-11-16,-0.006240851709590101,-0.004044201147614834,-0.0038394301376455386,-0.006614025131110424,-0.0074581640002747696,-0.014110816219035649,-0.006275476750352449,-0.006221977810484947,-0.00499611810465006
2021-11-17,-0.005950526791286381,-0.004250712995595318,-0.004590553841202993,-0.00691614287049358,-0.005821833117999331,-0.012538145096582465,-0.006350453816969415,-0.006526718036774404,-0.005718053643959831
2021-11-18,-0.0047398422703288645,-0.0032080791861267555,-0.003863834059440019,-0.00655505242433152,-0.005049359061738645,-0.010582943343141027,-0.005764719456855971,-0.006063850559386963,-0.004764306039435895
2021-11-19,-0.006758988804964949,-0.004888555507157055,-0.006171412168984092,-0.008941522003431013,-0.0045478681565714885,-0.008857037626990527,-0.007297527518545066,-0.008003261667935857,-0.007027588177798805
2021-11-22,-0.013022293874755952,-0.010575171972670772,-0.01171607980821987,-0.015910269041586766,-0.009013934883298491,-0.01508702949734464,-0.014515594364475248,-0.014663252006848482,-0.013821235690790412
2021-11-23,-0.01453528108464397,-0.011561582010526261,-0.012108943460365618,-0.01726983269003568,-0.011538001647108054,-0.018685359394843726,-0.016680255505449937,-0.015537984547571937,-0.014923923541784623
2021-11-24,-0.01226945392166856,-0.009413647887348331,-0.010301221897233148,-0.014812089359378278,-0.009290764340308622,-0.014927693955888555,-0.014301425138826707,-0.013193275817471983,-0.012556446151355649
2021-11-26,-0.023384809614949487,-0.02195356519263425,-0.025818328572032145,-0.030359766449524872,-0.00862670873927407,-0.01544558413409558,-0.02999645025660369,-0.026641812125114517,-0.029706376021206182
2021-11-29,-0.021805828363613,-0.018672746665944095,-0.022363307171401448,-0.02674494601180799,-0.008694358505554112,-0.014416978781508494,-0.026005719944540595,-0.02233748438218308,-0.02478125472419823
2021-11-30,-0.02774404232545602,-0.02562832480287225,-0.03031366578690131,-0.034718273527669874,-0.008895127626620813,-0.01555930026756136,-0.03550880785289667,-0.030345957859691075,-0.03399133936619936
2021-12-01,-0.031463546744369464,-0.03033091536753474,-0.03592689236516189,-0.040000026372338904,-0.00877774673013243,-0.016861985154726145,-0.0403680418522806,-0.03680308350268313,-0.04058049479558401
2021-12-02,-0.025920626579840733,-0.022976965776454694,-0.027684918145005954,-0.03063310268682906,-0.007726356236066101,-0.013176035819087661,-0.030914618373832248,-0.027176245574596636,-0.03089596755737989
2021-12-03,-0.02679519838532829,-0.025576411051245973,-0.03130369883934492,-0.03327405634351799,-0.005205575789163919,-0.010840551665954656,-0.03206011515616081,-0.029796451286941306,-0.035004388927635355
2021-12-06,-0.023197372614193634,-0.020978546621511884,-0.0256210555096974,-0.027605876479311675,-0.006294800939106837,-0.011322330989090856,-0.02539165349539363,-0.024049085801420067,-0.028700269955417634
2021-12-07,-0.015044627048387493,-0.011280482268483882,-0.015109564286139965,-0.01644082063605401,-0.005197098183763904,-0.007512756783315089,-0.013016886700006003,-0.013440661400066056,-0.015973865886973138
2021-12-08,-0.01444045985623199,-0.010514510185509529,-0.01348721663998076,-0.015335556204321144,-0.007136802786853802,-0.009948369482741692,-0.012140755056519237,-0.01333951546674339,-0.014270437111812417
2021-12-09,-0.020150607092935924,-0.016027470217241158,-0.01996782460651647,-0.02273777131707233,-0.008194648162001106,-0.011916957808586703,-0.019308043708681222,-0.020361794832694957,-0.02251474426063027
2021-12-10,-0.01760654899201497,-0.01340305685938259,-0.017457795611611537,-0.019409538898003564,-0.007009728535822823,-0.009876059886420485,-0.01671441367115223,-0.017346408524885337,-0.01866566556316418
2021-12-13,-0.019009934817074803,-0.015578366738987048,-0.02028827142775491,-0.022035460207806112,-0.005179524948097924,-0.008345799399158471,-0.01879764596362532,-0.019280967185544062,-0.022411649735275874
2021-12-14,-0.024313546559381005,-0.020661213451499627,-0.025548281584055865,-0.028138695146647352,-0.007458469457693462,-0.012068365670535819,-0.024758521078165896,-0.025323194016622974,-0.028822068579769877
2021-12-15,-0.018690530533925664,-0.014302091762146474,-0.018872574849194024,-0.02147543738794322,-0.006952917920880597,-0.009424476164351714,-0.020410185535879255,-0.01882647899121148,-0.020692839021209886
2021-12-16,-0.021448086372306108,-0.017657021469370093,-0.02191981328727033,-0.02418628798084088,-0.006378527074077711,-0.011094478481995185,-0.02293416084854305,-0.02177805735844296,-0.025298171227554955
2021-12-17,-0.022916713150184176,-0.01956126107666667,-0.024003412516692912,-0.02616625224201541,-0.005738667386216534,-0.010755863787074604,-0.02498488941187471,-0.02361439063553039,-0.02765132170014295
2021-12-20,-0.028487105505244137,-0.025197334594891818,-0.029523722521198503,-0.03306946685581846,-0.008095309466702338,-0.015138694721315682,-0.03151557351317669,-0.03023189197140308,-0.03475858508634733
2021-12-21,-0.019624568462714875,-0.016587756167415812,-0.02040483827033135,-0.022745061202523287,-0.006681786110815047,-0.01070708877865234,-0.022210120649952758,-0.019977881342888915,-0.023379931708759627
2021-12-22,-0.013516891481199056,-0.010797795542012212,-0.014449111553974658,-0.01565378805238493,-0.004212110365366284,-0.006870642299231733,-0.016046008593813332,-0.013861759511661687,-0.015893584714722464
2021-12-23,-0.011525691153064566,-0.008770351234839713,-0.011990569199499035,-0.013199420572683196,-0.004605953501581217,-0.006765820506769771,-0.013745189074316322,-0.01197708288230237,-0.01292239527634742
2021-12-27,-0.0048746371484126305,-0.0023490341040084406,-0.005632672938858496,-0.005720018268023042,-0.002692943369105305,-0.0026064245307944045,-0.006425098512677696,-0.005492926252133268,-0.004542453343593711
2021-12-28,-0.00675456626254578,-0.003885563677904491,-0.007169475370414458,-0.007619768262700832,-0.0037714599162633755,-0.0039921752659080045,-0.008425080519354977,-0.00738118011527078,-0.006519538965330085
2021-12-29,-0.0073851819174785005,-0.004640779788244287,-0.007408805555207509,-0.008829489211280572,-0.0057732554282838855,-0.007546072955071592,-0.010118092386680488,-0.008627993207342755,-0.007209606130014645
2021-12-30,-0.006451329694487917,-0.0032539806786793246,-0.006110553993016632,-0.006784056517289194,-0.004084487189768948,-0.005760112512220417,-0.008241962245767565,-0.006838354576497174,-0.005833258945592834
2021-12-31,-0.0074609791689185245,-0.0040912554659839895,-0.00685140148276242,-0.007847438019174202,-0.004041713553180615,-0.0070310489707023915,-0.009476162241133235,-0.007860924360594601,-0.007209369203726501
2022-01-03,-0.009188459265845106,-0.0056336315917121516,-0.007631976361706649,-0.009840250096218695,-0.009160111215473443,-0.013074740390212058,-0.01158544113239579,-0.009717704818516748,-0.0077284181062948765
2022-01-04,-0.009333340477771013,-0.0061263800081374775,-0.007859018461956357,-0.009917052234860502,-0.009020481000128644,-0.014248451806754825,-0.011555169354730332,-0.009888978489341449,-0.008559564300020472
2022-01-05,-0.021139746054101405,-0.017865912649520532,-0.02022546101599787,-0.02378445485968128,-0.012438276025447559,-0.022746220290676744,-0.02528036578509807,-0.023478694372230158,-0.024009994465902573
2022-01-06,-0.021179334796815996,-0.018297951002080093,-0.020518377441395064,-0.02381684895479652,-0.013020122860357475,-0.02333249905351298,-0.025315739988566954,-0.023355218167939507,-0.02398457126907838
2022-01-07,-0.024231008659004627,-0.020776110962950067,-0.022724733415617426,-0.026411405877819205,-0.014538441238779232,-0.027351515720192232,-0.02858270956742992,-0.026323993489047792,-0.02715161783534681
2022-01-10,-0.02512797259914279,-0.021774288564364697,-0.024085358638282983,-0.02789293330765963,-0.014333074717860605,-0.027511773994552735,-0.029961821168997704,-0.027740309905432192,-0.028652588327179873
2022-01-11,-0.01731673921718324,-0.0142190726528022,-0.0159156679292789,-0.018298027361452918,-0.010758197105862677,-0.021889306475222026,-0.02100824268900514,-0.018635151363254665,-0.018982801164422747
2022-01-12,-0.015910114715796286,-0.012121415593971507,-0.013392845339643022,-0.015476133071915088,-0.010489165755360297,-0.021326700850418656,-0.018446499304665243,-0.016619484632380832,-0.016211434029004823
2022-01-13,-0.021482201152844826,-0.017714265942313512,-0.01942645699477641,-0.0215299944818933,-0.010677025670167928,-0.023040351725331587,-0.025017308682727557,-0.02221254338190992,-0.023763198622945847
2022-01-14,-0.022323606367985693,-0.0187204657696719,-0.019966541835005236,-0.023495844123725296,-0.013231399023957868,-0.027200903313761793,-0.02665500279179056,-0.023934141868370395,-0.024873854321959765
2022-01-18,-0.031707698521884375,-0.027873172787416967,-0.029226511710203074,-0.03535408608525492,-0.017260706556897487,-0.03637599980696793,-0.037893009069256745,-0.03593782342280172,-0.037419793140554325
2022-01-19,-0.03298433235972764,-0.029198852403695907,-0.030488762579092832,-0.0366813049014868,-0.015411625168910259,-0.03634504286799678,-0.039863421211840055,-0.038903883664544225,-0.03987508473117296
2022-01-20,-0.037312619835836,-0.03323069397485412,-0.034665526375869726,-0.04104076286235492,-0.015570288440647895,-0.03777035329679457,-0.04579446085762651,-0.043662926140756175,-0.04515564052981891
2022-01-21,-0.04240786650427708,-0.0386612319427988,-0.04036659169101253,-0.047006424505099176,-0.014430582137894499,-0.03735031102391839,-0.055138978091652135,-0.05089743911768785,-0.05281193863946976
2022-01-24,-0.041253501458149766,-0.0382565079345375,-0.03977072345297239,-0.04703873311957918,-0.01515635803713189,-0.03853763349625017,-0.055191359692281394,-0.05082932574292898,-0.0522201567368491
2022-01-25,-0.04556953446532863,-0.04215890123277233,-0.0432604497903738,-0.05157449302656658,-0.016025839688930565,-0.042277172420603804,-0.06044492579787286,-0.05602329699308761,-0.057700795311274033
2022-01-26,-0.05111440558710456,-0.047462021838704405,-0.04905421902443563,-0.05900445634857443,-0.019865586269872226,-0.04756057330187169,-0.06784486626297537,-0.06363876816378267,-0.0644667085519961
2022-01-27,-0.05463176453457008,-0.051240855064666135,-0.05381897014155068,-0.06355378364251563,-0.018684635182624643,-0.045940258943447665,-0.07117835074152445,-0.06946821697945349,-0.06955475464508853
2022-01-28,-0.0461647951500721,-0.04289730994518437,-0.0458755167669227,-0.054133561390755536,-0.017163984420689227,-0.040366834375488714,-0.061044178312274266,-0.05983592918542502,-0.058791985796376456
2022-01-31,-0.037091363193303195,-0.033729620679172734,-0.03621621898013161,-0.04268461381878985,-0.0159792413589096,-0.0368644603032382,-0.05350057458946489,-0.049221503903685515,-0.04625457944894129
2022-02-01,-0.03500537674406334,-0.0315133411244819,-0.03385276041534402,-0.03934577566399988,-0.015563423719721303,-0.03585911249389573,-0.05120014251890659,-0.04626192059575962,-0.04265455212822633
2022-02-02,-0.03265936589053775,-0.028864330590725906,-0.03143208469855163,-0.036055519550396986,-0.014190461609707272,-0.0335296105451629,-0.04851744508684874,-0.043630870285220835,-0.03902122046548706
2022-02-03,-0.042343174507278425,-0.037815415992357826,-0.04010617251963844,-0.04797442436078936,-0.017956894153940417,-0.0427485366585546,-0.060429372815740234,-0.05478517843624042,-0.052420308763176715
2022-02-04,-0.042498794013594354,-0.037658881607706585,-0.03984746162856034,-0.04879317120783888,-0.02047154068932644,-0.04687631416010296,-0.06194649417989828,-0.05540868903087537,-0.052057459769922154
2022-02-07,-0.04240445420806205,-0.03758574080581667,-0.03962925443149967,-0.0485187892600879,-0.019888841702822457,-0.04703244665877171,-0.06163916215783605,-0.05534564715536372,-0.05225064062932061
2022-02-08,-0.04115164334502319,-0.03671408026149536,-0.038691370539593484,-0.04644283475288924,-0.02094934418135974,-0.0484811554473763,-0.058964429073022795,-0.0527678399974586,-0.04949235010992714
2022-02-09,-0.03405702703928104,-0.0296312578360175,-0.031166327534361882,-0.03574447315719276,-0.018624744512558578,-0.04414785330408333,-0.04962634418534928,-0.042925690786704496,-0.0380901028537598
2022-02-10,-0.04154966139288463,-0.036695914547608455,-0.038231437804149726,-0.04859338881318154,-0.02435093330672633,-0.05311052790523374,-0.06113928833397975,-0.054909712268990774,-0.051148878258070796
2022-02-11,-0.04309706524560808,-0.03774605909095563,-0.039203368358373236,-0.05159869402960371,-0.02060073817756891,-0.048906107982473856,-0.06449611926473864,-0.06238457381016416,-0.05629135546909403
2022-02-14,-0.04462775539115871,-0.038975396327387446,-0.040300814961449216,-0.055361386408746216,-0.02285536430820445,-0.05281318470074958,-0.06903791947022342,-0.0661653214993384,-0.059387896020251296
2022-02-15,-0.041877771958355514,-0.03699584197718153,-0.03809085879332896,-0.049592010802939956,-0.02499048858172248,-0.0535077390117058,-0.062819951110209,-0.05872691639275063,-0.052432738411340774
2022-02-16,-0.04016630927949627,-0.03517917280251426,-0.03602065818463274,-0.046013335399760824,-0.022969448584260643,-0.052025615477096054,-0.05962595895778344,-0.055529816351650774,-0.04927265894567323
2022-02-17,-0.043841333587067766,-0.03805181168862659,-0.03898485199618407,-0.052681135207748864,-0.021712447275829994,-0.05127798432089559,-0.0677570420021929,-0.0632223771883399,-0.05762808186789903
2022-02-18,-0.04487945612295374,-0.039004886989220555,-0.04018409776931642,-0.05473440467538859,-0.020311735786273877,-0.050067494232795995,-0.07176550969324991,-0.066297521856447,-0.06039620766377973
2022-02-22,-0.04657238641623751,-0.04022867723185841,-0.041563042288569996,-0.05860605163025445,-0.020035164393147897,-0.05079918600220523,-0.07703406963284731,-0.0705381116899435,-0.06449159454735032
2022-02-23,-0.05250684851562315,-0.04493617657407012,-0.04605378331668353,-0.06759162022078391,-0.02304660405183978,-0.05713852778308848,-0.08701349251271784,-0.0798051006371967,-0.07387400840136649
2022-02-24,-0.047578505414201944,-0.041166417978143466,-0.04246250784346273,-0.06213726023446642,-0.0211801807214006,-0.05245344704519417,-0.08141917481132999,-0.0749701813636987,-0.06700255892699125
2022-02-25,-0.04250987234191206,-0.03701020897800522,-0.03847839290135391,-0.05281229960505818,-0.020485806235703174,-0.050179391807429696,-0.07497952318198042,-0.06717055071933342,-0.057504344922074235
2022-02-28,-0.04029596650692724,-0.03472941473181823,-0.036351522065723785,-0.050488006317155,-0.014810383946619265,-0.042832482626519064,-0.06899501208036662,-0.06340999732144015,-0.055581395400837064
2022-03-01,-0.0400658721914926,-0.0328238876693403,-0.034126118657043514,-0.051244453552725444,-0.010363058746711618,-0.03812609909717046,-0.0702354645411295,-0.06339112609545838,-0.05700082330354006
2022-03-02,-0.036735303491518545,-0.028247927187522226,-0.029069176675442066,-0.0471268096225006,-0.015119344344032615,-0.04403113331466668,-0.06359133205142486,-0.058205788280338844,-0.05074098813931127
2022-03-03,-0.03801014632815913,-0.029126465718366967,-0.02967576897026325,-0.049099940801338726,-0.013127123869736246,-0.042720880253322546,-0.06380478028866765,-0.05943709288891952,-0.05311331344102865
2022-03-04,-0.037400298996136394,-0.02651568145755001,-0.026289188405233643,-0.04936399348446252,-0.008400448239230696,-0.03924116346994633,-0.06408675698774136,-0.060305616173266574,-0.05326600200722764
2022-03-07,-0.04789664967960483,-0.035331461253571006,-0.03353027888929372,-0.0633313436855516,-0.010643958996311431,-0.049066459194211376,-0.07778802274891738,-0.07362249644130325,-0.06694203244313501
2022-03-08,-0.04709941973287601,-0.03344414424108799,-0.030775044037659405,-0.06188293435068648,-0.010664842388648399,-0.05311135263856437,-0.0776582973533082,-0.07229904891111183,-0.06507305183093459
2022-03-09,-0.045088529955389256,-0.03444907924110174,-0.03433120358886832,-0.0570850285471346,-0.015529074189674419,-0.0544660158305561,-0.06726085909515778,-0.06494400365889541,-0.06171043443058599
2022-03-10,-0.04985481851958429,-0.0396664286416224,-0.03897326934315726,-0.06443059194777445,-0.01948347905487091,-0.06166323612244917,-0.07437423280975697,-0.07117205147338657,-0.06850355033510169
2022-03-11,-0.054103123246109,-0.043525245244332766,-0.04269633285832375,-0.07094255795839666,-0.020124514944261818,-0.06390816443484237,-0.07916989078394321,-0.07945654005458436,-0.07513941849370975
2022-03-14,-0.06331952877178493,-0.05331847133615131,-0.05321763998490281,-0.0846115834517267,-0.028404380896737913,-0.07622308250579257,-0.09205086782664706,-0.09280972310818192,-0.08858850108472671
2022-03-15,-0.060782791847390105,-0.05175532481378353,-0.052179785007193114,-0.08028347586872331,-0.028704085560931736,-0.07509842907783693,-0.09020302177647077,-0.08788397110334012,-0.08366050662993585
2022-03-16,-0.05189380080184147,-0.04241314116295081,-0.04303139048877169,-0.06130446600533246,-0.024958323621627865,-0.07256904861531943,-0.07542205242173416,-0.07128033526571154,-0.06545615657240778
2022-03-17,-0.04635824989017756,-0.03640318735375325,-0.03638617596509197,-0.05198994808640289,-0.02195459340079353,-0.07044205417839378,-0.06711941079001804,-0.06419843804517622,-0.05508931875504541
2022-03-18,-0.04297259890097582,-0.03313785189908425,-0.03321422994565304,-0.045495669469552635,-0.01979451713501923,-0.06737717135589716,-0.06180262439525486,-0.05910298461547647,-0.04826075895409332
2022-03-21,-0.044582125796099215,-0.03420197395436464,-0.03424053896625223,-0.0499715760388606,-0.023317267707426148,-0.07402640067170618,-0.06713010600963687,-0.06480565304298103,-0.050877773048588426
2022-03-22,-0.04276642336760317,-0.032333131198039156,-0.03208524866016382,-0.046304678862822746,-0.02498489816808258,-0.07569888626789734,-0.06659757334861949,-0.06182510825580845,-0.046250457403937295
2022-03-23,-0.04297152528125958,-0.03219799969313075,-0.03282015153665796,-0.046993852720270124,-0.020715303351311887,-0.07227938919398236,-0.06408267522860223,-0.06058810581181906,-0.04790378335560619
2022-03-24,-0.04027625929505585,-0.029455413285166876,-0.029976732848915444,-0.04254073113928014,-0.02103389913434206,-0.07380639023187563,-0.05919896845260797,-0.05635771341786078,-0.04240475617238926
2022-03-25,-0.04131848504223856,-0.030298881925649335,-0.030083745311746957,-0.0445743720617634,-0.024415075322860913,-0.07946589844740515,-0.06225159037693451,-0.059582341292138574,-0.043253893791790676
2022-03-28,-0.04183245229267396,-0.031019263591323676,-0.030914731705467102,-0.04500964333642654,-0.025025327422697696,-0.07840101372304464,-0.06252059468896776,-0.059363262798042715,-0.04412533846890432
2022-03-29,-0.03532092527667163,-0.024251083829640696,-0.022748511874311705,-0.03208646927576431,-0.02150053134236929,-0.07341106909554462,-0.052661962432184795,-0.047409939335430584,-0.031164923780431786
2022-03-30,-0.035797863053229406,-0.02463074130564058,-0.024081769347055637,-0.033254247732443676,-0.019443561266997533,-0.07157718314528361,-0.05071434963933619,-0.04751653020795987,-0.033032424106922975
2022-03-31,-0.03983363839770693,-0.029130266901123525,-0.02911126052289803,-0.0414697240375036,-0.020699624088845847,-0.07236252829329037,-0.057150911085249056,-0.054531881691450845,-0.042008062479058084
2022-04-01,-0.03805081736900462,-0.027136329980075757,-0.026092893246849713,-0.03681686599599954,-0.020779931057720358,-0.07536644963980366,-0.052329982637530525,-0.049771752449694784,-0.037528149721845816
2022-04-04,-0.03476099905602348,-0.02344007017077243,-0.022696928604822197,-0.030808667906932374,-0.019158725452796066,-0.07336301978100201,-0.047485508441921453,-0.045358729943906884,-0.03062894122150539
2022-04-05,-0.04227772543746933,-0.030841368150370307,-0.030131086664979434,-0.044937225044308304,-0.02635247155060083,-0.08273576458071619,-0.06015286812401066,-0.058535204305082966,-0.04431086079491853
2022-04-06,-0.04639290495415194,-0.034673922521870515,-0.03361920229617488,-0.05210229920007514,-0.029284619855903582,-0.08665552803503795,-0.06534128679901818,-0.06357131857049647,-0.05183278187811913
2022-04-07,-0.04693231812373755,-0.03517183219303821,-0.034548571313265164,-0.05373222705020442,-0.030228712791313006,-0.08791912978529859,-0.06762942346935796,-0.06565888886125426,-0.05283690626585047
2022-04-08,-0.04858871369117068,-0.0366714200799364,-0.03564192107271913,-0.05631858967101966,-0.03223550714302026,-0.09149430829385108,-0.07075325208896399,-0.06880251599836518,-0.05523151623352118
2022-04-11,-0.0537504181667785,-0.04238216816498319,-0.040821359026052106,-0.06589666766605207,-0.03628367096691343,-0.09641540352066125,-0.07970294455592164,-0.07811975794527848,-0.06517743435136014
2022-04-12,-0.05231121251453408,-0.04087792538129398,-0.03894618981187725,-0.06338046490837324,-0.03392850724815144,-0.09308834567248137,-0.07818076631715798,-0.07668918552427928,-0.06249877622897371
2022-04-13,-0.04702121305460816,-0.035238301503358604,-0.03301773256871887,-0.053713245543717814,-0.03086307263237753,-0.08943116507434778,-0.06851657472462624,-0.068179352463829,-0.05201758771990994
2022-04-14,-0.051723369068010006,-0.04013994303606272,-0.03734238926230149,-0.0623921153965854,-0.035732853231618344,-0.09598874609289243,-0.07701117298289195,-0.07671473156558717,-0.0603348870502336
2022-04-18,-0.05244323291518094,-0.040634266007751885,-0.03790179915309522,-0.06407384230984015,-0.036554352815519664,-0.09749583479035806,-0.07884949883784187,-0.0787884146367267,-0.06125416902140168
2022-04-19,-0.05171035505273014,-0.03900144526044469,-0.036471756558663526,-0.06280829606791061,-0.03981509995331889,-0.10067617784369454,-0.07745024076518547,-0.07659108908332923,-0.058816141375790054
2022-04-20,-0.04975773694455399,-0.03718420050521953,-0.03418774233865152,-0.05865633409258908,-0.03594979961633882,-0.09684004420122871,-0.07222657982964431,-0.072831567797631,-0.0560426232529575
2022-04-21,-0.05524619757683713,-0.04293054628137116,-0.04004050166652695,-0.06889157122028555,-0.039521922357832695,-0.1023118741431347,-0.08240734015067841,-0.08223568098233247,-0.06633494734334688
2022-04-22,-0.0622138033816898,-0.05090731862421183,-0.04814028191205011,-0.08163061307250219,-0.0430507221431623,-0.10482252701150785,-0.09476409774664096,-0.096320248108405,-0.0804966996367995
2022-04-25,-0.06098805354306491,-0.049831219614788536,-0.04802800470722224,-0.08005525853648388,-0.04117136423878809,-0.10049386382085879,-0.09419689416679966,-0.09574595844379685,-0.07914216885290226
2022-04-26,-0.06667656322726034,-0.05639440154315056,-0.05477749151951117,-0.09070955034999362,-0.040651615645180605,-0.09947596761820432,-0.10571332916540388,-0.1060873261015467,-0.09106265650864243
2022-04-27,-0.06805787383685091,-0.057579628010722694,-0.05590196405883663,-0.09272349525905865,-0.04371582528617868,-0.10282598676040489,-0.1066330886761856,-0.10734897021311485,-0.09254555272199094
2022-04-28,-0.06185513484993699,-0.05027200103890328,-0.04876974331001371,-0.08147883237974074,-0.04121821191391506,-0.10060689381819998,-0.09758588878051055,-0.09515717183877637,-0.08004127005716877
2022-04-29,-0.07115149269913323,-0.06116176523675565,-0.05922593914579144,-0.09788205791349336,-0.04657011606204686,-0.10721433015138537,-0.11017970455621873,-0.1108913622054074,-0.09817745945890433
2022-05-02,-0.07184775287945877,-0.06192870476409862,-0.06025808067198324,-0.10005516569005835,-0.049621308098359185,-0.10983974066692048,-0.11492053153361392,-0.11596917696841846,-0.09879273085494322
2022-05-03,-0.07010942312431656,-0.06016605874935177,-0.05846935151394106,-0.09633481655505638,-0.04825973357461266,-0.10907488138593402,-0.11186145470799147,-0.11199538412303722,-0.09586641372429838
2022-05-04,-0.06146989716220519,-0.050679357440899464,-0.049060657625258686,-0.08099638526157704,-0.042562920896734635,-0.10194470539473688,-0.09813704524066447,-0.09710102740463245,-0.07915342334384812
2022-05-05,-0.07363303206355543,-0.0633525324464359,-0.06209431899393303,-0.10411897579507767,-0.05075800341878001,-0.1115382685079016,-0.11738707097335077,-0.11640923039588835,-0.10246053159577673
2022-05-06,-0.07748179148015266,-0.06715495131581395,-0.06620797934526634,-0.11172619800159445,-0.05400531477186643,-0.1156473494086383,-0.12521916900400176,-0.12616075712459374,-0.10948090967624602
2022-05-09,-0.08820236349352972,-0.0797056265238194,-0.07979393101097865,-0.1314796083767401,-0.056941629119291126,-0.11613413852327759,-0.14267969696321892,-0.14740024150399,-0.13173776550049043
2022-05-10,-0.0873346480911964,-0.07944524452823665,-0.07982966522224344,-0.13027459172844869,-0.055558179327572454,-0.11371648177835225,-0.14366560362607272,-0.1484106606823512,-0.13088771606068383
2022-05-11,-0.08857242962627032,-0.08062627758541663,-0.08113768618155259,-0.13235327812575326,-0.0524922611149522,-0.1116645160431522,-0.1473574514999344,-0.1540499345798776,-0.13372949411612445
2022-05-12,-0.08872639558776818,-0.08082941009185285,-0.0810986067937548,-0.13250682389681612,-0.05319084655600681,-0.1101199125261475,-0.1474821131180033,-0.1548628405693212,-0.1337847628020179
2022-05-13,-0.08293697429173197,-0.0742489506296321,-0.07349001520349407,-0.12123109322127879,-0.054186760079159346,-0.11021088248006106,-0.1384080360245531,-0.14354802954425872,-0.12124038747506516
2022-05-16,-0.08283393648075199,-0.07409769775904373,-0.0731868703619194,-0.12129805559356654,-0.05291594342760575,-0.10824827753467847,-0.1358917358847016,-0.1436757317287891,-0.12125665810311737
2022-05-17,-0.07968544947438339,-0.07076477973888418,-0.06901644628032921,-0.11468206173453932,-0.055145074640877034,-0.11094337019400169,-0.12951142750896094,-0.1380909426068777,-0.11406914981883409
2022-05-18,-0.08760390413222097,-0.07987227564748722,-0.07889123094568806,-0.12933616356142186,-0.05512955423447985,-0.11119685483510011,-0.13521632001594674,-0.14980965900888,-0.1313569515892432
2022-05-19,-0.08561134870500775,-0.0777014167664678,-0.07634058162753632,-0.1254322755536903,-0.05270625592247469,-0.10893874751300969,-0.1315835155057159,-0.14643066747514666,-0.127947331982179
2022-05-20,-0.08438032354838454,-0.07654448885348364,-0.07523305513340495,-0.12292171655031836,-0.0507262540687794,-0.10656238582891209,-0.12935315015204019,-0.14435591724746544,-0.1259795501163935
2022-05-23,-0.08131707551578116,-0.0730529491685219,-0.0714164094680595,-0.11754978650308145,-0.051676882146796,-0.10829690641354917,-0.1246837020475583,-0.14085770653646712,-0.11962330144806343
2022-05-24,-0.08116664096557635,-0.07298670681631192,-0.0721530431029036,-0.11755243732220677,-0.04767046225229765,-0.10453172689858481,-0.12399346789837895,-0.14033479788486836,-0.12089753647768209
2022-05-25,-0.07766636132343996,-0.06925082674542438,-0.06850197285281512,-0.11116163035959647,-0.045041241565289436,-0.10153683143018277,-0.11766035182455337,-0.13455134033707983,-0.11454288997468065
2022-05-26,-0.07292841492311075,-0.0641090652662637,-0.06316700028923583,-0.10256166208737649,-0.04342599962546212,-0.0993478012330612,-0.11065031244866819,-0.12815267600178026,-0.10524149353634227
2022-05-27,-0.06620613725196356,-0.05691882806063364,-0.055566286753630845,-0.09023011804003256,-0.04041788637836574,-0.09566785070037853,-0.10075256545525679,-0.11863675136942331,-0.0920224628229791
2022-05-31,-0.07023918318325051,-0.06087817290105968,-0.0594157363935226,-0.09700346115513969,-0.04573497603088428,-0.1019627967880723,-0.10876739163086624,-0.1262332764733125,-0.09832357562239213
2022-06-01,-0.07219849211620932,-0.06268084211111336,-0.061286174202744514,-0.1009292717942395,-0.04674428559581867,-0.10538485414792431,-0.11096732944553667,-0.13058577425096274,-0.10194087267628316
2022-06-02,-0.06543244905051537,-0.055553949335979014,-0.053377748577959294,-0.08862053471827558,-0.043570518641509515,-0.10195709725298874,-0.10144647262866036,-0.11972441544427137,-0.0885271719321955
2022-06-03,-0.0699274322099418,-0.06008579844667361,-0.058169344110029164,-0.09703704760652243,-0.04578539477790078,-0.10465936439509693,-0.10669232637342085,-0.12622962672469895,-0.09700800858681624
2022-06-06,-0.071004236845297,-0.06110710504630734,-0.05867328643790659,-0.09881703164965339,-0.04928887978567953,-0.10856298489937732,-0.1087418203997651,-0.1273973144775674,-0.09776629761492339
2022-06-07,-0.06737209490596274,-0.057399573972698126,-0.054664545235109885,-0.09207571569571937,-0.046172327091119514,-0.10537256902820424,-0.1021671398612306,-0.12101069082261828,-0.09098868868905252
2022-06-08,-0.07094032845981135,-0.060612398932232026,-0.05803708141889352,-0.09843795662621202,-0.04843987819069284,-0.10794412257683383,-0.10889604431877864,-0.12672703268038266,-0.09684700850514716
2022-06-09,-0.07694496763442493,-0.06661356463969581,-0.06458808464620691,-0.1099642716713013,-0.05032250204102806,-0.11059624596735762,-0.12059037275967666,-0.13908234002436937,-0.10865541988970406
2022-06-10,-0.08499173345275146,-0.07446749504782757,-0.07224615460784034,-0.12390947509647032,-0.05438815370373806,-0.11866318990687286,-0.13550781093675324,-0.153895407923072,-0.12302827680032569
2022-06-13,-0.10064696601571121,-0.09043546235003752,-0.08858571381907843,-0.15259856578286557,-0.06676121376376676,-0.13275820337398425,-0.16441287688797723,-0.18440063094998005,-0.1506881125802506
2022-06-14,-0.1027535605370904,-0.09233741990495914,-0.09068347589523629,-0.15595730165307164,-0.06974529767461302,-0.1370022940196085,-0.1666466939782577,-0.18353602250107826,-0.15412097247427725
2022-06-15,-0.09516658109361298,-0.08472951578439347,-0.08324365020281377,-0.14253582213735827,-0.0626690231625644,-0.12751795239457853,-0.15409594812907512,-0.17075118835434977,-0.1416353134366105
2022-06-16,-0.10212889028223782,-0.0916360124559179,-0.09088876835106807,-0.15564342813277587,-0.06268563488187195,-0.12702790424800292,-0.1690209464761836,-0.1807340266906734,-0.15515038778904267
2022-06-17,-0.10249445572163207,-0.0927445118577106,-0.09240223022688954,-0.15606294182179614,-0.06358656683731467,-0.12709387427158136,-0.16659938928842932,-0.18038152717995193,-0.1568281085825679
2022-06-21,-0.09975904965725568,-0.08982619184258256,-0.08895105186808194,-0.15083332522001358,-0.06585476733025075,-0.12865822526395754,-0.16331275658677014,-0.17380223638703463,-0.15076805164203833
2022-06-22,-0.098885051314899,-0.0896249811569575,-0.0891614914205443,-0.14969248788717016,-0.06189232470374484,-0.12282962142977494,-0.16077266973632354,-0.17160325897150475,-0.15089646807284574
2022-06-23,-0.09672284544632825,-0.08785197561289737,-0.087357087460332,-0.1456092774943375,-0.0602961998044389,-0.11934093853205296,-0.15795569881733895,-0.1673858537484184,-0.14764004351453885
2022-06-24,-0.09010838074877126,-0.08098684700162584,-0.07965010751778034,-0.1334232308450536,-0.05982654803052878,-0.11836473115518864,-0.15358152600442787,-0.15887501091203582,-0.13453747587670895
2022-06-27,-0.09200019670947901,-0.08290542885587104,-0.08110173263779397,-0.1366608595086114,-0.06257707852533545,-0.12218135074878556,-0.15728733168805076,-0.16227384342852091,-0.13750464913273752
2022-06-28,-0.09561815680432295,-0.0865409846572841,-0.08526607175754553,-0.14312243119884482,-0.06326632677307265,-0.1233369361007467,-0.1609251500806863,-0.16854181272687563,-0.14448184849397094
2022-06-29,-0.09606809891505808,-0.0873604069097288,-0.08659825492546924,-0.1441161807841972,-0.06130702325490045,-0.11970622228632055,-0.16300812270290188,-0.16980711177672014,-0.14639497409517832
2022-06-30,-0.09844104206170046,-0.09036223676321242,-0.08970505370986137,-0.14828465525730394,-0.06148847659968992,-0.11760717136914323,-0.16552885408693707,-0.17238318271093156,-0.15203464318805915
2022-07-01,-0.09475531066591125,-0.08668007017390655,-0.08619871831531256,-0.1418554059184568,-0.05745610886440755,-0.11094126811999161,-0.15962183130403984,-0.1664853870555174,-0.14593139276806488
2022-07-05,-0.09811236412864066,-0.09110296028294351,-0.0899588245030627,-0.14778157119812863,-0.05996431943791114,-0.11036374720838404,-0.16355905083766964,-0.16966320395997436,-0.15296109099672472
2022-07-06,-0.10074460667247542,-0.09403325606645474,-0.09286616508487944,-0.15271974641494324,-0.06442565240784137,-0.11510204242518929,-0.16998880026270635,-0.17470087054007644,-0.15724367995642086
2022-07-07,-0.09532666438960047,-0.08793013639110592,-0.08665594285492662,-0.14274746252599135,-0.06255401499878022,-0.11505010378957825,-0.1627840285811979,-0.16669621564277026,-0.14622907543718333
2022-07-08,-0.09537849529076359,-0.0877630377847537,-0.08671698375425307,-0.14302931325535795,-0.06355559239645814,-0.11744170184652525,-0.16308648267663772,-0.16783035332173835,-0.14577234909105274
2022-07-11,-0.09817051155356216,-0.09094192534038326,-0.09110429533682529,-0.14895334278645245,-0.062301717262173595,-0.11508694364800831,-0.16819002432053431,-0.17192231010120085,-0.1523656875215854
2022-07-12,-0.1006966043189208,-0.09395104774747098,-0.09398215256820908,-0.1535843633432853,-0.06346429098297146,-0.11577026746742924,-0.17188298146201886,-0.1758158753333331,-0.15855826847010657
2022-07-13,-0.09989539346012366,-0.09321910479419382,-0.09372457923537747,-0.15240534729106436,-0.060984039014553515,-0.11320288896497555,-0.1710967355097628,-0.17449349942666748,-0.15774028486918423
2022-07-14,-0.10309986635921076,-0.0964969267453335,-0.09737491804752696,-0.15850981688229215,-0.06414938539742066,-0.1165596747183072,-0.17723187299775012,-0.17977907358870993,-0.16323372381339685
2022-07-15,-0.09774681126813878,-0.09107451947629508,-0.09147497955963912,-0.1489180127449744,-0.06078381380001041,-0.11254515079769578,-0.16881154604283732,-0.17082610207381632,-0.15343068900028334
2022-07-18,-0.09878601619675553,-0.09233689490426467,-0.09248176166131261,-0.15075710155388966,-0.06265036158442217,-0.11448835734632778,-0.1704297045159897,-0.17322440998488686,-0.15491397299950949
2022-07-19,-0.09216423873353219,-0.08541276605146964,-0.08398162367724704,-0.1383771901310934,-0.06110280405022783,-0.1140050243356342,-0.15723401878423537,-0.1605732058790147,-0.14193965206400094
2022-07-20,-0.09125500111887808,-0.08451667290614695,-0.08291801321104408,-0.13699613845833847,-0.060903394701393165,-0.11353416347567846,-0.15579599931665522,-0.15912226861539314,-0.13992218227550057
2022-07-21,-0.08686596196136442,-0.07951976146161244,-0.07839258726402454,-0.12903007651580845,-0.0556185520678284,-0.10647081663496805,-0.1482797242331192,-0.15195348066102055,-0.13302862977673213
2022-07-22,-0.08776964985442037,-0.08046033442061329,-0.08020802314777442,-0.13083816377429291,-0.053166414810014495,-0.10194706588813784,-0.15062177789184994,-0.15276985953790645,-0.1362262356502273
2022-07-25,-0.08749161541561157,-0.08053390263351567,-0.07964204119589158,-0.13034027758102817,-0.05465655036163841,-0.10395671185913546,-0.1495146242674683,-0.1525082856460599,-0.1353084185122294
2022-07-26,-0.09015921319981024,-0.0834639710707118,-0.08248849611523101,-0.13495446867338345,-0.055537462231847856,-0.10522815691224963,-0.1534487864158547,-0.1566742374774288,-0.1402557103046398
2022-07-27,-0.08232162306035706,-0.07537065076200011,-0.07389342984538827,-0.12152702847465136,-0.051789443959683656,-0.09991698929325699,-0.14210654344046514,-0.1438668632557769,-0.12566200217806722
2022-07-28,-0.07743928870853611,-0.06971931256210884,-0.06757294212149312,-0.11222468118559326,-0.04751070234889643,-0.0935857278399832,-0.13399004241779677,-0.13592028974100612,-0.11666512072777868
2022-07-29,-0.07434892492748002,-0.06663183496284719,-0.06453726150417294,-0.10743090372489383,-0.04633055054469515,-0.0918708577499433,-0.12999901730793473,-0.1319755912441628,-0.11109363220495216
2022-08-01,-0.07415172889980193,-0.0663885626344094,-0.06509512261395767,-0.1075527307580888,-0.04361672807344319,-0.08944100124346965,-0.12978724935454133,-0.1315097433150626,-0.11225230837001388
2022-08-02,-0.07844321224935935,-0.07083367249450401,-0.06906490602576498,-0.11551400794333555,-0.049032980182991404,-0.0975778865345669,-0.13742492705114184,-0.13882122479507408,-0.11925589987407181
2022-08-03,-0.07402167781485025,-0.06570510250551942,-0.06441945744994482,-0.10757064425363161,-0.04497940589386562,-0.09324688490283184,-0.13104945539275958,-0.1318314835264185,-0.11124007400372604
2022-08-04,-0.07298579197910604,-0.06436898083891396,-0.06288414350240379,-0.10554644832024995,-0.04345801399321092,-0.09047516914384102,-0.12964621797202458,-0.1304571016348024,-0.10965848720169369
2022-08-05,-0.07648432928581372,-0.06769618492421992,-0.06512721593627513,-0.11130432083198616,-0.04960649742969325,-0.09924440697481596,-0.13512227780787012,-0.13619135045831976,-0.11457900713097124
2022-08-08,-0.07384930993961125,-0.06524564435442737,-0.0622268631291365,-0.10641247928390729,-0.046047501699552074,-0.09575244551717965,-0.13026511692159393,-0.13170466542263792,-0.11022199973657432
2022-08-09,-0.07542407554377084,-0.06707812101212896,-0.06401410020830223,-0.10938955154787056,-0.04726784825199193,-0.09817129041168038,-0.13317587918659535,-0.13475820657216797,-0.11308426980722952
2022-08-10,-0.06903524888273527,-0.060187902983315666,-0.056314386480788015,-0.09770769226354303,-0.04482420231274742,-0.09433629346794037,-0.12317263615434615,-0.12327837295140331,-0.10055403735350688
2022-08-11,-0.07039416618551653,-0.06191811068384567,-0.05696029805259961,-0.09991042006165396,-0.04835439579422807,-0.09808145354505127,-0.12681718943469034,-0.125991875332378,-0.10173217410898472
2022-08-12,-0.065336067081889,-0.055949504235906944,-0.05057201207600748,-0.09010318429067465,-0.044348810883316436,-0.09393190273261698,-0.11865797122761934,-0.11639297119634329,-0.09193367284525034
2022-08-15,-0.0659498340090563,-0.05615406295833225,-0.05106311488081672,-0.09133098937257222,-0.045328537864457896,-0.09243895321180429,-0.11945022726104382,-0.11784359143054846,-0.0927827624689136
2022-08-16,-0.06701609161963329,-0.056991700461881956,-0.052006513261330545,-0.0930408658004428,-0.046105607521822356,-0.09386542723059987,-0.12087351759750242,-0.11971491622421626,-0.09464734562112675
2022-08-17,-0.07087682391485206,-0.06114691727445898,-0.05629662840214189,-0.1000663327855833,-0.049757081001837844,-0.09907253929999205,-0.12743650676996254,-0.12634317007468032,-0.10132324486632205
2022-08-18,-0.06978026392321635,-0.06062933100867096,-0.05590467028369961,-0.09883244585417539,-0.04855402879753279,-0.09729936492391489,-0.12648537315014519,-0.1256564695179888,-0.09967798484605805
2022-08-19,-0.07576122390526463,-0.06718935446587537,-0.06275917177228052,-0.10985329205088368,-0.053645071867602145,-0.1045435354068015,-0.13713039470049315,-0.13558169237855833,-0.11039651830236663
2022-08-22,-0.08113823408846932,-0.07376655996807402,-0.06969418268782279,-0.12015966267476352,-0.056566724511521116,-0.1088915832751326,-0.14729483934022392,-0.1470885043201715,-0.12110987757625813
2022-08-23,-0.08057904172110952,-0.07371282368272658,-0.06928762265221544,-0.11940672258557539,-0.05603851204729582,-0.10942435990722132,-0.14772471871244186,-0.14704147488444363,-0.12010936626058488
2022-08-24,-0.0796968994174887,-0.0727107022313277,-0.06772437394494779,-0.11783414881782817,-0.05645904844466376,-0.11060696712704043,-0.1464359757784608,-0.14608755248685323,-0.11786888417832087
2022-08-25,-0.07521805614498112,-0.0671625394036196,-0.062179650524387675,-0.10873116534110028,-0.05278446016763627,-0.10576530731825728,-0.137162791778617,-0.13732717396306626,-0.10950004045291106
2022-08-26,-0.08308647422884563,-0.07656397842756091,-0.07206335747627213,-0.12344242953375728,-0.055658268986303994,-0.10970514681844046,-0.1519419161182307,-0.15020848771666362,-0.1254448802777599
2022-08-29,-0.0849489957017493,-0.07897366608952172,-0.07418479504226605,-0.12732695295884233,-0.05749397862307204,-0.11312896601283862,-0.15617045438779675,-0.15445755125385263,-0.1288132479280092
2022-08-30,-0.08920264542852196,-0.08374387318542498,-0.07978259629066597,-0.13527688480778766,-0.05962897382213139,-0.1150086020720753,-0.16285101736581864,-0.16191225428223044,-0.1376131972570268
2022-08-31,-0.09301155621688895,-0.08719092045616328,-0.08313895967436247,-0.1414599759891566,-0.06360820175461246,-0.11876780639295115,-0.16837984260237793,-0.16711795901395543,-0.14396395197911294
2022-09-01,-0.09635797255334044,-0.08990733780147886,-0.08656853743172133,-0.1476607093038168,-0.06780824216968417,-0.12361347794803024,-0.175185774050432,-0.17274792419341878,-0.14965579481262392
2022-09-02,-0.09736225891674632,-0.0917523962218677,-0.08851087704033633,-0.1501719449917156,-0.06632994721057461,-0.12147888982001087,-0.17540729061329496,-0.17670440014031685,-0.15269548100069164
2022-09-06,-0.1007058029734732,-0.09489362981766991,-0.09165189619949132,-0.15655680182549692,-0.07179057361047703,-0.1284166458257171,-0.18113020460023832,-0.18323165627483762,-0.15823976637873027
2022-09-07,-0.09577489343599455,-0.08900748518569745,-0.0859715476977081,-0.1471492493526927,-0.06723105809222674,-0.12334998611450276,-0.1727312581790662,-0.1735204458726135,-0.1495759364916338
2022-09-08,-0.09534920738837926,-0.08851677971428928,-0.08550995338191625,-0.1468545461583307,-0.06846250885571226,-0.12474004552219442,-0.1730144541998263,-0.17392185178002784,-0.14854952593072668
2022-09-09,-0.0893094977560367,-0.08218122782036508,-0.07854439658384749,-0.13613191690165183,-0.06557499719621662,-0.12212294041050142,-0.16282492449787822,-0.16430784910387108,-0.13702646657198114
2022-09-12,-0.08620734910285743,-0.07854165327780205,-0.07418326284114907,-0.13021321312595013,-0.06523138926704464,-0.12210235303644978,-0.15831336951028518,-0.16021847157561186,-0.1304060264216984
2022-09-13,-0.09740538676010835,-0.09155326149230003,-0.08820141207621002,-0.15142589002834272,-0.07030349905111988,-0.12937027578997162,-0.17558890713115882,-0.17808500872443123,-0.15301311707805598
2022-09-14,-0.09644474510169088,-0.09069080564665855,-0.08751475963561939,-0.1498032652829775,-0.06926872457923772,-0.12824936401127018,-0.17501811624763308,-0.17919490154196716,-0.15129178114363395
2022-09-15,-0.10208431152531483,-0.09669317403871036,-0.09396149790775399,-0.1594605891805151,-0.07317535746289905,-0.13230351666160634,-0.18441677292236536,-0.18753795419659225,-0.16166547260849373
2022-09-16,-0.1035463170097718,-0.09835707450215936,-0.09599317806956886,-0.16282495727711754,-0.07394279215382227,-0.13243949141823652,-0.18779144086039745,-0.19183898512896225,-0.16507992411022887
2022-09-19,-0.10201486581903729,-0.09668224149687088,-0.09422997596783544,-0.16016117280173103,-0.07310296816488848,-0.13298937918665021,-0.18544074576717906,-0.18907858374570208,-0.16216226768075215
2022-09-20,-0.10661084702982315,-0.10164593541231759,-0.09930991987054194,-0.16878296979721508,-0.07672816958873663,-0.13727893521367518,-0.19320785327287737,-0.1971082273592697,-0.17029935597281654
2022-09-21,-0.10915920068723084,-0.10508055579828612,-0.10333707048087515,-0.1740566768040661,-0.07518931967714948,-0.13647951447254436,-0.19886899330815788,-0.20431234831366896,-0.1765276998317098
2022-09-22,-0.11359514691351835,-0.10960380012660687,-0.10800189582251107,-0.1824687671830073,-0.0808029721322362,-0.14520172920507468,-0.20680743317870265,-0.21274215140678243,-0.18414336335590042
2022-09-23,-0.12075494265194031,-0.1171961527614902,-0.11655818771933835,-0.19528429608439724,-0.0842195111388514,-0.14721775777207402,-0.2188984213666192,-0.22606723708120258,-0.1974416005903249
2022-09-26,-0.12759701081614216,-0.1241875951339726,-0.12369307020897169,-0.20753843484032974,-0.09138397200012538,-0.1571948988317956,-0.230178538727015,-0.23747370351336738,-0.20888328572159287
2022-09-27,-0.12947361735560703,-0.12614411953033056,-0.1249396236930882,-0.21134469797939615,-0.09521148564995063,-0.16077725904950624,-0.23394650185072074,-0.24137932992276756,-0.21152561455330543
2022-09-28,-0.11914365709192842,-0.11582795548183433,-0.1143751035797248,-0.19377578614614044,-0.08432410762404685,-0.14673130439305504,-0.21833001736581714,-0.22636901377237728,-0.1946351816561499
2022-09-29,-0.1252629942750365,-0.12281082165590806,-0.12173877218847551,-0.20511052854235512,-0.08749975842696134,-0.1514034138940662,-0.22915860737631222,-0.23396318293837826,-0.20619441226027613
2022-09-30,-0.1280107085347767,-0.1256002576083206,-0.12438823189175208,-0.20980115652092202,-0.09043034838942843,-0.15416235319347482,-0.232054423929141,-0.23844903301121811,-0.2113459245128937
2022-10-03,-0.11896123688720317,-0.11626595942223372,-0.11458612318574823,-0.19422481975721606,-0.08232835368430114,-0.1450774469093471,-0.2176941548094813,-0.22350054874527014,-0.19585928543656905
2022-10-04,-0.10901507172997016,-0.10558415286268441,-0.10296472434509252,-0.17664622499964666,-0.07762567661786379,-0.14047957538601852,-0.20112592021777953,-0.2136460582403188,-0.17785606476966265
2022-10-05,-0.11103892559462114,-0.10775113423668192,-0.10504208383118863,-0.18063632741897817,-0.07991966385652449,-0.1449861025810102,-0.20456578034545336,-0.21752378463981825,-0.18078118901538265
2022-10-06,-0.11419559741075447,-0.11130226622647166,-0.10848369503403421,-0.18653980978635754,-0.08144346338771469,-0.14802438329410705,-0.20934231680390147,-0.22399589656585583,-0.18619006955944817
2022-10-07,-0.12127504294219249,-0.11944821033243747,-0.11689540796154552,-0.19966260451223006,-0.08580928367258034,-0.15317585106243536,-0.2236835754129679,-0.23705882915321552,-0.19926771582691372
2022-10-10,-0.12583677483796119,-0.12429670902272572,-0.12181342425314678,-0.20775684019143503,-0.09083726946805604,-0.15764563690621092,-0.23107832786008775,-0.2445541550150343,-0.20694609364708372
2022-10-11,-0.12731764303041038,-0.12589708572204727,-0.12383168507168629,-0.2107294120185157,-0.09116455221958986,-0.15769911041542217,-0.2326566595202073,-0.24855415956770532,-0.21053625117259267
2022-10-12,-0.1274494792434573,-0.12614464744514053,-0.12403707304830447,-0.2110557708352453,-0.09007165535499428,-0.15618209888212875,-0.2328984688458937,-0.24855799932671963,-0.21099307198384087
2022-10-13,-0.12298910088060466,-0.1212515429276888,-0.11879207619425136,-0.20359484799683591,-0.08998320620463263,-0.1561669649456815,-0.22685888903721596,-0.2425441995568004,-0.20243867803160676
2022-10-14,-0.1304033298977575,-0.12919771910948563,-0.12746295243569772,-0.21643315308933675,-0.09469422055756138,-0.16180199596666078,-0.23715728949190829,-0.25385579898324606,-0.21589937746530652
2022-10-17,-0.12346991854084322,-0.121169103260795,-0.1188223055837615,-0.20375834722335018,-0.09271242194149054,-0.1588239744537795,-0.22604911092060154,-0.23717244881226607,-0.20318126089339883
2022-10-18,-0.12128378742039014,-0.11872465402287036,-0.11649317591839481,-0.19984549485153724,-0.09124761835023742,-0.1569571877611612,-0.22362188361655277,-0.2342720379497536,-0.19951546261293163
2022-10-19,-0.12645194166136342,-0.12425137066420666,-0.12230950212421787,-0.20977796713968266,-0.09651744398603845,-0.16308771723400084,-0.23287795094911534,-0.24320383223097153,-0.20823134018423484
2022-10-20,-0.12894874402601042,-0.12670981003147097,-0.12464636315298039,-0.21413284793115295,-0.1000402531592276,-0.16738241985901103,-0.23757597399499286,-0.24704876845389356,-0.21221269594508863
2022-10-21,-0.12401882782584017,-0.12134865881596024,-0.11875618756906037,-0.20586056470462732,-0.0986774345845709,-0.16437509186002275,-0.23111312465174638,-0.23892735291222023,-0.203161135917869
2022-10-24,-0.12353944622750224,-0.12123200725376682,-0.119196890909812,-0.20720522006175401,-0.09918616291798943,-0.16426156404415015,-0.23118618753082343,-0.23964509715511517,-0.20307459983698462
2022-10-25,-0.11556923325899626,-0.11304476556549403,-0.11076229909977497,-0.1935987842425333,-0.09261074169432515,-0.15617093623039024,-0.2185895147766459,-0.22720883453742224,-0.19016258459394697
2022-10-26,-0.1142512377958107,-0.11175386471577031,-0.10919366818287479,-0.19008319891143743,-0.08965136304891586,-0.1541119055666339,-0.21563298867120906,-0.22400400029336598,-0.18791806456569915
2022-10-27,-0.11475244910056548,-0.11234646783268998,-0.11011179238602808,-0.19072363402850412,-0.087689476192645,-0.15141188123149296,-0.21615490245956803,-0.22389604097027227,-0.18940629067742332
2022-10-28,-0.1110089767334419,-0.10833322727594774,-0.10604306201360059,-0.18541213592032513,-0.08819059935472007,-0.15207888087007704,-0.20818440617143263,-0.21914029548807445,-0.18303468310077253
2022-10-31,-0.11425507933819634,-0.11175747468556596,-0.10908223432007669,-0.19075845179392115,-0.09155319659145733,-0.15566968615614762,-0.2137602343397016,-0.224318948695572,-0.18828678080931316
2022-11-01,-0.11243434037507016,-0.10976662670116832,-0.1070888905980184,-0.18668394089046791,-0.08880385737046137,-0.15525610964342684,-0.21031559944512224,-0.2211870108696785,-0.18506711764401762
2022-11-02,-0.11897543757851825,-0.11674725878103143,-0.11482280342945539,-0.19758900587072892,-0.09146048567147036,-0.15837011888458574,-0.22186196369811506,-0.2306723048750864,-0.196529171370585
2022-11-03,-0.12196343239856389,-0.11976837427950238,-0.117725158680281,-0.20198454154887846,-0.09379412914102858,-0.16185833639303204,-0.22568672428088843,-0.2346964534050764,-0.20125009142196926
2022-11-04,-0.11483204257811241,-0.11207446860241788,-0.10876762053708255,-0.18905314832799747,-0.0911967378303633,-0.16034238265340506,-0.21419442101356834,-0.22245584208053126,-0.18772166394720446
2022-11-07,-0.11466975025900483,-0.11174252679885732,-0.10847264053898498,-0.18913947095220607,-0.09286724723262896,-0.16177274496494864,-0.21441151752931698,-0.2231473135580756,-0.18728299120902359
2022-11-08,-0.11206340218456179,-0.10949243260975194,-0.10601156726058003,-0.18465711530777984,-0.08964323037632749,-0.15821884123526897,-0.2110086321058231,-0.21903198033832338,-0.18358257169745595
2022-11-09,-0.11787025733658829,-0.11613970752581015,-0.11314258535862054,-0.19475107669401015,-0.09184091713029752,-0.15915180203993762,-0.2212132213228768,-0.2273432824574263,-0.19476756876690726
2022-11-10,-0.09719870784856521,-0.09433081080309391,-0.09068117650949525,-0.15980603641397162,-0.07705573429583079,-0.14144471887612142,-0.18651516308251825,-0.19123000490490083,-0.1604853144362861
2022-11-11,-0.09301749506951928,-0.08976888151228424,-0.08563570036047596,-0.1521523853236183,-0.07542980107127528,-0.14046075454930385,-0.1808433224273427,-0.18817082914099614,-0.15229743779173022
2022-11-14,-0.0970707711878136,-0.09434480296944014,-0.09028152494577824,-0.1591821473046634,-0.0773877789317472,-0.14295265762990117,-0.1873912223525358,-0.19400293744346486,-0.15955458081455465
2022-11-15,-0.09190389106036922,-0.08876575793587527,-0.0844911999957747,-0.14943961079046697,-0.0723903137237053,-0.13728290696818135,-0.1788274844943234,-0.18501501321647462,-0.1503551000611556
2022-11-16,-0.09376762399817407,-0.09133901213827289,-0.08779237123326578,-0.15256555005602646,-0.06999370165129992,-0.13459821417126216,-0.18111603290663802,-0.18380998436330676,-0.15483272011597338
2022-11-17,-0.09667535497273905,-0.09432193433546276,-0.09086051672799356,-0.15758318446651076,-0.07345896416759956,-0.13889510231787328,-0.18632940665818165,-0.189318080396908,-0.1597947045716842
2022-11-18,-0.09662339606277326,-0.09396862728469868,-0.09061317063657226,-0.15775312052218826,-0.0748846589797294,-0.14071594414074007,-0.18411954514562157,-0.18920522336739987,-0.15976739959223707
2022-11-21,-0.09812258060606083,-0.09549332898743534,-0.09254041279392411,-0.16067138549903792,-0.07537638491151633,-0.14183813234390152,-0.18588079489847353,-0.19143555581108362,-0.16291858390629244
2022-11-22,-0.09369171052355729,-0.0908949328014721,-0.08813426898115306,-0.15312459175623816,-0.07129128498964798,-0.13730290187193894,-0.17873286623168105,-0.18467437049368207,-0.1553777675355532
2022-11-23,-0.09116369314638328,-0.08835861799885725,-0.08573482955292866,-0.14819773844171635,-0.0677379720578688,-0.13383717761098324,-0.17350835869880288,-0.18019425444640536,-0.15135077870426705
2022-11-25,-0.09165710726845888,-0.08890835287589416,-0.08609081467997948,-0.14895222862019253,-0.06845850524245767,-0.13455344725419516,-0.1743394256124181,-0.18130575573559193,-0.15231298068611676
2022-11-28,-0.09674945617557085,-0.09458273984591181,-0.09219603224636097,-0.1577116340885797,-0.07057389290024685,-0.13614606251539274,-0.18037638925485955,-0.18856410383242317,-0.16147923123001617
2022-11-29,-0.09554846642114989,-0.09303149941755373,-0.09010461977335071,-0.15519412790607456,-0.07153905478877132,-0.13826810642493992,-0.1758291249775943,-0.18498090487614904,-0.15901133786516153
2022-11-30,-0.08512926982899494,-0.08186047103550576,-0.07838902666872716,-0.13739920899775382,-0.06494519855204883,-0.12948768136057032,-0.15809950064390177,-0.16951432131185018,-0.14046631724397685
2022-12-01,-0.08223810832895506,-0.07916175833824735,-0.07608164297617082,-0.13202110990440885,-0.058529847277586255,-0.12342774661007505,-0.15415746471451242,-0.16307359482739925,-0.13650932370362479
2022-12-02,-0.0825036858071998,-0.07934662599967168,-0.07635249911957487,-0.13155148301476527,-0.05730821751241111,-0.1226587176974866,-0.1543888486448759,-0.16278195893889036,-0.13682499721502284
2022-12-05,-0.09030293457121641,-0.08741176360786473,-0.08507039456323895,-0.14533019216481058,-0.06363263635238281,-0.13022438994115804,-0.16600373344543828,-0.17480843843636973,-0.15071059826395072
2022-12-06,-0.09330330682038779,-0.0905878056514805,-0.08875681984191852,-0.1496356619770537,-0.06282676490190431,-0.1289149671865265,-0.17181073651808054,-0.18362915647712819,-0.1564357991799955
2022-12-07,-0.09181009492748116,-0.0890344411541717,-0.0878973825137509,-0.1467822901268534,-0.058174395704600035,-0.12431819878612915,-0.16961313510234388,-0.1812228211024336,-0.15465005310391233
2022-12-08,-0.0902591780847366,-0.08715747841082133,-0.085591009750981,-0.14397511487637993,-0.05871352270512353,-0.12645348429349323,-0.16556822909950364,-0.1795806586516373,-0.1514983311016912
2022-12-09,-0.09243686554122033,-0.08966084883214498,-0.08787864724751016,-0.14898017643763906,-0.06251304339868591,-0.1307343525189948,-0.16994788523980675,-0.18450662208022062,-0.15583422906518352
2022-12-12,-0.08993278402200455,-0.08708216836004323,-0.08531365983291361,-0.14520603601523785,-0.06172477629774953,-0.13033219661611006,-0.1657389848789833,-0.18076676281307757,-0.1514144486516359
2022-12-13,-0.0840641927014053,-0.08124642663525372,-0.07912032674679248,-0.13539394524004245,-0.0564781066782577,-0.12400343898724364,-0.1568009892810348,-0.17253566640558227,-0.14188322687703647
2022-12-14,-0.08491385834760024,-0.0823456010833381,-0.08032851614745928,-0.13683656581720516,-0.0561028985943921,-0.12299246401797903,-0.15882450233859002,-0.1738316225391472,-0.14356490952928536
2022-12-15,-0.0919400587827528,-0.08935614907156975,-0.08893648978323487,-0.1491108637976849,-0.05834353810599646,-0.12470723094139158,-0.16858858870676552,-0.18484343006216597,-0.15680186640130145
2022-12-16,-0.09562071185416976,-0.09327775887333112,-0.09284687986898255,-0.15534309329994578,-0.06058944265364197,-0.12711999322882594,-0.1742798641122696,-0.1916237539000578,-0.16312004031547855
2022-12-19,-0.09947679537745424,-0.09735287868318476,-0.09676570737541412,-0.16205133228610302,-0.0647289162977025,-0.13258304590540815,-0.18097824655127226,-0.19807987893804424,-0.16949862744436528
2022-12-20,-0.09949878847124216,-0.0977595575550928,-0.09609351342259831,-0.16282945978844998,-0.0668470270972149,-0.13639586795361414,-0.18142857548906643,-0.1983436079373585,-0.16945869190670393
2022-12-21,-0.09533653453480218,-0.09347634032470631,-0.09139892186411336,-0.15551290898090653,-0.06442806721621008,-0.13391391672744335,-0.17479347242464005,-0.19152871725735232,-0.16191464371794206
2022-12-22,-0.099824233189033,-0.09787956380690599,-0.09655491897433766,-0.16289227803037176,-0.06681202430890254,-0.13615220405392892,-0.18332917645010616,-0.1983928940996338,-0.17000240750142248
2022-12-23,-0.09830600708739368,-0.09672013109283129,-0.09458619432433646,-0.16113849883797515,-0.067646615458959,-0.13764607873857204,-0.18246666570965087,-0.19693400306561815,-0.16740038143633307
2022-12-27,-0.10029707755257322,-0.09893058842815228,-0.09557297997714853,-0.1641350828349255,-0.07132881707893668,-0.14301681125919974,-0.18636843928884872,-0.20019927361435086,-0.16985871069077907
2022-12-28,-0.1050465789597802,-0.10407955432344917,-0.10118367294742847,-0.17278531434287325,-0.07427379676329648,-0.14586548843758107,-0.19429903937349613,-0.20891381532710374,-0.1784284879561574
2022-12-29,-0.0988736554728481,-0.09719736443486948,-0.09390538295517548,-0.1615706728827878,-0.0701963829908464,-0.14135802829003286,-0.18320997615873214,-0.19711068425859546,-0.16754572894308917
2022-12-30,-0.09970303926104762,-0.09858582767934698,-0.09516540898981596,-0.16467824095892336,-0.07146890817220342,-0.14333922277547329,-0.18581137698676886,-0.19964390041440316,-0.16980138859308302
2023-01-03,-0.09958979006809143,-0.09793576767856182,-0.09535567800319367,-0.16315458682631234,-0.06875277775092004,-0.1402706919900475,-0.18424838396921495,-0.1979826281376792,-0.1698569611002323
2023-01-04,-0.09592131431984252,-0.09313323700784215,-0.09046759995885156,-0.15460740320909705,-0.0652310291264987,-0.13607155660090353,-0.17537204970811038,-0.1902321494556033,-0.16271760627895737
2023-01-05,-0.09995300103866789,-0.09730882729835633,-0.09552947445338256,-0.16132257740596456,-0.06659564379494776,-0.13803518356153743,-0.18168991834755777,-0.19554357079888884,-0.1698597342781869
2023-01-06,-0.0910680649720228,-0.08772950009240954,-0.08554928622013847,-0.14507957652081982,-0.05901323148453419,-0.1287146500441716,-0.16603676558996483,-0.18013267857357307,-0.15426038153494126
2023-01-09,-0.0889266098752487,-0.0856021537480589,-0.08333577552657356,-0.1415797468172182,-0.05693221493291378,-0.12642641832580515,-0.16336376284416199,-0.1772192907106862,-0.150856899153327
2023-01-10,-0.08816663225611798,-0.08473437965660702,-0.08145660543182232,-0.1402317881517744,-0.058830267495708854,-0.12898551096809474,-0.16113957778362842,-0.17714091929960973,-0.1487566017813865
2023-01-11,-0.08194015451576508,-0.07831978952162322,-0.07483556054279061,-0.12983893968237448,-0.054244727313120245,-0.12367456717952896,-0.15019284727187066,-0.16746548938728723,-0.13852386460712107
2023-01-12,-0.07702858139395874,-0.07331038733585149,-0.06952892955641343,-0.12088868292549337,-0.0488470582950713,-0.11786951954236358,-0.14251822624083177,-0.1593027057687586,-0.1303322522699386
2023-01-13,-0.07572593571291009,-0.07195687872681378,-0.06749958776436726,-0.11892820968384177,-0.04906029954990909,-0.11972414541563181,-0.14158358145312533,-0.15863073086500945,-0.12768109940382222
2023-01-17,-0.07604233488554457,-0.07249199310424537,-0.06773275765055142,-0.12017724180060463,-0.05054834645045414,-0.12122566209578434,-0.14243056658899444,-0.15998589412806064,-0.12840970224199033
2023-01-18,-0.07744576820496851,-0.07434507747251795,-0.07102419535597215,-0.12259073319232461,-0.04697589584413686,-0.11524647662983234,-0.14292412201403293,-0.16186463653408256,-0.13251419732079106
2023-01-19,-0.07804269581603951,-0.07484968676751746,-0.07147965486333607,-0.12378759046379273,-0.04711454015529626,-0.11662080779073969,-0.14508235764175226,-0.1634660583926547,-0.1335975583648077
2023-01-20,-0.07502983767259974,-0.0711094054178445,-0.06656877955971374,-0.11830857404392481,-0.04862653128117167,-0.11808051277543874,-0.1400344467465786,-0.15870505432154602,-0.1269261373500904
2023-01-23,-0.07255808136464637,-0.06833927352702751,-0.06301644884099944,-0.1142198378049758,-0.048631114573416734,-0.11820161379647331,-0.13654291381688988,-0.1549471785171873,-0.1219813921505668
2023-01-24,-0.0716796008162589,-0.06758823802623448,-0.06278062766258286,-0.11268844084946905,-0.046155779109817496,-0.1153205942113179,-0.1343531915259628,-0.15343618066258424,-0.12120927928707115
2023-01-25,-0.07118576070914873,-0.06707930336416812,-0.06210133042159549,-0.11161260437574072,-0.04552204351458633,-0.11518320998138565,-0.13352249830441765,-0.15265251059087892,-0.12033736216874702
2023-01-26,-0.06851905723191876,-0.06381080873256995,-0.058345693730340265,-0.10812261043584126,-0.04595470617664543,-0.11401662732577678,-0.1318521671604158,-0.14957632653899888,-0.11617000945099776
2023-01-27,-0.06817969006878555,-0.06353967851695852,-0.05764361526494688,-0.10815082765477513,-0.04692952964843489,-0.11539032292151297,-0.13234177634943567,-0.14964431440040382,-0.11584280797229085
2023-01-30,-0.07503334119631133,-0.07115900982489443,-0.06618775247729514,-0.11688977286139979,-0.04947105461179002,-0.12093544351660235,-0.13840501615175338,-0.1576663685145845,-0.12487770891820815
2023-01-31,-0.06670861777051518,-0.06314507576262363,-0.057042417883444996,-0.1075208344172841,-0.04555808341125811,-0.11348424269557233,-0.12974116986270223,-0.14802543374464594,-0.1152031449688965
2023-02-01,-0.06069286544700003,-0.05679002203905614,-0.050767811507990146,-0.09944014757415176,-0.04142066784069476,-0.1060614325892949,-0.12228517161035313,-0.14105013888535567,-0.10767366670896528
2023-02-02,-0.05620756792312098,-0.05237122337758604,-0.04561067776502947,-0.0945357970532863,-0.0414213539865399,-0.10219541440427815,-0.11709862414751127,-0.13661503713869627,-0.1017105576552062
2023-02-03,-0.06737689984703432,-0.06374208297889661,-0.05712869254708952,-0.10802460454311313,-0.04858275354442221,-0.11293123206251154,-0.129465335091431,-0.14891021318518471,-0.1148849427880344
2023-02-06,-0.07047823964396038,-0.06721017901448079,-0.06097626573610382,-0.11444477519180196,-0.0511080933589777,-0.1186230420971105,-0.13478184799020354,-0.15589707555750099,-0.12078791996155414
2023-02-07,-0.06757842318114948,-0.06401438815883631,-0.0571878226257172,-0.10993181950356923,-0.05064162227870983,-0.1180394630231244,-0.13105762072022997,-0.1510653338071385,-0.11501006120231372
2023-02-08,-0.06942765098351023,-0.0662620203123131,-0.060068137014251066,-0.11332507442447592,-0.05025028189662306,-0.11732060182102488,-0.13557151668655854,-0.15443837669462024,-0.11929081399237318
2023-02-09,-0.07310177091279113,-0.06979356797903957,-0.06374301433161733,-0.11931314599795118,-0.05375562243470133,-0.12102076679904938,-0.14158450486391394,-0.16038414288030722,-0.12530542653566523
2023-02-10,-0.07392906515193198,-0.07073564930718468,-0.06418057372294717,-0.12132633906804424,-0.05563065623810948,-0.123793211983521,-0.14380288709675637,-0.1624300417024095,-0.1264776180813184
2023-02-13,-0.07095179988689815,-0.06730897400110791,-0.06048483567985452,-0.115704387364717,-0.053891259038434614,-0.12138510436368544,-0.13833038526406038,-0.15698619462305385,-0.12073638483570237
2023-02-14,-0.0708372581276503,-0.06727122886091996,-0.06036738192196367,-0.11617959417604429,-0.0543233222924846,-0.12307411667504653,-0.1386995890279532,-0.15744388240316853,-0.12070204759143766
2023-02-15,-0.07173821228009014,-0.0679756525751829,-0.060875950913226506,-0.11811242866262894,-0.05665687039260037,-0.12488305912904751,-0.14021054703250335,-0.1590239556473637,-0.12189530025101702
2023-02-16,-0.07687359632557511,-0.07324952866771339,-0.06583006672326874,-0.125005203814733,-0.06017276592032783,-0.13078479744406202,-0.14698724040222888,-0.16531744692594563,-0.12894997907941796
2023-02-17,-0.07697294374581753,-0.07379575859372045,-0.06657534130239073,-0.12538941868661013,-0.05880314938507447,-0.12925942646707345,-0.14727905493816673,-0.166443180727314,-0.12991133591813753
2023-02-21,-0.08715641954446651,-0.08477407070764353,-0.07761683088785443,-0.13846469940139294,-0.06474065203659873,-0.14149774746462218,-0.16052588310032279,-0.17833528644941943,-0.14262322397594962
2023-02-22,-0.08776526209749214,-0.08551493748324612,-0.07902989573542074,-0.1395921958074965,-0.06387958652467829,-0.14108605787569017,-0.16204837467419542,-0.18114622939493596,-0.14423330687820224
2023-02-23,-0.08436803649882885,-0.08200852999633812,-0.07560247208409909,-0.13406196450747299,-0.060773641756643126,-0.1374129101879309,-0.15703508772334773,-0.17644832440560532,-0.13895360308052984
2023-02-24,-0.08944784249516402,-0.08780759718624587,-0.08175294663837096,-0.14392050588431626,-0.06461838022836863,-0.1423352600931549,-0.16731823531057666,-0.185201231350689,-0.14839596754154405
2023-02-27,-0.08745778640801971,-0.08561190729779189,-0.079386053566325,-0.14033583135597727,-0.06307546837976863,-0.14030828847366772,-0.1641144752682353,-0.1817411425099692,-0.14488688629296542
2023-02-28,-0.08736338279203859,-0.08595480119909571,-0.07971102043176337,-0.1409486974138432,-0.06215377694267654,-0.13952847465291707,-0.1650964117478294,-0.18242915304537588,-0.14553015267779723
2023-03-01,-0.08822386976134056,-0.08645455788928313,-0.07906491708566965,-0.14103711156507703,-0.0636932563032675,-0.14360601691588137,-0.16554763034174336,-0.18312620313783534,-0.14538670473400228
2023-03-02,-0.08729966029839475,-0.08499686057183398,-0.07775262377625591,-0.13957498763180876,-0.0646097916874282,-0.14480506182634445,-0.16415539024972747,-0.18167296242979292,-0.14344290176458185
2023-03-03,-0.07797985131452811,-0.07545660955923594,-0.06829934902142643,-0.12740811146160536,-0.057904896715645804,-0.13500296638131504,-0.15302789084422486,-0.17061463141420996,-0.13151267211066786
2023-03-06,-0.07965425685443928,-0.07718901141527867,-0.07072142439421036,-0.1306841817422819,-0.05950794822781702,-0.13660860835755573,-0.1565618002041329,-0.17400246887121906,-0.13450872004324688
2023-03-07,-0.08485289626416814,-0.08309937654749333,-0.07764766894647201,-0.14066110635804063,-0.0619022700526245,-0.13852867133873725,-0.1662231254137423,-0.1827541153826039,-0.14506593717082317
2023-03-08,-0.08432129527781806,-0.08228165098343987,-0.07673021437598981,-0.13947891787526379,-0.06223327916543275,-0.13873709350636365,-0.1650096764755462,-0.1810440883693848,-0.14383699381009196
2023-03-09,-0.08832817147708727,-0.08750979802861125,-0.0828419069367593,-0.14780933820319186,-0.062289311625221,-0.1374977885883254,-0.17055726457933296,-0.188857883583054,-0.15288373722775805
2023-03-10,-0.08790727200446102,-0.08885151951415626,-0.0852527810486372,-0.1482965234063104,-0.05478448723819318,-0.12848008397068378,-0.1717039473617087,-0.19256243829948083,-0.15506082446800584
2023-03-13,-0.08651327550211885,-0.08777600072918912,-0.08446329038954759,-0.14660715582359618,-0.052247134178110444,-0.12260679848541267,-0.17103518871535084,-0.1905177953536754,-0.1535248019256681
2023-03-14,-0.08469300960456827,-0.08499396347676702,-0.08163202599809583,-0.1436697248111345,-0.05457719993608645,-0.1257208899501796,-0.16704614773506243,-0.18777692075385177,-0.14955717198592033
2023-03-15,-0.08537573872312099,-0.08678308017031056,-0.08516666559516017,-0.14665487487170437,-0.05112070163754168,-0.11975327712519157,-0.16888257354621583,-0.1903481174103271,-0.15317866105205646
2023-03-16,-0.08152639687490026,-0.08185926852760683,-0.07990539346072978,-0.1410063408811303,-0.051274714001223076,-0.11972713767546239,-0.1645716506319802,-0.18515329747569464,-0.1464825317926879
2023-03-17,-0.08244985030245788,-0.0842823005928659,-0.08287207261093277,-0.14331447553037746,-0.047118809907159886,-0.11692874040536083,-0.16749408299726143,-0.18709210445949875,-0.1492948888447434
2023-03-20,-0.0805804378467595,-0.08165342797672992,-0.07946350560247073,-0.1402720981295139,-0.04821188204008975,-0.11850322147562009,-0.16296788687675812,-0.18398655616863047,-0.14584202931894308
2023-03-21,-0.0783963232336975,-0.07818052525860764,-0.07626458255209079,-0.1367910738613919,-0.049340744699779115,-0.11627148197960857,-0.159351403659158,-0.18125074533934693,-0.14185815729573703
2023-03-22,-0.08070948745162165,-0.0819886898030564,-0.08078857819902718,-0.1398896506186419,-0.04561567280379175,-0.11323013745949218,-0.16794742941154617,-0.18463147432176952,-0.14602539233089706
2023-03-23,-0.07887203354569683,-0.08007348678625315,-0.07854174885905396,-0.13757371002098728,-0.04398036770667968,-0.11151598312781441,-0.16757294671524747,-0.18294019496214975,-0.14347981984853497
2023-03-24,-0.07656058429994073,-0.07719227246636617,-0.07591910398916846,-0.134812622318089,-0.04364846020230173,-0.10974851735623659,-0.16363836600500103,-0.18068283782159056,-0.14086818478817686
2023-03-27,-0.07896507701993993,-0.0789280281186755,-0.07609790030940378,-0.13710560019231055,-0.04812268233941375,-0.11663714724204954,-0.16783249589389004,-0.1831451896704056,-0.14216204562437473
2023-03-28,-0.07855969379277294,-0.07844708200149253,-0.07499069928119606,-0.13601798477991622,-0.04750292038121218,-0.1172350694251365,-0.16689136534519133,-0.1826036397724673,-0.14138664356907404
2023-03-29,-0.07347322052216965,-0.07266189988377492,-0.06944475742700051,-0.13002513854080378,-0.04662563992550717,-0.11277471444866372,-0.1616635792269724,-0.17779232816753476,-0.1351675728394821
2023-03-30,-0.06860017490900383,-0.06753520770280663,-0.06405488038683627,-0.12434669768196671,-0.044313383794024164,-0.10935650266550045,-0.15718550394395958,-0.17334927805778622,-0.12949247989663726
2023-03-31,-0.060894051986683295,-0.059625233350869666,-0.056270071621650763,-0.11568395772659856,-0.04020574866270721,-0.10039021212542998,-0.1493271437566791,-0.1656234298990651,-0.12093110314903877
2023-04-03,-0.058326616716795066,-0.057237870395113744,-0.05374282019963306,-0.11257984118924536,-0.037611139110410474,-0.0969809275284389,-0.14665109385140218,-0.16275750670670408,-0.11793016765888209
2023-04-04,-0.057679815611603624,-0.057157295272555864,-0.0546178978767029,-0.11262088109493262,-0.03549899740127338,-0.09626844927873857,-0.14699520178944436,-0.1627445404268918,-0.11831323546823247
2023-04-05,-0.05913127742386359,-0.05905089838410005,-0.057486521865337425,-0.11463441724417678,-0.0341979659909295,-0.09535390837571744,-0.14934209114975183,-0.16430778889103592,-0.12074755487801192
2023-04-06,-0.057746351735117885,-0.0573919272133846,-0.055748553587047556,-0.11285417873448123,-0.03401320970195543,-0.09380222152626128,-0.14722257627931523,-0.16270043702339332,-0.11901616520143865
2023-04-10,-0.05954546879445133,-0.05888946583339516,-0.056004484746312255,-0.11454637257778277,-0.0373871037377318,-0.09847553649997254,-0.14850689786854454,-0.16447970833988967,-0.12013900189860427
2023-04-11,-0.05794287924633179,-0.057416742926900355,-0.05398029111673186,-0.11228939529256277,-0.03649123308531199,-0.09801215408674468,-0.1467420928788793,-0.1625768779743767,-0.11822765956409043
2023-04-12,-0.05852852983168677,-0.05845015475161597,-0.05501469024167405,-0.11329074754339519,-0.036041718816615,-0.09848383601732313,-0.14809560086241447,-0.16361480194215783,-0.11930038124207942
2023-04-13,-0.05361148024496776,-0.052862430421251605,-0.04875369179793487,-0.107346158646495,-0.03495038209302892,-0.09615427666779808,-0.1420857737938338,-0.15843294564273958,-0.1125657971819175
2023-04-14,-0.058581757056695216,-0.05720935966156537,-0.053184530826272836,-0.11287157309840035,-0.037882459491971665,-0.0994505023929354,-0.14676452141192742,-0.16324470032104121,-0.11759198335898058
2023-04-17,-0.05867644741543443,-0.05709209504031609,-0.051795129833390297,-0.11251739521793735,-0.04059049177814944,-0.10341511138951043,-0.1467488978055973,-0.1622116860468017,-0.11690769550250768
2023-04-18,-0.05770666832995497,-0.056236519321099854,-0.051244852953246656,-0.11152503922241697,-0.039341386710567416,-0.10185597566164717,-0.1456512342561942,-0.16148290882437455,-0.11600950140318234
2023-04-19,-0.05965116238201562,-0.05867393812850086,-0.053916418780501796,-0.11429137757766783,-0.041037925986279866,-0.10470134620472016,-0.14805511283586992,-0.1636847048857072,-0.1186594379126985
2023-04-20,-0.060588610743966265,-0.060317933324706474,-0.05644360136947191,-0.11556523359979298,-0.039629565139350675,-0.10339217571893855,-0.14855144380280694,-0.1650543838206745,-0.12068335873312375
2023-04-21,-0.06168155384702445,-0.06134167528355883,-0.05727593085964411,-0.11685342339066096,-0.040811480545678624,-0.10379619898901282,-0.1497243000017111,-0.1661198945922986,-0.12170214669287416
2023-04-24,-0.059687990994615525,-0.05967475582677484,-0.055957489941014016,-0.11482892196875427,-0.03828050637786018,-0.100107279555264,-0.14793507349818902,-0.1644984734500935,-0.12001334326328372
2023-04-25,-0.06332037415871394,-0.06566548804933336,-0.06425850673885236,-0.12100537871150685,-0.03647448336005299,-0.09922034810062341,-0.15454337837777365,-0.16960139616255876,-0.12741977648315617
2023-04-26,-0.06724771817342146,-0.06888599414844332,-0.06759663097604685,-0.12509928261969538,-0.03934883811552037,-0.10349249886305145,-0.15776559016646707,-0.17351566954358344,-0.13111733601058817
2023-04-27,-0.0620615443022946,-0.06197987847774933,-0.05946480011175026,-0.11827124624439711,-0.039968539128984126,-0.10263486464880389,-0.15121278702143415,-0.1663632113014778,-0.123135283695752
2023-04-28,-0.05664518978262012,-0.05651303401367769,-0.05415439568487024,-0.11191954907966761,-0.03596530171625101,-0.09555522594941224,-0.14536582454528257,-0.1607471831761167,-0.11724291073026694
2023-05-01,-0.06248791423414024,-0.061576332499828634,-0.05828814739975707,-0.11844667573451606,-0.04214880632069806,-0.1054789432393336,-0.15023617532247324,-0.16673467142142784,-0.1224935028367291
2023-05-02,-0.06314601171604584,-0.06434943539298588,-0.06345060135731684,-0.1207709731303751,-0.037466387490679876,-0.10074866079654488,-0.15056367772356472,-0.17127289393314926,-0.12626651030648361
2023-05-03,-0.06338020010835355,-0.06549348827331325,-0.06453470763313796,-0.1210458774237333,-0.0362554652364373,-0.10008515768627668,-0.15177427468055749,-0.1718344763431271,-0.12719790784236518
2023-05-04,-0.06407594374369541,-0.06628170873645833,-0.06493224753209381,-0.1219512566361518,-0.03717875510961555,-0.10292187326021351,-0.15269704362871905,-0.17323868800390407,-0.12809094160567935
2023-05-05,-0.058299214777884245,-0.05858879283636742,-0.055746715983763684,-0.11406243283911532,-0.037243173807653185,-0.10015655715506233,-0.14450744033783625,-0.16621911700225211,-0.11937805917243027
2023-05-08,-0.060023466207649645,-0.05981350545117825,-0.05647993206549662,-0.11618977019527987,-0.03956961748646626,-0.10439415361571591,-0.1470275806996143,-0.16824775919444301,-0.12064253920560764
2023-05-09,-0.0610770051716254,-0.061375183827255375,-0.058237753362629374,-0.11808697558488623,-0.039758091295123976,-0.10614792879146107,-0.14865396344564685,-0.17020537175224248,-0.1224513647926001
2023-05-10,-0.05728239358196241,-0.05791926323939223,-0.05515624501481842,-0.11409292342458144,-0.036894044526402325,-0.10015283129746666,-0.14464947222693536,-0.16667182168338812,-0.11873513510681977
2023-05-11,-0.059302406950174635,-0.060065743834087804,-0.05830387051102304,-0.11648907297213762,-0.036395942323559693,-0.09866058686880486,-0.14676552956524724,-0.16840275646870273,-0.12148238587517357
2023-05-12,-0.06239538223747454,-0.06335971689193498,-0.061534579861628136,-0.12049341434559169,-0.038949639104462364,-0.103289613590683,-0.15061635105164173,-0.17177552562692477,-0.12499863695928726
2023-05-15,-0.06096153399628923,-0.06065331518916506,-0.057382908870076355,-0.11750126944629669,-0.039738257550388845,-0.10464172810088634,-0.14929837931934642,-0.1689740255253982,-0.12158557657161373
2023-05-16,-0.06719542575758342,-0.06661506459853606,-0.06423357610979707,-0.12511300968103622,-0.04245667161442812,-0.10891953835178458,-0.15574185256394224,-0.17568258808311876,-0.1287170157289259
2023-05-17,-0.06307668003380429,-0.061694441293830726,-0.05811275938652405,-0.11970466766919707,-0.04204445255118194,-0.10700670192432205,-0.15201684940682236,-0.17022288981339329,-0.12269463732577868
2023-05-18,-0.06440768698006838,-0.06185953411757983,-0.057925895686036344,-0.12094086913832713,-0.044240192956862545,-0.10829066337595605,-0.15369626949434012,-0.17123139266252285,-0.12263581777262789
2023-05-19,-0.06474221679455416,-0.06216156277348406,-0.058185986840534,-0.1214725334257567,-0.044738754016779736,-0.11021728191756275,-0.15474066045926171,-0.17183564333250467,-0.12297831059801223
2023-05-22,-0.06362940690857666,-0.06052364720061565,-0.055749098042679246,-0.11944386173443466,-0.04496165891746551,-0.1098767373783337,-0.15323539275930442,-0.1701887471739072,-0.12093792550966254
2023-05-23,-0.06598183998445017,-0.0646651951658559,-0.060715156770065115,-0.12397296819758774,-0.04479819587150635,-0.1112550937948723,-0.15753907743971807,-0.17391845319133215,-0.12586731507814508
2023-05-24,-0.07116807165986028,-0.07015300653584411,-0.06678762708341968,-0.13073960510679328,-0.04694237378695365,-0.11520840693720746,-0.1642386539221311,-0.1802991065244267,-0.13227726348158164
2023-05-25,-0.07229983630048364,-0.06965067306250283,-0.06669358529832414,-0.13194067993791747,-0.048619036560416884,-0.11621965426087177,-0.1651164897908456,-0.18097673624674115,-0.1322020888306641
2023-05-26,-0.0645678955429444,-0.0607512744742188,-0.05692861651214254,-0.12259913116339838,-0.0451852447125175,-0.10983398922517795,-0.15772364395463578,-0.1724823154862496,-0.12219623762846143
2023-05-30,-0.0640564627202338,-0.06108893097398638,-0.05852564383417258,-0.12289639948414455,-0.04293038318522813,-0.10587522977667119,-0.15861558274108623,-0.17198713943164579,-0.12291178791904711
2023-05-31,-0.06549440740994739,-0.06357747167424499,-0.06186290824639695,-0.12529730026258323,-0.04210198131246312,-0.10550797824681124,-0.16155644398143254,-0.1741296468300758,-0.12590085544049867
2023-06-01,-0.0594771229667056,-0.05671645177749107,-0.0543591817178809,-0.11767336329677713,-0.039145239773539786,-0.10059572163752162,-0.15434463966025336,-0.167501476789651,-0.11810733531232098
2023-06-02,-0.05523924097212851,-0.05072327198476789,-0.04612224657599484,-0.11072844923625769,-0.04076971704747279,-0.10045803293164968,-0.1468594631557798,-0.1622682413126808,-0.11072081908339515
2023-06-05,-0.05652351833523217,-0.05212594514018254,-0.048183580286706995,-0.11291178097435917,-0.04088116699864752,-0.10162624902862105,-0.14831988450915545,-0.1643312014501852,-0.11270548384505841
2023-06-06,-0.05330403963217567,-0.04874480968197292,-0.04347777852062229,-0.10791799736367236,-0.03962031361933016,-0.09973341596030649,-0.14414354661330797,-0.1598356298057918,-0.10817752849872864
2023-06-07,-0.056308644637656835,-0.05208515926332258,-0.04543583492506287,-0.1109737290603433,-0.04373158853157577,-0.10634141893671412,-0.14788389201473184,-0.16258602042524173,-0.111321857876724
2023-06-08,-0.05156766909067512,-0.047108141964418926,-0.0410520821918785,-0.10560226152873087,-0.03963773356222999,-0.10012722011063935,-0.14247962626507804,-0.15830051494403197,-0.10603348274102176
2023-06-09,-0.053245334146615364,-0.048033886666969505,-0.042317744816277814,-0.10721092894384732,-0.0405575618835905,-0.1014569892112206,-0.14430939422623867,-0.15993061804349684,-0.10734568848877368
2023-06-12,-0.052009781430774726,-0.045403519782098556,-0.04004889201457007,-0.10506675947497512,-0.03988393769559784,-0.09931163390066267,-0.14205696423436098,-0.157743567256996,-0.10452985517548197
2023-06-13,-0.05004185511910786,-0.04238460332641347,-0.03603873686211345,-0.1022797905117554,-0.04139260539380496,-0.10073918763513523,-0.14019146295837226,-0.15551313037025982,-0.10088867695048409
2023-06-14,-0.04835527144700025,-0.04035140751717259,-0.034257752061345514,-0.10017573474665631,-0.03983368722241143,-0.09844741010824687,-0.13830178636138546,-0.15383294595192087,-0.09887159853193539
2023-06-15,-0.0406664770160825,-0.0324509415443297,-0.026245130930963145,-0.09142055474865862,-0.035266365761887464,-0.09055679633739577,-0.1303348507453458,-0.14650760933284546,-0.08999614609047335
2023-06-16,-0.041504491927291554,-0.03405147704170286,-0.027793545994630464,-0.09335614207756393,-0.036093747859702985,-0.09278860187551763,-0.1320521784497114,-0.14829471352612578,-0.09186080347004466
2023-06-20,-0.04479493859585193,-0.03803688758012447,-0.032776628896087345,-0.09819390060481359,-0.036061224600947406,-0.0921950139163118,-0.1366749671031352,-0.1524251569447942,-0.0968146583205649
2023-06-21,-0.0453334178533632,-0.039879959324508496,-0.03450114313060282,-0.09951138369606705,-0.03575677830875024,-0.09292438614851495,-0.13775428783122923,-0.15383173227182223,-0.09868341970115946
2023-06-22,-0.050134964537871585,-0.04291990124381073,-0.038417374529345016,-0.10480301196269126,-0.03913005097322464,-0.09690027171082993,-0.14264301020195636,-0.15823723120452582,-0.10269808902210842
2023-06-23,-0.05362178302373133,-0.047682613564978604,-0.04443599436384804,-0.10997974634455043,-0.038151691798380294,-0.09659696188906164,-0.1466601547751285,-0.16376303166555672,-0.10860037028205949
2023-06-26,-0.05285173980293911,-0.04770828180030773,-0.04377352976427684,-0.10854581565275656,-0.03776637640527514,-0.09668776328470408,-0.14562821244939161,-0.16244502346705159,-0.10830524434927213
2023-06-27,-0.051309176667683865,-0.04395858274159081,-0.039654332655333135,-0.10489088982747519,-0.0384996334831087,-0.09604519973906844,-0.14203257266615765,-0.15903192902582852,-0.10393577449827707
2023-06-28,-0.050132342403661156,-0.0429930954938641,-0.038851390936109564,-0.10366835433439736,-0.037123876494852714,-0.09285136590091114,-0.14094251565065818,-0.15789245736635593,-0.10290747527421218
2023-06-29,-0.05125017375382679,-0.04400080914836957,-0.038877776497797334,-0.10526202500614534,-0.04058224477417072,-0.09849732941798117,-0.141990114363039,-0.15920982266287065,-0.10358767136407254
2023-06-30,-0.045064028053025895,-0.03710753692992819,-0.03213969210912104,-0.0978875799418576,-0.036909499581714966,-0.09226369776633492,-0.13554703629975606,-0.15258805171137446,-0.09590838107560296
2023-07-03,-0.04474095923413113,-0.036277378438035135,-0.030752940159964548,-0.09698012978108395,-0.03796556128663586,-0.0943389011830601,-0.1346814699051485,-0.1523257514814499,-0.09477139076487473
2023-07-05,-0.04677857225060689,-0.038621898602781646,-0.0332052055480222,-0.10061980194508513,-0.04009654082033465,-0.0981754927670464,-0.1378432138584078,-0.1555497272321995,-0.09770984923303494
2023-07-06,-0.052933843339096565,-0.04575714897486838,-0.040678419131899735,-0.10975500383092107,-0.044070110674542695,-0.10589742268101354,-0.14600129692410468,-0.163946107831351,-0.10605988712477477
2023-07-07,-0.05141320800236249,-0.044433830997472334,-0.03847792906216618,-0.10754605758825009,-0.0439671553955977,-0.1067061826353557,-0.14446852313525682,-0.16163703248671646,-0.10400822213720617
2023-07-10,-0.048598455605026514,-0.04175544682773069,-0.03529603721271812,-0.10401656412929539,-0.042303509866637556,-0.10317516966501983,-0.1411891048618995,-0.15865396012684652,-0.10075705943530433
2023-07-11,-0.04332942042557175,-0.03627720142523594,-0.029261801949882593,-0.09746246780742651,-0.03984793537502773,-0.09891422038049202,-0.1351986793641573,-0.15318049213662266,-0.09435703118898087
2023-07-12,-0.035439849756232045,-0.027813078742059627,-0.020565830835540866,-0.0871810624046312,-0.03491103862360423,-0.09084913728665556,-0.12570458693107078,-0.14452685138133436,-0.08450306093941296
2023-07-13,-0.02829610217896028,-0.02015554459222013,-0.012941869515759152,-0.07843033981583125,-0.030906821473658752,-0.08325970994865217,-0.11773677683990602,-0.13727693862275459,-0.07561920108892572
2023-07-14,-0.03194122131728061,-0.023400507114489932,-0.016424367275105434,-0.08300961827619957,-0.03345311416396246,-0.08812975941546108,-0.1218885634409882,-0.1416689144303478,-0.07958766677715612
2023-07-17,-0.031123676282295176,-0.022163793550975863,-0.015125931468195186,-0.08183676373198445,-0.03288457036076997,-0.08655259242489644,-0.12122229485824199,-0.14065640232233878,-0.07798182990854408
2023-07-18,-0.026541133871563982,-0.01792060531996953,-0.010525049228812366,-0.07745472014633381,-0.030214484832910005,-0.08302942463586416,-0.11697050741563264,-0.13688727970669,-0.07294487455567245
2023-07-19,-0.023589112625042152,-0.015370460404386832,-0.00790868703716685,-0.0742463308945861,-0.027857902036491633,-0.07938931353121426,-0.11394008775965725,-0.13400112854965596,-0.070229517711904
2023-07-20,-0.029355516853051267,-0.021556553540002965,-0.014200427640111757,-0.08099817080108107,-0.03141547668149636,-0.08630386103837173,-0.11994630575361231,-0.14000696065714047,-0.07744185053925046
2023-07-21,-0.02871957050060925,-0.021147920502952555,-0.013943878521315622,-0.08048052460761135,-0.03098611261535611,-0.08525794723503899,-0.11966471534243417,-0.1397252652799308,-0.07714716208419214
2023-07-24,-0.027129421098108564,-0.018796954966041612,-0.011075499625711527,-0.07798541885008714,-0.03114271248168654,-0.0853524913867848,-0.11772573263923503,-0.1379988547902672,-0.07433852721493073
2023-07-25,-0.026256634418365343,-0.017460405558011094,-0.009623553693380305,-0.07684366900382555,-0.030869498334120338,-0.08557310801374052,-0.11684313183510475,-0.13705665910672526,-0.07268033096617887
2023-07-26,-0.02475337033107372,-0.016030912419007892,-0.00793776671227675,-0.07447462241164482,-0.02964190638068276,-0.08348122574871863,-0.114941768353924,-0.13504640190917272,-0.0709400456994892
2023-07-27,-0.03242489421822825,-0.0235807563190793,-0.015892118019602997,-0.08426496982262899,-0.03537479551090139,-0.09258191419947104,-0.12339048944622233,-0.143457510158699,-0.07943781299168251
2023-07-28,-0.02641351784176771,-0.016576225312908144,-0.008484770865523461,-0.0761594937123391,-0.03222502627845247,-0.08689827960303143,-0.11691123132861125,-0.13616592236908764,-0.07091986566476127
2023-07-31,-0.024151193040503283,-0.014284524898134587,-0.005711522864716767,-0.07332538939627375,-0.030975145214887978,-0.0849584264315476,-0.11452271825244154,-0.1338163625734985,-0.06818807103679181
2023-08-01,-0.029591404999668836,-0.01930500891774578,-0.010784107160398015,-0.08022417423829764,-0.03521713157331874,-0.09141278496621497,-0.12046630227855748,-0.13953068206768848,-0.07413432077013149
2023-08-02,-0.03750100609032625,-0.02849027525213621,-0.020783523281843297,-0.09101021322463754,-0.03880264766218977,-0.09809558392878082,-0.12951540995298771,-0.15017119463094775,-0.08558315339632072
2023-08-03,-0.040305737897051275,-0.030749854019981315,-0.022625492357890464,-0.09483779546309223,-0.0423856869737832,-0.1036855452882588,-0.13343356560149489,-0.1530214062268781,-0.08829536157103923
2023-08-04,-0.037787478675483266,-0.02958131844596512,-0.02202446799864821,-0.09241778719928884,-0.03820900228025381,-0.09744279081640628,-0.13080117635793975,-0.15197293226530983,-0.08726789523104894
2023-08-07,-0.03674793685408595,-0.027601645265042718,-0.019887204023190552,-0.09070940577136577,-0.03922842380460734,-0.09802245002567112,-0.12788193737167575,-0.1507010650222036,-0.08462681304479003
2023-08-08,-0.03769923517808338,-0.029635093460338657,-0.02280736126944527,-0.09287215968953944,-0.03778166904767888,-0.09560667098003939,-0.13124926472025078,-0.15278240569027657,-0.08770029066087315
2023-08-09,-0.038638233562486524,-0.031030310231906166,-0.02455429379814278,-0.09395948889295358,-0.03742831762247756,-0.09564555969225053,-0.13314662086317763,-0.15409863341647168,-0.08967416346166135
2023-08-10,-0.041491125245227356,-0.033144078059579085,-0.026474561821045683,-0.09683868325456346,-0.04055369080070026,-0.10053739934536143,-0.13558212636831302,-0.15661089571000586,-0.09169657698725908
2023-08-11,-0.043664413680924996,-0.03535911550489179,-0.028557143694899034,-0.0998174911777383,-0.041753637309905,-0.10323924533989648,-0.13823282696537942,-0.15941870895425192,-0.09446640805220763
2023-08-14,-0.04381352690105056,-0.03540139301620149,-0.029002984409425503,-0.1008026319658143,-0.0421448808479048,-0.10306077757712306,-0.13898627457988533,-0.16027927967272504,-0.09454971133301882
2023-08-15,-0.049505636675121534,-0.04205167819202815,-0.03623415041945843,-0.10841736107563171,-0.04455633504246581,-0.10787771936240131,-0.14560618285821658,-0.1669857357478648,-0.10245090174253613
2023-08-16,-0.05472086859554026,-0.04752734663451341,-0.042333597028836656,-0.11502227651817276,-0.04707620535370882,-0.11236480995415721,-0.15148201233706549,-0.17360643672721576,-0.10908573826598578
2023-08-17,-0.05812389155464559,-0.05107979914604299,-0.04628977318999061,-0.11905029889838203,-0.04837682301066237,-0.11551741992864717,-0.15507471930722827,-0.17717683990298294,-0.11349986324647421
2023-08-18,-0.0565295575866287,-0.04963413637190173,-0.04472612766323891,-0.11763761405553275,-0.047017399837965934,-0.11338080677972207,-0.1540746999326208,-0.17647165563694922,-0.11219340106342279
2023-08-21,-0.056567791606600526,-0.049022634848535085,-0.04397104628546411,-0.11819016097844381,-0.04880397234218159,-0.11589439936344292,-0.15445684099235912,-0.17650228241218824,-0.11114331674039923
2023-08-22,-0.055884990673810586,-0.048805379354829204,-0.043936162638900544,-0.1177812352782267,-0.04758711466943921,-0.11464465428909876,-0.15394185400667282,-0.17630988909787604,-0.11115057406526907
2023-08-23,-0.04648075121677486,-0.039944682431263145,-0.03519968080648672,-0.10674813221496104,-0.04110376223747003,-0.10385818416868231,-0.14399191802669253,-0.16598197531418335,-0.10085580822285334
2023-08-24,-0.05214516012113968,-0.04573913135305829,-0.04112099737894093,-0.11338143986083005,-0.04333169161875983,-0.10928769504289815,-0.15026420541351204,-0.17161828288164294,-0.10832563482870317
2023-08-25,-0.04928678738687642,-0.04237714492930689,-0.0378245859017623,-0.11014320436005032,-0.04204957535564258,-0.10675644601748768,-0.14744378247493284,-0.16873076411492594,-0.10460803006322672
2023-08-28,-0.04585454577694492,-0.03872418124481691,-0.033819250638426834,-0.10536854771945925,-0.040686686838269925,-0.10391960573756398,-0.14293917191912053,-0.1647508670999427,-0.09982462087902677
2023-08-29,-0.037394398860634226,-0.03011325147549393,-0.024972337958849233,-0.095477169664966,-0.036316813898926936,-0.09605727859064173,-0.13419506967833528,-0.15625477009322952,-0.08951210079687766
2023-08-30,-0.03626723208491012,-0.02879865853033592,-0.023480749416134095,-0.09442199796754658,-0.03605273740956649,-0.09580511415092807,-0.1332381544101351,-0.15549425700381603,-0.08793068066376541
2023-08-31,-0.03594042475868009,-0.02894576792413872,-0.024106028170168714,-0.09547233313222081,-0.0351294149924819,-0.0945063188110572,-0.13374928630746097,-0.1562954641468769,-0.0887080434445453
2023-09-01,-0.036479602336017214,-0.027701766892085034,-0.021438194131480626,-0.09465184236978486,-0.03710942057710043,-0.09768679909416134,-0.13392934086003017,-0.15609439704726646,-0.08720452009659685
2023-09-05,-0.04114384918249803,-0.031985281032382296,-0.026586716056830273,-0.10141597040357042,-0.04043556666034609,-0.10320534123131098,-0.1398591871870496,-0.16228618573737896,-0.09285103568521413
2023-09-06,-0.043322997488435266,-0.03428882360705632,-0.028946152395881497,-0.10401784615186627,-0.041064667178832615,-0.10504365083463829,-0.14210055722725368,-0.16493537645762746,-0.0958843598942094
2023-09-07,-0.043609813933398245,-0.03531496728028538,-0.03061560321217116,-0.10518459285219028,-0.04006564391175571,-0.10347283345194158,-0.14338553028068024,-0.166308193630607,-0.0976786148828146
2023-09-08,-0.043192132104438064,-0.03486076310839936,-0.030408011419780778,-0.10487821890236249,-0.03937298916817733,-0.10267154637820708,-0.14321184085620764,-0.1660560058585836,-0.09735184920695916
2023-09-11,-0.04094971592096097,-0.03165420958944243,-0.026809963115023483,-0.10171754359021501,-0.03948368341136943,-0.1023307777797201,-0.1401368144088766,-0.16322673693150347,-0.09330356200808254
2023-09-12,-0.04251944101044336,-0.03332422357314391,-0.028551970762028867,-0.10333155121668514,-0.03931188868029045,-0.10267244702892853,-0.1416102721660749,-0.16474300841170364,-0.09569472776849663
2023-09-13,-0.042378186981700594,-0.033266671026462524,-0.029136162509646013,-0.10409674516228162,-0.038753752179485956,-0.10117363329781792,-0.1424174927625368,-0.16551269715591543,-0.09614440518852563
2023-09-14,-0.03897502395939856,-0.028748796693010226,-0.023466307227053118,-0.09905737971359463,-0.03893346756152283,-0.1008370893561441,-0.1379434511679648,-0.16125100220940725,-0.0903603145937586
2023-09-15,-0.04333542117239142,-0.032885795626099834,-0.02760085350434649,-0.10354227419304485,-0.04033347502319429,-0.10524716557004055,-0.14198310783170742,-0.16522848464247064,-0.0956307231882324
2023-09-18,-0.04301195221705845,-0.032777283568071525,-0.028062460754822438,-0.10384269530688117,-0.038995868292979075,-0.10394026143756041,-0.1427939543414578,-0.16586544093896183,-0.09599372388419725
2023-09-19,-0.04515709411175606,-0.034539016903469166,-0.029800160206528092,-0.10648390446069111,-0.040554598986112134,-0.10693229519558145,-0.14521476338088712,-0.16821902963866975,-0.09819141497810835
2023-09-20,-0.04838424125021701,-0.03841532212858878,-0.033962462038705676,-0.10982249250614307,-0.040993680961129764,-0.10885806596049263,-0.14836334529631212,-0.1712981012193987,-0.10263363465596642
2023-09-21,-0.05945138936853123,-0.04873818533054053,-0.0445912216582568,-0.12310904397431954,-0.04673377755382646,-0.11888266556677785,-0.16148272994803814,-0.18341720277280038,-0.11532879832837528
2023-09-22,-0.05840939354958519,-0.047877020384571534,-0.04387393333513012,-0.1213182724806866,-0.044681272409664796,-0.11628211929066545,-0.16014661906786565,-0.1824206193130563,-0.1141697937539905
2023-09-25,-0.061219292844348794,-0.05016233555134497,-0.04577049052510018,-0.12492983034556149,-0.04894623443687263,-0.12198412804868841,-0.16269310074556098,-0.18562291588111812,-0.11631199095496536
2023-09-26,-0.06743840335656515,-0.05662479562872802,-0.05265359019860605,-0.13280694074825294,-0.05087839157074536,-0.12585426975183167,-0.1693008990806043,-0.1940677327442063,-0.12459195067516105
2023-09-27,-0.06853894329842569,-0.05725867144679175,-0.05284608045064432,-0.13406956061373299,-0.05267068001685182,-0.12786555315516257,-0.17011953332943464,-0.19492966756741248,-0.12523300243741897
2023-09-28,-0.06537303828330643,-0.05448350151428616,-0.050086832637343925,-0.13048436954468723,-0.051671716886759755,-0.12491596230814961,-0.16666066940143376,-0.19140970659986856,-0.12156389439873139
2023-09-29,-0.06705337651439414,-0.05701486088440444,-0.053093626339549505,-0.13265453704967867,-0.05292528838538668,-0.12618844455492206,-0.16832323073801536,-0.19320254571267237,-0.1239362293724049
2023-10-02,-0.0722915279077746,-0.062120834493881505,-0.058936179790765375,-0.14013009653822406,-0.057201345665120806,-0.13232397124840456,-0.17513680670265375,-0.19947080508318882,-0.12983441027048115
2023-10-03,-0.08162505876473347,-0.07082551409097049,-0.06776318214742794,-0.15101493709277325,-0.06248566807094269,-0.1423592637882528,-0.18438965888340475,-0.2100256568702148,-0.14030882907455255
2023-10-04,-0.07825739700188783,-0.07001905256808161,-0.06829273467844099,-0.14828518194970475,-0.060128418349030266,-0.1374116519277182,-0.18144156090289076,-0.20756634850445788,-0.13812839072220762
2023-10-05,-0.07853869610579589,-0.07056269680266924,-0.06867259516405555,-0.14796864877745242,-0.06078577465374613,-0.13805693018942955,-0.18141725750913473,-0.20749046864942366,-0.13809580584175407
2023-10-06,-0.07562175965650131,-0.06662961300663461,-0.06378931728523429,-0.14400604624192914,-0.061526702507401665,-0.13867770920915712,-0.1773594400720493,-0.20290920412011348,-0.13269408810925087
2023-10-09,-0.06753438988464833,-0.05841942217535445,-0.056087775692358455,-0.13564268219611864,-0.05432251140509681,-0.12849846158479017,-0.16961777105662024,-0.1960649642434299,-0.12496573041737358
2023-10-10,-0.06564543108009913,-0.05631140972151005,-0.05311292213419905,-0.13222171114240466,-0.05448388311805141,-0.12835257186664317,-0.16528584353212683,-0.19379435003556034,-0.12143241756093659
2023-10-11,-0.06106468642526697,-0.05262455780237485,-0.04979997830248706,-0.1270725915925659,-0.050844861164624056,-0.12359886146004706,-0.160647440301659,-0.18937266674263842,-0.11708421326311957
2023-10-12,-0.06803325021190942,-0.05877692842401816,-0.056576148412627814,-0.13596664062853514,-0.055958857613301216,-0.13204788501413256,-0.16864168412148095,-0.19736966316279592,-0.12456916115771277
2023-10-13,-0.06524142373516728,-0.05538104201361038,-0.05353184766731711,-0.13264038338746698,-0.050350836475708816,-0.12815084186413794,-0.16242390667153617,-0.19636243080523597,-0.12226439919530263
2023-10-16,-0.06427273855174465,-0.053679985342232284,-0.050514872913208775,-0.13067345836994315,-0.05295060885825165,-0.1308660152339448,-0.160068293414238,-0.19513022377452327,-0.11905980499390056
2023-10-17,-0.0663630148839559,-0.055061442897177626,-0.0506774150691941,-0.13244920847474329,-0.0555533320749082,-0.13617464302637017,-0.16187632519898587,-0.19654164260924267,-0.12009856193126534
2023-10-18,-0.07189489376052971,-0.06045496697305619,-0.05647681461428378,-0.13996439196906774,-0.056955227663830654,-0.14179789021574463,-0.16669237996653075,-0.2042225540527406,-0.12725553507382092
2023-10-19,-0.07705148534967077,-0.06482859590852896,-0.060502397217766846,-0.1462015529625702,-0.05938403420037841,-0.14770202599394278,-0.17415625842962834,-0.21062624337459646,-0.13252391802467078
2023-10-20,-0.07948272983182314,-0.06872126276290924,-0.0652503663088132,-0.15012514548780342,-0.058429663342379534,-0.14709093445984955,-0.17806972244938912,-0.2147682592520831,-0.1377147630178034
2023-10-23,-0.07877898671835093,-0.06869626156937503,-0.06641040568306411,-0.15000747364039846,-0.05633499854815982,-0.14325849767644194,-0.17817619105380333,-0.21489512338844763,-0.13816402166225894
2023-10-24,-0.0747398984537313,-0.06481367256687753,-0.06295513729187796,-0.14490448116405275,-0.05410278337870722,-0.1389990155248051,-0.17254631492434047,-0.21019763090245602,-0.1336571162754301
2023-10-25,-0.08293691222027555,-0.07282103049155109,-0.07029650900053042,-0.15425539598205307,-0.05830688377731208,-0.1478163714204257,-0.18163297400979594,-0.21853617281788007,-0.1427241035663065
2023-10-26,-0.08253722789501672,-0.07408307705446582,-0.07182627385289031,-0.15388263092865417,-0.056029610640014105,-0.1452311715963519,-0.18143840118237975,-0.21837050385066858,-0.1446698667827967
2023-10-27,-0.08258439556812147,-0.07380600922920644,-0.07105872403572588,-0.15475588476124524,-0.055180170531275996,-0.14552703763478136,-0.18283301237271388,-0.21940156851909876,-0.14466092767952665
2023-10-30,-0.08179203739748553,-0.0724013447244708,-0.0700468283672,-0.15292684531999234,-0.05658427578446612,-0.1462639406226094,-0.1807143237826806,-0.2176162230339983,-0.14247864153747403
2023-10-31,-0.08039549289737413,-0.0710373455798673,-0.06871217215593639,-0.15153954430491468,-0.05739535242338767,-0.14632114425720066,-0.18056989710508609,-0.21634866789608542,-0.14077713988654128
2023-11-01,-0.07314129752217347,-0.06407413332032419,-0.0628414483281059,-0.1434761184108535,-0.05200618004700419,-0.13584096768293952,-0.1724170805871863,-0.2093919449303302,-0.13321924576428568
2023-11-02,-0.06146397569889317,-0.052233583860196275,-0.05057345473621955,-0.12914556434377777,-0.046058388473742884,-0.1250615974559418,-0.15932289936544852,-0.1981329306139179,-0.11940315880760066
2023-11-03,-0.05687405219084951,-0.047381668809547084,-0.04489215173821015,-0.11967670776994688,-0.04307729982200181,-0.12047722443167341,-0.152227172498957,-0.19151295120068024,-0.11054155205141503
2023-11-06,-0.05891211689575637,-0.048810840537177325,-0.046522576450847675,-0.12306169610204842,-0.045435073118863856,-0.12344113788215705,-0.15555607487468603,-0.19488017624968956,-0.11296157906518678
2023-11-07,-0.058608505217832785,-0.04912546841323795,-0.04772804903832317,-0.1233803528336167,-0.04355893928623766,-0.12036243512308342,-0.156668777499273,-0.1954030365203453,-0.11369231277789849
2023-11-08,-0.058453934621184866,-0.04977346841708441,-0.04936706387015177,-0.12400058855490059,-0.04203553826750972,-0.11849265416526022,-0.15656274784732072,-0.19543004791795937,-0.11507903990507506
2023-11-09,-0.06279412744013035,-0.05368551591605908,-0.05322131981735834,-0.1315976166442121,-0.046531919439557035,-0.12493377739014866,-0.1640972027142551,-0.20229604217384223,-0.12168447607003996
2023-11-10,-0.059259001634805575,-0.049917969383125205,-0.049204379900598005,-0.1257463618397523,-0.04485569945368839,-0.12252649871161758,-0.1595951169950024,-0.1967265586005723,-0.11484499416447536
2023-11-13,-0.05896335089578164,-0.049372167170388837,-0.04851682632944221,-0.12525887433839622,-0.04422298224364163,-0.1224579097005064,-0.15918934080483704,-0.19649731864597442,-0.11414215923894266
2023-11-14,-0.04786793980569937,-0.038581278506771066,-0.0359458803786209,-0.10526954171960712,-0.037086540948196745,-0.11208883826326121,-0.14052740778001982,-0.1800635424807634,-0.09536458445056217
2023-11-15,-0.04930344812114784,-0.0395585189837786,-0.03636633808866585,-0.10714892402190124,-0.04013377297676479,-0.11643175089452773,-0.14311726536210934,-0.1826544609961296,-0.09660253219751813
2023-11-16,-0.049025526559810406,-0.03982873673221665,-0.037919255436345334,-0.10787317490465631,-0.03754442785250334,-0.1129363796050723,-0.14409717330469562,-0.18385808153062644,-0.09809459433965739
2023-11-17,-0.04697523044189722,-0.0377462084964878,-0.03527534474299765,-0.10386335280790893,-0.0359033770984607,-0.111835223772489,-0.14095261360600053,-0.1804907911225665,-0.09421986065048682
2023-11-20,-0.04401093919026744,-0.03445387175010084,-0.03161317135313757,-0.09843537554336912,-0.03387305401278873,-0.10972949102328444,-0.13667155414945553,-0.1762572776697685,-0.0883797243615716
2023-11-21,-0.044467126759457964,-0.03485274639972724,-0.03253144321773027,-0.0998667628961607,-0.03285415793422075,-0.10915829231980922,-0.13779696638082306,-0.17702939066131207,-0.08992490731620251
2023-11-22,-0.043639691175001105,-0.034215675404349555,-0.03193843616793324,-0.09870265874241091,-0.032456925423758554,-0.10898464318307477,-0.13633428151644134,-0.1760437151947828,-0.08879142519682859
2023-11-24,-0.04425612357360986,-0.03446739904510021,-0.031548687121750074,-0.09927563138765794,-0.03442444324138749,-0.11212473402875156,-0.13696872854626474,-0.17695804642121737,-0.08893631652027956
2023-11-27,-0.04259406758707118,-0.03347958442473875,-0.03135699469820663,-0.09747277750174499,-0.031044682801508294,-0.10805701972440807,-0.135653350402121,-0.1754825228393947,-0.08814987916772743
2023-11-28,-0.03951496968027479,-0.030195908936219484,-0.0279821657604562,-0.09332091221866767,-0.028320925895428672,-0.10494413133804192,-0.13211376761903237,-0.1719772960638145,-0.0841471790345163
2023-11-29,-0.03593393394337341,-0.02767772848608141,-0.025874745830415602,-0.0897945731073645,-0.025101707198703416,-0.09995911421646264,-0.12933983536789517,-0.1686438806231243,-0.08136122436396909
2023-11-30,-0.03868211426471091,-0.029491029545437364,-0.02757972322386759,-0.09214000438545278,-0.028116155727306524,-0.10411025188554979,-0.13056451116014944,-0.17108956609489379,-0.08345259140463746
2023-12-01,-0.02972414525168987,-0.021318790630438622,-0.019176419222138752,-0.08165601093729735,-0.022484387233172365,-0.09575807286732729,-0.12116218218641983,-0.1617939322860772,-0.07422991551812619
2023-12-04,-0.033033500438811814,-0.025647202463613072,-0.023521811714518948,-0.08619184625959153,-0.025699286962490575,-0.0995194154333815,-0.12519028394982634,-0.16593204470302936,-0.07904509907644375
2023-12-05,-0.03243328063191364,-0.025838097938228666,-0.025359929837526884,-0.08639707920106476,-0.02262893416432543,-0.09454997778468577,-0.1255429140197234,-0.1668382501145933,-0.0800726354207768
2023-12-06,-0.033656856855727946,-0.027159897050817006,-0.027755070477777588,-0.08732887606376849,-0.021367000076525478,-0.09336808748420067,-0.12609758821463124,-0.16775166942296782,-0.08218359413217546
2023-12-07,-0.03139302961193868,-0.023872210666064486,-0.023649010162874573,-0.08433821556293664,-0.021258321046337958,-0.09239705154597289,-0.12425611212519927,-0.16530935733654006,-0.07814433543850663
2023-12-08,-0.03261598860262227,-0.024587596945896628,-0.02353153234306038,-0.08568379252928271,-0.023704823137892572,-0.09509408956728949,-0.1261054255730677,-0.16642789655913004,-0.07849211690505864
2023-12-11,-0.03254201104063836,-0.023716879880271713,-0.022293071014762966,-0.08506690412034357,-0.02450039290286765,-0.09480888986661773,-0.12515863717108233,-0.16578849906718807,-0.07738143033985512
2023-12-12,-0.03234126461415421,-0.022604780296962224,-0.02162801512693935,-0.08429623253290852,-0.023705620106283853,-0.09249276003599172,-0.12417127947545625,-0.16500067489463677,-0.07640851456424869
2023-12-13,-0.017332934483019757,-0.008195576351728517,-0.006724731102101034,-0.06693150515697788,-0.014897181397613202,-0.07822751443828835,-0.10914690075660904,-0.15020421632124503,-0.06001039258104124
2023-12-14,-0.010688579542087906,-0.0023749009465869886,-0.0006076103305213687,-0.055048112693490414,-0.008948629177728762,-0.0728315370458632,-0.0996490200356539,-0.14163440667119076,-0.04980337838134263
2023-12-15,-0.012044807172775673,-0.00406034467856331,-0.0025330789903865725,-0.0586614117585843,-0.009588793207097823,-0.07318930797480616,-0.10314001941503903,-0.14393752903030743,-0.05288944596021994
2023-12-18,-0.011488671490901603,-0.003038715885051557,-0.0011167314155170471,-0.05788295391313614,-0.009996654043567976,-0.07382670758991983,-0.1028082533080854,-0.1433093260983832,-0.0511282214708727
2023-12-19,-0.008159014405211829,0.0,0.0,-0.05152988348854992,-0.007805776360423677,-0.071886953898882,-0.09704170415046254,-0.13806383044861503,-0.044750620918485806
2023-12-20,-0.011213102538762287,-0.004540531912520351,-0.005871059828826297,-0.058734228488005025,-0.0077782930985145216,-0.07087973870777431,-0.10224382920948427,-0.14303272700240777,-0.053284614500012095
2023-12-21,-0.00847162161859294,-0.00034348179774601473,-0.0005988128645273427,-0.05190484361585068,-0.00720487183147922,-0.07058232094577543,-0.09642129853902515,-0.13687518793641995,-0.04579307702880642
2023-12-22,-0.00802232193238761,0.0,0.0,-0.05134779945837553,-0.007545532265196053,-0.07102507904416511,-0.09574844230801283,-0.13655602874380335,-0.04476157568679795
2023-12-26,-0.004864160475830159,0.0,0.0,-0.045960449633433376,-0.005618024312973646,-0.06952034295707976,-0.09093053720605693,-0.1321668614787338,-0.039178764443823955
2023-12-27,-0.0020192179302472857,0.0,0.0,-0.04100153182405564,-0.0016571080463035903,-0.06434512914291124,-0.08673267119830452,-0.12809549912605978,-0.0352712028687342
2023-12-28,-0.004195631257987387,-0.0011630908031946552,-0.001155291799925351,-0.04283604707949229,-0.0038713440306943347,-0.06754706730732785,-0.08747115489440549,-0.12996584557334323,-0.03693312990028508
2023-12-29,-0.008619450409259377,-0.005069728530331941,-0.005290765176170886,-0.04769511444780683,-0.006022083240953102,-0.07146776727545046,-0.09202272972402925,-0.13441048049580573,-0.04163515565827747
2024-01-02,-0.013041564377937909,-0.010092303317894236,-0.010998175716863012,-0.05347939074846131,-0.008633470632485873,-0.07671518805567867,-0.09710633554671089,-0.13934029191012953,-0.0479509339277574
2024-01-03,-0.016949722663998856,-0.01571573822349781,-0.01746433288671234,-0.05950368606177414,-0.008730725539024875,-0.07759150941739312,-0.10379672797728035,-0.14573733333632888,-0.05469788982478829
2024-01-04,-0.020462851258265857,-0.018765693786929827,-0.019924044310086875,-0.06329208819783083,-0.011814282592177872,-0.083135735702217,-0.10708828072366816,-0.1489400611207542,-0.05800435144369942
2024-01-05,-0.0212490801896984,-0.019290555009935262,-0.019808315899430662,-0.06421925354880431,-0.013064716174484126,-0.08509550181390069,-0.10833138059261482,-0.14980345064000533,-0.05833937545323342
2024-01-08,-0.016434137120657888,-0.012257312101122908,-0.01354787785749012,-0.057601705303341744,-0.011012574557236476,-0.07900538398169532,-0.10093151134822897,-0.1438049102705462,-0.0510401882046676
2024-01-09,-0.01719729656768121,-0.014064363715400319,-0.015454516991267875,-0.060289832399114895,-0.011098157310254875,-0.07893356494374026,-0.10333480070483148,-0.14567105237567035,-0.05311103972253528
2024-01-10,-0.017333473880886352,-0.0130697528457554,-0.014473380894388432,-0.06002135955360366,-0.01181448611306013,-0.07914738704837154,-0.10280225111663921,-0.14540992152606724,-0.052085712504668535
2024-01-11,-0.01574531303629556,-0.012147849689837398,-0.013811840982448254,-0.05861306505628783,-0.00948710645693951,-0.07530758453328612,-0.10142442453906697,-0.14431094859813365,-0.05105572956521387
2024-01-12,-0.013713089212769702,-0.010250454263715514,-0.011554044922717277,-0.0562103050270083,-0.008245967579045832,-0.07409624296056194,-0.09950446218312292,-0.14243140070974625,-0.04875725889897742
2024-01-16,-0.02068462622167422,-0.017260793515586625,-0.018699033553203237,-0.06602642911120027,-0.013111352418410105,-0.08171059926900304,-0.10816030151827827,-0.15018276736253544,-0.057036090686160335
2024-01-17,-0.02531499692362027,-0.022658487671395888,-0.02460744331158249,-0.0726146625444809,-0.014975865359405316,-0.08466713571901219,-0.11371828687508845,-0.15708371920876774,-0.06344297107820474
2024-01-18,-0.022907248308801975,-0.019170931823890514,-0.019892343882529695,-0.0692190810659743,-0.014785034369757089,-0.08421676328476357,-0.11079441654159139,-0.15373149525619412,-0.058650593944223894
2024-01-19,-0.01859826719957558,-0.013431155760883606,-0.013673183806585887,-0.06349451364772851,-0.013354670968141136,-0.08116711960627077,-0.10553532877299399,-0.14868858172151989,-0.051759089203027075
2024-01-22,-0.015662177995205084,-0.011119530310107262,-0.010990626541490967,-0.06054448855625305,-0.012010656689865118,-0.07854478802772968,-0.10281979580274647,-0.14596816761569764,-0.0488275404334888
2024-01-23,-0.01616295286541758,-0.011030529896407737,-0.010280196640707784,-0.06076649351700858,-0.012734592913625664,-0.08013461436670666,-0.10297895766225185,-0.1461706838517295,-0.048356478048384166
2024-01-24,-0.017429317184613602,-0.01133174331789455,-0.010180952237235918,-0.061389962957571154,-0.013810808912322226,-0.08109227944461117,-0.10349844847458833,-0.14683681114359304,-0.048376857599337075
2024-01-25,-0.012679841513369428,-0.006929734032536827,-0.005763934799622783,-0.05602887752649466,-0.010895387655745603,-0.07584047441837027,-0.09875057846478963,-0.14238293540846647,-0.043430900640491044
2024-01-26,-0.013554947208033297,-0.007814938698134877,-0.006380348621486509,-0.056689927893653236,-0.0114571293286998,-0.077342698440925,-0.09961435870325608,-0.14316441600039387,-0.044317662333708485
2024-01-29,-0.008836637113565637,-0.0028785176896715114,-0.0016682793195643697,-0.05110173448284705,-0.008528778793135405,-0.07258563139382224,-0.09461136181089114,-0.13812141590574278,-0.038583199907819665
2024-01-30,-0.009234096828180771,-0.004147001441936693,-0.0034014469998042696,-0.0522284088448598,-0.00698265009214083,-0.0711268349756291,-0.0954610731958827,-0.1389646354670826,-0.040296270699217596
2024-01-31,-0.013655035684122407,-0.010457929019383916,-0.011281859310785847,-0.05806594623370187,-0.006266982565326429,-0.07156425804614386,-0.10105397267556238,-0.14397074003153998,-0.04840819183062384
2024-02-01,-0.0065891724360356285,-0.002964442889012542,-0.004634582684668431,-0.049174039580608064,-0.0017631111015238288,-0.06419542997350258,-0.09300850365936686,-0.136059278379975,-0.03986608591332308
2024-02-02,-0.011605089025686799,-0.0053708956694342724,-0.0070647184626111414,-0.05476830807453614,-0.006890447390146326,-0.0707853571209266,-0.09818920028587996,-0.14101178321375185,-0.04257161825483591
2024-02-05,-0.01776538307052089,-0.01050179398294726,-0.01157173677119383,-0.06172372001503568,-0.011280508085649954,-0.07809996776779926,-0.10483214338176716,-0.14744007806233472,-0.04834013140115101
2024-02-06,-0.013263479440643766,-0.0060319033772170405,-0.006799403051075403,-0.05504025096131848,-0.008411062939297609,-0.07376603982546115,-0.09959877586181853,-0.1411490432514909,-0.04293616998561467
2024-02-07,-0.01240820584522151,-0.0041981357295088895,-0.0048664601597681045,-0.054098193067538936,-0.008609388868044077,-0.07343241740167661,-0.09850866657696333,-0.14047762340230263,-0.040762966271386314
2024-02-08,-0.01139685008227631,-0.0033898000805654416,-0.003271031551005832,-0.05346288410996247,-0.009627658269553252,-0.07528389492924714,-0.09740876211205218,-0.13978362721609083,-0.03949917541344783
2024-02-09,-0.009238281526255054,-0.0005328842271891121,0.0,-0.05054912582686888,-0.009680606840308581,-0.07440163309003889,-0.0947752801283388,-0.13716798031717814,-0.035664013767800706
2024-02-12,-0.00857052825306559,0.0,0.0,-0.048855153436771714,-0.009664154247469914,-0.07451275534575041,-0.09353970442308124,-0.1357728226862105,-0.03440904797857214
2024-02-13,-0.020639306565347626,-0.012115632764420736,-0.012996048435387597,-0.06408505235739292,-0.015723025254523515,-0.0850692022072882,-0.10648726108245044,-0.14832902277117976,-0.049464950812388664
2024-02-14,-0.017824486229962577,-0.00863199482061372,-0.009352947356852659,-0.05754665832571215,-0.014060750142097067,-0.08248403640722612,-0.10089530047326534,-0.14106515432268085,-0.04271788255124931
2024-02-15,-0.013595826597250338,-0.00440629167567419,-0.004571042159291383,-0.049696633098307075,-0.011808554386021797,-0.08014174723437928,-0.09412352841908045,-0.1348044704139043,-0.03506807911922072
2024-02-16,-0.01581671113230043,-0.006483365159257404,-0.00645010306549787,-0.05306199435590886,-0.013191932906649328,-0.08317588453239166,-0.09784298975146455,-0.1379433276190868,-0.038834656184451144
2024-02-20,-0.01648016981666045,-0.007488874079041863,-0.007641484656740416,-0.05420502989466969,-0.012552098035553239,-0.08273925570299756,-0.0996383664877819,-0.13934226125050264,-0.040948995925048415
2024-02-21,-0.017119640495276034,-0.007884745791727266,-0.00782250636688353,-0.05501147516608129,-0.01372905385560097,-0.08480197713661441,-0.1006937706862795,-0.1402551613168147,-0.04164823602658785
2024-02-22,-0.012356915835200377,-0.0013408097238993832,-0.001401554110588732,-0.047500761999737184,-0.011538523111382037,-0.08089386095374596,-0.09350554304326386,-0.13393723564624627,-0.03196856653704894
2024-02-23,-0.011617301515885026,-0.001212958480040327,-0.0019082686376260538,-0.046468864472775095,-0.009550612761210275,-0.07870868407989695,-0.09249596249944303,-0.13291164088726304,-0.03183988289512196
2024-02-26,-0.01264979602160643,-0.0022111412594174595,-0.002472054189782913,-0.047949401886687615,-0.010185526662012445,-0.08044231266277113,-0.09354933814949506,-0.13414868519567003,-0.03296871352914288
2024-02-27,-0.011422681922201194,-0.0005266375050253513,-0.0001756584932686156,-0.04623754138388925,-0.010698915690305899,-0.08095036643224873,-0.09244926413396326,-0.13281289470223245,-0.030673308276518485
2024-02-28,-0.011510987884279955,-0.001732567598149437,-0.0019980403406973934,-0.04752545747428316,-0.009805514481811661,-0.08022130702440133,-0.09336888908116692,-0.13368774285181073,-0.032584622559384435
2024-02-29,-0.007996951162304922,0.0,0.0,-0.04385315870086404,-0.008013966744035761,-0.07770787178072713,-0.09011451641177581,-0.1305545385404564,-0.02860365518972663
2024-03-01,-0.00046922725249043395,0.0,0.0,-0.03481476699126307,-0.004057016444571571,-0.07220586244683702,-0.08237136332906714,-0.1231732072892946,-0.0190200719708703
2024-03-04,0.0,0.0,0.0,-0.034015099709056695,-0.0036258133366282586,-0.07367883612267645,-0.08165064814256229,-0.12262129792702348,-0.018254452921406483
2024-03-05,-0.0024492987456520288,-0.003784503082885471,-0.004511751777958484,-0.03699099077152135,-0.001509212285892625,-0.07224209295149542,-0.08431197633600673,-0.12518435877597878,-0.023414551132438288
2024-03-06,0.0,0.0,0.0,-0.03058081983563321,0.0,-0.06884274527719758,-0.07878932928224303,-0.11981288034784165,-0.017057346377870375
2024-03-07,0.0,0.0,0.0,-0.025415120941777114,0.0,-0.06595106105332749,-0.07428816622735346,-0.11562638445957885,-0.010670820517943214
2024-03-08,-0.0007263058588415916,-0.001350491460942349,-0.0010927240971712049,-0.026059334808157586,0.0,-0.06719491299258529,-0.07483753964687445,-0.11640336705848375,-0.01260631347292418
2024-03-11,-0.0016504849900099705,-0.0019184756767537392,-0.0016828350130462244,-0.027044620054183177,0.0,-0.06746045409225432,-0.07599040707959415,-0.11749364340931734,-0.013806621532950536
2024-03-12,-0.0013799087995920445,-0.0002995016593716482,-0.0002613241758905316,-0.026062463479885722,-0.0017587808314878384,-0.06810964337799708,-0.07464098693215215,-0.11650520956142707,-0.011274081428808813
2024-03-13,-0.001572097801348482,-0.00012748712936416773,0.0,-0.026084586310698543,-0.0015759024869640426,-0.06910990659284233,-0.07490817354036039,-0.11665552738885043,-0.011433707429708617
2024-03-14,-0.007107442235966266,-0.004902376394325114,-0.0048199705005292914,-0.03304950678205454,-0.005036154209898114,-0.07503538613932581,-0.08133736043960782,-0.12268429037015305,-0.017404843863626063
2024-03-15,-0.00926158773076402,-0.007200107071581474,-0.0068143026311202615,-0.03521980769563349,-0.005599370179760421,-0.07657639621099244,-0.08350174533557675,-0.12494629720932393,-0.020413021744680848
2024-03-18,-0.007412016552093448,-0.004951618944453062,-0.00442282984045228,-0.03369646197314102,-0.005155663492759088,-0.07560124453171979,-0.0823309630060125,-0.12372640850497085,-0.017871309556089843
2024-03-19,-0.0058928754947256134,-0.0035701183500896905,-0.0033368319069091434,-0.032105899689561124,-0.003930590019040947,-0.07276069944768071,-0.08078359834479132,-0.12233961338903021,-0.016125410144676056
2024-03-20,-0.0003559485131531259,0.0,0.0,-0.02517632452783125,-0.0020631310427052796,-0.0697828383250726,-0.07405306550247537,-0.11626118883072056,-0.008426728732703448
2024-03-21,0.0,0.0,0.0,-0.02287851446748701,-0.0015546332835634225,-0.06872329752520645,-0.07200011242372306,-0.11429310519691072,-0.005844385995904755
2024-03-22,-0.001920466685678468,-0.0024685575178238217,-0.0034151453572176527,-0.02569054345066013,-0.000638093146743679,-0.06671634550375594,-0.07393068805359837,-0.1165062225857495,-0.009049825336046813
2024-03-25,-0.0029073515284788742,-0.003006739486816845,-0.003490955499548698,-0.026725803950534477,-0.0012551740385315924,-0.06879182146464558,-0.07509016676740099,-0.11757864045551536,-0.009953828693265998
2024-03-26,-0.003954101205953409,-0.004144928113250512,-0.005004772730154872,-0.027729207730753158,-0.0010070516225396675,-0.06917432538666002,-0.07600731044671438,-0.11849203707843459,-0.011345543093088772
2024-03-27,0.0,0.0,0.0,-0.019673737341096897,0.0,-0.06386448023950997,-0.06882943186660684,-0.11151253741339229,-0.003697241275977148
2024-03-28,0.0,0.0,0.0,-0.017266236498219567,0.0,-0.06424972072551438,-0.06685242686567827,-0.10973210837547964,-0.0013200179141479307
2024-04-01,-0.003388878858500255,-0.0024420286138120417,-0.0021051884115185215,-0.021750220907526985,-0.0029140977289081604,-0.07075868744391811,-0.07082546712742199,-0.11361160678824533,-0.0042705773890823195
2024-04-02,-0.0059890813399468,-0.004196931228927503,-0.004082918289204374,-0.02475589741912232,-0.0028124335594419403,-0.07320388129314714,-0.07312842076843695,-0.1169937318645663,-0.007615813535530758
2024-04-03,-0.0031142724829855695,-0.0011148146435004946,-0.0005259608491314793,-0.021474250507814818,-0.0013242933315330552,-0.07183274965089703,-0.07066561445220165,-0.114264092247221,-0.004041395465343767
2024-04-04,-0.006614656947131703,-0.004754112815782863,-0.004547553660425363,-0.02542275691972562,-0.000965055374788637,-0.07212761037153015,-0.07465066080135352,-0.11799571268214382,-0.0097694949288476
2024-04-05,-0.00372003453476355,-0.0013769857108182348,-0.0006660848711425027,-0.02279216164900355,-0.0015549234933093237,-0.07423532942801303,-0.07209711158867782,-0.11540400003182949,-0.005046985549172156
2024-04-08,-0.0015500767180635089,0.0,0.0,-0.020010279065807435,-0.0011074712291273547,-0.07421619349294484,-0.07013550027681503,-0.11296174549432825,-0.002372227025576934
2024-04-09,0.0,0.0,0.0,-0.01599138945419054,0.0,-0.07089055581736226,-0.06648949134861093,-0.10955571920498175,0.0
2024-04-10,-0.012133389902308611,-0.01019921148468883,-0.010239281825163093,-0.030421295422394246,-0.0061321471972036745,-0.08185635045331352,-0.07958192887735782,-0.12158436694994945,-0.01301522613849082
2024-04-11,-0.00871183049132418,-0.0068909672490103935,-0.006679646728002031,-0.026288870033436496,-0.005101543249295348,-0.08180682753749957,-0.07521160088171519,-0.11765075790651758,-0.007183251544249258
2024-04-12,-0.013839219620038201,-0.012898958355625267,-0.013447525979444652,-0.03434532934824297,-0.005405678394977298,-0.08212247545332396,-0.08222300488660295,-0.12482946927442984,-0.01677529281467549
2024-04-15,-0.019059793136023906,-0.01749480866419828,-0.017959379617167093,-0.04149353018418045,-0.00809352954765108,-0.08971183408436467,-0.09083311380326886,-0.1317747669169813,-0.023793437499794456
2024-04-16,-0.021759000320510036,-0.020356018922082608,-0.021015936058138562,-0.04630519080439721,-0.009579934698090598,-0.09256905336250154,-0.0953899605797286,-0.1366526512527375,-0.027670909794258458
2024-04-17,-0.02469172321709201,-0.023790257414965987,-0.02558357678679568,-0.0490794800573533,-0.0087114642921724,-0.09085296685996014,-0.0977303568176775,-0.1391671177605749,-0.03238454644039912
2024-04-18,-0.025947602828085947,-0.024739840612181374,-0.026395466865371975,-0.05018934803449937,-0.009547506604627332,-0.0929243077573384,-0.0989514856101964,-0.1402480501070218,-0.0336483594650272
2024-04-19,-0.027100109375287285,-0.026000092742354486,-0.027609310720211666,-0.05106227310226885,-0.008931868104134488,-0.09339452022404782,-0.10050267208184371,-0.1416765498906658,-0.03629145146510582
2024-04-22,-0.025685929892879766,-0.02391103198762623,-0.024913980722311546,-0.047622560867169206,-0.009735329271090665,-0.09065987659971031,-0.0956215840233795,-0.13825179452626657,-0.03271806795482224
2024-04-23,-0.020793168249103045,-0.018666257839796918,-0.018969760971341176,-0.04119695049820149,-0.008490890228981973,-0.0870965483149585,-0.0902619540930566,-0.13245713482418497,-0.02536474331045213
2024-04-24,-0.02184286353531828,-0.019476832551986067,-0.019590285106202865,-0.042602829535150044,-0.010009168261358892,-0.08958552457501623,-0.09193407237839324,-0.13385052738210046,-0.02619621891131152
2024-04-25,-0.023622181262578867,-0.02053398759749614,-0.0207516512973126,-0.044776409072100565,-0.010943592051343876,-0.09246178141521544,-0.0939471910883497,-0.1359823090278135,-0.028181960348103274
2024-04-26,-0.019067783435766206,-0.01573960799685359,-0.015758083191895422,-0.03892391082157809,-0.008737183778419366,-0.08824568665313237,-0.08906723776229686,-0.13079939395085516,-0.021594102263396975
2024-04-29,-0.015796330380900003,-0.012786715155371109,-0.012403064538998532,-0.03442674290971626,-0.006834289953654538,-0.08459006745977182,-0.08524588945643663,-0.1271773530490624,-0.017633227978601895
2024-04-30,-0.026369537581404257,-0.02361803316162192,-0.02361235842726117,-0.04707513713719236,-0.011620419853928032,-0.09207339725675057,-0.09654409232046135,-0.13738595429676914,-0.031229013376050885
2024-05-01,-0.026019255651694273,-0.024447607786564074,-0.024910625220309623,-0.04660116819953963,-0.009896695517416676,-0.09026643284846658,-0.0960059353845173,-0.13814955244752503,-0.03196634928647557
2024-05-02,-0.020175708509587054,-0.01801629514682679,-0.017145163882312908,-0.03741957385508543,-0.00757498199208928,-0.08486835929434833,-0.08820062586192379,-0.13075184701860443,-0.02285703554033025
2024-05-03,-0.014312274356809151,-0.012303570927674756,-0.011095273745122758,-0.02976983827915658,-0.00435774127899613,-0.0784833239846926,-0.0816571397200706,-0.12454159799013942,-0.014476228396475332
2024-05-06,-0.009583599250710284,-0.0072060942599663225,-0.00599314731335443,-0.02384181943104291,-0.001806472325982078,-0.07526702143846964,-0.07583189189911876,-0.11950543181993922,-0.0075341795827597036
2024-05-07,-0.00853654203186427,-0.0066940873533741785,-0.005232213507539107,-0.022723179648675207,-0.0010758538379181948,-0.07388462506239657,-0.07484830516689744,-0.11845822865519251,-0.006751373113956127
2024-05-08,-0.011188162839430582,-0.009068742179582645,-0.007852736139911554,-0.02577213567314751,-0.002680926807341666,-0.07643022034512648,-0.07769951224437455,-0.12109330195478285,-0.009383149094361776
2024-05-09,-0.005700737330794126,-0.004119938845345339,-0.002552529006240367,-0.019376717916710584,-0.00017467736198162331,-0.07400793959694663,-0.0720631100533996,-0.1157446124275675,-0.0030886815971792325
2024-05-10,-0.006103721968773401,-0.004367055928214736,-0.0031779028987404256,-0.02018756086772333,-0.0008019266398496816,-0.07611937126012513,-0.07295483836576977,-0.11665290529105199,-0.0032148059198175982
2024-05-13,-0.00576726667772165,-0.0033119697486182487,-0.001599182830993029,-0.019012839719569574,-0.0007468133962971191,-0.07508021904989715,-0.0719868134866718,-0.11576337247858659,-0.002260420389292972
2024-05-14,-0.0017946604414806888,0.0,0.0,-0.014181422069134197,0.0,-0.07233682813561682,-0.06777009334659312,-0.11164178006079672,0.0
2024-05-15,0.0,0.0,0.0,-0.003682345648379437,0.0,-0.06419472395086134,-0.058611409058101804,-0.1027630990613353,0.0
2024-05-16,-0.0016476551703680231,-0.0012719264468341596,-0.0013846219563597995,-0.005632595346021341,-0.0007378136113178613,-0.06569352401368778,-0.060483472671442495,-0.10465725295781003,-0.0020243043904207836
2024-05-17,0.0,0.0,0.0,-0.003643251773348788,-0.0002576390973285658,-0.06693551763353367,-0.0589118955164839,-0.10343291214134898,0.0
2024-05-20,0.0,0.0,0.0,-0.0028174616769574,0.0,-0.06661663180255906,-0.058202173352702946,-0.10262836111439722,0.0
2024-05-21,0.0,-8.387052866198896e-05,-0.00044266658552816196,-0.0029615398587401476,0.0,-0.0651954631074525,-0.058080140780987,-0.10260875692227589,-0.00014583776370313828
2024-05-22,-0.00473924410029869,-0.004650025438574845,-0.005496896436121057,-0.008749613029065295,-0.002102122869057532,-0.06706929158603225,-0.06265203202027769,-0.10726161432462367,-0.0060303312195070236
2024-05-23,-0.012163259930458414,-0.011237058248105392,-0.012495985658545039,-0.01743996373936263,-0.0054730668025883,-0.0713290500301309,-0.06951132974059915,-0.11518485076547602,-0.01448713197942475
2024-05-24,-0.00863339745682068,-0.0072718775312771156,-0.008035582345267911,-0.012765462286383089,-0.0037944169324900523,-0.06801730609945422,-0.06560361056025132,-0.11084264074666683,-0.009226902477614929
2024-05-28,-0.008415124123397733,-0.007029739765647802,-0.007115999827528086,-0.013329645444905447,-0.004937434613648373,-0.07155971136280259,-0.0666616587286788,-0.1115940539796586,-0.008199158511841054
2024-05-29,-0.01497570967279771,-0.01426414117489505,-0.01480617513044813,-0.022733793749692754,-0.008617148280435583,-0.07717514714226525,-0.07490359153100712,-0.1197965411809887,-0.017199643206940785
2024-05-30,-0.013242289815686425,-0.013719866605658382,-0.014609221678095863,-0.020616168433540194,-0.006979198140872445,-0.07486877564890182,-0.07301935865508968,-0.11860548158066087,-0.017116868399931096
2024-05-31,-0.010392312222554878,-0.010996190020698515,-0.012067934430429972,-0.017107560271747535,-0.005571309812651415,-0.0711385768387387,-0.06963838961916535,-0.11570886588756168,-0.014176872979263178
2024-06-03,-0.00789131097237672,-0.00864342047752853,-0.011062948074488932,-0.01391156230503876,-0.0022314168130574963,-0.0664184715563122,-0.06684708998585598,-0.11324352630104706,-0.011846450230355243
2024-06-04,-0.007957527700526268,-0.009120718173457165,-0.01255194140966387,-0.015148781879146034,-0.0010630613289337454,-0.0636459214396351,-0.06846481114384784,-0.11415964883959695,-0.013484917351593295
2024-06-05,-0.001516314353409709,-0.0020241716184706826,-0.005109398025651468,-0.006769111480376178,0.0,-0.058268314319759096,-0.06116335056127353,-0.10714638519122133,-0.004030347516166488
2024-06-06,-9.931504692162196e-05,-0.0006360165018888253,-0.0037382955498534987,-0.005196594243071728,0.0,-0.05841031633275795,-0.05971012862656211,-0.10618965499569721,-0.002399373408013883
2024-06-07,-0.00995291313958091,-0.008813499634961808,-0.011307971487899526,-0.01646140981112787,-0.006922129909391783,-0.06596172795598898,-0.0695711325024776,-0.11503959426700328,-0.012380209646361995
2024-06-10,-0.007524691046365883,-0.0066165493560577104,-0.008472834071358015,-0.013775008290887847,-0.0064785857279092696,-0.06619229261336401,-0.06744119407886229,-0.11248966120727444,-0.008979659893933789
2024-06-11,-0.005958792453007455,-0.005325627233667918,-0.0079046900797477,-0.01292904142445317,-0.004033952609650671,-0.06235767074548526,-0.06664520755852432,-0.11180575034383455,-0.008078136343108833
2024-06-12,-7.476777933790313e-05,0.0,-0.0008830950983331753,-0.004970960682647796,-0.0010281583625465496,-0.056590137655443185,-0.05898007356278234,-0.10529497444772706,0.0
2024-06-13,0.0,0.0,-0.00030343179604708226,-0.004581437045957815,0.0,-0.052156899641699894,-0.05903761877914482,-0.1047097073814176,-3.774627765407157e-05
2024-06-14,0.0,0.0,-0.0011161208096555075,-0.004872525763919389,0.0,-0.05125369658703083,-0.05927238940687829,-0.10501200831518676,-0.00013861230853073891
2024-06-17,0.0,0.0,0.0,-0.0036587161160276382,-0.0015323027156312063,-0.0525119208557161,-0.05898514423343204,-0.10405563310553134,0.0
2024-06-18,0.0,0.0,0.0,0.0,0.0,-0.04837257159030506,-0.055159998377539265,-0.10043198173935797,0.0
2024-06-20,-0.0005261716453710541,-0.0016134407393405548,-0.0019399866135469956,-0.0014233650104288342,-0.0004412117651872993,-0.05108467407858064,-0.05658830161685735,-0.1018243096055177,-0.0015215449573722228
2024-06-21,-0.0031943960025333507,-0.0035661498721679674,-0.0036235585600669085,-0.004067804589017676,-0.0017112806558657878,-0.051419110952237834,-0.05876291630973307,-0.10391976721850327,-0.004528151245329903
2024-06-24,-0.0018428463006814333,-0.0030543971013882176,-0.003128074983036133,-0.0022108605191818453,-0.0007442699184837531,-0.05127283753169842,-0.05745256386299313,-0.10248087840013742,-0.003974103687062525
2024-06-25,-0.0026132015304656253,-0.0027697998598994467,-0.003473519306785189,-0.0031389980313512034,-0.0007540848401139666,-0.050208581438858535,-0.05780478340373951,-0.10308020797564044,-0.0038314861140674727
2024-06-26,-0.006066944574907085,-0.005361370215833272,-0.005168547849952465,-0.007080102703269309,-0.0038517957914430134,-0.05433378729687521,-0.06211281815203007,-0.10633971804036635,-0.006537751929207691
2024-06-27,-0.0018740880572815088,-0.0022657521529889646,-0.001661935065564002,-0.002836702177068884,-0.0017698475700640426,-0.05214918724118611,-0.05848203749016012,-0.10266758861607383,-0.0024308550168467002
2024-06-28,-0.00427607377086181,-0.0049232581955871435,-0.003166058163836638,-0.0054141073658560135,-0.005156296776053559,-0.05794105029259111,-0.060875024827420576,-0.10506848490764076,-0.004614387422812727
2024-07-01,-0.005425671013263855,-0.00583026058099767,-0.003367579731806347,-0.007165345461769723,-0.007264499913373301,-0.06160645373942697,-0.06297878719095884,-0.10669689489024459,-0.0045841731628998295
2024-07-02,-0.0019666520595496007,-0.0017481556869325399,0.0,-0.0028061102028875684,-0.004886656604579431,-0.056883726214303376,-0.05900370228431773,-0.10291692108426398,0.0
2024-07-03,0.0,0.0,0.0,0.0,-0.0006652430743648852,-0.05071709854800899,-0.05322559043266473,-0.09715830849427909,0.0
2024-07-05,0.0,0.0,0.0,0.0,0.0,-0.04572632188553449,-0.04886298055351401,-0.09265931576084663,0.0
2024-07-08,-0.001976268736554765,-0.000665145194433725,-0.0005001164844850026,-0.0012293366119661142,-0.0009773565724181532,-0.04583172983823791,-0.049594820124195804,-0.09353219993163708,-0.0012682584119028117
2024-07-09,-0.003205825093703485,-0.001543598554632153,-0.0016019765365884453,-0.0026139708666199635,-0.001844131557192985,-0.047468174956977416,-0.05123374771338207,-0.09475227392630936,-0.0022989752625883764
2024-07-10,0.0,0.0,0.0,0.0,-0.0002758642873664785,-0.044404564609719976,-0.046789644876128356,-0.08965060127822966,0.0
2024-07-11,0.0,0.0,0.0,0.0,0.0,-0.04167702888170799,-0.04124226453252233,-0.0839929509575017,0.0
2024-07-12,0.0,0.0,0.0,0.0,0.0,-0.0386798817855839,-0.03752925604063906,-0.08025282939955791,0.0
2024-07-15,-0.0006855507343909162,-0.0007550634771990028,0.0,-0.0010282810457927782,-0.0017773989294262993,-0.041525550988528726,-0.03819980622926089,-0.08095104834977684,0.0
2024-07-16,0.0,0.0,0.0,0.0,0.0,-0.03629177293590258,-0.030089165802177464,-0.07301339232445647,0.0
2024-07-17,-0.004285300494031863,-0.006339914862094842,-0.006644852769609799,-0.006075301998122784,-0.001071689849666102,-0.039320756444060856,-0.03612184753690151,-0.07822933215371841,-0.008690808090482727
2024-07-18,-0.009468838118656397,-0.011856451543424185,-0.012805974648156027,-0.013574726294223405,-0.0035947214227630697,-0.04358989691328252,-0.04299218851037556,-0.08522353455401765,-0.016014364911487333
2024-07-19,-0.015755674973119582,-0.01725668628198218,-0.0181390698281918,-0.02041922903136517,-0.0068946111615052486,-0.04766137057458142,-0.04880394192899251,-0.09141601002107014,-0.02318455718416501
2024-07-22,-0.012255316552079787,-0.011966602447502472,-0.011901943598095155,-0.014484845454532547,-0.006321082455438831,-0.04553663816508069,-0.04398917390722179,-0.08549340984034148,-0.016000501416396196
2024-07-23,-0.012742501436015075,-0.013400468364262785,-0.013230432220232347,-0.01586171388701685,-0.00655144266317198,-0.04635162367714418,-0.04495722561561055,-0.08654060771300276,-0.01734452782561291
2024-07-24,-0.02181558743835843,-0.024520982916471756,-0.024752864336798353,-0.028015602165906484,-0.010007182581933782,-0.05421883157419749,-0.05656550727971821,-0.09779321241182615,-0.03182657751275131
2024-07-25,-0.02369017757813241,-0.026095744878765315,-0.025866262338678836,-0.029341095179118537,-0.009770102353964139,-0.053078960943511944,-0.057778616649622916,-0.09984220348219996,-0.03450890753340485
2024-07-26,-0.017937800889824884,-0.019893734330614476,-0.019846773879344082,-0.021247931045773827,-0.0069485878399900836,-0.04838747442319624,-0.04930541829320112,-0.09244937745124371,-0.02630728874042143
2024-07-29,-0.01788143354592686,-0.020043923479812542,-0.020468436079519314,-0.021962646409462994,-0.006269909554239672,-0.04736030940684721,-0.0501431273920514,-0.09311366128989951,-0.027176399896585934
2024-07-30,-0.017231067082854046,-0.020525700251654344,-0.021091492880391915,-0.021586902971410193,-0.005268024348471179,-0.04760302047278098,-0.05007172939350335,-0.09297494374463433,-0.02806117398710839
2024-07-31,-0.006342872423942381,-0.010138326640367179,-0.010737697250521205,-0.0091747505920724,0.0,-0.03864910249138798,-0.038513515811711585,-0.08231664297328078,-0.014365365834856703
2024-08-01,-0.011717644825228968,-0.016452844765020402,-0.01806766025057538,-0.01794908209633761,-7.382987987303302e-05,-0.0399323201195354,-0.04691990129069501,-0.08917368534975023,-0.025599568319354615
2024-08-02,-0.014792737754432461,-0.020616672361984056,-0.02388134363439498,-0.02413006031824083,0.0,-0.034902323939184576,-0.05438917439366664,-0.09764721631009965,-0.03551515408360284
2024-08-05,-0.02248578504876242,-0.02978280725052207,-0.03362742127687035,-0.03933219837636037,-0.0020737120168433654,-0.03801177232014019,-0.07348859084575865,-0.11286741376964027,-0.05266616694229187
2024-08-06,-0.022870306529883755,-0.02882968783603912,-0.031987342747484826,-0.03881890161497481,-0.006008973316893984,-0.04278304715280101,-0.0706785509439618,-0.10991450691559901,-0.0505481294464587
2024-08-07,-0.024632177049688564,-0.030352274825530712,-0.0333301472377312,-0.04123146932246613,-0.007329461163399942,-0.04533782042086143,-0.07361625018158102,-0.11330667368815339,-0.05354064279375048
2024-08-08,-0.018065831776778563,-0.02376391359248764,-0.026336190955892347,-0.02944701152723228,-0.005274898776150172,-0.04409402074698332,-0.060125449762190475,-0.10164866572087072,-0.03954655284877617
2024-08-09,-0.015874969299162323,-0.021525612434834973,-0.024221140172821065,-0.025505546067831952,-0.0027327175062143994,-0.041117786239051046,-0.05677922560556581,-0.09853704917475592,-0.035900428957679864
2024-08-12,-0.01368066880119534,-0.020399256280811073,-0.02306407419536982,-0.023152413096235835,0.0,-0.038756885221378656,-0.055942787515663506,-0.09696343328429058,-0.03353764719205088
2024-08-13,-0.009352979985580157,-0.01543424742570032,-0.01850258496180246,-0.014451904880393052,0.0,-0.034428936336213356,-0.046773421532047,-0.0895509578381728,-0.023810926263904353
2024-08-14,-0.009673113176101644,-0.015243065141880341,-0.018826282428703434,-0.014655892499559009,0.0,-0.033680931708271244,-0.04689225143527709,-0.08964974086408817,-0.024279264449847626
2024-08-15,-0.00565029717449661,-0.011528142045043599,-0.014474651485895551,-0.007633694764773602,-6.482118361061939e-05,-0.03491309272122933,-0.042341213671978184,-0.08417677172402249,-0.014734712921699256
2024-08-16,-0.0031231538515410495,-0.009594777043604008,-0.012902235728417977,-0.003463401853875614,0.0,-0.033417634615129144,-0.03886941082150941,-0.08092099372630923,-0.010807426363823702
2024-08-19,-0.00045157615352731106,-0.006451467973428215,-0.009765425294023578,0.0,0.0,-0.03156773333519303,-0.03385665710321106,-0.07662367495793232,-0.004557310658113267
2024-08-20,-0.0006128100372366774,-0.006914726863364584,-0.010921640795369836,-0.0011820050243659397,0.0,-0.029878647207964404,-0.03433562256129785,-0.07721805086529943,-0.006186545132763954
2024-08-21,0.0,-0.004751978522376743,-0.008658266357244204,0.0,0.0,-0.028310389848650974,-0.031424041998615926,-0.07450589597569712,-0.002722238522495757
2024-08-22,-0.005870471786942111,-0.009704374540257077,-0.013370395893493203,-0.006722398960472997,-0.003204352239246422,-0.03342129907356006,-0.03730098392501646,-0.08005410095751397,-0.010067696861515318
2024-08-23,0.0,0.0,-0.002025859286514664,0.0,0.0,-0.02669603010263688,-0.02416973891211205,-0.06744547208743568,0.0
2024-08-26,-0.0006814707652288421,-0.001189000926035244,-0.0029926636420813946,-0.00155715331693973,-0.00012522301908735045,-0.028201667419106125,-0.0257904824107561,-0.06848041417420292,-0.0019261909740148075
2024-08-27,-0.0007271493272203999,-0.001101910073678547,-0.0031672399073686686,-0.0015965385487454187,-0.00022626027963834616,-0.028634132817881852,-0.025778493967819616,-0.06875491813570944,-0.0016421355480026323
2024-08-28,-0.005361085116815989,-0.004966159453862362,-0.007625278896512322,-0.006667250338533659,-0.0018613475049561456,-0.03131373150784811,-0.030237420340857413,-0.07305258161466133,-0.0074572326748000295
2024-08-29,-0.003857307533662202,-0.004173357632685004,-0.006286915596556475,-0.005206382575996704,-0.0015421449279492405,-0.0316759488844226,-0.029468753472279285,-0.07196402660213286,-0.0058605177142248
2024-08-30,-0.0036266875501572704,-0.003531260773103395,-0.005161213561617695,-0.0047574759605429895,-0.003633747425407452,-0.0331751740657974,-0.028855394563557568,-0.07157952051207106,-0.0037935653346240494
2024-09-03,-0.01250710632911134,-0.010650010423814193,-0.014404631932578127,-0.01467100952078293,-0.00337925525855598,-0.034873120703172056,-0.03596198110006943,-0.08023784585135929,-0.01702618113032517
2024-09-04,-0.012043495760214351,-0.009495946164486013,-0.013969997903315878,-0.013554599927683597,-0.0009880321787848478,-0.03093047580119146,-0.035716426651671185,-0.08002731159556531,-0.016992789051985535
2024-09-05,-0.010378077828207655,-0.008240533765775049,-0.013129684200337555,-0.012003043807609637,0.0,-0.028232321886438982,-0.034946566431035664,-0.07880167377458336,-0.015865037475990218
2024-09-06,-0.019197379859000496,-0.015835978322422783,-0.021337307267193628,-0.02204723092076466,-0.0019140951000822248,-0.03226072894543286,-0.04564043370582915,-0.08763694680243128,-0.02778820324411968
2024-09-09,-0.0145189422079397,-0.010914136625542192,-0.0163258921913767,-0.016039817987068217,0.0,-0.0286830793189099,-0.03975251892736298,-0.08171563195258891,-0.021146315693971407
2024-09-10,-0.012884589798414892,-0.008775859484298487,-0.01451024041959037,-0.014363143144950574,0.0,-0.026526576929190027,-0.03790593633885031,-0.08013086197885422,-0.01896737221804956
2024-09-11,-0.008351240258245629,-0.005011884563178137,-0.010604053426753302,-0.009914577065563202,0.0,-0.023687057141730028,-0.03435110232738958,-0.07626479998825486,-0.012972724549429993
2024-09-12,-0.001485810047849423,0.0,-0.0048248075455372685,-0.0030652454291896225,0.0,-0.021996052337032612,-0.028057413693827082,-0.07060027713781947,-0.005145871422600368
2024-09-13,0.0,0.0,0.0,0.0,0.0,-0.01899814346598605,-0.022452465264467758,-0.06531905292865858,0.0
2024-09-16,0.0,0.0,0.0,0.0,0.0,-0.015675060589207312,-0.019675517222592642,-0.06256071426564724,0.0
2024-09-17,-6.909059144311058e-05,-0.0009062512825122049,-0.00044758750436635353,-0.0006002321544349432,-0.0006353871563349323,-0.01607672286316253,-0.02034548218702059,-0.06307939377771365,-0.0003745168836846169
2024-09-18,-0.0035952472351525877,-0.004245129800793168,-0.0033614846305199952,-0.0046918640523681,-0.0035132268505894126,-0.02004094069617257,-0.023976078912409493,-0.06652894734107861,-0.004124585920497692
2024-09-19,0.0,0.0,0.0,0.0,-0.0008610363893153394,-0.015637960007580554,-0.014264985948380993,-0.056356948211034985,0.0
2024-09-20,-0.0006313587441736379,-0.0011190699742786858,-0.0013351257658743565,-0.0016363393643085145,-0.0003068411234455892,-0.016128953095637555,-0.015325819083578995,-0.05749431746735356,-0.001487614752526345
2024-09-23,0.0,0.0,0.0,-3.127880932163318e-05,-0.00048111217728097344,-0.01680207063545114,-0.014327762549586676,-0.05623493023688986,0.0
2024-09-24,0.0,0.0,0.0,0.0,0.0,-0.014779403235381294,-0.00855219914261618,-0.050791468446822585,0.0
2024-09-25,-0.003684856973040773,-0.0038999272250297423,-0.004205888233483779,-0.005448238846638587,-0.0022554412462995055,-0.018791856743456403,-0.013450219939749486,-0.05532400642687951,-0.004516144773498154
2024-09-26,-0.0012521452662790367,-0.0008860352529114213,-0.001495290787788539,0.0,-0.0016327522866042,-0.01794692681724752,-0.008780664105374925,-0.05058267919526249,0.0
2024-09-27,-0.0013114031339225285,-0.0005210103346525718,-0.0008328419350341898,0.0,-0.0006011672953077918,-0.015290901130086798,-0.008215971468357286,-0.05021814188718088,-0.0005483432640702723
2024-09-30,-0.0022234413579130807,-0.0013620031068396488,-0.0016069342197843062,-0.001953897147156325,-0.0020451940467811625,-0.016679597895994047,-0.009879213792442054,-0.05161940054104297,-0.001612658045946569
2024-10-01,-0.0020695276431951237,-0.001753606820183995,-0.0019377820572868965,-0.001957539768465466,0.0,-0.015033862569219347,-0.010955308726195656,-0.052305857531317,-0.0035113727383734306
2024-10-02,-0.0018307188149540021,-0.0019185411648716677,-0.0010706943648892686,-0.001148013936853265,-0.0008733046858527826,-0.01655207152365168,-0.00999287312325059,-0.051766656364577446,-0.0024850251731659556
2024-10-03,-0.0033922911706080194,-0.005073471003418595,-0.003596752002460235,-0.005249359872467441,-0.002498449373292022,-0.020116167556260778,-0.01414950977870677,-0.05542294401848458,-0.005651635344758321
2024-10-04,-0.001751560324127599,-0.004733996384109318,-0.0023219493501055455,-0.003819732086300154,-0.004733912910160454,-0.023223439004190327,-0.012747504594846193,-0.05355943906119354,-0.002290150860039364
2024-10-07,-0.004800187148545576,-0.008396367551233741,-0.00494137903708014,-0.0074679056343155414,-0.0065624251977826065,-0.02760705146120579,-0.0161771715601986,-0.05711977352901676,-0.006501785328712151
2024-10-08,-0.005512801869430151,-0.008462794783347771,-0.006689854184008359,-0.009375844220469332,-0.006881412372313878,-0.025801828003754523,-0.017080480377546836,-0.058561219551687915,-0.0068612132116673274
2024-10-09,-0.006295209897857812,-0.00898907413959571,-0.00746529651167227,-0.010479587655181866,-0.008384900639059056,-0.027145538313324447,-0.0184071218249533,-0.05914567411684213,-0.006658690781647381
2024-10-10,-0.004874942654595538,-0.00881509494987509,-0.0068183813545952265,-0.010080947091370418,-0.007607240820922234,-0.02721083687338055,-0.017969655993732903,-0.059166001152521686,-0.006129102380683427
2024-10-11,-0.001122269945362464,-0.005086316496204835,-0.0024607376756936583,-0.0049702300810378075,-0.006767626737984589,-0.026252244555894255,-0.01305132803276221,-0.05453584898128383,-0.0006919851619487938
2024-10-14,-0.0008415762601299281,-0.003987221754933712,-0.0018053586771987762,-0.004043063712216077,-0.007124903815009853,-0.02592063583393034,-0.012051134518641149,-0.053490316917494174,0.0
2024-10-15,-0.003703392995294541,-0.006035048707378143,-0.004555005263633061,-0.007361123623368049,-0.005854131008963592,-0.024907737243698658,-0.01494493042661793,-0.056201086912952114,-0.004906353824935095
2024-10-16,-0.0008661611883734599,-0.002718356701121194,-0.0008670011175325731,-0.0027998672586295736,-0.004432921618501062,-0.022668964015289395,-0.011003948726827861,-0.051887500944866605,-0.0006387905635325541
2024-10-17,-0.0025735343467665484,-0.004752850249179819,-0.002914458037460488,-0.00562128993917943,-0.006744877091617418,-0.0273773771355611,-0.013605717137169182,-0.054508741126573335,-0.0022046939522044617
2024-10-18,-0.0003481078779555835,-0.0019094282752513125,-0.00017416199632136475,-0.002244988249122448,-0.005702320815328843,-0.026358919615075416,-0.010944445980639816,-0.051343247609872744,0.0
2024-10-21,-0.004875012666855527,-0.007296196231511232,-0.0058526927288945485,-0.009758115663693445,-0.00922262874323665,-0.03296334777794241,-0.017739337832620827,-0.05788187142598056,-0.0057991685637780455
2024-10-22,-0.002006418793607856,-0.005733875149335321,-0.004210927360100869,-0.008351291778233239,-0.007777565747167259,-0.032478981783881755,-0.016200171027898835,-0.057031438514779764,-0.004144743982301358
2024-10-23,-0.007403719916001639,-0.01051983130259082,-0.008897894881091828,-0.014260056306306002,-0.01024527430278832,-0.03667408099742531,-0.02186699548408877,-0.06264304864821546,-0.011254512185562837
2024-10-24,-0.0042650145306381,-0.00753244507168338,-0.0060765517696451665,-0.010934478067480602,-0.008122739058668671,-0.033609779115378324,-0.018869557837353,-0.05965588260099752,-0.007619362679045394
2024-10-25,-0.0041777495597551395,-0.008145973944453822,-0.006607502275539301,-0.01207312438756536,-0.008558753083768078,-0.0347515520502768,-0.01999697411499113,-0.060778837577722955,-0.007812453497752725
2024-10-28,-0.006115041058064485,-0.008266519754263846,-0.0066964296248460675,-0.011656404797664055,-0.009858919922383302,-0.036162585641647316,-0.019402715300953943,-0.05970850854062326,-0.0071801751359680255
2024-10-29,-0.004674168568919557,-0.00715148614249117,-0.0059595024994535395,-0.011118753433779993,-0.008569393385189694,-0.03500979882175037,-0.01876973931004755,-0.059234622213641286,-0.005647635237960857
2024-10-30,-0.003854577580434393,-0.007237133768271731,-0.006079421455188694,-0.011715643565127887,-0.007864024775495193,-0.0356813736187932,-0.019053864489599004,-0.06014912918045079,-0.006686636843453497
2024-10-31,-0.01049196854318446,-0.015195613316229983,-0.014227370826011554,-0.020245085941152152,-0.009731119202661787,-0.039618338642510076,-0.027056565086290618,-0.06819831071238425,-0.017815281667273752
2024-11-01,-0.013292010964092382,-0.017077420667921284,-0.015977855464955004,-0.022788879546679963,-0.012601826674715766,-0.043278305106652315,-0.028940924446751004,-0.07008818296036523,-0.01873051824294414
2024-11-04,-0.0082631970114464,-0.013175796370513138,-0.011691177968867317,-0.017353062679789533,-0.008910709879803913,-0.03779756489908115,-0.023712695914502646,-0.06552489912819448,-0.014874718859237634
2024-11-05,-0.002001401114370971,-0.006510003623815819,-0.0045551591858356,-0.008977603353050312,-0.006696939654162959,-0.033259284205344186,-0.015511993764789067,-0.05827401465462956,-0.005945040678694946
2024-11-06,-0.004971209693703571,-0.00763037839645575,-0.0037764004142343266,-0.011112377914887839,-0.012561153968849936,-0.03656710083519654,-0.016500043805269482,-0.05862981515587551,-0.0032146114021893712
2024-11-07,0.0,0.0,0.0,-0.00023775599853892437,-0.007193486083957867,-0.02808401106540659,-0.00740015518527648,-0.04878305034487451,0.0
2024-11-08,-0.0005468474415919466,0.0,-0.00020947220823985813,-0.0013155216056022212,-0.006164923307611869,-0.025411875254887972,-0.008298403477212335,-0.04853111195998017,-0.0010487492376775043
2024-11-11,-0.005323803389790105,-0.0037578655996391985,-0.00302454638107974,-0.005243526545051114,-0.009288141447330034,-0.027817467852256028,-0.012162175111108064,-0.05155879378421513,-0.004491918793224747
2024-11-12,-0.012384787276674247,-0.010918841331472029,-0.010365325338133835,-0.015378268966399933,-0.0133482425705711,-0.03438025769938058,-0.02087526015168284,-0.060892994514626486,-0.01319282053536297
2024-11-13,-0.015263077197865682,-0.01334132295013557,-0.012591275429383098,-0.019030101538939803,-0.01548381660308118,-0.036589673347999785,-0.024593199773919272,-0.06436007646203257,-0.016410699597485645
2024-11-14,-0.017531702677037186,-0.0161468971062666,-0.016078976429861003,-0.022270446828170698,-0.015475442133991657,-0.03758867997523563,-0.02752349618929939,-0.06766604000968257,-0.02057949170686224
2024-11-15,-0.022270673736537128,-0.021079175384164373,-0.021618708957898747,-0.027433498261302702,-0.016705039095702534,-0.040701277757597465,-0.03358130762940226,-0.07302627206450196,-0.028099373392552418
2024-11-18,-0.015361924350463463,-0.01527720367716423,-0.01588085209968726,-0.020402583272053798,-0.013509561795036706,-0.037327177299958825,-0.02776855957121871,-0.06674654964273707,-0.02088535915953693
2024-11-19,-0.011861875073266526,-0.012048971462904401,-0.012655113647973448,-0.01683110692993761,-0.01145141282066553,-0.0345895708162568,-0.02448036587160951,-0.0633787686084909,-0.01689396981375968
2024-11-20,-0.012090060465520636,-0.012304031692999096,-0.01295817421496226,-0.0173430960452865,-0.011692245979967764,-0.03582381622040376,-0.025037816345076735,-0.06389407149964388,-0.017035148504396913
2024-11-21,-0.008688683428159871,-0.009224654421245315,-0.009572644384001627,-0.013816677125190413,-0.010727684507505164,-0.03498472636158878,-0.02176775884508997,-0.06096008186747448,-0.012795775545791366
2024-11-22,-0.005094731919523587,-0.006019272598348002,-0.006239113264231322,-0.009673296754791338,-0.009380267349017979,-0.03403524658215007,-0.018120658628383413,-0.057520332913541306,-0.008280882776592002
2024-11-25,-0.003693745252262959,-0.0033277708621463065,-0.003097012589209136,-0.0056162621242539235,-0.006728240139301955,-0.025618488723004207,-0.014480669563421977,-0.05349038699803166,-0.006265276838063438
2024-11-26,-0.0038526142060976154,-0.003263710945468734,-0.003227135526961966,-0.006550436357890654,-0.007272389618120378,-0.026704260251861234,-0.015346684007454758,-0.05421467500312027,-0.0061327300798719175
2024-11-27,-0.00323284813217517,-0.0025960863824998626,-0.0027094326175116645,-0.005051188051703126,-0.00586652770426821,-0.02469347538123423,-0.01396403919974576,-0.05299224235780575,-0.006015475513612589
2024-11-29,0.0,0.0,0.0,0.0,-0.0027005143146787702,-0.019739334068056613,-0.009196526114346515,-0.04865998040189945,-0.000790338254680889
2024-12-02,-0.0011126546630084722,-0.0005164612622662323,-0.0005600488506966039,-0.0006810195258909468,-0.002895573719685185,-0.01877665132502293,-0.010435318439421692,-0.04921992995666402,-0.000758916056329717
2024-12-03,-0.0007949474152917357,-0.0004978067293193167,-0.00048597742151590406,-0.0008955279759077506,-0.003633837468625334,-0.020400170027222275,-0.011199568225920609,-0.04965473984973012,-0.00032297798948222045
2024-12-04,0.0,0.0,0.0,0.0,-0.001130548191096148,-0.015774707765803697,-0.008113308675761988,-0.04651742301801043,0.0
2024-12-05,-0.0018114946313119162,-0.0012738916879272422,-0.0013874907632857036,-0.0012476445065120467,-0.0016111532912662652,-0.01629633381477591,-0.009323478943105479,-0.047791404748433686,-0.001924218280569323
2024-12-06,-0.0009465290651655689,-7.892591412639316e-05,-0.0001750175871553239,-0.00021566744914369718,-0.0008248519018987377,-0.014266727517256994,-0.008337334879462643,-0.04678387065745193,-0.0002195571894849646
2024-12-09,-0.0007416512857982838,-0.0004733228831826919,-0.00020334887914663646,0.0,-0.0015402569323214044,-0.017395209404795775,-0.007983312712336543,-0.046616520965840014,-0.00033618737915130925
2024-12-10,-0.0018436110518957882,-0.003090180024704736,-0.0035065794628298397,-0.0035513744660966573,-0.0013833631185269368,-0.018981985462954043,-0.012090535572513272,-0.049806306732893324,-0.003304042488478265
2024-12-11,0.0,0.0,0.0,0.0,-0.0010781830890856936,-0.018764341482442437,-0.008430117526885272,-0.04629365181278722,0.0
2024-12-12,-0.005922449091530835,-0.005129607539544501,-0.004910159764096589,-0.006919324289016426,-0.004745710380476553,-0.023923991841778403,-0.014763028180580617,-0.0524692867925205,-0.006813842208487797
2024-12-13,-0.008865372420230222,-0.007111057602824711,-0.006352826147937973,-0.010236460043572704,-0.007544350790329779,-0.027483067241898307,-0.017909595949319068,-0.05529127837560888,-0.008837499947162097
2024-12-16,-0.007110625437126261,-0.00528757221978382,-0.004601803403694316,-0.00893534004792551,-0.006556514777315781,-0.02539523755277795,-0.016238626442597548,-0.05416610822005785,-0.006082773438687794
2024-12-17,-0.009730545663034107,-0.00788841054090117,-0.007722318014725227,-0.01215712647636391,-0.007084828408953081,-0.026603649854511358,-0.019252642517924468,-0.05710317573494661,-0.00984939439072019
2024-12-18,-0.027221406553573635,-0.026402626071535762,-0.027377112704525475,-0.034416563939136835,-0.013860303797264772,-0.04001506684035394,-0.0409860024200881,-0.07810792712986103,-0.03422843200114223
2024-12-19,-0.029869168510803012,-0.02884684534260107,-0.029838596406266182,-0.03838373957605079,-0.01632424694311585,-0.04361303935772043,-0.044962141239792475,-0.08324558032117269,-0.03749065441425914
2024-12-20,-0.025972526891607006,-0.024810647471445346,-0.025678868019805345,-0.03160547840360217,-0.013219627870705408,-0.0403216037670473,-0.03860007558599765,-0.07722196795572012,-0.030253288389678668
2024-12-23,-0.026048173864724244,-0.02413988689288271,-0.024745961061532706,-0.0310902598684224,-0.014897711069762787,-0.042259411139787595,-0.037604066306131556,-0.07687134809235863,-0.028338519092613645
2024-12-24,-0.023129233189702614,-0.020875114697594954,-0.021248811539008483,-0.0257923934690637,-0.01300444036446513,-0.0404934832378252,-0.0322243617954826,-0.07177194039914925,-0.02194230802441377
2024-12-26,-0.02197688611465176,-0.020035982007436615,-0.020388989191176488,-0.024081401098090316,-0.01230986108364518,-0.0399400482053186,-0.0306138060832315,-0.0700630500671312,-0.020229093538403964
2024-12-27,-0.025428416477178306,-0.023463246131997018,-0.023874814154134505,-0.030174580218413016,-0.014677047742497229,-0.04270696275789776,-0.03691308342778199,-0.07575426267060381,-0.027192859983062423
2024-12-30,-0.026149427350849352,-0.02487562272472954,-0.025335667167932563,-0.032322843137805424,-0.013130077987774214,-0.04003729785296184,-0.03941331129118186,-0.07879200100274453,-0.03138578388244728
2024-12-31,-0.026162571674607893,-0.025286562378621813,-0.02550214390527683,-0.03264434961979523,-0.013605333400759312,-0.04176233121810957,-0.03975254077348955,-0.07931173303944461,-0.03214186152893961
2025-01-02,-0.024842195648278054,-0.024792296708496142,-0.0249991213779015,-0.03169167396366368,-0.011801432694609981,-0.04102860293306421,-0.039473278137818535,-0.07878783587813465,-0.03130962259664305
2025-01-03,-0.022332226778848052,-0.021117451582909785,-0.02084670217649842,-0.02749923816897004,-0.012430571068413276,-0.04012118909897355,-0.03486856226786195,-0.07477398598681417,-0.025570787636174486
2025-01-06,-0.021887882420191573,-0.019769694682676975,-0.01958485521471065,-0.026509071137924556,-0.012665339009276577,-0.039735595731211215,-0.03435236132856023,-0.07377787524569557,-0.023190404098914263
2025-01-07,-0.02627152262636312,-0.02458155852751398,-0.024300931383462898,-0.03203019861391787,-0.014806850840718422,-0.045483156822937576,-0.039246382838550975,-0.07903068414897152,-0.029512105980720738
2025-01-08,-0.02546086901503719,-0.024254505212130018,-0.024411865859808035,-0.03181254167627812,-0.013921871367978067,-0.0444011875029412,-0.039286005446616756,-0.07903852998951122,-0.02924070992648664
2025-01-10,-0.03057387236716813,-0.029629150837390816,-0.029983771378155777,-0.039721327884729374,-0.014975236717860496,-0.050013575268894606,-0.04779605791316288,-0.08726619687680626,-0.03740258651246031
2025-01-13,-0.030976520161073107,-0.029598620769392125,-0.029529339729611248,-0.04012975289095333,-0.01577395507073709,-0.050717604849581654,-0.04775413845037646,-0.08763073028166868,-0.03795681529169104
2025-01-14,-0.02871689002210609,-0.02748003639890817,-0.026924467059262436,-0.03679800736942329,-0.015276348502039516,-0.05021403710972139,-0.04485856715783487,-0.0845593733923895,-0.03495650258671379
2025-01-15,-0.018007009868126644,-0.016412715638988384,-0.01570750277400912,-0.023591489798781007,-0.00884322901070389,-0.03801814898076972,-0.032620176513529664,-0.07238485868280264,-0.021137973919932107
2025-01-16,-0.01597391545291138,-0.01530249861849764,-0.014497850498684683,-0.02124117066257125,-0.007841020402135412,-0.03736407100204331,-0.0305797595686762,-0.0708225562954381,-0.019900530298147756
2025-01-17,-0.01381181417392141,-0.012693457170881106,-0.012033541888632926,-0.01822816820456219,-0.007369165533748223,-0.035050692949512796,-0.0276732932331043,-0.06807782515373995,-0.015569169752779777
2025-01-21,-0.006247543840165681,-0.006207793397300487,-0.005225508902616971,-0.008809439025811328,-0.004145919822434174,-0.030546380143785634,-0.019693444175173602,-0.060372675866251946,-0.006396285428700521
2025-01-22,-0.006696684960821986,-0.006475461593575482,-0.006124333407850013,-0.010074300064127684,-0.004546237321795821,-0.03146779702584568,-0.020551120714494053,-0.06145954572717016,-0.005682922814219782
2025-01-23,-0.005983311386496437,-0.0056128680674865095,-0.005035048903668016,-0.008880679691779747,-0.005653899687717456,-0.032521212916656106,-0.020067945234367057,-0.06029509348126161,-0.003846583346783339
2025-01-24,-0.005084026968347755,-0.00465611494452578,-0.004189325104004382,-0.007189376482882759,-0.004401757386797822,-0.0315423408947324,-0.018976434958347554,-0.05906354365840849,-0.003259773103800656
2025-01-27,-0.009283029076507465,-0.009855207474676608,-0.00967810090779031,-0.011939345738660512,-0.004076010687647069,-0.031102443978165306,-0.02284426006090101,-0.06302175362012197,-0.011873359834410624
2025-01-28,-0.0072587055502044695,-0.007673450973822549,-0.007834033811317198,-0.009831172959123835,-0.0030872561178419966,-0.029793299689621633,-0.02140293195171361,-0.06129385605831472,-0.0080782827675131
2025-01-29,-0.009743408976216061,-0.00958970426301986,-0.00969847844205729,-0.012223021207316442,-0.0038008934737416844,-0.031112682271451808,-0.023701928336701372,-0.06351906388068362,-0.01054067100753553
2025-01-30,-0.0041549046460744865,-0.0042893259474682255,-0.0041241316792678395,-0.0051034905139273334,-0.001501333551557904,-0.028505605978076165,-0.017580414544165146,-0.057237299599344205,-0.003575512184533336
2025-01-31,-0.006409286659186275,-0.007172241353049946,-0.007391532293595349,-0.009413925031515724,-0.0027638453729481594,-0.03140237014889291,-0.021251850584559584,-0.060862303667099216,-0.00736007136909822
2025-02-03,-0.007591178274546917,-0.00841102140733152,-0.009444160625759923,-0.01150421706496585,-0.0013646215408107398,-0.031032613904307227,-0.023718302253539658,-0.06334920197315819,-0.010437621703476285
2025-02-04,-0.0022695181963089395,-0.002957049531205902,-0.0035050818822087715,-0.0043957875978754,0.0,-0.027507990021741535,-0.016555773496991444,-0.057028640564377175,-0.0027521555337773895
2025-02-05,0.0,0.0,0.0,0.0,0.0,-0.02195786597614835,-0.011047902971268564,-0.051773261325752884,0.0
2025-02-06,0.0,0.0,0.0,0.0,-0.0003204973557031643,-0.022316181098126497,-0.010269418803997121,-0.051321536901142495,0.0
2025-02-07,-0.004387419828455474,-0.004014914125213376,-0.004335327356644658,-0.005172286651397684,-0.002136906777073011,-0.026983208492273425,-0.015493827179259845,-0.056191143538631305,-0.005843589235514535
2025-02-10,0.0,0.0,0.0,0.0,-8.911397468536197e-05,-0.024809163840012527,-0.010044934178872422,-0.05078316899531932,0.0
2025-02-11,-0.0006606734738254794,-0.0003412346982494263,-0.00036317798464091666,-0.00082757850101145,-0.0011422108985241763,-0.026404023043221203,-0.010880180239701387,-0.05166823666386389,-0.0006304188499900443
2025-02-12,-0.003953661619180093,-0.003723852354847179,-0.0039606595908719955,-0.004985346780148059,-0.004200299444725442,-0.03193201397527223,-0.014677829156274469,-0.05534717178272908,-0.00383310746200205
2025-02-13,0.0,0.0,0.0,0.0,0.0,-0.023751127473752076,-0.0055608229180144075,-0.04657984825402628,0.0
2025-02-14,-0.0004492406767500068,0.0,0.0,0.0,0.0,-0.020923643375900802,-0.005062028815284281,-0.046182529201357236,0.0
2025-02-18,0.0,0.0,0.0,0.0,-0.00020461325539866682,-0.023286139281956997,-0.0020779745903293234,-0.043650580607941025,0.0
2025-02-19,0.0,0.0,0.0,0.0,0.0,-0.021922983275545316,-0.0022249965446408115,-0.0436387753326708,0.0
2025-02-20,0.0,0.0,0.0,0.0,0.0,-0.021080578834264507,-0.0017254369388300939,-0.04320585281716871,-0.00020599923344977178
2025-02-21,-0.00587827263865448,-0.005603044949694547,-0.007577656999646409,-0.006738502173893268,0.0,-0.021807505005229544,-0.007564437388198231,-0.04951184064702385,-0.009909767820216686
2025-02-24,-0.0068882065440944995,-0.007135242830168975,-0.00997959208703969,-0.008802616438863042,0.0,-0.02161489521332549,-0.009679442741781785,-0.05201601734814443,-0.012951884651881573
2025-02-25,-0.007417530550499651,-0.007271873255016326,-0.010527081284395834,-0.00784144080777216,0.0,-0.017624020923686645,-0.008269118273041998,-0.05128749773019803,-0.014904012947165923
2025-02-26,-0.006741308905099053,-0.006468506857748801,-0.009990046024603738,-0.0064913115706309865,0.0,-0.015848991077417662,-0.006791829294356955,-0.05017842376910664,-0.013916078948676414
2025-02-27,-0.01523710690725566,-0.014278555189081055,-0.017708422646047328,-0.015928398274256295,-0.0031854004259173063,-0.021391028821513558,-0.01624017722144766,-0.05885701229769702,-0.025339320461653214
2025-02-28,-0.010732727355228011,-0.010644030870578192,-0.014250586093220385,-0.011844769070268102,-0.0008358239758377017,-0.015234695286785671,-0.012429469108018343,-0.05491878578560705,-0.020330419105162534
2025-03-03,-0.013741401692442534,-0.013442075800301101,-0.0185391492471213,-0.01544436131978999,0.0,-0.01717205323310178,-0.015420597457030616,-0.058547658240364786,-0.02615005773443657
2025-03-04,-0.01614064068611687,-0.01579703882207162,-0.020892711555221433,-0.018449660536596024,-0.001396813878799974,-0.02121980069818652,-0.01874540298155314,-0.061680553106335356,-0.02896065429168937
2025-03-05,-0.012078252388819877,-0.011008467342454531,-0.015303651629486104,-0.011771702222957647,-0.0023775635920153526,-0.022233789009618032,-0.010006318678474457,-0.0550208258623992,-0.021314422797781396
2025-03-06,-0.021445845512660933,-0.019759964563341725,-0.024742176775493174,-0.021963980255613635,-0.0047042657151948886,-0.027780362642140788,-0.02159389018883273,-0.06445985638663032,-0.03336342069099474
2025-03-07,-0.018877665688635248,-0.016999773073225644,-0.02142032548848105,-0.01851126214527532,-0.0044466080328122715,-0.027035314406274602,-0.017930527229470195,-0.060676099974301234,-0.029264410367801585
2025-03-10,-0.02896835023613764,-0.026806725868966486,-0.032053962244189105,-0.03043007166903855,-0.004802193168652602,-0.029609454428685344,-0.030319557287465382,-0.07187821793661675,-0.04481341901641356
2025-03-11,-0.03023559509120377,-0.0282781435495274,-0.03318490367183757,-0.03214865751784135,-0.005739455706388563,-0.03358094067030981,-0.03245479833755682,-0.07364465637012885,-0.04612485742211969
2025-03-12,-0.02860025652870657,-0.026750136777450195,-0.03164239289540538,-0.030419685366569915,-0.006105604058909031,-0.034215997642448315,-0.031168482589308266,-0.0718371349869813,-0.043120513598721044
2025-03-13,-0.031692788417999496,-0.030395716082390556,-0.036443649387787436,-0.03464223182310333,-0.00438048205651731,-0.03535125937639083,-0.036039538558904516,-0.0760716006501796,-0.048605743012504976
2025-03-14,-0.023523872517157818,-0.02221619504024741,-0.027562533910303832,-0.02444030023396948,-0.003727057672995193,-0.03215764676384025,-0.022919908701158564,-0.06557084916286915,-0.036840658801118975
2025-03-17,-0.018168325962756415,-0.016514193661447796,-0.02135502589673266,-0.016750598938196082,-0.0017436731602953337,-0.029077670145126966,-0.01642253269289695,-0.059324400717711834,-0.0293723249337009
2025-03-18,-0.020394962165869557,-0.01898015611217263,-0.024131515770109857,-0.019603404219814546,-0.0012258789896453237,-0.0306816138005247,-0.01907056279670194,-0.06201565881435078,-0.03333537893074312
2025-03-19,-0.014974393337925052,-0.013943588371716165,-0.01901620671794868,-0.013268152616484286,0.0,-0.02481973998180864,-0.013258791945486625,-0.05627848795936974,-0.026484360400426454
2025-03-20,-0.016641222209134,-0.015529351840195882,-0.02074168165319923,-0.015832166468718878,-7.635131083527646e-05,-0.025382226983026057,-0.01598772219910205,-0.05840391480578999,-0.029133839445452336
2025-03-21,-0.019490299654314813,-0.018476435018613957,-0.02402304390840393,-0.01979356659487186,-0.0016522142746954183,-0.026964706263256866,-0.01979508700779231,-0.061758938895462134,-0.0323967859149481
2025-03-24,-0.014051669447041837,-0.014211683043199308,-0.01869842693023993,-0.014389695636411903,-0.002689146988635316,-0.026396768826699835,-0.014440388928600445,-0.056367014600220644,-0.024804044990749397
2025-03-25,-0.013495468382808351,-0.013844424650773512,-0.018802322739341903,-0.014251797660674081,-0.001888611878064106,-0.025352996947683004,-0.0138245202650229,-0.0563012789331534,-0.02395296176218431
2025-03-26,-0.0187799532800631,-0.01860431117245498,-0.023373491964165716,-0.02039720332419792,-0.00407029308986695,-0.03058777190002293,-0.020221772532134308,-0.06182108633352801,-0.031069722982490888
2025-03-27,-0.018817950413307583,-0.01854224896886092,-0.023406509740677373,-0.020345160499726456,-0.003739489728654233,-0.0322079868760049,-0.020883131623553264,-0.06190144487645344,-0.03101388656715809
2025-03-28,-0.023422044099253747,-0.02215554811170173,-0.028033243027965615,-0.02567394066634532,-0.0016397573671583787,-0.03169695821495977,-0.02768888884296783,-0.06679851317869578,-0.03900377741095018
2025-03-31,-0.02026228583048495,-0.018451541102908142,-0.024479497710379383,-0.02203666424394779,0.0,-0.02804610007342523,-0.0255838860421721,-0.06380659912998465,-0.035375475894849795
2025-04-01,-0.018122714065848755,-0.016181378894259524,-0.02243032343786655,-0.01938239474099257,0.0,-0.02432607154723876,-0.023256468014231757,-0.06147255339112179,-0.032868319387609146
2025-04-02,-0.014278859255152598,-0.013040712692114043,-0.01868703607293698,-0.015284289901561277,0.0,-0.022266653465684794,-0.01938144741210579,-0.0578825068494514,-0.02832126911826749
2025-04-03,-0.03548855593625977,-0.03144112945284128,-0.0399718463908485,-0.038851102692961104,-0.003496655960955386,-0.03224669251603862,-0.03909204981462189,-0.07835524411435657,-0.05592859055830468
2025-04-04,-0.05318268724935171,-0.04786636907371089,-0.05733724002085694,-0.07023597859929376,-0.008627523012846972,-0.03746202278637456,-0.07132982401582966,-0.11523064235946157,-0.09090274472126603
2025-04-07,-0.060291964267012554,-0.0561536828816912,-0.06556000690539188,-0.08601086244666423,-0.01712173155635921,-0.04569987553328991,-0.09228918491401361,-0.1364346976324201,-0.10366051898751072
2025-04-08,-0.06667272125400059,-0.06265576881608759,-0.07283151435253277,-0.09838542242821291,-0.022066312117189457,-0.05111478728154384,-0.10094287355740439,-0.14897168807138883,-0.11507866196374783
2025-04-09,-0.03818567181720134,-0.037450358530397465,-0.0475164618642514,-0.05063467800804733,-0.010111459754014396,-0.04147824874083472,-0.053934029882682366,-0.09254547039932881,-0.062017504722333916
2025-04-10,-0.04807877474838207,-0.04705911120315065,-0.05740897665245359,-0.06990418372319196,-0.01654941437136992,-0.04921567625765433,-0.06528752327022447,-0.09796133918142236,-0.08144664186765793
2025-04-11,-0.04168392177474789,-0.040714982229920205,-0.050998780746613126,-0.05784259943968151,-0.013638184574919388,-0.05012569587665794,-0.05528775772191552,-0.08363595371157351,-0.06843601491329965
2025-04-14,-0.03802573229777595,-0.03703514579506817,-0.04720202209954627,-0.050794460190662694,-0.011242190606321034,-0.044997546393306,-0.049582522238337146,-0.07856534762105138,-0.06230891422461737
2025-04-15,-0.03654489126591132,-0.03572963358611603,-0.04601301860837692,-0.048573656093347406,-0.009656529720886375,-0.042974657159550955,-0.0473602916957061,-0.07625364325108241,-0.06041083085947618
2025-04-16,-0.0370578798141159,-0.03576258256046194,-0.0461103041112737,-0.05009542877362139,-0.006571758780358983,-0.041647491069590314,-0.045878422994392376,-0.07645173206158085,-0.06351924974260192
2025-04-17,-0.035516829174756515,-0.03427532041200654,-0.043951875771952476,-0.04680699257156451,-0.007294274117091493,-0.04271901336611805,-0.04070214087219903,-0.07470677955703542,-0.06051983113419457
2025-04-21,-0.03961900825811271,-0.03869431716161442,-0.048576711886836654,-0.0557211600569304,-0.010047850275762604,-0.04791687594962113,-0.050079141160668694,-0.08257862487963341,-0.06860036713462492
2025-04-22,-0.03411635929924273,-0.033362400574544204,-0.04296662993718092,-0.04498952640197884,-0.008531904153784908,-0.04543596940443573,-0.03737051992761231,-0.07120224886393611,-0.05765662163291019
2025-04-23,-0.032284977018236405,-0.031266598534420265,-0.0408170249173514,-0.040293065019813,-0.007811103628891591,-0.043437211480484406,-0.03566637477115753,-0.06812955989439562,-0.05318525328860002
2025-04-24,-0.02516544422408451,-0.024273843155370955,-0.03401423656569291,-0.027780800612746348,-0.002313243121381814,-0.037404150911800604,-0.024789112061148977,-0.05695038635048466,-0.03947319311299902
2025-04-25,-0.024129194754100136,-0.02306111811636591,-0.03289446762362869,-0.025570477470564068,-0.000911414600978655,-0.03439043949207188,-0.02319672762242997,-0.05501401819141993,-0.037269015944298656
2025-04-28,-0.021829101323093347,-0.021039096352343134,-0.03125768951184693,-0.022267569534733855,0.0,-0.03212298461438157,-0.019482074665592597,-0.05175232640313132,-0.03410642910766004
2025-04-29,-0.021057884041056907,-0.02011404728909616,-0.030430447814696615,-0.020373709242088256,0.0,-0.03012150908560296,-0.01831166230545056,-0.050014088025652104,-0.03263668266820452
2025-04-30,-0.022866330869350637,-0.022074989278705104,-0.0325409357181089,-0.023951567926079553,-0.002611001856924533,-0.030404212776990902,-0.02247685145799516,-0.053863604789199826,-0.035858866162340464
2025-05-01,-0.02330256410291842,-0.022362745392108585,-0.03201257314673445,-0.024064721053877025,-0.004520014802418149,-0.032035944359640633,-0.027112913471058153,-0.05523662566960241,-0.03527846074824337
2025-05-02,-0.0195533524563275,-0.018810822177742215,-0.027443291085235355,-0.01582123596886742,-0.005279654165504466,-0.034360996999456384,-0.02576431624011144,-0.050477037663905655,-0.025883750812752182
2025-05-05,-0.01862928134807551,-0.018174919506628973,-0.027848105272743173,-0.015613030092153202,-0.00453676403839931,-0.0356651854180845,-0.024050232909116342,-0.04948601070865277,-0.025028287736098886
2025-05-06,-0.017253309250007343,-0.017064516932650653,-0.027766720136626066,-0.014914553770251415,-0.00158856893754733,-0.0340681225863968,-0.021356880031342507,-0.04820178002061348,-0.024390941569637614
2025-05-07,-0.018122699028200406,-0.017836947091521504,-0.028546365848531097,-0.016555967156801188,-0.0019548301546706837,-0.03279062740600569,-0.022204183131489308,-0.049433941137275506,-0.02623769320560676
2025-05-08,-0.0188236855730044,-0.018434207297219785,-0.027841623348122346,-0.016777797876145195,-0.004665775026775676,-0.03615496112547556,-0.024869736502874162,-0.04991236779481212,-0.025540353199161925
2025-05-09,-0.017373092642608,-0.017002490544429705,-0.02624672787605231,-0.014170082131592876,-0.003577667989343447,-0.035474960806435085,-0.022894461304642233,-0.04760602078212095,-0.023143307063344
2025-05-12,-0.014090560441499367,-0.012647564248932208,-0.020182583845423596,-0.004881239914654278,-0.00461935904436428,-0.03538441293500438,-0.01829845330465507,-0.0391098319185309,-0.0113670068487437
2025-05-13,-0.012223813428598906,-0.011055968945960837,-0.018652941622122277,-0.0021252686778487906,-0.0034851281247380017,-0.034096127475865434,-0.014524061085901763,-0.03613905987651511,-0.006956867902700892
2025-05-14,-0.015398644650375437,-0.01366784478351335,-0.02085260889889029,-0.006611417545924314,-0.00664263194563397,-0.036638169229259554,-0.01826716003936768,-0.040319455603275545,-0.010830929530599054
2025-05-15,-0.011572775113153022,-0.010117492324059008,-0.01787442150059948,-0.0006698858375567829,-0.00345202736417094,-0.032696848542606016,-0.013707845415771858,-0.03472249362460633,-0.00531499826194326
2025-05-16,-0.011008287204042344,-0.009087262164867105,-0.0161512526256139,0.0,-0.003586915791077616,-0.031907261273826704,-0.01210978391024653,-0.03310443877364444,-0.0035654961544154817
2025-05-19,-0.009518528436264329,-0.00802538398704955,-0.015783003874333734,0.0,-0.003018144954231916,-0.032567774318613574,-0.011126016145747264,-0.03215831988230766,-0.00151442307566918
2025-05-20,-0.007619115608086147,-0.0072910790159190775,-0.0155255187812664,0.0,-0.002367985060011235,-0.03419102758016668,-0.010423002140246163,-0.03175750930223409,0.0
2025-05-21,-0.01520756895711095,-0.015772985948194873,-0.025221953344843784,-0.010819229045096801,-0.006333942064542075,-0.04388162182914279,-0.0211687821712373,-0.041921777715573594,-0.010185890340251191
2025-05-22,-0.015780558366517705,-0.016076539533143586,-0.02553081063467577,-0.011159405917711473,-0.005571125722399373,-0.041254915555829164,-0.021989838273409057,-0.04288936447844782,-0.011046686813110829
2025-05-23,-0.01345185275383276,-0.015164817028950783,-0.025186702400654015,-0.009525059383739598,-0.003575923554314242,-0.0412392557043566,-0.021724053532048315,-0.041820875946767866,-0.009955986180415266
2025-05-27,-0.007381673713026338,-0.007667949753253578,-0.017088011027785233,-0.0007221628388783818,-0.0010664480159259249,-0.03276497157069558,-0.010562004136935199,-0.03341846443324337,-0.0007588892147172288
2025-05-28,-0.010550469542096819,-0.010872730166353262,-0.020703670271069452,-0.005190794781878227,-0.0024962378366779614,-0.03553390374565735,-0.014973402987535356,-0.037421548847318076,-0.005260149316033247
2025-05-29,-0.007423917412914038,-0.007831584773527855,-0.018103930225998544,-0.0013662725187010283,-0.0002460219238630268,-0.03213987958501663,-0.011569567118863144,-0.034045427921937765,-0.0018579072535888086
2025-05-30,-0.008769812369773033,-0.00932863927668015,-0.019841544871951777,-0.003400955754367496,-0.0002580838818232456,-0.03119632726890509,-0.013544310237464385,-0.03562994431891131,-0.004183375947821255
2025-06-02,-0.002662678981603328,-0.004790021597881111,-0.015517535450459197,0.0,0.0,-0.03154589118531492,-0.008363155869484662,-0.031120073746242705,0.0
2025-06-03,-0.002004003905409557,-0.0033001405462521616,-0.013282918985621617,0.0,-7.474942587648581e-05,-0.030028837504409878,-0.006275040582701341,-0.029456902462417056,0.0
2025-06-04,0.0,0.0,-0.010348019480523551,0.0,0.0,-0.024762061108188238,-0.00235288323121452,-0.02553884690341779,0.0
2025-06-05,-0.0019070780134319287,-0.0013987959753490875,-0.011143198806511156,-0.0013429540689581243,-0.000921996547222137,-0.027013756867449445,-0.00404249268935053,-0.027014002293120454,-0.002194649048773978
2025-06-06,-0.0021362807231645187,0.0,-0.008253201921107234,-6.073334538025943e-05,-0.003621426344564971,-0.029424416835066247,-0.0021611778170791407,-0.025604249247616062,0.0
2025-06-09,-0.00020781765589628076,0.0,-0.006338075564543022,0.0,-0.002539515400557746,-0.02791706332890964,-0.00019907859915424542,-0.023294412995218505,0.0
2025-06-10,0.0,0.0,-0.0031828109063863907,0.0,-0.0012147270160833834,-0.025143349297998663,0.0,-0.020171392918542086,0.0
2025-06-11,0.0,0.0,-0.002249177405985625,0.0,0.0,-0.022945518882017568,0.0,-0.019000440046173406,0.0
2025-06-12,0.0,0.0,0.0,0.0,0.0,-0.01877709620398238,0.0,-0.015133509492300634,0.0
2025-06-13,-0.0015683630147713679,-0.0041890984159852485,-0.004191870472391668,-0.004897053273562824,-0.00035200417434899656,-0.022903381665169142,-0.004378104783260173,-0.019617791129773576,-0.004660006094409752
2025-06-16,-0.0018766472977916893,-0.0018984861241644335,-0.0010229347308339243,-0.0030105064078257415,-0.0022050323324410703,-0.02297993587591074,-0.0016941760271638184,-0.01718792839556149,-0.001621577661031881
2025-06-17,-0.0017877954256531048,-0.003552042567868674,-0.002320611708095166,-0.004401249684372721,0.0,-0.020363804634171534,-0.0027707253679991606,-0.01868467424623299,-0.004559200786489748
2025-06-18,-0.0015067235181114302,-0.0028283948516846236,-0.0009755389861678676,-0.0034328588841570085,0.0,-0.01940937991120162,-0.0018632177119602966,-0.01779129914645894,-0.004020078495638457
2025-06-20,-0.002178475201016661,-0.003937353324738768,-0.0018918577895430388,-0.004798449381533176,0.0,-0.018917570247739435,-0.003486613358091639,-0.019132370355207984,-0.005666103239993836
2025-06-23,-0.00019291195687476392,-0.00098836666684754,-0.0001683551399004335,-0.001455555079958315,0.0,-0.017140638995718938,0.0,-0.015415039586719081,-0.001905309482505002
2025-06-24,0.0,0.0,0.0,0.0,0.0,-0.013193456112276403,0.0,-0.01103890969535437,0.0
2025-06-25,-0.0015466375460765347,-0.0021545409945220584,-0.003582358079896153,-0.002951418858757937,0.0,-0.013224118905892701,-0.0013911791345463387,-0.013974201993118274,-0.002251643037771256
2025-06-26,0.0,0.0,0.0,0.0,0.0,-0.008867354652006942,0.0,-0.008662748432662237,0.0
2025-06-27,-0.0024567086342813793,-0.0007228282244243767,-0.00016398087229019254,-0.0015009284960323388,-0.0022987587393039632,-0.010246767112448985,-0.0009728991833714007,-0.01003140551439452,-0.0010664826304398467
2025-06-30,0.0,0.0,0.0,0.0,0.0,-0.005424753992724796,0.0,-0.005653267068977064,0.0
2025-07-01,0.0,0.0,0.0,0.0,0.0,-0.005710784299413518,0.0,-0.004091400436505799,0.0
2025-07-02,0.0,0.0,0.0,0.0,0.0,-0.004763949121463051,0.0,-0.0003208120218841648,0.0
2025-07-03,0.0,0.0,0.0,0.0,-0.001260355263806301,-0.005345739757793511,0.0,0.0,0.0
2025-07-07,-0.004433819299738295,-0.005626113794989451,-0.0061516479582990335,-0.007147957265843385,-0.00353128610023401,-0.010436059929328945,-0.006596887662932205,-0.006656226183478164,-0.00672736649874961
2025-07-08,-0.005344625953663806,-0.005456670174292411,-0.005090551639489793,-0.006757765766840729,-0.004599476778668787,-0.011547572231610848,-0.006368293097489874,-0.006098247336951523,-0.006543984219453569
2025-07-09,-0.0013453747957323792,-0.0015765877317398536,-0.001323757312361451,-0.002011736646900908,-0.001731303702472875,-0.006422358390026028,-0.0015606975698542191,-0.0016853669615312095,-0.001777625667200855
2025-07-10,-0.0006340737512186001,-0.0006677918121399395,-0.00048664920491259256,-0.0009124078066804486,-0.0016084549933399472,-0.006560908506621943,-0.0005993149709134782,-0.0007807923608036393,-0.0007614018675493606
2025-07-11,-0.0014012249243054997,-0.003004989117594614,-0.0028943131059355753,-0.003864751405285749,-0.0029871080139852735,-0.010666699071414043,-0.003852104236293008,-0.003762213441167561,-0.0027152468461474344
2025-07-14,-0.0015182400993606349,-0.002263286809627285,-0.0018265620725523846,-0.0033703796679663833,-0.003607878530949127,-0.010890187916966387,-0.0032285667102012194,-0.003063738007138661,-0.0019467313882839399
2025-07-15,-0.005910576489309705,-0.00623609342075937,-0.006339273310753124,-0.008718885223414463,-0.005621242303136209,-0.014559413895114504,-0.008241148108188656,-0.00812557329289032,-0.00667994310389064
2025-07-16,-0.0029136182956684964,-0.003193950562038639,-0.0030583145466914763,-0.004808700513790898,-0.004313505783564153,-0.01239005100454249,-0.004752800712698901,-0.004271138469574498,-0.0029691717000569495
2025-07-17,-0.0003782963987730703,-0.00012385279865245735,0.0,-0.0012205721254445745,-0.0035186256165999907,-0.010194057327492345,-0.0013437306228918366,-0.0010288796352790897,0.0
2025-07-18,0.0,-0.00012072501345994358,-0.00020051529152309566,-0.0012115760245173801,-0.0025805355788923734,-0.008846408626250635,-0.0013965858191699043,-0.0010709478702196629,-0.00024821966869503775
2025-07-21,0.0,0.0,0.0,0.0,0.0,-0.005594705426564595,0.0,0.0,0.0
2025-07-22,0.0,0.0,0.0,0.0,0.0,-0.0037026728145989063,0.0,0.0,0.0
2025-07-23,0.0,0.0,0.0,0.0,-0.0015894772835302051,-0.0043226879547272334,0.0,0.0,0.0
2025-07-24,-0.00258040712499219,-0.0021080919823641686,-0.002119915791997884,-0.0032420095492790013,-0.0024251839816710197,-0.005351219628749848,-0.0025571637981287587,-0.0029576657852341537,-0.0028079210228936224
2025-07-25,-0.003256287128247326,-0.0016124533468030444,-0.0019608200727763148,-0.0033152948378405434,-0.002065701079762561,-0.0032505758025331843,-0.002347437906388028,-0.002729774302675403,-0.0031468169369439636
2025-07-28,-0.005732934210389562,-0.004190205533930458,-0.003956240390700416,-0.007005039762377763,-0.003064270312898909,-0.004337569852594925,-0.005510823420162847,-0.006292591785223456,-0.005987933943219725
2025-07-29,-0.0019937764739140773,-0.001356292843127771,-0.0007305440004007346,-0.0028505573040055188,0.0,0.0,-0.0018154755107128162,-0.002825126509239828,-0.0035376301086028628
2025-07-30,-0.007408226049191224,-0.005313114212619707,-0.004284076728695574,-0.008475681525962231,-0.0025453018034998776,-0.002801416045416505,-0.007079278757481933,-0.007900039090892541,-0.008618276630539268
2025-07-31,-0.009764168253255323,-0.008682829291338345,-0.00849743253155888,-0.01251144852537145,-0.0023735976251499924,-0.0035736030498934035,-0.010615764592541543,-0.012324705261696156,-0.012701010678786928
2025-08-01,-0.009719126596804517,-0.012130774052949045,-0.014033857069928657,-0.014989871141962041,0.0,-0.0011909073530065317,-0.013068096011335295,-0.015209385523834107,-0.017872243631612328
2025-08-04,-0.003369183329217651,-0.004557630118805167,-0.006465999243673193,-0.006681573945559904,0.0,0.0,-0.0039593502641461775,-0.006563387666006837,-0.008134021396597246
2025-08-05,-0.0037009277884961778,-0.005324433473565926,-0.0074249779835952046,-0.0070766173143862465,-0.00015279738167606194,-0.0010358818033975314,-0.004626346737887088,-0.007210744417247117,-0.009464269814203452
2025-08-06,-0.0035303011704965748,-0.003690762175179052,-0.0059293255463095385,-0.006066929481716055,-0.0005464944139599304,-0.0004013543717575896,-0.003822219732961263,-0.006168650714812984,-0.0068752340802742395
2025-08-07,-0.0015075857605739706,-0.002024854807093024,-0.0043853252573791135,-0.003856430124505761,-8.714062013159829e-05,-0.0009049960494373899,-0.0021183111931736276,-0.004385611194439254,-0.004251595340743819
2025-08-08,-0.0012330113592606828,-0.001039773674176292,-0.0035297781291872,-0.003324071432575959,-0.0006062478381115843,-0.0012592279242220616,-0.0015940382367940487,-0.0036860012788680896,-0.0021285876189377495
2025-08-11,-0.004065990504293349,-0.0028999554209332423,-0.005032106048176388,-0.005721210833597223,-0.0012874480769944352,-0.0010265060541004845,-0.00356668412989547,-0.005928564171485018,-0.00522100420700744
2025-08-12,0.0,0.0,0.0,0.0,-0.001197923696985348,0.0,0.0,0.0,0.0
2025-08-13,0.0,0.0,0.0,0.0,0.0,0.0,0.0,0.0,0.0
2025-08-14,-0.0031904921770696815,-0.0033044879917694114,-0.0032633940436356257,-0.004318529836312979,-0.0017913327242395916,-0.002815289952082245,-0.003806070378639892,-0.0038593724803526186,-0.0035809109681144147
2025-08-15,-0.003950746914686554,-0.0042592924376301244,-0.004263091510460337,-0.0052396758661784615,-0.0029586793504227105,-0.004942258755108675,-0.004760066619147518,-0.004753471571067425,-0.004610451439673646
2025-08-18,-0.004985846488735901,-0.004758673031828753,-0.004709635427460945,-0.005886858735241418,-0.0035389849812067498,-0.0059768638702769605,-0.005448934103490011,-0.005465351981194688,-0.005082008922506542
2025-08-19,-0.006370470331208078,-0.006579336295502891,-0.006816073170338943,-0.007642517927454073,-0.0035941003163501017,-0.00626472468262862,-0.006917025643388253,-0.0070050045517831006,-0.008808185667089075
2025-08-20,-0.0044848579356639995,-0.006081785800149508,-0.006289327876821349,-0.006169169663173268,-0.002155010359452536,-0.005716571769601386,-0.006011913786282297,-0.005862647504319418,-0.007938739572857734
2025-08-21,-0.006250246395161252,-0.00816378424787545,-0.007824274225431749,-0.008551670540496215,-0.003475529975489944,-0.00843635177851354,-0.008455773036896042,-0.008319311792042483,-0.0104259308593595
2025-08-22,0.0,0.0,0.0,0.0,0.0,-0.00011576191148265913,0.0,0.0,0.0
2025-08-25,-0.0029038722624836755,-0.003059484414280056,-0.0028559697769926506,-0.004120676916729238,-0.0009122751137955465,-0.0022718407468370616,-0.0035609037365706975,-0.0034541788384283567,-0.004086960492785119
2025-08-26,-0.00124938447628542,-0.0018784677692101903,-0.0021592909075567324,-0.00289793692478002,-6.202448660286297e-05,-0.000855671376847944,-0.0021130890566781746,-0.0022349572864390765,-0.002163188546969508
2025-08-27,0.0,-0.0008588883824681703,-0.0009043114855582512,-0.001736846369185474,0.0,0.0,-0.0009599401126036966,-0.001127652345574992,-0.0007714230522780641
2025-08-28,0.0,0.0,0.0,0.0,0.0,0.0,0.0,0.0,0.0
2025-08-29,-0.0011541190063785178,-0.0024955408109098576,-0.002431026725623897,-0.0024704813933640324,-0.0008149789696351162,-0.003396843145540007,-0.00276343606450824,-0.002539908414435965,-0.0028771135836159756
2025-09-02,-0.001482315940452783,-0.004858818663533326,-0.004620506746592312,-0.004421717657281055,-0.00020339691920367997,-0.006270027678922152,-0.006027522485263503,-0.00515997366927845,-0.004363572471709154
2025-09-03,0.0,-0.0018814108287348308,-0.002567678421004138,-0.0010840671700207416,0.0,-0.001911792045338645,-0.003045624802961777,-0.0019447737663882414,-0.000818476454967354
2025-09-04,0.0,0.0,0.0,0.0,0.0,0.0,0.0,0.0,0.0
2025-09-05,0.0,0.0,0.0,0.0,0.0,0.0,0.0,0.0,0.0
2025-09-08,0.0,0.0,0.0,0.0,0.0,0.0,0.0,0.0,0.0
2025-09-09,-0.0009850786514632448,-0.0005553497579811051,-0.0003967366553522256,-0.0009529159065418957,-0.000941901505838616,-0.0013457600971465977,-0.00098056394306556,-0.0009710804066310752,-0.000347585730751665
2025-09-10,0.0,0.0,0.0,0.0,0.0,0.0,0.0,0.0,0.0
2025-09-11,0.0,0.0,0.0,0.0,0.0,0.0,0.0,0.0,0.0
2025-09-12,-0.0007029587157710848,-0.000995142704107388,-0.0007555961546977796,-0.0014578156272774256,-0.0004481700481281381,-0.0012950195859366964,-0.0011377135002249572,-0.0013336026935493184,-0.0006008537800115121
2025-09-15,0.0,0.0,0.0,0.0,0.0,0.0,0.0,0.0,0.0
2025-09-16,0.0,0.0,0.0,0.0,0.0,0.0,0.0,0.0,0.0
2025-09-17,-0.0026156392269289785,-0.0017166718438363926,-0.0017843985840838572,-0.0022632916803617675,-0.0016358434308045844,-0.002124256267962643,-0.0020189438575131113,-0.0020865246674480753,-0.0024064611644868394
2025-09-18,-0.0008240803482602033,-0.0003849018825580197,0.0,-0.0005780322682228389,-0.003099153082876005,-0.00306930553737228,-0.0004941775515484581,0.0,0.0
2025-09-19,-0.0008178913914818065,-0.0006214224663156909,-0.000789420242411687,-0.0013053428347328255,-0.0027048998415756254,-0.0031115838716662125,-0.0008691218944719692,-0.0005480747526511731,0.0
2025-09-22,0.0,0.0,0.0,0.0,-0.0018817546177682942,-0.0033671572740298084,0.0,0.0,0.0
2025-09-23,0.0,0.0,0.0,0.0,-0.000220252288096634,-0.0020237408502554732,0.0,0.0,-7.103231858374137e-05
2025-09-24,-0.0036226366894432926,-0.0031490488241047165,-0.002858384536581604,-0.0041008842994989525,-0.0017517668100015538,-0.0044436237824008185,-0.004073227582868211,-0.003935286217308098,-0.0042740694657917855
2025-09-25,-0.004759489378843407,-0.005182573580729932,-0.0049611259705005795,-0.0065951272694660945,-0.0018482917700615165,-0.006285552540707284,-0.007019008983163211,-0.006819678576325927,-0.006827779105521459
2025-09-26,-0.001388139860912685,-0.002490140424916687,-0.002115065958100071,-0.003102644957219569,-0.00104486566161055,-0.0049557393806246575,-0.003722913689163665,-0.0033357476233879524,-0.0027768691011182955
2025-09-29,0.0,0.0,0.0,0.0,0.0,-0.0021678755128915483,-0.00010910099566507903,0.0,0.0
2025-09-30,0.0,0.0,0.0,0.0,0.0,-0.002562052167994766,0.0,0.0,0.0
2025-10-01,0.0,0.0,0.0,0.0,0.0,0.0,0.0,0.0,0.0
2025-10-02,-7.777703660283297e-05,0.0,0.0,0.0,0.0,0.0,0.0,0.0,0.0
2025-10-03,0.0,0.0,0.0,0.0,0.0,-0.0011756913056757412,0.0,0.0,0.0
2025-10-06,0.0,0.0,0.0,0.0,0.0,-0.0020239154354291244,0.0,0.0,0.0
2025-10-07,-0.0005598433641595957,-0.0014058520681791142,-0.001978450737959103,-0.001806680675900063,0.0,-0.0011695234835532586,-0.001699582070422423,-0.001818615946589941,-0.002394893316640556
2025-10-08,0.0,0.0,0.0,0.0,0.0,-0.00013399639401767693,0.0,0.0,0.0
2025-10-09,-0.005327201824964378,-0.004244556155054258,-0.0039839776810172145,-0.005716777405751383,-0.002173907120532559,-0.0022568733796989315,-0.004806784520962282,-0.005172641565033054,-0.006073616301882079
2025-10-10,-0.01328068382777059,-0.015151626913318506,-0.017385228261362462,-0.018284539779797715,-0.001422259244865498,-0.005543311523585448,-0.014731648807950859,-0.01921048095166611,-0.021955505416868415
2025-10-13,-0.0028666076522364525,-0.004918595320836827,-0.007034958892073728,-0.005659345336358035,0.0,-5.357240013237341e-05,-0.002154468675300114,-0.006002622250080414,-0.007178245977656927
2025-10-14,-0.0013984606758429274,-0.004485716250475447,-0.006783416768459283,-0.004145683999349448,0.0,0.0,-0.0007663538368724021,-0.0046580870879990854,-0.006274743639145708
2025-10-15,0.0,0.0,-0.0022539134715097164,0.0,0.0,0.0,0.0,0.0,0.0
2025-10-16,0.0,0.0,-0.003219842224333802,0.0,0.0,0.0,-0.0007218953225847091,-1.4259830545704233e-05,0.0
2025-10-17,-0.0020058440045575,-0.0004890213490454931,-0.0027588868535243227,-0.0007235625407661095,-0.0013786842189154047,0.0,-0.0006466157454844135,-0.0006577135208989393,-0.0008823153602207645
2025-10-20,0.0,0.0,0.0,0.0,0.0,0.0,0.0,0.0,0.0
2025-10-21,-0.011405151134048053,-0.006016150210747528,-0.003769955265012226,-0.00795398430876415,-0.004195291982826754,0.0,-0.007478353211779143,-0.007267560940319662,-0.011062543560189653
2025-10-22,-0.012111955518373962,-0.006999746580469535,-0.004558864837165388,-0.008870874442487686,-0.00371845719038455,-0.00028864343138512716,-0.008349196316367546,-0.008323379064030134,-0.013249328109696812
2025-10-23,-0.007692866732736836,-0.003958956606906039,-0.000881245428095756,-0.004610381502090144,-0.003357511441902661,0.0,-0.004926707240471617,-0.0045803230639587245,-0.007878104956586696
2025-10-24,-0.004871268327151568,-0.0008892245744946958,0.0,-0.0008821673796923779,-0.002641582522027286,0.0,-0.0014364079652787742,-0.001113814548694303,-0.003478619420707485
2025-10-27,-0.005334094524563127,0.0,0.0,0.0,-0.003325059201561009,0.0,0.0,0.0,-0.0006049909966782119
2025-10-28,-0.007979857924360512,-0.0012340128107350967,-0.001985468778752719,-0.0024355673620882756,-0.0036141080094889144,0.0,-0.0018180776602692017,-0.0024030101761252087,-0.0021711984439010124
2025-10-29,-0.011094703827536967,-0.00466643328980354,-0.0057004617347098385,-0.006843921839081668,-0.005865301859905192,-0.003951950372047097,-0.005860499495525584,-0.006877071704911253,-0.004922793524990254
2025-10-30,-0.011729623985903048,-0.007563403386487311,-0.009471760859507516,-0.010056801364976664,-0.006278919289832818,-0.008445266006113172,-0.00927910659202491,-0.010183908545166931,-0.00857140606322615
2025-10-31,-0.010754569327612207,-0.006946155609495186,-0.008079082352141276,-0.009503604817729716,-0.006714000574699175,-0.008498052920308807,-0.008597890945974185,-0.009486330177697289,-0.00752103227877976
2025-11-03,-0.00978184551266248,-0.006271706170882352,-0.007230809039374342,-0.008748400174756199,-0.006799974752269566,-0.009239286858989004,-0.00818098683606272,-0.008971235939450484,-0.006036009451182323
2025-11-04,-0.01779782070253333,-0.012424083913468498,-0.013366602976274233,-0.016668382220887512,-0.008456110302177078,-0.011266760947512,-0.015581946228072852,-0.016427615192916578,-0.01672549190574313
2025-11-05,-0.014358105928599985,-0.010964455263676731,-0.011871836237981936,-0.014090429007274974,-0.009250175583501608,-0.013339995912858726,-0.012582274491943601,-0.01328733207581656,-0.012443339064594938
2025-11-06,-0.018425084542069814,-0.013827144999159713,-0.015370251451318762,-0.01752247642416227,-0.007968855094707128,-0.012221307146870641,-0.016564909556374685,-0.016703828454186276,-0.018511289293074662
2025-11-07,-0.016076388515255058,-0.012557338068771573,-0.013774965429680153,-0.015490398020345686,-0.0077053752620596105,-0.012546235030048702,-0.014113182802195645,-0.014632792734215472,-0.016647878570618002
2025-11-10,-0.006145854707273024,-0.004936836793528965,-0.006865743939624913,-0.0059872797561476565,-0.004431169452082662,-0.008661759712901396,-0.00472740830260332,-0.0058109890382800344,-0.004083514088984552
2025-11-11,-0.003471368715411205,-0.0023606347840503528,-0.004082870290286311,-0.0024070946514523905,-0.0026502071317758835,-0.006002062875356873,-0.0017087566699467427,-0.0028109163870526643,-0.0012977734629705528
2025-11-12,-0.0027615185842375656,-0.0024840767301218536,-0.005646741986077175,-0.002415419778865613,-0.0019171197974781062,-0.006941903493255852,-0.0022292749158959735,-0.002903805952542804,-0.0004166087609086544
2025-11-13,-0.012552072060307728,-0.011408804562628383,-0.014811727942427577,-0.013492228315057475,-0.005261947030031355,-0.013735218315764186,-0.013015127943057925,-0.013227693695284759,-0.012864766859011056
2025-11-14,-0.014936198282206936,-0.012699011572018915,-0.015019779785617415,-0.015334331448648708,-0.007291880632017356,-0.015120292194206852,-0.014289270933680154,-0.014492430193632999,-0.015121295120397615
2025-11-17,-0.021060989083185655,-0.017469393614422457,-0.019848269910933136,-0.021982698624312014,-0.008165505943641183,-0.016412218892189245,-0.020658931208713094,-0.02137906322987948,-0.02297183471306674
2025-11-18,-0.021121094704318777,-0.018746852922986612,-0.020862838894030067,-0.02311681996665893,-0.007490292342905991,-0.016972455394897112,-0.022711942832448373,-0.023072339665587194,-0.025232302199187373
2025-11-19,-0.02149123570840228,-0.019418669396105814,-0.022296443179348424,-0.024358522704844066,-0.00776341580880846,-0.017062492017889785,-0.023712576611561564,-0.024040718907129333,-0.02535217156078906
2025-11-20,-0.02830690865320129,-0.025765611364606866,-0.02891340148883681,-0.03184406107614479,-0.008237038792531237,-0.01942170690642575,-0.03167414331916363,-0.03181914695105004,-0.03509559788378447
2025-11-21,-0.02279689513693517,-0.020711674729143925,-0.023490946528524126,-0.025206548841988585,-0.006953232056651215,-0.0156522147698418,-0.02400597094777912,-0.024853298684941794,-0.028489502846175574
2025-11-24,-0.013712708131234708,-0.013138298792614744,-0.016737467090260805,-0.016496345498806075,-0.0034860684640781736,-0.009958660612923942,-0.015422877542586533,-0.01657212797136476,-0.017383934142305435
2025-11-25,-0.009325026933003633,-0.008928050984888358,-0.012500783103401192,-0.010938432193576708,-0.0023038819284662004,-0.006663373157443586,-0.009964930241869174,-0.011550387339236745,-0.011668687712430237
2025-11-26,-0.0037215681349894725,-0.0040138626802043165,-0.007785628672545397,-0.004718625130804788,-7.416407177274209e-07,-0.0032518794716103194,-0.004259994601609307,-0.006115810724552473,-0.004863882939669439
2025-11-28,0.0,-0.0010834783082400712,-0.0050074920721155936,-0.0009488878291997738,0.0,-0.0027117941507537324,-0.0006884509070979039,-0.0029411954377266403,0.0
2025-12-01,-0.002844461528017539,-0.004984247211865522,-0.00923384571593766,-0.0055513321702416185,-0.0020885417616105517,-0.0075034967434221,-0.005559251510852348,-0.0074595986727648,-0.0035644774121444955
2025-12-02,-0.003003693781483796,-0.004532651359334228,-0.008790908355144178,-0.005468030659036671,-0.0021514193420056893,-0.006355370039911712,-0.005277788862820265,-0.007386472912432662,-0.003055323666002696
2025-12-03,0.0,-0.0015644619831913786,-0.0056182575446142025,-0.0017740474949412555,-0.0010238585946619194,-0.004007592191437426,-0.0016858110478875643,-0.004099431059793712,0.0
2025-12-04,0.0,-0.0016766975693069952,-0.005587881311747034,-0.0015799527853145312,-0.001754853230877873,-0.005339716670422212,-0.0016365182823870894,-0.0040288018161936945,0.0
2025-12-05,0.0,-0.0013693804217354,-0.005037926671899395,-0.0011829211766045677,-0.0022303665911889148,-0.005868275938376022,-0.0014665666211060024,-0.003769747652574651,0.0
2025-12-08,-0.0027938964645886077,-0.0042735238233443384,-0.008319405644922395,-0.004724452035453353,-0.0038134075767262132,-0.008679352280273389,-0.004549817506225962,-0.006927038224045945,-0.003227618982775793
2025-12-09,-0.0024566656643443263,-0.0045664775112598255,-0.008921221246110389,-0.0050774857220297065,-0.0036659857973915244,-0.009454613403949597,-0.00496569353450671,-0.007328946997238628,-0.0030556740716528585
2025-12-10,0.0,0.0,-0.004138319596803108,0.0,-0.0014848996300335093,-0.0053488601386462165,0.0,-0.0015174900889602938,0.0
2025-12-11,0.0,0.0,-0.0032340345739817478,0.0,-0.0009425136668850254,-0.005713107340112433,0.0,0.0,0.0
2025-12-12,-0.00572201815251927,-0.006257979097277544,-0.009828533283962937,-0.007188018975205157,-0.0033773994464574297,-0.011832751582637857,-0.006875821144190053,-0.00682107683280575,-0.007814523855032007
2025-12-15,-0.006779165208056437,-0.007093657797687114,-0.010779349834290852,-0.007895881171405383,-0.003318851662992839,-0.012002690461653698,-0.007701949348878134,-0.007744860676666132,-0.009036619306725058
2025-12-16,-0.008199932982347669,-0.008241893605223316,-0.012470723331516775,-0.009756659465042561,-0.002596071670321165,-0.010829171067880283,-0.009319130451091673,-0.00945292827474653,-0.010881248911066566
2025-12-17,-0.01066235382178693,-0.010793043263803592,-0.014983219480192655,-0.012621201053499509,-0.002367925088417655,-0.013079537073279579,-0.012638497457741482,-0.012606289851855745,-0.015215594682424838
2025-12-18,-0.007736885832120066,-0.007580934974617981,-0.012054690578506388,-0.008813310615671255,-0.0010023275293423728,-0.009346507485683109,-0.008247517417296013,-0.008669431039360465,-0.010630837417270111
2025-12-19,-0.004210426753514684,-0.004658978160252847,-0.009112756570399894,-0.005323763301602891,-0.0009439436883218466,-0.008833807643576441,-0.0045860699714938,-0.005428372040442775,-0.005523995185698016
2025-12-22,0.0,-0.00044805918987733673,-0.005218697792028548,0.0,0.0,-0.007546590756208338,0.0,-0.00030058715299452476,0.0
2025-12-23,0.0,0.0,-0.0028358941828500184,0.0,0.0,-0.005876949496653738,0.0,0.0,0.0
2025-12-24,0.0,0.0,-0.0006460626546768156,0.0,0.0,-0.0028926198982907048,0.0,0.0,0.0
2025-12-26,0.0,0.0,-2.9765814914539668e-05,0.0,0.0,-0.0030925074011933784,0.0,0.0,0.0
2025-12-29,-0.007851990595660996,-0.003849208812578331,-0.00256217544509052,-0.005328423371491864,-0.0028401615716032724,-0.003133622069121378,-0.004287474212591347,-0.00449562918631452,-0.008330140960639665
2025-12-30,-0.008209637982937501,-0.003894928667614095,-0.002319940865522674,-0.005288552222435072,-0.0029417661803362583,-0.0036842476190486195,-0.004354281836400409,-0.004488491150794638,-0.008494653289775056
2025-12-31,-0.013750598907781297,-0.008994867695092501,-0.0074823167392477075,-0.011434224155943196,-0.00573881566821377,-0.008373109579991489,-0.010011916595740411,-0.010249636697679199,-0.014833684986972906
2026-01-02,-0.011657272633784466,-0.006236337829771399,-0.004695689242536272,-0.007023749372843002,-0.005464575125059046,-0.008468505432143725,-0.006696245681768742,-0.005762542473290222,-0.01073187679092491
2026-01-05,-0.0022779325073885026,0.0,0.0,0.0,-0.001263122255983573,-0.003864930887698792,0.0,0.0,-0.00019621576209272185
2026-01-06,0.0,0.0,0.0,0.0,-0.0003967691623987246,-0.003022130838706727,0.0,0.0,0.0
2026-01-07,-0.0029203914809513565,-0.0020435261561188023,-0.0022021617106722235,-0.0030205846470453546,-0.000568611516026718,-0.002534864485848387,-0.0025654252421926094,-0.0025834102300180684,-0.0034781839136910353
2026-01-08,-0.0007579189410608089,-0.000849920290893813,-0.0005373455729983379,-0.0011314448480757022,-0.0006929864672803321,-0.0038239085908162718,-0.0012100429600447882,-0.0009771647391918492,-0.001706468152476881
2026-01-09,0.0,0.0,0.0,0.0,0.0,-0.0005321015159537312,0.0,0.0,0.0
2026-01-12,0.0,0.0,0.0,0.0,0.0,-0.00040199512353689126,0.0,0.0,0.0
2026-01-13,0.0,0.0,0.0,-1.863635849796985e-05,0.0,0.0,-1.1602000532295875e-05,-7.13775423577534e-05,-0.0005721797068403145
2026-01-14,0.0,0.0,0.0,0.0,0.0,0.0,0.0,0.0,0.0
2026-01-15,-0.0003278849073223844,0.0,0.0,0.0,-0.0008633067254906202,-0.0006186776679417694,0.0,0.0,0.0
2026-01-16,-0.0011197497946224821,-0.0006662464009541402,0.0,-0.0006699550704839519,-0.002416539142886198,-0.002869368338935252,-0.0009728357271332477,-0.0004564835386037247,-0.0006784589834191168
2026-01-20,-0.0006543859728500578,-0.005895088389937797,-0.006998849731366552,-0.006589873701868254,-0.002475162358710259,-0.009673565509693116,-0.006442901355798614,-0.007126991660122983,-0.005597948945820219
2026-01-21,0.0,0.0,0.0,0.0,0.0,-0.003684691674449625,0.0,0.0,0.0
2026-01-22,0.0,0.0,0.0,0.0,0.0,-0.001674965563823072,0.0,0.0,0.0
2026-01-23,0.0,0.0,0.0,0.0,0.0,0.0,0.0,0.0,0.0
2026-01-26,0.0,0.0,0.0,0.0,0.0,0.0,0.0,0.0,0.0
2026-01-27,0.0,0.0,0.0,0.0,0.0,0.0,0.0,0.0,0.0
2026-01-28,0.0,0.0,0.0,0.0,0.0,-0.0002535888226938843,0.0,0.0,0.0
2026-01-29,0.0,0.0,0.0,0.0,0.0,0.0,0.0,0.0,0.0
2026-01-30,-0.02433825685386415,-0.012624908079748032,-0.009480801034933983,-0.016910536263665454,-0.00948777520162769,-0.003780485526647559,-0.013673074949030473,-0.014490343348261492,-0.024252704635461142
2026-02-02,-0.030095326080105234,-0.015513800839294545,-0.01192996026561055,-0.021904885225993542,-0.013903782492105998,-0.006587306351816924,-0.017969698765326392,-0.01919848933084245,-0.03010751102210274
2026-02-03,-0.023407971554725515,-0.012987853956217266,-0.010805104716605896,-0.015814587206318564,-0.008577476025057984,-0.005513584550599027,-0.012331308337974356,-0.013941257374574745,-0.022705568393146414
2026-02-04,-0.0248575046186148,-0.014534725637254442,-0.01232309676380694,-0.018367157934366163,-0.009442630429531196,-0.006932897355538592,-0.014922180381120587,-0.016565236105040015,-0.026692967183622462
2026-02-05,-0.03145277132185176,-0.018249962317172685,-0.01585145571762092,-0.025663910992415495,-0.010487168972813543,-0.005656123360606724,-0.02174980070756749,-0.023673636543928733,-0.03761430270746102
2026-02-06,-0.021767309057667217,-0.010320812336028218,-0.008199227687730404,-0.010489983872966735,-0.006628262051686207,-0.002969881096239968,-0.005527288987352219,-0.007565020365568387,-0.019710269946098147
2026-02-09,-0.01653291947636537,-0.0069453864400886856,-0.005330219045460494,-0.003799595060146599,-0.004044530018438741,-0.0016842996521825304,0.0,-0.0016700363726350753,-0.01115304937587347
2026-02-10,-0.01756329518554589,-0.006347054048292611,-0.0043912866066365686,-0.002963905225605745,-0.00321629079994068,0.0,-0.00014179237497591313,-0.0010555457320106099,-0.01244188178648653
2026-02-11,-0.01571675250446647,-0.0052933876543480585,-0.003805653985402113,-0.0007714779731501364,-0.002868177827205942,-0.00098208516424092,0.0,0.0,-0.009150697327237944
2026-02-12,-0.024347598736619736,-0.009766629619794132,-0.0076455182569145075,-0.010001793645845525,-0.0045814037229022775,-0.000124002279489277,-0.007515699544633048,-0.007995458274800193,-0.023136976780299245
2026-02-13,-0.019634871009399202,-0.006648060614044882,-0.004800250582829513,-0.003638906862350688,-0.0012775648918165183,0.0,-0.0003807347475288658,-0.0014947915971712522,-0.016162041270574967
2026-02-17,-0.023468258700309996,-0.00782265414376615,-0.0050643905122580435,-0.006561407358817828,-0.0036335269098162204,-0.0007938183392964815,-0.0047104557974714245,-0.0043783105228928365,-0.02109460117079698
2026-02-18,-0.018707461696126693,-0.005620884974895213,-0.0035176527187477102,-0.0020986412609197425,-0.001292208446626697,-0.0002237997090838162,0.0,-0.00100878142255878,-0.014544751980993142
2026-02-19,-0.018210994312609197,-0.005507159614952961,-0.003373079079501906,-0.0018155520180045404,-0.0004992596341948374,0.0,0.0,-0.0008183517535654827,-0.014582557799085905
2026-02-20,-0.013232102964811587,-0.0018500264791858623,-0.0003682530157446129,0.0,0.0,0.0,0.0,0.0,-0.006530698563657844
2026-02-23,-0.011785469200431442,-0.002775188558570174,-0.0024672541401857817,-0.0010988003618881415,0.0,0.0,0.0,-0.0007255493617847053,-0.0073501578420148705
2026-02-24,-0.01133329977735964,-0.0004475252143973929,0.0,0.0,-0.00043422494263933853,0.0,0.0,0.0,-0.004754750377738093
2026-02-25,-0.008496343906455261,0.0,0.0,0.0,-1.0035132841479388e-05,0.0,0.0,0.0,0.0
2026-02-26,-0.008071569728994143,-0.0002897979018404717,-0.00040505081429020873,-3.417593073651304e-05,0.0,-0.0001333865447521454,0.0,0.0,-0.0009075600985624099
2026-02-27,-0.006319819367318735,0.0,-0.0003596232421950729,0.0,0.0,0.0,-0.00010580636284485134,0.0,-0.0003021180341867824
2026-03-02,-0.0018198846707625504,-0.0007173302608833865,-0.0007397738734211678,-0.00019103098548434172,0.0,-0.0016742346034370748,-0.001314090397627754,-0.00030991338581898287,0.0
2026-03-03,-0.014826895498694426,-0.010374603484228806,-0.00837364242852845,-0.014332794893702205,-0.0038263548710429918,-0.0041171465594336265,-0.013827671180940082,-0.012929740354996722,-0.01712591729223545
2026-03-04,-0.009651707959980715,-0.006954816853258827,-0.004737519368667509,-0.008360638161899026,-0.0026143343516847883,-0.0026814127413022915,-0.007766307969715225,-0.007031428727997668,-0.009534266499234834
2026-03-05,-0.014189604823608537,-0.011872941352804034,-0.009095309085538794,-0.01631894227891184,-0.004331203999221378,-0.005434212738549715,-0.015336194590653718,-0.014304838204810322,-0.01743095279184248
2026-03-06,-0.014066915529569846,-0.013905733971917633,-0.01139589022926335,-0.01924000825430694,-0.0033113387210671474,-0.007267729865349515,-0.019917961641447213,-0.018482396093812414,-0.020059317904284613
2026-03-09,-0.011532182437581917,-0.009770661935581293,-0.007532310881157467,-0.013487463444146863,-0.0013799982902927832,-0.0026501899996449474,-0.013505238247659368,-0.012435466658109462,-0.01461756420513427
2026-03-10,-0.008832439208078191,-0.009892660740124515,-0.007506986131583182,-0.012831188058817888,-0.001967068628981661,-0.0055508442432057326,-0.013294850562135085,-0.012226669475653096,-0.012385047545630967
2026-03-11,-0.009035626645313544,-0.011965332395153405,-0.008858933599797059,-0.01492669725229634,-0.003998912318201153,-0.009405180401823587,-0.0156796591441265,-0.01443296328003485,-0.013355215844027768
2026-03-12,-0.016463871522043316,-0.018508632367859046,-0.013972569750541397,-0.024704729602159747,-0.006302727279707154,-0.014041154350027285,-0.026164780614467253,-0.025097224522879436,-0.02464019136599016
2026-03-13,-0.021212683122081022,-0.0219163293959318,-0.016677007838935443,-0.02938703880339244,-0.008621340285470458,-0.017121328213685394,-0.03023168375206009,-0.02974828852220135,-0.03020823466454292
2026-03-16,-0.01752634373227313,-0.016528108203481606,-0.011886923860906506,-0.02202271630219954,-0.006873683892836158,-0.012654779484529532,-0.021890290390182865,-0.021549118599415662,-0.023467119947144455
2026-03-17,-0.013955724483413312,-0.012897913773970204,-0.007363132106961823,-0.017515345086918432,-0.004972258570643762,-0.008508352883543902,-0.01780302957119062,-0.017559156013964183,-0.019369804115929146
2026-03-18,-0.023312359208171873,-0.0200303585915238,-0.013179981275252328,-0.028223018213450524,-0.00876657095937361,-0.013688572459622739,-0.029309928785772432,-0.02793300302695345,-0.031742017041536785
2026-03-19,-0.030130079633364337,-0.022163425419882365,-0.014269013924105955,-0.03195922795692463,-0.011035770873262907,-0.012922943326849623,-0.03185533475746838,-0.031933370635958136,-0.03870355970721895
2026-03-20,-0.04360181406414443,-0.03501317222753364,-0.026854044517252595,-0.05027819121726784,-0.01807978627556761,-0.0237670716427405,-0.04937890685027979,-0.05064427356386292,-0.05694309377915552
2026-03-23,-0.04425338977830506,-0.03297127491086094,-0.02491306114962899,-0.04517737039297143,-0.018774868700568326,-0.02280531867474833,-0.04365762334050638,-0.0424877661613382,-0.05387471085639639
2026-03-24,-0.0442164209387248,-0.033955899830698466,-0.025629208433310846,-0.047292287690911206,-0.019318210064647845,-0.024593732952142844,-0.04479185693425214,-0.045143521612652004,-0.05563023809112433
2026-03-25,-0.03914975787671726,-0.030332647468670038,-0.022575204282889394,-0.039089983331166755,-0.015025467039130325,-0.020710319068014238,-0.036718502282844456,-0.0361873281759707,-0.04661808070959883
2026-03-26,-0.047174378240955495,-0.036578045795361724,-0.028115916809487995,-0.05300820883849,-0.02070300499490496,-0.027386501791435758,-0.05094005799815837,-0.05014300766411217,-0.062697808663011
2026-03-27,-0.046509044684203915,-0.03837203939915301,-0.030561701458938995,-0.05524897563530651,-0.019008614127458356,-0.027732783488601975,-0.054001786120924544,-0.0545224189357687,-0.0642533909165417
2026-03-30,-0.04668576845035566,-0.037600119310855606,-0.030177066029901334,-0.05475899338424206,-0.01635839516805071,-0.02393782851435544,-0.054911022156539535,-0.05546890562893425,-0.06532801509614006
2026-03-31,-0.035914743846456765,-0.02921138860875505,-0.022096505922221787,-0.03686366880622305,-0.01162602873007712,-0.019804187417231334,-0.033997190282011314,-0.03782332150509338,-0.044461466649674986
2026-04-01,-0.03245755255769056,-0.026992769165800845,-0.02032941586578907,-0.03185028567744286,-0.010266667931593365,-0.019410184466171487,-0.030229317198176675,-0.03363600206335027,-0.03783415136932278
2026-04-02,-0.03170655505776143,-0.024809361789894013,-0.017070329606733825,-0.02994010303473038,-0.009185821544249961,-0.017155281367852826,-0.02852076402434489,-0.03194849005668521,-0.03744848100346798
2026-04-06,-0.030622482121289707,-0.023527499332655744,-0.015558058138093633,-0.02771456263694494,-0.009411802155016136,-0.018034113034980037,-0.02692363958582089,-0.030253405170505343,-0.03486833771761666
2026-04-07,-0.029701695137262174,-0.02308372364535205,-0.015220211133704975,-0.026417747648900036,-0.00846756202621557,-0.01657791749565718,-0.025576949664738446,-0.02927265453023109,-0.03330250717867911
2026-04-08,-0.02283686811485708,-0.016268463000408295,-0.007713056318992106,-0.010951049439850591,-0.006632072838021585,-0.01365237102921224,-0.01299071952153441,-0.017264647301571068,-0.016970424751690638
2026-04-09,-0.02072970395998197,-0.014727675712949417,-0.0060371123172217045,-0.008348602246292858,-0.005782983495345562,-0.01303748854207576,-0.010773679406489656,-0.014657412908675838,-0.013278708449579901
2026-04-10,-0.02138401829869252,-0.01540657737070561,-0.006608806617984353,-0.009386556240319033,-0.0069888192318599,-0.014367836164512982,-0.012722817095242478,-0.016077379301077777,-0.014066072856540268
2026-04-13,-0.017920685990093665,-0.011744867898383027,-0.002563385249724881,-0.002967576080416756,-0.00502310109061066,-0.011518907452587879,-0.007270001537892035,-0.010509658684958567,-0.007458994727429835
2026-04-14,-0.012522522788659951,-0.007289664446884059,0.0,0.0,-0.0015981553307269358,-0.008040908352498821,0.0,-0.002962884932624088,0.0
2026-04-15,-0.012027693132428352,-0.006508394154018937,0.0,0.0,-0.0024666494604161926,-0.0083458676178495,0.0,-0.002734593879675007,0.0
2026-04-16,-0.011247015266229732,-0.005822265282685701,0.0,0.0,-0.003297367588050659,-0.009111941180428351,0.0,-0.002098488304831281,0.0
2026-04-17,-0.007122299553838807,-0.0014265961602749622,0.0,0.0,-0.0006910178358241481,-0.005289612212401429,0.0,0.0,0.0
2026-04-20,-0.007261697099211317,-0.0012446889782400383,0.0,-0.000367542321200065,-0.0009335630799137684,-0.005542683956962113,0.0,0.0,-0.0010092482052903584
2026-04-21,-0.013120623786917474,-0.005816934694857445,-0.004553887828633307,-0.008767284853682278,-0.0037965877905864476,-0.008621651808487063,-0.006969199558896855,-0.0073742121643516345,-0.010053300094305495
2026-04-22,-0.008527570058421197,-0.002393702395064534,-0.0013130760534637576,-0.0023892777683175437,-0.001267824938783635,-0.005792012823614412,-0.0016608857048504566,-0.0015519354853607004,-0.0016605104503690793
2026-04-23,-0.009932456129930767,-0.003267181831615118,-0.0017782868301089438,-0.004977157293700851,-0.0022600447606432317,-0.007178464819965424,-0.003478931964447818,-0.003738948700566569,-0.00491030581934071
2026-04-24,-0.006204976635095671,0.0,0.0,0.0,-0.0007755109770737345,-0.0044651727584217316,0.0,0.0,0.0
2026-04-27,-0.007137740455086861,-0.0008594883373519435,-0.0005625301767929747,-0.0013891117536912745,-0.0018455299458601804,-0.005579578444098066,-0.001033775115019342,-0.0012876089455596818,-0.001011599478753955
2026-04-28,-0.010898025674719647,-0.002774237946897573,-0.002137756688790571,-0.004955960112116298,-0.003096317870990406,-0.00665867816672272,-0.0041769365044559414,-0.004663319162777624,-0.006447383593668032
2026-04-29,-0.011816808517618238,-0.004197176236258926,-0.0029198330502014924,-0.0075509009218682754,-0.004614929620076258,-0.008894437436604896,-0.00622431317410066,-0.007009952457685209,-0.007673270835221069
2026-04-30,-0.003634337200844384,0.0,0.0,0.0,-0.0026439497604668905,-0.005996161591170557,0.0,0.0,0.0
2026-05-01,-0.003203963414495914,0.0,0.0,0.0,-0.0021080425996999885,-0.00443018979049159,0.0,0.0,0.0
2026-05-04,-0.006990192730032985,-0.002916841899622935,-0.0017250808869341272,-0.004326989529563563,-0.004491834073025891,-0.007107368785029378,-0.003533455082293968,-0.004036858267403409,-0.004402839814983017
2026-05-05,-0.0012411656079008848,0.0,0.0,0.0,-0.0023861934991497025,-0.003568290517508954,0.0,0.0,0.0
2026-05-06,0.0,0.0,0.0,0.0,0.0,0.0,0.0,0.0,0.0
2026-05-07,-0.0036172119139422643,-0.004075246584659409,-0.004463898428167301,-0.0059986897329797895,-0.001312997064453314,-0.0033064226141230613,-0.004304077956157504,-0.004858049652699981,-0.005109206223805285
2026-05-08,0.0,0.0,0.0,0.0,0.0,0.0,0.0,0.0,0.0
2026-05-11,0.0,0.0,0.0,0.0,0.0,-0.0006708201518667023,0.0,0.0,0.0
2026-05-12,-0.0016924309268315785,-0.0027187582951418987,-0.003055264971238758,-0.004540790276587381,-0.001026503093684128,-0.002951210646734981,-0.003828402684007637,-0.0036759139141201436,-0.004388406109906429
2026-05-13,-0.0014392448418436565,-0.0015824609910789489,-0.002024838250070049,-0.0029580204340489136,-0.0015831372945895872,-0.0023680333626792116,-0.002598730599755461,-0.002225401352033085,-0.002027168771925103
2026-05-14,-0.002438128408643103,-0.001016664696035341,-0.0012297184170071418,-0.003042957008131064,-0.002025423566352713,-0.0017677951121293223,-0.002300452534148012,-0.0021962144436354913,-0.001442269816227304
2026-05-15,-0.013237732197072583,-0.011519224143455076,-0.011985681466552767,-0.01742536958096408,-0.007313763023628739,-0.009864489165307355,-0.015478642786513008,-0.015328497978697508,-0.01633100089410433
2026-05-18,-0.012403046051492006,-0.011020239038944446,-0.011700799151731056,-0.01621235711508462,-0.007188753311530904,-0.01066059336380154,-0.014665215448368074,-0.013745549098719168,-0.015531949040162973
2026-05-19,-0.01590288229433634,-0.014015886645294517,-0.014255614887088264,-0.021613560824865652,-0.009862401670613807,-0.014186203742654446,-0.019976696514333758,-0.019415877096597645,-0.021466956718119823
2026-05-20,-0.010270270160655515,-0.0077487268268569,-0.007932159963356167,-0.01159478015610338,-0.006313782937988344,-0.008218474053058977,-0.01001423714033256,-0.008733245641149856,-0.011196154904910549
2026-05-21,-0.00952809886132533,-0.006619988563971613,-0.006605005461012281,-0.009180669853196766,-0.005789995355511834,-0.00779909805693435,-0.00835592183357503,-0.006810284551265089,-0.009088810676865622
2026-05-22,-0.009736537269689927,-0.005729370000855494,-0.005310789180816289,-0.00838271761430287,-0.0054467356245765375,-0.006807480647118891,-0.007587253213760636,-0.005838065673284376,-0.008477820638920441
2026-05-26,-0.006101241644062005,-0.0007439094506850319,0.0,-0.0003397612767133129,-0.003998612312166361,-0.0031468544258618225,0.0,0.0,0.0
2026-05-27,-0.009708888910212266,-0.002530384828840493,-0.0015319611554196477,-0.0033639316429953103,-0.005247538933894291,-0.003646170908674473,-0.0042720665481419395,-0.0028319795318981766,-0.0037987436881424808
2026-05-28,-0.0059744116327635766,0.0,0.0,0.0,-0.002749902531169468,-0.0003452247989830237,-0.00025349471930524725,0.0,0.0
2026-05-29,-0.0055820619961359785,-0.00028754448714696235,-0.0011487995448009602,-0.00012270859910457066,-0.0019059612593718134,0.0,-0.00037125269338045275,-0.00010180837552820066,0.0
2026-06-01,-0.005505771322738995,0.0,-0.0004771853966807349,0.0,-0.0021177123761878525,0.0,-0.00020574854622934513,0.0,0.0
2026-06-02,-0.0025909706415206957,0.0,0.0,0.0,-0.0012585431310958572,0.0,0.0,0.0,0.0
2026-06-03,-0.0061860666510411555,-0.0035850631520768506,-0.003502351570894402,-0.005149621234959101,-0.0029410543712107273,-0.0028217407281643236,-0.004646723178437728,-0.004615353188987759,-0.0053545470080479385
2026-06-04,-0.004534556466975648,-0.0017159163918694098,-0.0016101220023478913,-0.002627489530340865,-0.0021747716919573445,-0.001963646086469817,-0.002150979435159406,-0.0017981690014124974,-0.003569672221652165
2026-06-05,-0.024804230186322718,-0.019407750118900613,-0.018931761538364067,-0.025325706365585066,-0.009040636972835747,-0.012937952774786265,-0.022886302580673368,-0.022312342031776122,-0.03184147764326117
2026-06-08,-0.02265481971423733,-0.017902954853724395,-0.0173709275199051,-0.021932464292686915,-0.008701264429348265,-0.012763719145999275,-0.019807472331771714,-0.020404794147137473,-0.02650588500636919
2026-06-09,-0.02463246127612717,-0.01800254803237611,-0.01664597359098796,-0.02225732464001018,-0.009371608027710199,-0.012379171337630668,-0.02069112709668275,-0.021268955704837444,-0.029668398398700613
2026-06-10,-0.031074757243513274,-0.022859767628348737,-0.02051864055733088,-0.03225245360026174,-0.01344844549355817,-0.014790012908387218,-0.03243234372147341,-0.03179861807577333,-0.04280482058826052
2026-06-11,-0.02215126845947435,-0.014380475256701719,-0.012203759450026608,-0.01537186299616744,-0.007463439064332444,-0.00799343034605926,-0.0143714945464809,-0.013513313862204335,-0.023524221889877128
2026-06-12,-0.021475296086073126,-0.01316895832100018,-0.010837316618524384,-0.013491389263598608,-0.00799879564195305,-0.008820849269244091,-0.013451003182982646,-0.01265366065614204,-0.02090761944039521
2026-06-15,-0.016451182905487527,-0.008611134078325922,-0.006956812644965393,-0.004805570002469062,-0.005496572823527224,-0.00617770579814525,-0.005486981199782637,-0.005212619660539208,-0.008108380738064525
2026-06-16,-0.01885973676925201,-0.010712886528270404,-0.009304357471509817,-0.008499727497367271,-0.0053259611226526005,-0.006359707577629159,-0.008219306795704151,-0.008436833122189347,-0.014131203058511455
2026-06-17,-0.02414363601256375,-0.015185137236517932,-0.013557143428092333,-0.016889499965874966,-0.008400554959582918,-0.01068098592313127,-0.01796115674714216,-0.01686909984150642,-0.023739991837644858
2026-06-18,-0.020401153931708604,-0.010604249469662208,-0.008243043839895381,-0.008597044501110651,-0.006616380764148055,-0.006805326390978861,-0.010475928946061752,-0.008355519549282375,-0.013699017911089295
2026-06-22,-0.021018103156468237,-0.011020276041771027,-0.008113768723727821,-0.009266528751907144,-0.008836868799685371,-0.009476281097277606,-0.011589883416085245,-0.009583467756910324,-0.014459132912868267
2026-06-23,-0.028079075509947038,-0.016325675488862323,-0.013263629056720183,-0.021449884241828587,-0.011202737372240645,-0.011514800228549449,-0.02150970935902874,-0.020191013481767328,-0.030907790556227832
2026-06-24,-0.03197577150376474,-0.01668720351071762,-0.012707596791844966,-0.024003871571277147,-0.011856499150198152,-0.009124040587281779,-0.023152115983473887,-0.022760428600138827,-0.03574951114651226
2026-06-25,-0.02813768490021651,-0.014188700807535648,-0.010152438229687921,-0.01852456521341006,-0.010043359273223307,-0.0073917445192364095,-0.017935204288965556,-0.017735378351474318,-0.029499348403800196
2026-06-26,-0.029081153850917474,-0.015005377215854265,-0.010851119167990975,-0.020164619053301358,-0.009931712846989238,-0.00723444951032548,-0.018397148125823604,-0.01902863035545388,-0.03254915461046426
2026-06-29,-0.027471079591712133,-0.012698912677717833,-0.008707700468615909,-0.017135921344448857,-0.009562579077575961,-0.0053544440573729535,-0.016263472597137674,-0.016217507803521047,-0.02728871650009812
2026-06-30,-0.026049515608650653,-0.01268190755454246,-0.008818062521096404,-0.016244121475792572,-0.011087650099230517,-0.00723373458633314,-0.01655898021480151,-0.015552364820898501,-0.02329557733048504
2026-07-01,-0.028539224748026726,-0.015394016114961606,-0.012008873313677726,-0.021668655872517983,-0.012418212620933677,-0.010112159460546,-0.020927105164718407,-0.02042114337687695,-0.029334823214653305
2026-07-02,-0.02694914132482129,-0.014940491697474134,-0.012424597815356875,-0.020193516956672042,-0.010870066409463974,-0.010301667644501467,-0.019681830008321133,-0.019134089878195648,-0.029345734764345655
2026-07-06,-0.021452695848245495,-0.01131246279030762,-0.008899367272167447,-0.013061048021996813,-0.008805272790606278,-0.00777832827648639,-0.013645382957371055,-0.012846820416012372,-0.020580814720440155
2026-07-07,-0.025835324945527205,-0.01560031341264867,-0.01300091008297144,-0.019941325427032863,-0.011844288677355763,-0.01278610465240304,-0.01944392896118019,-0.01906617693408863,-0.028693439219716232
2026-07-08,-0.02692382136433491,-0.017341169674296886,-0.014744942879946987,-0.021962549278844667,-0.012361616955686938,-0.013481226737300123,-0.022150898200623548,-0.02186816499329003,-0.030333154506304916
2026-07-09,-0.022577383972530618,-0.013454819308917565,-0.010743106294312632,-0.016925713851408064,-0.010905889375536049,-0.011111879706833139,-0.01674394184410144,-0.016799693131169136,-0.02349991487085923
2026-07-10,-0.022563168431649405,-0.013121328566936596,-0.010616839860636662,-0.016757256620269945,-0.011329432470730816,-0.011505501066940815,-0.016793838615725032,-0.016865559621623394,-0.022904662955797628
2026-07-13,-0.028268391100657042,-0.01809578884216989,-0.01446469967308639,-0.024098220582405294,-0.01393164741944064,-0.014875851065212942,-0.02396617990466443,-0.023679953991518676,-0.032194385393667924
2026-07-14,-0.02251631387019426,-0.014182313666745827,-0.010718123956030334,-0.01813809169423508,-0.011466828797174089,-0.011634798331832785,-0.01875760842919505,-0.017944098640753747,-0.025217784000415078
2026-07-15,-0.020746393206016123,-0.012469238334611554,-0.008822989934580527,-0.01575466870894149,-0.010282269320307624,-0.009311711824888658,-0.01652111181824223,-0.015998005431429818,-0.02333573736079475
2026-07-16,-0.0267287302183421,-0.015167722606925338,-0.01076648227010224,-0.02085329549239745,-0.012658620244422658,-0.01178862690557636,-0.020737299032745793,-0.02040646597486928,-0.030799918431971496
2026-07-17,-0.026949763519845793,-0.016851722873107544,-0.01239841546959597,-0.02232536128039253,-0.011277584064447344,-0.012243487020179522,-0.022254690720718617,-0.022635539088167733,-0.03376602444799903
2026-07-20,-0.028035167769280167,-0.018682386359078595,-0.014173880463677624,-0.024425442814613674,-0.012551089013793315,-0.014405995217618872,-0.024442257296590997,-0.02483774455629717,-0.03518963752442417
2026-07-21,-0.018848264199305187,-0.012887954334613982,-0.008173747455518798,-0.015463093708689035,-0.010709224251069016,-0.013110689825060029,-0.016045258421373387,-0.016512736781460036,-0.023749208200114946
2026-07-22,-0.018050329365683515,-0.014180581758406752,-0.010161864425466738,-0.016372350791889256,-0.010344252070833115,-0.014604869235090634,-0.016468917162590135,-0.01740210837618117,-0.024337493085802908
2026-07-23,-0.02427796225968859,-0.019205928566667585,-0.013838963660010695,-0.022753106824065616,-0.012819264547028641,-0.018646558401582802,-0.022817934198762768,-0.023799180344860615,-0.03268495212752476
2026-07-24,-0.025305483980695875,-0.019164706764869033,-0.01414759108406971,-0.023558246297982977,-0.01291373633431947,-0.01913838598985973,-0.02353563668301828,-0.024617549585204013,-0.03473541383873502
2026-07-27,-0.027623972896591464,-0.01993739870745026,-0.015855248365840846,-0.024149366268392702,-0.01270143905955834,-0.019170604770463062,-0.02338220566243876,-0.02463631461968352,-0.036084722122064705
2026-07-28,-0.03207822785272685,-0.021391935387309324,-0.017026517058741364,-0.02709100806126763,-0.013059149402449899,-0.017930518171328402,-0.026780610306343378,-0.027244886645920174,-0.04057354250609557
2026-07-29,-0.03438149538660262,-0.026768572135213886,-0.022534516770244206,-0.03326173149754186,-0.015006598189543863,-0.023728531269947895,-0.03254299979781461,-0.033997482733926776,-0.04725505952400966
2026-07-30,-0.02432750850937493,-0.019152638359774876,-0.015735930939081655,-0.022105763364121067,-0.012591050956676897,-0.019303451138585337,-0.02216312000136511,-0.021895794811152114,-0.03298594129213439
2026-07-31,-0.0255077028430597,-0.019694803332204636,-0.01632080157923932,-0.02342890909338391,-0.014201019186451447,-0.019811461396597174,-0.023598336034681533,-0.023623597686103892,-0.03341200455674265
2026-08-03,-0.022980188179457794,-0.016075662218370868,-0.012630089640754516,-0.019352999272795657,-0.013247255602890196,-0.016324488372774892,-0.019567629160771594,-0.019040569465672452,-0.027811540349051977
2026-08-04,-0.015952738755955487,-0.008576647467463783,-0.005439837332641639,-0.009903516498740106,-0.010475846716413773,-0.009665744288247624,-0.011865245150991632,-0.010063286305470376,-0.015670179260792505
